source,row_id,path,raw_row,start_sample,raw_record_sha256,device,environment
S1,0,ieee_dataport/LoRa_RFFI-main/LoRa_RFFI/dataset/Test/dataset_residential.h5,5,,24a8ad15126be34b0f84300b41c5ffb6538891ad9080d9a7b4bf2a7cae428645,31,residential
S1,1,ieee_dataport/LoRa_RFFI-main/LoRa_RFFI/dataset/Test/dataset_residential.h5,22,,a459aeb601bd19069a4ae50e4275c8eeb2a880ddb425adae585c2e6b4b0cc225,31,residential
S1,2,ieee_dataport/LoRa_RFFI-main/LoRa_RFFI/dataset/Test/dataset_residential.h5,28,,77de32a4e1a7c4a35aa52e0944d1d584e07719456a0fdcbe7eb944921ddb67e5,31,residential
S1,3,ieee_dataport/LoRa_RFFI-main/LoRa_RFFI/dataset/Test/dataset_residential.h5,32,,b449d11cd82abe0c2d710bb0e5c0ce9bdc65ba33de536e554f2a7ce7ff670263,31,residential
S1,4,ieee_dataport/LoRa_RFFI-main/LoRa_RFFI/dataset/Test/dataset_residential.h5,33,,bf0309f6fa7e5100466f54522d5e1abc8aa9509c061d61ea458211ae3d87388c,31,residential
S1,5,ieee_dataport/LoRa_RFFI-main/LoRa_RFFI/dataset/Test/dataset_residential.h5,55,,b60f55343bc80a42c63ff16b351ec4e549078ba0b64d8fba4bc9bc6122e79685,31,residential
S1,6,ieee_dataport/LoRa_RFFI-main/LoRa_RFFI/dataset/Test/dataset_residential.h5,62,,18e36e28e1ddcbfe2dbea4afdb7b9f8b427f3888662013fc25fc10fc7d131045,31,residential
S1,7,ieee_dataport/LoRa_RFFI-main/LoRa_RFFI/dataset/Test/dataset_residential.h5,65,,801fae5ccd21de4114e664e9b6885d90f93ddbf15c3efcdde612f7fb3d2d9666,31,residential
S1,8,ieee_dataport/LoRa_RFFI-main/LoRa_RFFI/dataset/Test/dataset_residential.h5,68,,77191ed53d87c3f3b63dc6e11bcb7938377ecdc554c65bb9e1ee6e0d64176e8c,31,residential
S1,9,ieee_dataport/LoRa_RFFI-main/LoRa_RFFI/dataset/Test/dataset_residential.h5,74,,2a47e4e3086539ec204fa6902a74b44ea79dc49d91d0981c62388a2b3d4575cd,31,residential
S1,10,ieee_dataport/LoRa_RFFI-main/LoRa_RFFI/dataset/Test/dataset_residential.h5,81,,06b743d7dcc59c2cef0195b2f5f19968a4b8f3114b0a6fc2d2390bee6870b37b,31,residential
S1,11,ieee_dataport/LoRa_RFFI-main/LoRa_RFFI/dataset/Test/dataset_residential.h5,86,,e87925ba51d368b57d432854afa76fecd9a305de0bc295dbf834ad0719834746,31,residential
S1,12,ieee_dataport/LoRa_RFFI-main/LoRa_RFFI/dataset/Test/dataset_residential.h5,91,,9d278be0e4e60f72f25d8915853a5d8113276625eab13e8aa98b1244f34946bc,31,residential
S1,13,ieee_dataport/LoRa_RFFI-main/LoRa_RFFI/dataset/Test/dataset_residential.h5,120,,2415a4a5a0f427e7a51ee18f5af826603e3bc807eda8b3144c6429d8efa9a585,31,residential
S1,14,ieee_dataport/LoRa_RFFI-main/LoRa_RFFI/dataset/Test/dataset_residential.h5,124,,7e6ddecb60560966daf000d5c8aa4be15dfd91d786e3be3f335f9c60a5d7e634,31,residential
S1,15,ieee_dataport/LoRa_RFFI-main/LoRa_RFFI/dataset/Test/dataset_residential.h5,132,,066fce29f12ab6c89b46f23b4a9907ac468a61685ced70b25f2d6283ca6df9b2,31,residential
S1,16,ieee_dataport/LoRa_RFFI-main/LoRa_RFFI/dataset/Test/dataset_residential.h5,157,,f3669f0859947861d19ebb4b92a519bbe2669e5b11d3c75ce13677f1a3913c83,31,residential
S1,17,ieee_dataport/LoRa_RFFI-main/LoRa_RFFI/dataset/Test/dataset_residential.h5,166,,ccf5562d032e33d9e9ddee5c0a2c12273c5af4fa6339e6c678f9cf97cda67ff8,31,residential
S1,18,ieee_dataport/LoRa_RFFI-main/LoRa_RFFI/dataset/Test/dataset_residential.h5,168,,8ab0b481b5e36245c68ecf6a86b9f725c76cd648cdeebffbf5acde2fd9c161d4,31,residential
S1,19,ieee_dataport/LoRa_RFFI-main/LoRa_RFFI/dataset/Test/dataset_residential.h5,172,,878504b2e567d144515fd387e8cd0a247c0e12d61f025407ae03d20d92b4e475,31,residential
S1,20,ieee_dataport/LoRa_RFFI-main/LoRa_RFFI/dataset/Test/dataset_residential.h5,174,,9606a472e1389bfb73d1fd1267bd48ef8be1857e77a3e0696e6c96baa045f27a,31,residential
S1,21,ieee_dataport/LoRa_RFFI-main/LoRa_RFFI/dataset/Test/dataset_residential.h5,178,,61db195d43eaf78dc2c1416506ec9a6920f43a7c673b74b3e5c02afe27995add,31,residential
S1,22,ieee_dataport/LoRa_RFFI-main/LoRa_RFFI/dataset/Test/dataset_residential.h5,181,,de02c534c6397efdaec0cd5794201c1dfc6fc002287de4ecc2e8ae879b203c67,31,residential
S1,23,ieee_dataport/LoRa_RFFI-main/LoRa_RFFI/dataset/Test/dataset_residential.h5,199,,a663184224b71cf910dd019b8c2a3c78bc7c334dbc08d30e7ea96b5e365bf263,31,residential
S1,24,ieee_dataport/LoRa_RFFI-main/LoRa_RFFI/dataset/Test/dataset_residential.h5,206,,8a42436c07e61bb3ed76b4b0324ac855f03492f99c452fe94c2cfea051323940,31,residential
S1,25,ieee_dataport/LoRa_RFFI-main/LoRa_RFFI/dataset/Test/dataset_residential.h5,212,,02bf79d792d290e84468a0e702f7dfece7618890fa3c8023c6f51ccacedd716b,31,residential
S1,26,ieee_dataport/LoRa_RFFI-main/LoRa_RFFI/dataset/Test/dataset_residential.h5,213,,d48491a93d81c02460b0067b3478f65f5e6da8d29d4b1363bd94462aec0c6278,31,residential
S1,27,ieee_dataport/LoRa_RFFI-main/LoRa_RFFI/dataset/Test/dataset_residential.h5,218,,ee55ed733ad84ed0d4c5e636dfe19dcfee5830a5e592c512c965f4fe6e9c62dc,31,residential
S1,28,ieee_dataport/LoRa_RFFI-main/LoRa_RFFI/dataset/Test/dataset_residential.h5,224,,74398523595241773d020d312b7c5c45a18e382512be0a176dfe45007d3b2651,31,residential
S1,29,ieee_dataport/LoRa_RFFI-main/LoRa_RFFI/dataset/Test/dataset_residential.h5,227,,64815e7c2dbc82bf5cc306de50349d67b52e22d4d4ff631ff34fa3c0eb5e6d71,31,residential
S1,30,ieee_dataport/LoRa_RFFI-main/LoRa_RFFI/dataset/Test/dataset_residential.h5,243,,f7c5fef903a2ae0a9f0c1284c16f7be3e334790ce019273fa49c2996eee6aa13,31,residential
S1,31,ieee_dataport/LoRa_RFFI-main/LoRa_RFFI/dataset/Test/dataset_residential.h5,258,,dab95b25c8b347ce16a754bee645abfbb6202d51cc166a08251269d838ff8178,31,residential
S1,32,ieee_dataport/LoRa_RFFI-main/LoRa_RFFI/dataset/Test/dataset_residential.h5,267,,91f16d160e517b19ef843fdc4e39ecfab8317e4747931f13df461a589aea8587,31,residential
S1,33,ieee_dataport/LoRa_RFFI-main/LoRa_RFFI/dataset/Test/dataset_residential.h5,273,,402cb0eef0dc2724e84124146a2969a12c8d5468d9309a989b133b3fe491a3cb,31,residential
S1,34,ieee_dataport/LoRa_RFFI-main/LoRa_RFFI/dataset/Test/dataset_residential.h5,283,,1d02b3e1edf1bfdfbf02d697912505b55942a2206d85f8804a105d35a0f2d2cb,31,residential
S1,35,ieee_dataport/LoRa_RFFI-main/LoRa_RFFI/dataset/Test/dataset_residential.h5,291,,0d2901cbc7a63304163911ecbe9e2c7cf82122fff96e196b1ade6d91c3a8d6d5,31,residential
S1,36,ieee_dataport/LoRa_RFFI-main/LoRa_RFFI/dataset/Test/dataset_residential.h5,296,,c82417dd03d1cea22b5a7a13777ee643e79765fea4989930b93fa9885b264889,31,residential
S1,37,ieee_dataport/LoRa_RFFI-main/LoRa_RFFI/dataset/Test/dataset_residential.h5,378,,3b6e7de1b8f02fdfc1e3305316b02ffb8547a8871e7a061a749fb486b3b8e38f,31,residential
S1,38,ieee_dataport/LoRa_RFFI-main/LoRa_RFFI/dataset/Test/dataset_residential.h5,381,,d883956c352742fedc160724114988afc755c89b72de48eadfce6fbb8fa930d1,31,residential
S1,39,ieee_dataport/LoRa_RFFI-main/LoRa_RFFI/dataset/Test/dataset_residential.h5,396,,8212aba28ef8a7ddee94357efd3d46858e6c398c51a70f9f55e4e657bca3ac52,31,residential
S1,40,ieee_dataport/LoRa_RFFI-main/LoRa_RFFI/dataset/Test/dataset_residential.h5,410,,d963e1d004c3d889c9e13ca1e64bcd0fc40388334b80ff8996e53f266c063180,32,residential
S1,41,ieee_dataport/LoRa_RFFI-main/LoRa_RFFI/dataset/Test/dataset_residential.h5,422,,2c58c367bf8b561d6e35dedee2bd60c775a5987e2f18c8121a04d50c6bc7131e,32,residential
S1,42,ieee_dataport/LoRa_RFFI-main/LoRa_RFFI/dataset/Test/dataset_residential.h5,423,,dbfde2c26138c594f86b8d4a69d0f70558148b6d6d21e917920e202731200357,32,residential
S1,43,ieee_dataport/LoRa_RFFI-main/LoRa_RFFI/dataset/Test/dataset_residential.h5,429,,fa165cc6f8107cdb549fc35ddd384a339e2784c029c8417422ec036c3ca907a7,32,residential
S1,44,ieee_dataport/LoRa_RFFI-main/LoRa_RFFI/dataset/Test/dataset_residential.h5,433,,c8e127a220814f6541d0eb23d6b15a58370bebc1ee7266e30b4fdfc84d93bc8d,32,residential
S1,45,ieee_dataport/LoRa_RFFI-main/LoRa_RFFI/dataset/Test/dataset_residential.h5,441,,8c63be5af1eb956d1ea0c6d3bf301c8187d192b6e43fc385214ffab7db0e5256,32,residential
S1,46,ieee_dataport/LoRa_RFFI-main/LoRa_RFFI/dataset/Test/dataset_residential.h5,451,,e092f6859aaea87f9f3b26b6612fa6f83c3efbec5a01917e708a92974065aeb0,32,residential
S1,47,ieee_dataport/LoRa_RFFI-main/LoRa_RFFI/dataset/Test/dataset_residential.h5,456,,22a18fdf7fd35ac52515049f143631035cd0204d7766032296a3e5b397d3a01c,32,residential
S1,48,ieee_dataport/LoRa_RFFI-main/LoRa_RFFI/dataset/Test/dataset_residential.h5,457,,3fb3874bae2edf844a8f9fa3b783317b5e6c0c226a4b3df90df1c54e6144c2b2,32,residential
S1,49,ieee_dataport/LoRa_RFFI-main/LoRa_RFFI/dataset/Test/dataset_residential.h5,461,,8c75c1b247289e650ec3ccfea00521a11c6bda880a19ce9b0005e08eb0e5a3bf,32,residential
S1,50,ieee_dataport/LoRa_RFFI-main/LoRa_RFFI/dataset/Test/dataset_residential.h5,482,,7dd359d81971e6bc732bcd56c423fd158b84899a47813fc6c97563a1e77003a5,32,residential
S1,51,ieee_dataport/LoRa_RFFI-main/LoRa_RFFI/dataset/Test/dataset_residential.h5,488,,8a5ae8c812bb0c69c9d3bf2e4e2f06e80478819fdb87db7757708e97fc9a481e,32,residential
S1,52,ieee_dataport/LoRa_RFFI-main/LoRa_RFFI/dataset/Test/dataset_residential.h5,489,,6d0c7f78e9c66aa6df08cb1ea7ec792a093ab554c40a5081c0da5787a22ef12f,32,residential
S1,53,ieee_dataport/LoRa_RFFI-main/LoRa_RFFI/dataset/Test/dataset_residential.h5,510,,d1f64351f6c35b9cc3b62872e7404a04314059330d0408e14a9c8c47beade9dd,32,residential
S1,54,ieee_dataport/LoRa_RFFI-main/LoRa_RFFI/dataset/Test/dataset_residential.h5,513,,74799de4ae3c0cf96bc703b6dca81357ead6ac1f5c3d7428b5c80f0b818bddad,32,residential
S1,55,ieee_dataport/LoRa_RFFI-main/LoRa_RFFI/dataset/Test/dataset_residential.h5,517,,e11ab59fe2ce39a47fb586e0cea9aea4e527d00a7f4c557ecc0dcba17dd20e68,32,residential
S1,56,ieee_dataport/LoRa_RFFI-main/LoRa_RFFI/dataset/Test/dataset_residential.h5,530,,ff7df55646a125766e98716ff86f0e3aaa3dceb6f73cfdc6be1adc16f497588e,32,residential
S1,57,ieee_dataport/LoRa_RFFI-main/LoRa_RFFI/dataset/Test/dataset_residential.h5,538,,a1ffa99ab41f12212fd795bb7ffe712c2c389ea56708d920bc4f67ef3a524482,32,residential
S1,58,ieee_dataport/LoRa_RFFI-main/LoRa_RFFI/dataset/Test/dataset_residential.h5,544,,c3ec81f24a2c0b1c06130515f97489bac6cf20a8adaf9aa4adadaac349199b73,32,residential
S1,59,ieee_dataport/LoRa_RFFI-main/LoRa_RFFI/dataset/Test/dataset_residential.h5,547,,564b8d0b9a52de06345cc87ef5090ddd0f481da13ffef3217a78238c17dedfab,32,residential
S1,60,ieee_dataport/LoRa_RFFI-main/LoRa_RFFI/dataset/Test/dataset_residential.h5,549,,6691f85d2d49a09acec13043238ae8d2de9395d07483402784bea699cccefeea,32,residential
S1,61,ieee_dataport/LoRa_RFFI-main/LoRa_RFFI/dataset/Test/dataset_residential.h5,565,,71c6bb2267520201a3ba01dbcdaae474e506841493c89949b058c54c615fa261,32,residential
S1,62,ieee_dataport/LoRa_RFFI-main/LoRa_RFFI/dataset/Test/dataset_residential.h5,570,,67da873a46ce205ccf54a42e616ad4144884a6e0d900bd5899a893cbfd37e25a,32,residential
S1,63,ieee_dataport/LoRa_RFFI-main/LoRa_RFFI/dataset/Test/dataset_residential.h5,579,,252ec8d29e1e04533c35059fc11014a9ff3a38a47c9dcb875d40917ef7b5793b,32,residential
S1,64,ieee_dataport/LoRa_RFFI-main/LoRa_RFFI/dataset/Test/dataset_residential.h5,586,,40b3c829f8103886e35ee629b2b65c95c41562efa073b6a6844b5ea62647315d,32,residential
S1,65,ieee_dataport/LoRa_RFFI-main/LoRa_RFFI/dataset/Test/dataset_residential.h5,594,,f5baefab88155005837e3644b5a6ad2be9e6bfedca156f2ddb31436401742b0a,32,residential
S1,66,ieee_dataport/LoRa_RFFI-main/LoRa_RFFI/dataset/Test/dataset_residential.h5,597,,244648a3a0576f79c4b47ef7c1fb073d077b0d0f377261023a7eb54b612469d1,32,residential
S1,67,ieee_dataport/LoRa_RFFI-main/LoRa_RFFI/dataset/Test/dataset_residential.h5,604,,99d5faeee2994a838564e23cf375c0b3f6b3b44cc8c200139a875ff216e2c85a,32,residential
S1,68,ieee_dataport/LoRa_RFFI-main/LoRa_RFFI/dataset/Test/dataset_residential.h5,607,,4c36b048dcdf840ae471b9530dbf6d2534f5e9abf27931fb03594295cd52d497,32,residential
S1,69,ieee_dataport/LoRa_RFFI-main/LoRa_RFFI/dataset/Test/dataset_residential.h5,608,,27186f355fe63f3e0c909acb13768182af29b05d23bb9edd34d21abb0cd688b5,32,residential
S1,70,ieee_dataport/LoRa_RFFI-main/LoRa_RFFI/dataset/Test/dataset_residential.h5,623,,0377c6dff5e66ea484f1555bd5b5999340c29f12d226e4b24f23bca25b73ccc7,32,residential
S1,71,ieee_dataport/LoRa_RFFI-main/LoRa_RFFI/dataset/Test/dataset_residential.h5,641,,64d42e8a9d3517f10d202ee16dcd7f942a4c20efee9de9e73c41aaa8956f5351,32,residential
S1,72,ieee_dataport/LoRa_RFFI-main/LoRa_RFFI/dataset/Test/dataset_residential.h5,681,,f415d47a597a7828c95ed743dbab8e2066c6102a7a9bc5830b701acc9d8a7506,32,residential
S1,73,ieee_dataport/LoRa_RFFI-main/LoRa_RFFI/dataset/Test/dataset_residential.h5,704,,f0394fa4ae6827d36549210e6d5b1703c67786f43d15a8cd4a7ffdfe6c22a801,32,residential
S1,74,ieee_dataport/LoRa_RFFI-main/LoRa_RFFI/dataset/Test/dataset_residential.h5,720,,62069f5b543281f1c4bbd7376dd222fb651390ba953e35a9ae6280a8156eaf5d,32,residential
S1,75,ieee_dataport/LoRa_RFFI-main/LoRa_RFFI/dataset/Test/dataset_residential.h5,758,,d824e3ce331f22c5928928c631e20fc4fe883a1426adbb797912efae9e650a38,32,residential
S1,76,ieee_dataport/LoRa_RFFI-main/LoRa_RFFI/dataset/Test/dataset_residential.h5,762,,af901b35e0601dbf4389d3501fecdd1e718db89dc41e3538ee27e4768620f7fb,32,residential
S1,77,ieee_dataport/LoRa_RFFI-main/LoRa_RFFI/dataset/Test/dataset_residential.h5,768,,c873bad7733178f2ec63ec0f746f053362b1046871466a6255417e0e9a1804e3,32,residential
S1,78,ieee_dataport/LoRa_RFFI-main/LoRa_RFFI/dataset/Test/dataset_residential.h5,786,,dd2110f62abf66717102732a534758c9999080712a3c0a023a6234151674e047,32,residential
S1,79,ieee_dataport/LoRa_RFFI-main/LoRa_RFFI/dataset/Test/dataset_residential.h5,791,,b1e055c2ea795a13ec07db94c61dbdd6b9216c2322c4133d8057ce03ad063881,32,residential
S1,80,ieee_dataport/LoRa_RFFI-main/LoRa_RFFI/dataset/Test/dataset_residential.h5,801,,24fa8484511c01b6b8068c7644d0bdabc338391871e478127e375855d8a17fbe,33,residential
S1,81,ieee_dataport/LoRa_RFFI-main/LoRa_RFFI/dataset/Test/dataset_residential.h5,802,,64b012fe3bd01f2d1b3e7f9614725cee2bf6f0ed2ea9b81dce967061945a677e,33,residential
S1,82,ieee_dataport/LoRa_RFFI-main/LoRa_RFFI/dataset/Test/dataset_residential.h5,804,,e347039e368739f8bd148f1fc6356995e7df63e73c252bfa273bf551dcdfaf40,33,residential
S1,83,ieee_dataport/LoRa_RFFI-main/LoRa_RFFI/dataset/Test/dataset_residential.h5,815,,1380f3a2af858e443d823e5612bd89c18c2edd4c647ccffc61a7ff3b34645ec9,33,residential
S1,84,ieee_dataport/LoRa_RFFI-main/LoRa_RFFI/dataset/Test/dataset_residential.h5,841,,614fa046e22e786cce3aa5ea7e74bd49fc806c0746d9bdb976a39a123a6f575b,33,residential
S1,85,ieee_dataport/LoRa_RFFI-main/LoRa_RFFI/dataset/Test/dataset_residential.h5,843,,31d6c89306c04a2c92b9bfe126a56165238a8d7b85ea94cb8bd60fc1fae7d166,33,residential
S1,86,ieee_dataport/LoRa_RFFI-main/LoRa_RFFI/dataset/Test/dataset_residential.h5,849,,60dc34db90468e5d5bf8a44074d43eaa0d9f32200db371bdcb8f346ded501369,33,residential
S1,87,ieee_dataport/LoRa_RFFI-main/LoRa_RFFI/dataset/Test/dataset_residential.h5,852,,74fe79b0eb49f162f070eb788e810c79079f324afb549e966b17086de1f8a898,33,residential
S1,88,ieee_dataport/LoRa_RFFI-main/LoRa_RFFI/dataset/Test/dataset_residential.h5,861,,108418aa10b6ea2728ca5d97013e941d83f7a5984f9873fe1503a4460b9a09ed,33,residential
S1,89,ieee_dataport/LoRa_RFFI-main/LoRa_RFFI/dataset/Test/dataset_residential.h5,873,,cfd9e1f47226a7b5e384000cf3de2baf3cbb657dcb748420aa86eda81436c293,33,residential
S1,90,ieee_dataport/LoRa_RFFI-main/LoRa_RFFI/dataset/Test/dataset_residential.h5,876,,8ca73b0b4e4106dbedc593de4b1de6d9a5e15c33a4ece24234bd6cc0b2f9a3b3,33,residential
S1,91,ieee_dataport/LoRa_RFFI-main/LoRa_RFFI/dataset/Test/dataset_residential.h5,894,,01542f0e5c26f433d05973d78ad4cc594600682a1d9f254b032b0e43c598ad2d,33,residential
S1,92,ieee_dataport/LoRa_RFFI-main/LoRa_RFFI/dataset/Test/dataset_residential.h5,895,,7314584a7a2207d638ce8b6ac7a9765438d0e55ff1b8070aa5007492b28db9a8,33,residential
S1,93,ieee_dataport/LoRa_RFFI-main/LoRa_RFFI/dataset/Test/dataset_residential.h5,911,,4ea66edb15097d37efe8d4abe3c2e576bea1bf03b7392e762eacd1f790fb6984,33,residential
S1,94,ieee_dataport/LoRa_RFFI-main/LoRa_RFFI/dataset/Test/dataset_residential.h5,914,,02f1b12fa02b09da63c3236ceb1659f246d6a0492f25d9af56912597bf781e9d,33,residential
S1,95,ieee_dataport/LoRa_RFFI-main/LoRa_RFFI/dataset/Test/dataset_residential.h5,935,,b221e640473f712bdcedde5e46b7c5f419ce141837b725046c91d0ce84a3ab65,33,residential
S1,96,ieee_dataport/LoRa_RFFI-main/LoRa_RFFI/dataset/Test/dataset_residential.h5,941,,818d7964401983c1cb5a225390e74c0b10b1165aaba23fc8e4e23d75521b9d49,33,residential
S1,97,ieee_dataport/LoRa_RFFI-main/LoRa_RFFI/dataset/Test/dataset_residential.h5,947,,115d32607b6ef280532ab3d97dee66cca4d54492efd4e06f5c4da94e03934eed,33,residential
S1,98,ieee_dataport/LoRa_RFFI-main/LoRa_RFFI/dataset/Test/dataset_residential.h5,959,,bc5378f6bdfd58210e7713d1a1238b4dce9561d8150d2dacb4fd8c46042fbf34,33,residential
S1,99,ieee_dataport/LoRa_RFFI-main/LoRa_RFFI/dataset/Test/dataset_residential.h5,1014,,ecc3785ddc1e689b8dc406bd85c00ad56560ae7efc8ce326cdf93d87ee0c86d1,33,residential
S1,100,ieee_dataport/LoRa_RFFI-main/LoRa_RFFI/dataset/Test/dataset_residential.h5,1015,,f80a2cb41154b3f66779563e2f9ddcc90d125802c3f759b40045306f0e98cab3,33,residential
S1,101,ieee_dataport/LoRa_RFFI-main/LoRa_RFFI/dataset/Test/dataset_residential.h5,1030,,85b2962f8b35a58c37055ea1e3b08c3287f870dcfa6b5fbc89d4509e298b6552,33,residential
S1,102,ieee_dataport/LoRa_RFFI-main/LoRa_RFFI/dataset/Test/dataset_residential.h5,1034,,ebf24c53bc55a550ccba035f6b72cdf29966217cc3f939f29bcdc9afe484c45e,33,residential
S1,103,ieee_dataport/LoRa_RFFI-main/LoRa_RFFI/dataset/Test/dataset_residential.h5,1044,,78f3e06eace73a783577f45944f7177fb8bfd6843b5601ba2d0b2d1d00423d0b,33,residential
S1,104,ieee_dataport/LoRa_RFFI-main/LoRa_RFFI/dataset/Test/dataset_residential.h5,1057,,e050d199b9c2256d63962c7f412f5993f5f94d0d5a43eb04aa48d455155147ae,33,residential
S1,105,ieee_dataport/LoRa_RFFI-main/LoRa_RFFI/dataset/Test/dataset_residential.h5,1058,,7b0f39a2efc93a5a1ac1f9816ef72850c3843da55fba975d01040bf81ee6373a,33,residential
S1,106,ieee_dataport/LoRa_RFFI-main/LoRa_RFFI/dataset/Test/dataset_residential.h5,1065,,52b2f3edae8c9548e3ba02334d0f0434afe5d9d096c58bdd03893e5296c673ab,33,residential
S1,107,ieee_dataport/LoRa_RFFI-main/LoRa_RFFI/dataset/Test/dataset_residential.h5,1085,,b96581b9ba6aa3f8bbcd2734625b69e3f1c40f9775d6b7284fca9543ceeb563f,33,residential
S1,108,ieee_dataport/LoRa_RFFI-main/LoRa_RFFI/dataset/Test/dataset_residential.h5,1108,,2c651a2d6f139c4f64ba638edfa5e6b22c931763f803c642e93dcd52ad980c51,33,residential
S1,109,ieee_dataport/LoRa_RFFI-main/LoRa_RFFI/dataset/Test/dataset_residential.h5,1125,,886fd0e53b342a52ff80809359dbd5dd6a2c97c076b5514ea1278605715e5938,33,residential
S1,110,ieee_dataport/LoRa_RFFI-main/LoRa_RFFI/dataset/Test/dataset_residential.h5,1131,,fe7b4d8e95cb74575357fce55ac1971bbccfd9e6128422ef58b4e9f79a7faf9f,33,residential
S1,111,ieee_dataport/LoRa_RFFI-main/LoRa_RFFI/dataset/Test/dataset_residential.h5,1134,,4213d0351bbeada4257799b2bb4509a50e2798d5eb2f634ac6e814f32a609b32,33,residential
S1,112,ieee_dataport/LoRa_RFFI-main/LoRa_RFFI/dataset/Test/dataset_residential.h5,1140,,55834ca29663171c589713d704d78496ac4a16d170146ed3d050c8a496b0319d,33,residential
S1,113,ieee_dataport/LoRa_RFFI-main/LoRa_RFFI/dataset/Test/dataset_residential.h5,1148,,a6992a46e54a7dfc572a16336cd333ae4288b7f2a462e818aefd278e7f79967e,33,residential
S1,114,ieee_dataport/LoRa_RFFI-main/LoRa_RFFI/dataset/Test/dataset_residential.h5,1160,,3045c6d69f6c6a30d0e0d5369c46b63a7647163b78d3a8937d9ced21a4958a76,33,residential
S1,115,ieee_dataport/LoRa_RFFI-main/LoRa_RFFI/dataset/Test/dataset_residential.h5,1177,,0125e5a9d9333bbe8e09f34b7edb6e2f98ba093729390f55e3742bf2de347755,33,residential
S1,116,ieee_dataport/LoRa_RFFI-main/LoRa_RFFI/dataset/Test/dataset_residential.h5,1183,,0f7307af690a50356054f2baf207cdbc365fa273c179e4f98f8c7bf553da7891,33,residential
S1,117,ieee_dataport/LoRa_RFFI-main/LoRa_RFFI/dataset/Test/dataset_residential.h5,1185,,d8eec6225a20ccd44ee56796be8762e25af8453e903299d25e8f42e0f6567625,33,residential
S1,118,ieee_dataport/LoRa_RFFI-main/LoRa_RFFI/dataset/Test/dataset_residential.h5,1191,,119157ad39d814678901be5d5587aa94124d86513ce17b0e3a29f666edbe7b67,33,residential
S1,119,ieee_dataport/LoRa_RFFI-main/LoRa_RFFI/dataset/Test/dataset_residential.h5,1195,,eb6153244f29b2ff8e536337fec94c8e08c1342147fd0bbb08e80b51f3faf9be,33,residential
S1,120,ieee_dataport/LoRa_RFFI-main/LoRa_RFFI/dataset/Test/dataset_residential.h5,1200,,07793691e22dbb552aa3395ec74f72c27fdf24118bb9fad8cc5dc4ed1b67347f,34,residential
S1,121,ieee_dataport/LoRa_RFFI-main/LoRa_RFFI/dataset/Test/dataset_residential.h5,1210,,2073b1c8d6da59e90ed006479e8139c92e6c9478d71d0c4e52ae8a89f5408540,34,residential
S1,122,ieee_dataport/LoRa_RFFI-main/LoRa_RFFI/dataset/Test/dataset_residential.h5,1231,,13022979f907a6ea6a3c0eaec6085b51735e141c2e6bb374fef2009afe4c79ea,34,residential
S1,123,ieee_dataport/LoRa_RFFI-main/LoRa_RFFI/dataset/Test/dataset_residential.h5,1233,,26d1391390075a6286a988072577043f77952003565c8369783e7fdc2028cf72,34,residential
S1,124,ieee_dataport/LoRa_RFFI-main/LoRa_RFFI/dataset/Test/dataset_residential.h5,1244,,b5bd90351ab07698d149e942a082e28f6e3db7db1e5889b857150aba51f8b318,34,residential
S1,125,ieee_dataport/LoRa_RFFI-main/LoRa_RFFI/dataset/Test/dataset_residential.h5,1245,,88639a344d70c2580011aad41a58456319fafbbbbf456234b242f9d9fe706777,34,residential
S1,126,ieee_dataport/LoRa_RFFI-main/LoRa_RFFI/dataset/Test/dataset_residential.h5,1251,,d2df8fa650e292e094621eba4cb9f3246160c5ec02badf1ea631b6156bf456e8,34,residential
S1,127,ieee_dataport/LoRa_RFFI-main/LoRa_RFFI/dataset/Test/dataset_residential.h5,1253,,40ee8462b593d68f294fedf2a7a61329e4379e48f00cb7f185e16dea56f9ed46,34,residential
S1,128,ieee_dataport/LoRa_RFFI-main/LoRa_RFFI/dataset/Test/dataset_residential.h5,1306,,50feb6411f52a523e00a4d0a4a88bb38328363e98b159cb905d3f2063cfd8b8e,34,residential
S1,129,ieee_dataport/LoRa_RFFI-main/LoRa_RFFI/dataset/Test/dataset_residential.h5,1320,,4a70da230bbbe979116d21c950836950e02bd38b3db0d98688ee190c21292fb0,34,residential
S1,130,ieee_dataport/LoRa_RFFI-main/LoRa_RFFI/dataset/Test/dataset_residential.h5,1322,,dc5d82ea4943caa5b4ee46f7f7dca312b5c7c442dc940bde887aa0acfdb16257,34,residential
S1,131,ieee_dataport/LoRa_RFFI-main/LoRa_RFFI/dataset/Test/dataset_residential.h5,1334,,bfa9d166244afa7b3e36684beb5c880f28f20c86f6ebb41f2f8dde756d36edfe,34,residential
S1,132,ieee_dataport/LoRa_RFFI-main/LoRa_RFFI/dataset/Test/dataset_residential.h5,1336,,5985bf13d9ea0ea17a4379cfb44488279176359badd31b0ec416509f8cfacc71,34,residential
S1,133,ieee_dataport/LoRa_RFFI-main/LoRa_RFFI/dataset/Test/dataset_residential.h5,1338,,fdaf2c5f4421838892e2eb827468616c417cbab188855f84109a78e6e0659994,34,residential
S1,134,ieee_dataport/LoRa_RFFI-main/LoRa_RFFI/dataset/Test/dataset_residential.h5,1341,,6e4ae6a69ea4bbf274bbb4937e03508e3071687205605009c937fbe674e64e53,34,residential
S1,135,ieee_dataport/LoRa_RFFI-main/LoRa_RFFI/dataset/Test/dataset_residential.h5,1369,,910560a2a212f31840ab86a19f4f516812019ae4cd3baaaafaadf1abbc66afd3,34,residential
S1,136,ieee_dataport/LoRa_RFFI-main/LoRa_RFFI/dataset/Test/dataset_residential.h5,1378,,0021c9859ceb21b36b9e0ee43c9ddc20acae4d79ef6a56b2d844438a3d8e9004,34,residential
S1,137,ieee_dataport/LoRa_RFFI-main/LoRa_RFFI/dataset/Test/dataset_residential.h5,1406,,81cc3a2e38b6080d314ff1e4170a81173410280b39cd29fba997d2ff557ef694,34,residential
S1,138,ieee_dataport/LoRa_RFFI-main/LoRa_RFFI/dataset/Test/dataset_residential.h5,1418,,e64490db1a8072697b4979abe14bd4f6803ff1e806f22f927e9c592f934309e7,34,residential
S1,139,ieee_dataport/LoRa_RFFI-main/LoRa_RFFI/dataset/Test/dataset_residential.h5,1424,,e59041c61dd4851f6f40c68e1a06a2a0b6bdcf13f8df95482ad54084b90604d2,34,residential
S1,140,ieee_dataport/LoRa_RFFI-main/LoRa_RFFI/dataset/Test/dataset_residential.h5,1443,,87b82886de5ff3f2f3f2e1e59fef35988ab53c428c81c6a4c64e687f8e61fd6f,34,residential
S1,141,ieee_dataport/LoRa_RFFI-main/LoRa_RFFI/dataset/Test/dataset_residential.h5,1449,,8313beb019c4d7379ea9de6e0ce3c198825f533a8f895409a87eecd7867086e2,34,residential
S1,142,ieee_dataport/LoRa_RFFI-main/LoRa_RFFI/dataset/Test/dataset_residential.h5,1472,,7d823d6a8e5a44f6a5c147063690e656d94305ecc263e0d73ece7991b1be7358,34,residential
S1,143,ieee_dataport/LoRa_RFFI-main/LoRa_RFFI/dataset/Test/dataset_residential.h5,1483,,9f7136280053b559d8003b2856b699d5ec55cda261765c38d073fbf24229c7e2,34,residential
S1,144,ieee_dataport/LoRa_RFFI-main/LoRa_RFFI/dataset/Test/dataset_residential.h5,1486,,fdf4a83c74b498acdfcbd3f646b9277c93133ff6431f038f78d4f5e7a8055e72,34,residential
S1,145,ieee_dataport/LoRa_RFFI-main/LoRa_RFFI/dataset/Test/dataset_residential.h5,1495,,cbaf3b3ae957d23d7624d877101e7eeb72fd6666ba28f3422e5508bc06d63ff4,34,residential
S1,146,ieee_dataport/LoRa_RFFI-main/LoRa_RFFI/dataset/Test/dataset_residential.h5,1501,,27386eee5c4e0c18350b273f947f2595532cede041017efe1d5cdc969dbe2b98,34,residential
S1,147,ieee_dataport/LoRa_RFFI-main/LoRa_RFFI/dataset/Test/dataset_residential.h5,1516,,a8e39122bc3a49986fee73af012729667f16da8583039ddf639232ae1a5efea2,34,residential
S1,148,ieee_dataport/LoRa_RFFI-main/LoRa_RFFI/dataset/Test/dataset_residential.h5,1522,,c79d55f2cdbad326c5632232ec190364afa266bce34e02b63a14a92e4b3d1061,34,residential
S1,149,ieee_dataport/LoRa_RFFI-main/LoRa_RFFI/dataset/Test/dataset_residential.h5,1526,,dde275147ba63d49ed2423d95d0ab56f3f625d03526d2ed6927f4631a2202678,34,residential
S1,150,ieee_dataport/LoRa_RFFI-main/LoRa_RFFI/dataset/Test/dataset_residential.h5,1531,,b0b54bbc0b051b81414c21f1a3bcf5148eebd9c886ef5a7a04302c69a92db07d,34,residential
S1,151,ieee_dataport/LoRa_RFFI-main/LoRa_RFFI/dataset/Test/dataset_residential.h5,1532,,f63022b2e4168fa10aee30776bdeca78db021607d724f82c0663f59944caf452,34,residential
S1,152,ieee_dataport/LoRa_RFFI-main/LoRa_RFFI/dataset/Test/dataset_residential.h5,1556,,ac4ad0b07c79b31d395a82a7cdb12bedcd2212179848ac5c38931bf41db724e5,34,residential
S1,153,ieee_dataport/LoRa_RFFI-main/LoRa_RFFI/dataset/Test/dataset_residential.h5,1560,,8981ab2ce432b6bf560f93bedd87eaa29585ac214d9a2df39af97394e6b8b50e,34,residential
S1,154,ieee_dataport/LoRa_RFFI-main/LoRa_RFFI/dataset/Test/dataset_residential.h5,1571,,59a1cbf8c822746a5f3ce61f38fd33b9e2a6cb65f0232aac5869e94e6dc77ebb,34,residential
S1,155,ieee_dataport/LoRa_RFFI-main/LoRa_RFFI/dataset/Test/dataset_residential.h5,1579,,4f507aacc26ffd8cbadb21cde05083fec188b24720e76e924ca57c15dfa465e5,34,residential
S1,156,ieee_dataport/LoRa_RFFI-main/LoRa_RFFI/dataset/Test/dataset_residential.h5,1582,,9f08a12910135e60576b59b7549abc7891e8cae72afac068ac3914411837a978,34,residential
S1,157,ieee_dataport/LoRa_RFFI-main/LoRa_RFFI/dataset/Test/dataset_residential.h5,1590,,4702c88b6f0253caa7520748771adca9d193ecd9ef20ea8a6d200f84d3616d6e,34,residential
S1,158,ieee_dataport/LoRa_RFFI-main/LoRa_RFFI/dataset/Test/dataset_residential.h5,1598,,f17303b7c9b0435eaa4d76a04d3801aafc38161a95c85826835cd3e1bb15ef78,34,residential
S1,159,ieee_dataport/LoRa_RFFI-main/LoRa_RFFI/dataset/Test/dataset_residential.h5,1599,,c5cd70a310900279e8f4864bef55de2113a22fb20799a51176f07ef3b92134a9,34,residential
S1,160,ieee_dataport/LoRa_RFFI-main/LoRa_RFFI/dataset/Test/dataset_residential.h5,1600,,4e264cc5fbddfb41f283840bde973360118d96a9e5b569cfee8eb7da0df30078,35,residential
S1,161,ieee_dataport/LoRa_RFFI-main/LoRa_RFFI/dataset/Test/dataset_residential.h5,1603,,3ba413a8b5fbc295b8b60aba4ce0fd0e450c342f6d9d2e0bd5da036766dbf4f4,35,residential
S1,162,ieee_dataport/LoRa_RFFI-main/LoRa_RFFI/dataset/Test/dataset_residential.h5,1609,,2f255a5e35c17e690e9ab3a841b0b82153dbdabbee62728e66fd8c0aae8f69c3,35,residential
S1,163,ieee_dataport/LoRa_RFFI-main/LoRa_RFFI/dataset/Test/dataset_residential.h5,1613,,c5f32803876cc9fa6f57399b34bddbe97eea7db435848ae6e2ff260cc3ba1616,35,residential
S1,164,ieee_dataport/LoRa_RFFI-main/LoRa_RFFI/dataset/Test/dataset_residential.h5,1614,,d50745e15ce2a14fa0817e172c9659119b7b84603fa23f389ba00a5e88990d08,35,residential
S1,165,ieee_dataport/LoRa_RFFI-main/LoRa_RFFI/dataset/Test/dataset_residential.h5,1615,,5120ccf512ce79e912fdd13393c9dcf5dfff08b0545685e2ae5f2d678474e000,35,residential
S1,166,ieee_dataport/LoRa_RFFI-main/LoRa_RFFI/dataset/Test/dataset_residential.h5,1619,,953a9a0ee0c026135f8660360b96167ee0780a4b136e751bcd6824461b11c62f,35,residential
S1,167,ieee_dataport/LoRa_RFFI-main/LoRa_RFFI/dataset/Test/dataset_residential.h5,1634,,a2904102bd8092f51e29a53703a052645f0c59c1a7366c7f2197f4bc6041c66b,35,residential
S1,168,ieee_dataport/LoRa_RFFI-main/LoRa_RFFI/dataset/Test/dataset_residential.h5,1658,,6adbe6535255fabb5b56819df4de9b06630bf5b895f7d09aee707b3c5ac6fca4,35,residential
S1,169,ieee_dataport/LoRa_RFFI-main/LoRa_RFFI/dataset/Test/dataset_residential.h5,1664,,a2580c1a5ea9d7fe7b963c8c8a45a02c1e6e354d3c16df43a1c028e55686194f,35,residential
S1,170,ieee_dataport/LoRa_RFFI-main/LoRa_RFFI/dataset/Test/dataset_residential.h5,1675,,2a63304b957d95d98b5007e4626f61e12cbf05991f31e25fcbde755063a98687,35,residential
S1,171,ieee_dataport/LoRa_RFFI-main/LoRa_RFFI/dataset/Test/dataset_residential.h5,1698,,621e51d4ba72b1f5d2420b28cfabfcff3917a0d0e0801f4d4010eddb178909ff,35,residential
S1,172,ieee_dataport/LoRa_RFFI-main/LoRa_RFFI/dataset/Test/dataset_residential.h5,1732,,77af4af1ee53e55621478d1e008536cd7b795cd44c83139045ba662d1d202f5d,35,residential
S1,173,ieee_dataport/LoRa_RFFI-main/LoRa_RFFI/dataset/Test/dataset_residential.h5,1738,,567c96fc06b21d4af0639f8541e576f4a53fe54d1a69e88ca8ab98ec2831cdf9,35,residential
S1,174,ieee_dataport/LoRa_RFFI-main/LoRa_RFFI/dataset/Test/dataset_residential.h5,1745,,88334f7258331990fafefecc3130aa9a65df01d97ed102f833e0dffbc71b270b,35,residential
S1,175,ieee_dataport/LoRa_RFFI-main/LoRa_RFFI/dataset/Test/dataset_residential.h5,1747,,0e37dc2b336bb1ceffaa444d5bc92c930785a7032afe735a9a3f7d5b720641be,35,residential
S1,176,ieee_dataport/LoRa_RFFI-main/LoRa_RFFI/dataset/Test/dataset_residential.h5,1787,,0ce33093fe6d741f26bdc17e3a4c799833ad2990ea15966cbeb61c5ab99ee268,35,residential
S1,177,ieee_dataport/LoRa_RFFI-main/LoRa_RFFI/dataset/Test/dataset_residential.h5,1799,,2d08942fcd77b3e09042a42da4e1e43aa70337c9464d4885a660d4c701eacc55,35,residential
S1,178,ieee_dataport/LoRa_RFFI-main/LoRa_RFFI/dataset/Test/dataset_residential.h5,1804,,f79a86e12692a4935f25a779aceeabe38af759743bea657bb2cd46f8e181078e,35,residential
S1,179,ieee_dataport/LoRa_RFFI-main/LoRa_RFFI/dataset/Test/dataset_residential.h5,1813,,a6216e75627fc7aa0cd19eebd504f779f953f6ad582d52800af1bc1a78ef2abd,35,residential
S1,180,ieee_dataport/LoRa_RFFI-main/LoRa_RFFI/dataset/Test/dataset_residential.h5,1816,,4028d9bf94852ab6186465a464a25600238006a353b53f50b98a9f137f0aa432,35,residential
S1,181,ieee_dataport/LoRa_RFFI-main/LoRa_RFFI/dataset/Test/dataset_residential.h5,1821,,cc0d3a4d1bf6dcd7c4bb9528c4e672c3b56882a935840166f00c26bac3d0cf3d,35,residential
S1,182,ieee_dataport/LoRa_RFFI-main/LoRa_RFFI/dataset/Test/dataset_residential.h5,1822,,abd9bd74fa53a519f1252327c08729dd6c582b667894cadc2590690217077aff,35,residential
S1,183,ieee_dataport/LoRa_RFFI-main/LoRa_RFFI/dataset/Test/dataset_residential.h5,1837,,29db4f30c0026e9495e7a02013ca708501c74d47d02984ab68a9a38799abf430,35,residential
S1,184,ieee_dataport/LoRa_RFFI-main/LoRa_RFFI/dataset/Test/dataset_residential.h5,1838,,2ccb292d4ddaa5008ff9bdc265f8a646ee85e0725e83b09b9916d559cef7ecdb,35,residential
S1,185,ieee_dataport/LoRa_RFFI-main/LoRa_RFFI/dataset/Test/dataset_residential.h5,1841,,4110fe7d8c7e9efef6a206d6529e762513cb5951e8409f4cf58864e2edbfdf1b,35,residential
S1,186,ieee_dataport/LoRa_RFFI-main/LoRa_RFFI/dataset/Test/dataset_residential.h5,1852,,907a02533b183277751e85cd9e34e57b9606dc0be526a9e37bc02d1f569dca14,35,residential
S1,187,ieee_dataport/LoRa_RFFI-main/LoRa_RFFI/dataset/Test/dataset_residential.h5,1866,,3651bac4b40a98f541c3402d7b46c9298c5879f8ab400f6795f3bebfcc0e4c94,35,residential
S1,188,ieee_dataport/LoRa_RFFI-main/LoRa_RFFI/dataset/Test/dataset_residential.h5,1867,,b6726ab950b2009e4ea5b8e7591bb14903da6273a2a643469a7d1ce41a1fb1e8,35,residential
S1,189,ieee_dataport/LoRa_RFFI-main/LoRa_RFFI/dataset/Test/dataset_residential.h5,1868,,03f501ee9387f56c0b9c2ff5fcbe873485e6204b01255eae6ab21ca17d409de7,35,residential
S1,190,ieee_dataport/LoRa_RFFI-main/LoRa_RFFI/dataset/Test/dataset_residential.h5,1880,,44819b87df592ff8ae5d95f32bb4431876597d648383874cd7cc357743487d28,35,residential
S1,191,ieee_dataport/LoRa_RFFI-main/LoRa_RFFI/dataset/Test/dataset_residential.h5,1907,,21c660c1b73ec2971f52bd1e2230c9e568df81f53a30bd848ba06e364e87721b,35,residential
S1,192,ieee_dataport/LoRa_RFFI-main/LoRa_RFFI/dataset/Test/dataset_residential.h5,1920,,39bce2bd8263ff23b87bcfc2fa608ef8a7a7247eadf8241fbf8c8fa4f896e2cd,35,residential
S1,193,ieee_dataport/LoRa_RFFI-main/LoRa_RFFI/dataset/Test/dataset_residential.h5,1934,,a45f69ee5a1f2f0910a876644386f96d8173463dd4283978afd737aab62ccf7a,35,residential
S1,194,ieee_dataport/LoRa_RFFI-main/LoRa_RFFI/dataset/Test/dataset_residential.h5,1951,,e4b48e3a48c2b8111c179f7e8295f911d4cd5b6ab933b329ef244f9fd0d2869a,35,residential
S1,195,ieee_dataport/LoRa_RFFI-main/LoRa_RFFI/dataset/Test/dataset_residential.h5,1952,,1ab90068e420b95f8cfbc89718b9d34df3c47a98d7d0e68876e36e793d1effc6,35,residential
S1,196,ieee_dataport/LoRa_RFFI-main/LoRa_RFFI/dataset/Test/dataset_residential.h5,1954,,9051f3e371d9beca5398b0e6af78faf1a46f2bcca038b873baa46b7c19858ea7,35,residential
S1,197,ieee_dataport/LoRa_RFFI-main/LoRa_RFFI/dataset/Test/dataset_residential.h5,1963,,7352457ccde4e0880e066d5300e7a6f0cedab4e6b4d96aeecfb1eeb93da068bd,35,residential
S1,198,ieee_dataport/LoRa_RFFI-main/LoRa_RFFI/dataset/Test/dataset_residential.h5,1980,,d0db1343dffc620e73ee324b2c63035f78b0c32a9d6d9901ba5f93ff8247ec26,35,residential
S1,199,ieee_dataport/LoRa_RFFI-main/LoRa_RFFI/dataset/Test/dataset_residential.h5,1997,,6143ef447156f199efd6c41ed6d5016af8d758d15f80bc4bbc084101bbd6a9c3,35,residential
S1,200,ieee_dataport/LoRa_RFFI-main/LoRa_RFFI/dataset/Test/dataset_residential.h5,2010,,a34ab55072aa8c8f337ccad02ae5ef7607802ca54abf45a92154b9eba24cabed,36,residential
S1,201,ieee_dataport/LoRa_RFFI-main/LoRa_RFFI/dataset/Test/dataset_residential.h5,2014,,6faed3f884079c23713c2972a5780afd7577fab8e5c84a78d79a2021a8290bce,36,residential
S1,202,ieee_dataport/LoRa_RFFI-main/LoRa_RFFI/dataset/Test/dataset_residential.h5,2030,,0113d9624087cb90d9a90ae4161b23d7b6226cb45830558f059f1284fd57a085,36,residential
S1,203,ieee_dataport/LoRa_RFFI-main/LoRa_RFFI/dataset/Test/dataset_residential.h5,2039,,935db2b23a892f0394c7f6c1e1febe6da368485e0b6616775c067618c1f82071,36,residential
S1,204,ieee_dataport/LoRa_RFFI-main/LoRa_RFFI/dataset/Test/dataset_residential.h5,2045,,2b3f2f72e0dcdcf70ade53637728600aace5979f377da46721226385fde82fd4,36,residential
S1,205,ieee_dataport/LoRa_RFFI-main/LoRa_RFFI/dataset/Test/dataset_residential.h5,2048,,0fe4ec1e840faa965f76dd01e0c2f65e3d9109bec2a2523c73df4ae4aca59f87,36,residential
S1,206,ieee_dataport/LoRa_RFFI-main/LoRa_RFFI/dataset/Test/dataset_residential.h5,2049,,816c3917b43eccbe2d8ad9ccc4b6de684cd454daac5da9e9101d59135eaf807f,36,residential
S1,207,ieee_dataport/LoRa_RFFI-main/LoRa_RFFI/dataset/Test/dataset_residential.h5,2074,,cbf5956a98141d6ec4aefc09a7bc1ca2d685031b6bb1ead799ea4513e25673b3,36,residential
S1,208,ieee_dataport/LoRa_RFFI-main/LoRa_RFFI/dataset/Test/dataset_residential.h5,2075,,724de2e82115cab72baed7f1958e235a6d6f94d1d0c7414b24233cfd84fac49e,36,residential
S1,209,ieee_dataport/LoRa_RFFI-main/LoRa_RFFI/dataset/Test/dataset_residential.h5,2086,,e5da0347fb251c51ba1b5cc3d2f040d9c001e42db66cc98840495addc3c512c7,36,residential
S1,210,ieee_dataport/LoRa_RFFI-main/LoRa_RFFI/dataset/Test/dataset_residential.h5,2109,,2d48a443446728f27595a22be5e02d5a9a1abd00720fdd350eb7943db17ede18,36,residential
S1,211,ieee_dataport/LoRa_RFFI-main/LoRa_RFFI/dataset/Test/dataset_residential.h5,2145,,d9cd11fdc98ce2ec254c8c5e86af2e86c2a0959f15e4fcb968b2a4d86c5676b3,36,residential
S1,212,ieee_dataport/LoRa_RFFI-main/LoRa_RFFI/dataset/Test/dataset_residential.h5,2153,,d7ddec7595477282d99b3fc1444e371dd37cf9db4671afa7b86ed954cf834058,36,residential
S1,213,ieee_dataport/LoRa_RFFI-main/LoRa_RFFI/dataset/Test/dataset_residential.h5,2163,,b90432454f38c44206c3188d28a7446d2126772e3444e804bb0f852431fdf96b,36,residential
S1,214,ieee_dataport/LoRa_RFFI-main/LoRa_RFFI/dataset/Test/dataset_residential.h5,2167,,f828a93b61c77f685e734091456f9bffda282fb15bd634181f7eee5d82d0027d,36,residential
S1,215,ieee_dataport/LoRa_RFFI-main/LoRa_RFFI/dataset/Test/dataset_residential.h5,2172,,2f8444a70ccf678d1280a35d6774cfc942c2774a3bacace6ec04a0ddbf784fea,36,residential
S1,216,ieee_dataport/LoRa_RFFI-main/LoRa_RFFI/dataset/Test/dataset_residential.h5,2181,,cb0cfa6050299aba59122a6b541940e99ad1d92aa17be71921cbf73a376f1742,36,residential
S1,217,ieee_dataport/LoRa_RFFI-main/LoRa_RFFI/dataset/Test/dataset_residential.h5,2183,,123cdf4a4edea22eda1cf889b0a29e3ffaabb35d0c29f74409732e41082a1b43,36,residential
S1,218,ieee_dataport/LoRa_RFFI-main/LoRa_RFFI/dataset/Test/dataset_residential.h5,2213,,53458e99ff9035441a12a41c093ce00aab57af08368dce7d33238f451b98cec9,36,residential
S1,219,ieee_dataport/LoRa_RFFI-main/LoRa_RFFI/dataset/Test/dataset_residential.h5,2217,,89dbc53a77c7e4781fa81a9aecd9f8835b3f8706d35fadf90b90e2f217a7c86e,36,residential
S1,220,ieee_dataport/LoRa_RFFI-main/LoRa_RFFI/dataset/Test/dataset_residential.h5,2223,,759c4286c3ca50fd32e3e2e6e5041e2cd5ea76b19f2de859d5f3d251be4abdab,36,residential
S1,221,ieee_dataport/LoRa_RFFI-main/LoRa_RFFI/dataset/Test/dataset_residential.h5,2234,,2ae16002c1a654446de73641bc334aa05d4ba47eed6f1ae704cdfc6ed03fdc6a,36,residential
S1,222,ieee_dataport/LoRa_RFFI-main/LoRa_RFFI/dataset/Test/dataset_residential.h5,2244,,9b2ab5562147bc075f9d79a02638ab16e61eb518f183ef6b93c82508f0aa3b1e,36,residential
S1,223,ieee_dataport/LoRa_RFFI-main/LoRa_RFFI/dataset/Test/dataset_residential.h5,2249,,f28de43bb1c5b4f9cb157caa7500359ad50f7d9901ea36f34ee9927d65905c36,36,residential
S1,224,ieee_dataport/LoRa_RFFI-main/LoRa_RFFI/dataset/Test/dataset_residential.h5,2256,,ccd0e8a1e9d38a89e07f3cebdab17ceaf29b9ff9e2363faf27f3f9d305b3bc8c,36,residential
S1,225,ieee_dataport/LoRa_RFFI-main/LoRa_RFFI/dataset/Test/dataset_residential.h5,2274,,6924b29a6e8e4dc0a276543a9fb5fe1f09eeb9c6eb0e5f31352ee800c58cf330,36,residential
S1,226,ieee_dataport/LoRa_RFFI-main/LoRa_RFFI/dataset/Test/dataset_residential.h5,2280,,7a4834cef696a486571138dfb696284ad952891e0ef1d9cdb56077fce828ebac,36,residential
S1,227,ieee_dataport/LoRa_RFFI-main/LoRa_RFFI/dataset/Test/dataset_residential.h5,2286,,28fe2ea102cf9ced2bd3ac5bd022d115ea271a4064e224e4b9c851b8022e261c,36,residential
S1,228,ieee_dataport/LoRa_RFFI-main/LoRa_RFFI/dataset/Test/dataset_residential.h5,2313,,4e1ed5278bee60f2f7598530a803e7eb91cade09a0a213a5e516a0fdf750815f,36,residential
S1,229,ieee_dataport/LoRa_RFFI-main/LoRa_RFFI/dataset/Test/dataset_residential.h5,2318,,b65fe33f2fd3b817ecee41d9bc62a7b18d2e5989890c2a1cf406f8e92891eed1,36,residential
S1,230,ieee_dataport/LoRa_RFFI-main/LoRa_RFFI/dataset/Test/dataset_residential.h5,2323,,f805524511dda000478f2b5a26d1d14110fadef1c77e1c67a5d72591563f239a,36,residential
S1,231,ieee_dataport/LoRa_RFFI-main/LoRa_RFFI/dataset/Test/dataset_residential.h5,2324,,c4e9190c9b857a581958b34484b15d046701036d3eb0f617a0344514978d6909,36,residential
S1,232,ieee_dataport/LoRa_RFFI-main/LoRa_RFFI/dataset/Test/dataset_residential.h5,2333,,878e66c6c165284caa7df26687e8af883807c37830ce43c5812852e76b7c7c36,36,residential
S1,233,ieee_dataport/LoRa_RFFI-main/LoRa_RFFI/dataset/Test/dataset_residential.h5,2349,,22fa8e303d958fbbd2f2a4f954bc935ae0fdbcd65adfe9bbf44221ec44dd3f63,36,residential
S1,234,ieee_dataport/LoRa_RFFI-main/LoRa_RFFI/dataset/Test/dataset_residential.h5,2350,,fb2f58fa7e6394a8612d9774dea3ede0ea699193ee14b5c4cd4c934d4a2d111d,36,residential
S1,235,ieee_dataport/LoRa_RFFI-main/LoRa_RFFI/dataset/Test/dataset_residential.h5,2351,,128bbc4392d0f7e2669094195d63d7fde673cc10717dceb72939b91dcd3d6feb,36,residential
S1,236,ieee_dataport/LoRa_RFFI-main/LoRa_RFFI/dataset/Test/dataset_residential.h5,2377,,64d2f31cca8f2f5843c657feffc16eb25b1ed3e77b7bb231d8b567bae9ceea6f,36,residential
S1,237,ieee_dataport/LoRa_RFFI-main/LoRa_RFFI/dataset/Test/dataset_residential.h5,2379,,6de7d26847c7161ba6dfd4a049313747ce1b81adff750f940d0557b5a9bb0753,36,residential
S1,238,ieee_dataport/LoRa_RFFI-main/LoRa_RFFI/dataset/Test/dataset_residential.h5,2381,,7c3be4afde5e6b91dfd8f04baaacd87e3e5cb4235ba11062f5b03e5bf7f9c182,36,residential
S1,239,ieee_dataport/LoRa_RFFI-main/LoRa_RFFI/dataset/Test/dataset_residential.h5,2388,,956fc598e220695ec82c9a785651be8fb473a662ad116fcce66dd3c2394f2415,36,residential
S1,240,ieee_dataport/LoRa_RFFI-main/LoRa_RFFI/dataset/Test/dataset_residential.h5,2401,,4cc09982a51f20859c07ce9b3be15e2f0628bdd947c44a7cc74433f7fe031539,37,residential
S1,241,ieee_dataport/LoRa_RFFI-main/LoRa_RFFI/dataset/Test/dataset_residential.h5,2431,,dfe42d862eb45f08b7b2f52680d158093ea4951fede4c51fccffc3dc8524e74a,37,residential
S1,242,ieee_dataport/LoRa_RFFI-main/LoRa_RFFI/dataset/Test/dataset_residential.h5,2450,,12bdccdc42d96a38b72baa88a9e79dad85ddfcddb5e35548f13a2b5a17b4a7a0,37,residential
S1,243,ieee_dataport/LoRa_RFFI-main/LoRa_RFFI/dataset/Test/dataset_residential.h5,2491,,f06ce7336627cd63b34bd5e77b1bec1443721025783cf638632f6a86fec52f22,37,residential
S1,244,ieee_dataport/LoRa_RFFI-main/LoRa_RFFI/dataset/Test/dataset_residential.h5,2512,,12cbd0cc978b1398bb39d8472a227850af6885bc55424e7085d67f948c8b6191,37,residential
S1,245,ieee_dataport/LoRa_RFFI-main/LoRa_RFFI/dataset/Test/dataset_residential.h5,2530,,a9961189982428de66a89a0b1f2a18fde6f56566d56d224a420aeeb809fe792e,37,residential
S1,246,ieee_dataport/LoRa_RFFI-main/LoRa_RFFI/dataset/Test/dataset_residential.h5,2533,,8afa2a8c9795cbaa7d49482d4ea1ff2d9839757f5bec9178bb80c7c3f2cb0b80,37,residential
S1,247,ieee_dataport/LoRa_RFFI-main/LoRa_RFFI/dataset/Test/dataset_residential.h5,2534,,029cbbee8d9fc7aec538aa718d284d5a1b1007a4f7aaa563ce604e0728919a5b,37,residential
S1,248,ieee_dataport/LoRa_RFFI-main/LoRa_RFFI/dataset/Test/dataset_residential.h5,2539,,5ba817d8852ada454f97be7dc886ad7d99f7c1b49044c8f5ddab4df0c3f80577,37,residential
S1,249,ieee_dataport/LoRa_RFFI-main/LoRa_RFFI/dataset/Test/dataset_residential.h5,2541,,37362b60f5e8134349e3566dedf80ba351ee5f65c5cb299338ccb1ee2ce6fae5,37,residential
S1,250,ieee_dataport/LoRa_RFFI-main/LoRa_RFFI/dataset/Test/dataset_residential.h5,2549,,7d58abecceb55478c2475055992e47f832f1849c570f8ebcc73162088b5f538c,37,residential
S1,251,ieee_dataport/LoRa_RFFI-main/LoRa_RFFI/dataset/Test/dataset_residential.h5,2550,,fc58c69d049d59241e6d7f07d195fc047038be5b750307ef247b0316623655c6,37,residential
S1,252,ieee_dataport/LoRa_RFFI-main/LoRa_RFFI/dataset/Test/dataset_residential.h5,2559,,16787c9c023b108e58e26cb7369d9c7de561b5c891643b6905402b4087c7a778,37,residential
S1,253,ieee_dataport/LoRa_RFFI-main/LoRa_RFFI/dataset/Test/dataset_residential.h5,2562,,1154c08f7d1578c3cb5fa775bf742ba655ab9822ce237ffcd99b1a46c25c5084,37,residential
S1,254,ieee_dataport/LoRa_RFFI-main/LoRa_RFFI/dataset/Test/dataset_residential.h5,2576,,9804d5859f4914f97247287edb64276ada75d1af246b47c712513e51666aab78,37,residential
S1,255,ieee_dataport/LoRa_RFFI-main/LoRa_RFFI/dataset/Test/dataset_residential.h5,2589,,a1dca64cb66618829cb766c1ae25b364527f3d5e6cea39697bf132b42f35b9e3,37,residential
S1,256,ieee_dataport/LoRa_RFFI-main/LoRa_RFFI/dataset/Test/dataset_residential.h5,2608,,b78875264a2688597fda272f6b70294f2158e9e2772613d134123a52e799f70e,37,residential
S1,257,ieee_dataport/LoRa_RFFI-main/LoRa_RFFI/dataset/Test/dataset_residential.h5,2611,,098a73dbb0405ce1d88e7d7d7c6312ca8175a612ffc2c0c08369fa6a2cff0776,37,residential
S1,258,ieee_dataport/LoRa_RFFI-main/LoRa_RFFI/dataset/Test/dataset_residential.h5,2621,,b7d69e9a60dd86580208343da0752919c4b8cc748c7674b3acb0d68e567a4de3,37,residential
S1,259,ieee_dataport/LoRa_RFFI-main/LoRa_RFFI/dataset/Test/dataset_residential.h5,2625,,1ff583d5ca1dc3fdb066be2d9052c93da9c7c5e241ed94e74c4efcefd6e6073c,37,residential
S1,260,ieee_dataport/LoRa_RFFI-main/LoRa_RFFI/dataset/Test/dataset_residential.h5,2634,,ae91522a9e966fd4f3e3f6ea128c6c1b41348da7393187ff5010a42cc44d2e98,37,residential
S1,261,ieee_dataport/LoRa_RFFI-main/LoRa_RFFI/dataset/Test/dataset_residential.h5,2635,,61081e4688c7a88f266ed9c3317cd5d3e67b2d7f1d02c6e65bbc369659ee3640,37,residential
S1,262,ieee_dataport/LoRa_RFFI-main/LoRa_RFFI/dataset/Test/dataset_residential.h5,2653,,984a00275094847e8ca458a13b67ca1907e2691b69c7d790d3b5dfe0e0c44b1b,37,residential
S1,263,ieee_dataport/LoRa_RFFI-main/LoRa_RFFI/dataset/Test/dataset_residential.h5,2667,,1db77cfe0542eef9ca04071be7d49168677eeeb4257790b6c7865b80463ad6fe,37,residential
S1,264,ieee_dataport/LoRa_RFFI-main/LoRa_RFFI/dataset/Test/dataset_residential.h5,2676,,0bdbbf59cf7b2f771db8edd680f5ea974b6a685a98da13b142b780111c94fea6,37,residential
S1,265,ieee_dataport/LoRa_RFFI-main/LoRa_RFFI/dataset/Test/dataset_residential.h5,2677,,54ec2d6b0e8d4c2071925aeafb241095cffe25b5aca21b35818941b205fe410b,37,residential
S1,266,ieee_dataport/LoRa_RFFI-main/LoRa_RFFI/dataset/Test/dataset_residential.h5,2693,,73b798d1ac9dd1d86023fe2a261e3524600916580453c3587859589a1bdc918c,37,residential
S1,267,ieee_dataport/LoRa_RFFI-main/LoRa_RFFI/dataset/Test/dataset_residential.h5,2694,,dd94a0fce4f95004bd1dd9c374a57d3035b989d65ff905913c3e3460494c4206,37,residential
S1,268,ieee_dataport/LoRa_RFFI-main/LoRa_RFFI/dataset/Test/dataset_residential.h5,2716,,84bb3795718c78b9fb0e3b11f80cb7a7c47f24e37cfde66be1e19decc681f1a6,37,residential
S1,269,ieee_dataport/LoRa_RFFI-main/LoRa_RFFI/dataset/Test/dataset_residential.h5,2725,,45798cb1946375b25177813f7e28e2a7d24d436c068f641505f6e80d29cbf547,37,residential
S1,270,ieee_dataport/LoRa_RFFI-main/LoRa_RFFI/dataset/Test/dataset_residential.h5,2751,,3f078222baef8ef11429a2e6fe919158a1a36d0a8ce79704e6546954a4dccfca,37,residential
S1,271,ieee_dataport/LoRa_RFFI-main/LoRa_RFFI/dataset/Test/dataset_residential.h5,2755,,cc7636eadd673255722090c7d6a26387351f381db7450166d3283d0aef0dbb72,37,residential
S1,272,ieee_dataport/LoRa_RFFI-main/LoRa_RFFI/dataset/Test/dataset_residential.h5,2756,,76883d38e0a9ae15453621d3cadef2c345734c0e4bcf4124a5c5096bd0cc1213,37,residential
S1,273,ieee_dataport/LoRa_RFFI-main/LoRa_RFFI/dataset/Test/dataset_residential.h5,2757,,338765338557a7777a8017947e493182a2c45636bba453633276ddea36a3f0d6,37,residential
S1,274,ieee_dataport/LoRa_RFFI-main/LoRa_RFFI/dataset/Test/dataset_residential.h5,2762,,0ef4ea46bb16552f27839c5584a6960dbc02a5006109cb41bdcc450f88d4a309,37,residential
S1,275,ieee_dataport/LoRa_RFFI-main/LoRa_RFFI/dataset/Test/dataset_residential.h5,2780,,ecb625103cd207c24e820cba618d74b33f336418688ce0503f090243917080ee,37,residential
S1,276,ieee_dataport/LoRa_RFFI-main/LoRa_RFFI/dataset/Test/dataset_residential.h5,2787,,caefdbd618d11ac2d5c8e22f60c42fbd7780ad9ca68d528746ed8cff1cedd92a,37,residential
S1,277,ieee_dataport/LoRa_RFFI-main/LoRa_RFFI/dataset/Test/dataset_residential.h5,2791,,784d0188eafb54afa788eafd583005cf92ef2d9a78472a345577979f355ae620,37,residential
S1,278,ieee_dataport/LoRa_RFFI-main/LoRa_RFFI/dataset/Test/dataset_residential.h5,2796,,b42f4d5e5b5861d9c1d90a88c7706ff3510241d33dd5816649be80af36d8e6a5,37,residential
S1,279,ieee_dataport/LoRa_RFFI-main/LoRa_RFFI/dataset/Test/dataset_residential.h5,2797,,ddf8295ed4f913710b6a557688432d7da3cf552e4b76e88984602819969602ac,37,residential
S1,280,ieee_dataport/LoRa_RFFI-main/LoRa_RFFI/dataset/Test/dataset_residential.h5,2822,,7eb1c678275f908eea80143637d1d1b3de853506cb6f43dbe4ae75c22a76955e,38,residential
S1,281,ieee_dataport/LoRa_RFFI-main/LoRa_RFFI/dataset/Test/dataset_residential.h5,2842,,2eef287d65f31aeca33f7516cadbcbf0b676dfafb3c13e81ea3f11564692addf,38,residential
S1,282,ieee_dataport/LoRa_RFFI-main/LoRa_RFFI/dataset/Test/dataset_residential.h5,2859,,98973121ccd5cd69036984e16fbdbdb30e4a11e0feb25b7dbd5b7c67fd5592aa,38,residential
S1,283,ieee_dataport/LoRa_RFFI-main/LoRa_RFFI/dataset/Test/dataset_residential.h5,2865,,00db36213071ea0976e5593cff36a07f37c3a2886e624ce109cf01f4bac232ca,38,residential
S1,284,ieee_dataport/LoRa_RFFI-main/LoRa_RFFI/dataset/Test/dataset_residential.h5,2875,,0743a4eecdaa3b71d3764062da09089324e651273b20487b8e7f34d0e2189bc4,38,residential
S1,285,ieee_dataport/LoRa_RFFI-main/LoRa_RFFI/dataset/Test/dataset_residential.h5,2881,,9c108f7f21e4ecc2a0910feef7312a3e9c2ecc0dc53ecacd7b0711083a437d10,38,residential
S1,286,ieee_dataport/LoRa_RFFI-main/LoRa_RFFI/dataset/Test/dataset_residential.h5,2883,,802f92673229625583575fcffb2d80b86abe5712283a565ba4ac48d651dce9ca,38,residential
S1,287,ieee_dataport/LoRa_RFFI-main/LoRa_RFFI/dataset/Test/dataset_residential.h5,2884,,6b1e9eef7bce72a43b5b5860018fec6d35269c926a841c60939cdef6b8f73ea3,38,residential
S1,288,ieee_dataport/LoRa_RFFI-main/LoRa_RFFI/dataset/Test/dataset_residential.h5,2891,,253894dc5ac871024605b4eab25f9ae626ca2277a3484c299c56ba00918593c3,38,residential
S1,289,ieee_dataport/LoRa_RFFI-main/LoRa_RFFI/dataset/Test/dataset_residential.h5,2901,,3c6e6f3b91f380e05b74f6c4124c18eb3317cdd537a8f85e44b0872da75dde42,38,residential
S1,290,ieee_dataport/LoRa_RFFI-main/LoRa_RFFI/dataset/Test/dataset_residential.h5,2907,,52256e6960e82a1ae95a86af47cec9413d660df213c6e7b24ffcb050e05a61c4,38,residential
S1,291,ieee_dataport/LoRa_RFFI-main/LoRa_RFFI/dataset/Test/dataset_residential.h5,2923,,e143c301f025af849b70e9ea82713048c6c920c0972521ad3c3b409fb454858e,38,residential
S1,292,ieee_dataport/LoRa_RFFI-main/LoRa_RFFI/dataset/Test/dataset_residential.h5,2938,,db18a503fa3de57ad7c9f5bbbc96324482b7dadcf22bbdf844d5ac5e9d163f5e,38,residential
S1,293,ieee_dataport/LoRa_RFFI-main/LoRa_RFFI/dataset/Test/dataset_residential.h5,2973,,3c4563f28b667a02e244458a33daa166892e883a39428831e034f42fc2b90e49,38,residential
S1,294,ieee_dataport/LoRa_RFFI-main/LoRa_RFFI/dataset/Test/dataset_residential.h5,2976,,0ed2b96c8dda331225ffa706ed2a304e9d83b13868a95259da352b5a6a96446b,38,residential
S1,295,ieee_dataport/LoRa_RFFI-main/LoRa_RFFI/dataset/Test/dataset_residential.h5,2978,,70cd31d53e71f6ad8dfcc52d4428c64f1ba438bd807e35dd3b109395a03ed68b,38,residential
S1,296,ieee_dataport/LoRa_RFFI-main/LoRa_RFFI/dataset/Test/dataset_residential.h5,2982,,de76cb530d1a841f6ec360661de775a0ece6ddb407efc2c09ef2725d8cf6af18,38,residential
S1,297,ieee_dataport/LoRa_RFFI-main/LoRa_RFFI/dataset/Test/dataset_residential.h5,2983,,5e0351cc88f23e8625f6a53e32ad8168f3459da02cc4c82ba26da89a8a86ec61,38,residential
S1,298,ieee_dataport/LoRa_RFFI-main/LoRa_RFFI/dataset/Test/dataset_residential.h5,2986,,a3e88303eb6ca140e4e2852161b2f481fe8d8f5080ec3e8cd544f51531c8d7de,38,residential
S1,299,ieee_dataport/LoRa_RFFI-main/LoRa_RFFI/dataset/Test/dataset_residential.h5,2989,,dcc445308161196473970f0fb9f2134f318e7cea1f99aef6f284fd4c61e8ad28,38,residential
S1,300,ieee_dataport/LoRa_RFFI-main/LoRa_RFFI/dataset/Test/dataset_residential.h5,2990,,b3e5b7cc6f93279cfd484e96ee1c6de46ad43eac5410bad030d57bd6c1d112c4,38,residential
S1,301,ieee_dataport/LoRa_RFFI-main/LoRa_RFFI/dataset/Test/dataset_residential.h5,2992,,bda3fab8b98af1bb481c77ea76fe2d610ca121395b72a516ba063f2f896f3a22,38,residential
S1,302,ieee_dataport/LoRa_RFFI-main/LoRa_RFFI/dataset/Test/dataset_residential.h5,3043,,04124394bfc3ea83b0764c425dcf136a3ae8bd853cbae9384d8352cff518a5ed,38,residential
S1,303,ieee_dataport/LoRa_RFFI-main/LoRa_RFFI/dataset/Test/dataset_residential.h5,3056,,b6bd202217b3f2562157e1038bcba5e409117e816ec310169a08f80a8701576c,38,residential
S1,304,ieee_dataport/LoRa_RFFI-main/LoRa_RFFI/dataset/Test/dataset_residential.h5,3066,,fb18e8f6b36fa9a92c413fc0a784eab90a68cdd8f57f9938becc1f3fa8bd85cc,38,residential
S1,305,ieee_dataport/LoRa_RFFI-main/LoRa_RFFI/dataset/Test/dataset_residential.h5,3079,,6645d8d2f191d523e38594b3b0ad4495c38de2ace8a95a4235225083424f9f40,38,residential
S1,306,ieee_dataport/LoRa_RFFI-main/LoRa_RFFI/dataset/Test/dataset_residential.h5,3085,,7a2929c9336bf2c0185c76b214810a5b6efc31121463f0ec817aea502a338412,38,residential
S1,307,ieee_dataport/LoRa_RFFI-main/LoRa_RFFI/dataset/Test/dataset_residential.h5,3102,,8f13c01e7a3d540f55d05d145767b9d16f46d9b293cebc8591457b7a845ff27d,38,residential
S1,308,ieee_dataport/LoRa_RFFI-main/LoRa_RFFI/dataset/Test/dataset_residential.h5,3104,,b309c5384cc56aa4a97951c9e42db7009bf9875a58d0d9b5d819cf8a5617c2eb,38,residential
S1,309,ieee_dataport/LoRa_RFFI-main/LoRa_RFFI/dataset/Test/dataset_residential.h5,3106,,7825994938dc83b1d0cd185973e66eaa0dbd2f5c4bfd4d19069a4d42c7f738e6,38,residential
S1,310,ieee_dataport/LoRa_RFFI-main/LoRa_RFFI/dataset/Test/dataset_residential.h5,3107,,266a3d78c1dcf2aefd7971b5b4632ef7f09d56d84005cdc040f6e49b8aef1081,38,residential
S1,311,ieee_dataport/LoRa_RFFI-main/LoRa_RFFI/dataset/Test/dataset_residential.h5,3113,,d73847fba11364ce5b4449efeb6cfdb06deadc4363d0bda26d197104a814d82f,38,residential
S1,312,ieee_dataport/LoRa_RFFI-main/LoRa_RFFI/dataset/Test/dataset_residential.h5,3143,,27d6fa9d6779e6df250e58c6e9788503c306ccb57850e2fc507308265a35c6c7,38,residential
S1,313,ieee_dataport/LoRa_RFFI-main/LoRa_RFFI/dataset/Test/dataset_residential.h5,3144,,1fe230a51375bcfab25a3cdc2e93fc423ba62269da9287ec62e922c85a4f4628,38,residential
S1,314,ieee_dataport/LoRa_RFFI-main/LoRa_RFFI/dataset/Test/dataset_residential.h5,3146,,70816097fa4786fa1b6eb836448769529bc482a02ddf4ec3371f29fcc6a677ae,38,residential
S1,315,ieee_dataport/LoRa_RFFI-main/LoRa_RFFI/dataset/Test/dataset_residential.h5,3150,,9232ca785413726aa7bbf37a65d89520a0ecb583f8f304cc03a3c90a5e6746ba,38,residential
S1,316,ieee_dataport/LoRa_RFFI-main/LoRa_RFFI/dataset/Test/dataset_residential.h5,3157,,d437c798df04ff96f3126983de9ed68d9f6ffcf8fa4fc4e245a45eaad5709dce,38,residential
S1,317,ieee_dataport/LoRa_RFFI-main/LoRa_RFFI/dataset/Test/dataset_residential.h5,3165,,ed0e39a149b6a97eb380893dd259bbf90f1d72d4559b7629b55d887b2a2d39f1,38,residential
S1,318,ieee_dataport/LoRa_RFFI-main/LoRa_RFFI/dataset/Test/dataset_residential.h5,3177,,38c8b13413c176eeedfbfd53609c2e8421507a49869f20c17c99fc7d9607067d,38,residential
S1,319,ieee_dataport/LoRa_RFFI-main/LoRa_RFFI/dataset/Test/dataset_residential.h5,3194,,be059e88a32656df4a70bd71a49d2c979d68c3612f4219d30d5d4eb1eec78ccc,38,residential
S1,320,ieee_dataport/LoRa_RFFI-main/LoRa_RFFI/dataset/Test/dataset_residential.h5,3211,,d2115d39bf32d8443e26fb278dba64426a536018ce46c509a4687d1cc8bc7e5d,39,residential
S1,321,ieee_dataport/LoRa_RFFI-main/LoRa_RFFI/dataset/Test/dataset_residential.h5,3221,,55d1b26837b5ad2d985a7282f7b065cdde15dc0ec417ae5102bcffb0020deefb,39,residential
S1,322,ieee_dataport/LoRa_RFFI-main/LoRa_RFFI/dataset/Test/dataset_residential.h5,3225,,2d37dba5648ecd3d1e8328a024a6809d9db610eb71371ea92e14ad78acf1d9e8,39,residential
S1,323,ieee_dataport/LoRa_RFFI-main/LoRa_RFFI/dataset/Test/dataset_residential.h5,3229,,95c14852d9332ce7b8385be5892a474dab6a5fc72b081a1c3bd021b0dc93b193,39,residential
S1,324,ieee_dataport/LoRa_RFFI-main/LoRa_RFFI/dataset/Test/dataset_residential.h5,3237,,77d9438e1e4af8b6680f8ef7447a4d4cbe6a4cea1ae88a93f6e64fb83df84f4e,39,residential
S1,325,ieee_dataport/LoRa_RFFI-main/LoRa_RFFI/dataset/Test/dataset_residential.h5,3249,,061fa17e149b94fc451deb0cc11565e06c5d5e4acc6795f9851517a081d69240,39,residential
S1,326,ieee_dataport/LoRa_RFFI-main/LoRa_RFFI/dataset/Test/dataset_residential.h5,3267,,f3b6863f392e6a00a20bf0d004d4ed1b8302976c3b9f8dfa05bcb83646553468,39,residential
S1,327,ieee_dataport/LoRa_RFFI-main/LoRa_RFFI/dataset/Test/dataset_residential.h5,3272,,dcd8ef4d118ee4ef236b32e7363bb7507c5f06e2eb626cfc4eaab06a41f2c151,39,residential
S1,328,ieee_dataport/LoRa_RFFI-main/LoRa_RFFI/dataset/Test/dataset_residential.h5,3287,,a9ebd4c63f70fe68470be6599442185a138f8dacac1b3643d5eafc64ffba0712,39,residential
S1,329,ieee_dataport/LoRa_RFFI-main/LoRa_RFFI/dataset/Test/dataset_residential.h5,3289,,7482de0778c16ac9068d106ef9f58db3c06acc6331f08d71d8716c0e10f39c63,39,residential
S1,330,ieee_dataport/LoRa_RFFI-main/LoRa_RFFI/dataset/Test/dataset_residential.h5,3298,,b907b4ebc08a072340a4d454a29c001e337673b59b5747eabf68e297fcdb233c,39,residential
S1,331,ieee_dataport/LoRa_RFFI-main/LoRa_RFFI/dataset/Test/dataset_residential.h5,3300,,385190d9b3b66e1bb01b4c84e34070d136b3f598bb5f40c9ad09770b7067c514,39,residential
S1,332,ieee_dataport/LoRa_RFFI-main/LoRa_RFFI/dataset/Test/dataset_residential.h5,3309,,278c92514c1ceeb43a172c85aea3fb55840efa2118fd42dbf635bac6c8489ff0,39,residential
S1,333,ieee_dataport/LoRa_RFFI-main/LoRa_RFFI/dataset/Test/dataset_residential.h5,3314,,6bd12d561414161f213623b8fb65f807f65d2525ee990ffb4f6fca070204474e,39,residential
S1,334,ieee_dataport/LoRa_RFFI-main/LoRa_RFFI/dataset/Test/dataset_residential.h5,3315,,e4ab9f8e1bec94dad41f53d6df264b9323c7cc2abf5bc0e006b3388ff84d1190,39,residential
S1,335,ieee_dataport/LoRa_RFFI-main/LoRa_RFFI/dataset/Test/dataset_residential.h5,3320,,cb3a073a813fadf225e451a55490ec7d3ce7930da0783725bb66c6deb9ac22a9,39,residential
S1,336,ieee_dataport/LoRa_RFFI-main/LoRa_RFFI/dataset/Test/dataset_residential.h5,3322,,31b4d469b2aedd9550bf25aec53a30ae724bb584a144fe7b689ede5311ed0db5,39,residential
S1,337,ieee_dataport/LoRa_RFFI-main/LoRa_RFFI/dataset/Test/dataset_residential.h5,3323,,0401658ffa26b5d145dfaf2e8d2bc1dc5e30486bc528f383158d6c5149b3c636,39,residential
S1,338,ieee_dataport/LoRa_RFFI-main/LoRa_RFFI/dataset/Test/dataset_residential.h5,3327,,10f286390e0b2ecc2886e299086afe2877c6aef4230105ce02a30bc6c922f57a,39,residential
S1,339,ieee_dataport/LoRa_RFFI-main/LoRa_RFFI/dataset/Test/dataset_residential.h5,3329,,f50402ea63257a1917b108f8d7fa59dad4865bc9a76462bb30a9ed5a5945d79b,39,residential
S1,340,ieee_dataport/LoRa_RFFI-main/LoRa_RFFI/dataset/Test/dataset_residential.h5,3337,,973cd2d1ff1a3a208f68600ee92f7c78575414c93827c4e2c80980d25f06fa55,39,residential
S1,341,ieee_dataport/LoRa_RFFI-main/LoRa_RFFI/dataset/Test/dataset_residential.h5,3338,,6b44fc9ec0bfd5ffe51c663ffc19fb856a9733b1c1f66b95061830eab669ea5f,39,residential
S1,342,ieee_dataport/LoRa_RFFI-main/LoRa_RFFI/dataset/Test/dataset_residential.h5,3346,,90155732dafe6a49f87cb61a24498b3ff34b83f9e8ec4a1ad90eee0e8eda676e,39,residential
S1,343,ieee_dataport/LoRa_RFFI-main/LoRa_RFFI/dataset/Test/dataset_residential.h5,3353,,8fe2fb69267f6be17ad7ec88bf187047d2b82cbb6c721eaac70ae93d4368bfe4,39,residential
S1,344,ieee_dataport/LoRa_RFFI-main/LoRa_RFFI/dataset/Test/dataset_residential.h5,3363,,e05bc478629ece45851e9e5f18b83bc3ead8a8a45fc2bf9e9d2a16600875d079,39,residential
S1,345,ieee_dataport/LoRa_RFFI-main/LoRa_RFFI/dataset/Test/dataset_residential.h5,3364,,1f0e86ad431026e6f0e469442468399f647b37724dc1209baecdeab466af66aa,39,residential
S1,346,ieee_dataport/LoRa_RFFI-main/LoRa_RFFI/dataset/Test/dataset_residential.h5,3384,,6b9affb16733b68fcb4ccf1580c4310050d873f89f43f10d0f074c3ed6119469,39,residential
S1,347,ieee_dataport/LoRa_RFFI-main/LoRa_RFFI/dataset/Test/dataset_residential.h5,3387,,488142183b672613325fbc9441161e8f20e76171f13e37edf11c6b9580d5ddc5,39,residential
S1,348,ieee_dataport/LoRa_RFFI-main/LoRa_RFFI/dataset/Test/dataset_residential.h5,3392,,149969cde59fa3bb9e01008b8d629362196da6e15e29e7d4a55f3570fc367f65,39,residential
S1,349,ieee_dataport/LoRa_RFFI-main/LoRa_RFFI/dataset/Test/dataset_residential.h5,3415,,37ff667bf4d41df87581ea1b161ae112ed88a955519d12e885b25c09ad7b178d,39,residential
S1,350,ieee_dataport/LoRa_RFFI-main/LoRa_RFFI/dataset/Test/dataset_residential.h5,3443,,4fedd945a9265aa041e4b0a63ad33c7d20319e1d4cf2163dc70eba3f4d55ae8b,39,residential
S1,351,ieee_dataport/LoRa_RFFI-main/LoRa_RFFI/dataset/Test/dataset_residential.h5,3457,,6dd53408a68bc89c587a870d3cc7f0e3fbdc4d425900958c57dae91ad2c22d8a,39,residential
S1,352,ieee_dataport/LoRa_RFFI-main/LoRa_RFFI/dataset/Test/dataset_residential.h5,3462,,0e0c0c6a3187ed05bb0351f516202ad0ef13a38e729047febecf75bfddb98e8b,39,residential
S1,353,ieee_dataport/LoRa_RFFI-main/LoRa_RFFI/dataset/Test/dataset_residential.h5,3487,,bc71bf28c2fe46d665813c0352655cf441c040382ef098e550e4650cb3e71622,39,residential
S1,354,ieee_dataport/LoRa_RFFI-main/LoRa_RFFI/dataset/Test/dataset_residential.h5,3506,,3900d62abe55ab746f1bb7294bd4b577fe8531318562312a8a3c88ca8942c16b,39,residential
S1,355,ieee_dataport/LoRa_RFFI-main/LoRa_RFFI/dataset/Test/dataset_residential.h5,3566,,18a78f21563546fda3cd47ff5e61d7244b96b237896054f15dad5234ec999f1f,39,residential
S1,356,ieee_dataport/LoRa_RFFI-main/LoRa_RFFI/dataset/Test/dataset_residential.h5,3583,,7949bf0ddc44a15fee6f070351a610e9733467e678f6b1dcc83c90cc5ff21f6a,39,residential
S1,357,ieee_dataport/LoRa_RFFI-main/LoRa_RFFI/dataset/Test/dataset_residential.h5,3587,,0054d8f232a750134f399f96d74a1b5434c3ff407c7bbea82bf070acaee800a1,39,residential
S1,358,ieee_dataport/LoRa_RFFI-main/LoRa_RFFI/dataset/Test/dataset_residential.h5,3595,,8676b1dd06f6509adca8508a407f373a07edba9227a1e79efb672588d752e832,39,residential
S1,359,ieee_dataport/LoRa_RFFI-main/LoRa_RFFI/dataset/Test/dataset_residential.h5,3599,,e42a62aa6d5b2d366a9819654670cdf91f81531c09243be51b75b8118164b346,39,residential
S1,360,ieee_dataport/LoRa_RFFI-main/LoRa_RFFI/dataset/Test/dataset_residential.h5,3626,,d1dab7b0cb325e37d9944a6858afd4c1eca42112a504b3312f368afc6359a9d1,40,residential
S1,361,ieee_dataport/LoRa_RFFI-main/LoRa_RFFI/dataset/Test/dataset_residential.h5,3641,,3fd44b41d4ac20ad172054eab9df9e3a97c6f3230f22f1be032ea3f9a889c1c1,40,residential
S1,362,ieee_dataport/LoRa_RFFI-main/LoRa_RFFI/dataset/Test/dataset_residential.h5,3651,,932da1cd8f7034f8ff3a09a0914caba3d80b9af51df3e56eb0581b0d658eefb9,40,residential
S1,363,ieee_dataport/LoRa_RFFI-main/LoRa_RFFI/dataset/Test/dataset_residential.h5,3658,,1bce36d5e56bca1d5450928465d21077c3e3ff3feefc5e255d9b1b07ebd3aa19,40,residential
S1,364,ieee_dataport/LoRa_RFFI-main/LoRa_RFFI/dataset/Test/dataset_residential.h5,3660,,7f781d4dc6845be58d6a5b1f6f8c91ba9a87354ad21c31fedd3c927576b10344,40,residential
S1,365,ieee_dataport/LoRa_RFFI-main/LoRa_RFFI/dataset/Test/dataset_residential.h5,3667,,080a429370f39a36ce671afafe45f2659f95bca293f40bfdbc1fd26b09ab0c2e,40,residential
S1,366,ieee_dataport/LoRa_RFFI-main/LoRa_RFFI/dataset/Test/dataset_residential.h5,3669,,48696375f17b1500248091a82c282db4eaab7e1bfa7edd4111de8b3b38025640,40,residential
S1,367,ieee_dataport/LoRa_RFFI-main/LoRa_RFFI/dataset/Test/dataset_residential.h5,3677,,562c09762372b09dd3dc12281f382d5092c553c6c6a04cfef9df310e771d8782,40,residential
S1,368,ieee_dataport/LoRa_RFFI-main/LoRa_RFFI/dataset/Test/dataset_residential.h5,3681,,fa2843b91aa10cb1b6df1d60cb330c61ced4fc6670aa4924530f8f976050a463,40,residential
S1,369,ieee_dataport/LoRa_RFFI-main/LoRa_RFFI/dataset/Test/dataset_residential.h5,3701,,9464e67f9fc90d17d2bca73f3095c5e51ad0115c3c29ebf3c0c6e7a57405d48a,40,residential
S1,370,ieee_dataport/LoRa_RFFI-main/LoRa_RFFI/dataset/Test/dataset_residential.h5,3717,,46bd64a6359fb2f54b1abdc39b4746ae4522f89ee4126eada1e550381c988911,40,residential
S1,371,ieee_dataport/LoRa_RFFI-main/LoRa_RFFI/dataset/Test/dataset_residential.h5,3719,,70927137bd0998b4ff6f981b95cc15aa03ca65d4fd1a17b4fdb6dd329cb3e20c,40,residential
S1,372,ieee_dataport/LoRa_RFFI-main/LoRa_RFFI/dataset/Test/dataset_residential.h5,3724,,4e85b36d01161fa5c69ea3c1bd788ccb24a5818a692abafe996bc2f4bdfc23bc,40,residential
S1,373,ieee_dataport/LoRa_RFFI-main/LoRa_RFFI/dataset/Test/dataset_residential.h5,3734,,dda0b8a57ab834791380534faf5f3eb43289404c2052d345014e17867d564703,40,residential
S1,374,ieee_dataport/LoRa_RFFI-main/LoRa_RFFI/dataset/Test/dataset_residential.h5,3735,,5f733f8cca1ccb071cbc4f6668f35c1c2c3348af7bede0e7e793b03ccf4d191e,40,residential
S1,375,ieee_dataport/LoRa_RFFI-main/LoRa_RFFI/dataset/Test/dataset_residential.h5,3739,,9ca002016f360fb7f963775c2832e4907110a28d3f69aefba069c77671d921d5,40,residential
S1,376,ieee_dataport/LoRa_RFFI-main/LoRa_RFFI/dataset/Test/dataset_residential.h5,3740,,ee4fb9a364982333615a1c5d2717f96b41c44ab276ae8a3ce99d869e56a1fb0e,40,residential
S1,377,ieee_dataport/LoRa_RFFI-main/LoRa_RFFI/dataset/Test/dataset_residential.h5,3741,,88628ed45ead17e49fb383a1839e89125cba3ff05748929b1ec13c1913c9d957,40,residential
S1,378,ieee_dataport/LoRa_RFFI-main/LoRa_RFFI/dataset/Test/dataset_residential.h5,3752,,8810634cdae967fd8c6dcb301bc7fd41aa32444a3c487e7016f0efeb8f8ac6ba,40,residential
S1,379,ieee_dataport/LoRa_RFFI-main/LoRa_RFFI/dataset/Test/dataset_residential.h5,3785,,c0a53c30f58bdaa837c4f5e11d90226a75e317995ba1ca95b961a4540d5c2e72,40,residential
S1,380,ieee_dataport/LoRa_RFFI-main/LoRa_RFFI/dataset/Test/dataset_residential.h5,3797,,b81fa6b1db7a1e923a4348cdac92dd8b07789536615efb3d7b132558315c807a,40,residential
S1,381,ieee_dataport/LoRa_RFFI-main/LoRa_RFFI/dataset/Test/dataset_residential.h5,3817,,abe0b8090c2c74785de7c1bb4cb56cf4a09229662fa81b5151dc4e6a2f45f1bf,40,residential
S1,382,ieee_dataport/LoRa_RFFI-main/LoRa_RFFI/dataset/Test/dataset_residential.h5,3821,,00fc57baeab752b44369d35181fa9a476817eb5698ce757b2a139f87c4e1a30b,40,residential
S1,383,ieee_dataport/LoRa_RFFI-main/LoRa_RFFI/dataset/Test/dataset_residential.h5,3822,,5f9dead66fbeea8e100852795df0127b70c45d6577fc1cd9de75f7a5cace55ef,40,residential
S1,384,ieee_dataport/LoRa_RFFI-main/LoRa_RFFI/dataset/Test/dataset_residential.h5,3837,,eb312a8c78bb2baa63584c1a5018cef72e467b448f88b20ba8fb90027a34916e,40,residential
S1,385,ieee_dataport/LoRa_RFFI-main/LoRa_RFFI/dataset/Test/dataset_residential.h5,3861,,e0c629b5d7f83c741d89c9e1e972ee98d93e5e61c3b1c8e2fab10b5bedd6438f,40,residential
S1,386,ieee_dataport/LoRa_RFFI-main/LoRa_RFFI/dataset/Test/dataset_residential.h5,3883,,11a028eff17abfa07f4e8179db9d339b8dd262d2753f81cbcc84022405a31088,40,residential
S1,387,ieee_dataport/LoRa_RFFI-main/LoRa_RFFI/dataset/Test/dataset_residential.h5,3895,,fd35ad75e481b8e9a0a026eb286fe99f2dac22c5164cd25cece7856c3e77d238,40,residential
S1,388,ieee_dataport/LoRa_RFFI-main/LoRa_RFFI/dataset/Test/dataset_residential.h5,3897,,984468204adc0f2bb32d9352eac5214ae60c8fbedf2ea198cd1362e4248e8b1f,40,residential
S1,389,ieee_dataport/LoRa_RFFI-main/LoRa_RFFI/dataset/Test/dataset_residential.h5,3907,,8f00b4f4d6714bace4fbc078842dabe526b51371707792235630caf7d0275183,40,residential
S1,390,ieee_dataport/LoRa_RFFI-main/LoRa_RFFI/dataset/Test/dataset_residential.h5,3912,,9708b3bebc25f05a3c26bf32c79bdc6d1b879f3bc7a7cc1c29effee70ec9e077,40,residential
S1,391,ieee_dataport/LoRa_RFFI-main/LoRa_RFFI/dataset/Test/dataset_residential.h5,3914,,1cec764d942bdcabfb2e72a0d11ad3ae12b1de35ab342d9cf9d70007a0841b38,40,residential
S1,392,ieee_dataport/LoRa_RFFI-main/LoRa_RFFI/dataset/Test/dataset_residential.h5,3927,,25f7a41f8ddbb1b2600e58cfa1d75a07e827729a2004b221859ce49ee8205fcc,40,residential
S1,393,ieee_dataport/LoRa_RFFI-main/LoRa_RFFI/dataset/Test/dataset_residential.h5,3935,,8354d98fa0ac822a51be1d0457edf89418dd2f633b4be357ed7ad16e9b605cff,40,residential
S1,394,ieee_dataport/LoRa_RFFI-main/LoRa_RFFI/dataset/Test/dataset_residential.h5,3944,,685259a29237c89f78c7660aa875c468d0b5820899325fe00cf2304ce9f10c80,40,residential
S1,395,ieee_dataport/LoRa_RFFI-main/LoRa_RFFI/dataset/Test/dataset_residential.h5,3962,,52ea0d3edbd6fe20c896de2562e86b39fd18e4f13afce903d46ab588fa1f5d7f,40,residential
S1,396,ieee_dataport/LoRa_RFFI-main/LoRa_RFFI/dataset/Test/dataset_residential.h5,3967,,ec71571a225dd5683b33ad2ccdb0d982dd8df9171b93acda5517e13b19f12d3a,40,residential
S1,397,ieee_dataport/LoRa_RFFI-main/LoRa_RFFI/dataset/Test/dataset_residential.h5,3983,,971c5d8b2b81c1d4f6c27c927fd2731cb32484c6c81b40dbeb691957da5d3593,40,residential
S1,398,ieee_dataport/LoRa_RFFI-main/LoRa_RFFI/dataset/Test/dataset_residential.h5,3991,,814548df89ea5262c1f93db29424449b213a315d6a3b69955e0ef7f2e6166d03,40,residential
S1,399,ieee_dataport/LoRa_RFFI-main/LoRa_RFFI/dataset/Test/dataset_residential.h5,3997,,50ee7265ce9c0494b871219556960a8b8595ccccfe53e4c55e3035a52769d8e3,40,residential
S1,400,ieee_dataport/LoRa_RFFI-main/LoRa_RFFI/dataset/Test/channel_problem/A.h5,4,,5cee7d797f437944f694438d5456d79c8869758cc548d3131d1a2f69179dc57a,31,A
S1,401,ieee_dataport/LoRa_RFFI-main/LoRa_RFFI/dataset/Test/channel_problem/A.h5,5,,adc96a4664ab4c58f689c36d0a638d6530c08f98743978dec1ff42494725e76e,31,A
S1,402,ieee_dataport/LoRa_RFFI-main/LoRa_RFFI/dataset/Test/channel_problem/A.h5,6,,ce9b98adef071dfe624fdae5ec1f8c094db2dea7ee8b9828a8fe6d64737bfec3,31,A
S1,403,ieee_dataport/LoRa_RFFI-main/LoRa_RFFI/dataset/Test/channel_problem/A.h5,14,,25f478ee22048bdb254e9f7e4cb6caf8c3919f3aa15257c342fa0d231b247f0d,31,A
S1,404,ieee_dataport/LoRa_RFFI-main/LoRa_RFFI/dataset/Test/channel_problem/A.h5,19,,97fbe43d7afcb0eeb777d04bfb1104944b4d175a079a315a5065fdfe5d789797,31,A
S1,405,ieee_dataport/LoRa_RFFI-main/LoRa_RFFI/dataset/Test/channel_problem/A.h5,20,,9d97d6db562461e299685ab1dc74aee6953316d61c05f2810ef2298419d027f0,31,A
S1,406,ieee_dataport/LoRa_RFFI-main/LoRa_RFFI/dataset/Test/channel_problem/A.h5,21,,868db94a284fb738b1ed6f6784f3971df43760dbebc4cddf8f98cecdd6130e07,31,A
S1,407,ieee_dataport/LoRa_RFFI-main/LoRa_RFFI/dataset/Test/channel_problem/A.h5,27,,f1beb3d8ad7dc37a91de5cef818b1cddce8e7396bed23268bdc2e4ba6015e59c,31,A
S1,408,ieee_dataport/LoRa_RFFI-main/LoRa_RFFI/dataset/Test/channel_problem/A.h5,32,,092870670df85b4cca54397c839ac74cb7cbd853e43b0c4ce9685969c8596ec8,31,A
S1,409,ieee_dataport/LoRa_RFFI-main/LoRa_RFFI/dataset/Test/channel_problem/A.h5,38,,f5c7780f2685c9b8312637f418a74972b1ec4dfb986acdec05b05daa0ca0557e,31,A
S1,410,ieee_dataport/LoRa_RFFI-main/LoRa_RFFI/dataset/Test/channel_problem/A.h5,40,,104ed2d3b9e7ed138777b33d9a9f30df8c6fe7a7f57a6991a4ef372ee11f1ab0,31,A
S1,411,ieee_dataport/LoRa_RFFI-main/LoRa_RFFI/dataset/Test/channel_problem/A.h5,42,,0213c87ff041116f652efb90aadb97b1553bdd695b7adfc556367f6896bf3a96,31,A
S1,412,ieee_dataport/LoRa_RFFI-main/LoRa_RFFI/dataset/Test/channel_problem/A.h5,54,,fd5d310403feb5f25a35c2c76d8a40a9f9336a1653ffd7d2af758f17d882f6fe,31,A
S1,413,ieee_dataport/LoRa_RFFI-main/LoRa_RFFI/dataset/Test/channel_problem/A.h5,61,,e576a0627fc122adf2f3b227bce783ac318f2c30341f6b06a0b253ad7e2abcef,31,A
S1,414,ieee_dataport/LoRa_RFFI-main/LoRa_RFFI/dataset/Test/channel_problem/A.h5,63,,3cef7f64766c254b1a09d79fecf651c0f34ded609c656131f3db2272d85b5e8d,31,A
S1,415,ieee_dataport/LoRa_RFFI-main/LoRa_RFFI/dataset/Test/channel_problem/A.h5,69,,c3b7fb1438144ec67314cdff89d5a76f9dce43ff393c591130f18b7f9f98e12c,31,A
S1,416,ieee_dataport/LoRa_RFFI-main/LoRa_RFFI/dataset/Test/channel_problem/A.h5,83,,3dc455529619c2b960263d570e25c1f8238d5e018d4ea0d753c4f2d8eb05352b,31,A
S1,417,ieee_dataport/LoRa_RFFI-main/LoRa_RFFI/dataset/Test/channel_problem/A.h5,85,,1fc17183ee78bda48ff15d67eaf5e1ade8550da596aa71e610251bd68f503a8f,31,A
S1,418,ieee_dataport/LoRa_RFFI-main/LoRa_RFFI/dataset/Test/channel_problem/A.h5,86,,d10cbc8c1a45c604898efb2dc20fbd3880c12c6e12acf3582c25461c6b25adf5,31,A
S1,419,ieee_dataport/LoRa_RFFI-main/LoRa_RFFI/dataset/Test/channel_problem/A.h5,101,,d3158338071a5d16be793687b5cd07aec627ce5bb1717374739dc3ec03988598,31,A
S1,420,ieee_dataport/LoRa_RFFI-main/LoRa_RFFI/dataset/Test/channel_problem/A.h5,105,,ad6f4c48e8494782689455aa4f81e6d94bbbcdc264dc050fbfd51aa9b1f609a4,31,A
S1,421,ieee_dataport/LoRa_RFFI-main/LoRa_RFFI/dataset/Test/channel_problem/A.h5,113,,4c3aa6d94a9e4b6eca7d32c6d9fbe6fcc8df2e951c11071b3c049d5edabd3d7f,31,A
S1,422,ieee_dataport/LoRa_RFFI-main/LoRa_RFFI/dataset/Test/channel_problem/A.h5,114,,ac1c7298b1e7ea40c9a4e950e2818e68d1e3fa526227e92d2d661d89c8da53ff,31,A
S1,423,ieee_dataport/LoRa_RFFI-main/LoRa_RFFI/dataset/Test/channel_problem/A.h5,120,,22a2ff56dba11f544652d37aff9a1d55043c67890a8ae76a30b9f97e7fb45236,31,A
S1,424,ieee_dataport/LoRa_RFFI-main/LoRa_RFFI/dataset/Test/channel_problem/A.h5,133,,b8cf62081b7be7d237c03dd832f99e1b91a5780c67304dd6433efa4ea790d25b,31,A
S1,425,ieee_dataport/LoRa_RFFI-main/LoRa_RFFI/dataset/Test/channel_problem/A.h5,144,,365abc0f672814781063e69a978767a394e9f057862fe065c2d959be574e5618,31,A
S1,426,ieee_dataport/LoRa_RFFI-main/LoRa_RFFI/dataset/Test/channel_problem/A.h5,146,,ddf11ad5925273a1419353593762392a1ad6840307165117e9eefbb48ee6ad94,31,A
S1,427,ieee_dataport/LoRa_RFFI-main/LoRa_RFFI/dataset/Test/channel_problem/A.h5,154,,187b42425681aa31938f11b65ddf8ad591b24decd9609771844ebe09f6a19dc8,31,A
S1,428,ieee_dataport/LoRa_RFFI-main/LoRa_RFFI/dataset/Test/channel_problem/A.h5,159,,b7c3ea95b572391c3a5bc0c6d610d2ea36ad003fbc126fd63bf71a4df270ed71,31,A
S1,429,ieee_dataport/LoRa_RFFI-main/LoRa_RFFI/dataset/Test/channel_problem/A.h5,162,,ddf4abe8352042d9474fdf28acfebfd3f25561115172d842ee92e725e48ceb4e,31,A
S1,430,ieee_dataport/LoRa_RFFI-main/LoRa_RFFI/dataset/Test/channel_problem/A.h5,165,,7585008fb70f70361cdbd74d2bce18086d66bf79c5d1b13a9a4368153db27ce3,31,A
S1,431,ieee_dataport/LoRa_RFFI-main/LoRa_RFFI/dataset/Test/channel_problem/A.h5,172,,100ab079fafb3fcb4791102d01d2cfcbbdeb71ab06cbf0fdaee4399d7ae8e958,31,A
S1,432,ieee_dataport/LoRa_RFFI-main/LoRa_RFFI/dataset/Test/channel_problem/A.h5,174,,b215fc6253caf020c8d2ee1b96c34ed30f2beb9044fe6e64dd52ab1337b6f84d,31,A
S1,433,ieee_dataport/LoRa_RFFI-main/LoRa_RFFI/dataset/Test/channel_problem/A.h5,177,,ab83ffda9de297308ca4b49956e3e868f1fe9ef7adec74d492fc2b3aa3d6c0fe,31,A
S1,434,ieee_dataport/LoRa_RFFI-main/LoRa_RFFI/dataset/Test/channel_problem/A.h5,180,,1eda5e909d157676ed959c44b3260b654cc8a4736966b3c7937f311c22254a5d,31,A
S1,435,ieee_dataport/LoRa_RFFI-main/LoRa_RFFI/dataset/Test/channel_problem/A.h5,185,,02e823194f6daf0570a6ad8ccc393f15b478ab7033629261675b0938e8bb3a10,31,A
S1,436,ieee_dataport/LoRa_RFFI-main/LoRa_RFFI/dataset/Test/channel_problem/A.h5,189,,25c93f7dc73cab413f4556d383b5f4fa62850ff9dc64512df66849ffa91e4791,31,A
S1,437,ieee_dataport/LoRa_RFFI-main/LoRa_RFFI/dataset/Test/channel_problem/A.h5,196,,c9aecf51b382776a028e65ae6338d451407aa29ac5818fafff8b8a74d9137231,31,A
S1,438,ieee_dataport/LoRa_RFFI-main/LoRa_RFFI/dataset/Test/channel_problem/A.h5,197,,f88e946ee33088d12842c9ede71c38ad86f45ca20cac8c54088e2d2281558c1c,31,A
S1,439,ieee_dataport/LoRa_RFFI-main/LoRa_RFFI/dataset/Test/channel_problem/A.h5,199,,ffc6516c5e144a9c23bf312d8ce77901a10ce9b5fba426ca537e22b98fbfe517,31,A
S1,440,ieee_dataport/LoRa_RFFI-main/LoRa_RFFI/dataset/Test/channel_problem/A.h5,210,,002a4d5b950ed14459d6b0c974615ada3b0346993cb11cfb6ab0afdb7abd22d1,32,A
S1,441,ieee_dataport/LoRa_RFFI-main/LoRa_RFFI/dataset/Test/channel_problem/A.h5,212,,003540aff2234e27449840b06b0d5b0e3a5339087abf7fba30092fc84034d17a,32,A
S1,442,ieee_dataport/LoRa_RFFI-main/LoRa_RFFI/dataset/Test/channel_problem/A.h5,217,,27af8c8b23dd2ccfc99698457f604635bd1eecac6bf8f0f3ada6e64224ed5821,32,A
S1,443,ieee_dataport/LoRa_RFFI-main/LoRa_RFFI/dataset/Test/channel_problem/A.h5,221,,b656bcd403767db297420de66c42171f99952e38dfbd9adfe5931c7b96d37494,32,A
S1,444,ieee_dataport/LoRa_RFFI-main/LoRa_RFFI/dataset/Test/channel_problem/A.h5,224,,9d1ddd1fb344098946cc873f66df9bcc2aa4b9d2adc1b8fc17e545e97114f6d3,32,A
S1,445,ieee_dataport/LoRa_RFFI-main/LoRa_RFFI/dataset/Test/channel_problem/A.h5,225,,c4ce5a1eda1ade916a9a72e898e915cbf876f4297465ab4e4b30842c9d1daf14,32,A
S1,446,ieee_dataport/LoRa_RFFI-main/LoRa_RFFI/dataset/Test/channel_problem/A.h5,235,,c761a6efb3282011812e726aa0716a852c9fbf88098588510f2989dcbb031f00,32,A
S1,447,ieee_dataport/LoRa_RFFI-main/LoRa_RFFI/dataset/Test/channel_problem/A.h5,236,,925e78860b156eb2e8f5acd7ae65727aa784318007c2ee2f3971ec2411b31820,32,A
S1,448,ieee_dataport/LoRa_RFFI-main/LoRa_RFFI/dataset/Test/channel_problem/A.h5,245,,99acb7fa15cc573c32d743aef9eb86fc8684bd6050401a149e8690dad097290b,32,A
S1,449,ieee_dataport/LoRa_RFFI-main/LoRa_RFFI/dataset/Test/channel_problem/A.h5,254,,b2718f981dbab7b4a4a8bd666a771dabecb4f47e7f5f0343e3bd212f09b6ea9e,32,A
S1,450,ieee_dataport/LoRa_RFFI-main/LoRa_RFFI/dataset/Test/channel_problem/A.h5,255,,de882c75cb6cd7c453c92ec30913091720028e665d85973b56809b40e0ea3f2d,32,A
S1,451,ieee_dataport/LoRa_RFFI-main/LoRa_RFFI/dataset/Test/channel_problem/A.h5,259,,a448f182e5566b7b389b8e05b8c1c72c2a94c64b71a209c2606ee71237cb3694,32,A
S1,452,ieee_dataport/LoRa_RFFI-main/LoRa_RFFI/dataset/Test/channel_problem/A.h5,263,,18c5b68d488cd11248c6f61f5c40c3b56b7ab2b1fca9a77ac013e746ff9b0d33,32,A
S1,453,ieee_dataport/LoRa_RFFI-main/LoRa_RFFI/dataset/Test/channel_problem/A.h5,266,,b84e94e20aef4c5ff459ffc5e52e5049432220b9614b08ce3e615c20769e87e1,32,A
S1,454,ieee_dataport/LoRa_RFFI-main/LoRa_RFFI/dataset/Test/channel_problem/A.h5,268,,126b9682d3bb1296ec2e39927fbc6bdc3e3e11a8911311545af855f17e222c75,32,A
S1,455,ieee_dataport/LoRa_RFFI-main/LoRa_RFFI/dataset/Test/channel_problem/A.h5,270,,09993968a1a8dc520a6178560e04d74c4521a5171ed42cf8733ec00a7de2d8e3,32,A
S1,456,ieee_dataport/LoRa_RFFI-main/LoRa_RFFI/dataset/Test/channel_problem/A.h5,272,,039571921c44e4b3389e648ed632f14a7f2c93efd4e4410a05bad497603e9c0f,32,A
S1,457,ieee_dataport/LoRa_RFFI-main/LoRa_RFFI/dataset/Test/channel_problem/A.h5,280,,3f8c2381df295aab7c5f76d3ad6e28a5d6b4f4877fc1f36edef4d3e309ab67b0,32,A
S1,458,ieee_dataport/LoRa_RFFI-main/LoRa_RFFI/dataset/Test/channel_problem/A.h5,286,,f92c356e5787c5b3e1b93e2a7d9d11aef08e0497fde8f725f6b6775bf9826b91,32,A
S1,459,ieee_dataport/LoRa_RFFI-main/LoRa_RFFI/dataset/Test/channel_problem/A.h5,290,,70603774e4dca5b9fd3a3fbcf0d431296ba1b60fc429b273c9a41b73d69953c1,32,A
S1,460,ieee_dataport/LoRa_RFFI-main/LoRa_RFFI/dataset/Test/channel_problem/A.h5,291,,7ff537b005711aaafcfeb29a8ff1e2cfd0c61aaa4dcd59bc6008fcdea56dcfd7,32,A
S1,461,ieee_dataport/LoRa_RFFI-main/LoRa_RFFI/dataset/Test/channel_problem/A.h5,296,,9d9f76aec22c6a97b20e61655ad8a0f3662f080df3fba5ace511d4f85c373ffe,32,A
S1,462,ieee_dataport/LoRa_RFFI-main/LoRa_RFFI/dataset/Test/channel_problem/A.h5,298,,4a17b989aa1200f905380b2739786c43b804b6004eccdc34a2f37137fc78bab6,32,A
S1,463,ieee_dataport/LoRa_RFFI-main/LoRa_RFFI/dataset/Test/channel_problem/A.h5,308,,8475bb08632e893dd913aff548777f69acd43882101efd345f8ea3a6bc5f5027,32,A
S1,464,ieee_dataport/LoRa_RFFI-main/LoRa_RFFI/dataset/Test/channel_problem/A.h5,320,,95a3e65dc7d4560603d0ca3fe3f6349777a01a7166e82a647140656ee0e2ff68,32,A
S1,465,ieee_dataport/LoRa_RFFI-main/LoRa_RFFI/dataset/Test/channel_problem/A.h5,323,,896c701594a6b09f081e0cf527136f691f393aeca6536c419cbaeb029a915826,32,A
S1,466,ieee_dataport/LoRa_RFFI-main/LoRa_RFFI/dataset/Test/channel_problem/A.h5,327,,faf353d61b942e1f0f3dcedef1c66e48dae05372fd8f1ffe516b32cf4e746f78,32,A
S1,467,ieee_dataport/LoRa_RFFI-main/LoRa_RFFI/dataset/Test/channel_problem/A.h5,331,,66fdc2e004c72d7f62aca4db4817f7c9c006d00d3f8264958e7096b27be660d8,32,A
S1,468,ieee_dataport/LoRa_RFFI-main/LoRa_RFFI/dataset/Test/channel_problem/A.h5,332,,def885c3e784f009884c249f6883d65e438adfd1ee324948a468c74056cb1bc7,32,A
S1,469,ieee_dataport/LoRa_RFFI-main/LoRa_RFFI/dataset/Test/channel_problem/A.h5,335,,8089cc3b7a602592766fba807f0c5b521f6983772e8852a5cd48bb197b53bd06,32,A
S1,470,ieee_dataport/LoRa_RFFI-main/LoRa_RFFI/dataset/Test/channel_problem/A.h5,344,,d2ab224fc3f09631fb2ab3ff3e35eab8ae543310c01cda7983f18e969b1f3eaa,32,A
S1,471,ieee_dataport/LoRa_RFFI-main/LoRa_RFFI/dataset/Test/channel_problem/A.h5,345,,30790bec7672815e1547aa37250c67cab7c76bd7aed2962dba730614fadef030,32,A
S1,472,ieee_dataport/LoRa_RFFI-main/LoRa_RFFI/dataset/Test/channel_problem/A.h5,357,,167e74909f8e19996297d2c969f82d7e0b0b181130f1cb130f6fd4d4016742b1,32,A
S1,473,ieee_dataport/LoRa_RFFI-main/LoRa_RFFI/dataset/Test/channel_problem/A.h5,358,,c96543eed1bc4be6807308c7f4163acae67fe37c4b94ec3a068771df83d134cf,32,A
S1,474,ieee_dataport/LoRa_RFFI-main/LoRa_RFFI/dataset/Test/channel_problem/A.h5,368,,ddc5c662c96f687932884a4d7e4b4bfd8ebb729cc69cc1643e5dafb82825b87e,32,A
S1,475,ieee_dataport/LoRa_RFFI-main/LoRa_RFFI/dataset/Test/channel_problem/A.h5,369,,e98940f21b9439bde905c4dae74756eb0a0dab45bc12cc0c4dc4fd2b6ff9d3e5,32,A
S1,476,ieee_dataport/LoRa_RFFI-main/LoRa_RFFI/dataset/Test/channel_problem/A.h5,377,,c153ceb5443ceebc50ed279896d19a627b24d55222b67286b6ce000355f0a829,32,A
S1,477,ieee_dataport/LoRa_RFFI-main/LoRa_RFFI/dataset/Test/channel_problem/A.h5,379,,bb649cff4cb056215651701fdc892a5df7c9d1a0094b1e08eb336fd7994f524f,32,A
S1,478,ieee_dataport/LoRa_RFFI-main/LoRa_RFFI/dataset/Test/channel_problem/A.h5,383,,1d26dbeede896aa2d501f1ec33d09b9c43448afdc306f12c283fa506bf21e0af,32,A
S1,479,ieee_dataport/LoRa_RFFI-main/LoRa_RFFI/dataset/Test/channel_problem/A.h5,384,,352e6409a5fa76944554080a820aec45a04861b91887a8dba106cc7746500bf0,32,A
S1,480,ieee_dataport/LoRa_RFFI-main/LoRa_RFFI/dataset/Test/channel_problem/A.h5,404,,cf0c81250942e500ea2181465ee5b4dbd0cd7d18d98e49ea62e49e398d9d2f63,33,A
S1,481,ieee_dataport/LoRa_RFFI-main/LoRa_RFFI/dataset/Test/channel_problem/A.h5,409,,54ea87bc14cba18ef3d854aa2411001983bd73656ea805d4d55c3713b1a309a2,33,A
S1,482,ieee_dataport/LoRa_RFFI-main/LoRa_RFFI/dataset/Test/channel_problem/A.h5,424,,c538ee4499d886622e9aaa22eac41088d667fa31e5d4d2143e16dbabe29eb088,33,A
S1,483,ieee_dataport/LoRa_RFFI-main/LoRa_RFFI/dataset/Test/channel_problem/A.h5,427,,5e7bea1e02fb81764ee4cf403621133de5377e39beba081588849bbf3f5534de,33,A
S1,484,ieee_dataport/LoRa_RFFI-main/LoRa_RFFI/dataset/Test/channel_problem/A.h5,437,,333c1db0cf3334f8f3c3d95f2c3da60f4668f4a953b4bb958989995ad69b38c7,33,A
S1,485,ieee_dataport/LoRa_RFFI-main/LoRa_RFFI/dataset/Test/channel_problem/A.h5,439,,d53fb1b2a096d8bf20031a5df2eb00034268ca4e6d1a5833623a82c83582716f,33,A
S1,486,ieee_dataport/LoRa_RFFI-main/LoRa_RFFI/dataset/Test/channel_problem/A.h5,441,,81a7df80163b10842cb9290996029ec10778957e0b3bcbd8ccbbe9811e585ad3,33,A
S1,487,ieee_dataport/LoRa_RFFI-main/LoRa_RFFI/dataset/Test/channel_problem/A.h5,444,,d1872d810e2145c4ee5dcf6b2c36026c02a1faffafcec9cbb2d2af31ecffb8d1,33,A
S1,488,ieee_dataport/LoRa_RFFI-main/LoRa_RFFI/dataset/Test/channel_problem/A.h5,451,,7a04d886a3971c43359fbc9a3f56d817706e570eac5567663e49b8ed4b8fe458,33,A
S1,489,ieee_dataport/LoRa_RFFI-main/LoRa_RFFI/dataset/Test/channel_problem/A.h5,470,,87a1b4c45bd08aa24b044bdb65945d6619191be5464f0d7e2fa7b91c3b720143,33,A
S1,490,ieee_dataport/LoRa_RFFI-main/LoRa_RFFI/dataset/Test/channel_problem/A.h5,473,,f79324e881eab7d7ddca4af5dd91031e17571a7649fea643c64a10e68e83ea1c,33,A
S1,491,ieee_dataport/LoRa_RFFI-main/LoRa_RFFI/dataset/Test/channel_problem/A.h5,474,,4f6bb468fc1df7b31ba6cfe5e6c50652a5fa3d220957325cfceaa748638bd0ce,33,A
S1,492,ieee_dataport/LoRa_RFFI-main/LoRa_RFFI/dataset/Test/channel_problem/A.h5,475,,2c2a5d49db3761f69a8d3d0c0a7bd8293ca8017b04c411cbadbaa7e1c734cf42,33,A
S1,493,ieee_dataport/LoRa_RFFI-main/LoRa_RFFI/dataset/Test/channel_problem/A.h5,480,,1bb0a48b0c8095c2a3f66779374d7e8de1a4fc590fd4781633953f6fb30f521c,33,A
S1,494,ieee_dataport/LoRa_RFFI-main/LoRa_RFFI/dataset/Test/channel_problem/A.h5,484,,a957c0a8b20c8b9d7c2189b58bba734178eeb3df9cac066845a3555eea795be3,33,A
S1,495,ieee_dataport/LoRa_RFFI-main/LoRa_RFFI/dataset/Test/channel_problem/A.h5,489,,e333f57b9b95529197e94da2a0c70f8e97c26672c59c243b92ae05f14218b947,33,A
S1,496,ieee_dataport/LoRa_RFFI-main/LoRa_RFFI/dataset/Test/channel_problem/A.h5,490,,604dbe45e8caad0283edfae5302004d65ddeced1de4df4ac9f63ea65a0155901,33,A
S1,497,ieee_dataport/LoRa_RFFI-main/LoRa_RFFI/dataset/Test/channel_problem/A.h5,491,,b4632d47d6421f38f1b33cc2349c943d5eb518f4d3512669ee4480fddd2164ea,33,A
S1,498,ieee_dataport/LoRa_RFFI-main/LoRa_RFFI/dataset/Test/channel_problem/A.h5,494,,467381c42f4a934915c8260b9dd18260ae93ce07af071c644cd063fafdc01213,33,A
S1,499,ieee_dataport/LoRa_RFFI-main/LoRa_RFFI/dataset/Test/channel_problem/A.h5,495,,bb09490ca111b13a8828a74ab958fbed89470d65e67f427977387ff523441250,33,A
S1,500,ieee_dataport/LoRa_RFFI-main/LoRa_RFFI/dataset/Test/channel_problem/A.h5,497,,d9701c264dffe3054d1e2598d0c7d74b8b06df7b864bf85a25f9dc0a3f895f88,33,A
S1,501,ieee_dataport/LoRa_RFFI-main/LoRa_RFFI/dataset/Test/channel_problem/A.h5,501,,fc6b9d43644c8f27368a3c0b56bf5e99ebb997bbc7d2df8f043f110b70738475,33,A
S1,502,ieee_dataport/LoRa_RFFI-main/LoRa_RFFI/dataset/Test/channel_problem/A.h5,504,,d89ab1fe9a5632042ed2c1a62863124abbd6d5423ba20698528fb6db719a7306,33,A
S1,503,ieee_dataport/LoRa_RFFI-main/LoRa_RFFI/dataset/Test/channel_problem/A.h5,506,,93e4a120fafc264c96b849cc967149dd832fede5870a6e3e1c57d558d0df4f0b,33,A
S1,504,ieee_dataport/LoRa_RFFI-main/LoRa_RFFI/dataset/Test/channel_problem/A.h5,513,,b039c8e2053a637af15a86d01188259a621cc9499caea63baceb014ff2857217,33,A
S1,505,ieee_dataport/LoRa_RFFI-main/LoRa_RFFI/dataset/Test/channel_problem/A.h5,516,,7800f2501f007a64a2b030c074ea17228282ec05a7b33986c49f6721fd9f3768,33,A
S1,506,ieee_dataport/LoRa_RFFI-main/LoRa_RFFI/dataset/Test/channel_problem/A.h5,519,,9cfa06998f1bf8dc4778a79ba24d49b078a84992181283581dba4a49187c725b,33,A
S1,507,ieee_dataport/LoRa_RFFI-main/LoRa_RFFI/dataset/Test/channel_problem/A.h5,531,,019ffbfc410c420ae7982c2532c3e179f3d0ad745b7fd29f3a647603228f5dfb,33,A
S1,508,ieee_dataport/LoRa_RFFI-main/LoRa_RFFI/dataset/Test/channel_problem/A.h5,536,,cbab60ddb2e5117030630c372f15801a77086e061a5460cca150a56e28647e7f,33,A
S1,509,ieee_dataport/LoRa_RFFI-main/LoRa_RFFI/dataset/Test/channel_problem/A.h5,540,,79862510a3062a0bf40f8b8130cf4cc53ee22a1d0168c2fd686de966c0ec4078,33,A
S1,510,ieee_dataport/LoRa_RFFI-main/LoRa_RFFI/dataset/Test/channel_problem/A.h5,541,,e45cf2a9407bd4517ad3585efee94e386a15be5f64fb7a14845785486153a9d8,33,A
S1,511,ieee_dataport/LoRa_RFFI-main/LoRa_RFFI/dataset/Test/channel_problem/A.h5,543,,1e0ec4e02f328ac5a1a382beec9302fcda085a22fe2a6c5aac48ac07e4b14025,33,A
S1,512,ieee_dataport/LoRa_RFFI-main/LoRa_RFFI/dataset/Test/channel_problem/A.h5,545,,378fb36729aa46bb3a6fb5d90eb4cfb1d0cf58ef08b1d40d840ae156146baa5c,33,A
S1,513,ieee_dataport/LoRa_RFFI-main/LoRa_RFFI/dataset/Test/channel_problem/A.h5,558,,6f019da900da8d6f3f7b2e546741329beadb3bde09d44b3fe414c1606fca8734,33,A
S1,514,ieee_dataport/LoRa_RFFI-main/LoRa_RFFI/dataset/Test/channel_problem/A.h5,564,,c51c15ada942d45c291d56b76b9edf029f2658aad5a7e9d49cb9f55cb70171d9,33,A
S1,515,ieee_dataport/LoRa_RFFI-main/LoRa_RFFI/dataset/Test/channel_problem/A.h5,569,,1a208aa657a7a37f0b0169930925fc38e1b318b608d268b757dcaa0fe9ac1489,33,A
S1,516,ieee_dataport/LoRa_RFFI-main/LoRa_RFFI/dataset/Test/channel_problem/A.h5,571,,7dc511ee8589028b811aa2f5820c265c669975f174fce033fb7918507761b0c8,33,A
S1,517,ieee_dataport/LoRa_RFFI-main/LoRa_RFFI/dataset/Test/channel_problem/A.h5,578,,cd4ec81763224e10cfd440f2d911741937b7ecc9dda66e9c3d2d94da0f7c487f,33,A
S1,518,ieee_dataport/LoRa_RFFI-main/LoRa_RFFI/dataset/Test/channel_problem/A.h5,583,,0f9e5ae886283ef0260f095063903e44c59f5f706ed4e875bd19a1bd2d95f4c3,33,A
S1,519,ieee_dataport/LoRa_RFFI-main/LoRa_RFFI/dataset/Test/channel_problem/A.h5,598,,8f93eb0f5898c13e599ae2aa45184dcdabadbd0d979413420189e7a19b48c424,33,A
S1,520,ieee_dataport/LoRa_RFFI-main/LoRa_RFFI/dataset/Test/channel_problem/A.h5,602,,430850b7ec3134b1281af77913d2b5787c882900b7eaf1fe2e27e1d0bf376b9e,34,A
S1,521,ieee_dataport/LoRa_RFFI-main/LoRa_RFFI/dataset/Test/channel_problem/A.h5,603,,4374037b1b181d21ed3e2ce69b7fe40c8bea2d64d293a51b1620b36e660ccbd5,34,A
S1,522,ieee_dataport/LoRa_RFFI-main/LoRa_RFFI/dataset/Test/channel_problem/A.h5,606,,e94c1c29940ceb4a553c45b5340ec5bbc05a69f6c901d13d751ef861d3fde70f,34,A
S1,523,ieee_dataport/LoRa_RFFI-main/LoRa_RFFI/dataset/Test/channel_problem/A.h5,610,,d861998672df69abc801653c4b9af0c237cbb8baaa2b62815560c7308fbd7c7d,34,A
S1,524,ieee_dataport/LoRa_RFFI-main/LoRa_RFFI/dataset/Test/channel_problem/A.h5,619,,f74ec318da83936d45a7c8116c46ed445918da2b2d472eafc63fdfbb201f0912,34,A
S1,525,ieee_dataport/LoRa_RFFI-main/LoRa_RFFI/dataset/Test/channel_problem/A.h5,623,,8d6f992b067d8dffc29a72e5783e1117b69f3a4ebeafae32eb5dfb0403f710b8,34,A
S1,526,ieee_dataport/LoRa_RFFI-main/LoRa_RFFI/dataset/Test/channel_problem/A.h5,635,,e9d68ee986614fed9fc899d61c4c9255f7cdf2f5ff3ddb9b6c5d29e0244dcb6f,34,A
S1,527,ieee_dataport/LoRa_RFFI-main/LoRa_RFFI/dataset/Test/channel_problem/A.h5,637,,10027e56f0553aa1c1806ba235b5bb3b142a5384c57baa8d49b3ec250517a215,34,A
S1,528,ieee_dataport/LoRa_RFFI-main/LoRa_RFFI/dataset/Test/channel_problem/A.h5,638,,59219508400367215dfbfcad1daf7c2ee383eaa758a472e7313fe4d0ca7bd574,34,A
S1,529,ieee_dataport/LoRa_RFFI-main/LoRa_RFFI/dataset/Test/channel_problem/A.h5,639,,9f47748d8667e2d20ec10dd8ae363052c6c2532d6a72771c37f833dc25b1c6cf,34,A
S1,530,ieee_dataport/LoRa_RFFI-main/LoRa_RFFI/dataset/Test/channel_problem/A.h5,641,,05becf6edeb29b9ae26e489d20a6888bc7a3468bc8f82c8faed22d6c30b6e598,34,A
S1,531,ieee_dataport/LoRa_RFFI-main/LoRa_RFFI/dataset/Test/channel_problem/A.h5,644,,d288ad3435783837213311c691a280c3f009ce5d0ff2ccb13daffea9cf4d7cc2,34,A
S1,532,ieee_dataport/LoRa_RFFI-main/LoRa_RFFI/dataset/Test/channel_problem/A.h5,645,,30e8a6d7bbe38a6335c301ee7987bd5dc0ba4c6f1264794804311cb31e7c5ff9,34,A
S1,533,ieee_dataport/LoRa_RFFI-main/LoRa_RFFI/dataset/Test/channel_problem/A.h5,661,,58bfeb71257820df66754eabe57c340ae6cd004cd5bd28223ffc9a8509a0cb02,34,A
S1,534,ieee_dataport/LoRa_RFFI-main/LoRa_RFFI/dataset/Test/channel_problem/A.h5,666,,6d6fe60a45e4777459d649a02c4b7003e57979edbb4aa52456bd9306d9716b4b,34,A
S1,535,ieee_dataport/LoRa_RFFI-main/LoRa_RFFI/dataset/Test/channel_problem/A.h5,671,,98d2399d17c693ec8f1c5fafbb734f6fde8ede2109efd0b3400aa1ce270f588b,34,A
S1,536,ieee_dataport/LoRa_RFFI-main/LoRa_RFFI/dataset/Test/channel_problem/A.h5,674,,79599b5ddf16dde518a66d2057ba823332157631e8a612ad531f95b4300268cd,34,A
S1,537,ieee_dataport/LoRa_RFFI-main/LoRa_RFFI/dataset/Test/channel_problem/A.h5,675,,1526cddb4f6005754c0025caa0904699b7223c340aef39b50cb7b2ab6ebbedee,34,A
S1,538,ieee_dataport/LoRa_RFFI-main/LoRa_RFFI/dataset/Test/channel_problem/A.h5,682,,9f0f5055ece626529dfd4596b0a4e6bf3ceb501179aa4c49d638285de1a22941,34,A
S1,539,ieee_dataport/LoRa_RFFI-main/LoRa_RFFI/dataset/Test/channel_problem/A.h5,690,,aeaa07faa5e991d273f3abcd9576a74a90c3f87ba8938a96fef1739f71c85e39,34,A
S1,540,ieee_dataport/LoRa_RFFI-main/LoRa_RFFI/dataset/Test/channel_problem/A.h5,697,,2f10c62cbbed42911719f4be58b94a8bc18be5defa42665c5d70aa50aed6bec8,34,A
S1,541,ieee_dataport/LoRa_RFFI-main/LoRa_RFFI/dataset/Test/channel_problem/A.h5,703,,48c61b2c4b74ce2662f75f9e43eb268a3637dee8b68aac00dbd7a8a84448ee73,34,A
S1,542,ieee_dataport/LoRa_RFFI-main/LoRa_RFFI/dataset/Test/channel_problem/A.h5,705,,49643fd894db492c45d79d5bf1167d865e53c4cdc5a5517ce7babc3539d36198,34,A
S1,543,ieee_dataport/LoRa_RFFI-main/LoRa_RFFI/dataset/Test/channel_problem/A.h5,708,,2df23bc8a4d1f17230fb2c226d33dcb9a4f288377146a8018e1fe641e29b0f12,34,A
S1,544,ieee_dataport/LoRa_RFFI-main/LoRa_RFFI/dataset/Test/channel_problem/A.h5,717,,6d8f8242908095ca24e2b93bb8c1b1cf53ee239bb5d4fe1ee65afc99d3e62e48,34,A
S1,545,ieee_dataport/LoRa_RFFI-main/LoRa_RFFI/dataset/Test/channel_problem/A.h5,719,,96e5a85c18b5fd6e46a904d1258623ac75b97e92d183ee7c77e0ff36e997b65f,34,A
S1,546,ieee_dataport/LoRa_RFFI-main/LoRa_RFFI/dataset/Test/channel_problem/A.h5,729,,7a704f9376a4d1905115505d2a4d7d25eb11904e8b524bd7855227744ccce8f6,34,A
S1,547,ieee_dataport/LoRa_RFFI-main/LoRa_RFFI/dataset/Test/channel_problem/A.h5,732,,cf95e9050da24e6d3288e0d278be38b2e0e9b9effbcf63ab270b9b72eef8e31b,34,A
S1,548,ieee_dataport/LoRa_RFFI-main/LoRa_RFFI/dataset/Test/channel_problem/A.h5,733,,7463855568f12c113a077684b5290a893fe1f18c37928e9730af37b81ddb0210,34,A
S1,549,ieee_dataport/LoRa_RFFI-main/LoRa_RFFI/dataset/Test/channel_problem/A.h5,741,,bacb3290dda7a4e75ad2e992c413f111680d7595daea8ffa33f0053141887ca7,34,A
S1,550,ieee_dataport/LoRa_RFFI-main/LoRa_RFFI/dataset/Test/channel_problem/A.h5,745,,444d36aa4e85b930a3c155300e77f23724348ad52523e7bd28202ae8907dfcdb,34,A
S1,551,ieee_dataport/LoRa_RFFI-main/LoRa_RFFI/dataset/Test/channel_problem/A.h5,747,,12ddea82dc8bc97b7293778892785af98c1d7d896fc04c7e1c8e4ac95bd96e65,34,A
S1,552,ieee_dataport/LoRa_RFFI-main/LoRa_RFFI/dataset/Test/channel_problem/A.h5,749,,1ba5425cb630eabdb61861aaa49107125a1fa88188971cdbc8cc6b7cc7cea612,34,A
S1,553,ieee_dataport/LoRa_RFFI-main/LoRa_RFFI/dataset/Test/channel_problem/A.h5,750,,b54cb8433ed518303309ad57191c1e9a24ed6d492dba42ff12c8265084ee27c9,34,A
S1,554,ieee_dataport/LoRa_RFFI-main/LoRa_RFFI/dataset/Test/channel_problem/A.h5,769,,c97cd876eadb217e7ee544bbd03faa665c01c5a0bf8b7471d9a698ab3b40f917,34,A
S1,555,ieee_dataport/LoRa_RFFI-main/LoRa_RFFI/dataset/Test/channel_problem/A.h5,772,,c10263169fe3c4902046dbb308c3cb1f6f1b5ed1192308088c131bb75e2277ac,34,A
S1,556,ieee_dataport/LoRa_RFFI-main/LoRa_RFFI/dataset/Test/channel_problem/A.h5,778,,2bc4cbd0516c54cb0d9e9c0d2a356256733ac742516bf5405c5e4da61317ad6e,34,A
S1,557,ieee_dataport/LoRa_RFFI-main/LoRa_RFFI/dataset/Test/channel_problem/A.h5,786,,6239215e49c0640f985fc59100528c79d8062127270ab510bcb8d41a97a84753,34,A
S1,558,ieee_dataport/LoRa_RFFI-main/LoRa_RFFI/dataset/Test/channel_problem/A.h5,789,,2d21434612fdfe651eb8c59954333517d91b91c91fc5249b71d4f07296cbf8bf,34,A
S1,559,ieee_dataport/LoRa_RFFI-main/LoRa_RFFI/dataset/Test/channel_problem/A.h5,795,,d7f6e4e8bb4f4d2b5ef96380b4ff1f92a2f2f8d45339d6a20ce7feb8311d6998,34,A
S1,560,ieee_dataport/LoRa_RFFI-main/LoRa_RFFI/dataset/Test/channel_problem/A.h5,800,,15aec3817c967c8429d51773f59f856c02d13f0059a490cede01f19d0ff494af,35,A
S1,561,ieee_dataport/LoRa_RFFI-main/LoRa_RFFI/dataset/Test/channel_problem/A.h5,807,,aa8b15434695bf3642ee003192fdadb68c451f47746c8653c8befdfe865966e6,35,A
S1,562,ieee_dataport/LoRa_RFFI-main/LoRa_RFFI/dataset/Test/channel_problem/A.h5,808,,e7f9e1b04168e9e7339e48a76f1470f5de931614b89c26453b72b61678dba272,35,A
S1,563,ieee_dataport/LoRa_RFFI-main/LoRa_RFFI/dataset/Test/channel_problem/A.h5,813,,41b64b2a5bd7903c32e57ea2fe58304d8f8a34ceef72ca32c5048028c84c7063,35,A
S1,564,ieee_dataport/LoRa_RFFI-main/LoRa_RFFI/dataset/Test/channel_problem/A.h5,814,,37906c641f71aa43e55920b81dbbd37eb621a7f68fe0ccc6a7f9ab73e096a282,35,A
S1,565,ieee_dataport/LoRa_RFFI-main/LoRa_RFFI/dataset/Test/channel_problem/A.h5,815,,0bce741ef6ee507f9d46dc9ee4828f0e4b7ceee7af0dfdc3146fe99fc70e14d8,35,A
S1,566,ieee_dataport/LoRa_RFFI-main/LoRa_RFFI/dataset/Test/channel_problem/A.h5,820,,535371548016ee5e3a7b62cb4c352ec0a2dd06661b8f67bcf98eba3008377825,35,A
S1,567,ieee_dataport/LoRa_RFFI-main/LoRa_RFFI/dataset/Test/channel_problem/A.h5,821,,4bf571d7919713b89a3d90f5e417e773eacb5d09ad73d06ef2b9f23697d7bdd8,35,A
S1,568,ieee_dataport/LoRa_RFFI-main/LoRa_RFFI/dataset/Test/channel_problem/A.h5,833,,86ed3d0dbadf06648795deb75cff4b0e6d011018763dd8ed0d162b73a7a180b0,35,A
S1,569,ieee_dataport/LoRa_RFFI-main/LoRa_RFFI/dataset/Test/channel_problem/A.h5,846,,395a320f487eb73cf2761ba2120217b802048815f2a63f084f9901de034576f8,35,A
S1,570,ieee_dataport/LoRa_RFFI-main/LoRa_RFFI/dataset/Test/channel_problem/A.h5,849,,9b9755579127ab53c5e4fcbe7c2e77328d148417423c8f99ede868c11f653d57,35,A
S1,571,ieee_dataport/LoRa_RFFI-main/LoRa_RFFI/dataset/Test/channel_problem/A.h5,857,,c33d8162df479582cd245d2e2b4f0328c7851d820d303be71d27998cc5e0fb0f,35,A
S1,572,ieee_dataport/LoRa_RFFI-main/LoRa_RFFI/dataset/Test/channel_problem/A.h5,859,,a689bcf1ef1ad17b3dbd0e329f2011e47f9dc0ceafe3a64df62731cd8d0b255d,35,A
S1,573,ieee_dataport/LoRa_RFFI-main/LoRa_RFFI/dataset/Test/channel_problem/A.h5,870,,4020fa2975d93409a58076e9536f496b19917f2956fc9fecd220a8d305de90b1,35,A
S1,574,ieee_dataport/LoRa_RFFI-main/LoRa_RFFI/dataset/Test/channel_problem/A.h5,872,,b00bdf9c2db79bd11c40224d04b6d3fda826d4e38a881fa5e734b9e71d007796,35,A
S1,575,ieee_dataport/LoRa_RFFI-main/LoRa_RFFI/dataset/Test/channel_problem/A.h5,878,,39d94392caddfc38bfdf95054e284ff26b0efc9386acace9d2555b120efe4934,35,A
S1,576,ieee_dataport/LoRa_RFFI-main/LoRa_RFFI/dataset/Test/channel_problem/A.h5,880,,c736446c2e6590a47a925a96ae1d2cf2575dafa49eddc1024c2eb22d2f4b5cd8,35,A
S1,577,ieee_dataport/LoRa_RFFI-main/LoRa_RFFI/dataset/Test/channel_problem/A.h5,882,,c2528c99bc21d0cd7bca6d7e6023a5ef7e411f7e06ac54129b35999295b80d94,35,A
S1,578,ieee_dataport/LoRa_RFFI-main/LoRa_RFFI/dataset/Test/channel_problem/A.h5,885,,11cac2ea10242c6b5eba50ce3d44f3c3586ba6e3f10e266b3ccc6f43b9467b32,35,A
S1,579,ieee_dataport/LoRa_RFFI-main/LoRa_RFFI/dataset/Test/channel_problem/A.h5,886,,3bb7e58c9904a5da9c1c0c0ceae184428870c2fa14769941d408ef6f431e86ec,35,A
S1,580,ieee_dataport/LoRa_RFFI-main/LoRa_RFFI/dataset/Test/channel_problem/A.h5,887,,e59873756488d5f9a89766b4b291663d937d771f240aaaf5c0c169502a9339fc,35,A
S1,581,ieee_dataport/LoRa_RFFI-main/LoRa_RFFI/dataset/Test/channel_problem/A.h5,890,,1e751c39ae3ad1173a4eed94a142ed1bf318dd79fdd3a9524db88446ba23fec6,35,A
S1,582,ieee_dataport/LoRa_RFFI-main/LoRa_RFFI/dataset/Test/channel_problem/A.h5,897,,bc6bc8ecea31a6e8816f5380d8d7006633cb36ba844fc675a2d23574075b08ea,35,A
S1,583,ieee_dataport/LoRa_RFFI-main/LoRa_RFFI/dataset/Test/channel_problem/A.h5,910,,b5ada6fb2f2c09265b0befb87d50beb8ae6d6b2a585d4137ac4fc89675c9d3ee,35,A
S1,584,ieee_dataport/LoRa_RFFI-main/LoRa_RFFI/dataset/Test/channel_problem/A.h5,911,,db9a6a5c5d8911c3e069490442ac3888e5e2730dff4027609f905d83a93732b8,35,A
S1,585,ieee_dataport/LoRa_RFFI-main/LoRa_RFFI/dataset/Test/channel_problem/A.h5,916,,eb1b596216568801338316469d63f67c0a8fecd62deed7621e4f6a78417d8159,35,A
S1,586,ieee_dataport/LoRa_RFFI-main/LoRa_RFFI/dataset/Test/channel_problem/A.h5,917,,9ddf961897cf5d9a99e91cca4185cbf0aa84dc0542b9f729073a2c1b264b7c8d,35,A
S1,587,ieee_dataport/LoRa_RFFI-main/LoRa_RFFI/dataset/Test/channel_problem/A.h5,918,,62e8ef6dfc07bbd645de8d15b4c254658f14cb5c2119dd661d809878060cdb72,35,A
S1,588,ieee_dataport/LoRa_RFFI-main/LoRa_RFFI/dataset/Test/channel_problem/A.h5,922,,dab35541160cbf0d8ddcb8807b98534dfab19e94691f0f1e6cb1423042d20f40,35,A
S1,589,ieee_dataport/LoRa_RFFI-main/LoRa_RFFI/dataset/Test/channel_problem/A.h5,926,,7620435965453cb6ef40819a8b9df79383202c33a8e7dd138001162efb314139,35,A
S1,590,ieee_dataport/LoRa_RFFI-main/LoRa_RFFI/dataset/Test/channel_problem/A.h5,931,,3f6297ecc1df57a03d9f84e161a8ad60cf3d48ba99ea963c62a03ec709430e7f,35,A
S1,591,ieee_dataport/LoRa_RFFI-main/LoRa_RFFI/dataset/Test/channel_problem/A.h5,938,,50ea09e22a79234af4a81b4405e84f0cd94d368343d760b6a6b360d923b89ab7,35,A
S1,592,ieee_dataport/LoRa_RFFI-main/LoRa_RFFI/dataset/Test/channel_problem/A.h5,947,,c516b3db0527d2e0006beac78e8957e574e1211ca6029d8cb4bf7625142c8c8e,35,A
S1,593,ieee_dataport/LoRa_RFFI-main/LoRa_RFFI/dataset/Test/channel_problem/A.h5,948,,8c8675ba6cd921096d43f76993cc7a18b933e25f930fcece4518f2e214a58b47,35,A
S1,594,ieee_dataport/LoRa_RFFI-main/LoRa_RFFI/dataset/Test/channel_problem/A.h5,949,,6282048dc9222507b2cca2fe043089746db11dc6ff1e5528dcf438dcac7fee58,35,A
S1,595,ieee_dataport/LoRa_RFFI-main/LoRa_RFFI/dataset/Test/channel_problem/A.h5,959,,87c5012dfa558742f9946f4f48c1f10ee68e923bc55b49aafdc419c63fe6f3ca,35,A
S1,596,ieee_dataport/LoRa_RFFI-main/LoRa_RFFI/dataset/Test/channel_problem/A.h5,975,,c6c8ab6d900e37d3a15dd40d40e471ba6596863733651a834a370b401dc9e724,35,A
S1,597,ieee_dataport/LoRa_RFFI-main/LoRa_RFFI/dataset/Test/channel_problem/A.h5,986,,56eac13e2838ae3c76c45208fce09a97550f766b16b3ea540f971aa6528d7645,35,A
S1,598,ieee_dataport/LoRa_RFFI-main/LoRa_RFFI/dataset/Test/channel_problem/A.h5,993,,a684f607d0d79948a7d88cb87b725505fa6a14ada91b3bc50563c043f80730f9,35,A
S1,599,ieee_dataport/LoRa_RFFI-main/LoRa_RFFI/dataset/Test/channel_problem/A.h5,996,,dafcb28cab7f2618e4faedca6d549058c3f4381c91c78bc2171cdb61573ef2b8,35,A
S1,600,ieee_dataport/LoRa_RFFI-main/LoRa_RFFI/dataset/Test/channel_problem/A.h5,1006,,b7250597c76f02c4a028413bb8dc7dfc9cb22715d9b6fca972e4f5dd9536a7f3,36,A
S1,601,ieee_dataport/LoRa_RFFI-main/LoRa_RFFI/dataset/Test/channel_problem/A.h5,1018,,8c93c56f1ce4be0d1808f6d65d0753e1cbbf688275e41342b615521b137821e5,36,A
S1,602,ieee_dataport/LoRa_RFFI-main/LoRa_RFFI/dataset/Test/channel_problem/A.h5,1022,,3c5be577d48727bbcee803e9cbfb878abfc9b452002e2d7b77165ba1d451ba89,36,A
S1,603,ieee_dataport/LoRa_RFFI-main/LoRa_RFFI/dataset/Test/channel_problem/A.h5,1027,,08347c68a90a86167740a0dfe244c6b2a23f08659de3aabb09baa1bc96b1c195,36,A
S1,604,ieee_dataport/LoRa_RFFI-main/LoRa_RFFI/dataset/Test/channel_problem/A.h5,1032,,0a46bd578f93acb248cc678b4396efc3ab5bdbfa4fae563b77ad4215887bccbf,36,A
S1,605,ieee_dataport/LoRa_RFFI-main/LoRa_RFFI/dataset/Test/channel_problem/A.h5,1043,,ddde05f368a16ec332bbcc34968e70607a2d9ccbdad0b904f6746d83fdb89815,36,A
S1,606,ieee_dataport/LoRa_RFFI-main/LoRa_RFFI/dataset/Test/channel_problem/A.h5,1044,,5c2efd6603dc391080bc4a3e4cb9c2c609228b5cecfa7da6a0269764fe3edda1,36,A
S1,607,ieee_dataport/LoRa_RFFI-main/LoRa_RFFI/dataset/Test/channel_problem/A.h5,1045,,35fb8db9f9c19e38edcb82cf9c5594be19157ea8e4c6a3c004ad217589276a3e,36,A
S1,608,ieee_dataport/LoRa_RFFI-main/LoRa_RFFI/dataset/Test/channel_problem/A.h5,1046,,c2e5a4256faa3e07726a3b8976c10cf905d1d3fb496d07b3f9b31488755818e9,36,A
S1,609,ieee_dataport/LoRa_RFFI-main/LoRa_RFFI/dataset/Test/channel_problem/A.h5,1047,,ec05487847aa9c9b6f1afd6cacbfd7fbc862bc7adb45a78a33009f9b49a8c2ef,36,A
S1,610,ieee_dataport/LoRa_RFFI-main/LoRa_RFFI/dataset/Test/channel_problem/A.h5,1048,,cb5971956bd82b17f391de6ca99eb22c09c724a043881d0ec62fa15d4651d60a,36,A
S1,611,ieee_dataport/LoRa_RFFI-main/LoRa_RFFI/dataset/Test/channel_problem/A.h5,1058,,b13fffec800d91720cf9c88b1ad748b1781049737fa3903b1a7095f42dbb8f8c,36,A
S1,612,ieee_dataport/LoRa_RFFI-main/LoRa_RFFI/dataset/Test/channel_problem/A.h5,1059,,3be1f4bbfbaba01c7b110cc053ae3d0b203c20f696aeb18709d9b08e986e5b89,36,A
S1,613,ieee_dataport/LoRa_RFFI-main/LoRa_RFFI/dataset/Test/channel_problem/A.h5,1066,,00eeb422cf6ba03d76fa16e2f17f1ddbb5bc1578fd4396d87089efa9941cc8bb,36,A
S1,614,ieee_dataport/LoRa_RFFI-main/LoRa_RFFI/dataset/Test/channel_problem/A.h5,1067,,ac3882decc571ef8ea10131996a7ab0b7b81e0d7255bd591424459adb59ae822,36,A
S1,615,ieee_dataport/LoRa_RFFI-main/LoRa_RFFI/dataset/Test/channel_problem/A.h5,1073,,7be2cce07a48e000123817da1fe71e283bab6501f850218716b3e11470992f55,36,A
S1,616,ieee_dataport/LoRa_RFFI-main/LoRa_RFFI/dataset/Test/channel_problem/A.h5,1075,,b09b9231c480f590850b0fdbc649fc9906cf0a4ea945300b997c0129d208e807,36,A
S1,617,ieee_dataport/LoRa_RFFI-main/LoRa_RFFI/dataset/Test/channel_problem/A.h5,1080,,509a3d021800a67c7b91e54b215cf1645a52f8a65960483b5a63170f9eba7dd6,36,A
S1,618,ieee_dataport/LoRa_RFFI-main/LoRa_RFFI/dataset/Test/channel_problem/A.h5,1084,,93c1d745ecf30d59c95966c69f5540e5ddc133e9b4ae1148c30ad407fd58b616,36,A
S1,619,ieee_dataport/LoRa_RFFI-main/LoRa_RFFI/dataset/Test/channel_problem/A.h5,1091,,343b8ae9b8ab7872a0e4f6be1cbd8b07c5fb643abec14b0f26ccd170076db8de,36,A
S1,620,ieee_dataport/LoRa_RFFI-main/LoRa_RFFI/dataset/Test/channel_problem/A.h5,1102,,135bb9beaa2f3d8caa9bb281307575fb6292ef01d5f3c9ff50a3c5b758e95f8f,36,A
S1,621,ieee_dataport/LoRa_RFFI-main/LoRa_RFFI/dataset/Test/channel_problem/A.h5,1103,,3aeb3aa8afb704106a24fdbd14cd8a67183e6b84e26e9e2ee9ec3aa6dc18396c,36,A
S1,622,ieee_dataport/LoRa_RFFI-main/LoRa_RFFI/dataset/Test/channel_problem/A.h5,1107,,228c503e3f5e78771b0a9e315ff86950b568beb7c5514c3250f895e5232b9a8f,36,A
S1,623,ieee_dataport/LoRa_RFFI-main/LoRa_RFFI/dataset/Test/channel_problem/A.h5,1129,,d1fab8f31257f5d7322962ba8e0e9ec9c3637b7c20cfe7e157bc6acf2b477c19,36,A
S1,624,ieee_dataport/LoRa_RFFI-main/LoRa_RFFI/dataset/Test/channel_problem/A.h5,1136,,bc8ac388696e208734afd14b59f9a077c805f3a47e79e7365ea4fd54c52ac877,36,A
S1,625,ieee_dataport/LoRa_RFFI-main/LoRa_RFFI/dataset/Test/channel_problem/A.h5,1144,,b940308bce2bdfa22075b09d547243bccc2e65080cb894cf57b71aa39eef2827,36,A
S1,626,ieee_dataport/LoRa_RFFI-main/LoRa_RFFI/dataset/Test/channel_problem/A.h5,1148,,0920239ed36007769362f9dbb7a819dec3d97e23af229c09a651c225492a6702,36,A
S1,627,ieee_dataport/LoRa_RFFI-main/LoRa_RFFI/dataset/Test/channel_problem/A.h5,1149,,c442aa48cd9bacbe20d76e9053b1658e9dcb3f82683f2fafa070d2ca784446b3,36,A
S1,628,ieee_dataport/LoRa_RFFI-main/LoRa_RFFI/dataset/Test/channel_problem/A.h5,1163,,35d91559fb99497873fc35537442d312fbf101e34d11bfd5d8fa275cabdb522d,36,A
S1,629,ieee_dataport/LoRa_RFFI-main/LoRa_RFFI/dataset/Test/channel_problem/A.h5,1164,,32e8a1a43365b8359d1f26dd404ea82d5f04e26d5fe423779e722029d539f9dc,36,A
S1,630,ieee_dataport/LoRa_RFFI-main/LoRa_RFFI/dataset/Test/channel_problem/A.h5,1167,,e5bf43e75a2efc9c66dfa80d186ebd344b7031aceda8f23c21f07c0126b6a0f1,36,A
S1,631,ieee_dataport/LoRa_RFFI-main/LoRa_RFFI/dataset/Test/channel_problem/A.h5,1172,,fa15474fa7dbf023015b804b60f726052a1162278c350d5c9d904ddce23fbe6b,36,A
S1,632,ieee_dataport/LoRa_RFFI-main/LoRa_RFFI/dataset/Test/channel_problem/A.h5,1174,,eedc94c4158f6480597fbe4787b1797737a4b2aed7ea689bfd52df88a3b8975e,36,A
S1,633,ieee_dataport/LoRa_RFFI-main/LoRa_RFFI/dataset/Test/channel_problem/A.h5,1175,,c576cc097b739817b807cbb39af3325fd55f80e6ccab556eaefdc409781cfa02,36,A
S1,634,ieee_dataport/LoRa_RFFI-main/LoRa_RFFI/dataset/Test/channel_problem/A.h5,1178,,ea044aa1386bacee2cd8414c1111dcb4525157838ca3272640faaa219fbe0e74,36,A
S1,635,ieee_dataport/LoRa_RFFI-main/LoRa_RFFI/dataset/Test/channel_problem/A.h5,1181,,14b49f9cc71967ce8e5ec0e388a3e1a99f1fad769d4517ea4856ff7e9c513889,36,A
S1,636,ieee_dataport/LoRa_RFFI-main/LoRa_RFFI/dataset/Test/channel_problem/A.h5,1184,,a101f7dd21b1aba2ed33bc6772a50078d67d6590becdad1630830b0f486a4b19,36,A
S1,637,ieee_dataport/LoRa_RFFI-main/LoRa_RFFI/dataset/Test/channel_problem/A.h5,1191,,48a61f88117ee950785aa3bd036bf4d8395f60f80e791587aa4a5293ec11f24b,36,A
S1,638,ieee_dataport/LoRa_RFFI-main/LoRa_RFFI/dataset/Test/channel_problem/A.h5,1198,,7fee09f64d56ffc18e478a2c0ef4d3ade19732e9b105e57af7df2feddb175af9,36,A
S1,639,ieee_dataport/LoRa_RFFI-main/LoRa_RFFI/dataset/Test/channel_problem/A.h5,1199,,84abe9ba78cf6b3ba199a574e32c413d0491aabf8f4bf6dbf0723bbdc0afad8b,36,A
S1,640,ieee_dataport/LoRa_RFFI-main/LoRa_RFFI/dataset/Test/channel_problem/A.h5,1208,,853e92fa85ce5c34e1bdbbb9c4c978d0a0e45f76a5eb488771712b78999f6e1a,37,A
S1,641,ieee_dataport/LoRa_RFFI-main/LoRa_RFFI/dataset/Test/channel_problem/A.h5,1213,,0b51a06b54a8fbec0aaa9b226263d02408ea7297b26d3cc20c311ae2a48722bb,37,A
S1,642,ieee_dataport/LoRa_RFFI-main/LoRa_RFFI/dataset/Test/channel_problem/A.h5,1222,,ff29b2de7cde713c92abcbe186e6e53590df38956187e89f9fbe22220a69ab3a,37,A
S1,643,ieee_dataport/LoRa_RFFI-main/LoRa_RFFI/dataset/Test/channel_problem/A.h5,1225,,91b366347dad5aaf0fbf4aa5cb24862045aeaf6832954174fd0d1a97bc333b3a,37,A
S1,644,ieee_dataport/LoRa_RFFI-main/LoRa_RFFI/dataset/Test/channel_problem/A.h5,1234,,e47bfbb5331766c179076124d4a62d162920c73424dda21b9a99a3a03a92ccbf,37,A
S1,645,ieee_dataport/LoRa_RFFI-main/LoRa_RFFI/dataset/Test/channel_problem/A.h5,1236,,063479390196377f554ad6c05b501f8e7d8c92001b8b72eb0c9f6147e7bf3918,37,A
S1,646,ieee_dataport/LoRa_RFFI-main/LoRa_RFFI/dataset/Test/channel_problem/A.h5,1241,,af3844730ac0e02a74dec6180275d58bd8ed79d7e44112e1de830562c5672198,37,A
S1,647,ieee_dataport/LoRa_RFFI-main/LoRa_RFFI/dataset/Test/channel_problem/A.h5,1249,,e1db861286f716cbf3d81a653a170f231426d6e0a2e48552187f18732c667095,37,A
S1,648,ieee_dataport/LoRa_RFFI-main/LoRa_RFFI/dataset/Test/channel_problem/A.h5,1262,,7a02e3a5c4fcbdd4f531e4db70573a67d4d0317112b8583d4955c5c540f66a50,37,A
S1,649,ieee_dataport/LoRa_RFFI-main/LoRa_RFFI/dataset/Test/channel_problem/A.h5,1270,,501d341eaa99f7eb3d18e063e9a96674a5268530b29f62129c56c1e262a196ed,37,A
S1,650,ieee_dataport/LoRa_RFFI-main/LoRa_RFFI/dataset/Test/channel_problem/A.h5,1271,,e273147e1f0426b659d10462557bbc6945ebddaacfd107d3f680b1d2a72cdb16,37,A
S1,651,ieee_dataport/LoRa_RFFI-main/LoRa_RFFI/dataset/Test/channel_problem/A.h5,1274,,965a52a6129a8571a2ef298171afe3efcdc182065677b858bba9a76b0dad0cc5,37,A
S1,652,ieee_dataport/LoRa_RFFI-main/LoRa_RFFI/dataset/Test/channel_problem/A.h5,1275,,35f4f45fe441ec0ee95c39102ddecb63ba2932562732dee01033ea46d0c0f984,37,A
S1,653,ieee_dataport/LoRa_RFFI-main/LoRa_RFFI/dataset/Test/channel_problem/A.h5,1276,,3c2389d8b0a8648cba92bdbca6c46c55d6185c259ffd24e430fa6d6f25874118,37,A
S1,654,ieee_dataport/LoRa_RFFI-main/LoRa_RFFI/dataset/Test/channel_problem/A.h5,1280,,06e20446ba581d38bf6bad7c0efcecf89dc15c6f6fa789919d7a0214e988fdc9,37,A
S1,655,ieee_dataport/LoRa_RFFI-main/LoRa_RFFI/dataset/Test/channel_problem/A.h5,1287,,ce0bf77cec1308fbc394058f6e4e6c9eb164c59bf02c8141ab7d9e1a7229992f,37,A
S1,656,ieee_dataport/LoRa_RFFI-main/LoRa_RFFI/dataset/Test/channel_problem/A.h5,1288,,b3992a937cef4520276dab686935b600c3d41ee8b51ea8af919c6399ab965537,37,A
S1,657,ieee_dataport/LoRa_RFFI-main/LoRa_RFFI/dataset/Test/channel_problem/A.h5,1296,,dfaa5d5edd43f8730686335870a62050cf7ef92f4d78059eac404a16f7e108c6,37,A
S1,658,ieee_dataport/LoRa_RFFI-main/LoRa_RFFI/dataset/Test/channel_problem/A.h5,1298,,f50fb350d5dcc3bdaef99752f0367fff7fef7bfaf814fc5764e8a6be63e9f86f,37,A
S1,659,ieee_dataport/LoRa_RFFI-main/LoRa_RFFI/dataset/Test/channel_problem/A.h5,1303,,33454f5e94a86f5ad276ed4a3ad6e89b2a738ec7a1408553baa6bd6440bc80ef,37,A
S1,660,ieee_dataport/LoRa_RFFI-main/LoRa_RFFI/dataset/Test/channel_problem/A.h5,1313,,392078a024326fd62fe240c70b8297ecea3dcb037af1a8db598bf438f801169c,37,A
S1,661,ieee_dataport/LoRa_RFFI-main/LoRa_RFFI/dataset/Test/channel_problem/A.h5,1315,,8bd829361651da5b1e00e95685a748739daf1ace55c67d690f15be0a0b03b271,37,A
S1,662,ieee_dataport/LoRa_RFFI-main/LoRa_RFFI/dataset/Test/channel_problem/A.h5,1318,,200027710f49fadf822d50d6021672e8f7496f749e4fcaae63990cc562282705,37,A
S1,663,ieee_dataport/LoRa_RFFI-main/LoRa_RFFI/dataset/Test/channel_problem/A.h5,1319,,3617b70f146bcebc498b9386706ce2380e44b250fd18cb0258149b1fc1f9b9f8,37,A
S1,664,ieee_dataport/LoRa_RFFI-main/LoRa_RFFI/dataset/Test/channel_problem/A.h5,1323,,5c2292cc74484dbcbb52446c03b1dee37259aa0c7a207627dede90cd53a6011f,37,A
S1,665,ieee_dataport/LoRa_RFFI-main/LoRa_RFFI/dataset/Test/channel_problem/A.h5,1325,,5dc32b2c26923d9932ecf3476a2534daadabaca5f41da202c2c2ec81b103f659,37,A
S1,666,ieee_dataport/LoRa_RFFI-main/LoRa_RFFI/dataset/Test/channel_problem/A.h5,1331,,4d599ee94b236981fad5349808d43cd990a2efdec05f858c72b4f4cf7867d0d3,37,A
S1,667,ieee_dataport/LoRa_RFFI-main/LoRa_RFFI/dataset/Test/channel_problem/A.h5,1346,,4942e86152a303568208f66dee01280830d0d6a08c51084a0f508904613597d6,37,A
S1,668,ieee_dataport/LoRa_RFFI-main/LoRa_RFFI/dataset/Test/channel_problem/A.h5,1357,,6d66f964781a0ae867dd999a815d133e4f62931aaa292ed69fb2fcefb97ae0a5,37,A
S1,669,ieee_dataport/LoRa_RFFI-main/LoRa_RFFI/dataset/Test/channel_problem/A.h5,1361,,147ff456d645f3cccebcb836d786f77e94664e22e5b4d99329330e947524e6ab,37,A
S1,670,ieee_dataport/LoRa_RFFI-main/LoRa_RFFI/dataset/Test/channel_problem/A.h5,1362,,acfc6113d8a4942537c600f33900b1b85b10bd6d86c8107256bb914a6132fe94,37,A
S1,671,ieee_dataport/LoRa_RFFI-main/LoRa_RFFI/dataset/Test/channel_problem/A.h5,1363,,17868c0aab73c784938fd9bd2fb6d7372cfe691aa320ea9ac4d5742097121a28,37,A
S1,672,ieee_dataport/LoRa_RFFI-main/LoRa_RFFI/dataset/Test/channel_problem/A.h5,1365,,3b1de3d44dd51bebe15087a024718932adc4332a1312f29395e932f8f542e306,37,A
S1,673,ieee_dataport/LoRa_RFFI-main/LoRa_RFFI/dataset/Test/channel_problem/A.h5,1370,,b84cc34aac865f1104cfc3924fe7c5d7a01bcea4aedc8b7f682d5addab77c7da,37,A
S1,674,ieee_dataport/LoRa_RFFI-main/LoRa_RFFI/dataset/Test/channel_problem/A.h5,1372,,d30d94929b4247b4308aa0abba92fa8d87a4ea888176944f4bb84c541081be2a,37,A
S1,675,ieee_dataport/LoRa_RFFI-main/LoRa_RFFI/dataset/Test/channel_problem/A.h5,1376,,e56a18859fd5e11ebb52d1ef6d3c09750f0b37d1a7c05ee9f27b21eaa3a863ef,37,A
S1,676,ieee_dataport/LoRa_RFFI-main/LoRa_RFFI/dataset/Test/channel_problem/A.h5,1378,,aa564e2f700fcb4f532fd5793d2c66f3da3625e4d0fcae1987b60c7cab74678c,37,A
S1,677,ieee_dataport/LoRa_RFFI-main/LoRa_RFFI/dataset/Test/channel_problem/A.h5,1386,,1cf4d9d62f63c7b77c5502fa310d4dc55f06238f7b6a0a93a6674c060d2b844a,37,A
S1,678,ieee_dataport/LoRa_RFFI-main/LoRa_RFFI/dataset/Test/channel_problem/A.h5,1392,,0af994c5f32cbacdecbd95c496c088f4a0460c61c405b73a3f7d9bef063634d3,37,A
S1,679,ieee_dataport/LoRa_RFFI-main/LoRa_RFFI/dataset/Test/channel_problem/A.h5,1398,,a1a3e303d231bd26201ed0b30dbc689436aada5bd555cf012b126289cee5450d,37,A
S1,680,ieee_dataport/LoRa_RFFI-main/LoRa_RFFI/dataset/Test/channel_problem/A.h5,1403,,2ebf4982aac2e45100ed6a98fd3b821b10a076ce7ae17ed4bbb03d16c0a43ceb,38,A
S1,681,ieee_dataport/LoRa_RFFI-main/LoRa_RFFI/dataset/Test/channel_problem/A.h5,1404,,22cfcb5f91e846f5b3b7f6384b05d97b84cbb51b1aa99100a50a52cdf64ec007,38,A
S1,682,ieee_dataport/LoRa_RFFI-main/LoRa_RFFI/dataset/Test/channel_problem/A.h5,1406,,c060ef42adbc9a44a3c6dedd0ba7e897d732abd946d84347773bf13e63544b1b,38,A
S1,683,ieee_dataport/LoRa_RFFI-main/LoRa_RFFI/dataset/Test/channel_problem/A.h5,1408,,5b5ab2457c7b7c40609f5377672c3efffc623b4cb5a57ba8c03ec8f6a58846e8,38,A
S1,684,ieee_dataport/LoRa_RFFI-main/LoRa_RFFI/dataset/Test/channel_problem/A.h5,1410,,cc27079c3719875a26b1f8099bf4a6332934c00069cd47aed48073692d4f8c15,38,A
S1,685,ieee_dataport/LoRa_RFFI-main/LoRa_RFFI/dataset/Test/channel_problem/A.h5,1424,,c1bb766da51cc8e142b19c78d839a92f327d5d071a0e66d11f4273e1f2920b67,38,A
S1,686,ieee_dataport/LoRa_RFFI-main/LoRa_RFFI/dataset/Test/channel_problem/A.h5,1429,,740e08e81c3e05598c42a6a8727a5969862848163a339add0ab5ba2eb2ae96e6,38,A
S1,687,ieee_dataport/LoRa_RFFI-main/LoRa_RFFI/dataset/Test/channel_problem/A.h5,1448,,e88ba16d34c245540dfc3b67b1c1d756f4169494cb5e20223bc8b8e69b793146,38,A
S1,688,ieee_dataport/LoRa_RFFI-main/LoRa_RFFI/dataset/Test/channel_problem/A.h5,1450,,abf80a5e181ddaebdb2e994458242b46d1a072484dd267d0a779fbebd97efb51,38,A
S1,689,ieee_dataport/LoRa_RFFI-main/LoRa_RFFI/dataset/Test/channel_problem/A.h5,1454,,062e19544eb6585b0e3d16e82e1d4c69010e0faeb9fc54493ea04ee1f9b04206,38,A
S1,690,ieee_dataport/LoRa_RFFI-main/LoRa_RFFI/dataset/Test/channel_problem/A.h5,1456,,11fc3f9b6dc95abbc34e63c16ea101aa69441279eadab3eca305097e8e137637,38,A
S1,691,ieee_dataport/LoRa_RFFI-main/LoRa_RFFI/dataset/Test/channel_problem/A.h5,1458,,5728ffdbdcc594238c4ccbd87a22e9472b4d29edaa421151e12938f7a3a8c016,38,A
S1,692,ieee_dataport/LoRa_RFFI-main/LoRa_RFFI/dataset/Test/channel_problem/A.h5,1469,,1fa03892040ab32ca75386599fc6757044956516b800356399649256bf90e72c,38,A
S1,693,ieee_dataport/LoRa_RFFI-main/LoRa_RFFI/dataset/Test/channel_problem/A.h5,1470,,df2d025cd16e7467ba3a93774f00a652c41aa34aceb1230e3cf18458f396971b,38,A
S1,694,ieee_dataport/LoRa_RFFI-main/LoRa_RFFI/dataset/Test/channel_problem/A.h5,1473,,8a8797a6bfab45a1efbfc1fba7659c9f499bdd660c0ae142e8b12e4a1f7b0555,38,A
S1,695,ieee_dataport/LoRa_RFFI-main/LoRa_RFFI/dataset/Test/channel_problem/A.h5,1478,,c5fdde741992f165468f6fbc4f89cb3fef20d4d382bbb2820a3f958324bd172f,38,A
S1,696,ieee_dataport/LoRa_RFFI-main/LoRa_RFFI/dataset/Test/channel_problem/A.h5,1485,,83562936b528326bbd1aad26b9cc42789ed51cc0316c0427e84385dd710bd805,38,A
S1,697,ieee_dataport/LoRa_RFFI-main/LoRa_RFFI/dataset/Test/channel_problem/A.h5,1487,,f6521dd0fe532b985e49af70509f8e16c9b70c5e2ad0edc3f3668657fac3b6fd,38,A
S1,698,ieee_dataport/LoRa_RFFI-main/LoRa_RFFI/dataset/Test/channel_problem/A.h5,1494,,d080386827afdbd57df240778d0fb5274dd95ae60d46e1204585442141201d18,38,A
S1,699,ieee_dataport/LoRa_RFFI-main/LoRa_RFFI/dataset/Test/channel_problem/A.h5,1498,,70355e5616c471ce48703b26d000085728591c6a0921c767e6d300472f0ca070,38,A
S1,700,ieee_dataport/LoRa_RFFI-main/LoRa_RFFI/dataset/Test/channel_problem/A.h5,1502,,97167b7e07a4c77baeeb7b1bb6bc19d4b427975c4da961ca3d7d92432cc796a1,38,A
S1,701,ieee_dataport/LoRa_RFFI-main/LoRa_RFFI/dataset/Test/channel_problem/A.h5,1511,,7806298a8f021bb4a066419e6695c12a83cc43dc66d0c72522ad56cf2dd2ae61,38,A
S1,702,ieee_dataport/LoRa_RFFI-main/LoRa_RFFI/dataset/Test/channel_problem/A.h5,1513,,f9d6481f0b8f235f8b4916b60102bb4984a12f99e9d23e40819a3a53c152bd93,38,A
S1,703,ieee_dataport/LoRa_RFFI-main/LoRa_RFFI/dataset/Test/channel_problem/A.h5,1520,,279ef22026838da8a1b283dfda7917c8cdb3a100cfa26e7f6d691537719ead6e,38,A
S1,704,ieee_dataport/LoRa_RFFI-main/LoRa_RFFI/dataset/Test/channel_problem/A.h5,1531,,5a3a2129ca851b4f9673e5ec31aea62d5bfadf0c54a50088374e883df953f1b4,38,A
S1,705,ieee_dataport/LoRa_RFFI-main/LoRa_RFFI/dataset/Test/channel_problem/A.h5,1532,,0f20abd9b3eb768319ce089e5bf6fad8ae4d8919ca96925bf709304c692e3828,38,A
S1,706,ieee_dataport/LoRa_RFFI-main/LoRa_RFFI/dataset/Test/channel_problem/A.h5,1533,,1b8238cd48fa3abcd311f06c077d3bbb488eec449233736a8803a4dd8a4e1fc3,38,A
S1,707,ieee_dataport/LoRa_RFFI-main/LoRa_RFFI/dataset/Test/channel_problem/A.h5,1537,,b8cc81dc948af855a5ed6454b0aecdcc1eaf107c4f77f7eb9360ebddd73510ad,38,A
S1,708,ieee_dataport/LoRa_RFFI-main/LoRa_RFFI/dataset/Test/channel_problem/A.h5,1543,,d4bc49e64d99fe9bd1957d018fe8c743236c4a1187efe209da24701c17ed75f4,38,A
S1,709,ieee_dataport/LoRa_RFFI-main/LoRa_RFFI/dataset/Test/channel_problem/A.h5,1557,,d952128601129b51b639e326a32efddc2a6cdc6a4e6954f351cb2a988109a065,38,A
S1,710,ieee_dataport/LoRa_RFFI-main/LoRa_RFFI/dataset/Test/channel_problem/A.h5,1561,,ba758a8b584412c3a7e5b0784177c790ecca824c765dfb8c0e6b5222875bdaad,38,A
S1,711,ieee_dataport/LoRa_RFFI-main/LoRa_RFFI/dataset/Test/channel_problem/A.h5,1562,,819275196ac232f018ee14261d03afcff5ed641087ea1cce8a635dad201698f1,38,A
S1,712,ieee_dataport/LoRa_RFFI-main/LoRa_RFFI/dataset/Test/channel_problem/A.h5,1566,,920266d6300729fe1e0b43dc82d6f93bc7f54cb49588558d8c30ca026158869e,38,A
S1,713,ieee_dataport/LoRa_RFFI-main/LoRa_RFFI/dataset/Test/channel_problem/A.h5,1575,,7fadd02ac459526abff791a60a10150258a9b3e95e86326244570a4dbcaee9ef,38,A
S1,714,ieee_dataport/LoRa_RFFI-main/LoRa_RFFI/dataset/Test/channel_problem/A.h5,1578,,2e196336ef5f756eb47483199c81bbc1f656d710a1a7f3d150cd9589ec7dfa6b,38,A
S1,715,ieee_dataport/LoRa_RFFI-main/LoRa_RFFI/dataset/Test/channel_problem/A.h5,1579,,83668fba4bc5e1d858af4ef4b991588f36d99d2d15eecc723def05761bc704b1,38,A
S1,716,ieee_dataport/LoRa_RFFI-main/LoRa_RFFI/dataset/Test/channel_problem/A.h5,1581,,6d98d172eca8e2acbcdb0bb1a2508379d92ded118378064d9dd44749ccc3c4cb,38,A
S1,717,ieee_dataport/LoRa_RFFI-main/LoRa_RFFI/dataset/Test/channel_problem/A.h5,1584,,dabe7dbe47177679f7fe7ee8497ed836c5284c4ea930fe53a5342c93556ade08,38,A
S1,718,ieee_dataport/LoRa_RFFI-main/LoRa_RFFI/dataset/Test/channel_problem/A.h5,1588,,1d612b910efe17d87785fb0248ccbfeb6554fab57099e7f6e9dcd7fc74e6f675,38,A
S1,719,ieee_dataport/LoRa_RFFI-main/LoRa_RFFI/dataset/Test/channel_problem/A.h5,1593,,9e3f58edf8b956a9f600563404faf1f3f63bad4e54030f6dcce6cea5222595a7,38,A
S1,720,ieee_dataport/LoRa_RFFI-main/LoRa_RFFI/dataset/Test/channel_problem/A.h5,1600,,61ad27c3278825749bfc0c7798bfd280c1cc02fc0e2ea4c46f33004694007831,39,A
S1,721,ieee_dataport/LoRa_RFFI-main/LoRa_RFFI/dataset/Test/channel_problem/A.h5,1608,,67f2e76adc6919de2dfbb5461e17f6ffb8654469add3391e32b23d982a42314d,39,A
S1,722,ieee_dataport/LoRa_RFFI-main/LoRa_RFFI/dataset/Test/channel_problem/A.h5,1628,,370337ea42068130de4b58193c07448a6eb64b738446a7ed6b34ac1069636a1b,39,A
S1,723,ieee_dataport/LoRa_RFFI-main/LoRa_RFFI/dataset/Test/channel_problem/A.h5,1630,,5bd92b622d10e4e7f8c6bcd9ba6a95e9fac4875cec62b84d14c80b8a907f620d,39,A
S1,724,ieee_dataport/LoRa_RFFI-main/LoRa_RFFI/dataset/Test/channel_problem/A.h5,1634,,3c650e523b1b1b06b743d7edcc8a76d35489dd74b4238c86b3cc79e611ada001,39,A
S1,725,ieee_dataport/LoRa_RFFI-main/LoRa_RFFI/dataset/Test/channel_problem/A.h5,1635,,3150ac542c90670c7c1974ea6251d9404c3f645cd049148237b233a640b27494,39,A
S1,726,ieee_dataport/LoRa_RFFI-main/LoRa_RFFI/dataset/Test/channel_problem/A.h5,1637,,48413a68e6a4aa970838c665a58ccf89e382096ab0bd541b53b079088bef896e,39,A
S1,727,ieee_dataport/LoRa_RFFI-main/LoRa_RFFI/dataset/Test/channel_problem/A.h5,1642,,66306e2857c4c38caae9e705e6d1fa8111cd30edda6872c1c5e22f4ed20ebe55,39,A
S1,728,ieee_dataport/LoRa_RFFI-main/LoRa_RFFI/dataset/Test/channel_problem/A.h5,1643,,24231ed8b3d0ebbcd4038c200285b07c985a104d4ed47e380ccdad50b4e06d21,39,A
S1,729,ieee_dataport/LoRa_RFFI-main/LoRa_RFFI/dataset/Test/channel_problem/A.h5,1651,,bc14b361d5c1d7765b453857a1385a2d5409064b7a8444c5eb3e3a981a78cf9f,39,A
S1,730,ieee_dataport/LoRa_RFFI-main/LoRa_RFFI/dataset/Test/channel_problem/A.h5,1662,,d9838d5ae660aa123b575b59ae0b23a2fb1c5538b8e6e6555cb8c44f6f3fbc78,39,A
S1,731,ieee_dataport/LoRa_RFFI-main/LoRa_RFFI/dataset/Test/channel_problem/A.h5,1663,,19d8f7cd81ca7993b954d44dd0fdda1f9fc5f31d967106e527ef630dc816ea38,39,A
S1,732,ieee_dataport/LoRa_RFFI-main/LoRa_RFFI/dataset/Test/channel_problem/A.h5,1669,,6c9c1cd224b2f9cc2e27e5215c0fafc0b00ac8050c6f1d4fa0777cda26c8583d,39,A
S1,733,ieee_dataport/LoRa_RFFI-main/LoRa_RFFI/dataset/Test/channel_problem/A.h5,1671,,4242aba703fbdc15935d44dd2ed09d07f97ee4e4833f34d126e47a3e0b809fde,39,A
S1,734,ieee_dataport/LoRa_RFFI-main/LoRa_RFFI/dataset/Test/channel_problem/A.h5,1681,,75f0f3dc797efce0a079e8cf675c39e08e9e2df1bd08b46b47010bb094efec4f,39,A
S1,735,ieee_dataport/LoRa_RFFI-main/LoRa_RFFI/dataset/Test/channel_problem/A.h5,1685,,baee23debb7dcd88d8ca46541f4db79c86d78868fd5d6f2e153be815b95e0079,39,A
S1,736,ieee_dataport/LoRa_RFFI-main/LoRa_RFFI/dataset/Test/channel_problem/A.h5,1690,,f5bf9df200528366a3f2916de1b16874ccecfc08ad04bf5ea053c7b3144d0701,39,A
S1,737,ieee_dataport/LoRa_RFFI-main/LoRa_RFFI/dataset/Test/channel_problem/A.h5,1693,,4048a112d10a44d2885d54a4436d78025950eee38af7d9c099b2f786134d6ae2,39,A
S1,738,ieee_dataport/LoRa_RFFI-main/LoRa_RFFI/dataset/Test/channel_problem/A.h5,1699,,e3cb70273c2b86d40194b94c3ae4a4b236ebf496edbb322ba0e0e8eb8c0d8eaa,39,A
S1,739,ieee_dataport/LoRa_RFFI-main/LoRa_RFFI/dataset/Test/channel_problem/A.h5,1702,,8fd35e4473b0b48d010a958fb0b5998145fa593b2bbed97b72c45881f8a4faef,39,A
S1,740,ieee_dataport/LoRa_RFFI-main/LoRa_RFFI/dataset/Test/channel_problem/A.h5,1708,,ce347b82dfdf0f950928b56e635ce5753b37c36c62fba43c17ab92144181fba3,39,A
S1,741,ieee_dataport/LoRa_RFFI-main/LoRa_RFFI/dataset/Test/channel_problem/A.h5,1709,,b926f958e620edd93b41d491cf64c9e64e09a2fd85569d802512e97a283385d2,39,A
S1,742,ieee_dataport/LoRa_RFFI-main/LoRa_RFFI/dataset/Test/channel_problem/A.h5,1712,,d2f6ebbf5cd3e71c7db42a4d80577ab5cc1fe18f42b0577bc7965f10926842fb,39,A
S1,743,ieee_dataport/LoRa_RFFI-main/LoRa_RFFI/dataset/Test/channel_problem/A.h5,1715,,4c645e4fe8c5ee90ee99df5014c3c7c4509051f772e8734d9e539da4b492fd28,39,A
S1,744,ieee_dataport/LoRa_RFFI-main/LoRa_RFFI/dataset/Test/channel_problem/A.h5,1726,,6f66e68a941a5b2743aecd23a47c77b000fe759352d23bf6b3bc393a5d0c6b8a,39,A
S1,745,ieee_dataport/LoRa_RFFI-main/LoRa_RFFI/dataset/Test/channel_problem/A.h5,1729,,0c100e4656f799770692460ccc516639ffcb09e4ec713836d165ed231f2c8cdf,39,A
S1,746,ieee_dataport/LoRa_RFFI-main/LoRa_RFFI/dataset/Test/channel_problem/A.h5,1733,,54632bbf4291d7062cf6f1e638961ad3b6ac154d78c4dec1f6309b57348cabfd,39,A
S1,747,ieee_dataport/LoRa_RFFI-main/LoRa_RFFI/dataset/Test/channel_problem/A.h5,1738,,45a4d6bf4527e18fa557062b8473af42e974e0daab828fdb64c1b9d6221940db,39,A
S1,748,ieee_dataport/LoRa_RFFI-main/LoRa_RFFI/dataset/Test/channel_problem/A.h5,1744,,d5de00dacef7825c5e13f16eb5296c558d510c649ed4b0a446e3fe36da652906,39,A
S1,749,ieee_dataport/LoRa_RFFI-main/LoRa_RFFI/dataset/Test/channel_problem/A.h5,1745,,2fbb6fc1f6ce6ba09e58a5f13c5e70123629719a42e3594bf8500cf4103253a0,39,A
S1,750,ieee_dataport/LoRa_RFFI-main/LoRa_RFFI/dataset/Test/channel_problem/A.h5,1751,,c71a8619bd58912c89e5b1f9f033fccb4645ba2aa36a1b6e525160f4b77f0057,39,A
S1,751,ieee_dataport/LoRa_RFFI-main/LoRa_RFFI/dataset/Test/channel_problem/A.h5,1753,,bb0b9ec5ae98bc72d0b35ad321d3b864256459a82a27bec37ac8a8b2ec605289,39,A
S1,752,ieee_dataport/LoRa_RFFI-main/LoRa_RFFI/dataset/Test/channel_problem/A.h5,1756,,17815a5a25b03ec2c2768ede56ba31393102067d1bf9d73bfc49ab71e542f9b5,39,A
S1,753,ieee_dataport/LoRa_RFFI-main/LoRa_RFFI/dataset/Test/channel_problem/A.h5,1763,,e0b4dd08147f361069d290eaf2c5a24ca0bd80691f7a8d5a7c2ce7ee61cac9fe,39,A
S1,754,ieee_dataport/LoRa_RFFI-main/LoRa_RFFI/dataset/Test/channel_problem/A.h5,1780,,34d6ce1ee5c14d28daa07805dec3a900f12a63b415b016592da5cded6fecc1b8,39,A
S1,755,ieee_dataport/LoRa_RFFI-main/LoRa_RFFI/dataset/Test/channel_problem/A.h5,1781,,88ea2f06ec4df251e51210ed0895754d4614a1931c89a4d540415c79c0fd3334,39,A
S1,756,ieee_dataport/LoRa_RFFI-main/LoRa_RFFI/dataset/Test/channel_problem/A.h5,1782,,e1950c8937532d42ffd69dd15cc67d52eee185aef9cd9f15f9040eba4bb02bb6,39,A
S1,757,ieee_dataport/LoRa_RFFI-main/LoRa_RFFI/dataset/Test/channel_problem/A.h5,1793,,c60c2f141d5a9707ab31998b56887c2f9a397dd58420d850ba445cab528804ab,39,A
S1,758,ieee_dataport/LoRa_RFFI-main/LoRa_RFFI/dataset/Test/channel_problem/A.h5,1796,,bc108d92dfced9f04c818c46d4d70ca2495d987b4d181e11fda893b49b88c759,39,A
S1,759,ieee_dataport/LoRa_RFFI-main/LoRa_RFFI/dataset/Test/channel_problem/A.h5,1798,,69387f8c1513d72b232fb704c1800ecaca44b4c982c68e52528bc893fb9b0f93,39,A
S1,760,ieee_dataport/LoRa_RFFI-main/LoRa_RFFI/dataset/Test/channel_problem/A.h5,1804,,52f03110f6a0e17ca5516ea2e208edff0c91bcbf853a1d5f9dfe5ebeb43ef4d2,40,A
S1,761,ieee_dataport/LoRa_RFFI-main/LoRa_RFFI/dataset/Test/channel_problem/A.h5,1806,,95a512ee8f898f6cf72fc463f88576b848b38dd2fd2983fd1e3e89cd70579fdf,40,A
S1,762,ieee_dataport/LoRa_RFFI-main/LoRa_RFFI/dataset/Test/channel_problem/A.h5,1808,,bbe3648bdddab6dfb42cc01dde6d6c82f04f620761dd530db27061da87c7c84d,40,A
S1,763,ieee_dataport/LoRa_RFFI-main/LoRa_RFFI/dataset/Test/channel_problem/A.h5,1821,,df698556d9574c38ea22bf0fccb7d541d004364d0a1bcad42fc61f8134f69760,40,A
S1,764,ieee_dataport/LoRa_RFFI-main/LoRa_RFFI/dataset/Test/channel_problem/A.h5,1829,,147b7c086b43b3a4c66444f132cd069e6a7b71b77b42a86b3c29d92d085d335c,40,A
S1,765,ieee_dataport/LoRa_RFFI-main/LoRa_RFFI/dataset/Test/channel_problem/A.h5,1831,,abb403af83cac4582ab40b3eef06423951915e55ba670ffa2f16286a994932da,40,A
S1,766,ieee_dataport/LoRa_RFFI-main/LoRa_RFFI/dataset/Test/channel_problem/A.h5,1836,,16b2b7b8a0f9fa032952a854606fad39fda7937a9dc960f646acb20f96593033,40,A
S1,767,ieee_dataport/LoRa_RFFI-main/LoRa_RFFI/dataset/Test/channel_problem/A.h5,1837,,a30189537ba7ecf1ace6b4ba35883ab982ca44dedd295ff59823ed7791417c6f,40,A
S1,768,ieee_dataport/LoRa_RFFI-main/LoRa_RFFI/dataset/Test/channel_problem/A.h5,1839,,730ba788688aaea432b46ef29167729f1c4c2a20597ccaa85a637a9929f93590,40,A
S1,769,ieee_dataport/LoRa_RFFI-main/LoRa_RFFI/dataset/Test/channel_problem/A.h5,1841,,8f0a286df9db5a9a58a1193d08233825b09dd8dae8ea9c4a27e67e4a620e7dc5,40,A
S1,770,ieee_dataport/LoRa_RFFI-main/LoRa_RFFI/dataset/Test/channel_problem/A.h5,1844,,d3fff6d73b677449e94870f7ab2f8736bdf2238d7a97e1e875ac5f35f1075037,40,A
S1,771,ieee_dataport/LoRa_RFFI-main/LoRa_RFFI/dataset/Test/channel_problem/A.h5,1847,,9403e8ca45b8004bcc179d0cc90cb0a5ce679814d5921ef5339e3bbc059c4e7a,40,A
S1,772,ieee_dataport/LoRa_RFFI-main/LoRa_RFFI/dataset/Test/channel_problem/A.h5,1848,,cb894e1e22368fdbc6f022a566fd44e8d278cc499f7481a856ca9e2694b68b1e,40,A
S1,773,ieee_dataport/LoRa_RFFI-main/LoRa_RFFI/dataset/Test/channel_problem/A.h5,1850,,230e4b6bf48ce566972b27efefe388175894394c01f7fe57739f7e84da28c980,40,A
S1,774,ieee_dataport/LoRa_RFFI-main/LoRa_RFFI/dataset/Test/channel_problem/A.h5,1851,,627baacc228e608356772d937037450fd937c0ce5f153894d1b13eb4c419d8b3,40,A
S1,775,ieee_dataport/LoRa_RFFI-main/LoRa_RFFI/dataset/Test/channel_problem/A.h5,1854,,8c3c550f2232de5c8d5d85b941148ae316cf5e45ed1f18cbd9177271397990a6,40,A
S1,776,ieee_dataport/LoRa_RFFI-main/LoRa_RFFI/dataset/Test/channel_problem/A.h5,1861,,0013ad0b333f83cc046be000934d7c432ba478932b269e8e85af1d63db2ec9c6,40,A
S1,777,ieee_dataport/LoRa_RFFI-main/LoRa_RFFI/dataset/Test/channel_problem/A.h5,1866,,9b6317ff835372b9b08425d3596299e83e3e01c9eb393def99e66f08eb877b0a,40,A
S1,778,ieee_dataport/LoRa_RFFI-main/LoRa_RFFI/dataset/Test/channel_problem/A.h5,1871,,63120ed0b1ffa4b72361041cc496261bca09f99b370a2e284e87031d54cd2003,40,A
S1,779,ieee_dataport/LoRa_RFFI-main/LoRa_RFFI/dataset/Test/channel_problem/A.h5,1883,,db89ad77aa13ab12c1457b8998dc06d24d08205ba849068b59ae3e4f740e5f99,40,A
S1,780,ieee_dataport/LoRa_RFFI-main/LoRa_RFFI/dataset/Test/channel_problem/A.h5,1888,,4f570a9292c9e53835072e3ea8dabd073c2a4f890a1d4e00f5dc80a08c34bd2c,40,A
S1,781,ieee_dataport/LoRa_RFFI-main/LoRa_RFFI/dataset/Test/channel_problem/A.h5,1889,,d8b91c25db68f59f6dcd9a26dc5f012ce2c72470251c84f93e77af4974ba0db1,40,A
S1,782,ieee_dataport/LoRa_RFFI-main/LoRa_RFFI/dataset/Test/channel_problem/A.h5,1895,,b1a7646baca19598347fd140821411fce724146e6156958a8f80eb26591aad0f,40,A
S1,783,ieee_dataport/LoRa_RFFI-main/LoRa_RFFI/dataset/Test/channel_problem/A.h5,1896,,57396d41f6269a963a2a86afb58c298621bb304c8ff9c01b11f8c110d9d32716,40,A
S1,784,ieee_dataport/LoRa_RFFI-main/LoRa_RFFI/dataset/Test/channel_problem/A.h5,1897,,6b32684b6f0da285d32f1a6192d7199022adb98267fb7aa2e667635ce6a6288b,40,A
S1,785,ieee_dataport/LoRa_RFFI-main/LoRa_RFFI/dataset/Test/channel_problem/A.h5,1905,,6946063e9e76d1091ec5773a3d10b662dc7a34c6d72a6d7e79dbda5d192b9ce6,40,A
S1,786,ieee_dataport/LoRa_RFFI-main/LoRa_RFFI/dataset/Test/channel_problem/A.h5,1906,,ad740d5deefb542496f31c287774e818d939ead0a2f45093bf23a01f5718134f,40,A
S1,787,ieee_dataport/LoRa_RFFI-main/LoRa_RFFI/dataset/Test/channel_problem/A.h5,1910,,3d6c4d4e0fa3de570fa7e27824563e1e72a9408681c823af5b68136499acff74,40,A
S1,788,ieee_dataport/LoRa_RFFI-main/LoRa_RFFI/dataset/Test/channel_problem/A.h5,1915,,a1bfb00b4cdbb5dfe2da9bc1b29fd75390217831b4e4ae4aed49db1caf42bb03,40,A
S1,789,ieee_dataport/LoRa_RFFI-main/LoRa_RFFI/dataset/Test/channel_problem/A.h5,1927,,2a227d0da6430e9d405fd5e7ab93a2bd57ee1f728c0c5d2daa1cab56a9c02597,40,A
S1,790,ieee_dataport/LoRa_RFFI-main/LoRa_RFFI/dataset/Test/channel_problem/A.h5,1937,,db504f9e1cf6a620f64c7a154f5f55f5f376d4d999f60251bee66756d9f348aa,40,A
S1,791,ieee_dataport/LoRa_RFFI-main/LoRa_RFFI/dataset/Test/channel_problem/A.h5,1940,,f6d35f4e28f4d673a71aacdd47d91acb7989109f4d48c59354f485329483ebad,40,A
S1,792,ieee_dataport/LoRa_RFFI-main/LoRa_RFFI/dataset/Test/channel_problem/A.h5,1943,,4d30d778f326d63c498afcc419b7919763f33f36372d2a86f4dc58e0f0e029e9,40,A
S1,793,ieee_dataport/LoRa_RFFI-main/LoRa_RFFI/dataset/Test/channel_problem/A.h5,1959,,03de616b5afbb063d5f20e1b4a657687d8e9351b18eec8346119f7a51543b217,40,A
S1,794,ieee_dataport/LoRa_RFFI-main/LoRa_RFFI/dataset/Test/channel_problem/A.h5,1965,,e6bee959c5603927948a40d461634737b8b75b97cc21e9283be492a8f40f781b,40,A
S1,795,ieee_dataport/LoRa_RFFI-main/LoRa_RFFI/dataset/Test/channel_problem/A.h5,1974,,be80c5bbc74e7831eaecbc38459ad678aa39815f729fef17c14c797c6f56ec3b,40,A
S1,796,ieee_dataport/LoRa_RFFI-main/LoRa_RFFI/dataset/Test/channel_problem/A.h5,1975,,56e5210bb25c5286bb3971f52917339fd929fc86ae16c733e174bd981a5bfba4,40,A
S1,797,ieee_dataport/LoRa_RFFI-main/LoRa_RFFI/dataset/Test/channel_problem/A.h5,1977,,9baed3f3b52ed30bd5c71c54a572a99336fa426c4aa0f5c5f4be25e4683839f8,40,A
S1,798,ieee_dataport/LoRa_RFFI-main/LoRa_RFFI/dataset/Test/channel_problem/A.h5,1981,,f3e3c0fdb758c1f86155a7d900ab24cc8405528824cb8fde518331e63ca37f57,40,A
S1,799,ieee_dataport/LoRa_RFFI-main/LoRa_RFFI/dataset/Test/channel_problem/A.h5,1989,,42339597835d5ab413a9c114d36be8016786964cceff9890786a4871dc63c34c,40,A
S1,800,ieee_dataport/LoRa_RFFI-main/LoRa_RFFI/dataset/Test/channel_problem/B.h5,2,,9937973b3739a6bb22f47634b3bba8a835af7e19c59d040a959a2fa900df3824,31,B
S1,801,ieee_dataport/LoRa_RFFI-main/LoRa_RFFI/dataset/Test/channel_problem/B.h5,8,,460afbf89917ddfcd9b9374ee6b4a035dfb2f3e63771eab9726d2f30b2465d72,31,B
S1,802,ieee_dataport/LoRa_RFFI-main/LoRa_RFFI/dataset/Test/channel_problem/B.h5,12,,01662954317d902264ca18edf60b148884f7013935256ec290fd387a19019f00,31,B
S1,803,ieee_dataport/LoRa_RFFI-main/LoRa_RFFI/dataset/Test/channel_problem/B.h5,15,,bbf97c03805a17e648139924e5003d3aa3a40475d3f73fcdf5c713329f676427,31,B
S1,804,ieee_dataport/LoRa_RFFI-main/LoRa_RFFI/dataset/Test/channel_problem/B.h5,25,,789ff35cbc9c2560f0dac568ef76ef81b15d6bc7ccb4f120c0373336dc844353,31,B
S1,805,ieee_dataport/LoRa_RFFI-main/LoRa_RFFI/dataset/Test/channel_problem/B.h5,33,,aa26503b23a879787dbfc7680a1d29a71e0cd26f4403a54de4544a6211f8c04f,31,B
S1,806,ieee_dataport/LoRa_RFFI-main/LoRa_RFFI/dataset/Test/channel_problem/B.h5,34,,da4e11593b176b6a9c3f6b33f3fbccd099439c2fa670774b1aef5fe90edc998d,31,B
S1,807,ieee_dataport/LoRa_RFFI-main/LoRa_RFFI/dataset/Test/channel_problem/B.h5,41,,618dd8935b2f0f603b716f26a739b69031b5398df241563aa4a307f666330791,31,B
S1,808,ieee_dataport/LoRa_RFFI-main/LoRa_RFFI/dataset/Test/channel_problem/B.h5,42,,b205385181244121921dd7025cf1d417ef833c1c43c8137110e55c042e733254,31,B
S1,809,ieee_dataport/LoRa_RFFI-main/LoRa_RFFI/dataset/Test/channel_problem/B.h5,45,,1627445202620cefd135cbb8a7ba51da17509498c4337f3d1512074d28e09ca1,31,B
S1,810,ieee_dataport/LoRa_RFFI-main/LoRa_RFFI/dataset/Test/channel_problem/B.h5,47,,f231a6303a3a0f61ed2efbb6a91eadd732b2f8f5165c487dab055a778af7bd00,31,B
S1,811,ieee_dataport/LoRa_RFFI-main/LoRa_RFFI/dataset/Test/channel_problem/B.h5,58,,05ee7765a9e3f55b0ea314441b5470aa097feb4b7c8a859252696a73cddd396f,31,B
S1,812,ieee_dataport/LoRa_RFFI-main/LoRa_RFFI/dataset/Test/channel_problem/B.h5,64,,384112bd69668fb98215b8dbd6cd015b7a99e40bef570748c97daeebbcf396c2,31,B
S1,813,ieee_dataport/LoRa_RFFI-main/LoRa_RFFI/dataset/Test/channel_problem/B.h5,71,,210bdbf1a1f3ab97ef138883890341e945c1195a068014be0bcca77e83fe1e0b,31,B
S1,814,ieee_dataport/LoRa_RFFI-main/LoRa_RFFI/dataset/Test/channel_problem/B.h5,72,,19f33431b3c4dd32359fe445beee386e734b86b5e46f055c10f037f3bde244b1,31,B
S1,815,ieee_dataport/LoRa_RFFI-main/LoRa_RFFI/dataset/Test/channel_problem/B.h5,74,,193ccfb7086eea38b247c6402ec6c085b58c07a2fe6ea2615fe31167a99a0709,31,B
S1,816,ieee_dataport/LoRa_RFFI-main/LoRa_RFFI/dataset/Test/channel_problem/B.h5,75,,009d6ba4116df8c2a3ed27418849b1542d22d9d065837541dc6fc42aa58488a6,31,B
S1,817,ieee_dataport/LoRa_RFFI-main/LoRa_RFFI/dataset/Test/channel_problem/B.h5,80,,a0c34243c945ba97ca0e7d02bf8196f2b5142a4b44e1adf8275588e4215998c8,31,B
S1,818,ieee_dataport/LoRa_RFFI-main/LoRa_RFFI/dataset/Test/channel_problem/B.h5,84,,6893e0e2ef7b7bf83c2e4a89c3af0b3487c72dc94115baf6602a3f4858f8659f,31,B
S1,819,ieee_dataport/LoRa_RFFI-main/LoRa_RFFI/dataset/Test/channel_problem/B.h5,85,,cdd87336aa9ed85c85fe796429fd9760ba5dd648e2ab9c353c94f262cef9046e,31,B
S1,820,ieee_dataport/LoRa_RFFI-main/LoRa_RFFI/dataset/Test/channel_problem/B.h5,86,,8141fd89fbb6eb6d03eaca3abc34d58a2438fa2c5dc08d48f5f0da985f7f47eb,31,B
S1,821,ieee_dataport/LoRa_RFFI-main/LoRa_RFFI/dataset/Test/channel_problem/B.h5,94,,c3bf3c09eddc4f235a850dc483367b5345bdf4e59d9bf660928ebaecd9f3f42a,31,B
S1,822,ieee_dataport/LoRa_RFFI-main/LoRa_RFFI/dataset/Test/channel_problem/B.h5,107,,175f3963451a25ade12d02957803b87e2c4272dad116f38c333cbbdf31b2686d,31,B
S1,823,ieee_dataport/LoRa_RFFI-main/LoRa_RFFI/dataset/Test/channel_problem/B.h5,111,,dae7bc148a6362498b24faa201ff1ffb353ec228b08ba256bd45e9b0f2cf2e00,31,B
S1,824,ieee_dataport/LoRa_RFFI-main/LoRa_RFFI/dataset/Test/channel_problem/B.h5,113,,d06e3b34b9fa50d57fbf23afd4f0d5ef84c701d7644bef52f979c3b6593f52f2,31,B
S1,825,ieee_dataport/LoRa_RFFI-main/LoRa_RFFI/dataset/Test/channel_problem/B.h5,116,,bead4a0337fc38a97206a5cbd3e0e07a53dd614f9f21feaf87fcf240faaf60da,31,B
S1,826,ieee_dataport/LoRa_RFFI-main/LoRa_RFFI/dataset/Test/channel_problem/B.h5,119,,1f26280233a43fb40fb4dd0d9325bf926801885c620ad2e6d6f2a583942a1f66,31,B
S1,827,ieee_dataport/LoRa_RFFI-main/LoRa_RFFI/dataset/Test/channel_problem/B.h5,121,,94d0685ebb9956b32862f5ad139ef0a71fdb7a41d606f62921ae8bb563d48251,31,B
S1,828,ieee_dataport/LoRa_RFFI-main/LoRa_RFFI/dataset/Test/channel_problem/B.h5,126,,4214ffa2c391e9105263e6a2001d4152a2c0cf7e1e418c2929bfff3ed0973cd8,31,B
S1,829,ieee_dataport/LoRa_RFFI-main/LoRa_RFFI/dataset/Test/channel_problem/B.h5,141,,3ff47634b3c69cecb384440af838b728b46f0fa3d9b98c4c1e72c3bd7a0b40f8,31,B
S1,830,ieee_dataport/LoRa_RFFI-main/LoRa_RFFI/dataset/Test/channel_problem/B.h5,148,,736928d5cfc1a041755dba9455cce5697993ad7e07a8bc7faec8c6039697cf9a,31,B
S1,831,ieee_dataport/LoRa_RFFI-main/LoRa_RFFI/dataset/Test/channel_problem/B.h5,151,,6c62515dd5702eeb4370fa995484f2db9d77002a95d483e37bd7eb8f1a87834b,31,B
S1,832,ieee_dataport/LoRa_RFFI-main/LoRa_RFFI/dataset/Test/channel_problem/B.h5,166,,68ee6c4afaf156c83e05cc01eb9e7dabca3266a1439502d24b0840d8a6d23ffb,31,B
S1,833,ieee_dataport/LoRa_RFFI-main/LoRa_RFFI/dataset/Test/channel_problem/B.h5,171,,88a771faccf855877219e0d90a1871469b2deddecabafda4128c60e087dce538,31,B
S1,834,ieee_dataport/LoRa_RFFI-main/LoRa_RFFI/dataset/Test/channel_problem/B.h5,173,,de3d0721c1ec82039e7250c6ffdaf21d3a2f32aac8ec9a180381f25a1d3ea181,31,B
S1,835,ieee_dataport/LoRa_RFFI-main/LoRa_RFFI/dataset/Test/channel_problem/B.h5,175,,b56d500c6c966bf264d2246daa733f27af7e52ce07bb99952985ee2b7d16638e,31,B
S1,836,ieee_dataport/LoRa_RFFI-main/LoRa_RFFI/dataset/Test/channel_problem/B.h5,183,,fe1530a0ef97ed07c5650e22159e77e2b5663a9554826ae0bcc209bf16f0fb91,31,B
S1,837,ieee_dataport/LoRa_RFFI-main/LoRa_RFFI/dataset/Test/channel_problem/B.h5,189,,2cab2b8d204c1cfebb3c2417c381289a859229959db0bee7d36dd3e0122ec451,31,B
S1,838,ieee_dataport/LoRa_RFFI-main/LoRa_RFFI/dataset/Test/channel_problem/B.h5,195,,5c3af852ca82065147539b6c0e40003b258a69736d759bb835b91877582ec779,31,B
S1,839,ieee_dataport/LoRa_RFFI-main/LoRa_RFFI/dataset/Test/channel_problem/B.h5,197,,6fc80723cccd0b8592b387b9cfd25641f71b49fb2008efb4a34bff76b033c77e,31,B
S1,840,ieee_dataport/LoRa_RFFI-main/LoRa_RFFI/dataset/Test/channel_problem/B.h5,207,,55a1a1e752c9c37f5478fafa6172e87efbeea93830b658c26d138170d613fd1d,32,B
S1,841,ieee_dataport/LoRa_RFFI-main/LoRa_RFFI/dataset/Test/channel_problem/B.h5,211,,ae2abae12b611638137ef239aee098218f5193cd8f6622d7e484fc0b5a6cad3c,32,B
S1,842,ieee_dataport/LoRa_RFFI-main/LoRa_RFFI/dataset/Test/channel_problem/B.h5,215,,45eb08101dd75d61a939acf1b8e61847af701711481d8b0f0f80c46f362e5277,32,B
S1,843,ieee_dataport/LoRa_RFFI-main/LoRa_RFFI/dataset/Test/channel_problem/B.h5,218,,831d437662560e62cad4bc7942c8330920a884e87ce09c8af90aca83c0d6bc27,32,B
S1,844,ieee_dataport/LoRa_RFFI-main/LoRa_RFFI/dataset/Test/channel_problem/B.h5,224,,84bd4d91ed63c71f09827c2db6506d7193e62a958ead1791ad0fbaed2609bcc5,32,B
S1,845,ieee_dataport/LoRa_RFFI-main/LoRa_RFFI/dataset/Test/channel_problem/B.h5,234,,f0547fa631e439bcea23a929493d22ed883f35193cdd9457a2c31c0eba55a81c,32,B
S1,846,ieee_dataport/LoRa_RFFI-main/LoRa_RFFI/dataset/Test/channel_problem/B.h5,243,,66bc87da05e04298b3a00d9fdc0d41c3f4fcd30ad160b555157048ced0f65388,32,B
S1,847,ieee_dataport/LoRa_RFFI-main/LoRa_RFFI/dataset/Test/channel_problem/B.h5,245,,fbe2a405df388679005d7b0ecaa878be89d736e63e9804dedcfa6f14281eb164,32,B
S1,848,ieee_dataport/LoRa_RFFI-main/LoRa_RFFI/dataset/Test/channel_problem/B.h5,258,,903d40266f387ef12dd5d43e69bf30501c5ffa2a1203f6bf4f071f6688984f3b,32,B
S1,849,ieee_dataport/LoRa_RFFI-main/LoRa_RFFI/dataset/Test/channel_problem/B.h5,259,,492b799c23a8e5706e16855657f204c1a142e842ee5931d90a3fa53bd1033746,32,B
S1,850,ieee_dataport/LoRa_RFFI-main/LoRa_RFFI/dataset/Test/channel_problem/B.h5,260,,5ca7b24f349524800048b4ec278b014c11a14d06650c2ccecac01ac4cb8b2ee9,32,B
S1,851,ieee_dataport/LoRa_RFFI-main/LoRa_RFFI/dataset/Test/channel_problem/B.h5,261,,58eacfa748daa3c16f305392d9c8fa3c153e16e84cac7b8a05907661788aff04,32,B
S1,852,ieee_dataport/LoRa_RFFI-main/LoRa_RFFI/dataset/Test/channel_problem/B.h5,265,,3c7fc1aa1921a43691a709fae9c1b5dd503e5aecf8e238316d83688d1e3dead5,32,B
S1,853,ieee_dataport/LoRa_RFFI-main/LoRa_RFFI/dataset/Test/channel_problem/B.h5,267,,9e6d26b37b0a8d9a79f87d097ac7b837ea3d522b3253ccfc2dfb1fe56ebc7b4b,32,B
S1,854,ieee_dataport/LoRa_RFFI-main/LoRa_RFFI/dataset/Test/channel_problem/B.h5,269,,46f23501a4b0507e9ad7d22cc2b27b201ae3f52256297efea5c283a5f7e4c18a,32,B
S1,855,ieee_dataport/LoRa_RFFI-main/LoRa_RFFI/dataset/Test/channel_problem/B.h5,274,,69db5f910aa9d3e33b93d93af796dfd314a32a8ccb8779e2213e696b87f0bf72,32,B
S1,856,ieee_dataport/LoRa_RFFI-main/LoRa_RFFI/dataset/Test/channel_problem/B.h5,278,,749c2e50338e6c89e5100887a165e6ddbb84bdaea83ac33a13b5c153ad3cf722,32,B
S1,857,ieee_dataport/LoRa_RFFI-main/LoRa_RFFI/dataset/Test/channel_problem/B.h5,280,,c7ed3eb7ecdf2494a15b69b36a96b2555dfd3e2aac934eec922fb49a70c5f9d5,32,B
S1,858,ieee_dataport/LoRa_RFFI-main/LoRa_RFFI/dataset/Test/channel_problem/B.h5,286,,ce6dc90a7d0c0dfe1ddceb525bc056213c14817dcd5fb188ab7fd40bffbfab7b,32,B
S1,859,ieee_dataport/LoRa_RFFI-main/LoRa_RFFI/dataset/Test/channel_problem/B.h5,287,,ae483194f2e57fc7ba1b8710626679953312a24b9f6f273bd24932e5315ab4b8,32,B
S1,860,ieee_dataport/LoRa_RFFI-main/LoRa_RFFI/dataset/Test/channel_problem/B.h5,289,,617a7250dbbe3f04d05c2caf1e74b39258484bed76686c69b68d959084507b28,32,B
S1,861,ieee_dataport/LoRa_RFFI-main/LoRa_RFFI/dataset/Test/channel_problem/B.h5,295,,82f480d7f2a957522d16949eb86804bd61c30969a22cd06af0d7e07c6b19d472,32,B
S1,862,ieee_dataport/LoRa_RFFI-main/LoRa_RFFI/dataset/Test/channel_problem/B.h5,297,,91f3efb532fb8ef3ba5c8488b242aadd1a64c4dd5306480fa9f69cacc297d471,32,B
S1,863,ieee_dataport/LoRa_RFFI-main/LoRa_RFFI/dataset/Test/channel_problem/B.h5,305,,a5418735f01f59946cb595035be9058254dcccc8b74d0483b382b53c5750a8a3,32,B
S1,864,ieee_dataport/LoRa_RFFI-main/LoRa_RFFI/dataset/Test/channel_problem/B.h5,312,,62fc393d01b8ab22a6bb8d37cda7b02503e6a1084605c9272fe4f8299821bf50,32,B
S1,865,ieee_dataport/LoRa_RFFI-main/LoRa_RFFI/dataset/Test/channel_problem/B.h5,320,,9c72957d07674e9a40a6682d43ec3aee77fd3709e101d7c3b4513ecd8df6afc1,32,B
S1,866,ieee_dataport/LoRa_RFFI-main/LoRa_RFFI/dataset/Test/channel_problem/B.h5,325,,f1baf8dbd647ff19fa2c655d7f662823d26885bc8992224257f335cc3206f098,32,B
S1,867,ieee_dataport/LoRa_RFFI-main/LoRa_RFFI/dataset/Test/channel_problem/B.h5,326,,39a1cb4fc8a0626672788ad6d05eba9a115a5d00b657609c4c68926ff946ac6a,32,B
S1,868,ieee_dataport/LoRa_RFFI-main/LoRa_RFFI/dataset/Test/channel_problem/B.h5,329,,0031320476fa70d04a912c2d634f679e72ef63a15751b5b45abf070f4ef79f5d,32,B
S1,869,ieee_dataport/LoRa_RFFI-main/LoRa_RFFI/dataset/Test/channel_problem/B.h5,334,,9004acec8886479ade4874113f1a593e1ea3d9390fad3e9c0295349a1edfad34,32,B
S1,870,ieee_dataport/LoRa_RFFI-main/LoRa_RFFI/dataset/Test/channel_problem/B.h5,335,,fef2650dd061c670a009fcbab4fd5ca656d7f4990ea476eb24927ea5401fcad3,32,B
S1,871,ieee_dataport/LoRa_RFFI-main/LoRa_RFFI/dataset/Test/channel_problem/B.h5,340,,daadaad325707f01c50545c55ebfebe543cc75bfe072ace42b24c3fb1019d9f5,32,B
S1,872,ieee_dataport/LoRa_RFFI-main/LoRa_RFFI/dataset/Test/channel_problem/B.h5,345,,d4b158ab3845b3c853a67c15531af8325e1eb538c2001a29c8ce879d61be1e07,32,B
S1,873,ieee_dataport/LoRa_RFFI-main/LoRa_RFFI/dataset/Test/channel_problem/B.h5,352,,bcc2409be3e2432c4fe6ef3abf4912e56f6e413635752d6bb22e5b47421694b9,32,B
S1,874,ieee_dataport/LoRa_RFFI-main/LoRa_RFFI/dataset/Test/channel_problem/B.h5,354,,16c6fbe9175382977d00ce9523e4e58e56695f946c20dfa040e4f006f4126ece,32,B
S1,875,ieee_dataport/LoRa_RFFI-main/LoRa_RFFI/dataset/Test/channel_problem/B.h5,364,,dc1a5fe7aa42ab16a8b25e95efd3e110096965086b0ad30bf5b8583b3584fdc1,32,B
S1,876,ieee_dataport/LoRa_RFFI-main/LoRa_RFFI/dataset/Test/channel_problem/B.h5,366,,464dad2b1d9c924dce8f9d34d79445b361fd989229e2a0544c96e50f4bbc5ed7,32,B
S1,877,ieee_dataport/LoRa_RFFI-main/LoRa_RFFI/dataset/Test/channel_problem/B.h5,392,,5962e190736fd796ecab2de837e22bad48a9d9a93128a3852b6e87d929f303ae,32,B
S1,878,ieee_dataport/LoRa_RFFI-main/LoRa_RFFI/dataset/Test/channel_problem/B.h5,394,,d522f1229e8a7e953d86bf83c6957a276896e98661fdb067becdf6607e646f04,32,B
S1,879,ieee_dataport/LoRa_RFFI-main/LoRa_RFFI/dataset/Test/channel_problem/B.h5,398,,4ce51566e35344837affe33a80510cfb147e8bc7270336904a20db6c310bf01f,32,B
S1,880,ieee_dataport/LoRa_RFFI-main/LoRa_RFFI/dataset/Test/channel_problem/B.h5,406,,292c93e5ed2282e016efbfcef3a872073c586b690bfee775a63631c3804ce58b,33,B
S1,881,ieee_dataport/LoRa_RFFI-main/LoRa_RFFI/dataset/Test/channel_problem/B.h5,407,,ebf368916ac71daf9295a165ad9470faa715dc60ecbda87c99c0355b751607ea,33,B
S1,882,ieee_dataport/LoRa_RFFI-main/LoRa_RFFI/dataset/Test/channel_problem/B.h5,412,,9b38bfbd2ce5ef87350d85addeeff3fee8a3dc0f41956ada60615b1268e75814,33,B
S1,883,ieee_dataport/LoRa_RFFI-main/LoRa_RFFI/dataset/Test/channel_problem/B.h5,417,,af99619ef439a73baba25037b0f9b38c7ec0e26931c91103c605144b7dfbd977,33,B
S1,884,ieee_dataport/LoRa_RFFI-main/LoRa_RFFI/dataset/Test/channel_problem/B.h5,421,,867a61e1876c857b6ca0add9df67548c0751d6da2c1ecb262228c2c7a3b45475,33,B
S1,885,ieee_dataport/LoRa_RFFI-main/LoRa_RFFI/dataset/Test/channel_problem/B.h5,425,,43c33dfb0d41f9c4643b96937628b38e443192cb6c0403a3505c3e518d804154,33,B
S1,886,ieee_dataport/LoRa_RFFI-main/LoRa_RFFI/dataset/Test/channel_problem/B.h5,427,,0109271853ad36a912dd902174f745fdcfea71e5531784c9f5951b1fa707abfd,33,B
S1,887,ieee_dataport/LoRa_RFFI-main/LoRa_RFFI/dataset/Test/channel_problem/B.h5,428,,ed8eb4708d9b301557133ae17c92c1f9d1d3a91fcff5a9474fcf0c8bf54312f7,33,B
S1,888,ieee_dataport/LoRa_RFFI-main/LoRa_RFFI/dataset/Test/channel_problem/B.h5,430,,8f4ac51bf5b08716dedd171f9d108b8f05389c361570099bc6f685f22a297382,33,B
S1,889,ieee_dataport/LoRa_RFFI-main/LoRa_RFFI/dataset/Test/channel_problem/B.h5,432,,2cdfa27d566f09cfbfefd3631f5e778c093480a09757af7a2dacb55ef9157338,33,B
S1,890,ieee_dataport/LoRa_RFFI-main/LoRa_RFFI/dataset/Test/channel_problem/B.h5,439,,cf49cdfc748075d903f9ab1b017899b2c130dd0b88e6c536e43532dab36789fd,33,B
S1,891,ieee_dataport/LoRa_RFFI-main/LoRa_RFFI/dataset/Test/channel_problem/B.h5,444,,ec77b8d128503f9c4d3f9da46d7e4c36bee0e6412486e6f572d338cf20ff9298,33,B
S1,892,ieee_dataport/LoRa_RFFI-main/LoRa_RFFI/dataset/Test/channel_problem/B.h5,448,,9597f1f46b4e18de2ae1b97551c7c878e6b0014bda181e56664c1d6f10d80be6,33,B
S1,893,ieee_dataport/LoRa_RFFI-main/LoRa_RFFI/dataset/Test/channel_problem/B.h5,449,,c0ebea4ef1b2c04e06be6083152eb305fdbcbd65775a55d105ad873d881dd63e,33,B
S1,894,ieee_dataport/LoRa_RFFI-main/LoRa_RFFI/dataset/Test/channel_problem/B.h5,450,,e19aaf0d14c07b28cef33c9a08e84ecc1aa65a0759e630a32c38edfedf10e809,33,B
S1,895,ieee_dataport/LoRa_RFFI-main/LoRa_RFFI/dataset/Test/channel_problem/B.h5,456,,312e2d9ffedaec66b8d212f62f75b74adfa863850d3cec884879072658bd5a31,33,B
S1,896,ieee_dataport/LoRa_RFFI-main/LoRa_RFFI/dataset/Test/channel_problem/B.h5,461,,f674468571c6586f02b4c4d5db3ba99f1691d843d30941a9a1f2c0dda9d377cb,33,B
S1,897,ieee_dataport/LoRa_RFFI-main/LoRa_RFFI/dataset/Test/channel_problem/B.h5,473,,9300f5b15ab39a17a735cf6da37c0a19e506d95255778ee03eda2e98d0479fbf,33,B
S1,898,ieee_dataport/LoRa_RFFI-main/LoRa_RFFI/dataset/Test/channel_problem/B.h5,474,,732a3318eb56ac543897720b736e1dd280c92b2308ef7b58d7e702b2861c6aba,33,B
S1,899,ieee_dataport/LoRa_RFFI-main/LoRa_RFFI/dataset/Test/channel_problem/B.h5,476,,f24cdc7353170dd9ddc0de7f58632ea9843f83138ed48b04fbc8af6e199c23c1,33,B
S1,900,ieee_dataport/LoRa_RFFI-main/LoRa_RFFI/dataset/Test/channel_problem/B.h5,486,,de8c75e79a207f79afa31ef937fcd5b9402f9d9ab965afaba9c663518e1e8894,33,B
S1,901,ieee_dataport/LoRa_RFFI-main/LoRa_RFFI/dataset/Test/channel_problem/B.h5,488,,47b19b8cda9d4ad3f2fb606307426f54a7ed60711565f7c0c5dbacdf8937ddf7,33,B
S1,902,ieee_dataport/LoRa_RFFI-main/LoRa_RFFI/dataset/Test/channel_problem/B.h5,497,,70dc28373047085f046b94df3a17caba6e651978a324d30fa0db5f6da98c752c,33,B
S1,903,ieee_dataport/LoRa_RFFI-main/LoRa_RFFI/dataset/Test/channel_problem/B.h5,504,,eb76b949771766a14300673ee3da19615a33a8ea72b3fac72fa6cf03e27c5d00,33,B
S1,904,ieee_dataport/LoRa_RFFI-main/LoRa_RFFI/dataset/Test/channel_problem/B.h5,509,,c518a14a782383c20390a92e1b3607138fd256239acfa7c3531a0e509bd785e4,33,B
S1,905,ieee_dataport/LoRa_RFFI-main/LoRa_RFFI/dataset/Test/channel_problem/B.h5,514,,a8cab83f8552745afe31db6ecfeffe10e922ccec80e4f7dabc2aaa9715f4aae3,33,B
S1,906,ieee_dataport/LoRa_RFFI-main/LoRa_RFFI/dataset/Test/channel_problem/B.h5,518,,cebe345f5acc7ec880e387aba90530b2cea91cab2d679b6443cd34f6ebc82f67,33,B
S1,907,ieee_dataport/LoRa_RFFI-main/LoRa_RFFI/dataset/Test/channel_problem/B.h5,523,,bbcdc6048b9adc14967a7443c06fb73a31c00cf062ce0b8e2cefd962648a95dd,33,B
S1,908,ieee_dataport/LoRa_RFFI-main/LoRa_RFFI/dataset/Test/channel_problem/B.h5,530,,649305ce833f154e713ddcbeb3c7f4032ff2426cec3f3c2d37024f9cec17fcde,33,B
S1,909,ieee_dataport/LoRa_RFFI-main/LoRa_RFFI/dataset/Test/channel_problem/B.h5,543,,053a05842b51afd526bcc1ec32cef43c8256cc8dd77e18cb0dec330cd3605b60,33,B
S1,910,ieee_dataport/LoRa_RFFI-main/LoRa_RFFI/dataset/Test/channel_problem/B.h5,545,,bc4924735745131590197dac51c67cde19c106daf91cde7d9f38eb6d1c58acb6,33,B
S1,911,ieee_dataport/LoRa_RFFI-main/LoRa_RFFI/dataset/Test/channel_problem/B.h5,550,,8f595e058dbe669f22e6b75262d5486896404e07779219448f1437c297a524e4,33,B
S1,912,ieee_dataport/LoRa_RFFI-main/LoRa_RFFI/dataset/Test/channel_problem/B.h5,551,,3b823d30d87903f53024f87fb98d89fbeff6fda5fabd347630e242041c61170d,33,B
S1,913,ieee_dataport/LoRa_RFFI-main/LoRa_RFFI/dataset/Test/channel_problem/B.h5,557,,2c646e867707e3e68c8fbbe7da9aff9645323b8bb130e425771e24fb7e38e2a7,33,B
S1,914,ieee_dataport/LoRa_RFFI-main/LoRa_RFFI/dataset/Test/channel_problem/B.h5,558,,604172fdb585120045379061348f9512a9168817ea8c6a53536ff870c0e79b15,33,B
S1,915,ieee_dataport/LoRa_RFFI-main/LoRa_RFFI/dataset/Test/channel_problem/B.h5,563,,dea0b203930bb976121546781534ba628323de8097f03b5b0112ac657a525b19,33,B
S1,916,ieee_dataport/LoRa_RFFI-main/LoRa_RFFI/dataset/Test/channel_problem/B.h5,570,,1f48c940df5b70968f39b2863616d3572c4ce2de0ded2fbb74a221d228de57e5,33,B
S1,917,ieee_dataport/LoRa_RFFI-main/LoRa_RFFI/dataset/Test/channel_problem/B.h5,576,,0a1f7dd78c4b7892840cdc04da25412d3fce3aa81018def140b5a773fd68c0e4,33,B
S1,918,ieee_dataport/LoRa_RFFI-main/LoRa_RFFI/dataset/Test/channel_problem/B.h5,595,,92b5f5b77fbc77264dfd5c4c6e2b42f7b7033673018e4944af4e5cbb741d3508,33,B
S1,919,ieee_dataport/LoRa_RFFI-main/LoRa_RFFI/dataset/Test/channel_problem/B.h5,598,,5dcf1b8b45fcb094ba26d5d2508f3267deec49e2b6352bbb34b5d07b04862358,33,B
S1,920,ieee_dataport/LoRa_RFFI-main/LoRa_RFFI/dataset/Test/channel_problem/B.h5,607,,78b3fc23aa03ba266f60d1381a952216430d640bf04b5ec78ff5f9fe5bcbd764,34,B
S1,921,ieee_dataport/LoRa_RFFI-main/LoRa_RFFI/dataset/Test/channel_problem/B.h5,610,,f37d4da9c85aea63abc33bd0713e3114d3bf649104083f2cabcf3463a1609c40,34,B
S1,922,ieee_dataport/LoRa_RFFI-main/LoRa_RFFI/dataset/Test/channel_problem/B.h5,616,,709fcee6bf7c53d41d9b507578b47347c7c8f2835b3d41b224ce48bc0f689dc3,34,B
S1,923,ieee_dataport/LoRa_RFFI-main/LoRa_RFFI/dataset/Test/channel_problem/B.h5,624,,e3cff6f590d4fcc57464db188e68ba65f3f3cfb1caf11933a5c602111ddf2b57,34,B
S1,924,ieee_dataport/LoRa_RFFI-main/LoRa_RFFI/dataset/Test/channel_problem/B.h5,626,,0fe228c6488fb9e38d4a90188b27f0b22ba5003adc78ab7638d12ad82863b2d4,34,B
S1,925,ieee_dataport/LoRa_RFFI-main/LoRa_RFFI/dataset/Test/channel_problem/B.h5,628,,71b885382d47601328d99e0d427b8a5e6465b91e16a095b9e207485176d82a0c,34,B
S1,926,ieee_dataport/LoRa_RFFI-main/LoRa_RFFI/dataset/Test/channel_problem/B.h5,629,,d3c86885a39063dc3116e953ad40fb23462745331ceadd914abe34ca9e536eed,34,B
S1,927,ieee_dataport/LoRa_RFFI-main/LoRa_RFFI/dataset/Test/channel_problem/B.h5,636,,d69ff3854a02ff69237fc945b306b6972ef861de91878674a137e5b9b0cc1202,34,B
S1,928,ieee_dataport/LoRa_RFFI-main/LoRa_RFFI/dataset/Test/channel_problem/B.h5,640,,ed39cb4d0e712dc2529537626ec693ced47ea6ff9bf58c2440ae29868cc22ba5,34,B
S1,929,ieee_dataport/LoRa_RFFI-main/LoRa_RFFI/dataset/Test/channel_problem/B.h5,647,,fc0f72b7c6cb7582cd63f6317df2d2aba14c42f9466023f54f460b1cdda911e2,34,B
S1,930,ieee_dataport/LoRa_RFFI-main/LoRa_RFFI/dataset/Test/channel_problem/B.h5,649,,86772445df595db66c2875e3d22782b6f9bb80ae297389a97000d9baa0683ac0,34,B
S1,931,ieee_dataport/LoRa_RFFI-main/LoRa_RFFI/dataset/Test/channel_problem/B.h5,659,,2a8cb47733727b887ab9885b05d55e16f04fcbb96a4caaf998fb0f99c0d46be3,34,B
S1,932,ieee_dataport/LoRa_RFFI-main/LoRa_RFFI/dataset/Test/channel_problem/B.h5,665,,f0a86a1db011fa5827acbb44bc204a6c851eb43600c4ed8e4f1f014a8b06083a,34,B
S1,933,ieee_dataport/LoRa_RFFI-main/LoRa_RFFI/dataset/Test/channel_problem/B.h5,666,,3ec603e17a3e4c4f1d95f42846e8c60ef3db4dabbc483b955d5610ec92c8cd56,34,B
S1,934,ieee_dataport/LoRa_RFFI-main/LoRa_RFFI/dataset/Test/channel_problem/B.h5,679,,05ce08d988c36fb143ee4c3e16677c9a31021d2faa7be234a3fdf4c012659cea,34,B
S1,935,ieee_dataport/LoRa_RFFI-main/LoRa_RFFI/dataset/Test/channel_problem/B.h5,680,,38c609b573089c8044026d7321abdb9df90c759be959e3c965dad0d817d14f5c,34,B
S1,936,ieee_dataport/LoRa_RFFI-main/LoRa_RFFI/dataset/Test/channel_problem/B.h5,690,,a45b8206c2bdd83fb9ad5db026063f22b037bdfde3208d378f7ef776e6ac6139,34,B
S1,937,ieee_dataport/LoRa_RFFI-main/LoRa_RFFI/dataset/Test/channel_problem/B.h5,692,,4bcd332e7ff1dfcdcb4d67da976abc4a93f4d3283b703b111c57d8a64ff2bd00,34,B
S1,938,ieee_dataport/LoRa_RFFI-main/LoRa_RFFI/dataset/Test/channel_problem/B.h5,693,,1cb390c609ae20ab7a4ce58e55e56f1255fbfc3c13923a9e565d99bd184203ac,34,B
S1,939,ieee_dataport/LoRa_RFFI-main/LoRa_RFFI/dataset/Test/channel_problem/B.h5,694,,6eb113d940f6fefd7ad34efe489941861fd28a87342beef602e50829915cbfeb,34,B
S1,940,ieee_dataport/LoRa_RFFI-main/LoRa_RFFI/dataset/Test/channel_problem/B.h5,700,,5fcefe18870140dce1c12d75cff5e7088c7c2b0bc130f67650b557ca77379879,34,B
S1,941,ieee_dataport/LoRa_RFFI-main/LoRa_RFFI/dataset/Test/channel_problem/B.h5,703,,d2c7129c92a3b08237c188c8c8dcb9abafea6db4f25bb4919a36debcbe32903e,34,B
S1,942,ieee_dataport/LoRa_RFFI-main/LoRa_RFFI/dataset/Test/channel_problem/B.h5,722,,e129f28062d2064db954314f4340a7b72638a083910663c3a90f2f2018eee988,34,B
S1,943,ieee_dataport/LoRa_RFFI-main/LoRa_RFFI/dataset/Test/channel_problem/B.h5,723,,fd317ba2422a2560d978ec24849efb578c389eb961a5e472f822ed2a34da4024,34,B
S1,944,ieee_dataport/LoRa_RFFI-main/LoRa_RFFI/dataset/Test/channel_problem/B.h5,736,,9d50c5c2af56528caa7ce3236277cad0a1481b92057ba329ded66ceec50a9c98,34,B
S1,945,ieee_dataport/LoRa_RFFI-main/LoRa_RFFI/dataset/Test/channel_problem/B.h5,738,,02364df9bbfb56278daed15971eeb374d218d9b1475e0c31f3e4a19b116164d8,34,B
S1,946,ieee_dataport/LoRa_RFFI-main/LoRa_RFFI/dataset/Test/channel_problem/B.h5,745,,a3080eae337150ec0ac544b84a30b9c0131590bec8108725e37b84404359091d,34,B
S1,947,ieee_dataport/LoRa_RFFI-main/LoRa_RFFI/dataset/Test/channel_problem/B.h5,750,,48bfeea3c3cae8cc5d67e3a784483ff6fb47cd254cfaeab646200ceb63e4f0ea,34,B
S1,948,ieee_dataport/LoRa_RFFI-main/LoRa_RFFI/dataset/Test/channel_problem/B.h5,752,,5d6e647fa6f9038bfe102eb91590599f51cdae839e217f1884e4a2a9e955f1f4,34,B
S1,949,ieee_dataport/LoRa_RFFI-main/LoRa_RFFI/dataset/Test/channel_problem/B.h5,757,,eee79ec4ca847cf363e7c719e16ce4cab66a98520bb705e7b990c784a348aed6,34,B
S1,950,ieee_dataport/LoRa_RFFI-main/LoRa_RFFI/dataset/Test/channel_problem/B.h5,761,,01677be8e7d93316f8190beac2eb95e19b8fe118d3507beaf821724fba38c3fc,34,B
S1,951,ieee_dataport/LoRa_RFFI-main/LoRa_RFFI/dataset/Test/channel_problem/B.h5,762,,1b0894439035bc094a655138337dae7f8a91766ac824ed83b3f6a984d828b11c,34,B
S1,952,ieee_dataport/LoRa_RFFI-main/LoRa_RFFI/dataset/Test/channel_problem/B.h5,763,,cd2dfcf62f4141da5be472d1858382883b92547d5e448474295228d3a293e4d0,34,B
S1,953,ieee_dataport/LoRa_RFFI-main/LoRa_RFFI/dataset/Test/channel_problem/B.h5,770,,23bf359f45792ed63921e6feaf366380a493cf44709bde6a4bc89c29048ebd66,34,B
S1,954,ieee_dataport/LoRa_RFFI-main/LoRa_RFFI/dataset/Test/channel_problem/B.h5,772,,0216dc1e7bd2528034a0a51eb65d3c6eda4757e70651dace42ceda2b6366893d,34,B
S1,955,ieee_dataport/LoRa_RFFI-main/LoRa_RFFI/dataset/Test/channel_problem/B.h5,775,,8517be159d7bf2075be2f31a73eea7783169182a32d87666bfe63392e782d39b,34,B
S1,956,ieee_dataport/LoRa_RFFI-main/LoRa_RFFI/dataset/Test/channel_problem/B.h5,776,,93c8c98bcc674cb87bbc34470f3fd28b9bad7f65a1d264a31bf6a9f533200290,34,B
S1,957,ieee_dataport/LoRa_RFFI-main/LoRa_RFFI/dataset/Test/channel_problem/B.h5,783,,d5602f17cf926de0a6b90d350aa81ed661fa98873f9a173346083c42462793c9,34,B
S1,958,ieee_dataport/LoRa_RFFI-main/LoRa_RFFI/dataset/Test/channel_problem/B.h5,786,,7ac304d00b357f196cca5d1b395ef845a523ad354da9a4d8fe3ee6df5cbeec4d,34,B
S1,959,ieee_dataport/LoRa_RFFI-main/LoRa_RFFI/dataset/Test/channel_problem/B.h5,797,,6e5046a235d96c3cf0577052f4114a1ced8447aca0ea1e09188dbf52a91c8332,34,B
S1,960,ieee_dataport/LoRa_RFFI-main/LoRa_RFFI/dataset/Test/channel_problem/B.h5,805,,89d6b182e857a8cb7735e1307848425bb55ea44be6a7695ca46a35198376a3ff,35,B
S1,961,ieee_dataport/LoRa_RFFI-main/LoRa_RFFI/dataset/Test/channel_problem/B.h5,811,,80373bb63bf8f067dabd55aacb1d2dffec0de70ae35017ebc9f62b20de52b658,35,B
S1,962,ieee_dataport/LoRa_RFFI-main/LoRa_RFFI/dataset/Test/channel_problem/B.h5,812,,445a7ff5deeb6b3652be23d045bdae7abc58698f2bb846e7e953bbdab8be01b4,35,B
S1,963,ieee_dataport/LoRa_RFFI-main/LoRa_RFFI/dataset/Test/channel_problem/B.h5,816,,7b6449f9463f6460a8723bc65aeb337839c2dbacfd66ce8d2959b2ac95e6b271,35,B
S1,964,ieee_dataport/LoRa_RFFI-main/LoRa_RFFI/dataset/Test/channel_problem/B.h5,819,,d52b3464fe2675cf71e00eccfce7a3427f0aaee1171281429764267eca9c747f,35,B
S1,965,ieee_dataport/LoRa_RFFI-main/LoRa_RFFI/dataset/Test/channel_problem/B.h5,828,,0676aa56a19cfb059cf109d057bf73181e145eed8cc1041a9eab9dd2f90c6208,35,B
S1,966,ieee_dataport/LoRa_RFFI-main/LoRa_RFFI/dataset/Test/channel_problem/B.h5,830,,ef374707b2ec7f5c5593921922f89fb7e05a9baa74538faabdb9152ecc82a371,35,B
S1,967,ieee_dataport/LoRa_RFFI-main/LoRa_RFFI/dataset/Test/channel_problem/B.h5,835,,85767738053806a09ca75fdd8d07e48172ae42dc053e1d314a8f5bb1374ee8b4,35,B
S1,968,ieee_dataport/LoRa_RFFI-main/LoRa_RFFI/dataset/Test/channel_problem/B.h5,838,,525ae28071feaa48d33312fc8d2c2d25d17b1a6c2192773851abf37bc3b12dda,35,B
S1,969,ieee_dataport/LoRa_RFFI-main/LoRa_RFFI/dataset/Test/channel_problem/B.h5,848,,9dfea811e23ae674094b472be64388fee8d5ae9943f67c5d678d2be897e8c640,35,B
S1,970,ieee_dataport/LoRa_RFFI-main/LoRa_RFFI/dataset/Test/channel_problem/B.h5,860,,95b898b747b2f58b751baaec81630a01be427b3c5744e89b58424edf901ea30a,35,B
S1,971,ieee_dataport/LoRa_RFFI-main/LoRa_RFFI/dataset/Test/channel_problem/B.h5,864,,0f55588efc65d5e9c15485765b8db03646e13727975b0e7c2da95bf7e3a06e6e,35,B
S1,972,ieee_dataport/LoRa_RFFI-main/LoRa_RFFI/dataset/Test/channel_problem/B.h5,867,,ca53145ee97558bd4f867dda7c160839f2bb9322f0dc8e1e9bc2ba5abf660b29,35,B
S1,973,ieee_dataport/LoRa_RFFI-main/LoRa_RFFI/dataset/Test/channel_problem/B.h5,877,,24f35fd6565a0f8e46d940bea0cf8f92b97053c6a3b3d189078fffaa76cb4d17,35,B
S1,974,ieee_dataport/LoRa_RFFI-main/LoRa_RFFI/dataset/Test/channel_problem/B.h5,880,,9472a4c5d39c8d1cb29fd25bbfc05addbfe19547a8fe7b3a19d5531c5f4c0055,35,B
S1,975,ieee_dataport/LoRa_RFFI-main/LoRa_RFFI/dataset/Test/channel_problem/B.h5,884,,f0ec7849672a1c274d35eee76f8c6499f313d2efab0816059ac743cab9b233ae,35,B
S1,976,ieee_dataport/LoRa_RFFI-main/LoRa_RFFI/dataset/Test/channel_problem/B.h5,888,,87121d184bfac7edd368eef787a794f11b7ac6f7121dec2e598b22ab3533be59,35,B
S1,977,ieee_dataport/LoRa_RFFI-main/LoRa_RFFI/dataset/Test/channel_problem/B.h5,893,,fe46ecaaf43c7541980491ab8f9c626d335fba0603e94ee8074a13b5d0cc92ff,35,B
S1,978,ieee_dataport/LoRa_RFFI-main/LoRa_RFFI/dataset/Test/channel_problem/B.h5,894,,b91bc522e5add10b22aac83e21d0f010b04650b5de261c3337e429e10a7622be,35,B
S1,979,ieee_dataport/LoRa_RFFI-main/LoRa_RFFI/dataset/Test/channel_problem/B.h5,897,,cae23786043cf948096cac9149a814da2ea7394c51d9d5898adee82964c11425,35,B
S1,980,ieee_dataport/LoRa_RFFI-main/LoRa_RFFI/dataset/Test/channel_problem/B.h5,901,,2655f61d164ba2835daa407565e60a100c6f9c1e692a8507697c393743a6fa38,35,B
S1,981,ieee_dataport/LoRa_RFFI-main/LoRa_RFFI/dataset/Test/channel_problem/B.h5,904,,1c2a088af17bd923dc1ee5c5fac20f5b7787a3bd11414a9e6ebbc0ac08e5216f,35,B
S1,982,ieee_dataport/LoRa_RFFI-main/LoRa_RFFI/dataset/Test/channel_problem/B.h5,905,,3789a24eccca1aea92ffc2f20995b345954e7016de0894a5eb24e1788038a018,35,B
S1,983,ieee_dataport/LoRa_RFFI-main/LoRa_RFFI/dataset/Test/channel_problem/B.h5,908,,66fca93ad47dea84358b2eb0dbc3f542550c7975828260173014edc63e6c0c09,35,B
S1,984,ieee_dataport/LoRa_RFFI-main/LoRa_RFFI/dataset/Test/channel_problem/B.h5,911,,2f512df967ec148454ebf21bfe25869ed89d161e284af6106aaaeacc8996af95,35,B
S1,985,ieee_dataport/LoRa_RFFI-main/LoRa_RFFI/dataset/Test/channel_problem/B.h5,914,,d7443f1a324d30f965a0ed04175a380bd1d921f7c6d87818de2cc7f0e820fe2e,35,B
S1,986,ieee_dataport/LoRa_RFFI-main/LoRa_RFFI/dataset/Test/channel_problem/B.h5,919,,671d99f0b56f58e87426ee882ea6444995c00d5d2a57e18f9f213c50fa505072,35,B
S1,987,ieee_dataport/LoRa_RFFI-main/LoRa_RFFI/dataset/Test/channel_problem/B.h5,920,,8391e2cba72722aec674acd0b6bdd4c99d67aeaef05b98f175aa3e8d02b22cd2,35,B
S1,988,ieee_dataport/LoRa_RFFI-main/LoRa_RFFI/dataset/Test/channel_problem/B.h5,928,,e323bf2c083d3d4d5f1e9f6553133e38bed095e093517b36c6fe91e835284e59,35,B
S1,989,ieee_dataport/LoRa_RFFI-main/LoRa_RFFI/dataset/Test/channel_problem/B.h5,936,,4269285dd4735e39d2ae5f66b49d7923e6c8ada4ad4b54e667721fe91979e170,35,B
S1,990,ieee_dataport/LoRa_RFFI-main/LoRa_RFFI/dataset/Test/channel_problem/B.h5,937,,addae39d348e547a9e1bbe81cd080c7b59b586c3dfe6c105c7cd570a4911b3aa,35,B
S1,991,ieee_dataport/LoRa_RFFI-main/LoRa_RFFI/dataset/Test/channel_problem/B.h5,939,,6b780328502fdb922ef1ec27f020e7a6b470e1b9eb57ae850a62a9cb6076a24d,35,B
S1,992,ieee_dataport/LoRa_RFFI-main/LoRa_RFFI/dataset/Test/channel_problem/B.h5,948,,6213e016cfb4992da2fd6da0c0e548a26f4d255be1f933f3dbfbdd7340ea1589,35,B
S1,993,ieee_dataport/LoRa_RFFI-main/LoRa_RFFI/dataset/Test/channel_problem/B.h5,949,,1a0d423bb005078d8f568d49d351d42c2c9f76f904582e6ffc04c004dcdea4b4,35,B
S1,994,ieee_dataport/LoRa_RFFI-main/LoRa_RFFI/dataset/Test/channel_problem/B.h5,951,,70f4baa31d8f001591cb6a3953718ca22273b7e50aea5b1ebf48e2b61c0d2c62,35,B
S1,995,ieee_dataport/LoRa_RFFI-main/LoRa_RFFI/dataset/Test/channel_problem/B.h5,958,,0d3a3d9d183b213f84e4ea5dee09df476b4efd433f4c2ddda9485044ef9b2fd4,35,B
S1,996,ieee_dataport/LoRa_RFFI-main/LoRa_RFFI/dataset/Test/channel_problem/B.h5,964,,7a206b0f49476121f8213fb60475dc6b7778aa903bdd15c00d1c23f0d13cfec2,35,B
S1,997,ieee_dataport/LoRa_RFFI-main/LoRa_RFFI/dataset/Test/channel_problem/B.h5,976,,d3480945bac4839708dc6c6d4618372f4a6963dc8f80c5e1d380607875bcea31,35,B
S1,998,ieee_dataport/LoRa_RFFI-main/LoRa_RFFI/dataset/Test/channel_problem/B.h5,992,,7a35604f858bfa8dd7c1452885e0fb7e02cd9083f3121f861a2f4595a27df734,35,B
S1,999,ieee_dataport/LoRa_RFFI-main/LoRa_RFFI/dataset/Test/channel_problem/B.h5,999,,041bc1fa457cf30e3ce0cb650a96865c7246589e10d24e61c8ff398884be62a9,35,B
S1,1000,ieee_dataport/LoRa_RFFI-main/LoRa_RFFI/dataset/Test/channel_problem/B.h5,1002,,a6c7ff7c21f63e205513f0e11aa179a06ae3c0abc724e1988f2ecad1b22bf4d6,36,B
S1,1001,ieee_dataport/LoRa_RFFI-main/LoRa_RFFI/dataset/Test/channel_problem/B.h5,1017,,c5d515350e1080a8016ecca6310e38bffcc2b58b2297ab3fb2cd5174019cf90d,36,B
S1,1002,ieee_dataport/LoRa_RFFI-main/LoRa_RFFI/dataset/Test/channel_problem/B.h5,1020,,f3d1e6c0b77a34d20a98eb830f8238d72fafb25597f344c7f86676842278cb6e,36,B
S1,1003,ieee_dataport/LoRa_RFFI-main/LoRa_RFFI/dataset/Test/channel_problem/B.h5,1023,,0ea92454e7b2652811a022b93df80d2fba4313933d12b27b2752d0c84e991ddd,36,B
S1,1004,ieee_dataport/LoRa_RFFI-main/LoRa_RFFI/dataset/Test/channel_problem/B.h5,1028,,87151b658520871d22a8f1de6ed5a4057378fd94853739250baf6b8a11b5250c,36,B
S1,1005,ieee_dataport/LoRa_RFFI-main/LoRa_RFFI/dataset/Test/channel_problem/B.h5,1029,,9fdf0b9d6cb2783ebd39478894cf2be8ccb35be0ea0651717fabea21a5414ed4,36,B
S1,1006,ieee_dataport/LoRa_RFFI-main/LoRa_RFFI/dataset/Test/channel_problem/B.h5,1035,,61c514ff21910175fdcdd6a1ebc2ea7c90e1aa368e959708a3aef83ba5f5a2a9,36,B
S1,1007,ieee_dataport/LoRa_RFFI-main/LoRa_RFFI/dataset/Test/channel_problem/B.h5,1038,,11f6cf455e8e0650e0585ea2c513d1d4e43aa09e8341b6f4215623d15b8731a0,36,B
S1,1008,ieee_dataport/LoRa_RFFI-main/LoRa_RFFI/dataset/Test/channel_problem/B.h5,1040,,516ba8d31796d5ae62a560bc717aa5cace8ca353bcbfcdc84116e949987c78c3,36,B
S1,1009,ieee_dataport/LoRa_RFFI-main/LoRa_RFFI/dataset/Test/channel_problem/B.h5,1045,,87d29a9428336348b976a6f8433652cb2e9f950800e570bad1d50cbfa81ac664,36,B
S1,1010,ieee_dataport/LoRa_RFFI-main/LoRa_RFFI/dataset/Test/channel_problem/B.h5,1047,,cf3d3a686d856f544ac3048058fe562345962df470ad5436ef3ea9d9f6330541,36,B
S1,1011,ieee_dataport/LoRa_RFFI-main/LoRa_RFFI/dataset/Test/channel_problem/B.h5,1050,,4d511bc52c829edf2f4b2400a774ddde9c1bf80bc5ad7e79df1b67a773ecfbeb,36,B
S1,1012,ieee_dataport/LoRa_RFFI-main/LoRa_RFFI/dataset/Test/channel_problem/B.h5,1052,,641162ca6d2f8cd4eeec4ef36ceca1e3e157dfda3147fb2101ce4cd76244eaef,36,B
S1,1013,ieee_dataport/LoRa_RFFI-main/LoRa_RFFI/dataset/Test/channel_problem/B.h5,1057,,a07e1fd5679695ca53fa84e9fff1fe82927100246d4d184d708fcbf4e99a1908,36,B
S1,1014,ieee_dataport/LoRa_RFFI-main/LoRa_RFFI/dataset/Test/channel_problem/B.h5,1058,,7565c72fe3df78a34243b3c66ccbe4fea324f7d1bd8a5143bbde5c6ea9f2dcbd,36,B
S1,1015,ieee_dataport/LoRa_RFFI-main/LoRa_RFFI/dataset/Test/channel_problem/B.h5,1059,,799bb1ba6568e44a3024c1a2a6b8889ff061791c014ac022196e744fe5327ac7,36,B
S1,1016,ieee_dataport/LoRa_RFFI-main/LoRa_RFFI/dataset/Test/channel_problem/B.h5,1061,,77d3107d601fbd583d666cba2be4ebd18adb6a0f644ffc9a79cfd90529455a44,36,B
S1,1017,ieee_dataport/LoRa_RFFI-main/LoRa_RFFI/dataset/Test/channel_problem/B.h5,1062,,557233d0fed1303c6cc14785eacef1c180b129e568dc952890fd9ad489a663cf,36,B
S1,1018,ieee_dataport/LoRa_RFFI-main/LoRa_RFFI/dataset/Test/channel_problem/B.h5,1067,,cb4d1e1e22939f1083c7fe26c6198d370e2ee3c9d8ad48c5ce5e51e091c2b68d,36,B
S1,1019,ieee_dataport/LoRa_RFFI-main/LoRa_RFFI/dataset/Test/channel_problem/B.h5,1070,,d113e012590ff142d6bc2f5e39d26821cebc74f438aeb5abe2c78a26fee84246,36,B
S1,1020,ieee_dataport/LoRa_RFFI-main/LoRa_RFFI/dataset/Test/channel_problem/B.h5,1076,,2be5cf63704f20f280db32bde8ee98987b1bdb53b96baba9aff942c7df0acede,36,B
S1,1021,ieee_dataport/LoRa_RFFI-main/LoRa_RFFI/dataset/Test/channel_problem/B.h5,1080,,643a5c11d0edf39808c7ad568e604f8904704b0c64a14a40d4dd440439f01859,36,B
S1,1022,ieee_dataport/LoRa_RFFI-main/LoRa_RFFI/dataset/Test/channel_problem/B.h5,1086,,ff83a6ec5fdff3fac565f3ecf93019101da331061df7182eac7f3e572b4a5389,36,B
S1,1023,ieee_dataport/LoRa_RFFI-main/LoRa_RFFI/dataset/Test/channel_problem/B.h5,1097,,a4ce9cb286ba69c3811e7b040875a99e54c114dd7b6697945d2cb2e9c6a67a94,36,B
S1,1024,ieee_dataport/LoRa_RFFI-main/LoRa_RFFI/dataset/Test/channel_problem/B.h5,1100,,d77d36fa22e12c8339bc70fb03ece1aa290f10eab1c9aff5aa06db087153be5a,36,B
S1,1025,ieee_dataport/LoRa_RFFI-main/LoRa_RFFI/dataset/Test/channel_problem/B.h5,1102,,68f66f32dd15d9130941e784e62d15ede29fd9b4d7c219a3622f77c19af856c6,36,B
S1,1026,ieee_dataport/LoRa_RFFI-main/LoRa_RFFI/dataset/Test/channel_problem/B.h5,1105,,1b5541397b8fd7353fddd2f0785cae857f1231c93d2ddaaa0ad2651ddac45f08,36,B
S1,1027,ieee_dataport/LoRa_RFFI-main/LoRa_RFFI/dataset/Test/channel_problem/B.h5,1111,,f27a0bac2b7260830b81cc6b16df9046852bbde620e9313195889f39fe274a7d,36,B
S1,1028,ieee_dataport/LoRa_RFFI-main/LoRa_RFFI/dataset/Test/channel_problem/B.h5,1116,,ff9732ca06c10ed2f64b0d5611f92cc82a1d7302b6efc22096ca9c18618cd3f5,36,B
S1,1029,ieee_dataport/LoRa_RFFI-main/LoRa_RFFI/dataset/Test/channel_problem/B.h5,1118,,6c8da7617893ce02e1000134e48a0f6af621d12dcaeed32a20ced50dcc75d25e,36,B
S1,1030,ieee_dataport/LoRa_RFFI-main/LoRa_RFFI/dataset/Test/channel_problem/B.h5,1128,,47d0832730ab6b1778c938c52ebb7c521a5d5cb578b00410255548d3c95b9fff,36,B
S1,1031,ieee_dataport/LoRa_RFFI-main/LoRa_RFFI/dataset/Test/channel_problem/B.h5,1129,,eab9a49e82c1576316a815ed5a52118a2d6652e4ae0227b430b7e0c787493e21,36,B
S1,1032,ieee_dataport/LoRa_RFFI-main/LoRa_RFFI/dataset/Test/channel_problem/B.h5,1141,,f5ca81446867262b2cf804880acfd73b465677a64435620b61ea304c888a220d,36,B
S1,1033,ieee_dataport/LoRa_RFFI-main/LoRa_RFFI/dataset/Test/channel_problem/B.h5,1147,,f5a2ee664362998e72088b82e617a2bf37493d47f196aa17aa5232e7d60cc8b2,36,B
S1,1034,ieee_dataport/LoRa_RFFI-main/LoRa_RFFI/dataset/Test/channel_problem/B.h5,1148,,da7bf394db466622d94263a25d8f174535985141221cf246d07573689d651854,36,B
S1,1035,ieee_dataport/LoRa_RFFI-main/LoRa_RFFI/dataset/Test/channel_problem/B.h5,1156,,12dcc8bc63c9554e55af716960ade2720a5eae4dd1e995559e01a52d370fd2fe,36,B
S1,1036,ieee_dataport/LoRa_RFFI-main/LoRa_RFFI/dataset/Test/channel_problem/B.h5,1166,,705def6c4f2c78903272befcac8cf64b96e3fc46680c3dcd896fe56babaad2dd,36,B
S1,1037,ieee_dataport/LoRa_RFFI-main/LoRa_RFFI/dataset/Test/channel_problem/B.h5,1167,,b7939ed68a94f6b17aa1a9f711cc0b5e0b3b10450d24084515962e139db4624e,36,B
S1,1038,ieee_dataport/LoRa_RFFI-main/LoRa_RFFI/dataset/Test/channel_problem/B.h5,1190,,db72fade742691982297efa201c3df329fb81e6fd9d99a918cd35c2caa1b2c38,36,B
S1,1039,ieee_dataport/LoRa_RFFI-main/LoRa_RFFI/dataset/Test/channel_problem/B.h5,1193,,f51f29b4a241867b97c837baeed397fc1ee314ee95d7cdefee32aa52e0c5730f,36,B
S1,1040,ieee_dataport/LoRa_RFFI-main/LoRa_RFFI/dataset/Test/channel_problem/B.h5,1206,,0b7f475667317511d72b7aa5314b378531f006bcfb8c670b28c3a7348cdf2d25,37,B
S1,1041,ieee_dataport/LoRa_RFFI-main/LoRa_RFFI/dataset/Test/channel_problem/B.h5,1210,,5711085eb8af08dc3250f7582b6053760485ce70f86d952382c0881fc4fc8bd4,37,B
S1,1042,ieee_dataport/LoRa_RFFI-main/LoRa_RFFI/dataset/Test/channel_problem/B.h5,1213,,51ac7684f855ad5c15a0448349129042f35cc71042a007d481e924caf0db468b,37,B
S1,1043,ieee_dataport/LoRa_RFFI-main/LoRa_RFFI/dataset/Test/channel_problem/B.h5,1224,,0df5b03182da1d77482a07d59fdce119058d36d73bd3a10a0f9f84d1e8d79332,37,B
S1,1044,ieee_dataport/LoRa_RFFI-main/LoRa_RFFI/dataset/Test/channel_problem/B.h5,1226,,9c77dfc213f854ce51a7af3b32beb7555a7e0d9b82c61494df5762628bbd8d45,37,B
S1,1045,ieee_dataport/LoRa_RFFI-main/LoRa_RFFI/dataset/Test/channel_problem/B.h5,1231,,48ac68dd8f8de746ace2cf0898570e2ff1ec0dafb990379fa36afaa793de2b41,37,B
S1,1046,ieee_dataport/LoRa_RFFI-main/LoRa_RFFI/dataset/Test/channel_problem/B.h5,1234,,8ce85ccb0def3f14eb4c0aa1c7fecdc0848e5145a9af801d3a9037a58472472e,37,B
S1,1047,ieee_dataport/LoRa_RFFI-main/LoRa_RFFI/dataset/Test/channel_problem/B.h5,1246,,b832eaeb8992a8d038d11a18d515cff39cae39b39c80b0be467d2ccca7f12540,37,B
S1,1048,ieee_dataport/LoRa_RFFI-main/LoRa_RFFI/dataset/Test/channel_problem/B.h5,1248,,13237e4fe6e06eba8840d5bc550eba8b9ed593c906c63384b8d5aa169dc19226,37,B
S1,1049,ieee_dataport/LoRa_RFFI-main/LoRa_RFFI/dataset/Test/channel_problem/B.h5,1259,,39fb278e16bd1ebd176de8e79e776ffb08131aab9ba18a24a675a2cfb9d77b32,37,B
S1,1050,ieee_dataport/LoRa_RFFI-main/LoRa_RFFI/dataset/Test/channel_problem/B.h5,1263,,6790ffc81fee6717b7eea819099fe92de27f4fcfaff839a6cbc1e28a863722bc,37,B
S1,1051,ieee_dataport/LoRa_RFFI-main/LoRa_RFFI/dataset/Test/channel_problem/B.h5,1265,,66473f34b990a9bff3b1a3867e6c9416cf6b18e5f06f8bd3fc3aa237df64be87,37,B
S1,1052,ieee_dataport/LoRa_RFFI-main/LoRa_RFFI/dataset/Test/channel_problem/B.h5,1275,,bb738d341e37c50bbef61a481c82aa426977a5495fa85a083ad25c0d267be374,37,B
S1,1053,ieee_dataport/LoRa_RFFI-main/LoRa_RFFI/dataset/Test/channel_problem/B.h5,1277,,4e23e40ea6d979e172e3ab9acc559dc59c9873ea092ab62a72f387baec562c61,37,B
S1,1054,ieee_dataport/LoRa_RFFI-main/LoRa_RFFI/dataset/Test/channel_problem/B.h5,1278,,f62022f2445a20738697264d117ddcccedcde41ba156e44b3121f437ea9298dd,37,B
S1,1055,ieee_dataport/LoRa_RFFI-main/LoRa_RFFI/dataset/Test/channel_problem/B.h5,1286,,e5af25580bd45647cf4e918756f0f2bf188b01c8982a76989d3539879f9c7f1f,37,B
S1,1056,ieee_dataport/LoRa_RFFI-main/LoRa_RFFI/dataset/Test/channel_problem/B.h5,1297,,ca9490af2222ca84430ffcf977ba3f63210d90c5bcf82844a1134f5d60d8c612,37,B
S1,1057,ieee_dataport/LoRa_RFFI-main/LoRa_RFFI/dataset/Test/channel_problem/B.h5,1301,,8d6973b7713bd115c413dc0f0909b7d32067b7e67537fd774204a0c7b7ed509c,37,B
S1,1058,ieee_dataport/LoRa_RFFI-main/LoRa_RFFI/dataset/Test/channel_problem/B.h5,1310,,25d6f9084667831a5fe34e249c6f5a0e50723f2a777e86f39f6ae3741f17c502,37,B
S1,1059,ieee_dataport/LoRa_RFFI-main/LoRa_RFFI/dataset/Test/channel_problem/B.h5,1313,,05f71c360dde5003cdef4d281cc5c15cae9c19f1cce9a73ff346ff897c97957d,37,B
S1,1060,ieee_dataport/LoRa_RFFI-main/LoRa_RFFI/dataset/Test/channel_problem/B.h5,1316,,41ea1187d73d50aa5177dfe003e5a7280092980325585a7f17772dee203c7cae,37,B
S1,1061,ieee_dataport/LoRa_RFFI-main/LoRa_RFFI/dataset/Test/channel_problem/B.h5,1323,,2643c38507d03cf4f57b7fae258683f7082af6323b0dcb6274b41eb4191cda38,37,B
S1,1062,ieee_dataport/LoRa_RFFI-main/LoRa_RFFI/dataset/Test/channel_problem/B.h5,1325,,e6a8af2e3d27a4b08a7d68a779c7b356e8505f0e2334d351e33589b8b73ae9c1,37,B
S1,1063,ieee_dataport/LoRa_RFFI-main/LoRa_RFFI/dataset/Test/channel_problem/B.h5,1335,,86a31efa7e48132fa7de818c71e70d4ac0441a4d4696943f33fb22873e79550d,37,B
S1,1064,ieee_dataport/LoRa_RFFI-main/LoRa_RFFI/dataset/Test/channel_problem/B.h5,1339,,b3e913bd338caf0852d5f03039158a506c7add1f946e9e4cda69f10800f0f566,37,B
S1,1065,ieee_dataport/LoRa_RFFI-main/LoRa_RFFI/dataset/Test/channel_problem/B.h5,1340,,95f1b228ed70225059984096fbdb301759a67d3b5c385cf5b108bc9f8aeffcea,37,B
S1,1066,ieee_dataport/LoRa_RFFI-main/LoRa_RFFI/dataset/Test/channel_problem/B.h5,1345,,682c204613f0955498c9b13482b7105030c70175b2ce53ee3e4d32abf9cd3ab3,37,B
S1,1067,ieee_dataport/LoRa_RFFI-main/LoRa_RFFI/dataset/Test/channel_problem/B.h5,1347,,bf5d74c62518061c245b05a668d4445cc54e330deb5aa94d194773a5f2edb616,37,B
S1,1068,ieee_dataport/LoRa_RFFI-main/LoRa_RFFI/dataset/Test/channel_problem/B.h5,1351,,7178d226f018fa8f908b9094fb2abdaff6ba6161ed190ff0bd8ba6f384275c48,37,B
S1,1069,ieee_dataport/LoRa_RFFI-main/LoRa_RFFI/dataset/Test/channel_problem/B.h5,1352,,c6aacf40422ec97f68626e0256b65253e20d6beb683a2e7cd5004a800df96320,37,B
S1,1070,ieee_dataport/LoRa_RFFI-main/LoRa_RFFI/dataset/Test/channel_problem/B.h5,1356,,b7c1e424bd6f2ba29bbc19c48e9c5a395c7ab1ad5079797c9ea8b7f47c71dde0,37,B
S1,1071,ieee_dataport/LoRa_RFFI-main/LoRa_RFFI/dataset/Test/channel_problem/B.h5,1364,,41ea1b02242ea32a3a242ba48fb3898bb75f77ee797dda3d245e1a636fb0dd3d,37,B
S1,1072,ieee_dataport/LoRa_RFFI-main/LoRa_RFFI/dataset/Test/channel_problem/B.h5,1368,,743090cf3f654e5fb7b24ebc608b6bc30a7e222baa4cc0796fef5862c6d0e6b2,37,B
S1,1073,ieee_dataport/LoRa_RFFI-main/LoRa_RFFI/dataset/Test/channel_problem/B.h5,1370,,e2a069707252a9980c87e0624aaff7f3c18b0f36847c2301cfb358961157ad63,37,B
S1,1074,ieee_dataport/LoRa_RFFI-main/LoRa_RFFI/dataset/Test/channel_problem/B.h5,1378,,7da40b299cef14e72af69e0ec5a727ef484b7efdc4962270df3d4fd66976eaa0,37,B
S1,1075,ieee_dataport/LoRa_RFFI-main/LoRa_RFFI/dataset/Test/channel_problem/B.h5,1382,,10e0e52d074173a7432dc00b3b2960a56aef10bf6f08ec1d3de6aef907d65aed,37,B
S1,1076,ieee_dataport/LoRa_RFFI-main/LoRa_RFFI/dataset/Test/channel_problem/B.h5,1383,,7699a9363b8b248ae041b9628328f081ecef210c2deb4b623dc1d68110471344,37,B
S1,1077,ieee_dataport/LoRa_RFFI-main/LoRa_RFFI/dataset/Test/channel_problem/B.h5,1387,,7b743aff422777d4a6ee71544c938e99fd3f4c7acf964c1f96c5e4465ece9511,37,B
S1,1078,ieee_dataport/LoRa_RFFI-main/LoRa_RFFI/dataset/Test/channel_problem/B.h5,1391,,67b4f72f96375d107d3613ead3e64d390562caeb1ceeaafdc095997736a506ec,37,B
S1,1079,ieee_dataport/LoRa_RFFI-main/LoRa_RFFI/dataset/Test/channel_problem/B.h5,1398,,69145edd46ed8bc8b66f61166788d77ace4d5af869b63652dec69e0a1c1fa158,37,B
S1,1080,ieee_dataport/LoRa_RFFI-main/LoRa_RFFI/dataset/Test/channel_problem/B.h5,1411,,a7388dda87b7649e0f42678e0da27edad6c15a98e3da847cd58b8cab91a7f1ac,38,B
S1,1081,ieee_dataport/LoRa_RFFI-main/LoRa_RFFI/dataset/Test/channel_problem/B.h5,1413,,dc4c2c99cd41a5a0394caafbf604e353b2cf000f5d4de59433df1b64a766d317,38,B
S1,1082,ieee_dataport/LoRa_RFFI-main/LoRa_RFFI/dataset/Test/channel_problem/B.h5,1420,,eab9f955a8f5d79c0185501acbcc32b5e8104fe5d13154a180a242467b6b8d4e,38,B
S1,1083,ieee_dataport/LoRa_RFFI-main/LoRa_RFFI/dataset/Test/channel_problem/B.h5,1425,,b99f08fb0b32c591b9e5afa747eba935393795e8154404b641bfab917336a848,38,B
S1,1084,ieee_dataport/LoRa_RFFI-main/LoRa_RFFI/dataset/Test/channel_problem/B.h5,1427,,da50850c6a4e2ea94b6064f6acf41cb34b3278f86eec9a8592600c6cbe50144d,38,B
S1,1085,ieee_dataport/LoRa_RFFI-main/LoRa_RFFI/dataset/Test/channel_problem/B.h5,1432,,bb42bf780f498cb964dbd475d9dc5ee9da49d71c69cd1a0a7d82a5e66eb4fb06,38,B
S1,1086,ieee_dataport/LoRa_RFFI-main/LoRa_RFFI/dataset/Test/channel_problem/B.h5,1434,,4427b3dd75d2d36853edd580ba81fb6392b28360b2a152fa087a19d430589241,38,B
S1,1087,ieee_dataport/LoRa_RFFI-main/LoRa_RFFI/dataset/Test/channel_problem/B.h5,1439,,a8c3852b7e1a125e5669ceda57a18dfe046b994f02fabc6e1cbed60d3b148389,38,B
S1,1088,ieee_dataport/LoRa_RFFI-main/LoRa_RFFI/dataset/Test/channel_problem/B.h5,1440,,e086a759eb986ab54697dceaf7583c7f79267e4f72fae6561e48d664acbf7f42,38,B
S1,1089,ieee_dataport/LoRa_RFFI-main/LoRa_RFFI/dataset/Test/channel_problem/B.h5,1442,,55ceab3cba28e3563090f4c9cf38567a60eb81ccd95231ae1ad878a9ee0aa521,38,B
S1,1090,ieee_dataport/LoRa_RFFI-main/LoRa_RFFI/dataset/Test/channel_problem/B.h5,1446,,c0d3996c94b0692a720c304dcd13ba2a7aeee6af24cf9cebac50a6410d468c78,38,B
S1,1091,ieee_dataport/LoRa_RFFI-main/LoRa_RFFI/dataset/Test/channel_problem/B.h5,1447,,84cf66541b8ff592aeabc8112abe503beb1eab4c6c3db7be7e873811da238a8a,38,B
S1,1092,ieee_dataport/LoRa_RFFI-main/LoRa_RFFI/dataset/Test/channel_problem/B.h5,1453,,68ec642a2fd6b818b7146c8d6a37176974b6aa465a52b09df8d70838a5897cb6,38,B
S1,1093,ieee_dataport/LoRa_RFFI-main/LoRa_RFFI/dataset/Test/channel_problem/B.h5,1456,,12c2567c9f341e81dd8e5afc301d7610efd85dafd64be0db6394369341c6f97e,38,B
S1,1094,ieee_dataport/LoRa_RFFI-main/LoRa_RFFI/dataset/Test/channel_problem/B.h5,1469,,3e928ea487644776ebb93edb269bf907d0669c9b40fa3abe6b3e848ba28bda2e,38,B
S1,1095,ieee_dataport/LoRa_RFFI-main/LoRa_RFFI/dataset/Test/channel_problem/B.h5,1471,,b3b071447752c0059d10e637f437a1cfa5e368a525118cc7732218dc8a74e8c5,38,B
S1,1096,ieee_dataport/LoRa_RFFI-main/LoRa_RFFI/dataset/Test/channel_problem/B.h5,1472,,2b7a61e01333f3ed20fedd94e2c34ef55269915326aa79ef369241a5b8a025de,38,B
S1,1097,ieee_dataport/LoRa_RFFI-main/LoRa_RFFI/dataset/Test/channel_problem/B.h5,1479,,dd234f03101df231905f72957f5f944ce9646211cbeb1ef680ff818a1ff8c5e6,38,B
S1,1098,ieee_dataport/LoRa_RFFI-main/LoRa_RFFI/dataset/Test/channel_problem/B.h5,1483,,bf88f97a716738d83fa4d78fa0576c76c5fcc604eb7cea3980115976f0cfeab4,38,B
S1,1099,ieee_dataport/LoRa_RFFI-main/LoRa_RFFI/dataset/Test/channel_problem/B.h5,1486,,5916188cc6b44a75248f45bbcf1e9228f66763addcf3638cbc32547e3f76d5df,38,B
S1,1100,ieee_dataport/LoRa_RFFI-main/LoRa_RFFI/dataset/Test/channel_problem/B.h5,1488,,c4dca6221b341b79e05df24a2ea3cad20fbf77e5fd51cc5e6e153dea664453ed,38,B
S1,1101,ieee_dataport/LoRa_RFFI-main/LoRa_RFFI/dataset/Test/channel_problem/B.h5,1489,,49c88db1ffbffbd9daea879a040fdbe4937da791e86f18aa39f85b798630c5f2,38,B
S1,1102,ieee_dataport/LoRa_RFFI-main/LoRa_RFFI/dataset/Test/channel_problem/B.h5,1507,,71e87983d9035cac11bf4bf063ab09916c7dae10ee59191cc1f291f09831f261,38,B
S1,1103,ieee_dataport/LoRa_RFFI-main/LoRa_RFFI/dataset/Test/channel_problem/B.h5,1514,,7e06c443c903fca6dce5973a19048570c45d867f74755236190b914419930d95,38,B
S1,1104,ieee_dataport/LoRa_RFFI-main/LoRa_RFFI/dataset/Test/channel_problem/B.h5,1524,,243ab384ddae8871ee7a1b3c46a623781af2247352e473b0c0e20f4e570b40b5,38,B
S1,1105,ieee_dataport/LoRa_RFFI-main/LoRa_RFFI/dataset/Test/channel_problem/B.h5,1528,,88d8c428f330ff417761217a13dca39e30e49629916fc92d97f5b04acb546813,38,B
S1,1106,ieee_dataport/LoRa_RFFI-main/LoRa_RFFI/dataset/Test/channel_problem/B.h5,1529,,802279ae49a41f22d35811a08f34780af7de710f696d86e19943ba7609c382cf,38,B
S1,1107,ieee_dataport/LoRa_RFFI-main/LoRa_RFFI/dataset/Test/channel_problem/B.h5,1532,,796857b9300e110a98c550d8bed8f03879e82bf51c6e2dc394be706b6ac6354f,38,B
S1,1108,ieee_dataport/LoRa_RFFI-main/LoRa_RFFI/dataset/Test/channel_problem/B.h5,1539,,ee24a78257ff2e3417e5583b4a3da97d586f24fad64f3c0b4a9e2747105e935b,38,B
S1,1109,ieee_dataport/LoRa_RFFI-main/LoRa_RFFI/dataset/Test/channel_problem/B.h5,1541,,bbd9e8e3fed4add22b906fd6141671fbf73b8922be71fb2720fb9186ff1371f0,38,B
S1,1110,ieee_dataport/LoRa_RFFI-main/LoRa_RFFI/dataset/Test/channel_problem/B.h5,1545,,f84364755f1aff867683411e56d36bfaa92a6b6a695ba8745728f3b280af7bdd,38,B
S1,1111,ieee_dataport/LoRa_RFFI-main/LoRa_RFFI/dataset/Test/channel_problem/B.h5,1546,,75aba40fd0001c8d5aa8ca48cfae359fe02cd35766ffe0ee91c91aff596a40de,38,B
S1,1112,ieee_dataport/LoRa_RFFI-main/LoRa_RFFI/dataset/Test/channel_problem/B.h5,1549,,9f9d9d433d2ad94c7dbf3eae3e90bd16ca8543d97c5902511d8cd36f9414cf8e,38,B
S1,1113,ieee_dataport/LoRa_RFFI-main/LoRa_RFFI/dataset/Test/channel_problem/B.h5,1559,,977b34976587052a1a17dd4040757cb057fd7547ebc44614dd69e2c4721c871b,38,B
S1,1114,ieee_dataport/LoRa_RFFI-main/LoRa_RFFI/dataset/Test/channel_problem/B.h5,1568,,d941c8fe0d96e307173449f9cf1e1eae3d8601630f07660035332650351697fb,38,B
S1,1115,ieee_dataport/LoRa_RFFI-main/LoRa_RFFI/dataset/Test/channel_problem/B.h5,1569,,012c5dc96841fa81184cef5788163be66f170d82a59b5b7d45a5fae3379f4a52,38,B
S1,1116,ieee_dataport/LoRa_RFFI-main/LoRa_RFFI/dataset/Test/channel_problem/B.h5,1570,,dd34d341d65099d29faabe0ef4d09cf74026fc6ecc671e37bb9d1d5a3275a212,38,B
S1,1117,ieee_dataport/LoRa_RFFI-main/LoRa_RFFI/dataset/Test/channel_problem/B.h5,1572,,03d5c9c4e7acd23598a9936cac76b82e1f488ef651e16ebed474728de5625e2f,38,B
S1,1118,ieee_dataport/LoRa_RFFI-main/LoRa_RFFI/dataset/Test/channel_problem/B.h5,1573,,365ab4d193617131508a7f8041d3f7b9db1b746f98c6c8f689002134c87aae69,38,B
S1,1119,ieee_dataport/LoRa_RFFI-main/LoRa_RFFI/dataset/Test/channel_problem/B.h5,1597,,7e4d192066c57e005e4e24f2023aa821ac4846e5c58b4f06e794665e3d68abba,38,B
S1,1120,ieee_dataport/LoRa_RFFI-main/LoRa_RFFI/dataset/Test/channel_problem/B.h5,1607,,524cb210a0f5c79782e6e14ce3c80f6dedb4c3130d24bdfa1b8dcc217b219147,39,B
S1,1121,ieee_dataport/LoRa_RFFI-main/LoRa_RFFI/dataset/Test/channel_problem/B.h5,1618,,80744c2418de38834eb631eafd1d84ea05d010dd301f0fc6c27f6f1eff92b65a,39,B
S1,1122,ieee_dataport/LoRa_RFFI-main/LoRa_RFFI/dataset/Test/channel_problem/B.h5,1619,,afda6633c4a9d8c3ca550fd15af7f4d3f0e791583ea21f790398faa1692bb373,39,B
S1,1123,ieee_dataport/LoRa_RFFI-main/LoRa_RFFI/dataset/Test/channel_problem/B.h5,1627,,d7f2035911fe0099f656f990bc3017efe76ce598b44d11909f8aeed7f5d81a82,39,B
S1,1124,ieee_dataport/LoRa_RFFI-main/LoRa_RFFI/dataset/Test/channel_problem/B.h5,1633,,3b95754af78b5c1dfdbeed5db33b885af532d78561895005cdb98f17dc5be4c6,39,B
S1,1125,ieee_dataport/LoRa_RFFI-main/LoRa_RFFI/dataset/Test/channel_problem/B.h5,1636,,4a6f7016d5c8cfd5b7b6a2c72843ae4a9eb9f95747d9eafa5f05d48580569041,39,B
S1,1126,ieee_dataport/LoRa_RFFI-main/LoRa_RFFI/dataset/Test/channel_problem/B.h5,1640,,a402a6078dfcfbe92d2b29f046d7a29ae410278e3b6b123d8cc6b6dae91eea3f,39,B
S1,1127,ieee_dataport/LoRa_RFFI-main/LoRa_RFFI/dataset/Test/channel_problem/B.h5,1644,,dadba262d4a6d014222cbc4c137b985c1f0c930d6e809372b753a753bd64107d,39,B
S1,1128,ieee_dataport/LoRa_RFFI-main/LoRa_RFFI/dataset/Test/channel_problem/B.h5,1669,,e59c6011de32e65d67ba1175f28b4ae536bc52b582b303aa66975e5590c4b690,39,B
S1,1129,ieee_dataport/LoRa_RFFI-main/LoRa_RFFI/dataset/Test/channel_problem/B.h5,1670,,997c137551c9db1028bd63de2756437b7090db3ca64a8d2cacf053341300670b,39,B
S1,1130,ieee_dataport/LoRa_RFFI-main/LoRa_RFFI/dataset/Test/channel_problem/B.h5,1672,,5286de2d8e13753418b2b59bf1ef16efd887fe51c13f7434728fdc06c8687be0,39,B
S1,1131,ieee_dataport/LoRa_RFFI-main/LoRa_RFFI/dataset/Test/channel_problem/B.h5,1681,,ebb2046959432c21237730fee8d7a0481bdbf2cd7cf43d127955e22e7573299c,39,B
S1,1132,ieee_dataport/LoRa_RFFI-main/LoRa_RFFI/dataset/Test/channel_problem/B.h5,1683,,507a823afa70d3f3fca567898c27d55dcf1f46cf676424c72f0b715cc818f3db,39,B
S1,1133,ieee_dataport/LoRa_RFFI-main/LoRa_RFFI/dataset/Test/channel_problem/B.h5,1689,,8b95cc1976a3cf42a1cb3a3b2cd3faa4e34a5b890aa67c53ae76817b9b713059,39,B
S1,1134,ieee_dataport/LoRa_RFFI-main/LoRa_RFFI/dataset/Test/channel_problem/B.h5,1695,,3ab8a8dbca41d86e4ff8c75c4baff3c658d241298c67f2fac1e66186d74929a6,39,B
S1,1135,ieee_dataport/LoRa_RFFI-main/LoRa_RFFI/dataset/Test/channel_problem/B.h5,1696,,94ce391fa84e9ec371cdfb1e790505f6b9a8ce74068c0078647e2b7c578c8a31,39,B
S1,1136,ieee_dataport/LoRa_RFFI-main/LoRa_RFFI/dataset/Test/channel_problem/B.h5,1703,,adabacb855064db89a8eacf9e220691222471b29633b7bc532c205304f11dfb3,39,B
S1,1137,ieee_dataport/LoRa_RFFI-main/LoRa_RFFI/dataset/Test/channel_problem/B.h5,1706,,cfabcc7944773c72b103b9cff7de7aa6ab5325680562c743dc9118fa1ab56e2b,39,B
S1,1138,ieee_dataport/LoRa_RFFI-main/LoRa_RFFI/dataset/Test/channel_problem/B.h5,1707,,e7b0efd31a2bbd38e2096ccd04eff8c83118a89b60eb87c5d97b069e4b9d33a7,39,B
S1,1139,ieee_dataport/LoRa_RFFI-main/LoRa_RFFI/dataset/Test/channel_problem/B.h5,1708,,3391bbc2b476081007a2d84f0918c9d827f28a10b8cfee39290f161c20761c08,39,B
S1,1140,ieee_dataport/LoRa_RFFI-main/LoRa_RFFI/dataset/Test/channel_problem/B.h5,1709,,fcf1a1d29e0a37cd033846c0f285b20a4ef4388ae41881d21acc2ea82fa27300,39,B
S1,1141,ieee_dataport/LoRa_RFFI-main/LoRa_RFFI/dataset/Test/channel_problem/B.h5,1717,,23b663f3f7296ec73ba74030c59435c2534537d34dce783c3ac64641248b379b,39,B
S1,1142,ieee_dataport/LoRa_RFFI-main/LoRa_RFFI/dataset/Test/channel_problem/B.h5,1719,,b1785112ef0d70cfe47deba8bf4407cdae71f82df13c8d72ba6feb96a11dff18,39,B
S1,1143,ieee_dataport/LoRa_RFFI-main/LoRa_RFFI/dataset/Test/channel_problem/B.h5,1733,,909806dba4683d918de4416d0c8b3b8133cbf1cacd8e89203bbb8d7fa9513deb,39,B
S1,1144,ieee_dataport/LoRa_RFFI-main/LoRa_RFFI/dataset/Test/channel_problem/B.h5,1735,,a12a194da557562f008ff4efa446425ef22afa6eb4747197bea2fc50fd4cca7b,39,B
S1,1145,ieee_dataport/LoRa_RFFI-main/LoRa_RFFI/dataset/Test/channel_problem/B.h5,1737,,d71141488d42773f2c85cfeed2f856eb0f02afe4770734d48cb67ea16cfb3844,39,B
S1,1146,ieee_dataport/LoRa_RFFI-main/LoRa_RFFI/dataset/Test/channel_problem/B.h5,1741,,960bbbe800099b19054a3713699bc476cfd836bdc9a47d85328ac2a093036859,39,B
S1,1147,ieee_dataport/LoRa_RFFI-main/LoRa_RFFI/dataset/Test/channel_problem/B.h5,1746,,0dfc951259a9039f496f2445c606f02f752648a78f12030592883dfa5f67e4c4,39,B
S1,1148,ieee_dataport/LoRa_RFFI-main/LoRa_RFFI/dataset/Test/channel_problem/B.h5,1747,,1895d9acb09f239046c9db539a690f8c2f408d027e9e669b30b77a3b1c533540,39,B
S1,1149,ieee_dataport/LoRa_RFFI-main/LoRa_RFFI/dataset/Test/channel_problem/B.h5,1749,,434d3b8db638828cd12a534dd821cf146f1c88a59a4fb4f73797d2e53e9cf4fd,39,B
S1,1150,ieee_dataport/LoRa_RFFI-main/LoRa_RFFI/dataset/Test/channel_problem/B.h5,1753,,b3aa4d07eb9cbda9e98ae7d9f171fcc684a372bb63eaf1fbf0ad3128d34e8969,39,B
S1,1151,ieee_dataport/LoRa_RFFI-main/LoRa_RFFI/dataset/Test/channel_problem/B.h5,1755,,59330949f42fe1309126b5147aed0a387ea42091079fc846b6989f0c3725939b,39,B
S1,1152,ieee_dataport/LoRa_RFFI-main/LoRa_RFFI/dataset/Test/channel_problem/B.h5,1757,,6123dcb9c27329adc306de26ef1d9c2b6b6bb4df407cb4602b2861580c5508fc,39,B
S1,1153,ieee_dataport/LoRa_RFFI-main/LoRa_RFFI/dataset/Test/channel_problem/B.h5,1759,,d7fb5d9047660c8590a665d249fbd1bf16f587729e7f042a75007c2b4ee61f4b,39,B
S1,1154,ieee_dataport/LoRa_RFFI-main/LoRa_RFFI/dataset/Test/channel_problem/B.h5,1763,,f5c2d56d4fcfcd5ee403f5880b3bc2dad03ab61d9bebf78b6e197d6c7c69d5c9,39,B
S1,1155,ieee_dataport/LoRa_RFFI-main/LoRa_RFFI/dataset/Test/channel_problem/B.h5,1779,,70cd3b43eb77c47209c3a4cd8bc2557f854d24ed2445911d517560927c7ada0d,39,B
S1,1156,ieee_dataport/LoRa_RFFI-main/LoRa_RFFI/dataset/Test/channel_problem/B.h5,1781,,0fa37658241a1e852c98f8567111ffaccf4d8d1139ea52046de85f143ae9ae6b,39,B
S1,1157,ieee_dataport/LoRa_RFFI-main/LoRa_RFFI/dataset/Test/channel_problem/B.h5,1783,,7bc8756cfdef38253d6be05a6e5bdedb76ea3ac314fef36457d189449ef463bb,39,B
S1,1158,ieee_dataport/LoRa_RFFI-main/LoRa_RFFI/dataset/Test/channel_problem/B.h5,1787,,41aabb32b8c140bf9884e3ee293f0de5abd1007d35c212d428986f9cbf1f41b0,39,B
S1,1159,ieee_dataport/LoRa_RFFI-main/LoRa_RFFI/dataset/Test/channel_problem/B.h5,1788,,11094844ed793dbc5a8ed7e4f84a50b366c7a9398e64495d7ff671b6f953f71b,39,B
S1,1160,ieee_dataport/LoRa_RFFI-main/LoRa_RFFI/dataset/Test/channel_problem/B.h5,1803,,498cad3b33f517c567b0e3a9667220e6283dfe2e6dc07475453da653285dcec9,40,B
S1,1161,ieee_dataport/LoRa_RFFI-main/LoRa_RFFI/dataset/Test/channel_problem/B.h5,1816,,537d0b93c75a6652cf6947ec778c15775937bdcda2cd8a6bc9df1a0f0ac9c0c8,40,B
S1,1162,ieee_dataport/LoRa_RFFI-main/LoRa_RFFI/dataset/Test/channel_problem/B.h5,1817,,587c3035856f0c40450f7cf2af2b2072efdfd7cb4f35d3fd3c6bd6aad1b47e81,40,B
S1,1163,ieee_dataport/LoRa_RFFI-main/LoRa_RFFI/dataset/Test/channel_problem/B.h5,1820,,57c51199e85561d087a41332cdba4e44ca6dcdd29aeabbe56b60939ab6c2e476,40,B
S1,1164,ieee_dataport/LoRa_RFFI-main/LoRa_RFFI/dataset/Test/channel_problem/B.h5,1821,,7455c8c72e4a1ce650a9f1406118f665d4207757492961b1aa983023e8180d8d,40,B
S1,1165,ieee_dataport/LoRa_RFFI-main/LoRa_RFFI/dataset/Test/channel_problem/B.h5,1823,,6a6178628c4c8915ef739362f953aee240ad5f071bca0ebfdda0928e2ce48ee8,40,B
S1,1166,ieee_dataport/LoRa_RFFI-main/LoRa_RFFI/dataset/Test/channel_problem/B.h5,1827,,16ceac871f296161d692e4f7ba85a294969fd0c275b29e05664ebef321827caa,40,B
S1,1167,ieee_dataport/LoRa_RFFI-main/LoRa_RFFI/dataset/Test/channel_problem/B.h5,1833,,df16b2e0641a83592409d4296cf93bc54c4ec7e6260bd8ccdcfeb7f21f9efb8f,40,B
S1,1168,ieee_dataport/LoRa_RFFI-main/LoRa_RFFI/dataset/Test/channel_problem/B.h5,1841,,d21a03a89311d7c892f05d8a4d276cf25ab2cacac9130529b645cacbf1c7b26c,40,B
S1,1169,ieee_dataport/LoRa_RFFI-main/LoRa_RFFI/dataset/Test/channel_problem/B.h5,1842,,5fbdc236da8ed3091bc9d1ae4966fa236dd6ea45e1c8de1bbe6f54556064af7e,40,B
S1,1170,ieee_dataport/LoRa_RFFI-main/LoRa_RFFI/dataset/Test/channel_problem/B.h5,1846,,811d854cc79cb7e2e92e4d8f28c87afd2b7d8fcf7a62235a2bd710206b2d0150,40,B
S1,1171,ieee_dataport/LoRa_RFFI-main/LoRa_RFFI/dataset/Test/channel_problem/B.h5,1847,,521dd18e0ffbc36747931d1e72d4545233814a04ae9c3ee321a8b2bb65cd8ca0,40,B
S1,1172,ieee_dataport/LoRa_RFFI-main/LoRa_RFFI/dataset/Test/channel_problem/B.h5,1852,,a771d794578ec0700bec11253a5c78008dbcc23650692eccf5d6df6fff352b61,40,B
S1,1173,ieee_dataport/LoRa_RFFI-main/LoRa_RFFI/dataset/Test/channel_problem/B.h5,1853,,beeef68f5c89ddba4a2c8ef7649026453e6f4007285f26954b24b592748060ea,40,B
S1,1174,ieee_dataport/LoRa_RFFI-main/LoRa_RFFI/dataset/Test/channel_problem/B.h5,1856,,0d5af38f0e1cdc17e1ae7e8d8824eaff8f469c7432e8258907bc9fc6644a9dda,40,B
S1,1175,ieee_dataport/LoRa_RFFI-main/LoRa_RFFI/dataset/Test/channel_problem/B.h5,1867,,3f9d6d34e200e9788b9deb1f8417197c43c5e35ebc5c7686329f83a5135c4d38,40,B
S1,1176,ieee_dataport/LoRa_RFFI-main/LoRa_RFFI/dataset/Test/channel_problem/B.h5,1876,,ab76b7bed02931ddea04c083d3072bb57e5409fccd37148be6504f801d61becf,40,B
S1,1177,ieee_dataport/LoRa_RFFI-main/LoRa_RFFI/dataset/Test/channel_problem/B.h5,1877,,14214881a2e32048932399bc5634da881063cc2478078b12689320bead263e97,40,B
S1,1178,ieee_dataport/LoRa_RFFI-main/LoRa_RFFI/dataset/Test/channel_problem/B.h5,1881,,98c163017dbd8f9dc9697310e0ec5fbe96c2004aab4d95cebd57379ddde20d21,40,B
S1,1179,ieee_dataport/LoRa_RFFI-main/LoRa_RFFI/dataset/Test/channel_problem/B.h5,1887,,76a6134efa2b066ec84e728d50259c1f9dde948487de5cdc9a85aebcb06b8dd2,40,B
S1,1180,ieee_dataport/LoRa_RFFI-main/LoRa_RFFI/dataset/Test/channel_problem/B.h5,1892,,4879c1e2357e34e7ec573d8e3fb24cb692c8ba89dfda41f4076dcc64d73e0aa2,40,B
S1,1181,ieee_dataport/LoRa_RFFI-main/LoRa_RFFI/dataset/Test/channel_problem/B.h5,1901,,759c114a87267c9765a5868b7a60449a73a6d641236aaacb112878d789f12344,40,B
S1,1182,ieee_dataport/LoRa_RFFI-main/LoRa_RFFI/dataset/Test/channel_problem/B.h5,1910,,767801fb866b768cd833a2c0e7f93692fd23e1936998701a5b13c4f519106eb1,40,B
S1,1183,ieee_dataport/LoRa_RFFI-main/LoRa_RFFI/dataset/Test/channel_problem/B.h5,1928,,4a1474bf12479f508ee898cdd360bce097af7a185bde3baaf88ff780427e7d95,40,B
S1,1184,ieee_dataport/LoRa_RFFI-main/LoRa_RFFI/dataset/Test/channel_problem/B.h5,1929,,3a394e96d321b3cfef7405950fce478c73c2de23c4e6ca8b1166c4b8d3d076cd,40,B
S1,1185,ieee_dataport/LoRa_RFFI-main/LoRa_RFFI/dataset/Test/channel_problem/B.h5,1931,,bf96936f3a123cfdbce1d9061ca4338554d33359daab7e4a8c5652448d3cf108,40,B
S1,1186,ieee_dataport/LoRa_RFFI-main/LoRa_RFFI/dataset/Test/channel_problem/B.h5,1938,,a7fddd5349b74d2b583d1e247c1434df37f37ca07fb4370505cc6545370efbc7,40,B
S1,1187,ieee_dataport/LoRa_RFFI-main/LoRa_RFFI/dataset/Test/channel_problem/B.h5,1948,,b0ae9633bf266d8b6b602cb9b36bd800bdebd6fe26435ed104f6980b7a164bb1,40,B
S1,1188,ieee_dataport/LoRa_RFFI-main/LoRa_RFFI/dataset/Test/channel_problem/B.h5,1949,,ce32fae9552a3531ee62da07b4008fd16022e1c0a443ee4f774551b0fa56f8ea,40,B
S1,1189,ieee_dataport/LoRa_RFFI-main/LoRa_RFFI/dataset/Test/channel_problem/B.h5,1954,,eb06b42dea57b2d287a21660e4c7ece5332df15e573af437401b6d3ec8c5c8bf,40,B
S1,1190,ieee_dataport/LoRa_RFFI-main/LoRa_RFFI/dataset/Test/channel_problem/B.h5,1957,,33b7ea09b6928974639466c14b24ff5a8fc5be148e915df2ae42c9e9eab3bbc1,40,B
S1,1191,ieee_dataport/LoRa_RFFI-main/LoRa_RFFI/dataset/Test/channel_problem/B.h5,1968,,8e041b637270aa2c5c1c6dd4f6973bb7b9176c74663aa9f128f00f6dde025714,40,B
S1,1192,ieee_dataport/LoRa_RFFI-main/LoRa_RFFI/dataset/Test/channel_problem/B.h5,1969,,9611225bb4ced9a8d4cd779e676ef7962ec9f99f70f3a7e9c5b85182c30895c3,40,B
S1,1193,ieee_dataport/LoRa_RFFI-main/LoRa_RFFI/dataset/Test/channel_problem/B.h5,1974,,54c67c5c6fa72b84431956cd5e4fbc5d13ee87ce3b50ee21dc94b1fc6b991bb4,40,B
S1,1194,ieee_dataport/LoRa_RFFI-main/LoRa_RFFI/dataset/Test/channel_problem/B.h5,1979,,375e07a8006c0ed8506bbebe2c3f65ec931e9d46ffaaddaa64374eb05e9cf789,40,B
S1,1195,ieee_dataport/LoRa_RFFI-main/LoRa_RFFI/dataset/Test/channel_problem/B.h5,1980,,39895f5d72b0cd546360d6129260f5a9e9bc17647c944617748e9e38b58ad39e,40,B
S1,1196,ieee_dataport/LoRa_RFFI-main/LoRa_RFFI/dataset/Test/channel_problem/B.h5,1981,,20f42abd28e5a05d18c8a89e59ebd7710c55d660d551559d0355767856f470e3,40,B
S1,1197,ieee_dataport/LoRa_RFFI-main/LoRa_RFFI/dataset/Test/channel_problem/B.h5,1984,,9717f79b41d4e68dbce0e965b8ab4f50fcfb73b3d1ecb223de95ca5c4b7d304e,40,B
S1,1198,ieee_dataport/LoRa_RFFI-main/LoRa_RFFI/dataset/Test/channel_problem/B.h5,1987,,ae8c0955e6cb769f053b5b3b4f9adda588c0fa1c95fb65debddbbf63715d4f14,40,B
S1,1199,ieee_dataport/LoRa_RFFI-main/LoRa_RFFI/dataset/Test/channel_problem/B.h5,1998,,3b5bbbf1d5aad641b5231320b2b6b124b0aeca78164b2e5437f180d7bcb0bc7a,40,B
S1,1200,ieee_dataport/LoRa_RFFI-main/LoRa_RFFI/dataset/Test/channel_problem/C.h5,0,,330d419ea832f87b54580bfdd2d0a61022619e246ca8b162d5229f7693ce2aad,31,C
S1,1201,ieee_dataport/LoRa_RFFI-main/LoRa_RFFI/dataset/Test/channel_problem/C.h5,1,,c8e70799ae16598b373145e0b837c7fcaa0fe301c9338ecab2bfe8cd7af10473,31,C
S1,1202,ieee_dataport/LoRa_RFFI-main/LoRa_RFFI/dataset/Test/channel_problem/C.h5,2,,7950460b452d868bbad31b68c837640c53130fbec1cf074931e30a7d1d1d018c,31,C
S1,1203,ieee_dataport/LoRa_RFFI-main/LoRa_RFFI/dataset/Test/channel_problem/C.h5,3,,26740362776e6fea31f571bf3c3068d10fdfd4c5b9df0a925eab298363ce7540,31,C
S1,1204,ieee_dataport/LoRa_RFFI-main/LoRa_RFFI/dataset/Test/channel_problem/C.h5,9,,7461afee51038f24a4770ebb8c1a111a82041d1852e0d41c1b22e2d8e7943b41,31,C
S1,1205,ieee_dataport/LoRa_RFFI-main/LoRa_RFFI/dataset/Test/channel_problem/C.h5,14,,37f7b354ae8334fcce30024f5dd6676a59b1b5adca4f09cae33ddbc349e0b3c0,31,C
S1,1206,ieee_dataport/LoRa_RFFI-main/LoRa_RFFI/dataset/Test/channel_problem/C.h5,26,,ded521c75502006646e60e696459b264cf0f9e95e72d77ce6eb6cea9c379bc25,31,C
S1,1207,ieee_dataport/LoRa_RFFI-main/LoRa_RFFI/dataset/Test/channel_problem/C.h5,32,,a9381fe3613dd02b22fb79b829541c3d1a6c4bd00c096ed039cfe6764c2457a3,31,C
S1,1208,ieee_dataport/LoRa_RFFI-main/LoRa_RFFI/dataset/Test/channel_problem/C.h5,43,,a2c962d97c97c25bb71a9e13772070cad36599671c64f90c312f78e267a9c442,31,C
S1,1209,ieee_dataport/LoRa_RFFI-main/LoRa_RFFI/dataset/Test/channel_problem/C.h5,49,,a47aa07383b254e9c3aa15ced10de219e1a8140a9f57d15977362ea42140278d,31,C
S1,1210,ieee_dataport/LoRa_RFFI-main/LoRa_RFFI/dataset/Test/channel_problem/C.h5,52,,80e64b1a2f05400b0ef9443533452bfb73572d785b933b413ca9724c78d44218,31,C
S1,1211,ieee_dataport/LoRa_RFFI-main/LoRa_RFFI/dataset/Test/channel_problem/C.h5,66,,ddeeed6dc97a8ce2fd8ef9610c4e78cf1e9684a4512bfd81acac91b135586bcb,31,C
S1,1212,ieee_dataport/LoRa_RFFI-main/LoRa_RFFI/dataset/Test/channel_problem/C.h5,67,,5102f8a74663bbede83092e57eb8322811cef5033ceb5b9d23de3e6c1197482f,31,C
S1,1213,ieee_dataport/LoRa_RFFI-main/LoRa_RFFI/dataset/Test/channel_problem/C.h5,68,,451f1485fd1e49b483961735d1617690368498cfa6eecd87aaee48112cdb3c98,31,C
S1,1214,ieee_dataport/LoRa_RFFI-main/LoRa_RFFI/dataset/Test/channel_problem/C.h5,70,,1cc715785f9117147b6ad7b7d8a72822b1ecd79a39a97f219a4bb9f5b9555455,31,C
S1,1215,ieee_dataport/LoRa_RFFI-main/LoRa_RFFI/dataset/Test/channel_problem/C.h5,71,,732c0fb37c5db38ea16aa304e1094d55d5cd17968f21a83e36688447088f5386,31,C
S1,1216,ieee_dataport/LoRa_RFFI-main/LoRa_RFFI/dataset/Test/channel_problem/C.h5,73,,578b171f410af67f6200684a202233a8cb451dc243b159511fcc7a27bf5701a1,31,C
S1,1217,ieee_dataport/LoRa_RFFI-main/LoRa_RFFI/dataset/Test/channel_problem/C.h5,93,,0ce75742dcd1bd71b17fd88130733118f1504e702fd626e18dc9e0f4eec4cf61,31,C
S1,1218,ieee_dataport/LoRa_RFFI-main/LoRa_RFFI/dataset/Test/channel_problem/C.h5,98,,b4b4d1c90ccccb5fbac43a2ddc49d1898bc414d49329b04f9c3639ce67962bf4,31,C
S1,1219,ieee_dataport/LoRa_RFFI-main/LoRa_RFFI/dataset/Test/channel_problem/C.h5,105,,4fa01213911b4d64cc45a84d6b35a9f9f6717c34c2e70af7fec8f446025cdb9b,31,C
S1,1220,ieee_dataport/LoRa_RFFI-main/LoRa_RFFI/dataset/Test/channel_problem/C.h5,107,,89ba37c3e8437701d12f83d1a7208ab26ae966591507fc4608ba73d1fbe6fa12,31,C
S1,1221,ieee_dataport/LoRa_RFFI-main/LoRa_RFFI/dataset/Test/channel_problem/C.h5,116,,eadbd82d9ed474d5d4c90b73319bc58f12af505379583936db48a142e80b5cc5,31,C
S1,1222,ieee_dataport/LoRa_RFFI-main/LoRa_RFFI/dataset/Test/channel_problem/C.h5,119,,9f5cbdae9ccbbaf44767873f3ce0c6ba628b4be5d58592cb8c761f2b30c13ca0,31,C
S1,1223,ieee_dataport/LoRa_RFFI-main/LoRa_RFFI/dataset/Test/channel_problem/C.h5,124,,8612e4e61849696a427eb3bc10102bfeceb6a8c89cd95fe98c3c7045510e9a5f,31,C
S1,1224,ieee_dataport/LoRa_RFFI-main/LoRa_RFFI/dataset/Test/channel_problem/C.h5,126,,887c82fd58e49699001ca76ce1e401ebc863d387b1ba450cb45c90b10be611f4,31,C
S1,1225,ieee_dataport/LoRa_RFFI-main/LoRa_RFFI/dataset/Test/channel_problem/C.h5,129,,6ea6a7b64dfd37d3c86ca43456708ff652ffb56a7426185fba0cbac05691c439,31,C
S1,1226,ieee_dataport/LoRa_RFFI-main/LoRa_RFFI/dataset/Test/channel_problem/C.h5,131,,73165f15ea77d65d644b3ce50b7d1d58a478145c8f0ed92e3d3de91c422198b8,31,C
S1,1227,ieee_dataport/LoRa_RFFI-main/LoRa_RFFI/dataset/Test/channel_problem/C.h5,136,,94da63d244a5faccf74bcd8c24f98fb7f93b3c3458ac6c8e9cf5d016613c453d,31,C
S1,1228,ieee_dataport/LoRa_RFFI-main/LoRa_RFFI/dataset/Test/channel_problem/C.h5,138,,1a3d7efb144a6900bf66f7e37862a9ad710f0c01fab0a06149ac82b63b15dd15,31,C
S1,1229,ieee_dataport/LoRa_RFFI-main/LoRa_RFFI/dataset/Test/channel_problem/C.h5,142,,155b900c55c0a5b55bad825900cad3adab4bfbe16b30d6b9d7414fe7dc714234,31,C
S1,1230,ieee_dataport/LoRa_RFFI-main/LoRa_RFFI/dataset/Test/channel_problem/C.h5,148,,78947d395e3013e56c26a84730888e1d18a3bdb191c8bbf3b1c549a7ed033ae3,31,C
S1,1231,ieee_dataport/LoRa_RFFI-main/LoRa_RFFI/dataset/Test/channel_problem/C.h5,151,,736f73dbb81b9ffb2f4c76df05d246b36f7869fa3a6e18a16c0100f0f7ad7238,31,C
S1,1232,ieee_dataport/LoRa_RFFI-main/LoRa_RFFI/dataset/Test/channel_problem/C.h5,152,,7bc8eb06d69080dcf77e6aed8d46dd36ad63b759237af63c695702c927a26213,31,C
S1,1233,ieee_dataport/LoRa_RFFI-main/LoRa_RFFI/dataset/Test/channel_problem/C.h5,156,,210a7d91bb6ae7fe4db4c4f84923397841814da0d756f76882f892f0bb4fa094,31,C
S1,1234,ieee_dataport/LoRa_RFFI-main/LoRa_RFFI/dataset/Test/channel_problem/C.h5,164,,a307cc00e69783789cbe0b63fe5bb0422b375f1c9b4c1782ff51931f95c6382a,31,C
S1,1235,ieee_dataport/LoRa_RFFI-main/LoRa_RFFI/dataset/Test/channel_problem/C.h5,167,,9aab6e9d95e6cf9d96554dc56e1e22c9dc2602d34f55ad3b0e2d2eebdf806fe1,31,C
S1,1236,ieee_dataport/LoRa_RFFI-main/LoRa_RFFI/dataset/Test/channel_problem/C.h5,184,,b87ed7d757533dade4893331f136679da0366fc2ad11752929bd78ce4ee36ac9,31,C
S1,1237,ieee_dataport/LoRa_RFFI-main/LoRa_RFFI/dataset/Test/channel_problem/C.h5,193,,fbf78595d94aa2a766ae95e31654a896d3cc223d08adcd4083b4bb8ec40802e3,31,C
S1,1238,ieee_dataport/LoRa_RFFI-main/LoRa_RFFI/dataset/Test/channel_problem/C.h5,195,,85f608296c2052db23770400f19827c79acf5f00257f3cbae733af8f77dcadda,31,C
S1,1239,ieee_dataport/LoRa_RFFI-main/LoRa_RFFI/dataset/Test/channel_problem/C.h5,198,,df01df12bb97ab02f7fb1a81e6647f9bbfabbbc035893e105bfdbc1251b58080,31,C
S1,1240,ieee_dataport/LoRa_RFFI-main/LoRa_RFFI/dataset/Test/channel_problem/C.h5,207,,f0cac6435fbcbe710b37ef4f71744bc109da16043e30789c3b3277a731f5ac83,32,C
S1,1241,ieee_dataport/LoRa_RFFI-main/LoRa_RFFI/dataset/Test/channel_problem/C.h5,211,,2c37df10c41d9e34a051682c38b0e423e2fea0a18ebfec8b09cec3be6c70953f,32,C
S1,1242,ieee_dataport/LoRa_RFFI-main/LoRa_RFFI/dataset/Test/channel_problem/C.h5,214,,51e60582727fbd02c2c438ae298e6deea24c1ec70f3cb4e2553d8239da020d98,32,C
S1,1243,ieee_dataport/LoRa_RFFI-main/LoRa_RFFI/dataset/Test/channel_problem/C.h5,215,,fbd5e87e5443ba2d0ed36642028ab0c4a266dc57f357527ff84122bb69e3674d,32,C
S1,1244,ieee_dataport/LoRa_RFFI-main/LoRa_RFFI/dataset/Test/channel_problem/C.h5,216,,b623a83c04a9fe95bec1ec57e11297e3fca204a9678e020628662673ab5cc20f,32,C
S1,1245,ieee_dataport/LoRa_RFFI-main/LoRa_RFFI/dataset/Test/channel_problem/C.h5,217,,739e291e7525a337fc4c2d70da68a3f19d6df7b2602ee0c068c6b3650f6264eb,32,C
S1,1246,ieee_dataport/LoRa_RFFI-main/LoRa_RFFI/dataset/Test/channel_problem/C.h5,226,,30817e4d89c8d71546ce5e423dbf8ce607eb95f27aebdf0fe3ed1ce16d365ca3,32,C
S1,1247,ieee_dataport/LoRa_RFFI-main/LoRa_RFFI/dataset/Test/channel_problem/C.h5,235,,accb222c4ee7aada4b6afb54f0d6dc693876a8601e85ea666162d97426db5347,32,C
S1,1248,ieee_dataport/LoRa_RFFI-main/LoRa_RFFI/dataset/Test/channel_problem/C.h5,237,,05214cc7e9fc49be8c786dfacef3d849354294237888a490771b203267a59cba,32,C
S1,1249,ieee_dataport/LoRa_RFFI-main/LoRa_RFFI/dataset/Test/channel_problem/C.h5,240,,75c16f7c11ab481a28fd00f6227c972018418fa0f6e4b155b83d3150273728f8,32,C
S1,1250,ieee_dataport/LoRa_RFFI-main/LoRa_RFFI/dataset/Test/channel_problem/C.h5,245,,b7cfeb21aabb8adaa9444d1cad5f5819b87bdf1ee7abdd355a7f63c62695b18e,32,C
S1,1251,ieee_dataport/LoRa_RFFI-main/LoRa_RFFI/dataset/Test/channel_problem/C.h5,247,,7d21af6895e341046be05c5c727e8d71934bb88e502ec6c15620c183460d31d9,32,C
S1,1252,ieee_dataport/LoRa_RFFI-main/LoRa_RFFI/dataset/Test/channel_problem/C.h5,258,,b466ead31376093f2f7a8feb3fef824e88f6a37b9c6809d43f9e25a8216bab32,32,C
S1,1253,ieee_dataport/LoRa_RFFI-main/LoRa_RFFI/dataset/Test/channel_problem/C.h5,269,,518a3e79394865986720f7e697981f7d6beb37b902f038b62480221ccca78c05,32,C
S1,1254,ieee_dataport/LoRa_RFFI-main/LoRa_RFFI/dataset/Test/channel_problem/C.h5,287,,23501935e4d5fc852bd4d995f7496b78a5f73fa025af7f05cdff8a3df380c89a,32,C
S1,1255,ieee_dataport/LoRa_RFFI-main/LoRa_RFFI/dataset/Test/channel_problem/C.h5,289,,774ee6169bcdfa4d1f622731c3a2b930da6f38e806f0135ba1ff95234503f23a,32,C
S1,1256,ieee_dataport/LoRa_RFFI-main/LoRa_RFFI/dataset/Test/channel_problem/C.h5,306,,70412a437062e80341d27333f4d0f18e402bb6da81722a3e84b0d510182b7319,32,C
S1,1257,ieee_dataport/LoRa_RFFI-main/LoRa_RFFI/dataset/Test/channel_problem/C.h5,307,,0eb78e1ad59ea5dce3b4d91aee418141d36a6030b40f8583f9e2dadf41871438,32,C
S1,1258,ieee_dataport/LoRa_RFFI-main/LoRa_RFFI/dataset/Test/channel_problem/C.h5,311,,508a86b015788942d32d6fcc56ce10bc81a2fc285f07d8e72f94e02a31c81577,32,C
S1,1259,ieee_dataport/LoRa_RFFI-main/LoRa_RFFI/dataset/Test/channel_problem/C.h5,315,,b047b95674b4800732c0ef572fb49154357e909296f32e84c4755eb1b885a401,32,C
S1,1260,ieee_dataport/LoRa_RFFI-main/LoRa_RFFI/dataset/Test/channel_problem/C.h5,318,,a681396b81246dcec5749d6e00a493dabb5cd8c7975735847f5de54cfa3c81b8,32,C
S1,1261,ieee_dataport/LoRa_RFFI-main/LoRa_RFFI/dataset/Test/channel_problem/C.h5,320,,e73c2d843836274918c8d2e71daf23b76dc16282a4ac0d2feb9e6f4aab319af9,32,C
S1,1262,ieee_dataport/LoRa_RFFI-main/LoRa_RFFI/dataset/Test/channel_problem/C.h5,322,,7ff25a85b232b47b55a06ce081175476380cbef58594907a79bfc1b117803e3d,32,C
S1,1263,ieee_dataport/LoRa_RFFI-main/LoRa_RFFI/dataset/Test/channel_problem/C.h5,326,,6ec62f079ed283d92325b9d445d0c17433888dd014ac3197656f3f2f508a31ce,32,C
S1,1264,ieee_dataport/LoRa_RFFI-main/LoRa_RFFI/dataset/Test/channel_problem/C.h5,338,,a4cc17041878d4fc13bca7d96f85a046b6b65d57b3379a1e1028d7b3de67cf79,32,C
S1,1265,ieee_dataport/LoRa_RFFI-main/LoRa_RFFI/dataset/Test/channel_problem/C.h5,341,,da6969b7d8f00e9a625edc3a1d4f01c90b8d69d73703259b861844569c97eee4,32,C
S1,1266,ieee_dataport/LoRa_RFFI-main/LoRa_RFFI/dataset/Test/channel_problem/C.h5,345,,342572c24df130e0450cdab85994e50f1847de5a43f5037e0bf848395fa1003e,32,C
S1,1267,ieee_dataport/LoRa_RFFI-main/LoRa_RFFI/dataset/Test/channel_problem/C.h5,361,,435480be8259fdf4a8f9dcebce6f4b3b58e49f7c5e8a5c5a025e6fd21869c858,32,C
S1,1268,ieee_dataport/LoRa_RFFI-main/LoRa_RFFI/dataset/Test/channel_problem/C.h5,364,,67a9d472f469f6ba63082733a36d29d8e99d62d8d340d09189653ca83b47a5d6,32,C
S1,1269,ieee_dataport/LoRa_RFFI-main/LoRa_RFFI/dataset/Test/channel_problem/C.h5,370,,81fd80780f8782cf44191c3864cbde44b04711f993c8393f3be6052ba84b9ed1,32,C
S1,1270,ieee_dataport/LoRa_RFFI-main/LoRa_RFFI/dataset/Test/channel_problem/C.h5,371,,36bb31696b82010f1367c72b55c98f4f9263b61686d145bf5c649f0574afafb3,32,C
S1,1271,ieee_dataport/LoRa_RFFI-main/LoRa_RFFI/dataset/Test/channel_problem/C.h5,372,,7461a63ad540439f0dba2ef0eb8a5bc54c352888abe1851246cae11af441fec6,32,C
S1,1272,ieee_dataport/LoRa_RFFI-main/LoRa_RFFI/dataset/Test/channel_problem/C.h5,376,,7476b9859a8f9f03a109310b16f66512b4f3571a899ff7e53aae6146c300f307,32,C
S1,1273,ieee_dataport/LoRa_RFFI-main/LoRa_RFFI/dataset/Test/channel_problem/C.h5,380,,f3fda383716c664a44b3af71410222121075efdfc5b7853cd93a79d1b956bd9a,32,C
S1,1274,ieee_dataport/LoRa_RFFI-main/LoRa_RFFI/dataset/Test/channel_problem/C.h5,389,,4c0cf759894d0085fa4dba5b3df64cb6236ab8d3fa93c2b15624ffd3b46b5d6b,32,C
S1,1275,ieee_dataport/LoRa_RFFI-main/LoRa_RFFI/dataset/Test/channel_problem/C.h5,390,,1fe2efccffbc62ba6566a6a3c5f20089fc0d47580e85eb455bf24eb8ea6d2f80,32,C
S1,1276,ieee_dataport/LoRa_RFFI-main/LoRa_RFFI/dataset/Test/channel_problem/C.h5,393,,e4ca77a88f790f632b509c3f212f8aa205fc5aa2bb1811f94153d5c4bf0203d2,32,C
S1,1277,ieee_dataport/LoRa_RFFI-main/LoRa_RFFI/dataset/Test/channel_problem/C.h5,395,,f42cbcf739d88d3999e1084924969e680938d5849c6bfb999e965689bc201003,32,C
S1,1278,ieee_dataport/LoRa_RFFI-main/LoRa_RFFI/dataset/Test/channel_problem/C.h5,397,,349ae17b4a75e3bffd45df6caa2e4baa58e43ae06db35a038e282560d527a8b9,32,C
S1,1279,ieee_dataport/LoRa_RFFI-main/LoRa_RFFI/dataset/Test/channel_problem/C.h5,398,,f19f47da3bfd42d1a7c6d6b4f3c6bb0f2be412a47cc5d2d67ae22b21b0fc7357,32,C
S1,1280,ieee_dataport/LoRa_RFFI-main/LoRa_RFFI/dataset/Test/channel_problem/C.h5,403,,30685f78d940319f6781252464a80bbd8c900ae462207ef38c4f2d46596ce71d,33,C
S1,1281,ieee_dataport/LoRa_RFFI-main/LoRa_RFFI/dataset/Test/channel_problem/C.h5,408,,8f29d6dc77af435c0eca77f4fbd666c8267541cd80d12187ed8ed689942b3d9d,33,C
S1,1282,ieee_dataport/LoRa_RFFI-main/LoRa_RFFI/dataset/Test/channel_problem/C.h5,409,,ed205ed6c2772707610feb92a816e79c1d31dd1750c5428dcffa66e5f81a4c8a,33,C
S1,1283,ieee_dataport/LoRa_RFFI-main/LoRa_RFFI/dataset/Test/channel_problem/C.h5,419,,f7adc560639b8dc4b5cdf57b028275b52f6d482217fb6030023439295b24a3c5,33,C
S1,1284,ieee_dataport/LoRa_RFFI-main/LoRa_RFFI/dataset/Test/channel_problem/C.h5,425,,36c3e681aabeb541f9184a4d58d998ec5775861b667396fc9835da34733876aa,33,C
S1,1285,ieee_dataport/LoRa_RFFI-main/LoRa_RFFI/dataset/Test/channel_problem/C.h5,427,,02c673e23050a7f92d1de3bd0f747bcf1cd40ba15d44ca39ce22b03ffe59c926,33,C
S1,1286,ieee_dataport/LoRa_RFFI-main/LoRa_RFFI/dataset/Test/channel_problem/C.h5,428,,353ccf1767897319e83d86cc5fd23ebb8a93802d9ff027afc19845af50c8c591,33,C
S1,1287,ieee_dataport/LoRa_RFFI-main/LoRa_RFFI/dataset/Test/channel_problem/C.h5,433,,dc6dba343d92822627057e221b8bb1283750f580bb24aa0caa813627702a1185,33,C
S1,1288,ieee_dataport/LoRa_RFFI-main/LoRa_RFFI/dataset/Test/channel_problem/C.h5,443,,3087e895c2f09a8f180d402a41495fe748a7664dba5b3372eb43548a6ffa6e64,33,C
S1,1289,ieee_dataport/LoRa_RFFI-main/LoRa_RFFI/dataset/Test/channel_problem/C.h5,446,,b59d79da9304f2f66a3fb5324ff7957fdde55ed71fcc98feffdd5d2f9a1c2719,33,C
S1,1290,ieee_dataport/LoRa_RFFI-main/LoRa_RFFI/dataset/Test/channel_problem/C.h5,450,,96513877a076f8d5b30cd0902a5828e063196bb0f147f242caae0ef73b783976,33,C
S1,1291,ieee_dataport/LoRa_RFFI-main/LoRa_RFFI/dataset/Test/channel_problem/C.h5,452,,4543933167d0afe132d093e5dbf0e772f721fe93a002aa99c8f5f2848c1e4789,33,C
S1,1292,ieee_dataport/LoRa_RFFI-main/LoRa_RFFI/dataset/Test/channel_problem/C.h5,454,,9baaf2696abf413b23543075147d2b40dc1fbc1300f33789ad491ee3dda51c22,33,C
S1,1293,ieee_dataport/LoRa_RFFI-main/LoRa_RFFI/dataset/Test/channel_problem/C.h5,456,,21addd82c76806e6c43f9f68d76d3bfb829846438638c4b05ec3cb1fbed2535e,33,C
S1,1294,ieee_dataport/LoRa_RFFI-main/LoRa_RFFI/dataset/Test/channel_problem/C.h5,460,,90fa1ceef37d63240e77dad4ac0a96068238a25cde1573bfaddfecb1897b2176,33,C
S1,1295,ieee_dataport/LoRa_RFFI-main/LoRa_RFFI/dataset/Test/channel_problem/C.h5,464,,c755f967240a5b9c42aec6fd96d6491bf300f2eb973ce2cc1f1c55117404fc51,33,C
S1,1296,ieee_dataport/LoRa_RFFI-main/LoRa_RFFI/dataset/Test/channel_problem/C.h5,465,,f3763a201414ce221475ca47ae16f30087243fb933e4f29170d22b68c413b9f9,33,C
S1,1297,ieee_dataport/LoRa_RFFI-main/LoRa_RFFI/dataset/Test/channel_problem/C.h5,466,,d168e151b35afceb6288b06c1ce60ceddeacd99f2c5c2c9c7382baf47f09198b,33,C
S1,1298,ieee_dataport/LoRa_RFFI-main/LoRa_RFFI/dataset/Test/channel_problem/C.h5,473,,bbf630f2ef1cc167d0ac3924ea5a2b42d6c8e487209f930df43ab02ba0373703,33,C
S1,1299,ieee_dataport/LoRa_RFFI-main/LoRa_RFFI/dataset/Test/channel_problem/C.h5,474,,640833dfc655284f7b77dc5df11193ed513262a810a651fadeaa3928dc1c53b8,33,C
S1,1300,ieee_dataport/LoRa_RFFI-main/LoRa_RFFI/dataset/Test/channel_problem/C.h5,483,,247795f13f523171f23bfbbbb87ae61421b5d92a0dca85886bc6ebf657b8fb5e,33,C
S1,1301,ieee_dataport/LoRa_RFFI-main/LoRa_RFFI/dataset/Test/channel_problem/C.h5,484,,02dcbe35706d91db88b9085b1c67456ff268021f30f12e22871d11cc20281f5d,33,C
S1,1302,ieee_dataport/LoRa_RFFI-main/LoRa_RFFI/dataset/Test/channel_problem/C.h5,491,,6cc75bf97ff5121d8b06a7f7944d5a87af0bd4144e659f36983c044009ec1cb0,33,C
S1,1303,ieee_dataport/LoRa_RFFI-main/LoRa_RFFI/dataset/Test/channel_problem/C.h5,495,,e66202cbe3dac3312a7557073ee4db663bd78f4e7a17a7b76d95a72ecefab775,33,C
S1,1304,ieee_dataport/LoRa_RFFI-main/LoRa_RFFI/dataset/Test/channel_problem/C.h5,498,,d0657ca143322a4a0ab47f0a33aff82b2119f907cc7588d45da0ae296a52a5b5,33,C
S1,1305,ieee_dataport/LoRa_RFFI-main/LoRa_RFFI/dataset/Test/channel_problem/C.h5,499,,aaa6e6c41b561b71b762ac9df7bd0915fe9f29bcbb9421e77ab2e1eacdca55c3,33,C
S1,1306,ieee_dataport/LoRa_RFFI-main/LoRa_RFFI/dataset/Test/channel_problem/C.h5,513,,22578f935c6dea20668000bf4b329b59dd52b9f417cce63d451b85964e12ef6a,33,C
S1,1307,ieee_dataport/LoRa_RFFI-main/LoRa_RFFI/dataset/Test/channel_problem/C.h5,518,,3f4941d94466625189a7e0e6cbdfd2e548cc0502fcc04c965bf2675c942afb06,33,C
S1,1308,ieee_dataport/LoRa_RFFI-main/LoRa_RFFI/dataset/Test/channel_problem/C.h5,523,,b19230d7c3ed7e6c2e8f67db9ff67b9dfbe254e940601e7d1fc91507e807e267,33,C
S1,1309,ieee_dataport/LoRa_RFFI-main/LoRa_RFFI/dataset/Test/channel_problem/C.h5,525,,56fe577f1847d145b05652ea92c09c9696ac069ff450e2c6e67bb8bf85fd9ad2,33,C
S1,1310,ieee_dataport/LoRa_RFFI-main/LoRa_RFFI/dataset/Test/channel_problem/C.h5,529,,a535b0be3af4421555c07bd465a7f49dc33c496eff999440724317602e491f85,33,C
S1,1311,ieee_dataport/LoRa_RFFI-main/LoRa_RFFI/dataset/Test/channel_problem/C.h5,531,,375c12e040165f88cc0e36238b9de3f96036fc259d4d257ebcb8f16d63ac095a,33,C
S1,1312,ieee_dataport/LoRa_RFFI-main/LoRa_RFFI/dataset/Test/channel_problem/C.h5,549,,3915516ebacd098fbe8f955d066cff0d82dc4f784a7194d53d00ea6a72059a3b,33,C
S1,1313,ieee_dataport/LoRa_RFFI-main/LoRa_RFFI/dataset/Test/channel_problem/C.h5,553,,3f345d4ce68ee8d4f71f4f6500fbf9e5d66773998e558001b08dd9b22fd6663d,33,C
S1,1314,ieee_dataport/LoRa_RFFI-main/LoRa_RFFI/dataset/Test/channel_problem/C.h5,554,,20173de0dfd3389a5635ec10a163b3fe22754a8442eb00dc6a40fcf2360eda39,33,C
S1,1315,ieee_dataport/LoRa_RFFI-main/LoRa_RFFI/dataset/Test/channel_problem/C.h5,564,,7d20007c89c1eb64df113032ae7244b6416cb9c2afdc57056f251f12cb933db6,33,C
S1,1316,ieee_dataport/LoRa_RFFI-main/LoRa_RFFI/dataset/Test/channel_problem/C.h5,569,,79df0bf6e591424b12ebce6c9351f5525efce2ec92c98fd70c9d315eca666106,33,C
S1,1317,ieee_dataport/LoRa_RFFI-main/LoRa_RFFI/dataset/Test/channel_problem/C.h5,581,,7b1db94396ed8c06da3787f2a95173329c8a17a6ca54286af9732601fb82c227,33,C
S1,1318,ieee_dataport/LoRa_RFFI-main/LoRa_RFFI/dataset/Test/channel_problem/C.h5,582,,20b775327743bfeba38d007e0507ba1915582a69e5ad122d6fc54a40bb3a20f0,33,C
S1,1319,ieee_dataport/LoRa_RFFI-main/LoRa_RFFI/dataset/Test/channel_problem/C.h5,593,,60f5cea85ad8a41c4b59dee5459723b71cc08dc0b89c03b35280280468bd2294,33,C
S1,1320,ieee_dataport/LoRa_RFFI-main/LoRa_RFFI/dataset/Test/channel_problem/C.h5,601,,ed52818f272806799b054b9a5b8e09362c33dfbe7128ebfd747df9a40c4f2c8f,34,C
S1,1321,ieee_dataport/LoRa_RFFI-main/LoRa_RFFI/dataset/Test/channel_problem/C.h5,607,,d4903633f2cbc11458e96efb9da2803286bfbd2781d0d45a124f9bb2223a51c6,34,C
S1,1322,ieee_dataport/LoRa_RFFI-main/LoRa_RFFI/dataset/Test/channel_problem/C.h5,610,,c12ce08dc50788d668a19bd1ceb0bdc76fa1037309b20c4030af5457ad605c43,34,C
S1,1323,ieee_dataport/LoRa_RFFI-main/LoRa_RFFI/dataset/Test/channel_problem/C.h5,614,,0b6e13a398c17b2ff13104e21cd86afc5a25133b140de916b08764ea4b407d91,34,C
S1,1324,ieee_dataport/LoRa_RFFI-main/LoRa_RFFI/dataset/Test/channel_problem/C.h5,616,,e193215d3034f076f140e4194ff887b46e222eaf1ea39641de041296e063e114,34,C
S1,1325,ieee_dataport/LoRa_RFFI-main/LoRa_RFFI/dataset/Test/channel_problem/C.h5,626,,fe7dc9d8602ed35c2b13674373a5b9a006cda14eb0a6b2ded08cee03d56fe50b,34,C
S1,1326,ieee_dataport/LoRa_RFFI-main/LoRa_RFFI/dataset/Test/channel_problem/C.h5,636,,a999f83f163fa29bd8ca031db22497b2795ac410f56c3e2bdf96ae97fb5f9e76,34,C
S1,1327,ieee_dataport/LoRa_RFFI-main/LoRa_RFFI/dataset/Test/channel_problem/C.h5,638,,22fae1305a40604a5989ebb1e8b82c9aec6ac84a9c0ba72aac6384749534b77b,34,C
S1,1328,ieee_dataport/LoRa_RFFI-main/LoRa_RFFI/dataset/Test/channel_problem/C.h5,647,,a17fc6bdc3497a56f9a992b77623c19ea516e25fa974c232ada34120f3a24156,34,C
S1,1329,ieee_dataport/LoRa_RFFI-main/LoRa_RFFI/dataset/Test/channel_problem/C.h5,649,,0034a6923736a641288b2a638ac91e5a0ec892b4bd9e4733815e16c5c7a8feb4,34,C
S1,1330,ieee_dataport/LoRa_RFFI-main/LoRa_RFFI/dataset/Test/channel_problem/C.h5,651,,6b18bdb5b9fb9687ec2340a440d22596328021e25ed1fb995f09a8cfffb16b10,34,C
S1,1331,ieee_dataport/LoRa_RFFI-main/LoRa_RFFI/dataset/Test/channel_problem/C.h5,654,,c17f29aa351cf39d6f41e70fb99aedbb8dfd7eea28583c29cf0d3676ec636e42,34,C
S1,1332,ieee_dataport/LoRa_RFFI-main/LoRa_RFFI/dataset/Test/channel_problem/C.h5,655,,6ab9955f41cfdae170f3508e63f17e395834f39b79ca8f8638c4acc67f281eb3,34,C
S1,1333,ieee_dataport/LoRa_RFFI-main/LoRa_RFFI/dataset/Test/channel_problem/C.h5,660,,ff4fbf77d39b448a6d32e8d974beedc0b97ef4f67ea6e62e42dc9ae6a7132e95,34,C
S1,1334,ieee_dataport/LoRa_RFFI-main/LoRa_RFFI/dataset/Test/channel_problem/C.h5,662,,b75fb21609ec298c9e37e280e7ca7a8c4f1d05122ca0ccf4ca399b9ae1dc91fc,34,C
S1,1335,ieee_dataport/LoRa_RFFI-main/LoRa_RFFI/dataset/Test/channel_problem/C.h5,664,,0537186410205fe239eec0edf083326c6bf9f2e4a9f68ab059a368f893386637,34,C
S1,1336,ieee_dataport/LoRa_RFFI-main/LoRa_RFFI/dataset/Test/channel_problem/C.h5,668,,2bcfa874dba7c2b382d09ea515d183f80ad2f16919d297e680eef8b00ff186d2,34,C
S1,1337,ieee_dataport/LoRa_RFFI-main/LoRa_RFFI/dataset/Test/channel_problem/C.h5,670,,cee1366ba548841709679b3e055ecb8398ad3143f4bb638d891b1dd90ab6fb85,34,C
S1,1338,ieee_dataport/LoRa_RFFI-main/LoRa_RFFI/dataset/Test/channel_problem/C.h5,674,,00f001c83090c07b6333f28092bcdb8b3f08e81e4b4b196a19b82aef62699fa0,34,C
S1,1339,ieee_dataport/LoRa_RFFI-main/LoRa_RFFI/dataset/Test/channel_problem/C.h5,685,,997265f3f78661ebf097613cdebb13afc63077eafbaae28e06bd90c573046383,34,C
S1,1340,ieee_dataport/LoRa_RFFI-main/LoRa_RFFI/dataset/Test/channel_problem/C.h5,693,,97e1e1eaf56db404b171b8003a426326909a2f46415d2d54582b85cd40b38654,34,C
S1,1341,ieee_dataport/LoRa_RFFI-main/LoRa_RFFI/dataset/Test/channel_problem/C.h5,700,,0143ef7bcd77e02e51281069c9b784db97912b36a046f23d5edfcb4875f6169a,34,C
S1,1342,ieee_dataport/LoRa_RFFI-main/LoRa_RFFI/dataset/Test/channel_problem/C.h5,701,,7e0a574c5eb6310ea76712d5d419143e0337db14dd8c24444b51af468c9ec75e,34,C
S1,1343,ieee_dataport/LoRa_RFFI-main/LoRa_RFFI/dataset/Test/channel_problem/C.h5,708,,c602aa774b3c88188784e00d60d7b6d4459a773cc03d310c4079505457b6fee4,34,C
S1,1344,ieee_dataport/LoRa_RFFI-main/LoRa_RFFI/dataset/Test/channel_problem/C.h5,715,,98d7073e0b3ed41456302bf5d5d20a7a0f264b8faaec127c729d850fac6f36cb,34,C
S1,1345,ieee_dataport/LoRa_RFFI-main/LoRa_RFFI/dataset/Test/channel_problem/C.h5,716,,b73c183a9a7f47554ee876d675663632f493d0a87e63cebea6e7e30e2d506153,34,C
S1,1346,ieee_dataport/LoRa_RFFI-main/LoRa_RFFI/dataset/Test/channel_problem/C.h5,719,,8fe1217feb9100135959370e21af5731cb0d59d96eb91a9dd7035bed27ff515e,34,C
S1,1347,ieee_dataport/LoRa_RFFI-main/LoRa_RFFI/dataset/Test/channel_problem/C.h5,722,,907d16042fd927a9db42f0232b8192da12c571314374f22afe132e458256fce5,34,C
S1,1348,ieee_dataport/LoRa_RFFI-main/LoRa_RFFI/dataset/Test/channel_problem/C.h5,727,,1d40db32e3dd13751d74f1933e4ec1f54c9e153f6754bf6ef4edc54c902fb08d,34,C
S1,1349,ieee_dataport/LoRa_RFFI-main/LoRa_RFFI/dataset/Test/channel_problem/C.h5,739,,d2399c7d69d5b71c8e66ba2e15965c6e7d5f5469359bf11d1b8a38dd9daa2cd6,34,C
S1,1350,ieee_dataport/LoRa_RFFI-main/LoRa_RFFI/dataset/Test/channel_problem/C.h5,741,,74ad97eedca1883ffdeefd7e4e525f3c7356d42ba30a3c9ad1496ae522b2fa50,34,C
S1,1351,ieee_dataport/LoRa_RFFI-main/LoRa_RFFI/dataset/Test/channel_problem/C.h5,746,,7e3c014503d48be90badeb2fda75c9dbda89e4b3dad715dd7bfd7f265e5619c3,34,C
S1,1352,ieee_dataport/LoRa_RFFI-main/LoRa_RFFI/dataset/Test/channel_problem/C.h5,759,,62f4c1155dc15f2cd93d1ef8e5e90dcc47aeae092366fa883ed1dbcb0ece6614,34,C
S1,1353,ieee_dataport/LoRa_RFFI-main/LoRa_RFFI/dataset/Test/channel_problem/C.h5,770,,03c3a4c901eb9bbb6b41c922f3bff9378cd1ee6bba6f6fc891fe285841bf202b,34,C
S1,1354,ieee_dataport/LoRa_RFFI-main/LoRa_RFFI/dataset/Test/channel_problem/C.h5,776,,daab15dcdd31dfbfc9446c09cd92fd55e938313be4c1d3c0a907a91e720c705c,34,C
S1,1355,ieee_dataport/LoRa_RFFI-main/LoRa_RFFI/dataset/Test/channel_problem/C.h5,777,,6f9b37d176d21d4acd3d83267dc78624e0e29b48f25efab95088221704afd98d,34,C
S1,1356,ieee_dataport/LoRa_RFFI-main/LoRa_RFFI/dataset/Test/channel_problem/C.h5,785,,75f2b73085dcb99601253b4d248513077cf395a69d0d59e21f1aaa6cb751c9d2,34,C
S1,1357,ieee_dataport/LoRa_RFFI-main/LoRa_RFFI/dataset/Test/channel_problem/C.h5,787,,88174c373ca8cd0bdff48ee8250b7ef84d5acccd93bce4b3aea0efc1f53992dd,34,C
S1,1358,ieee_dataport/LoRa_RFFI-main/LoRa_RFFI/dataset/Test/channel_problem/C.h5,791,,dc9590fb59f9d81b3839b2945ec9f76772ce6e276e3caa08a5b61efa8b264f04,34,C
S1,1359,ieee_dataport/LoRa_RFFI-main/LoRa_RFFI/dataset/Test/channel_problem/C.h5,792,,6260eec0e85f0575c1d962fe1490af1b09ed291913469d6d14cc2f15d49cec95,34,C
S1,1360,ieee_dataport/LoRa_RFFI-main/LoRa_RFFI/dataset/Test/channel_problem/C.h5,808,,4f4481a439f129148036f98fb2e56ac38059941909ce83c6e18a8d4788bd3dd7,35,C
S1,1361,ieee_dataport/LoRa_RFFI-main/LoRa_RFFI/dataset/Test/channel_problem/C.h5,815,,ef14ef41f541231f1316a32174bae3aa49d9fb6ebdcb0fc38825dbc5ad3c89c4,35,C
S1,1362,ieee_dataport/LoRa_RFFI-main/LoRa_RFFI/dataset/Test/channel_problem/C.h5,822,,d4b1bf66fedecbef57b3b89fbd23e4be9375f66d351300f7eb838617c84d8bc7,35,C
S1,1363,ieee_dataport/LoRa_RFFI-main/LoRa_RFFI/dataset/Test/channel_problem/C.h5,824,,27e540ce5204cd40f2c7e8ac9c051548db34d1c7f4c4933301c862dad38c90c7,35,C
S1,1364,ieee_dataport/LoRa_RFFI-main/LoRa_RFFI/dataset/Test/channel_problem/C.h5,826,,a0205ed192b757cddb0a16a1bb7de4c9321cffa9a018c8da1f6789987f3d83c7,35,C
S1,1365,ieee_dataport/LoRa_RFFI-main/LoRa_RFFI/dataset/Test/channel_problem/C.h5,828,,823f44fb48dd05a35e420cd8eda25e3d55b0c9cc8f1921390788fff696dc5815,35,C
S1,1366,ieee_dataport/LoRa_RFFI-main/LoRa_RFFI/dataset/Test/channel_problem/C.h5,833,,c7c5eb376691fa69a0cfbf9d470b08f81d023246a44ec6e5179d8a123914dd2f,35,C
S1,1367,ieee_dataport/LoRa_RFFI-main/LoRa_RFFI/dataset/Test/channel_problem/C.h5,836,,ae1b51d22d2276660b9ad40ad06f9407cf680b17d8d6307de0b3a161fc498be8,35,C
S1,1368,ieee_dataport/LoRa_RFFI-main/LoRa_RFFI/dataset/Test/channel_problem/C.h5,843,,e4cec2ef8fa3f787ba559edcc66d255f560e2b4870250d15e41016be46400681,35,C
S1,1369,ieee_dataport/LoRa_RFFI-main/LoRa_RFFI/dataset/Test/channel_problem/C.h5,854,,cb913190785f24c367dc28913cee9f9cfcadcb17105653aabd3196b55cdfeeed,35,C
S1,1370,ieee_dataport/LoRa_RFFI-main/LoRa_RFFI/dataset/Test/channel_problem/C.h5,862,,96a55854de071c053320ed1cd6f7d1c74f42f8d9f20495d90407cf61aa317638,35,C
S1,1371,ieee_dataport/LoRa_RFFI-main/LoRa_RFFI/dataset/Test/channel_problem/C.h5,867,,dfe18e8fff245ef97c369784d02a824ba2161c9140c9f1d943ec7dfbbdbd2f50,35,C
S1,1372,ieee_dataport/LoRa_RFFI-main/LoRa_RFFI/dataset/Test/channel_problem/C.h5,869,,ca659b856bf189c4ec5f5c0d6bd8040f15c9df3228527feb50209f12dd890727,35,C
S1,1373,ieee_dataport/LoRa_RFFI-main/LoRa_RFFI/dataset/Test/channel_problem/C.h5,871,,b1739c6b58fca8c191a92d462d07d03a44d84e21fdbff8cec66da32840f5fdd5,35,C
S1,1374,ieee_dataport/LoRa_RFFI-main/LoRa_RFFI/dataset/Test/channel_problem/C.h5,872,,69faf414a6c21dc66da5fb5e63b62ccb7020f3943861c128daffaf99464afe96,35,C
S1,1375,ieee_dataport/LoRa_RFFI-main/LoRa_RFFI/dataset/Test/channel_problem/C.h5,883,,bd8a495ed2eac84663cbcf3c0d93223262f46f8caf1a2f06085b47f0ce42c9b8,35,C
S1,1376,ieee_dataport/LoRa_RFFI-main/LoRa_RFFI/dataset/Test/channel_problem/C.h5,887,,57269d104a6fd89eca6e28740d847bfa163fbaa342101c377aca40299d2a8a02,35,C
S1,1377,ieee_dataport/LoRa_RFFI-main/LoRa_RFFI/dataset/Test/channel_problem/C.h5,892,,7be5ae5e0b242ad377ed9f795d12e7d69cd70299ef110a3de63f5f103a8f5d13,35,C
S1,1378,ieee_dataport/LoRa_RFFI-main/LoRa_RFFI/dataset/Test/channel_problem/C.h5,898,,28432ef17e1c8d45480134b258eccf9bb4a52299f8992f9cafc7e7584e6b5916,35,C
S1,1379,ieee_dataport/LoRa_RFFI-main/LoRa_RFFI/dataset/Test/channel_problem/C.h5,899,,b515ee8b20e789ee5e8999b7515e49485b11e49229c7b0ca9c2e45151344931b,35,C
S1,1380,ieee_dataport/LoRa_RFFI-main/LoRa_RFFI/dataset/Test/channel_problem/C.h5,908,,adeef05c8c4d87fe672b6fe560e33dfb624cc6f3a449b50353ec02d33ceec6ef,35,C
S1,1381,ieee_dataport/LoRa_RFFI-main/LoRa_RFFI/dataset/Test/channel_problem/C.h5,915,,a356ac4c94c91ac36b48438c10b9b014835c86673ee1d503f2f0764266f69fb6,35,C
S1,1382,ieee_dataport/LoRa_RFFI-main/LoRa_RFFI/dataset/Test/channel_problem/C.h5,924,,e66f39c84f1311e43235570f3512c8d8a971fc82b97f064b8725f5cb970c4179,35,C
S1,1383,ieee_dataport/LoRa_RFFI-main/LoRa_RFFI/dataset/Test/channel_problem/C.h5,936,,845f832c1c53c1499e674d4aaf22e3112e700540222b48cab70c86681480336d,35,C
S1,1384,ieee_dataport/LoRa_RFFI-main/LoRa_RFFI/dataset/Test/channel_problem/C.h5,940,,038bc5463c141af01e87518d03a706d1a574b35ab93c5386035eb45607de6ad4,35,C
S1,1385,ieee_dataport/LoRa_RFFI-main/LoRa_RFFI/dataset/Test/channel_problem/C.h5,942,,c7ac91f9b3c898baf5ab4b578fa50ce181548435156dc39ff31610f8991757ec,35,C
S1,1386,ieee_dataport/LoRa_RFFI-main/LoRa_RFFI/dataset/Test/channel_problem/C.h5,945,,66c3e04267c45d6d26f8482d24c4b89cb56a612aebca5d74bfcc30dd5a58147b,35,C
S1,1387,ieee_dataport/LoRa_RFFI-main/LoRa_RFFI/dataset/Test/channel_problem/C.h5,949,,b3e0f2475def0f48118161ad7dd414f1c9632a0d2f4b2c1a13d2576925683d86,35,C
S1,1388,ieee_dataport/LoRa_RFFI-main/LoRa_RFFI/dataset/Test/channel_problem/C.h5,957,,c4f198dffdaad9eb0efe8aa745cb72890b8d4bd41451bb2c8387f6d3e4d6cb2b,35,C
S1,1389,ieee_dataport/LoRa_RFFI-main/LoRa_RFFI/dataset/Test/channel_problem/C.h5,961,,a43f2f8c2a8e2d5933a9aaf35af696af2bbaa0b28eebe86439ebcc10f3c7d9b2,35,C
S1,1390,ieee_dataport/LoRa_RFFI-main/LoRa_RFFI/dataset/Test/channel_problem/C.h5,964,,a391be36b18a058eda74f36f683d3802e08330695d40d6746590cee8c9c0df80,35,C
S1,1391,ieee_dataport/LoRa_RFFI-main/LoRa_RFFI/dataset/Test/channel_problem/C.h5,965,,d8010c8635905f043466ac620db4b5c5a29880e37b10bd785b91299d6eb46d0f,35,C
S1,1392,ieee_dataport/LoRa_RFFI-main/LoRa_RFFI/dataset/Test/channel_problem/C.h5,973,,89c17cd3afc058dd47550df35f6f0e94a08f857a28c9ec7d1235baf5a88b5bb2,35,C
S1,1393,ieee_dataport/LoRa_RFFI-main/LoRa_RFFI/dataset/Test/channel_problem/C.h5,975,,14930b81a3bfd782c42a40f56873e2c0f0021ee85e6b775be5cbbafe06e90c02,35,C
S1,1394,ieee_dataport/LoRa_RFFI-main/LoRa_RFFI/dataset/Test/channel_problem/C.h5,978,,b6bffade65dd52a67a85b0c25b4663f6e277c93c3fdd25ef3129a031f0f2f41d,35,C
S1,1395,ieee_dataport/LoRa_RFFI-main/LoRa_RFFI/dataset/Test/channel_problem/C.h5,979,,7b4caa52282f2e770900d5871d2bdc8cdcc28cf83182c56b9c5b0ce2dab0e6a7,35,C
S1,1396,ieee_dataport/LoRa_RFFI-main/LoRa_RFFI/dataset/Test/channel_problem/C.h5,983,,40d8bed38810aadd9f567c24cbd259fb83377061772efbcb341fb52f98679e89,35,C
S1,1397,ieee_dataport/LoRa_RFFI-main/LoRa_RFFI/dataset/Test/channel_problem/C.h5,992,,0bf2c6921719486feac9b88857eb31fc46efd46f739b94a677c8aefecf3ae66c,35,C
S1,1398,ieee_dataport/LoRa_RFFI-main/LoRa_RFFI/dataset/Test/channel_problem/C.h5,993,,e36113a65fa4974e476e25179f1553af84d22b521c8796b87a1b2d32284c5fe4,35,C
S1,1399,ieee_dataport/LoRa_RFFI-main/LoRa_RFFI/dataset/Test/channel_problem/C.h5,998,,7782f94d05c53fcde3f89234d9ca98c1dfdd1159726fd212db954b9c031aae1e,35,C
S1,1400,ieee_dataport/LoRa_RFFI-main/LoRa_RFFI/dataset/Test/channel_problem/C.h5,1001,,f0d4478fc123c5e4106f44779a4a9b2262a06e4724aff78308dc16673bd65a46,36,C
S1,1401,ieee_dataport/LoRa_RFFI-main/LoRa_RFFI/dataset/Test/channel_problem/C.h5,1002,,751ee27ddff7ba97e3b6375066d28225d7e52b1256d49ea6bfa4c665eed7c591,36,C
S1,1402,ieee_dataport/LoRa_RFFI-main/LoRa_RFFI/dataset/Test/channel_problem/C.h5,1003,,1be1d143b92a95440e1bbd356a5c3b9245f74c1e272d2d732312212061a3d729,36,C
S1,1403,ieee_dataport/LoRa_RFFI-main/LoRa_RFFI/dataset/Test/channel_problem/C.h5,1009,,e83514717b6263e8a7bf29764ff550c6e530136994071304592ff1b876d3ac9b,36,C
S1,1404,ieee_dataport/LoRa_RFFI-main/LoRa_RFFI/dataset/Test/channel_problem/C.h5,1024,,b973afd39c13f5f26b1d833aad2528c9480fffff4dcd61946f0078c9938cdc2c,36,C
S1,1405,ieee_dataport/LoRa_RFFI-main/LoRa_RFFI/dataset/Test/channel_problem/C.h5,1028,,391a3258260f2668b18550a5b9188803c76a5756192ed5ee67ee2369c31e1438,36,C
S1,1406,ieee_dataport/LoRa_RFFI-main/LoRa_RFFI/dataset/Test/channel_problem/C.h5,1035,,a0e619fb4ab1ada521f621604d9922f704c32c6eb11a7ecf65f98cb6995f84fe,36,C
S1,1407,ieee_dataport/LoRa_RFFI-main/LoRa_RFFI/dataset/Test/channel_problem/C.h5,1042,,dfc5556bbc1f7845d7315fdbd5ea925cc23298925ca25667bdc6408973638a30,36,C
S1,1408,ieee_dataport/LoRa_RFFI-main/LoRa_RFFI/dataset/Test/channel_problem/C.h5,1047,,93a951536cd3afabdc386e6d05c55cbc367aa299e52377144b7ef5adc5d86879,36,C
S1,1409,ieee_dataport/LoRa_RFFI-main/LoRa_RFFI/dataset/Test/channel_problem/C.h5,1052,,d14fdf9322de8ba3043f5e6706d244756c84b06c13fcf7eaa84d941a65a9c34f,36,C
S1,1410,ieee_dataport/LoRa_RFFI-main/LoRa_RFFI/dataset/Test/channel_problem/C.h5,1054,,1b282bfa08f3151369c751abfbd8cac348d5f326c1fa1327a2d0fc03a10f67b3,36,C
S1,1411,ieee_dataport/LoRa_RFFI-main/LoRa_RFFI/dataset/Test/channel_problem/C.h5,1055,,aeaaa60880e528d871fc566336a4c892c70ec0504f912cee632d94513abc28ae,36,C
S1,1412,ieee_dataport/LoRa_RFFI-main/LoRa_RFFI/dataset/Test/channel_problem/C.h5,1066,,b44f971df740ba1c713638577088eefe895ae948ce749d3207c67c06bd5e520e,36,C
S1,1413,ieee_dataport/LoRa_RFFI-main/LoRa_RFFI/dataset/Test/channel_problem/C.h5,1067,,10564ada3251a3b79c014b3df158b158d02955b105288c69ec7e178e7c49f13e,36,C
S1,1414,ieee_dataport/LoRa_RFFI-main/LoRa_RFFI/dataset/Test/channel_problem/C.h5,1077,,291599eb0db65302b1f834a4ca67d72c4369c5b1c15e92b0aa95f89dce5e4d15,36,C
S1,1415,ieee_dataport/LoRa_RFFI-main/LoRa_RFFI/dataset/Test/channel_problem/C.h5,1078,,bb7bf96261f8e519132d7804e777fe52b0d687c346a216e26f47115885f02779,36,C
S1,1416,ieee_dataport/LoRa_RFFI-main/LoRa_RFFI/dataset/Test/channel_problem/C.h5,1083,,579bf06c7089d9d3b42f48f6583b62304dc0e11b62bfb3278ca8af2e28ce8544,36,C
S1,1417,ieee_dataport/LoRa_RFFI-main/LoRa_RFFI/dataset/Test/channel_problem/C.h5,1090,,ff9c1d724dd6dbccf936897a822c97c3b5d1c2c9facd697a90aa74fb0c6edeec,36,C
S1,1418,ieee_dataport/LoRa_RFFI-main/LoRa_RFFI/dataset/Test/channel_problem/C.h5,1093,,0c270e1d95d778fd8ad0e033c90711075efdb13de52ae244af31aa183b59d3d3,36,C
S1,1419,ieee_dataport/LoRa_RFFI-main/LoRa_RFFI/dataset/Test/channel_problem/C.h5,1099,,aefb7fca09fe3277cec283aa62a9498089f90daffe5bb279cbab856af32586e6,36,C
S1,1420,ieee_dataport/LoRa_RFFI-main/LoRa_RFFI/dataset/Test/channel_problem/C.h5,1108,,1f522c465c5a13cb2e86a3d224648e7e0ce411772daacb1b7dd00fb75a5f47f6,36,C
S1,1421,ieee_dataport/LoRa_RFFI-main/LoRa_RFFI/dataset/Test/channel_problem/C.h5,1111,,92c5b5ed55ca2bfa59a2078906a179d97cdc27cc032456126f74fa1a2572b8d0,36,C
S1,1422,ieee_dataport/LoRa_RFFI-main/LoRa_RFFI/dataset/Test/channel_problem/C.h5,1117,,9bdd47fa8384c5ef236753d9e19a38497f2af713d16c81a4d70274911195308f,36,C
S1,1423,ieee_dataport/LoRa_RFFI-main/LoRa_RFFI/dataset/Test/channel_problem/C.h5,1119,,04ebc068e309b52e676f3d27188c121e9d95f828f36b8d33cf13ef248e39d13c,36,C
S1,1424,ieee_dataport/LoRa_RFFI-main/LoRa_RFFI/dataset/Test/channel_problem/C.h5,1126,,316b4ae8544239a4fdb6ea386d4fc46d9b0c9f7e7c87883ea50344ffdc69940c,36,C
S1,1425,ieee_dataport/LoRa_RFFI-main/LoRa_RFFI/dataset/Test/channel_problem/C.h5,1130,,0cd56b6983bd1e22d12e17a6b12fb97f0c86452ad2c3d23e8fc09e132032bd51,36,C
S1,1426,ieee_dataport/LoRa_RFFI-main/LoRa_RFFI/dataset/Test/channel_problem/C.h5,1133,,52fc4a48f389408913e45bdb78f9aae6c1e58fbc7324d480c5fc200f4a59a71c,36,C
S1,1427,ieee_dataport/LoRa_RFFI-main/LoRa_RFFI/dataset/Test/channel_problem/C.h5,1134,,849ea4aae081a982a961e242f01c65ff310f1967c7476d3c6bd4c2f2b64a6a85,36,C
S1,1428,ieee_dataport/LoRa_RFFI-main/LoRa_RFFI/dataset/Test/channel_problem/C.h5,1138,,2df121db1fcb8c4e3060de1792695e73898db0cc96363beb8089eacad82baed7,36,C
S1,1429,ieee_dataport/LoRa_RFFI-main/LoRa_RFFI/dataset/Test/channel_problem/C.h5,1139,,c1f0ff63d41c2c2c8d31f1937beb71b4b1b0e743b97e4ed148ebdf11c64f3fa8,36,C
S1,1430,ieee_dataport/LoRa_RFFI-main/LoRa_RFFI/dataset/Test/channel_problem/C.h5,1141,,5e8aa53cbbdbf6cbd40ed0bc143fe4a6cc20f4a35572c0b7d258e1a8fdc0cd24,36,C
S1,1431,ieee_dataport/LoRa_RFFI-main/LoRa_RFFI/dataset/Test/channel_problem/C.h5,1143,,1b72dc18fb6fa424c43c674c98834bee90e031e7c28bb2ab427e1310e93d1fc1,36,C
S1,1432,ieee_dataport/LoRa_RFFI-main/LoRa_RFFI/dataset/Test/channel_problem/C.h5,1144,,c17f2228a16fc60cfaf18a9e31b74e7d2881c7fed0339f48937f896f86cd8179,36,C
S1,1433,ieee_dataport/LoRa_RFFI-main/LoRa_RFFI/dataset/Test/channel_problem/C.h5,1161,,6e69483183b4e75b2546c7ca577e21df8d4506ea2ccf3bc32ec24ee95c92aec5,36,C
S1,1434,ieee_dataport/LoRa_RFFI-main/LoRa_RFFI/dataset/Test/channel_problem/C.h5,1167,,a8a4846fc8b57f1d7121a4e96f4a1b17aa897ef5fe3ffb569d95a4712c7625d0,36,C
S1,1435,ieee_dataport/LoRa_RFFI-main/LoRa_RFFI/dataset/Test/channel_problem/C.h5,1168,,d079aeaadf51cafc3e7892df786fd98abbb2e9d9bfd28c8224e23e7f1bda91d1,36,C
S1,1436,ieee_dataport/LoRa_RFFI-main/LoRa_RFFI/dataset/Test/channel_problem/C.h5,1177,,27500b3b228a3919512d706ebbd82afa38fa0456cfb20471ef9e7e1e1a4ee496,36,C
S1,1437,ieee_dataport/LoRa_RFFI-main/LoRa_RFFI/dataset/Test/channel_problem/C.h5,1179,,4b1270f1e46009ca0d446507ec8891b89f8d0cbd2c8104b664ece2b3f3fd0711,36,C
S1,1438,ieee_dataport/LoRa_RFFI-main/LoRa_RFFI/dataset/Test/channel_problem/C.h5,1181,,5888be7b2daa97b0345e000addef494207f4e5482d1d7d700824425d3c0bdf27,36,C
S1,1439,ieee_dataport/LoRa_RFFI-main/LoRa_RFFI/dataset/Test/channel_problem/C.h5,1182,,81fca9f835a7bde4ad6b318f0557f248900efb8207acee9983b819daef5f61d8,36,C
S1,1440,ieee_dataport/LoRa_RFFI-main/LoRa_RFFI/dataset/Test/channel_problem/C.h5,1205,,7e39faa06b32f855f221b7c26befe1daf92b5d3f5d887ee2690cfe3614a3d236,37,C
S1,1441,ieee_dataport/LoRa_RFFI-main/LoRa_RFFI/dataset/Test/channel_problem/C.h5,1207,,fc38f1baef67ae68db60f9b96b2a4622f74389f303c49a7905f2ce77899e07d2,37,C
S1,1442,ieee_dataport/LoRa_RFFI-main/LoRa_RFFI/dataset/Test/channel_problem/C.h5,1210,,53c0e9e2d379563712c30d4ebf1934ba84baba1e95ada3817824fbbb3189f852,37,C
S1,1443,ieee_dataport/LoRa_RFFI-main/LoRa_RFFI/dataset/Test/channel_problem/C.h5,1212,,8e9eccefb4dac6d1c3572826e80a5d06110276ac6aa3931a6367321e2d8b6acc,37,C
S1,1444,ieee_dataport/LoRa_RFFI-main/LoRa_RFFI/dataset/Test/channel_problem/C.h5,1225,,4efedf07d84f6d034276e7c9fcde0fbde89d9a1d3003553edd1fe768841b5a56,37,C
S1,1445,ieee_dataport/LoRa_RFFI-main/LoRa_RFFI/dataset/Test/channel_problem/C.h5,1228,,c379bf108a8a528f7a9766ce21980f1fef52eb6409cbb92d2ca356689b352da3,37,C
S1,1446,ieee_dataport/LoRa_RFFI-main/LoRa_RFFI/dataset/Test/channel_problem/C.h5,1230,,8b778a4cceccdc2f36409f7758589d03453cee8f2a134574ecec6618fccfe01b,37,C
S1,1447,ieee_dataport/LoRa_RFFI-main/LoRa_RFFI/dataset/Test/channel_problem/C.h5,1237,,13d64ccdb95cf1b06a1a8c1f86dcbada9cb11d84b4efb49b1f06bc40d95e0252,37,C
S1,1448,ieee_dataport/LoRa_RFFI-main/LoRa_RFFI/dataset/Test/channel_problem/C.h5,1248,,280dbaf017b84d1d76673df05d9530b69b3770471a978d083fe33811db61b8da,37,C
S1,1449,ieee_dataport/LoRa_RFFI-main/LoRa_RFFI/dataset/Test/channel_problem/C.h5,1250,,9a3aab99f6beebeab9f21bf8f973a237fddedf046ff3722e90342df9d751fd32,37,C
S1,1450,ieee_dataport/LoRa_RFFI-main/LoRa_RFFI/dataset/Test/channel_problem/C.h5,1257,,45a079b7b8d371411ef5010ca0fc874a8e51a48333d54a474a1ca4dc1abb354d,37,C
S1,1451,ieee_dataport/LoRa_RFFI-main/LoRa_RFFI/dataset/Test/channel_problem/C.h5,1265,,8313ffcb640fef784d486f2af4c7866359f4356d73c1fada7e7e4f0f3976045b,37,C
S1,1452,ieee_dataport/LoRa_RFFI-main/LoRa_RFFI/dataset/Test/channel_problem/C.h5,1268,,a84cc28c0cd44f3520ef9646743550b648ed5f4e9a234991871caa45f97a8a7a,37,C
S1,1453,ieee_dataport/LoRa_RFFI-main/LoRa_RFFI/dataset/Test/channel_problem/C.h5,1269,,ca0f8038c25112989d971bed615cdc95efbece26518b3ffadf1bb6fe834667ee,37,C
S1,1454,ieee_dataport/LoRa_RFFI-main/LoRa_RFFI/dataset/Test/channel_problem/C.h5,1273,,264f89646bfc0e3b57e78a6d5e9c4205329452bda20045a48032066a798c8872,37,C
S1,1455,ieee_dataport/LoRa_RFFI-main/LoRa_RFFI/dataset/Test/channel_problem/C.h5,1274,,f94bbf53ed99fd421c07c5262fdb4e388b79f2c9758459b2e3bbdeb0267f6086,37,C
S1,1456,ieee_dataport/LoRa_RFFI-main/LoRa_RFFI/dataset/Test/channel_problem/C.h5,1278,,c540782872faca91cd32fbab9bb11f85bcb6bfdd877b15c18df959780bedf1ef,37,C
S1,1457,ieee_dataport/LoRa_RFFI-main/LoRa_RFFI/dataset/Test/channel_problem/C.h5,1285,,6759491ae7562955e180f2fe00deb4a779d48b98d641b6eaef0522903992a3c0,37,C
S1,1458,ieee_dataport/LoRa_RFFI-main/LoRa_RFFI/dataset/Test/channel_problem/C.h5,1286,,a1d5a1ad23de8a74961fe189e23ad0edcd570cf46cfcb20b9a545f436df6a418,37,C
S1,1459,ieee_dataport/LoRa_RFFI-main/LoRa_RFFI/dataset/Test/channel_problem/C.h5,1292,,af95bdfb3ce6d553d36b87c53f14ff3e6cc6d6706919ef3d54dbed09d0a72581,37,C
S1,1460,ieee_dataport/LoRa_RFFI-main/LoRa_RFFI/dataset/Test/channel_problem/C.h5,1301,,810b78bbda608c3bfd36c3f81fa877818d27a4a934a76c4ec6452bb20c57a00f,37,C
S1,1461,ieee_dataport/LoRa_RFFI-main/LoRa_RFFI/dataset/Test/channel_problem/C.h5,1302,,67c1c6108a8cf4224c44b499bba9d4dacaba9a8a4811de59d5d0ed7ace03e514,37,C
S1,1462,ieee_dataport/LoRa_RFFI-main/LoRa_RFFI/dataset/Test/channel_problem/C.h5,1319,,32793d9669694288356a59ff1a743ebc555f85532ec9df7be97d8cca1ee24298,37,C
S1,1463,ieee_dataport/LoRa_RFFI-main/LoRa_RFFI/dataset/Test/channel_problem/C.h5,1320,,68e551aee11eb704f0fe8567e33448271bdcb7f1e8d112b4ed15dc37a0eb47be,37,C
S1,1464,ieee_dataport/LoRa_RFFI-main/LoRa_RFFI/dataset/Test/channel_problem/C.h5,1329,,4efd489a8a15235e88b3e65a36911de02d226489a28a8d2db12c8a5bfb1a23c4,37,C
S1,1465,ieee_dataport/LoRa_RFFI-main/LoRa_RFFI/dataset/Test/channel_problem/C.h5,1333,,4e17d189fa2457be13838ef69cdaf62fc83d7b1a7987f090b5fef1da3278fbf2,37,C
S1,1466,ieee_dataport/LoRa_RFFI-main/LoRa_RFFI/dataset/Test/channel_problem/C.h5,1336,,391d5469f04d10923af4c0616bf116760472fa925d69346c55452b3d8076d9b8,37,C
S1,1467,ieee_dataport/LoRa_RFFI-main/LoRa_RFFI/dataset/Test/channel_problem/C.h5,1351,,c5effc84dfbad4788cea553bd973b5d3fb41c07cd423d744cecfcb7a9817b76a,37,C
S1,1468,ieee_dataport/LoRa_RFFI-main/LoRa_RFFI/dataset/Test/channel_problem/C.h5,1355,,8b5f231e29916e6898980b9879979c6009a001bbbc6a3a745617e72973f6c0e5,37,C
S1,1469,ieee_dataport/LoRa_RFFI-main/LoRa_RFFI/dataset/Test/channel_problem/C.h5,1362,,871226baf064eb2dd9fca05f76482618bcf81b70950b438d997968d108933259,37,C
S1,1470,ieee_dataport/LoRa_RFFI-main/LoRa_RFFI/dataset/Test/channel_problem/C.h5,1363,,80c6115c453522b04c55d51f24987fca92a12633911fe437d1ed0c006185c020,37,C
S1,1471,ieee_dataport/LoRa_RFFI-main/LoRa_RFFI/dataset/Test/channel_problem/C.h5,1364,,4c31e6c913472a0da5b71420d14ab769c9d87d0bec79cb8c111b2b3525ab3029,37,C
S1,1472,ieee_dataport/LoRa_RFFI-main/LoRa_RFFI/dataset/Test/channel_problem/C.h5,1371,,78924df1f3350c9effe7d5237efa5b970cfa00affbe94bd63d568166b2fa2f38,37,C
S1,1473,ieee_dataport/LoRa_RFFI-main/LoRa_RFFI/dataset/Test/channel_problem/C.h5,1372,,2195c83532ee25ad59f760dbae7a1595f73b50e0d3af45ff3549aef69d81826d,37,C
S1,1474,ieee_dataport/LoRa_RFFI-main/LoRa_RFFI/dataset/Test/channel_problem/C.h5,1374,,914a620988e60b08d577564d8128faf476d250a9a132289c3c663556dcec88cc,37,C
S1,1475,ieee_dataport/LoRa_RFFI-main/LoRa_RFFI/dataset/Test/channel_problem/C.h5,1377,,9ce746a2b41d000569e8642f54e25832548b67bef77b15cf2c91a8175f53acd9,37,C
S1,1476,ieee_dataport/LoRa_RFFI-main/LoRa_RFFI/dataset/Test/channel_problem/C.h5,1379,,de52f4d9b9e5721e849469e7576e232b21cea845031c584b2a94de1b20d39a88,37,C
S1,1477,ieee_dataport/LoRa_RFFI-main/LoRa_RFFI/dataset/Test/channel_problem/C.h5,1383,,95dda409a3b3c98503aa3e518a88751a6e199b3ebf05428af8b7cedd85fd425c,37,C
S1,1478,ieee_dataport/LoRa_RFFI-main/LoRa_RFFI/dataset/Test/channel_problem/C.h5,1396,,b899c1a450b9084ea6d12101d3cb7e0ba3bcb47066b3621bbbb1ada500870af2,37,C
S1,1479,ieee_dataport/LoRa_RFFI-main/LoRa_RFFI/dataset/Test/channel_problem/C.h5,1397,,18c44db5c450312f51b1bee53e0055e3b943f7b87f06c3ccce916986cb592505,37,C
S1,1480,ieee_dataport/LoRa_RFFI-main/LoRa_RFFI/dataset/Test/channel_problem/C.h5,1401,,d8632080280356e90981d40fdd774472a44aa173153c43326caf081851a21492,38,C
S1,1481,ieee_dataport/LoRa_RFFI-main/LoRa_RFFI/dataset/Test/channel_problem/C.h5,1402,,04bad79a0eb20a6b1a260b293494c59a2c2f1411ef96193c31d70d6710629b39,38,C
S1,1482,ieee_dataport/LoRa_RFFI-main/LoRa_RFFI/dataset/Test/channel_problem/C.h5,1403,,f6d2d8427961314b1327c89ad03ecd1eddaad340fb2bd1eac4b5663d9a1d37f0,38,C
S1,1483,ieee_dataport/LoRa_RFFI-main/LoRa_RFFI/dataset/Test/channel_problem/C.h5,1409,,0472922d6d9d8d3321768788279fe3d2ab251c1f2fe46b48c0f9b416c71edd79,38,C
S1,1484,ieee_dataport/LoRa_RFFI-main/LoRa_RFFI/dataset/Test/channel_problem/C.h5,1418,,59da15f2d4a2f422f9d841c25b6810b4e7c2d16fa9cb88f37e1fd6688d88c61e,38,C
S1,1485,ieee_dataport/LoRa_RFFI-main/LoRa_RFFI/dataset/Test/channel_problem/C.h5,1422,,df719a01a9875302d92f25057b9614b76fa200d3f4d9102439f623cfaaa11cc3,38,C
S1,1486,ieee_dataport/LoRa_RFFI-main/LoRa_RFFI/dataset/Test/channel_problem/C.h5,1424,,11fb0e3b15b38839e54b321410a5ac4efd450306b8536068a4e56ac96494a34d,38,C
S1,1487,ieee_dataport/LoRa_RFFI-main/LoRa_RFFI/dataset/Test/channel_problem/C.h5,1425,,e39674ed6c87fa8a7e9d75cd35dc1460bd6736968da7bb415f1fef02fbf35546,38,C
S1,1488,ieee_dataport/LoRa_RFFI-main/LoRa_RFFI/dataset/Test/channel_problem/C.h5,1432,,f5089cb660992c298526f1eef8aea03f895a997e658217e1fa4ea19cbeeefedf,38,C
S1,1489,ieee_dataport/LoRa_RFFI-main/LoRa_RFFI/dataset/Test/channel_problem/C.h5,1434,,0a414b21ad74ae4d1db2e911cd72e0605b5069e2235d603f8ea55f6f5b83ee21,38,C
S1,1490,ieee_dataport/LoRa_RFFI-main/LoRa_RFFI/dataset/Test/channel_problem/C.h5,1436,,7f12c4fab6749daaad5e2d5359d4d780218078bb747df301eee7cb89a799d580,38,C
S1,1491,ieee_dataport/LoRa_RFFI-main/LoRa_RFFI/dataset/Test/channel_problem/C.h5,1442,,0d44eff62b43d40b5df6acc6f4ff414a05c6cb795ab2367236ccc7c502c04c2b,38,C
S1,1492,ieee_dataport/LoRa_RFFI-main/LoRa_RFFI/dataset/Test/channel_problem/C.h5,1472,,953e89502f7d424f003d7a7103565d8120c1c897d3a9542867bb7569f1382b21,38,C
S1,1493,ieee_dataport/LoRa_RFFI-main/LoRa_RFFI/dataset/Test/channel_problem/C.h5,1476,,78dd7af2156ec05edca3dcaed6d99feedcdb71ea768e58583d9c74fa9bba1973,38,C
S1,1494,ieee_dataport/LoRa_RFFI-main/LoRa_RFFI/dataset/Test/channel_problem/C.h5,1480,,c2dc3859ebadd9004b91275610faf1c54f98dff30d9b8f60d8e0ded5cd6e2757,38,C
S1,1495,ieee_dataport/LoRa_RFFI-main/LoRa_RFFI/dataset/Test/channel_problem/C.h5,1482,,778d27000f1a3f86b82c9088a414c8c70947426714ec604a8149c9cc35446eea,38,C
S1,1496,ieee_dataport/LoRa_RFFI-main/LoRa_RFFI/dataset/Test/channel_problem/C.h5,1489,,3bfef0f8b0e644b42a7d26d44e636d18ee29ab3a805f163cb59545608b20efcf,38,C
S1,1497,ieee_dataport/LoRa_RFFI-main/LoRa_RFFI/dataset/Test/channel_problem/C.h5,1491,,02ed58dd71d5f265a75b9adf25356b7ba318f4356f05447a04a37dc223beea8e,38,C
S1,1498,ieee_dataport/LoRa_RFFI-main/LoRa_RFFI/dataset/Test/channel_problem/C.h5,1493,,2f6bb8754153032971f3070aef865b999e150a2e2ec6a54de2be64a3226436a2,38,C
S1,1499,ieee_dataport/LoRa_RFFI-main/LoRa_RFFI/dataset/Test/channel_problem/C.h5,1502,,d302452f963115c9d706ad6dcdf4572d24d8017377bc21ab9f2ffd271eb47585,38,C
S1,1500,ieee_dataport/LoRa_RFFI-main/LoRa_RFFI/dataset/Test/channel_problem/C.h5,1505,,431ece82ba2112b11afde92c6b0b913570a034a061f1c3758be82a127a079629,38,C
S1,1501,ieee_dataport/LoRa_RFFI-main/LoRa_RFFI/dataset/Test/channel_problem/C.h5,1509,,567178c6497033644f039fea96c9ee9f67473142489a87c7d46c1f70afee1b69,38,C
S1,1502,ieee_dataport/LoRa_RFFI-main/LoRa_RFFI/dataset/Test/channel_problem/C.h5,1516,,3c113e41e464af2522cba38e0ab63756a5f6baf2a58de2eca852fef936b479bf,38,C
S1,1503,ieee_dataport/LoRa_RFFI-main/LoRa_RFFI/dataset/Test/channel_problem/C.h5,1525,,ea53981d30b3560eae6286d77c4f0824d70ad07786f974e2a3e3b0021fcac01b,38,C
S1,1504,ieee_dataport/LoRa_RFFI-main/LoRa_RFFI/dataset/Test/channel_problem/C.h5,1531,,e5714ddbe22c4e6080c3d1b19e21dcec512bc6967fa69981e8cb52ebf742e233,38,C
S1,1505,ieee_dataport/LoRa_RFFI-main/LoRa_RFFI/dataset/Test/channel_problem/C.h5,1533,,dc2737eb25c11ba962a6597e37537053c3721a1936543b19f89e19c86a1e835e,38,C
S1,1506,ieee_dataport/LoRa_RFFI-main/LoRa_RFFI/dataset/Test/channel_problem/C.h5,1538,,1bde73313249c9f68deff885f8ee64815dea954a88fee9a4b4d68a97a4e13dc1,38,C
S1,1507,ieee_dataport/LoRa_RFFI-main/LoRa_RFFI/dataset/Test/channel_problem/C.h5,1542,,e9c03f701171706dffbecf743eed75bc28ae8356be71d1d10e57bb421328141a,38,C
S1,1508,ieee_dataport/LoRa_RFFI-main/LoRa_RFFI/dataset/Test/channel_problem/C.h5,1544,,020f2e260deb5ea055c0ec2be1b48d54a637e06cc8b9b31c28d300a24880ad09,38,C
S1,1509,ieee_dataport/LoRa_RFFI-main/LoRa_RFFI/dataset/Test/channel_problem/C.h5,1548,,7133f514c08187a920b9bcb143fb4b9be80e52872fcfc9e6e553efe335bf64d5,38,C
S1,1510,ieee_dataport/LoRa_RFFI-main/LoRa_RFFI/dataset/Test/channel_problem/C.h5,1557,,58626b1817f612ab06a2250986325fa3dd94e8915c26fd52afaf993275764ec9,38,C
S1,1511,ieee_dataport/LoRa_RFFI-main/LoRa_RFFI/dataset/Test/channel_problem/C.h5,1561,,20256c721871e06b307a77709fb20873b1fc7b2c58781f7a4ac4f0cbdfcb047a,38,C
S1,1512,ieee_dataport/LoRa_RFFI-main/LoRa_RFFI/dataset/Test/channel_problem/C.h5,1563,,e9eaeb13ddd36739afb75c7124623d5595fd85bf9a2ad8a4f0fb715d9bd4054b,38,C
S1,1513,ieee_dataport/LoRa_RFFI-main/LoRa_RFFI/dataset/Test/channel_problem/C.h5,1565,,2dd4989974f0e81b14b3b03fefb14712ed00f64264aed9984d669f06a1db96d0,38,C
S1,1514,ieee_dataport/LoRa_RFFI-main/LoRa_RFFI/dataset/Test/channel_problem/C.h5,1574,,f4beeecfded34be4cc5ff0dfee0c4f3b0aaa5fb3622c9d1e52b1b6e4458d7b1d,38,C
S1,1515,ieee_dataport/LoRa_RFFI-main/LoRa_RFFI/dataset/Test/channel_problem/C.h5,1578,,d1947155743a4d7ddf3224cff91b55159d9e1c88045d17a79fec057115562069,38,C
S1,1516,ieee_dataport/LoRa_RFFI-main/LoRa_RFFI/dataset/Test/channel_problem/C.h5,1584,,795437cf10de7cc7d9bac3904143dc496319c19b480c95027ec9867c0faa73ea,38,C
S1,1517,ieee_dataport/LoRa_RFFI-main/LoRa_RFFI/dataset/Test/channel_problem/C.h5,1590,,c0fb838c436df7a63f4d24cb12474580e20dfdc4f517328a72df9241b58661ba,38,C
S1,1518,ieee_dataport/LoRa_RFFI-main/LoRa_RFFI/dataset/Test/channel_problem/C.h5,1594,,2aa02d8a793d1e5d6b5c81cbb7d8a90e225953ef5bfa53a900d40e6f994fc0a9,38,C
S1,1519,ieee_dataport/LoRa_RFFI-main/LoRa_RFFI/dataset/Test/channel_problem/C.h5,1598,,d1c1ba206460d00f0f7100199bdc6570811e3bfb63cb4319c49404bc64e6cff9,38,C
S1,1520,ieee_dataport/LoRa_RFFI-main/LoRa_RFFI/dataset/Test/channel_problem/C.h5,1611,,3869bf1777cb812ce2a1d4537413ae1a7a956c50025e71aa0316ed5bb6888760,39,C
S1,1521,ieee_dataport/LoRa_RFFI-main/LoRa_RFFI/dataset/Test/channel_problem/C.h5,1618,,4478a7a0e5e796af4d4432d8a790ead2e75e388c4ef42ddf097c5a55fe8bde5e,39,C
S1,1522,ieee_dataport/LoRa_RFFI-main/LoRa_RFFI/dataset/Test/channel_problem/C.h5,1628,,4bc2621a9d9fefcb275572101d97ed9fe5f4a7c855f904fadd6364c6ebffa295,39,C
S1,1523,ieee_dataport/LoRa_RFFI-main/LoRa_RFFI/dataset/Test/channel_problem/C.h5,1632,,8211e862e458a31ad5b45a92405aa733de73b593200bd23117c02366bfe21cc9,39,C
S1,1524,ieee_dataport/LoRa_RFFI-main/LoRa_RFFI/dataset/Test/channel_problem/C.h5,1634,,c678e27f972e5f2c27f8e4592d790e22bacb5d80aad24d759d6184522aed98f6,39,C
S1,1525,ieee_dataport/LoRa_RFFI-main/LoRa_RFFI/dataset/Test/channel_problem/C.h5,1638,,2025f20a4374ed68a71ccd96a2c0da2a4b6d04b76fef89f9b727f5b627a7427b,39,C
S1,1526,ieee_dataport/LoRa_RFFI-main/LoRa_RFFI/dataset/Test/channel_problem/C.h5,1657,,a5fd1cf7c0d55634df57422a44bbd8366ed366217b7b3ccf0bc76aa787ec26b7,39,C
S1,1527,ieee_dataport/LoRa_RFFI-main/LoRa_RFFI/dataset/Test/channel_problem/C.h5,1659,,067e288c6fade42daa71138b28fe5fa920c70b603a3d5c2d13774284f1951704,39,C
S1,1528,ieee_dataport/LoRa_RFFI-main/LoRa_RFFI/dataset/Test/channel_problem/C.h5,1662,,519b8f1c757e439041080dfa7dff84294afa8fb73ea5349cd9fe55c4a09485a0,39,C
S1,1529,ieee_dataport/LoRa_RFFI-main/LoRa_RFFI/dataset/Test/channel_problem/C.h5,1666,,c2abafab309464eacd4609f03fe76db35a2774874a95f54b0573160e6df0af1e,39,C
S1,1530,ieee_dataport/LoRa_RFFI-main/LoRa_RFFI/dataset/Test/channel_problem/C.h5,1672,,b1984ae1d80c88ddc7ae188abb8fd12cfc14dfb6915de2791411b69eb92aa2fb,39,C
S1,1531,ieee_dataport/LoRa_RFFI-main/LoRa_RFFI/dataset/Test/channel_problem/C.h5,1673,,eff2915ae11d4eafc07bae7b9571e6b2d0ebf02c2187a01d9029a08f8eec939b,39,C
S1,1532,ieee_dataport/LoRa_RFFI-main/LoRa_RFFI/dataset/Test/channel_problem/C.h5,1680,,c99704556bd3da7ef29bd787ef05e9cee4a7970fc7a8a120690f50753821d2cf,39,C
S1,1533,ieee_dataport/LoRa_RFFI-main/LoRa_RFFI/dataset/Test/channel_problem/C.h5,1683,,6ba9ed0a01ee98d84efd75d318cb1b55e8c7016bddb2a28f1af854dab9ab89a7,39,C
S1,1534,ieee_dataport/LoRa_RFFI-main/LoRa_RFFI/dataset/Test/channel_problem/C.h5,1690,,f2ed075569e5c6d9a960398945aa878bb0ad2f5cacc62fb5a9a64702fa76a496,39,C
S1,1535,ieee_dataport/LoRa_RFFI-main/LoRa_RFFI/dataset/Test/channel_problem/C.h5,1693,,69f482920bda2214c301869f2d36cea1c58178e82c6aafed7f0890cc468eebaf,39,C
S1,1536,ieee_dataport/LoRa_RFFI-main/LoRa_RFFI/dataset/Test/channel_problem/C.h5,1696,,fe4a037c3f2b59eac410e454cb944a401c7fa5d8a702159cff4337aa7b321d85,39,C
S1,1537,ieee_dataport/LoRa_RFFI-main/LoRa_RFFI/dataset/Test/channel_problem/C.h5,1704,,44c03d6dfe0648d11940e4375a017ac61fe03d8783e56520fb24fc749def67e4,39,C
S1,1538,ieee_dataport/LoRa_RFFI-main/LoRa_RFFI/dataset/Test/channel_problem/C.h5,1709,,c05e85621da168a5e1a649cb999329656c7e4d972b06d1ef25e273b26aed0508,39,C
S1,1539,ieee_dataport/LoRa_RFFI-main/LoRa_RFFI/dataset/Test/channel_problem/C.h5,1711,,441f2c010e8f495ce7a6f11a969d89db8153ec90f8dc3b3a4b9356ec61d49460,39,C
S1,1540,ieee_dataport/LoRa_RFFI-main/LoRa_RFFI/dataset/Test/channel_problem/C.h5,1714,,60e8a77db42b5a9519a1c5c28673609cf0470a8289461d5be0fda680991ad5a1,39,C
S1,1541,ieee_dataport/LoRa_RFFI-main/LoRa_RFFI/dataset/Test/channel_problem/C.h5,1717,,964adb138b984ce3bd82774d4df98f8bf38e48b38955dd42687f6c7b91371767,39,C
S1,1542,ieee_dataport/LoRa_RFFI-main/LoRa_RFFI/dataset/Test/channel_problem/C.h5,1719,,31b59955e08ecf2277e100d93c83103cf4596db8ad044f2ef01955eac9ae1dde,39,C
S1,1543,ieee_dataport/LoRa_RFFI-main/LoRa_RFFI/dataset/Test/channel_problem/C.h5,1722,,de5d622db7c436be3b1a3b4346bf36157b174f33cf4919846e788876f8c4226b,39,C
S1,1544,ieee_dataport/LoRa_RFFI-main/LoRa_RFFI/dataset/Test/channel_problem/C.h5,1726,,b971541fb52ebca78d57ae22a908baa8125e327c38cd8a82223397f9f8020432,39,C
S1,1545,ieee_dataport/LoRa_RFFI-main/LoRa_RFFI/dataset/Test/channel_problem/C.h5,1732,,f13a2f720beada3b168259556e0b9979df1414d6dc3df76c6a3e306168514776,39,C
S1,1546,ieee_dataport/LoRa_RFFI-main/LoRa_RFFI/dataset/Test/channel_problem/C.h5,1740,,2da02baee675cb25812bf68f15efcb6f81fdfa4d733dcf923ed6a90153313dc1,39,C
S1,1547,ieee_dataport/LoRa_RFFI-main/LoRa_RFFI/dataset/Test/channel_problem/C.h5,1744,,1f8887b27482e5b186da3442a6f60c8b43acb986cfc76c31035306cf52021550,39,C
S1,1548,ieee_dataport/LoRa_RFFI-main/LoRa_RFFI/dataset/Test/channel_problem/C.h5,1746,,fec943619463d6e59df379023a81b7dd875a9b4894f9de4e57f14a0afc817f35,39,C
S1,1549,ieee_dataport/LoRa_RFFI-main/LoRa_RFFI/dataset/Test/channel_problem/C.h5,1751,,0392765fd18c938cf968866fb9e446c0e3170174b186148acb9f5e4628d9d753,39,C
S1,1550,ieee_dataport/LoRa_RFFI-main/LoRa_RFFI/dataset/Test/channel_problem/C.h5,1754,,a93ce31f7fab9f3839b96db8d4a082c98d333f2809c6cbf1e20832e397a24c34,39,C
S1,1551,ieee_dataport/LoRa_RFFI-main/LoRa_RFFI/dataset/Test/channel_problem/C.h5,1759,,305194bf54436e347e30456c0a254defe613095b0eaa7f18cb4df82ee377354d,39,C
S1,1552,ieee_dataport/LoRa_RFFI-main/LoRa_RFFI/dataset/Test/channel_problem/C.h5,1760,,0b201c2e47a9d94fdac4825930028f1868e620dd8f9f3280ac5e9caa82f4125f,39,C
S1,1553,ieee_dataport/LoRa_RFFI-main/LoRa_RFFI/dataset/Test/channel_problem/C.h5,1761,,89c47bd8a656db80e757481fe3245c0275d1e856e4077e5e4556494d8d032252,39,C
S1,1554,ieee_dataport/LoRa_RFFI-main/LoRa_RFFI/dataset/Test/channel_problem/C.h5,1771,,cebd6bd0bb05314fc207d0d5e87d8e7da52705413fc81fd509832b9ed7eb699e,39,C
S1,1555,ieee_dataport/LoRa_RFFI-main/LoRa_RFFI/dataset/Test/channel_problem/C.h5,1772,,5beca7d3dc0c4bb62d057413e6fcf839fd7e81ca0c0a8053f654a657ac4c6e23,39,C
S1,1556,ieee_dataport/LoRa_RFFI-main/LoRa_RFFI/dataset/Test/channel_problem/C.h5,1782,,ecc6b2885ab988d5bfd323e5d4ce409821f75c2f7b61e2c486dcf3efb3fdbf3a,39,C
S1,1557,ieee_dataport/LoRa_RFFI-main/LoRa_RFFI/dataset/Test/channel_problem/C.h5,1784,,4afe8a37946bdbedaa236e5d954b8b370a0f51fde0501ac7eabfee01d43094ac,39,C
S1,1558,ieee_dataport/LoRa_RFFI-main/LoRa_RFFI/dataset/Test/channel_problem/C.h5,1788,,93b1da3babf9303a6429f3b86b2759d621ac20e7c2ff315d5a5d5418189fe815,39,C
S1,1559,ieee_dataport/LoRa_RFFI-main/LoRa_RFFI/dataset/Test/channel_problem/C.h5,1792,,fd28522b7c2c74486d3560e15a9df294659581c0119c2354873d7ec11f40e415,39,C
S1,1560,ieee_dataport/LoRa_RFFI-main/LoRa_RFFI/dataset/Test/channel_problem/C.h5,1811,,ae043bc65ca5c1566f30d2c94ab4bbebe6c7c2787a39cbfee1c55d7ce17e6968,40,C
S1,1561,ieee_dataport/LoRa_RFFI-main/LoRa_RFFI/dataset/Test/channel_problem/C.h5,1812,,ebb1c1d62c561bee9af2c4b3fb76ffe67c7917bf2ab420d133f39fcf6114aa93,40,C
S1,1562,ieee_dataport/LoRa_RFFI-main/LoRa_RFFI/dataset/Test/channel_problem/C.h5,1822,,5d61336cdd1e242d7d0357ad6369467139ea0a3f9539b1b1d97bfd43cf67fdae,40,C
S1,1563,ieee_dataport/LoRa_RFFI-main/LoRa_RFFI/dataset/Test/channel_problem/C.h5,1824,,97ca8d4f5557765337834e9a096a292541640ec30f473864424352d498ffbd62,40,C
S1,1564,ieee_dataport/LoRa_RFFI-main/LoRa_RFFI/dataset/Test/channel_problem/C.h5,1828,,e0dac33a16d34267b12368a84d72d705a61f243f6deeba836710c72eca7a9fe3,40,C
S1,1565,ieee_dataport/LoRa_RFFI-main/LoRa_RFFI/dataset/Test/channel_problem/C.h5,1831,,50ee0d96b45d8909c2ab6ac81236dee66f27ffeefea66787d576e28ff6250ae7,40,C
S1,1566,ieee_dataport/LoRa_RFFI-main/LoRa_RFFI/dataset/Test/channel_problem/C.h5,1833,,482fb6277b7477dab401a86a76511ef8ce5c4583fc1a265e8953ed8954f5f87a,40,C
S1,1567,ieee_dataport/LoRa_RFFI-main/LoRa_RFFI/dataset/Test/channel_problem/C.h5,1841,,2ef135e51d3e7c20f679f4a5e740c6d03d486d645f3dfa69307431750d8ea3c1,40,C
S1,1568,ieee_dataport/LoRa_RFFI-main/LoRa_RFFI/dataset/Test/channel_problem/C.h5,1847,,425b4a2189e0b7a68d7d41715c07d86071b08a3d159dafc1417ffaec1d030698,40,C
S1,1569,ieee_dataport/LoRa_RFFI-main/LoRa_RFFI/dataset/Test/channel_problem/C.h5,1848,,3f08d19cd9f96b7072d24c8e2f790a668842b5a524abf1cdf7ff5ba1a255f83d,40,C
S1,1570,ieee_dataport/LoRa_RFFI-main/LoRa_RFFI/dataset/Test/channel_problem/C.h5,1851,,1e17a92293c33204ed00d351c8363f756b5faf2f52300a9252b02c8c9bc37e3e,40,C
S1,1571,ieee_dataport/LoRa_RFFI-main/LoRa_RFFI/dataset/Test/channel_problem/C.h5,1854,,fd601fc9f409a6e05c4711df4719bc52fcd3b7c5a3f4076f87d8457164d1b0b8,40,C
S1,1572,ieee_dataport/LoRa_RFFI-main/LoRa_RFFI/dataset/Test/channel_problem/C.h5,1856,,c21996bc78b94b854fbebec96312c13043f9ee6fdee829f88ae5e0163c9d382e,40,C
S1,1573,ieee_dataport/LoRa_RFFI-main/LoRa_RFFI/dataset/Test/channel_problem/C.h5,1859,,c81fe785775df1ac9da8fb7dd95d000d663724a7ef69c4d7027a4299f4877eda,40,C
S1,1574,ieee_dataport/LoRa_RFFI-main/LoRa_RFFI/dataset/Test/channel_problem/C.h5,1864,,1bb68dc0c188de4e9a0ec578aa33ffda843bb3d1ae7a52ce051b47022005c7cc,40,C
S1,1575,ieee_dataport/LoRa_RFFI-main/LoRa_RFFI/dataset/Test/channel_problem/C.h5,1866,,79945f9665edf3f799707d65c0d25cbcf699cbaa62f205133721786f50d5f22f,40,C
S1,1576,ieee_dataport/LoRa_RFFI-main/LoRa_RFFI/dataset/Test/channel_problem/C.h5,1874,,29da78d2e99f096f921af1fc8188b61c2fe1df9bdea252ffd1267c0c2da14215,40,C
S1,1577,ieee_dataport/LoRa_RFFI-main/LoRa_RFFI/dataset/Test/channel_problem/C.h5,1876,,a98dc5391302131175b56ef3c10b2e148d8997cf8d89304fdf15b273510e652d,40,C
S1,1578,ieee_dataport/LoRa_RFFI-main/LoRa_RFFI/dataset/Test/channel_problem/C.h5,1879,,4bfb2c2d596b61a174cfe1bda6b537aa4deb2448d996d458bccb3ceb93e6a49b,40,C
S1,1579,ieee_dataport/LoRa_RFFI-main/LoRa_RFFI/dataset/Test/channel_problem/C.h5,1888,,017d84df92a83c7a2396708760ebaf17b2aa61cc9a64c7822f1b7d7413ad3657,40,C
S1,1580,ieee_dataport/LoRa_RFFI-main/LoRa_RFFI/dataset/Test/channel_problem/C.h5,1893,,b9e0a924ca3b43bc98f57091eda9de347dc2632161417dc2097a26816734bab0,40,C
S1,1581,ieee_dataport/LoRa_RFFI-main/LoRa_RFFI/dataset/Test/channel_problem/C.h5,1898,,29a74ad0dc6dc95eba08d673fdeb2a9fa9274e68989e95360da7a34d89c475bb,40,C
S1,1582,ieee_dataport/LoRa_RFFI-main/LoRa_RFFI/dataset/Test/channel_problem/C.h5,1900,,61728c655829870e163553497eb37cb96c84dda2e18ada18fce32b3bbcbfd10b,40,C
S1,1583,ieee_dataport/LoRa_RFFI-main/LoRa_RFFI/dataset/Test/channel_problem/C.h5,1906,,573766698a038761049560845e659b0b22db1315e98c7d2fc2bbd89b1f84b52e,40,C
S1,1584,ieee_dataport/LoRa_RFFI-main/LoRa_RFFI/dataset/Test/channel_problem/C.h5,1907,,5e6889603240495911f490b49660819c91c5c03a6754994733e678485c449315,40,C
S1,1585,ieee_dataport/LoRa_RFFI-main/LoRa_RFFI/dataset/Test/channel_problem/C.h5,1916,,f2d55e961cb95f1e73746c91256c933707a515265f9cca31acaeed3d61824449,40,C
S1,1586,ieee_dataport/LoRa_RFFI-main/LoRa_RFFI/dataset/Test/channel_problem/C.h5,1928,,46ac836f3f5ca1b6d33b63c1c1e42641da14b3ea7039007ea2e7ba63eb7d44ed,40,C
S1,1587,ieee_dataport/LoRa_RFFI-main/LoRa_RFFI/dataset/Test/channel_problem/C.h5,1935,,d36e4e4bdfbdf67414b5b3184b4c16bcc827449f8cebe3ace620663ce87d0964,40,C
S1,1588,ieee_dataport/LoRa_RFFI-main/LoRa_RFFI/dataset/Test/channel_problem/C.h5,1939,,dbe41a752fa5c47d9b471b2853344dc4a31df8719cad0a931db9aac03515661d,40,C
S1,1589,ieee_dataport/LoRa_RFFI-main/LoRa_RFFI/dataset/Test/channel_problem/C.h5,1942,,a6ccb4947b08af0b1a51ba9e1d9755b03fe82e20bf4337e83eba1f0162885dd4,40,C
S1,1590,ieee_dataport/LoRa_RFFI-main/LoRa_RFFI/dataset/Test/channel_problem/C.h5,1946,,9def7fdea330a9fac70858a8ad2b426e2535b3371b1daf42cf95b3879d52dcb1,40,C
S1,1591,ieee_dataport/LoRa_RFFI-main/LoRa_RFFI/dataset/Test/channel_problem/C.h5,1959,,89e439cffbdf2cc3878a463dbcbb582c703461a1aef4b138975df3a86b1ae0f7,40,C
S1,1592,ieee_dataport/LoRa_RFFI-main/LoRa_RFFI/dataset/Test/channel_problem/C.h5,1961,,80db358384aaffff84a483f2c1034e76ba651d470497c8d6580d2b2c279f9f8f,40,C
S1,1593,ieee_dataport/LoRa_RFFI-main/LoRa_RFFI/dataset/Test/channel_problem/C.h5,1973,,b0f3cd41d8925d2664718054c79d7dd322de0aa0be86a0ab684e4e9a0093aec6,40,C
S1,1594,ieee_dataport/LoRa_RFFI-main/LoRa_RFFI/dataset/Test/channel_problem/C.h5,1978,,2665486bfb97edb5e66b1375e478ec32314ffe457a3669c14d1fe791ad241fe1,40,C
S1,1595,ieee_dataport/LoRa_RFFI-main/LoRa_RFFI/dataset/Test/channel_problem/C.h5,1986,,fbb4c006a3334884503422a0b16ed4d0ea3f417ca70fa863fc444a4f5a433ea6,40,C
S1,1596,ieee_dataport/LoRa_RFFI-main/LoRa_RFFI/dataset/Test/channel_problem/C.h5,1990,,74fa06513eac7b24badc8d3a9340dc81441183af548b18183c2c29607a5cfaea,40,C
S1,1597,ieee_dataport/LoRa_RFFI-main/LoRa_RFFI/dataset/Test/channel_problem/C.h5,1992,,9c16aee1bb87a36b7122a883d23a656c55debecc639fff60bd15eddf6bd55d99,40,C
S1,1598,ieee_dataport/LoRa_RFFI-main/LoRa_RFFI/dataset/Test/channel_problem/C.h5,1996,,f577601b62ea3ecaf7cbad496e57c79ba5e5b44c58585331f1b013c5e6a57a2d,40,C
S1,1599,ieee_dataport/LoRa_RFFI-main/LoRa_RFFI/dataset/Test/channel_problem/C.h5,1997,,7b6c20488cec75d21805c6c27e5669dd8b72d5f63a25d5d3a38d7ac41f3f36a8,40,C
S1,1600,ieee_dataport/LoRa_RFFI-main/LoRa_RFFI/dataset/Test/channel_problem/D.h5,0,,887476939debe5d205965e5c6133209f677dd5deb9bb80d17ebe64de01f963e8,31,D
S1,1601,ieee_dataport/LoRa_RFFI-main/LoRa_RFFI/dataset/Test/channel_problem/D.h5,3,,42ed701939f593d7653a407fdac6a75a1c97cc6d27d21ce5a8301a7b1bb3aba5,31,D
S1,1602,ieee_dataport/LoRa_RFFI-main/LoRa_RFFI/dataset/Test/channel_problem/D.h5,8,,ae0fe23b575245f8b5172e36794da5a4711ebaf2e2e1fbec4024ab416214db1e,31,D
S1,1603,ieee_dataport/LoRa_RFFI-main/LoRa_RFFI/dataset/Test/channel_problem/D.h5,20,,6785eb2149518cf28a1de15c2a5866391778bd6505f2e86ecbdc99fa094486e8,31,D
S1,1604,ieee_dataport/LoRa_RFFI-main/LoRa_RFFI/dataset/Test/channel_problem/D.h5,25,,08ee4e5ddd829b0dc367e079256e38e80711e99a4dcd3c34f012b834594d7e97,31,D
S1,1605,ieee_dataport/LoRa_RFFI-main/LoRa_RFFI/dataset/Test/channel_problem/D.h5,41,,0cd285969d390b98e2288042115942f3fbcbf63585e97d2b1d778f12ecb46945,31,D
S1,1606,ieee_dataport/LoRa_RFFI-main/LoRa_RFFI/dataset/Test/channel_problem/D.h5,42,,c516263d250b00553fec30a72f7a3d08f54a4444b6241c1d6e18173f55be24cc,31,D
S1,1607,ieee_dataport/LoRa_RFFI-main/LoRa_RFFI/dataset/Test/channel_problem/D.h5,48,,9da8b92f034461484c1d49931254336aea4bbb1605ed5f5e5862696383dc9cc0,31,D
S1,1608,ieee_dataport/LoRa_RFFI-main/LoRa_RFFI/dataset/Test/channel_problem/D.h5,49,,6f6b6d4122b0a24c1f7cf32e18ea8d30b59f21a070871dbde738a3cfd68d3a94,31,D
S1,1609,ieee_dataport/LoRa_RFFI-main/LoRa_RFFI/dataset/Test/channel_problem/D.h5,56,,7f1716175b7b227710e3ee6d45b1af49a140fc825b84fa270097f13260901536,31,D
S1,1610,ieee_dataport/LoRa_RFFI-main/LoRa_RFFI/dataset/Test/channel_problem/D.h5,58,,945ca855c5eabff70748d1088c6e1e459f2bd429d80dfb9efe8d27e0d1faa1f8,31,D
S1,1611,ieee_dataport/LoRa_RFFI-main/LoRa_RFFI/dataset/Test/channel_problem/D.h5,65,,b26d057c2d3a0512221c851826c7d696756d33a9cb65d2ab127d6ebc2392fd78,31,D
S1,1612,ieee_dataport/LoRa_RFFI-main/LoRa_RFFI/dataset/Test/channel_problem/D.h5,67,,b0847bb5a3b75a3c6c4e2dd0e3a5f23d291f7f76ace959436e49f56c06278b29,31,D
S1,1613,ieee_dataport/LoRa_RFFI-main/LoRa_RFFI/dataset/Test/channel_problem/D.h5,74,,74af7d71a620dda83c7555088c2f592786744ac50df6a34cc76764a0f99853e5,31,D
S1,1614,ieee_dataport/LoRa_RFFI-main/LoRa_RFFI/dataset/Test/channel_problem/D.h5,77,,4e7763b505e0cb8738f87cd0a912c5c9f3be7bb07d9aae5fbfbe36d360f13dad,31,D
S1,1615,ieee_dataport/LoRa_RFFI-main/LoRa_RFFI/dataset/Test/channel_problem/D.h5,81,,440815a0697ba2f3d4df0b44ea8d562e4c49623180c200b27197e17a1d558ffd,31,D
S1,1616,ieee_dataport/LoRa_RFFI-main/LoRa_RFFI/dataset/Test/channel_problem/D.h5,83,,3e3c07190748a7e85ad7668e020806593cdfc9f9c3c62a4783e3f0bda5570335,31,D
S1,1617,ieee_dataport/LoRa_RFFI-main/LoRa_RFFI/dataset/Test/channel_problem/D.h5,88,,71679f60195aaf91520dbb39976a004f32033a665a355a287d3408bb7cc831b3,31,D
S1,1618,ieee_dataport/LoRa_RFFI-main/LoRa_RFFI/dataset/Test/channel_problem/D.h5,94,,7a57293be7eb52314ea8ba49701acaee3fec5c8e274211e60cdb6c77b880dcea,31,D
S1,1619,ieee_dataport/LoRa_RFFI-main/LoRa_RFFI/dataset/Test/channel_problem/D.h5,96,,a6964662097f0c8b95ef316f965bc4949be13d79d47af6f087ba5e201fb9b1b1,31,D
S1,1620,ieee_dataport/LoRa_RFFI-main/LoRa_RFFI/dataset/Test/channel_problem/D.h5,106,,6d69b31e21d252d4db0676ba5a94050781ef926693f3b98bd5201260badb4655,31,D
S1,1621,ieee_dataport/LoRa_RFFI-main/LoRa_RFFI/dataset/Test/channel_problem/D.h5,109,,07442b7d334436d89d8c4d1e1d89fab9c88cd538c8c46fbd93d9a9b73853e410,31,D
S1,1622,ieee_dataport/LoRa_RFFI-main/LoRa_RFFI/dataset/Test/channel_problem/D.h5,111,,a824562ab56fc337cf67775f0dc132fb47162d0ef58f03a15350116349df90b3,31,D
S1,1623,ieee_dataport/LoRa_RFFI-main/LoRa_RFFI/dataset/Test/channel_problem/D.h5,113,,6f0d8956a303afc00f40c28082b53fd313cf9de42196aeb05249b07b2b057310,31,D
S1,1624,ieee_dataport/LoRa_RFFI-main/LoRa_RFFI/dataset/Test/channel_problem/D.h5,122,,bcb7c9b2b2478ed9d1efb1e07e9f98dfa7ee830d41130b3379a6b30f2f5a9f4a,31,D
S1,1625,ieee_dataport/LoRa_RFFI-main/LoRa_RFFI/dataset/Test/channel_problem/D.h5,131,,84f215670971b4444a7002f91a0a79b95ce006f3da11076de2e977fd119978c9,31,D
S1,1626,ieee_dataport/LoRa_RFFI-main/LoRa_RFFI/dataset/Test/channel_problem/D.h5,139,,abb3eef8b4430d9c5350444d794b1da84decc73bd9d0ee2f82585235b35f0109,31,D
S1,1627,ieee_dataport/LoRa_RFFI-main/LoRa_RFFI/dataset/Test/channel_problem/D.h5,153,,9f8ac408704e2a4079c12dca1b6aec1f8d72a2c98ae6de4d93355f750ddc7bc7,31,D
S1,1628,ieee_dataport/LoRa_RFFI-main/LoRa_RFFI/dataset/Test/channel_problem/D.h5,155,,284432d80e46e3de8d81eb8faf9d1649c31444f190167b3bb30c80f489e585f6,31,D
S1,1629,ieee_dataport/LoRa_RFFI-main/LoRa_RFFI/dataset/Test/channel_problem/D.h5,161,,c6e02b500a415e2879be54da95496a8c82def1e60338cc29e9f638a9d7a69a9c,31,D
S1,1630,ieee_dataport/LoRa_RFFI-main/LoRa_RFFI/dataset/Test/channel_problem/D.h5,163,,e12bc0419668710e2710b4e29ebb5e9e97a47143e8e87b480aecacb83a8f5045,31,D
S1,1631,ieee_dataport/LoRa_RFFI-main/LoRa_RFFI/dataset/Test/channel_problem/D.h5,164,,670aab80b30569900d1c7abdb7055237a9a1820f70614aa77c95bf7186a54afc,31,D
S1,1632,ieee_dataport/LoRa_RFFI-main/LoRa_RFFI/dataset/Test/channel_problem/D.h5,168,,14ba65ebf2fb4b06e0e05d11bf8b1a6b04dc207df8c3b3eb555461599328009b,31,D
S1,1633,ieee_dataport/LoRa_RFFI-main/LoRa_RFFI/dataset/Test/channel_problem/D.h5,173,,bd130b01ec47670d88f4fb920a8d9bb0346686500300d7b61f435f56ab7ab446,31,D
S1,1634,ieee_dataport/LoRa_RFFI-main/LoRa_RFFI/dataset/Test/channel_problem/D.h5,174,,2b9f4f0091ed76dc2f74cc9f5c762f85d7dbfa56930de07a44d3c108235d1aa8,31,D
S1,1635,ieee_dataport/LoRa_RFFI-main/LoRa_RFFI/dataset/Test/channel_problem/D.h5,186,,350162581dd3e8e0775d9d54f04b814b8b9ebc6016e0724f7338d63d6e4bf23b,31,D
S1,1636,ieee_dataport/LoRa_RFFI-main/LoRa_RFFI/dataset/Test/channel_problem/D.h5,189,,4fd0e3a4dc5622be4b839256f97cd6aa2f0793ffe5078557b26a4c780cadae7a,31,D
S1,1637,ieee_dataport/LoRa_RFFI-main/LoRa_RFFI/dataset/Test/channel_problem/D.h5,191,,d0fa3768037fb5455d7d4816418cda5355343452752c5ba53d525dd7573a00fc,31,D
S1,1638,ieee_dataport/LoRa_RFFI-main/LoRa_RFFI/dataset/Test/channel_problem/D.h5,194,,e189cbc174305151fbba80eaad8df9880ded52247732fd82d3c4a5bf41017158,31,D
S1,1639,ieee_dataport/LoRa_RFFI-main/LoRa_RFFI/dataset/Test/channel_problem/D.h5,195,,7f3ca951abedbbe3906ecb4503c5f700f61953254be4b9aeefac7e98c5310fb8,31,D
S1,1640,ieee_dataport/LoRa_RFFI-main/LoRa_RFFI/dataset/Test/channel_problem/D.h5,201,,d33106f324e2ccd1f66f54da1a969367108a63c74174e419e9b8350082c8964c,32,D
S1,1641,ieee_dataport/LoRa_RFFI-main/LoRa_RFFI/dataset/Test/channel_problem/D.h5,205,,4746b2986f43d3ed77ff876ca6abbddbfab63a6fe4028b4a209846d9df906e27,32,D
S1,1642,ieee_dataport/LoRa_RFFI-main/LoRa_RFFI/dataset/Test/channel_problem/D.h5,208,,db7d48c7a0d39bc3298dbf40b192538f51209632df7aeac4f3569e273fcf1bca,32,D
S1,1643,ieee_dataport/LoRa_RFFI-main/LoRa_RFFI/dataset/Test/channel_problem/D.h5,209,,485328f7b7a877443c5ae52aa9c8c404c3d2de1850a22dff72182cafa9a764af,32,D
S1,1644,ieee_dataport/LoRa_RFFI-main/LoRa_RFFI/dataset/Test/channel_problem/D.h5,211,,7c16774d2ece19df3f93bb0828c999b3f07f9e77dfd1a1aeffe5616c22ec2a5b,32,D
S1,1645,ieee_dataport/LoRa_RFFI-main/LoRa_RFFI/dataset/Test/channel_problem/D.h5,220,,8342831742fbdd1e6a278712e7ad5b5b1da69f0fbf03283c679d7197af72a908,32,D
S1,1646,ieee_dataport/LoRa_RFFI-main/LoRa_RFFI/dataset/Test/channel_problem/D.h5,232,,a354e3cae852d091ac4af373a74f43734e541f322df12cbbe0947179c09e6498,32,D
S1,1647,ieee_dataport/LoRa_RFFI-main/LoRa_RFFI/dataset/Test/channel_problem/D.h5,237,,56df3a015151a34585324329679a55632402dbdc9e2bf6edf3555c8cc3f70ba6,32,D
S1,1648,ieee_dataport/LoRa_RFFI-main/LoRa_RFFI/dataset/Test/channel_problem/D.h5,239,,e0b9e726856deade88862034012fca0817f526e92b759e27c93afeaaa34edcbe,32,D
S1,1649,ieee_dataport/LoRa_RFFI-main/LoRa_RFFI/dataset/Test/channel_problem/D.h5,244,,b694838f29bf7384d0b795e99416773b49ea6499acbe2a3b2614b7529e49929f,32,D
S1,1650,ieee_dataport/LoRa_RFFI-main/LoRa_RFFI/dataset/Test/channel_problem/D.h5,247,,36acf9fc9ad8b79587bf0276ea4643fcad697469d23e19cbac93c75e48a0255e,32,D
S1,1651,ieee_dataport/LoRa_RFFI-main/LoRa_RFFI/dataset/Test/channel_problem/D.h5,250,,c29eda23bd4c06a49badd21584e854265008d760ed1241150490bd90ef19110b,32,D
S1,1652,ieee_dataport/LoRa_RFFI-main/LoRa_RFFI/dataset/Test/channel_problem/D.h5,251,,76424b2ed6848e3c3db7e179def320ac98be227ddf2e36a6d0a4a1d795e885e1,32,D
S1,1653,ieee_dataport/LoRa_RFFI-main/LoRa_RFFI/dataset/Test/channel_problem/D.h5,252,,324b67eec6a3b63525fe75c0500872706b2f1c9dd070ca85f108f60aba2b87a8,32,D
S1,1654,ieee_dataport/LoRa_RFFI-main/LoRa_RFFI/dataset/Test/channel_problem/D.h5,259,,81a8c5618aa2fdc73c7d7c78fde6e7e28e3858067ca8c62dc49f7fb7a0a6e7be,32,D
S1,1655,ieee_dataport/LoRa_RFFI-main/LoRa_RFFI/dataset/Test/channel_problem/D.h5,260,,ec6cd027559508d9899a5fc02e0b94963bf901bcc1f4f79f1d4153ff58cc4db4,32,D
S1,1656,ieee_dataport/LoRa_RFFI-main/LoRa_RFFI/dataset/Test/channel_problem/D.h5,272,,50572b8bb7ad89d5e8252df82d75fdbc1ece8f9f346196f0359399df74a96818,32,D
S1,1657,ieee_dataport/LoRa_RFFI-main/LoRa_RFFI/dataset/Test/channel_problem/D.h5,277,,ebc087225fadff202df0f234b69042866134d46ec8f86590fd9b47468037516b,32,D
S1,1658,ieee_dataport/LoRa_RFFI-main/LoRa_RFFI/dataset/Test/channel_problem/D.h5,278,,bd16aaa9ca86ca242ab296a9cd355855c42b591b69a957d2027597d85847c015,32,D
S1,1659,ieee_dataport/LoRa_RFFI-main/LoRa_RFFI/dataset/Test/channel_problem/D.h5,299,,4cc754a9d71ea2f4d3956e63299cb10e23d3532b014ff9bdbe19d23542d89fe6,32,D
S1,1660,ieee_dataport/LoRa_RFFI-main/LoRa_RFFI/dataset/Test/channel_problem/D.h5,300,,821f724bbcceedaa60fd650905ff0dcd44a14badbea6020c47232d69ec5b5aaa,32,D
S1,1661,ieee_dataport/LoRa_RFFI-main/LoRa_RFFI/dataset/Test/channel_problem/D.h5,302,,dfe8d1d6cfc1aefe4557b77cffca3978dd95656096ad14def2fd7adafec74ecd,32,D
S1,1662,ieee_dataport/LoRa_RFFI-main/LoRa_RFFI/dataset/Test/channel_problem/D.h5,305,,0260c28236844cd55cd4bbb593cd0bcee7eef8a5ba05fd9cab5a47ec11a8a7f6,32,D
S1,1663,ieee_dataport/LoRa_RFFI-main/LoRa_RFFI/dataset/Test/channel_problem/D.h5,308,,db8d3719812c29b57f2cb4dbb3491a023c68df0488c1687f0dd9a8c211e7d7bb,32,D
S1,1664,ieee_dataport/LoRa_RFFI-main/LoRa_RFFI/dataset/Test/channel_problem/D.h5,316,,5542a834fd56dae42c7916ec2157405809d8dcdb30e0009c6801a37f19408863,32,D
S1,1665,ieee_dataport/LoRa_RFFI-main/LoRa_RFFI/dataset/Test/channel_problem/D.h5,319,,ef9ea57b7e7ac66e2d0f040688295e620ffc2e31163ba8b81a6ae4477b303d01,32,D
S1,1666,ieee_dataport/LoRa_RFFI-main/LoRa_RFFI/dataset/Test/channel_problem/D.h5,320,,b087beb5d4c7bae14da0490d32630296d3c8dd004b1d80a732ca85b4852fbaad,32,D
S1,1667,ieee_dataport/LoRa_RFFI-main/LoRa_RFFI/dataset/Test/channel_problem/D.h5,328,,4a0f51c4a02ae87163832f1b07d4d6591aa96fecaa1c5647b12ddf04f3a63578,32,D
S1,1668,ieee_dataport/LoRa_RFFI-main/LoRa_RFFI/dataset/Test/channel_problem/D.h5,344,,1f4934363ba644638a471c01ea360d2495f4ac5588babf2b8862db55aef9f61f,32,D
S1,1669,ieee_dataport/LoRa_RFFI-main/LoRa_RFFI/dataset/Test/channel_problem/D.h5,345,,0b9fea55ed2d8814b7d236d561f20b8b6d804c64dc04417d30ddde2d409d0682,32,D
S1,1670,ieee_dataport/LoRa_RFFI-main/LoRa_RFFI/dataset/Test/channel_problem/D.h5,353,,7d731de40f2a9fb1e7d19904fefa042e77beb920926cbe03422bf30b68e89fbc,32,D
S1,1671,ieee_dataport/LoRa_RFFI-main/LoRa_RFFI/dataset/Test/channel_problem/D.h5,354,,7b1738892897ba80a59b274fed07dd56d03ea8e8977e3dacc2aa6e899cdd7511,32,D
S1,1672,ieee_dataport/LoRa_RFFI-main/LoRa_RFFI/dataset/Test/channel_problem/D.h5,356,,53632e67d8716073189bdf5289863b3928c8bc4aae59adda77fe4cc8b18654a4,32,D
S1,1673,ieee_dataport/LoRa_RFFI-main/LoRa_RFFI/dataset/Test/channel_problem/D.h5,362,,8a93084d28f5cac8a1c8bac0fa540e0f34aab77a618c02efd66304092c11690e,32,D
S1,1674,ieee_dataport/LoRa_RFFI-main/LoRa_RFFI/dataset/Test/channel_problem/D.h5,364,,e6b22ca8c8dc3c04e8a2b9cad57440958e7d2a283de076e88f9abc4a6b38ea3e,32,D
S1,1675,ieee_dataport/LoRa_RFFI-main/LoRa_RFFI/dataset/Test/channel_problem/D.h5,374,,69411de2244f194b8d608b77171b08e6fd51c1a276cf37326b06c3fe7d7286e8,32,D
S1,1676,ieee_dataport/LoRa_RFFI-main/LoRa_RFFI/dataset/Test/channel_problem/D.h5,377,,d32998f6da04ade095f4b342eff155e5a0ec5b07abad47f8b56227ef15d5e600,32,D
S1,1677,ieee_dataport/LoRa_RFFI-main/LoRa_RFFI/dataset/Test/channel_problem/D.h5,382,,da7e5a80957d3c75c9153e3fef950775c7f86e7846da7c7edb1f142b0e998733,32,D
S1,1678,ieee_dataport/LoRa_RFFI-main/LoRa_RFFI/dataset/Test/channel_problem/D.h5,385,,0a97a1a06b9c6f8d023565624fff8ce77231a570d968f3b559b186ec3d6b7be0,32,D
S1,1679,ieee_dataport/LoRa_RFFI-main/LoRa_RFFI/dataset/Test/channel_problem/D.h5,395,,6eda0d75763ca6cd2a4e28eb42920fc9ac1b7267c166ed3cdca9a5d45d4c40ca,32,D
S1,1680,ieee_dataport/LoRa_RFFI-main/LoRa_RFFI/dataset/Test/channel_problem/D.h5,400,,477690bcdf937ce022bc896b4767eda78cd7bf504f3316f092ca5ed8f0b666c7,33,D
S1,1681,ieee_dataport/LoRa_RFFI-main/LoRa_RFFI/dataset/Test/channel_problem/D.h5,404,,9fafa81e98223f670a38a24546315b7aa22b8078937182eb21a266957551979b,33,D
S1,1682,ieee_dataport/LoRa_RFFI-main/LoRa_RFFI/dataset/Test/channel_problem/D.h5,407,,4bdfe35af397d1ead11ef6e903b46430d0bb915c76eefb0c17102d2260bf5fc6,33,D
S1,1683,ieee_dataport/LoRa_RFFI-main/LoRa_RFFI/dataset/Test/channel_problem/D.h5,410,,fc318fcef0893d420e9a1d64fb7b0948989105b69dbc855acc3b65a89f795e33,33,D
S1,1684,ieee_dataport/LoRa_RFFI-main/LoRa_RFFI/dataset/Test/channel_problem/D.h5,426,,8ea42a468d5c90a0b7c8f5d1bcb4677c93204d8356a98dfed6db4640e7c6efb5,33,D
S1,1685,ieee_dataport/LoRa_RFFI-main/LoRa_RFFI/dataset/Test/channel_problem/D.h5,428,,3b2d9713a094ec717299f63e7f16d2bb3549d3356ed5e5d1bb824bc28f8ddda6,33,D
S1,1686,ieee_dataport/LoRa_RFFI-main/LoRa_RFFI/dataset/Test/channel_problem/D.h5,429,,0402c7bf007aa91af83a9dd8a68a4a6e00001681a0405e050bf73328a2f14798,33,D
S1,1687,ieee_dataport/LoRa_RFFI-main/LoRa_RFFI/dataset/Test/channel_problem/D.h5,430,,fc4d83268a031086775fb070d6bec64a8b51a67698a069fa47c6daf24b0f50c7,33,D
S1,1688,ieee_dataport/LoRa_RFFI-main/LoRa_RFFI/dataset/Test/channel_problem/D.h5,434,,26eb3188789f283362e2017888481feafc49b571ea19f6c91a5a96fc0ca560cd,33,D
S1,1689,ieee_dataport/LoRa_RFFI-main/LoRa_RFFI/dataset/Test/channel_problem/D.h5,435,,dc459b531bad20b3f6354d21898089c4d74ceee093b0c4a3afce1e73e256a294,33,D
S1,1690,ieee_dataport/LoRa_RFFI-main/LoRa_RFFI/dataset/Test/channel_problem/D.h5,440,,d56219a8c77a0dcfcacf59de9ff5beec469e4254d31ff11eea6a6eabc5d636e8,33,D
S1,1691,ieee_dataport/LoRa_RFFI-main/LoRa_RFFI/dataset/Test/channel_problem/D.h5,442,,3ce99e2e3f8bb638ba50328ba9f16d8d09c8ce705f85fa49ee8642bff8259973,33,D
S1,1692,ieee_dataport/LoRa_RFFI-main/LoRa_RFFI/dataset/Test/channel_problem/D.h5,443,,5592d691aceaf189c80693b263cb986f66aa1bc0d667362e3c867d61b8561b6d,33,D
S1,1693,ieee_dataport/LoRa_RFFI-main/LoRa_RFFI/dataset/Test/channel_problem/D.h5,449,,4701cf2a89efe5ed5d89f505d3074e248b3317815a2c61ba7a86ba61df7d7fcb,33,D
S1,1694,ieee_dataport/LoRa_RFFI-main/LoRa_RFFI/dataset/Test/channel_problem/D.h5,453,,a695475aa4d5c027b1617e835401f23bdc2270813878c6a64823790fa0ac683e,33,D
S1,1695,ieee_dataport/LoRa_RFFI-main/LoRa_RFFI/dataset/Test/channel_problem/D.h5,455,,e903d0000401416c22fb3e2dfcc7327576d56f5e5e200f91335823ed78bab39e,33,D
S1,1696,ieee_dataport/LoRa_RFFI-main/LoRa_RFFI/dataset/Test/channel_problem/D.h5,458,,a72fbefbbbffb3f0b45b2c3f3b8f5416f2e354812dd05fc0508e5d811e2deba5,33,D
S1,1697,ieee_dataport/LoRa_RFFI-main/LoRa_RFFI/dataset/Test/channel_problem/D.h5,481,,4af36d5a3b9651d3e08d1df4adb747e6a9eafb8ade3105cb3df519816bd5993e,33,D
S1,1698,ieee_dataport/LoRa_RFFI-main/LoRa_RFFI/dataset/Test/channel_problem/D.h5,485,,69b83c2d4bcff35f943c388dc79e63b25546d56cee4b6ea293c0574c5c61a2b5,33,D
S1,1699,ieee_dataport/LoRa_RFFI-main/LoRa_RFFI/dataset/Test/channel_problem/D.h5,490,,76202fe928516fe8a26075a2345fa4d2d0e0724039e157ae12ecc2885bdc1583,33,D
S1,1700,ieee_dataport/LoRa_RFFI-main/LoRa_RFFI/dataset/Test/channel_problem/D.h5,503,,f7e4f0e447608996d40abe07c01f4f18a15b7512635858cf183cae266121cde3,33,D
S1,1701,ieee_dataport/LoRa_RFFI-main/LoRa_RFFI/dataset/Test/channel_problem/D.h5,506,,3408aa1f2bc4f9a1adcee186d2c6238a4cc451939026acadccb0f6f952686975,33,D
S1,1702,ieee_dataport/LoRa_RFFI-main/LoRa_RFFI/dataset/Test/channel_problem/D.h5,515,,31f25619b9684b0d6489e921584b66c5a1097279239fd7677ccf9c5bcef3bb97,33,D
S1,1703,ieee_dataport/LoRa_RFFI-main/LoRa_RFFI/dataset/Test/channel_problem/D.h5,517,,2e0bb7a51391743053d3a7dca4eeb5facc4c9635ac9fea1977a0e68c5a12cbcf,33,D
S1,1704,ieee_dataport/LoRa_RFFI-main/LoRa_RFFI/dataset/Test/channel_problem/D.h5,520,,b9c76dcc24acb23650b4cd370b23b58b9f9ad4caaf480b3358bd2795922eabb3,33,D
S1,1705,ieee_dataport/LoRa_RFFI-main/LoRa_RFFI/dataset/Test/channel_problem/D.h5,524,,400b0657b30360181b14837e384266258c31a918ad24a5f9b75670c1f34f923b,33,D
S1,1706,ieee_dataport/LoRa_RFFI-main/LoRa_RFFI/dataset/Test/channel_problem/D.h5,527,,f0249f178a31bde70b4711180a3680d7c79b96af623755cbf7f2688f3a209bb4,33,D
S1,1707,ieee_dataport/LoRa_RFFI-main/LoRa_RFFI/dataset/Test/channel_problem/D.h5,533,,9d7398efd8ae94e0bd79e9e72e75400547b9ef80f2ddd0aa7a38ee28f1618c8f,33,D
S1,1708,ieee_dataport/LoRa_RFFI-main/LoRa_RFFI/dataset/Test/channel_problem/D.h5,534,,c43184971a62843c567cb168486a971b77865c65cb74f49c8ef2c1eac16b89bc,33,D
S1,1709,ieee_dataport/LoRa_RFFI-main/LoRa_RFFI/dataset/Test/channel_problem/D.h5,537,,e37a30c69c03d3f8a767c2f0c2a7568d43907ebb1936575609c5bd9ad0491757,33,D
S1,1710,ieee_dataport/LoRa_RFFI-main/LoRa_RFFI/dataset/Test/channel_problem/D.h5,544,,94c02573b56ba6e6588283a2b47ca12095e008b06fc50cfdadd1c2490c7aa7a7,33,D
S1,1711,ieee_dataport/LoRa_RFFI-main/LoRa_RFFI/dataset/Test/channel_problem/D.h5,550,,22a221e3360600d016cf687917f50dc4fa89516293b08f4f5dc7e5dc606d4d35,33,D
S1,1712,ieee_dataport/LoRa_RFFI-main/LoRa_RFFI/dataset/Test/channel_problem/D.h5,553,,58b60ea430a1bd555eab76414478795670b19674a878e731227e74997777bccd,33,D
S1,1713,ieee_dataport/LoRa_RFFI-main/LoRa_RFFI/dataset/Test/channel_problem/D.h5,558,,91e2132750c5eae8b8c06920d7b64e724846432979d26da990da9ae0c0a47417,33,D
S1,1714,ieee_dataport/LoRa_RFFI-main/LoRa_RFFI/dataset/Test/channel_problem/D.h5,559,,fa5362c8fd66a7d95da2cfd1aaadb3008d9de48eea3db0ded5f5709638b29cc9,33,D
S1,1715,ieee_dataport/LoRa_RFFI-main/LoRa_RFFI/dataset/Test/channel_problem/D.h5,561,,65d90a8d827e68023f028397a58fd37a6ad1a653f1d173043f9988ef1324b1c3,33,D
S1,1716,ieee_dataport/LoRa_RFFI-main/LoRa_RFFI/dataset/Test/channel_problem/D.h5,572,,46f64111c1859cb158bbff429c2bc64b1e1a3ff5b66b98e06d7cc0d231048d3f,33,D
S1,1717,ieee_dataport/LoRa_RFFI-main/LoRa_RFFI/dataset/Test/channel_problem/D.h5,577,,59dcab0c30c02e1f54a93cb5b9e2344793b5cd413f86eab336bcfdb351341f38,33,D
S1,1718,ieee_dataport/LoRa_RFFI-main/LoRa_RFFI/dataset/Test/channel_problem/D.h5,592,,7858cb374dba85416945fb72d308fb3fc46e5da2946038a66b347f36e6fc3602,33,D
S1,1719,ieee_dataport/LoRa_RFFI-main/LoRa_RFFI/dataset/Test/channel_problem/D.h5,597,,8c0d29a856c68f12f3e27645c085cb023c56fdcb3ab51bbee89cfa5e5546364f,33,D
S1,1720,ieee_dataport/LoRa_RFFI-main/LoRa_RFFI/dataset/Test/channel_problem/D.h5,612,,440b5a853acd3adace848b8eb643e2ca00f01e904f179707a7fbf24fd0c59f55,34,D
S1,1721,ieee_dataport/LoRa_RFFI-main/LoRa_RFFI/dataset/Test/channel_problem/D.h5,617,,02d0bff29719913ff2009af449b21a915ff985dc346f5de06507d156301a862f,34,D
S1,1722,ieee_dataport/LoRa_RFFI-main/LoRa_RFFI/dataset/Test/channel_problem/D.h5,618,,a472dbc1177e565e91aac6dfe68efe6ede14aa9b9d63c529120ba7e6c8e7bb8c,34,D
S1,1723,ieee_dataport/LoRa_RFFI-main/LoRa_RFFI/dataset/Test/channel_problem/D.h5,624,,3e184e213ff14abf42e103fd2a614eaedfb74ed566ca2d2b408f69eb557c9493,34,D
S1,1724,ieee_dataport/LoRa_RFFI-main/LoRa_RFFI/dataset/Test/channel_problem/D.h5,628,,e4f4d7ad5fd0cde2ba8e9b2585176566d34dcf2d1a5ce40fd5f59ed1c3f687eb,34,D
S1,1725,ieee_dataport/LoRa_RFFI-main/LoRa_RFFI/dataset/Test/channel_problem/D.h5,633,,7148277289f76468f79ef3ebe363a0b6834c40f41ff2017fde5dcd5eaf16f292,34,D
S1,1726,ieee_dataport/LoRa_RFFI-main/LoRa_RFFI/dataset/Test/channel_problem/D.h5,638,,09bcaa220b124e8c652e85092750ac46d9c694ab940ddeb0e32aaf29960e670d,34,D
S1,1727,ieee_dataport/LoRa_RFFI-main/LoRa_RFFI/dataset/Test/channel_problem/D.h5,641,,5935fbd6dbe3930e6aff25dd52f0a65c38a29cfdb8d48e8a9aed8bbf29a95c9e,34,D
S1,1728,ieee_dataport/LoRa_RFFI-main/LoRa_RFFI/dataset/Test/channel_problem/D.h5,655,,5717f90d6ec20ba9407a30917ad792830c565e2bec95283fbf3c2ad6b36583e0,34,D
S1,1729,ieee_dataport/LoRa_RFFI-main/LoRa_RFFI/dataset/Test/channel_problem/D.h5,659,,b2e3a30f3659ac8fe582c05e9f476869feb3685d15f9f2c98ff7efdd61a3b846,34,D
S1,1730,ieee_dataport/LoRa_RFFI-main/LoRa_RFFI/dataset/Test/channel_problem/D.h5,660,,9aa862c4af95ba5ab2e12ed781113feba786285e646e37e9cd408eb933a21430,34,D
S1,1731,ieee_dataport/LoRa_RFFI-main/LoRa_RFFI/dataset/Test/channel_problem/D.h5,663,,dbb2ccd8ea06198cfd08d4785cffedc6b2b1dbc23d3d089664fbaa4f651bd7cb,34,D
S1,1732,ieee_dataport/LoRa_RFFI-main/LoRa_RFFI/dataset/Test/channel_problem/D.h5,675,,4144168cb1c0d35db631acb5eba265ae79e5e8ad5a3aec883b58b2b15813ce6a,34,D
S1,1733,ieee_dataport/LoRa_RFFI-main/LoRa_RFFI/dataset/Test/channel_problem/D.h5,676,,2466cb2e2a3c89c8cf84667326317741812e89b80dee573ef53145bbe5404b0c,34,D
S1,1734,ieee_dataport/LoRa_RFFI-main/LoRa_RFFI/dataset/Test/channel_problem/D.h5,677,,a7a9c7f657ceedf2bc5a445f3cf847bc5c83a1192528f1d897499a8f0d62ef23,34,D
S1,1735,ieee_dataport/LoRa_RFFI-main/LoRa_RFFI/dataset/Test/channel_problem/D.h5,679,,277ef2a4cb4971ec761c1411caa3a48288807cef3c53bf8d94ee578658c8808e,34,D
S1,1736,ieee_dataport/LoRa_RFFI-main/LoRa_RFFI/dataset/Test/channel_problem/D.h5,685,,1632dea7147c6ba5026f60395ae14e200259a1e12409e6244dfb6c8288ad4904,34,D
S1,1737,ieee_dataport/LoRa_RFFI-main/LoRa_RFFI/dataset/Test/channel_problem/D.h5,689,,2cdf8f8c194ed36743a3e3660985c8fba691b76698fab6ebb95a69b9714c7838,34,D
S1,1738,ieee_dataport/LoRa_RFFI-main/LoRa_RFFI/dataset/Test/channel_problem/D.h5,692,,ea9d442fc0f2383ec24dc2b8be1b880bf3dd87270414f308b0001ead06a89030,34,D
S1,1739,ieee_dataport/LoRa_RFFI-main/LoRa_RFFI/dataset/Test/channel_problem/D.h5,712,,21f09f9236b7be53e1a615fcb779553ac8de29b8c3563fbb165652b27c1a1f74,34,D
S1,1740,ieee_dataport/LoRa_RFFI-main/LoRa_RFFI/dataset/Test/channel_problem/D.h5,716,,99db5b678969aea085def7ac616d98351e5cd5e0506ed7f537b75c0e29e0256e,34,D
S1,1741,ieee_dataport/LoRa_RFFI-main/LoRa_RFFI/dataset/Test/channel_problem/D.h5,720,,bf46183617561547080d4e93c9c97d85a28bdea7429115dbf7f425938a3f0423,34,D
S1,1742,ieee_dataport/LoRa_RFFI-main/LoRa_RFFI/dataset/Test/channel_problem/D.h5,731,,20f5c06887a901138f52927baf34a19304caf89e6807ca4dcc2b662338213903,34,D
S1,1743,ieee_dataport/LoRa_RFFI-main/LoRa_RFFI/dataset/Test/channel_problem/D.h5,732,,c57fd5338004787d3c59ef47f7181f639d3a30796c12922a26db01c1a0a8be96,34,D
S1,1744,ieee_dataport/LoRa_RFFI-main/LoRa_RFFI/dataset/Test/channel_problem/D.h5,736,,ecfb5f3924e1a70104f58d13a1e4d802a2c81b44ea56b92a18c1fbc07242662a,34,D
S1,1745,ieee_dataport/LoRa_RFFI-main/LoRa_RFFI/dataset/Test/channel_problem/D.h5,737,,a67c7adad7df920048d74e5b99d77ad262dfdaa8c5420520d6e3c2916cc67b4a,34,D
S1,1746,ieee_dataport/LoRa_RFFI-main/LoRa_RFFI/dataset/Test/channel_problem/D.h5,741,,7eb323a595275773d822ce4de61c48166c623275f1eca88e4fc60fca21a15913,34,D
S1,1747,ieee_dataport/LoRa_RFFI-main/LoRa_RFFI/dataset/Test/channel_problem/D.h5,746,,e57219f84ca977429a54fba59d2e6e2d5cd1c8eb98971c1d4b4ae4b3c66724df,34,D
S1,1748,ieee_dataport/LoRa_RFFI-main/LoRa_RFFI/dataset/Test/channel_problem/D.h5,752,,22c95bee1b04026031ebeff8c4cf6d7295e4f4601608b0d670e044542734b495,34,D
S1,1749,ieee_dataport/LoRa_RFFI-main/LoRa_RFFI/dataset/Test/channel_problem/D.h5,754,,6920bb1959e54217d2848e683c14b883d17f0787f37a9f014b16d79312092937,34,D
S1,1750,ieee_dataport/LoRa_RFFI-main/LoRa_RFFI/dataset/Test/channel_problem/D.h5,760,,828de3131b1dad389bbd799a4b8871f0d55d86e6e4429e96985cc1293fd99c35,34,D
S1,1751,ieee_dataport/LoRa_RFFI-main/LoRa_RFFI/dataset/Test/channel_problem/D.h5,765,,3eff0dfb6b5d33160431146ee2c5fa79a84f0947694a73fba07320ccc4756313,34,D
S1,1752,ieee_dataport/LoRa_RFFI-main/LoRa_RFFI/dataset/Test/channel_problem/D.h5,769,,4a5fe3e5c28c6cd3c80e614bbdaec2f176cc1c759b4da8b083e1d0cf8ba28131,34,D
S1,1753,ieee_dataport/LoRa_RFFI-main/LoRa_RFFI/dataset/Test/channel_problem/D.h5,775,,c88387c79c382a8de92328df94233e81a6f3f2559d3962cb7d5131d85e1e629d,34,D
S1,1754,ieee_dataport/LoRa_RFFI-main/LoRa_RFFI/dataset/Test/channel_problem/D.h5,779,,03e19ff6250604aa92e6ef9e9fd540a8dd69378304673cfff3bb0cd2c41ccdc6,34,D
S1,1755,ieee_dataport/LoRa_RFFI-main/LoRa_RFFI/dataset/Test/channel_problem/D.h5,780,,c5e5a492f5238efabbc0edf61864c3192f8cb57ce638081b9fc7b65239dc86b3,34,D
S1,1756,ieee_dataport/LoRa_RFFI-main/LoRa_RFFI/dataset/Test/channel_problem/D.h5,782,,4d33e7eba63989474d25a8a1be60c7e97b15787a156a04df4d8abb4b6ffb04b1,34,D
S1,1757,ieee_dataport/LoRa_RFFI-main/LoRa_RFFI/dataset/Test/channel_problem/D.h5,790,,2e9faf8b29badcc5c00df156eb030ebe735e9fb3bd5006f82eafda48de9d896a,34,D
S1,1758,ieee_dataport/LoRa_RFFI-main/LoRa_RFFI/dataset/Test/channel_problem/D.h5,791,,ea86f8ddf1f0831853a813b0ac98dadc192cdc1b89305ba76305626afd263666,34,D
S1,1759,ieee_dataport/LoRa_RFFI-main/LoRa_RFFI/dataset/Test/channel_problem/D.h5,792,,14bc672d6f157d1db3356b15b47f1f109ee5e44df3ffd281ac96d2472344dd74,34,D
S1,1760,ieee_dataport/LoRa_RFFI-main/LoRa_RFFI/dataset/Test/channel_problem/D.h5,815,,5833ef7569d270dae576d1890c786c9e27b8a153ee3d0918120ec142b88ba352,35,D
S1,1761,ieee_dataport/LoRa_RFFI-main/LoRa_RFFI/dataset/Test/channel_problem/D.h5,817,,5782e900fc69944de7fbd8514daa637a5a64958f65e625fcdaba85e7566f8735,35,D
S1,1762,ieee_dataport/LoRa_RFFI-main/LoRa_RFFI/dataset/Test/channel_problem/D.h5,823,,2daef03a1e98c931e021203c670248f3c70f76e6d1b3490384736728b89b2300,35,D
S1,1763,ieee_dataport/LoRa_RFFI-main/LoRa_RFFI/dataset/Test/channel_problem/D.h5,836,,2f31192d1f44dba4333806ab9efa93cb3e812368f337de4a9d9da84241e72f49,35,D
S1,1764,ieee_dataport/LoRa_RFFI-main/LoRa_RFFI/dataset/Test/channel_problem/D.h5,848,,8e249f6c1a7edde9d54a340d729911ffb7d1f8c8a836e03f674a6e5905da1e8e,35,D
S1,1765,ieee_dataport/LoRa_RFFI-main/LoRa_RFFI/dataset/Test/channel_problem/D.h5,849,,fe0cd219bea689bcb82cd8e0f10be7928a9ce29cdc9cb850e64dbb88c98aedc1,35,D
S1,1766,ieee_dataport/LoRa_RFFI-main/LoRa_RFFI/dataset/Test/channel_problem/D.h5,856,,5ee0f03ef45cadf25e0efd838918e04548b7eedbbf10610d33bf320ac4c81d37,35,D
S1,1767,ieee_dataport/LoRa_RFFI-main/LoRa_RFFI/dataset/Test/channel_problem/D.h5,858,,a2171c824c47bc1ed912160ec7685214845f14a8b13eb9f2013045c8ec100f6e,35,D
S1,1768,ieee_dataport/LoRa_RFFI-main/LoRa_RFFI/dataset/Test/channel_problem/D.h5,860,,8ab1bc23849f85f30bed507199e2746b735d9e6506a87e5f54f2ef1163172cbd,35,D
S1,1769,ieee_dataport/LoRa_RFFI-main/LoRa_RFFI/dataset/Test/channel_problem/D.h5,861,,eb48fb7881fd41e550feee7934d89e38c26bee98837fdfd8049ea4e275ddb5c1,35,D
S1,1770,ieee_dataport/LoRa_RFFI-main/LoRa_RFFI/dataset/Test/channel_problem/D.h5,863,,20c9f04da1b90d1b0b50a845e07797cd9860b20c7b1b4bbace07555e0067c186,35,D
S1,1771,ieee_dataport/LoRa_RFFI-main/LoRa_RFFI/dataset/Test/channel_problem/D.h5,865,,9813b5e43ff47fc825a6b4526be20d2b1893109ae7c0f65b05d7edbffe5f317f,35,D
S1,1772,ieee_dataport/LoRa_RFFI-main/LoRa_RFFI/dataset/Test/channel_problem/D.h5,870,,74d8584af34ebfe633bbd6de23a3bc7429b4577e9a76261de3bac4d0baf81bc6,35,D
S1,1773,ieee_dataport/LoRa_RFFI-main/LoRa_RFFI/dataset/Test/channel_problem/D.h5,873,,704a66d915dd9201417fcf1b06dca33fc2cd8f70cd2093190376e1a8a2aebe34,35,D
S1,1774,ieee_dataport/LoRa_RFFI-main/LoRa_RFFI/dataset/Test/channel_problem/D.h5,878,,3e2035607005506cb0fe6adb5baa623b7c24f6f0fbd9bb62b4788344243072e4,35,D
S1,1775,ieee_dataport/LoRa_RFFI-main/LoRa_RFFI/dataset/Test/channel_problem/D.h5,880,,a9c5234226c1c2b93973bd3b580df9b28500c0a4f3dbd1aa772340c68c92553f,35,D
S1,1776,ieee_dataport/LoRa_RFFI-main/LoRa_RFFI/dataset/Test/channel_problem/D.h5,885,,a18605d2f17c4428598c78ab3d7c1eb3bf992eed37941aaf558c6df997c37854,35,D
S1,1777,ieee_dataport/LoRa_RFFI-main/LoRa_RFFI/dataset/Test/channel_problem/D.h5,886,,1f4e892196c2d845fb6d887f6d5999e2cd95cb6219dcb52342f4cacc6ed262c1,35,D
S1,1778,ieee_dataport/LoRa_RFFI-main/LoRa_RFFI/dataset/Test/channel_problem/D.h5,887,,56ed775161ae9471fac58d5e0ec27db21b2e801ff8b73e97eda5fd64208ff3ae,35,D
S1,1779,ieee_dataport/LoRa_RFFI-main/LoRa_RFFI/dataset/Test/channel_problem/D.h5,893,,ebbbf03b7e3cc94fb7142b267a3375d0cd5af3489c12110f2d05ab3139978300,35,D
S1,1780,ieee_dataport/LoRa_RFFI-main/LoRa_RFFI/dataset/Test/channel_problem/D.h5,894,,f0dca77ff0df07555e111e68cbf9625350865cbc944e3677aeb85e5ef70a0336,35,D
S1,1781,ieee_dataport/LoRa_RFFI-main/LoRa_RFFI/dataset/Test/channel_problem/D.h5,897,,273ae8ef79d30a0c374c5c9e1bec5f622964e8101f137fe9927a89f81265e9da,35,D
S1,1782,ieee_dataport/LoRa_RFFI-main/LoRa_RFFI/dataset/Test/channel_problem/D.h5,898,,1c4ce17355a86e2ca5b3b03ae12ef712927f950f2721b6e168be549928757824,35,D
S1,1783,ieee_dataport/LoRa_RFFI-main/LoRa_RFFI/dataset/Test/channel_problem/D.h5,900,,e2256bf3eb5e593ea49a267d9b02e1d191161f78c1626df2fd9190182f4da157,35,D
S1,1784,ieee_dataport/LoRa_RFFI-main/LoRa_RFFI/dataset/Test/channel_problem/D.h5,905,,97f04f12098b7239866537d88de9dcb64a90d1dc6eee738fd68e61a82a63116c,35,D
S1,1785,ieee_dataport/LoRa_RFFI-main/LoRa_RFFI/dataset/Test/channel_problem/D.h5,920,,a4090e943cf4cc4e7f24e815e3141b5af95177dcd5de307c738cd198f2e8ff36,35,D
S1,1786,ieee_dataport/LoRa_RFFI-main/LoRa_RFFI/dataset/Test/channel_problem/D.h5,936,,1b7a31a844fa8d5298ec238a044885c5da79454f83c4ca85d5ee0e5bc3751fa3,35,D
S1,1787,ieee_dataport/LoRa_RFFI-main/LoRa_RFFI/dataset/Test/channel_problem/D.h5,938,,9e304f77f5b5410b6a2bc9d3a31355713c66f80b21a085380315f88c2f8b2e4a,35,D
S1,1788,ieee_dataport/LoRa_RFFI-main/LoRa_RFFI/dataset/Test/channel_problem/D.h5,939,,d21cf6e9d7989d0f419b98e26f65c4b51cfff8a34551f7dfc3a12c82546a0d25,35,D
S1,1789,ieee_dataport/LoRa_RFFI-main/LoRa_RFFI/dataset/Test/channel_problem/D.h5,940,,79fbb3974261f58e43a06a73859c40770cb34da9f5842561e67a02244fe676d3,35,D
S1,1790,ieee_dataport/LoRa_RFFI-main/LoRa_RFFI/dataset/Test/channel_problem/D.h5,943,,016f020df845c92199adc616386153ffa3c275e21508b2a1a5adfcc34750fece,35,D
S1,1791,ieee_dataport/LoRa_RFFI-main/LoRa_RFFI/dataset/Test/channel_problem/D.h5,950,,d9b0f6a008e69b60f006dcb60cb684510cafc78db729f3551fb69dd48c735d7a,35,D
S1,1792,ieee_dataport/LoRa_RFFI-main/LoRa_RFFI/dataset/Test/channel_problem/D.h5,958,,093d1fd485b00527328f1ec3b3d3388149b2de739795d99eb6c093c41e465e42,35,D
S1,1793,ieee_dataport/LoRa_RFFI-main/LoRa_RFFI/dataset/Test/channel_problem/D.h5,970,,7f9912365f6cfc05de1ff6f20d191f58d5dbf96d38a532a82dab81862d0061a9,35,D
S1,1794,ieee_dataport/LoRa_RFFI-main/LoRa_RFFI/dataset/Test/channel_problem/D.h5,973,,c95e8220c0b89c1b8bfa8dfd7b66d41e69fc38177aa0608480ac448f0d893a08,35,D
S1,1795,ieee_dataport/LoRa_RFFI-main/LoRa_RFFI/dataset/Test/channel_problem/D.h5,979,,9580b9c7844694566ca6e1d5550a33cf771493e1cd37cea6b6f1e6a7fc67335f,35,D
S1,1796,ieee_dataport/LoRa_RFFI-main/LoRa_RFFI/dataset/Test/channel_problem/D.h5,990,,095913dc949969b63bd622cbf5a85fd840713d8eca866a32e28ce75d12cbb68d,35,D
S1,1797,ieee_dataport/LoRa_RFFI-main/LoRa_RFFI/dataset/Test/channel_problem/D.h5,992,,3b00d09d13c1ca9bc30407f278ef354bd3a7860dfce9764c4f1abde36c2cc3c0,35,D
S1,1798,ieee_dataport/LoRa_RFFI-main/LoRa_RFFI/dataset/Test/channel_problem/D.h5,997,,500ff9140aee363ffbf602200f6309fc6416b6b109b0e14a6c26cf7614e00f0e,35,D
S1,1799,ieee_dataport/LoRa_RFFI-main/LoRa_RFFI/dataset/Test/channel_problem/D.h5,998,,b081edba0c5a3541fd88c8be2ef8c47851473ce9f8289735cbc7b15a8a5dc4b7,35,D
S1,1800,ieee_dataport/LoRa_RFFI-main/LoRa_RFFI/dataset/Test/channel_problem/D.h5,1000,,8c4d973e3371ea88742f4f067d9ab911b5e6c049b8259a06bd8ca4dbd91931c3,36,D
S1,1801,ieee_dataport/LoRa_RFFI-main/LoRa_RFFI/dataset/Test/channel_problem/D.h5,1005,,36fe3bc3f214263bf4c6294dc45b58618189036e15629f5d8e769c21c2359125,36,D
S1,1802,ieee_dataport/LoRa_RFFI-main/LoRa_RFFI/dataset/Test/channel_problem/D.h5,1019,,bf0ff99dd317b1f52c40e2231453a68949f31a3d9417dd0d46d7dfd475e4b670,36,D
S1,1803,ieee_dataport/LoRa_RFFI-main/LoRa_RFFI/dataset/Test/channel_problem/D.h5,1023,,360f9e6d03b36ab11f6cb8f40e506573cd68134c75295dacdc38a181c6107bd9,36,D
S1,1804,ieee_dataport/LoRa_RFFI-main/LoRa_RFFI/dataset/Test/channel_problem/D.h5,1029,,5581aa9d7aab65e989bc9c5c746ff6f8dec177a0b2fd566bc518c166ba46c43a,36,D
S1,1805,ieee_dataport/LoRa_RFFI-main/LoRa_RFFI/dataset/Test/channel_problem/D.h5,1030,,547ce08c40978bc791d86654c008133e1ac12fd5afad11af1c4c9eedce217a4d,36,D
S1,1806,ieee_dataport/LoRa_RFFI-main/LoRa_RFFI/dataset/Test/channel_problem/D.h5,1031,,c1fe9d154254dbf849cd1e68c21fb687143d59f8c204e4e66abe8d5d980d397a,36,D
S1,1807,ieee_dataport/LoRa_RFFI-main/LoRa_RFFI/dataset/Test/channel_problem/D.h5,1034,,4c3ff9ce50bc071931f45e1b645d8b10cf12c62647ee3589109b9a76f969f9a0,36,D
S1,1808,ieee_dataport/LoRa_RFFI-main/LoRa_RFFI/dataset/Test/channel_problem/D.h5,1038,,5c39c9c336fb5b7a00a0b1c4f4d8f06bdf04ab10609464a0577c3b1eda4f515f,36,D
S1,1809,ieee_dataport/LoRa_RFFI-main/LoRa_RFFI/dataset/Test/channel_problem/D.h5,1040,,3a5593fb37f948ef36be4c2e376325b34b4bc4b8ca14c69b33f5424e1e38f73d,36,D
S1,1810,ieee_dataport/LoRa_RFFI-main/LoRa_RFFI/dataset/Test/channel_problem/D.h5,1062,,fe270f64f16e9586a5f02edae7a00b07473b3e04bacdc050e0b68bfc8732893b,36,D
S1,1811,ieee_dataport/LoRa_RFFI-main/LoRa_RFFI/dataset/Test/channel_problem/D.h5,1067,,24ccd8a25dd7e38da7f8f5d3a9cf641686556fd5ee06bf649c1f7fd656ed14d2,36,D
S1,1812,ieee_dataport/LoRa_RFFI-main/LoRa_RFFI/dataset/Test/channel_problem/D.h5,1071,,e0497c8904f300ac38145bf4b72d6dfc04f4a729e8a7a2cf7ce6569e9073d4af,36,D
S1,1813,ieee_dataport/LoRa_RFFI-main/LoRa_RFFI/dataset/Test/channel_problem/D.h5,1073,,4b4d522c44f6e00e49cd8f537955868d6ea7e67aa18fec5d187f6a4e9de1daf7,36,D
S1,1814,ieee_dataport/LoRa_RFFI-main/LoRa_RFFI/dataset/Test/channel_problem/D.h5,1075,,b6b33cb36ea38d880b53be939327d8c8b784c4741bdc1fe7ea300eb12e307e54,36,D
S1,1815,ieee_dataport/LoRa_RFFI-main/LoRa_RFFI/dataset/Test/channel_problem/D.h5,1094,,03aa7c107ed02ecf3370c04a199d272a879f29f67a852f6bc43294c337f35414,36,D
S1,1816,ieee_dataport/LoRa_RFFI-main/LoRa_RFFI/dataset/Test/channel_problem/D.h5,1096,,a131a8c47e17e6bb48d6177a18d583b40f28260acd38651236aed0601764cc00,36,D
S1,1817,ieee_dataport/LoRa_RFFI-main/LoRa_RFFI/dataset/Test/channel_problem/D.h5,1098,,2d74eb8a19c23b40ba7f27d7f437988f818c64ce6b5f6b7c0ed2e5517820bb7b,36,D
S1,1818,ieee_dataport/LoRa_RFFI-main/LoRa_RFFI/dataset/Test/channel_problem/D.h5,1099,,4791f5adaded1b0b89ffd174eeeb1db48bfd5cd6610a32e551972e655322c887,36,D
S1,1819,ieee_dataport/LoRa_RFFI-main/LoRa_RFFI/dataset/Test/channel_problem/D.h5,1101,,e7c2ad68610cef712da60ffed6020b69abace9968028f23166c4b760033ba631,36,D
S1,1820,ieee_dataport/LoRa_RFFI-main/LoRa_RFFI/dataset/Test/channel_problem/D.h5,1108,,55abfd3488e10bb476f08eee102edeac090116d922394ae19c62143300473857,36,D
S1,1821,ieee_dataport/LoRa_RFFI-main/LoRa_RFFI/dataset/Test/channel_problem/D.h5,1110,,80384b9937c71a95acdb173f2b0d1c812f23c7b340f165ee22d3bebff7a0407a,36,D
S1,1822,ieee_dataport/LoRa_RFFI-main/LoRa_RFFI/dataset/Test/channel_problem/D.h5,1111,,a1375c91a296e34cc2a724952c361bef8dae821bafcb8bba6addba3d3a770cb8,36,D
S1,1823,ieee_dataport/LoRa_RFFI-main/LoRa_RFFI/dataset/Test/channel_problem/D.h5,1119,,cc01c2546f47900e1d6e1c746d88a5075f234db58f3c130ff86a11d2a19b9bb9,36,D
S1,1824,ieee_dataport/LoRa_RFFI-main/LoRa_RFFI/dataset/Test/channel_problem/D.h5,1125,,97590835811f174e1a489d569966cf1b88489bd4faeb421ccc8a591fc42a6a61,36,D
S1,1825,ieee_dataport/LoRa_RFFI-main/LoRa_RFFI/dataset/Test/channel_problem/D.h5,1133,,03eadc19dee1d98466ebfda06d6e0f67928e3982ddf063473da6d9465ada52ba,36,D
S1,1826,ieee_dataport/LoRa_RFFI-main/LoRa_RFFI/dataset/Test/channel_problem/D.h5,1144,,9a18880429775b63a529916417b3e1b575f6066b95cb0fda2cbe66b55d01c947,36,D
S1,1827,ieee_dataport/LoRa_RFFI-main/LoRa_RFFI/dataset/Test/channel_problem/D.h5,1150,,88422f31497133d45446969b8ba1191c28fbfb575c4652b925f76f8f97b46a7e,36,D
S1,1828,ieee_dataport/LoRa_RFFI-main/LoRa_RFFI/dataset/Test/channel_problem/D.h5,1153,,b7dc546d6fcffc5531236e7b0d8d9a1544213469c1c5d03faee2901e50a77eef,36,D
S1,1829,ieee_dataport/LoRa_RFFI-main/LoRa_RFFI/dataset/Test/channel_problem/D.h5,1161,,8d5fe0b57c591efda7da744ddbfcb3097f9e5c5b91c2b2aa68a980e96ed88be3,36,D
S1,1830,ieee_dataport/LoRa_RFFI-main/LoRa_RFFI/dataset/Test/channel_problem/D.h5,1162,,9106f51033eaa8286105f898e70b5bcb96a8dc590bdac161b1cc834a0330928c,36,D
S1,1831,ieee_dataport/LoRa_RFFI-main/LoRa_RFFI/dataset/Test/channel_problem/D.h5,1164,,62e1e012ed5cdf07355184912679ff92f8c6c93a6abae1aec4efc5e29350548c,36,D
S1,1832,ieee_dataport/LoRa_RFFI-main/LoRa_RFFI/dataset/Test/channel_problem/D.h5,1166,,aeec9cacf4ef57ea4f1e81e30b405b7780ec376459510117d91d7c8bf803ffe8,36,D
S1,1833,ieee_dataport/LoRa_RFFI-main/LoRa_RFFI/dataset/Test/channel_problem/D.h5,1168,,64d6a3d02d674fd0c0e537f1ef79246bb0e1871bef64d9a5f152aac735982b18,36,D
S1,1834,ieee_dataport/LoRa_RFFI-main/LoRa_RFFI/dataset/Test/channel_problem/D.h5,1175,,e985663f5c1612d00a9ce9d38ec906e04174b8014cdb70682b157fe53b0fee81,36,D
S1,1835,ieee_dataport/LoRa_RFFI-main/LoRa_RFFI/dataset/Test/channel_problem/D.h5,1176,,b388f5d1ca66b631a9c9edfbb5a2e87871ee1e3ae7e587071c94b48a9e53ec9f,36,D
S1,1836,ieee_dataport/LoRa_RFFI-main/LoRa_RFFI/dataset/Test/channel_problem/D.h5,1178,,dc71cf4dfcbb9d6b38dc51378efd110e6e87223ab50c63c2cb03161b4e648234,36,D
S1,1837,ieee_dataport/LoRa_RFFI-main/LoRa_RFFI/dataset/Test/channel_problem/D.h5,1190,,4d2efd5d6806673d979f01be931fe31723338b69dd4d7a25ce4d552ca4a5be9d,36,D
S1,1838,ieee_dataport/LoRa_RFFI-main/LoRa_RFFI/dataset/Test/channel_problem/D.h5,1192,,54c52322517f3d50cc07f5f6749e1b05c6f506f13ff45352cb288f64e02ebb0c,36,D
S1,1839,ieee_dataport/LoRa_RFFI-main/LoRa_RFFI/dataset/Test/channel_problem/D.h5,1194,,ddd0ea0a224dcdf9d5fd426632c6f814957332500df857dd7cadd12b031b90ff,36,D
S1,1840,ieee_dataport/LoRa_RFFI-main/LoRa_RFFI/dataset/Test/channel_problem/D.h5,1207,,12e7c321d1437a5ad637b0dee62180f8c3b6e96642c59783d5922959000f562a,37,D
S1,1841,ieee_dataport/LoRa_RFFI-main/LoRa_RFFI/dataset/Test/channel_problem/D.h5,1209,,62386f648d343d73ee589a95f691f60e0b9a1a28321774ef79d0fa12f8143311,37,D
S1,1842,ieee_dataport/LoRa_RFFI-main/LoRa_RFFI/dataset/Test/channel_problem/D.h5,1226,,2e7db95effec6450343df345d8a1a106687a53a76b384cd235cd9606558638b1,37,D
S1,1843,ieee_dataport/LoRa_RFFI-main/LoRa_RFFI/dataset/Test/channel_problem/D.h5,1227,,ae7633f7b47fbef128f1d299e6046e22e2735a11a93cbada4b4f7cf78932dee0,37,D
S1,1844,ieee_dataport/LoRa_RFFI-main/LoRa_RFFI/dataset/Test/channel_problem/D.h5,1231,,5fd167157a3205470bf894eabc6543e35277e5439943e7cf2e6ef6a58583fd71,37,D
S1,1845,ieee_dataport/LoRa_RFFI-main/LoRa_RFFI/dataset/Test/channel_problem/D.h5,1236,,fecb539ca57966d6d2904f553552f0303eca7795ec44ae317ca042e05b37a764,37,D
S1,1846,ieee_dataport/LoRa_RFFI-main/LoRa_RFFI/dataset/Test/channel_problem/D.h5,1246,,077cc63c9d798e81d0b035f49976c4bac3fa2ebe964d717317c2a5c115d71471,37,D
S1,1847,ieee_dataport/LoRa_RFFI-main/LoRa_RFFI/dataset/Test/channel_problem/D.h5,1248,,4fd86bbd9b4801ef380d12220bf7ea3ec7f9139b02a099d4fa29bb57ce21e838,37,D
S1,1848,ieee_dataport/LoRa_RFFI-main/LoRa_RFFI/dataset/Test/channel_problem/D.h5,1250,,8ff9b9889c210285f8282a52ddb187d5af435881236c2941b59a42f4afdef9be,37,D
S1,1849,ieee_dataport/LoRa_RFFI-main/LoRa_RFFI/dataset/Test/channel_problem/D.h5,1259,,b15946fdacfed8dee538a8d00da6036530aa1e09a76d0dc05ac82b983b70a340,37,D
S1,1850,ieee_dataport/LoRa_RFFI-main/LoRa_RFFI/dataset/Test/channel_problem/D.h5,1262,,3f5e53b3242dfa8176b49c7b189edf3bae17e2c69fc481a951e0e4e51a15e98d,37,D
S1,1851,ieee_dataport/LoRa_RFFI-main/LoRa_RFFI/dataset/Test/channel_problem/D.h5,1263,,2f6f1008116601949336282ce2a8f7f9e4a58542d49b81c8ff2f389f5c83adf5,37,D
S1,1852,ieee_dataport/LoRa_RFFI-main/LoRa_RFFI/dataset/Test/channel_problem/D.h5,1264,,accd3a811665d09aef62ea30ee2839e6cbee41d0618980dab014f7706bfb55e9,37,D
S1,1853,ieee_dataport/LoRa_RFFI-main/LoRa_RFFI/dataset/Test/channel_problem/D.h5,1267,,37f016937ad9267c44d56ad46df0069a26f995c5ffbc5866ded7444da7215d64,37,D
S1,1854,ieee_dataport/LoRa_RFFI-main/LoRa_RFFI/dataset/Test/channel_problem/D.h5,1268,,0be8ba37e9ef3f423a4a8fa9593e7fed120a4308d0e2c89b99dca0edd038db39,37,D
S1,1855,ieee_dataport/LoRa_RFFI-main/LoRa_RFFI/dataset/Test/channel_problem/D.h5,1272,,d98ba53315aca89c89d9a578f9a23087d92acd20c90ab4b2a9e89fac6bc5ac8e,37,D
S1,1856,ieee_dataport/LoRa_RFFI-main/LoRa_RFFI/dataset/Test/channel_problem/D.h5,1276,,604cb7ef9ad3a712147ba899630b42381d9395f891cac44c53529df3625e76b9,37,D
S1,1857,ieee_dataport/LoRa_RFFI-main/LoRa_RFFI/dataset/Test/channel_problem/D.h5,1277,,7a3e05c1a8a6e20cb0d69d45c9edd653aee65e6e1e72f246176b376950f2c9d1,37,D
S1,1858,ieee_dataport/LoRa_RFFI-main/LoRa_RFFI/dataset/Test/channel_problem/D.h5,1282,,ee0e16d12aac9a6e4d31f089337b0b7709686eb5b3d7abccde8b7b668c3e9eec,37,D
S1,1859,ieee_dataport/LoRa_RFFI-main/LoRa_RFFI/dataset/Test/channel_problem/D.h5,1283,,f4a652712a81abbe425a87855d6786771f2b17a59972182d8f14def076d07c4e,37,D
S1,1860,ieee_dataport/LoRa_RFFI-main/LoRa_RFFI/dataset/Test/channel_problem/D.h5,1288,,043618e54ef88a612e6ba805fbd9c08aaa07fef13fa3b36533a1e15828298991,37,D
S1,1861,ieee_dataport/LoRa_RFFI-main/LoRa_RFFI/dataset/Test/channel_problem/D.h5,1298,,acc5d607e75972bfe9b120d42adba540766a5360d3339e3973cd2782f86e54c1,37,D
S1,1862,ieee_dataport/LoRa_RFFI-main/LoRa_RFFI/dataset/Test/channel_problem/D.h5,1311,,695a75720b8d18944d1a73f391762cabadd1d53962c8d636693a72381d623576,37,D
S1,1863,ieee_dataport/LoRa_RFFI-main/LoRa_RFFI/dataset/Test/channel_problem/D.h5,1314,,c35b90e049a1fcd62586667482e373a84d154cd6b2148aebca916b8cb310f151,37,D
S1,1864,ieee_dataport/LoRa_RFFI-main/LoRa_RFFI/dataset/Test/channel_problem/D.h5,1320,,26f786589fd279f480ecdd3f472633735f772dd8cbac35b3a96275898818c0e2,37,D
S1,1865,ieee_dataport/LoRa_RFFI-main/LoRa_RFFI/dataset/Test/channel_problem/D.h5,1341,,91111cc6f4ac476040a2c25fbf50176e2e59a6680f085e5ffab83d22f8175c13,37,D
S1,1866,ieee_dataport/LoRa_RFFI-main/LoRa_RFFI/dataset/Test/channel_problem/D.h5,1342,,a9dc7db092fd1c42253a45bb456bf7bde528c36465d81cc81978e428660a84d9,37,D
S1,1867,ieee_dataport/LoRa_RFFI-main/LoRa_RFFI/dataset/Test/channel_problem/D.h5,1345,,3d12184f9a462215611a9ac556750abe66073308434e6a50c2b6f6b7824398e4,37,D
S1,1868,ieee_dataport/LoRa_RFFI-main/LoRa_RFFI/dataset/Test/channel_problem/D.h5,1346,,ee48276d2b9fae90c4969841afd8ce3ffc32eedb0dd4f08ba1a70e2e65cdd2f8,37,D
S1,1869,ieee_dataport/LoRa_RFFI-main/LoRa_RFFI/dataset/Test/channel_problem/D.h5,1357,,00e416fb97cbe1cf637de5977e7b6ecffb6c42bf360dcf35fee66b2e69559c6c,37,D
S1,1870,ieee_dataport/LoRa_RFFI-main/LoRa_RFFI/dataset/Test/channel_problem/D.h5,1365,,5793844e4f33d2a46f898b2af0a11a4d9fedc6474f2b00c6305b48669b67d167,37,D
S1,1871,ieee_dataport/LoRa_RFFI-main/LoRa_RFFI/dataset/Test/channel_problem/D.h5,1366,,8cce438502816c4f4f4773e517df1a37f03be024a043eda13b9c8aa3419d0a69,37,D
S1,1872,ieee_dataport/LoRa_RFFI-main/LoRa_RFFI/dataset/Test/channel_problem/D.h5,1367,,11c462db41dfc6960dc39a661f9605c99e19f35650709e42ed845a74c392e81c,37,D
S1,1873,ieee_dataport/LoRa_RFFI-main/LoRa_RFFI/dataset/Test/channel_problem/D.h5,1380,,ce13e799028d4ec11de67fa11dfe58113c0dbef9d898ab5dd61713bee2c7c3fb,37,D
S1,1874,ieee_dataport/LoRa_RFFI-main/LoRa_RFFI/dataset/Test/channel_problem/D.h5,1384,,44377e237e5b7c2f011aa07b1d7522b23b1e1a984acdd2c6187bb14693addc5b,37,D
S1,1875,ieee_dataport/LoRa_RFFI-main/LoRa_RFFI/dataset/Test/channel_problem/D.h5,1387,,dbff8fd21c22180daddeccc1e8aa71830b96408b11ebd8aa5961503a2de705cd,37,D
S1,1876,ieee_dataport/LoRa_RFFI-main/LoRa_RFFI/dataset/Test/channel_problem/D.h5,1390,,11e6594baa494d8d9cbc024c98d20d3642248891c2a470c4fad3c0bb52b1d600,37,D
S1,1877,ieee_dataport/LoRa_RFFI-main/LoRa_RFFI/dataset/Test/channel_problem/D.h5,1391,,6d2432bf2e682351671853c1f389bde6a1558efe7fbd8f36ed2b79319abfd08a,37,D
S1,1878,ieee_dataport/LoRa_RFFI-main/LoRa_RFFI/dataset/Test/channel_problem/D.h5,1398,,85ef7a1cc083e4eb9d5cbdef14239afc0a09b1eacf78350ac8c6b77025a59997,37,D
S1,1879,ieee_dataport/LoRa_RFFI-main/LoRa_RFFI/dataset/Test/channel_problem/D.h5,1399,,69fb657c3f9f8c2d8edd379436107193049c3770b2ce08c7d62106a16203492e,37,D
S1,1880,ieee_dataport/LoRa_RFFI-main/LoRa_RFFI/dataset/Test/channel_problem/D.h5,1408,,858f91a212b691cc5d48264788a04d49eadc421a9af9a636901c27a85b369b0c,38,D
S1,1881,ieee_dataport/LoRa_RFFI-main/LoRa_RFFI/dataset/Test/channel_problem/D.h5,1413,,806a8b43f2ffe7459961f2ab9b5a2792bb5357ea01c90fa2583003a80750e095,38,D
S1,1882,ieee_dataport/LoRa_RFFI-main/LoRa_RFFI/dataset/Test/channel_problem/D.h5,1431,,149cd3c22a088029cdbb7ecb32604dfa9726d6a527ff4e6e40e29f6356db309c,38,D
S1,1883,ieee_dataport/LoRa_RFFI-main/LoRa_RFFI/dataset/Test/channel_problem/D.h5,1433,,f95b3b89a70db104d6342c7626554323f3ed6eaf406ac482f8825c33e1cb1666,38,D
S1,1884,ieee_dataport/LoRa_RFFI-main/LoRa_RFFI/dataset/Test/channel_problem/D.h5,1436,,e78cbd344a6d340593c282cc507c549b62e741e38fd72850dfad136ee74e3641,38,D
S1,1885,ieee_dataport/LoRa_RFFI-main/LoRa_RFFI/dataset/Test/channel_problem/D.h5,1440,,f056dd4a9df2d0806e4cfef2b63d5fcbd314d6ea9ce73938e88b08863d45642d,38,D
S1,1886,ieee_dataport/LoRa_RFFI-main/LoRa_RFFI/dataset/Test/channel_problem/D.h5,1448,,baee13608b6bb73fac39d31c47e6c8d03ee880f15c72a8b44e684e8d7a8649e5,38,D
S1,1887,ieee_dataport/LoRa_RFFI-main/LoRa_RFFI/dataset/Test/channel_problem/D.h5,1451,,2acb6d94d79cf25378a60d32a9c0889c9c237b1f19b541bdf6acec2bb2d221da,38,D
S1,1888,ieee_dataport/LoRa_RFFI-main/LoRa_RFFI/dataset/Test/channel_problem/D.h5,1455,,9b777a7d8c717479dc2d93b9ca6602c5a270600a9268f3cdfd8550c0829379a5,38,D
S1,1889,ieee_dataport/LoRa_RFFI-main/LoRa_RFFI/dataset/Test/channel_problem/D.h5,1473,,d4f59cfd1c414ab764559a59136f5aecbb6cfdfcff23bd3d25a1428a1391b53c,38,D
S1,1890,ieee_dataport/LoRa_RFFI-main/LoRa_RFFI/dataset/Test/channel_problem/D.h5,1484,,f0083270fbb7b6ae7ec4e83f0dc26c87623b5ef7ec418253f2c0643d06878431,38,D
S1,1891,ieee_dataport/LoRa_RFFI-main/LoRa_RFFI/dataset/Test/channel_problem/D.h5,1487,,1b82efcea9715fd23696bd884c2e864ef487fb0a6ae1ef1882a2c83c2e7fd831,38,D
S1,1892,ieee_dataport/LoRa_RFFI-main/LoRa_RFFI/dataset/Test/channel_problem/D.h5,1492,,889894d92e49e7bcc73ea70f8cd9eb672c67032d7e541c17dc6b4f1450e1120c,38,D
S1,1893,ieee_dataport/LoRa_RFFI-main/LoRa_RFFI/dataset/Test/channel_problem/D.h5,1493,,e2873d1f0d2d1c024bd161c42ecfa34fa2ba2f036c60dd02484efea71943b28c,38,D
S1,1894,ieee_dataport/LoRa_RFFI-main/LoRa_RFFI/dataset/Test/channel_problem/D.h5,1508,,20585e5c667aa28f307fdcb66c4b611be43040e4fa06fe478a7ce27b5044d5b4,38,D
S1,1895,ieee_dataport/LoRa_RFFI-main/LoRa_RFFI/dataset/Test/channel_problem/D.h5,1512,,0e0f2a736e1bcd6065e99f127145f27a2f9e2ecd397fcdc9a7571ef3a0274854,38,D
S1,1896,ieee_dataport/LoRa_RFFI-main/LoRa_RFFI/dataset/Test/channel_problem/D.h5,1517,,d2cb5efe7cf2a420cb21d4b60895ed85c9a84d157c516b7ef5ee17a93581fdb4,38,D
S1,1897,ieee_dataport/LoRa_RFFI-main/LoRa_RFFI/dataset/Test/channel_problem/D.h5,1520,,e7d753a6c77361527316a637e681ad88e281f1503b656691dded10418c3dd39f,38,D
S1,1898,ieee_dataport/LoRa_RFFI-main/LoRa_RFFI/dataset/Test/channel_problem/D.h5,1529,,a0457f0b79ccf9a4f0b565a87bed5375207d758b4f11a61c98333a896b73e256,38,D
S1,1899,ieee_dataport/LoRa_RFFI-main/LoRa_RFFI/dataset/Test/channel_problem/D.h5,1530,,7d9f6db86a1a9632b0113f6ad5b118cc33bf797bb9e2b87a9731fb44ca3cd4ff,38,D
S1,1900,ieee_dataport/LoRa_RFFI-main/LoRa_RFFI/dataset/Test/channel_problem/D.h5,1531,,667a7a070d708a74a0d2bc026e8b8dc65328b9c6c1bed7b2b7af6577b0007bb5,38,D
S1,1901,ieee_dataport/LoRa_RFFI-main/LoRa_RFFI/dataset/Test/channel_problem/D.h5,1539,,6ac21b4fd9420de245a83b1c6a940c27dfcebc14256a88e1078c5d901c92f8bb,38,D
S1,1902,ieee_dataport/LoRa_RFFI-main/LoRa_RFFI/dataset/Test/channel_problem/D.h5,1540,,a860893dd751ade0bd09e4c60abe611bbb8a6419ce36447e1b8d7a0ef221b110,38,D
S1,1903,ieee_dataport/LoRa_RFFI-main/LoRa_RFFI/dataset/Test/channel_problem/D.h5,1542,,5d070c5046d8ad35eaaf77abfb2f89d35d101677ed00f7732e2e378ac71773ba,38,D
S1,1904,ieee_dataport/LoRa_RFFI-main/LoRa_RFFI/dataset/Test/channel_problem/D.h5,1543,,eaef0fc7103890657fcd174c9e288e1821ae46424c7db3408d7f817291f4be12,38,D
S1,1905,ieee_dataport/LoRa_RFFI-main/LoRa_RFFI/dataset/Test/channel_problem/D.h5,1546,,650d5b4f6cd0399aad3caff640459151f0b8507d07d5b28d246fa94ffbaa5970,38,D
S1,1906,ieee_dataport/LoRa_RFFI-main/LoRa_RFFI/dataset/Test/channel_problem/D.h5,1547,,784c8bafe512f6d09d96d4d5107ececf7dc92abe604549964ae863e5e9ed2d9d,38,D
S1,1907,ieee_dataport/LoRa_RFFI-main/LoRa_RFFI/dataset/Test/channel_problem/D.h5,1550,,da1438914d37fdb8a253ce5b8531f336bdf0c6c51ef35d71fc54c0989e587286,38,D
S1,1908,ieee_dataport/LoRa_RFFI-main/LoRa_RFFI/dataset/Test/channel_problem/D.h5,1551,,8b8bece60274dac9a9bdeb6bc6cbfbcd9168f89ec5c23b5cc5bb26eb109726cb,38,D
S1,1909,ieee_dataport/LoRa_RFFI-main/LoRa_RFFI/dataset/Test/channel_problem/D.h5,1557,,661ea5dc07e017961b97286faa00d2cc00463c8a7a1d4718ecd9dce92a6aebee,38,D
S1,1910,ieee_dataport/LoRa_RFFI-main/LoRa_RFFI/dataset/Test/channel_problem/D.h5,1559,,d68cb777ce003720d9e411506c8e8497dacf47190996eccbb5957dfa23f14399,38,D
S1,1911,ieee_dataport/LoRa_RFFI-main/LoRa_RFFI/dataset/Test/channel_problem/D.h5,1571,,80833ce99af7b321358cf217fd52f665c8186c659b8d83edfd94c78cc97076b6,38,D
S1,1912,ieee_dataport/LoRa_RFFI-main/LoRa_RFFI/dataset/Test/channel_problem/D.h5,1579,,d0284ab54f467c8a4ee9836c25dcfa23c5d97f35b3b44ed4df9efd079d07b05c,38,D
S1,1913,ieee_dataport/LoRa_RFFI-main/LoRa_RFFI/dataset/Test/channel_problem/D.h5,1581,,9fb577b273d3922e6d7655afdca7f12fd61ccf251e4f7bf6638cb096614f97f5,38,D
S1,1914,ieee_dataport/LoRa_RFFI-main/LoRa_RFFI/dataset/Test/channel_problem/D.h5,1583,,27f9a2152fdcf346f8d6dd7bdf6bca0891e3e4fcd8963432a3074affa798ff9d,38,D
S1,1915,ieee_dataport/LoRa_RFFI-main/LoRa_RFFI/dataset/Test/channel_problem/D.h5,1584,,e22a06cc1b39daaae5301aa53f616efd6a6d9542b262006bf93750bc6850f517,38,D
S1,1916,ieee_dataport/LoRa_RFFI-main/LoRa_RFFI/dataset/Test/channel_problem/D.h5,1588,,5f4bc63274efb6e7410d3bc33f13c5a94a116fe758ba252e580761ff6448289a,38,D
S1,1917,ieee_dataport/LoRa_RFFI-main/LoRa_RFFI/dataset/Test/channel_problem/D.h5,1592,,dccb226380d3ec65995d716aabc9a93c61c77666455189a826628aa3fa7263c1,38,D
S1,1918,ieee_dataport/LoRa_RFFI-main/LoRa_RFFI/dataset/Test/channel_problem/D.h5,1593,,95eb6b15f9cf37a300ab4f4cde65dcdabafc6cdcc0d18771f75020af9802d053,38,D
S1,1919,ieee_dataport/LoRa_RFFI-main/LoRa_RFFI/dataset/Test/channel_problem/D.h5,1598,,f06f2283481f5e8c9eb58fada9e2715240f6c9a626b18fb282a8c7d1caa1107b,38,D
S1,1920,ieee_dataport/LoRa_RFFI-main/LoRa_RFFI/dataset/Test/channel_problem/D.h5,1600,,b4ef26fe4a54c80b23306b3a771a01302b12dac56a03a93c1042df6a27d77246,39,D
S1,1921,ieee_dataport/LoRa_RFFI-main/LoRa_RFFI/dataset/Test/channel_problem/D.h5,1602,,9355e6ef01efef0ebb408ade5e6c2dad3c991471e7b84eef46dc704a4cbbd3fc,39,D
S1,1922,ieee_dataport/LoRa_RFFI-main/LoRa_RFFI/dataset/Test/channel_problem/D.h5,1604,,c6caf1f8611b357afd8a41c03cc059c852f28d4c25fcc77f1a1767041d926dfb,39,D
S1,1923,ieee_dataport/LoRa_RFFI-main/LoRa_RFFI/dataset/Test/channel_problem/D.h5,1611,,4256a5f29f7aaaccdd4229e477d672444bcfe00cdfe9ab0c8431e2e9bd50b1e1,39,D
S1,1924,ieee_dataport/LoRa_RFFI-main/LoRa_RFFI/dataset/Test/channel_problem/D.h5,1616,,c1bb3c5a1f81aad037ab03dde7a913d51b305e847b1d309b32576a296cfa062e,39,D
S1,1925,ieee_dataport/LoRa_RFFI-main/LoRa_RFFI/dataset/Test/channel_problem/D.h5,1622,,6ae87000cc24c6a4bace45622e91b587320606360ebfc5bfdb2b589227f21ca3,39,D
S1,1926,ieee_dataport/LoRa_RFFI-main/LoRa_RFFI/dataset/Test/channel_problem/D.h5,1624,,3e5cb2f630f82d104ec18bcd028aa4f691e4f8885a6fa80c707ded9b959d3fbb,39,D
S1,1927,ieee_dataport/LoRa_RFFI-main/LoRa_RFFI/dataset/Test/channel_problem/D.h5,1627,,7cc4c57ce942154c7f4f9b38d41aeada8409d98a0ad736af32f61fd4e1af28a2,39,D
S1,1928,ieee_dataport/LoRa_RFFI-main/LoRa_RFFI/dataset/Test/channel_problem/D.h5,1629,,f2383e4a5b30c8e5f5e4260efd22a99ae818a6a75c93845d4b1873c5d8c30ba2,39,D
S1,1929,ieee_dataport/LoRa_RFFI-main/LoRa_RFFI/dataset/Test/channel_problem/D.h5,1636,,0d5c2a0397bfca7307b6ede8ad532ed0cd537fcf35333f44a628c0f982ab5fd4,39,D
S1,1930,ieee_dataport/LoRa_RFFI-main/LoRa_RFFI/dataset/Test/channel_problem/D.h5,1638,,afe7b43e59d18869a22c96519e621f97ee5970da139a724104d2cb04d4f74b50,39,D
S1,1931,ieee_dataport/LoRa_RFFI-main/LoRa_RFFI/dataset/Test/channel_problem/D.h5,1640,,5ebb1138f350c11660b7c1cbafbbe9d037b1d074d6c91599780f6b48fe11770d,39,D
S1,1932,ieee_dataport/LoRa_RFFI-main/LoRa_RFFI/dataset/Test/channel_problem/D.h5,1649,,c8fd55fa888dd837b0d3d2762d9ecab075513062809dbceee4d6ca26e2c36269,39,D
S1,1933,ieee_dataport/LoRa_RFFI-main/LoRa_RFFI/dataset/Test/channel_problem/D.h5,1651,,efaf4db794fa85b05ff3dd0f598cf77811763ac56e0522df62fc8d96b06f4717,39,D
S1,1934,ieee_dataport/LoRa_RFFI-main/LoRa_RFFI/dataset/Test/channel_problem/D.h5,1652,,a78b33491f454fad6a3cfc1cd50addcdf1cc9c72384b3f63753b4f5b4ccd4d5a,39,D
S1,1935,ieee_dataport/LoRa_RFFI-main/LoRa_RFFI/dataset/Test/channel_problem/D.h5,1671,,d496ea1a1aee8a09bb11c1cf52a60152e996824bd3b74bf3a18f4a7e53a61d26,39,D
S1,1936,ieee_dataport/LoRa_RFFI-main/LoRa_RFFI/dataset/Test/channel_problem/D.h5,1673,,15d3fab638f3c309a49ef3ec6859e33a5b4bde790be562ce9a998b59bf577709,39,D
S1,1937,ieee_dataport/LoRa_RFFI-main/LoRa_RFFI/dataset/Test/channel_problem/D.h5,1674,,08c3d2a23a712c094d31c8106d5f1af750b5b92ab0819ee2fab51340e6d20d07,39,D
S1,1938,ieee_dataport/LoRa_RFFI-main/LoRa_RFFI/dataset/Test/channel_problem/D.h5,1694,,a569e1f752ca3e0eef7a9ceedc4e65e9f05c5872ac19fcf5c54aac16719f950f,39,D
S1,1939,ieee_dataport/LoRa_RFFI-main/LoRa_RFFI/dataset/Test/channel_problem/D.h5,1706,,7b06c2af436091f1ee3dbe3b015e09def52c1812fb200f7569b031867a3e95e6,39,D
S1,1940,ieee_dataport/LoRa_RFFI-main/LoRa_RFFI/dataset/Test/channel_problem/D.h5,1709,,cbbeea89cf7a7618b97f675b8975e2df25c0f7a745b97bc5db6fcc70617094fa,39,D
S1,1941,ieee_dataport/LoRa_RFFI-main/LoRa_RFFI/dataset/Test/channel_problem/D.h5,1710,,f27ed94beb0ab8dab2c3eaa7417c8d3aa4b8b279cb9266c94a99bbacddecb0ac,39,D
S1,1942,ieee_dataport/LoRa_RFFI-main/LoRa_RFFI/dataset/Test/channel_problem/D.h5,1711,,e8c21e600304c020b77058e6f25f069afead3658290ceec58d67af46961bc6d8,39,D
S1,1943,ieee_dataport/LoRa_RFFI-main/LoRa_RFFI/dataset/Test/channel_problem/D.h5,1715,,1ce6d680ae887625ab47a76a96db4c197267b33480f2bdf82ce25bd7933c3a65,39,D
S1,1944,ieee_dataport/LoRa_RFFI-main/LoRa_RFFI/dataset/Test/channel_problem/D.h5,1723,,e4e0e7bb9032fa41616a97fb87a6977f9603d0951d02c9509823a54286fb0994,39,D
S1,1945,ieee_dataport/LoRa_RFFI-main/LoRa_RFFI/dataset/Test/channel_problem/D.h5,1731,,319cd1f660afc9fd9bfdea1ed382210b5890b4c8dd380261b91b5b0a256af0bd,39,D
S1,1946,ieee_dataport/LoRa_RFFI-main/LoRa_RFFI/dataset/Test/channel_problem/D.h5,1732,,5de76a451a7cc188a2384cf039b74871142f6387e6be6bb91b8588487692f3ba,39,D
S1,1947,ieee_dataport/LoRa_RFFI-main/LoRa_RFFI/dataset/Test/channel_problem/D.h5,1738,,3a72d09843ee93f075eeda5123966f07854a2ab238d062d0ac220235b17371f9,39,D
S1,1948,ieee_dataport/LoRa_RFFI-main/LoRa_RFFI/dataset/Test/channel_problem/D.h5,1739,,e5cdaf0201ea0f94487b6a90b26f0e666a3213418cc8e9baaf93c4b9184f76f8,39,D
S1,1949,ieee_dataport/LoRa_RFFI-main/LoRa_RFFI/dataset/Test/channel_problem/D.h5,1745,,8896c73188d29dd84c8395860c251415a24520bb5339949a197cb04c128ac012,39,D
S1,1950,ieee_dataport/LoRa_RFFI-main/LoRa_RFFI/dataset/Test/channel_problem/D.h5,1761,,3816673f6a3eab9df331c4e68966883c3937cfcb898cf5c18dc8fd6266988b5f,39,D
S1,1951,ieee_dataport/LoRa_RFFI-main/LoRa_RFFI/dataset/Test/channel_problem/D.h5,1764,,5a5e37a29a86deee4c52de4bf14d176bc3b1ff483bfa030a39033f201d9014c5,39,D
S1,1952,ieee_dataport/LoRa_RFFI-main/LoRa_RFFI/dataset/Test/channel_problem/D.h5,1769,,2432e9d3464c191ffc0db042bf60b8d226628531004ef9764bac4002642fbcec,39,D
S1,1953,ieee_dataport/LoRa_RFFI-main/LoRa_RFFI/dataset/Test/channel_problem/D.h5,1770,,35bd68ed133d05e35c1502f006bef0610394b83c980de93972a62e47927a9580,39,D
S1,1954,ieee_dataport/LoRa_RFFI-main/LoRa_RFFI/dataset/Test/channel_problem/D.h5,1771,,c4616008d800a55a2fbba98db8fa44dfe430de219f17861a3f97246300e5cf35,39,D
S1,1955,ieee_dataport/LoRa_RFFI-main/LoRa_RFFI/dataset/Test/channel_problem/D.h5,1774,,05f31946dd7a79893cee14557dfd86a3a5c25f2d779b92bb321a4b54f485adc6,39,D
S1,1956,ieee_dataport/LoRa_RFFI-main/LoRa_RFFI/dataset/Test/channel_problem/D.h5,1778,,fc7163f040289927ccd38f753b2b5487a13510ef6e7726b3ea31cea1f1f488f2,39,D
S1,1957,ieee_dataport/LoRa_RFFI-main/LoRa_RFFI/dataset/Test/channel_problem/D.h5,1781,,a0fb92fa6f56e30217de91e8ff705a28ffe9b2429a0e05532008d0ed355055d9,39,D
S1,1958,ieee_dataport/LoRa_RFFI-main/LoRa_RFFI/dataset/Test/channel_problem/D.h5,1789,,377b6a1ba3b37a76367fb9568026c234feb09518f535f7a4f94295887ba69e45,39,D
S1,1959,ieee_dataport/LoRa_RFFI-main/LoRa_RFFI/dataset/Test/channel_problem/D.h5,1793,,a345c5e387d61264db3ff59e445edc3cf52e61f889ed65e8feac8b51dd9b8736,39,D
S1,1960,ieee_dataport/LoRa_RFFI-main/LoRa_RFFI/dataset/Test/channel_problem/D.h5,1805,,4fdb0d1fab4a52aa56ad25cae59397a1322210925aaf04769964f371696e926d,40,D
S1,1961,ieee_dataport/LoRa_RFFI-main/LoRa_RFFI/dataset/Test/channel_problem/D.h5,1817,,f63892b8df43b6f5586b0d47b20c954dcb8305c07ade8d715e7bbcbdefc2eed8,40,D
S1,1962,ieee_dataport/LoRa_RFFI-main/LoRa_RFFI/dataset/Test/channel_problem/D.h5,1819,,a7cde327a0b6fc08dd1023f529570192826b948e6c85af7476b9d5bcb8fc69e0,40,D
S1,1963,ieee_dataport/LoRa_RFFI-main/LoRa_RFFI/dataset/Test/channel_problem/D.h5,1820,,cdf9ccf35942b083cbdcecfdfbfed5721aa58d9d68265b9d6d43b5421fb1238f,40,D
S1,1964,ieee_dataport/LoRa_RFFI-main/LoRa_RFFI/dataset/Test/channel_problem/D.h5,1827,,5111432d79a174df8ddf9a3bb4af6702463b972b59bb45ea0613ec78f2b452f3,40,D
S1,1965,ieee_dataport/LoRa_RFFI-main/LoRa_RFFI/dataset/Test/channel_problem/D.h5,1831,,37a897ca73d3148ef17e76b74171903f8fde0720874d826ba6602018163ded3c,40,D
S1,1966,ieee_dataport/LoRa_RFFI-main/LoRa_RFFI/dataset/Test/channel_problem/D.h5,1835,,dfcf4cbb52a1904c377dc99d8e9f92b2282601a23f80eecc8de76c877cba71b3,40,D
S1,1967,ieee_dataport/LoRa_RFFI-main/LoRa_RFFI/dataset/Test/channel_problem/D.h5,1841,,f6538d0cd9d83fb0ca05e9c54d505806a452afa17f4a5ddd9873604df1026557,40,D
S1,1968,ieee_dataport/LoRa_RFFI-main/LoRa_RFFI/dataset/Test/channel_problem/D.h5,1846,,9e86cd2ddc9c016c61233839252898278b8479be340094e9c13458ed431dd7dc,40,D
S1,1969,ieee_dataport/LoRa_RFFI-main/LoRa_RFFI/dataset/Test/channel_problem/D.h5,1849,,a8ad90b1e0ab4affe1302ec37b0875e41831d2981ba4140483fcd079f3e06f31,40,D
S1,1970,ieee_dataport/LoRa_RFFI-main/LoRa_RFFI/dataset/Test/channel_problem/D.h5,1854,,e6d96c88b63cf55490448a5d36d9077a84ffc9ae863615adeeabbe9df0f50921,40,D
S1,1971,ieee_dataport/LoRa_RFFI-main/LoRa_RFFI/dataset/Test/channel_problem/D.h5,1867,,70a8a3ff9573effa65b292ada5723a9afb9c11118bd7a1eaa0d787677d543c5f,40,D
S1,1972,ieee_dataport/LoRa_RFFI-main/LoRa_RFFI/dataset/Test/channel_problem/D.h5,1870,,bc97de9c6cd92daba311a1b802955aec1c76eaa3782b37d4b764d5801aacc627,40,D
S1,1973,ieee_dataport/LoRa_RFFI-main/LoRa_RFFI/dataset/Test/channel_problem/D.h5,1873,,07d5012bdd027f7c48b99bcb0a5ebb2fd47988be48508ac53c06d7f3bce12f46,40,D
S1,1974,ieee_dataport/LoRa_RFFI-main/LoRa_RFFI/dataset/Test/channel_problem/D.h5,1884,,2273ebab324769216908faa9f9aea7f28fa80899f296414c4eff1ba54d9b1e13,40,D
S1,1975,ieee_dataport/LoRa_RFFI-main/LoRa_RFFI/dataset/Test/channel_problem/D.h5,1893,,9cdefc78d0a210e71e1124f68fc1bb5a9bbd5ef27c720ddc39fe45ef66bd7bf4,40,D
S1,1976,ieee_dataport/LoRa_RFFI-main/LoRa_RFFI/dataset/Test/channel_problem/D.h5,1897,,b28a50a7b396d0b52d975d005727bcc62b84a1d3b6e5ee09fcfea0c3a5a42444,40,D
S1,1977,ieee_dataport/LoRa_RFFI-main/LoRa_RFFI/dataset/Test/channel_problem/D.h5,1913,,e47a8a9b7b9d91c6184b8e1bb101c37bd1a5be5d5ce8c3453f5ccc2df64ba494,40,D
S1,1978,ieee_dataport/LoRa_RFFI-main/LoRa_RFFI/dataset/Test/channel_problem/D.h5,1918,,fe3418d24fa0a289421a3f076f6a4b181177d520cd6dc1ee25a3241beaee7945,40,D
S1,1979,ieee_dataport/LoRa_RFFI-main/LoRa_RFFI/dataset/Test/channel_problem/D.h5,1919,,4479718d350f91b4ca3beadb1a4196ae9389bdd5e8978fa25c3c5113c33e8680,40,D
S1,1980,ieee_dataport/LoRa_RFFI-main/LoRa_RFFI/dataset/Test/channel_problem/D.h5,1920,,778e7e13485eb7deeb2089dc61b20a3e0e5841ca07109f491945f9cab0e2fa46,40,D
S1,1981,ieee_dataport/LoRa_RFFI-main/LoRa_RFFI/dataset/Test/channel_problem/D.h5,1923,,8ed8ce49539168d5345361684b29e9eaa99f97562fc8e5aed791e356aefaff98,40,D
S1,1982,ieee_dataport/LoRa_RFFI-main/LoRa_RFFI/dataset/Test/channel_problem/D.h5,1929,,4133732e8154700ed2809305fe31815088aaa72a06357324a294400bfa751f07,40,D
S1,1983,ieee_dataport/LoRa_RFFI-main/LoRa_RFFI/dataset/Test/channel_problem/D.h5,1932,,6023d3bfe2f0ce03ea3cd07352e14a83b7f5040a1ca6e8ba5828ae8bd044437f,40,D
S1,1984,ieee_dataport/LoRa_RFFI-main/LoRa_RFFI/dataset/Test/channel_problem/D.h5,1937,,240be72aa4f466be19b869c09b7bab72133511694009beba5684afba0621daf3,40,D
S1,1985,ieee_dataport/LoRa_RFFI-main/LoRa_RFFI/dataset/Test/channel_problem/D.h5,1938,,8890e13a6afcf4dc43eb93d68e1c4be512a077d9eb8787f86065a83ce70ea4af,40,D
S1,1986,ieee_dataport/LoRa_RFFI-main/LoRa_RFFI/dataset/Test/channel_problem/D.h5,1942,,d98ad977aea771b008dbdb3f9b67c6b0a4b73b7ad9194372b1ae64a65e8192cc,40,D
S1,1987,ieee_dataport/LoRa_RFFI-main/LoRa_RFFI/dataset/Test/channel_problem/D.h5,1944,,44fe66f844e9c75f44bc050b785ade4efb712998ea2f988bfcf07b39c644052e,40,D
S1,1988,ieee_dataport/LoRa_RFFI-main/LoRa_RFFI/dataset/Test/channel_problem/D.h5,1947,,4e7a63aea10b81a0895e68544c9caad9532d51eeaf5bce072572fe17ef1a9462,40,D
S1,1989,ieee_dataport/LoRa_RFFI-main/LoRa_RFFI/dataset/Test/channel_problem/D.h5,1948,,87316a6a6e41613d0d664d1817bae8534c91350a0274b912673299c05411b56c,40,D
S1,1990,ieee_dataport/LoRa_RFFI-main/LoRa_RFFI/dataset/Test/channel_problem/D.h5,1953,,f76b0a7396b3b39679e4035e1be07e519fa9b7f1cb572dd83b4461f3bf4af2a8,40,D
S1,1991,ieee_dataport/LoRa_RFFI-main/LoRa_RFFI/dataset/Test/channel_problem/D.h5,1959,,255beefa5f720698322ca645618a87a0fa133d050949cc2e64237a9afdbf4405,40,D
S1,1992,ieee_dataport/LoRa_RFFI-main/LoRa_RFFI/dataset/Test/channel_problem/D.h5,1960,,0798e44dd8a208149732ac2c7b079f625c2c1a3dac1e358f60da06264d22a9c8,40,D
S1,1993,ieee_dataport/LoRa_RFFI-main/LoRa_RFFI/dataset/Test/channel_problem/D.h5,1963,,4b2d1961f4275ee70e4c6fb79b7d458246162f1e9c029460639863a32d155001,40,D
S1,1994,ieee_dataport/LoRa_RFFI-main/LoRa_RFFI/dataset/Test/channel_problem/D.h5,1969,,964dd91ae6d063b58fd588d6fac2540fde2ca8ec26e30b4696c57d2ccbedb9d3,40,D
S1,1995,ieee_dataport/LoRa_RFFI-main/LoRa_RFFI/dataset/Test/channel_problem/D.h5,1971,,05b6b37a8fd6a6d4ea3095e820e82aca55488ddf9a673aa838c7a30a00cfb49c,40,D
S1,1996,ieee_dataport/LoRa_RFFI-main/LoRa_RFFI/dataset/Test/channel_problem/D.h5,1976,,e85fdc0762e69662650432571cebcbdda092414ed908cf30749eed968ce3b2e3,40,D
S1,1997,ieee_dataport/LoRa_RFFI-main/LoRa_RFFI/dataset/Test/channel_problem/D.h5,1983,,6e06ee4772ffe8414922386fdfb28646115bef677b8475df63edb988955c7397,40,D
S1,1998,ieee_dataport/LoRa_RFFI-main/LoRa_RFFI/dataset/Test/channel_problem/D.h5,1990,,9e5928509d3088e5fc1ab8f5da0de8667a0c06ee11a44fabd8eabd718aba2a26,40,D
S1,1999,ieee_dataport/LoRa_RFFI-main/LoRa_RFFI/dataset/Test/channel_problem/D.h5,1993,,f199f8f7d162be6a2d415cb25313a6eafc823618d4938008d61bfc7f0543fbfa,40,D
S1,2000,ieee_dataport/LoRa_RFFI-main/LoRa_RFFI/dataset/Test/channel_problem/E.h5,12,,7af0e0eb0119bf4153ebb4f08689aadd173a3aac5eb7782606ea4d528ebb5446,31,E
S1,2001,ieee_dataport/LoRa_RFFI-main/LoRa_RFFI/dataset/Test/channel_problem/E.h5,13,,29c4539a5522b4a56808726d1bd0e618443e4ab12245660b5da2c8e73e9405e9,31,E
S1,2002,ieee_dataport/LoRa_RFFI-main/LoRa_RFFI/dataset/Test/channel_problem/E.h5,16,,3df5cefda241fbfe8abdd2fe22b89a983f83d41ab8b8062da49a21020c0dce65,31,E
S1,2003,ieee_dataport/LoRa_RFFI-main/LoRa_RFFI/dataset/Test/channel_problem/E.h5,21,,09b920c5ce561fcafc5983c01d990cbf09ba04009fbdac82b2b5fab6214e0f7c,31,E
S1,2004,ieee_dataport/LoRa_RFFI-main/LoRa_RFFI/dataset/Test/channel_problem/E.h5,22,,229abb6d773b59a227044cf789848e066602d8d6e0415b42a67f2a53ddbd5fd3,31,E
S1,2005,ieee_dataport/LoRa_RFFI-main/LoRa_RFFI/dataset/Test/channel_problem/E.h5,27,,67d634937cca011c13b70b6ff02b2cf2cf1bac7c3c193384a2b700a24e5d2e6d,31,E
S1,2006,ieee_dataport/LoRa_RFFI-main/LoRa_RFFI/dataset/Test/channel_problem/E.h5,28,,98590dad76aceb0eb32f70da0ed6fb31c5dc313af9d26bce2027d5a3f92b4920,31,E
S1,2007,ieee_dataport/LoRa_RFFI-main/LoRa_RFFI/dataset/Test/channel_problem/E.h5,36,,031f9e469dececb0e43b965fde4679ba3818cab7c860e7596a4a20c23846ece6,31,E
S1,2008,ieee_dataport/LoRa_RFFI-main/LoRa_RFFI/dataset/Test/channel_problem/E.h5,45,,7857adb6d6c5b2740f9eeaa70453a7de61bae2e3ba2b47b433a17e66326b090a,31,E
S1,2009,ieee_dataport/LoRa_RFFI-main/LoRa_RFFI/dataset/Test/channel_problem/E.h5,48,,6ed2b2c44441367d7d7234dca1b2a9c9d43f2ba6420028abb93e12c03a711240,31,E
S1,2010,ieee_dataport/LoRa_RFFI-main/LoRa_RFFI/dataset/Test/channel_problem/E.h5,49,,d4c27bb75a43b76fd3210ba2801cb9faaa78593d23dcbc5fdacfa8638d9b6cf2,31,E
S1,2011,ieee_dataport/LoRa_RFFI-main/LoRa_RFFI/dataset/Test/channel_problem/E.h5,52,,9ebf71dea4a3c0f09ccc2308222450ce59cd2dd5402d7a0af92a9a129e2829f6,31,E
S1,2012,ieee_dataport/LoRa_RFFI-main/LoRa_RFFI/dataset/Test/channel_problem/E.h5,53,,c9b75c96697635721cc03cb8db596ea10bd626b418da840906a82277ab7a163f,31,E
S1,2013,ieee_dataport/LoRa_RFFI-main/LoRa_RFFI/dataset/Test/channel_problem/E.h5,63,,0f8bdf118cc9407060f828a33d286e68ebfc6ade21455024b3b22eb9e46d4fb8,31,E
S1,2014,ieee_dataport/LoRa_RFFI-main/LoRa_RFFI/dataset/Test/channel_problem/E.h5,66,,cad9f36dced42ffae14105299d4911648da4302ac0b8fff7f6ca8a9baaeabee7,31,E
S1,2015,ieee_dataport/LoRa_RFFI-main/LoRa_RFFI/dataset/Test/channel_problem/E.h5,69,,152dc3f16122b4f9f2cab6c4d250604f676cd935866a779e76f23936564bd7aa,31,E
S1,2016,ieee_dataport/LoRa_RFFI-main/LoRa_RFFI/dataset/Test/channel_problem/E.h5,73,,0779dba6b45fab27691821d91266c6a8548438c6565bea5b65892428bc378854,31,E
S1,2017,ieee_dataport/LoRa_RFFI-main/LoRa_RFFI/dataset/Test/channel_problem/E.h5,82,,6f3796baf0eb40f110058ae434a1e570808c0dde6cb6b3f39ecaa8d6e5eddf81,31,E
S1,2018,ieee_dataport/LoRa_RFFI-main/LoRa_RFFI/dataset/Test/channel_problem/E.h5,83,,b4f8befb3b4055c86ef3928090cdc70dc479eb1fa80e9289258de4d1a451b134,31,E
S1,2019,ieee_dataport/LoRa_RFFI-main/LoRa_RFFI/dataset/Test/channel_problem/E.h5,85,,77db18a7159a17176130931a8ad06ef445388856ea2ab93e9f9a80d7c2e774df,31,E
S1,2020,ieee_dataport/LoRa_RFFI-main/LoRa_RFFI/dataset/Test/channel_problem/E.h5,99,,84dc93d9b9c2c75ce23e92facc0c0a4cb96be43c8348c090019e9316f4f6b382,31,E
S1,2021,ieee_dataport/LoRa_RFFI-main/LoRa_RFFI/dataset/Test/channel_problem/E.h5,103,,fb4474213c2975367f982d5a03b0421547378ac640c0adeb86c2cffd5bb695ee,31,E
S1,2022,ieee_dataport/LoRa_RFFI-main/LoRa_RFFI/dataset/Test/channel_problem/E.h5,107,,2e719f76a1819d1765f720a82ae2e81cde06d97b83a07b537937e3f4809a3601,31,E
S1,2023,ieee_dataport/LoRa_RFFI-main/LoRa_RFFI/dataset/Test/channel_problem/E.h5,108,,95beba901e0b88bdc8ed0d3b1d6f1fd2f814b44561aed98b09ac77549cca77de,31,E
S1,2024,ieee_dataport/LoRa_RFFI-main/LoRa_RFFI/dataset/Test/channel_problem/E.h5,112,,49ee5e8bdd70e48fe8558aec6f718498d7e42ef0e146655a9e0afb0390a003ed,31,E
S1,2025,ieee_dataport/LoRa_RFFI-main/LoRa_RFFI/dataset/Test/channel_problem/E.h5,117,,a66366306246cc017b3d0939e5440555a2787bfb4f46c75848956cff4e1b4b93,31,E
S1,2026,ieee_dataport/LoRa_RFFI-main/LoRa_RFFI/dataset/Test/channel_problem/E.h5,120,,5075740ea28d1221d74251e742a3fc858d461038d1b5009622884399f204d471,31,E
S1,2027,ieee_dataport/LoRa_RFFI-main/LoRa_RFFI/dataset/Test/channel_problem/E.h5,123,,4668b65163cebcdbc0b5b2ff32035dbd63291767e1ae59fd3a7b972c470cd1ff,31,E
S1,2028,ieee_dataport/LoRa_RFFI-main/LoRa_RFFI/dataset/Test/channel_problem/E.h5,130,,8596f87ff47162a597176a17167626a11f0668a78694d6dc373c20f98816107b,31,E
S1,2029,ieee_dataport/LoRa_RFFI-main/LoRa_RFFI/dataset/Test/channel_problem/E.h5,131,,48a38fb39544184ea8860bfe8eddd73453470f636ca44d20af7b4c841019f421,31,E
S1,2030,ieee_dataport/LoRa_RFFI-main/LoRa_RFFI/dataset/Test/channel_problem/E.h5,135,,5baaac8ca2141815ce7fe76fa59d92e72fae147789e8c81e2babded9c6ed0aba,31,E
S1,2031,ieee_dataport/LoRa_RFFI-main/LoRa_RFFI/dataset/Test/channel_problem/E.h5,138,,40255cf10e50df69038db18acc0cd8918792204ae1a0d3589335eb42acd8792d,31,E
S1,2032,ieee_dataport/LoRa_RFFI-main/LoRa_RFFI/dataset/Test/channel_problem/E.h5,151,,07ccf8fd5e1b60fe7b4f9fd8827a616b6d533f25fd26ce1391101190e9672959,31,E
S1,2033,ieee_dataport/LoRa_RFFI-main/LoRa_RFFI/dataset/Test/channel_problem/E.h5,156,,a5ed9a60abd5ff137a8ce48f0d824b277912bc3bc55f6d554873d99625431133,31,E
S1,2034,ieee_dataport/LoRa_RFFI-main/LoRa_RFFI/dataset/Test/channel_problem/E.h5,168,,b54119608d3bfd61ca9d2b8b806defa890e0053f3e27462dd647473c17e43b2a,31,E
S1,2035,ieee_dataport/LoRa_RFFI-main/LoRa_RFFI/dataset/Test/channel_problem/E.h5,176,,2e897b27504e5c48b66b40d7518f7ad1442967c2be419cf219766a2012af76a6,31,E
S1,2036,ieee_dataport/LoRa_RFFI-main/LoRa_RFFI/dataset/Test/channel_problem/E.h5,179,,14fc619dd8eac648e0b65354cc41eaa642e812d1190ffd85427ac944f19f75e4,31,E
S1,2037,ieee_dataport/LoRa_RFFI-main/LoRa_RFFI/dataset/Test/channel_problem/E.h5,183,,4a532126860f91a5600530eabeae1205de8043d65c3022953576b539c5084543,31,E
S1,2038,ieee_dataport/LoRa_RFFI-main/LoRa_RFFI/dataset/Test/channel_problem/E.h5,186,,997510f81c552cddcd11c5151a5891ace85400457538a15aebe0c925e711d9a8,31,E
S1,2039,ieee_dataport/LoRa_RFFI-main/LoRa_RFFI/dataset/Test/channel_problem/E.h5,199,,0e106c02cec606ba36b9b3c54f6be18dd607457d3d47f292e6696e233d1f110b,31,E
S1,2040,ieee_dataport/LoRa_RFFI-main/LoRa_RFFI/dataset/Test/channel_problem/E.h5,208,,d205f1780f2a9de0d4f66f938d90934c02311fcfd583aab891dc619a159ad3f2,32,E
S1,2041,ieee_dataport/LoRa_RFFI-main/LoRa_RFFI/dataset/Test/channel_problem/E.h5,213,,7d92dc1d58bd75c140edbb7536d30187b4677136f6d19cf803c2ad97113d61dd,32,E
S1,2042,ieee_dataport/LoRa_RFFI-main/LoRa_RFFI/dataset/Test/channel_problem/E.h5,216,,300c597c76c23981650fe203ae4d063b56545ab478ae5ed7f97db06b1d9cd3b3,32,E
S1,2043,ieee_dataport/LoRa_RFFI-main/LoRa_RFFI/dataset/Test/channel_problem/E.h5,221,,2b4f68418127fd4558f86edc97ddadb606b1755b217369e55cafd0303224279a,32,E
S1,2044,ieee_dataport/LoRa_RFFI-main/LoRa_RFFI/dataset/Test/channel_problem/E.h5,222,,358a6b67529ccf2c8540ece573a5dac4778a69c7a64dff7bf79360b4caed2765,32,E
S1,2045,ieee_dataport/LoRa_RFFI-main/LoRa_RFFI/dataset/Test/channel_problem/E.h5,227,,cf71ba13ac87895fa647fac903c4010312f5ad74988fbdc1c73e5acc9a4648c1,32,E
S1,2046,ieee_dataport/LoRa_RFFI-main/LoRa_RFFI/dataset/Test/channel_problem/E.h5,233,,ff52abcb44a2b15281e5f02b31593f262d2a8d1e28e01078e2f6cdc3e02d9f3c,32,E
S1,2047,ieee_dataport/LoRa_RFFI-main/LoRa_RFFI/dataset/Test/channel_problem/E.h5,240,,f4bc21fdea04a66ce0a31d1eba7612862faa9fb2e39fc2add73422a6425b34a7,32,E
S1,2048,ieee_dataport/LoRa_RFFI-main/LoRa_RFFI/dataset/Test/channel_problem/E.h5,245,,cb0ffb8852fd3bc604528f6c59f799058dfa65e8bc78bf115830822784211b93,32,E
S1,2049,ieee_dataport/LoRa_RFFI-main/LoRa_RFFI/dataset/Test/channel_problem/E.h5,247,,ff2280257ea4f3214898ddbebb82fbc700bd45958295eb66579df0cb3523798d,32,E
S1,2050,ieee_dataport/LoRa_RFFI-main/LoRa_RFFI/dataset/Test/channel_problem/E.h5,248,,5a9799f298ae9e243c55d79be2a8eb246dd8340302137eca767cc0a2d26a1ca6,32,E
S1,2051,ieee_dataport/LoRa_RFFI-main/LoRa_RFFI/dataset/Test/channel_problem/E.h5,253,,f525cb000e3bad816b2ca16b79dd323f3962ac004ccd281161089a72b10e4b9c,32,E
S1,2052,ieee_dataport/LoRa_RFFI-main/LoRa_RFFI/dataset/Test/channel_problem/E.h5,255,,0c9b2b6f62609958f2dc2048491281bffbe4cef7a7e73ca5b50ea4f9ae6b004e,32,E
S1,2053,ieee_dataport/LoRa_RFFI-main/LoRa_RFFI/dataset/Test/channel_problem/E.h5,259,,119fda83dd6cfc026f897425982b1a735c164e886a1bab61d6764254c5b5a5b6,32,E
S1,2054,ieee_dataport/LoRa_RFFI-main/LoRa_RFFI/dataset/Test/channel_problem/E.h5,267,,c2af8882859b1ee6add92c03908e2ce7ed670eb5592f1213033651b4d5dcd19c,32,E
S1,2055,ieee_dataport/LoRa_RFFI-main/LoRa_RFFI/dataset/Test/channel_problem/E.h5,273,,7c44d010da51274775f4a3e9b969f796187cd067c349ecaa26c3e101d5f2b018,32,E
S1,2056,ieee_dataport/LoRa_RFFI-main/LoRa_RFFI/dataset/Test/channel_problem/E.h5,278,,b9d5c7a644cf654c5a1d7896ce0e1ca5357482cf1ed1fefb034fcdce1c7a3c3f,32,E
S1,2057,ieee_dataport/LoRa_RFFI-main/LoRa_RFFI/dataset/Test/channel_problem/E.h5,282,,73d0c8111393887e22bf471cbb326335d5ebd9c1415cab166c4e9cedbd64a272,32,E
S1,2058,ieee_dataport/LoRa_RFFI-main/LoRa_RFFI/dataset/Test/channel_problem/E.h5,286,,5e793ec26808a403939e070bda838aeda651ec26c0c56170722df5b8076182c2,32,E
S1,2059,ieee_dataport/LoRa_RFFI-main/LoRa_RFFI/dataset/Test/channel_problem/E.h5,289,,b4174ee2c8c70307185bac8bdfe3a1e467385740dbde1736553141f784a50ac4,32,E
S1,2060,ieee_dataport/LoRa_RFFI-main/LoRa_RFFI/dataset/Test/channel_problem/E.h5,290,,f9816bdb91579a40b38cdd1c71a8c5b57d38fe869bf4ad6b0208e334cfdf8490,32,E
S1,2061,ieee_dataport/LoRa_RFFI-main/LoRa_RFFI/dataset/Test/channel_problem/E.h5,292,,6fbc3aba1e954019847fa4f94e333783bca6346c94ba5a7b1aa773252c12d925,32,E
S1,2062,ieee_dataport/LoRa_RFFI-main/LoRa_RFFI/dataset/Test/channel_problem/E.h5,293,,340fcd1700f2aec6127a9e89dda0f06af44325ccd5b5b6e47fdb334375698491,32,E
S1,2063,ieee_dataport/LoRa_RFFI-main/LoRa_RFFI/dataset/Test/channel_problem/E.h5,302,,8fa78bbc75e467f97f900a6c0284e61dc538bd1a33c9bad34775a538f809b7a4,32,E
S1,2064,ieee_dataport/LoRa_RFFI-main/LoRa_RFFI/dataset/Test/channel_problem/E.h5,307,,8fc1700a4a23e4b4c3f36dbce1f00f59d082e1e3403d083a00a09c3d6dd56683,32,E
S1,2065,ieee_dataport/LoRa_RFFI-main/LoRa_RFFI/dataset/Test/channel_problem/E.h5,312,,50b6c22ead0f0b81574610c7467fbf752078dcdd3242e6c4b8130627e68e7090,32,E
S1,2066,ieee_dataport/LoRa_RFFI-main/LoRa_RFFI/dataset/Test/channel_problem/E.h5,321,,802bef76010108edf35f6ab4fc2a417f433b0560da5540e5d3c15c62812a8b3f,32,E
S1,2067,ieee_dataport/LoRa_RFFI-main/LoRa_RFFI/dataset/Test/channel_problem/E.h5,325,,8dc2c358c70e65184092e1162b8bc2832e013402174bd8365c82d25a146ac1d4,32,E
S1,2068,ieee_dataport/LoRa_RFFI-main/LoRa_RFFI/dataset/Test/channel_problem/E.h5,330,,50d19546c31afd5f2938f3958e2dafe04c2668b6f089fe87fc1bf5f65a3e5ca6,32,E
S1,2069,ieee_dataport/LoRa_RFFI-main/LoRa_RFFI/dataset/Test/channel_problem/E.h5,333,,0f45f7c1c4e55b4146efa477a4acb5651fedfdd4ffb4a29c8accf4733fb2ff32,32,E
S1,2070,ieee_dataport/LoRa_RFFI-main/LoRa_RFFI/dataset/Test/channel_problem/E.h5,351,,7c9a876bb88c50811e16419158d751ae208310008df229cba0bc1c0de9080f6c,32,E
S1,2071,ieee_dataport/LoRa_RFFI-main/LoRa_RFFI/dataset/Test/channel_problem/E.h5,354,,4dc289898f985fb6fa96074f91a5113210e1693432875d75c04056b4fb385679,32,E
S1,2072,ieee_dataport/LoRa_RFFI-main/LoRa_RFFI/dataset/Test/channel_problem/E.h5,362,,b93416cd83176db2269a5805e32a86830eb028a61fdb1f3caeb9b8ea405ab16e,32,E
S1,2073,ieee_dataport/LoRa_RFFI-main/LoRa_RFFI/dataset/Test/channel_problem/E.h5,377,,360fc6f100ffa38ce7dea16c971a2ec290f8fb93e78b9e0a363cf29be1ce1e81,32,E
S1,2074,ieee_dataport/LoRa_RFFI-main/LoRa_RFFI/dataset/Test/channel_problem/E.h5,378,,88fef6dbcef7e3596360c42ea581871d5b80866beef3626b42aa2b2ae9bb2ca6,32,E
S1,2075,ieee_dataport/LoRa_RFFI-main/LoRa_RFFI/dataset/Test/channel_problem/E.h5,379,,ef8aeffb174d76a5b058e5eaf09175a3d2b3b094e78608d3952813ce38c43008,32,E
S1,2076,ieee_dataport/LoRa_RFFI-main/LoRa_RFFI/dataset/Test/channel_problem/E.h5,380,,f73b1b54450b19f17ae04ce77c3b484fbd539fac44a882140075086abc5c5d81,32,E
S1,2077,ieee_dataport/LoRa_RFFI-main/LoRa_RFFI/dataset/Test/channel_problem/E.h5,383,,76779024ae4fb3ad5c0a62b94b95c1256e23ff53f97f46daeaabdc863fe6951f,32,E
S1,2078,ieee_dataport/LoRa_RFFI-main/LoRa_RFFI/dataset/Test/channel_problem/E.h5,395,,ee9d11d2085e5b11d578c1568ea5888d706dbdce65c7ab432308223d2d1b1569,32,E
S1,2079,ieee_dataport/LoRa_RFFI-main/LoRa_RFFI/dataset/Test/channel_problem/E.h5,399,,815671984156a4c681c52a1e1413f268f56a1ecf335275288576869db7056b06,32,E
S1,2080,ieee_dataport/LoRa_RFFI-main/LoRa_RFFI/dataset/Test/channel_problem/E.h5,402,,bd6ed67b15b8beadb1506c89690095aa6eb15fbd674458db26ca4458bfb00edd,33,E
S1,2081,ieee_dataport/LoRa_RFFI-main/LoRa_RFFI/dataset/Test/channel_problem/E.h5,404,,b55cc3ca838fbf47b33989bcff41e3ece443bfe1425e7a69bd052bd7f28ebe21,33,E
S1,2082,ieee_dataport/LoRa_RFFI-main/LoRa_RFFI/dataset/Test/channel_problem/E.h5,405,,95dc5f3a355ba13fe7aeb89f789038fa8c4cbea6ba89a60e90190bb6fcfd898a,33,E
S1,2083,ieee_dataport/LoRa_RFFI-main/LoRa_RFFI/dataset/Test/channel_problem/E.h5,416,,1f370bd10244def90de400dbdc9647015196192adf78fdfad82bf09fa8e94703,33,E
S1,2084,ieee_dataport/LoRa_RFFI-main/LoRa_RFFI/dataset/Test/channel_problem/E.h5,422,,275ba3b84da49613244fc0bead7ed6c851f24af22d223d6725e605e50f0095e9,33,E
S1,2085,ieee_dataport/LoRa_RFFI-main/LoRa_RFFI/dataset/Test/channel_problem/E.h5,430,,4ca2fdbe8c689b7efd6a727fd86243be4ca86b21194b1c149fd99cd12dd7d4d4,33,E
S1,2086,ieee_dataport/LoRa_RFFI-main/LoRa_RFFI/dataset/Test/channel_problem/E.h5,436,,35d0ac15030b263d5f7f774e75a9087d762893f87995a47817eb1c9f05f8998b,33,E
S1,2087,ieee_dataport/LoRa_RFFI-main/LoRa_RFFI/dataset/Test/channel_problem/E.h5,447,,1bef2e7edd0717048c89779746a685b5e78994a3ce454db9df2b5d28342bbfd7,33,E
S1,2088,ieee_dataport/LoRa_RFFI-main/LoRa_RFFI/dataset/Test/channel_problem/E.h5,451,,a7830f040bbf07597fe532d7d56696b304dd877eb22c5e9cc21cfb92bf7eea71,33,E
S1,2089,ieee_dataport/LoRa_RFFI-main/LoRa_RFFI/dataset/Test/channel_problem/E.h5,452,,f4691d8929a11f7fd8c4af63f11dd27458d7ce64341c7244f4a1e07cb86a1b67,33,E
S1,2090,ieee_dataport/LoRa_RFFI-main/LoRa_RFFI/dataset/Test/channel_problem/E.h5,455,,fe455ce5328dc4334bdddc15413aa1c9a8cbe82e59d4c9455a50a0ee37211252,33,E
S1,2091,ieee_dataport/LoRa_RFFI-main/LoRa_RFFI/dataset/Test/channel_problem/E.h5,465,,fb617cab1a06ba30dd9183c5168984febf1854471210cb23715df827d101e76b,33,E
S1,2092,ieee_dataport/LoRa_RFFI-main/LoRa_RFFI/dataset/Test/channel_problem/E.h5,466,,0d0fa2b3648d7423d54d212e2040168f7eed15819066d6fef17e17131a672e9c,33,E
S1,2093,ieee_dataport/LoRa_RFFI-main/LoRa_RFFI/dataset/Test/channel_problem/E.h5,467,,4b81b62cead317d389d91ee5109f21c5ddfbb05c4f28456876267d4ca9cfac4e,33,E
S1,2094,ieee_dataport/LoRa_RFFI-main/LoRa_RFFI/dataset/Test/channel_problem/E.h5,468,,cc7b2be32ae164e26da92f3306ae86cec483d4f6fbd538bfdcbb1eea82ca40e1,33,E
S1,2095,ieee_dataport/LoRa_RFFI-main/LoRa_RFFI/dataset/Test/channel_problem/E.h5,473,,4858bb50467cafd7c4b125759b76558ebca6de0214082ec5846f856056314f28,33,E
S1,2096,ieee_dataport/LoRa_RFFI-main/LoRa_RFFI/dataset/Test/channel_problem/E.h5,493,,00e8a5ed3e3c72bdc8cd9cdf733ba1ca053ed4b5fbbac00408267a2118ca5e4e,33,E
S1,2097,ieee_dataport/LoRa_RFFI-main/LoRa_RFFI/dataset/Test/channel_problem/E.h5,494,,3f6980cf0701e6874ad08edca305a8ddfb8dafe4c7935f696d5aefd491e78ae5,33,E
S1,2098,ieee_dataport/LoRa_RFFI-main/LoRa_RFFI/dataset/Test/channel_problem/E.h5,498,,86d04601a06f5ec64bde01348fa6141e21524b4973063d406f88e9b8385b6350,33,E
S1,2099,ieee_dataport/LoRa_RFFI-main/LoRa_RFFI/dataset/Test/channel_problem/E.h5,505,,c80e5913564fa5272d67e8129603d654fbd4f685a0319dfed6c6c92813378cb8,33,E
S1,2100,ieee_dataport/LoRa_RFFI-main/LoRa_RFFI/dataset/Test/channel_problem/E.h5,518,,c9b224be5ded7489ac9bb37925024e1cf2e02690d95b416ede9308ffc1890e93,33,E
S1,2101,ieee_dataport/LoRa_RFFI-main/LoRa_RFFI/dataset/Test/channel_problem/E.h5,520,,9413356f74aef9c621b6729a43bdae33044322af552666ada42313864425014e,33,E
S1,2102,ieee_dataport/LoRa_RFFI-main/LoRa_RFFI/dataset/Test/channel_problem/E.h5,521,,c559bfcd4576e3ac669b7773c355aff8cae14bb2e6d5f59e7233a43cfd6e9b1d,33,E
S1,2103,ieee_dataport/LoRa_RFFI-main/LoRa_RFFI/dataset/Test/channel_problem/E.h5,526,,72ac10435db7b3ef59405ea37ea3aff6b2d8fb446813b520ea065d82b77ab068,33,E
S1,2104,ieee_dataport/LoRa_RFFI-main/LoRa_RFFI/dataset/Test/channel_problem/E.h5,532,,39c4124c0f5a4f8cbb9a686da2757f07dee232800c9bc00abbf3e22191c47bc2,33,E
S1,2105,ieee_dataport/LoRa_RFFI-main/LoRa_RFFI/dataset/Test/channel_problem/E.h5,537,,616b3b6564ee4f97fc854b70d9dff2a2878d1153696734df227557be00863946,33,E
S1,2106,ieee_dataport/LoRa_RFFI-main/LoRa_RFFI/dataset/Test/channel_problem/E.h5,538,,d864f80e7afa8df5186729b4a21f16350c677aa5496144d734b72100b1d393be,33,E
S1,2107,ieee_dataport/LoRa_RFFI-main/LoRa_RFFI/dataset/Test/channel_problem/E.h5,548,,a3cb2c9e2ab50dc04653df98ebe9366096fd49a3f3a22d968bcbf54e18cf4a2e,33,E
S1,2108,ieee_dataport/LoRa_RFFI-main/LoRa_RFFI/dataset/Test/channel_problem/E.h5,553,,b6ba7ddf4830cd8598d7b2d9290bdf7c61ec9a1285a7e896c93e33e4054a60f4,33,E
S1,2109,ieee_dataport/LoRa_RFFI-main/LoRa_RFFI/dataset/Test/channel_problem/E.h5,555,,c2a314ac953dbb35fc5f1a3b166514afea83144c53d124d7def015a56be5a863,33,E
S1,2110,ieee_dataport/LoRa_RFFI-main/LoRa_RFFI/dataset/Test/channel_problem/E.h5,557,,63e82153d9f2060a202342457ac95627a40bfe4ae4ab828a31917c63d5d35c73,33,E
S1,2111,ieee_dataport/LoRa_RFFI-main/LoRa_RFFI/dataset/Test/channel_problem/E.h5,560,,0bdea0d761ed484290ad555580a22d3918f63d257a016945ca5372e6f5aae547,33,E
S1,2112,ieee_dataport/LoRa_RFFI-main/LoRa_RFFI/dataset/Test/channel_problem/E.h5,562,,6fcc26a9045ef49d20d4adacf275020441ed0ca4d8e323ae2f52e366b4b8053d,33,E
S1,2113,ieee_dataport/LoRa_RFFI-main/LoRa_RFFI/dataset/Test/channel_problem/E.h5,576,,8fd7f82df7ff698f5d27a07a06df0b19efb992247a8c0e77faca4d9a051c2e48,33,E
S1,2114,ieee_dataport/LoRa_RFFI-main/LoRa_RFFI/dataset/Test/channel_problem/E.h5,578,,9a8ccd995d2043c18818e4395ed8c105c25e00114048f9c0d395ccdc055fd6a4,33,E
S1,2115,ieee_dataport/LoRa_RFFI-main/LoRa_RFFI/dataset/Test/channel_problem/E.h5,587,,16ce62bb3fb2abf5fef4fb90339d6b9ae44fd60f4f4707ff73b57ee758344803,33,E
S1,2116,ieee_dataport/LoRa_RFFI-main/LoRa_RFFI/dataset/Test/channel_problem/E.h5,589,,9004361343c33a5a4da667c92a46efb3cf1260dceabf01908d2cf2eb58edeacc,33,E
S1,2117,ieee_dataport/LoRa_RFFI-main/LoRa_RFFI/dataset/Test/channel_problem/E.h5,594,,f8a06da0c090430222e5c146425b76b203c3523d93feaef81019d49b6731d830,33,E
S1,2118,ieee_dataport/LoRa_RFFI-main/LoRa_RFFI/dataset/Test/channel_problem/E.h5,595,,2832ef12b095cd0a4465ab3b7ecd190c45976a45e38d7da628ed47bf090de4b7,33,E
S1,2119,ieee_dataport/LoRa_RFFI-main/LoRa_RFFI/dataset/Test/channel_problem/E.h5,596,,3b111e879cf240f2b7e887a455509a3cc2c2ad3a80327fce72994436eba3be98,33,E
S1,2120,ieee_dataport/LoRa_RFFI-main/LoRa_RFFI/dataset/Test/channel_problem/E.h5,605,,e084b033e0277afc46e44d00166ead35c4d36011adc925a32a5bb41c63905c16,34,E
S1,2121,ieee_dataport/LoRa_RFFI-main/LoRa_RFFI/dataset/Test/channel_problem/E.h5,613,,f44a275221f85b31721a6063756b90791ee07a3cd260d777dd0792a07a1ae56a,34,E
S1,2122,ieee_dataport/LoRa_RFFI-main/LoRa_RFFI/dataset/Test/channel_problem/E.h5,622,,ff30bd65cf4b424e8abe524028699c392bf587b9b3e22fc7894e53318d7ec656,34,E
S1,2123,ieee_dataport/LoRa_RFFI-main/LoRa_RFFI/dataset/Test/channel_problem/E.h5,624,,a792b09795882d5b976ca7c37a4ac7f7dbba9ae7553b0202185fb006268d961f,34,E
S1,2124,ieee_dataport/LoRa_RFFI-main/LoRa_RFFI/dataset/Test/channel_problem/E.h5,633,,fd2034a2753a6b8a698a2f080dcc2032a6b9ec13347d3563bf52295911d8a0b0,34,E
S1,2125,ieee_dataport/LoRa_RFFI-main/LoRa_RFFI/dataset/Test/channel_problem/E.h5,634,,a066ad0b968bc0c2dc0c1dc7bc085ae7903eef633b8058bf4a91969159d4d78a,34,E
S1,2126,ieee_dataport/LoRa_RFFI-main/LoRa_RFFI/dataset/Test/channel_problem/E.h5,641,,b9f97a1944e223c419c0cd54134db71d54a75e772dcec48796ac10bab4d89712,34,E
S1,2127,ieee_dataport/LoRa_RFFI-main/LoRa_RFFI/dataset/Test/channel_problem/E.h5,644,,a8e56928638b31af9403ffb2f1db7719b5006203d21172368006626473434164,34,E
S1,2128,ieee_dataport/LoRa_RFFI-main/LoRa_RFFI/dataset/Test/channel_problem/E.h5,645,,5d85508b6d54e2dec8ebf330f927e87a36374815b66dfb30695398b460bd5ad6,34,E
S1,2129,ieee_dataport/LoRa_RFFI-main/LoRa_RFFI/dataset/Test/channel_problem/E.h5,648,,4c2d9ef3074f826b2c5d743132ea8c09206c341a03a2fa3dd1d583344a90674c,34,E
S1,2130,ieee_dataport/LoRa_RFFI-main/LoRa_RFFI/dataset/Test/channel_problem/E.h5,650,,5842d409d17fff4750ec484facc14f767b23704ea415b1253843371f55d91777,34,E
S1,2131,ieee_dataport/LoRa_RFFI-main/LoRa_RFFI/dataset/Test/channel_problem/E.h5,651,,24dc37cc88f6c8fbefc141c5a7569d56010844a063c218ff7c89b00840b74fed,34,E
S1,2132,ieee_dataport/LoRa_RFFI-main/LoRa_RFFI/dataset/Test/channel_problem/E.h5,655,,aee286fdade1571ea088be11bedf2621bdb319df2f9e128d13ef6132889e99af,34,E
S1,2133,ieee_dataport/LoRa_RFFI-main/LoRa_RFFI/dataset/Test/channel_problem/E.h5,663,,98e8b91669ff1e3619b13fe61f3f6c30ad0580c272fa22ea9c4fe444fb6939ee,34,E
S1,2134,ieee_dataport/LoRa_RFFI-main/LoRa_RFFI/dataset/Test/channel_problem/E.h5,665,,cdc8302aeaf21098be1cb3816b873a915b8ef315f6319867a6640c91e282528b,34,E
S1,2135,ieee_dataport/LoRa_RFFI-main/LoRa_RFFI/dataset/Test/channel_problem/E.h5,674,,f1014fdea2da2f7b912faa1c98aeb42f65907486ebe46f7848b2c32257a3a702,34,E
S1,2136,ieee_dataport/LoRa_RFFI-main/LoRa_RFFI/dataset/Test/channel_problem/E.h5,676,,b804bb85c8770cca55a8ca945c77f463aa33bf5c8d70b249ad4e368ff7b8b3b9,34,E
S1,2137,ieee_dataport/LoRa_RFFI-main/LoRa_RFFI/dataset/Test/channel_problem/E.h5,682,,52d3d058104c3950755190a6b0c08c59f66b52d6d153e35de18e0e634a5d8f66,34,E
S1,2138,ieee_dataport/LoRa_RFFI-main/LoRa_RFFI/dataset/Test/channel_problem/E.h5,689,,8bda9c2cc76f0f42a09c9c3f31b4028811f8de44ff81268e2660e37c8b97aa0a,34,E
S1,2139,ieee_dataport/LoRa_RFFI-main/LoRa_RFFI/dataset/Test/channel_problem/E.h5,699,,af8b52ab536e1277947dfc20425796f6503f3cb220aa46216f3715f9d2cef54f,34,E
S1,2140,ieee_dataport/LoRa_RFFI-main/LoRa_RFFI/dataset/Test/channel_problem/E.h5,705,,cbb0e4c57cb6133730567cc2d776b565994c9e750981bacafa45c56efb78d646,34,E
S1,2141,ieee_dataport/LoRa_RFFI-main/LoRa_RFFI/dataset/Test/channel_problem/E.h5,706,,d5c870a165a966781f23b5c43963bb07cf6c53e2f0ebd45c5c9121758c82de84,34,E
S1,2142,ieee_dataport/LoRa_RFFI-main/LoRa_RFFI/dataset/Test/channel_problem/E.h5,710,,336a51c826a9e9bff91a8ca6402c6139a29d52a69c28d65bdccd8fbfc923ba5e,34,E
S1,2143,ieee_dataport/LoRa_RFFI-main/LoRa_RFFI/dataset/Test/channel_problem/E.h5,725,,9e0da046d21f3361387c7569b121dc187e4db01e6d091c8339d07cd5a93c16a7,34,E
S1,2144,ieee_dataport/LoRa_RFFI-main/LoRa_RFFI/dataset/Test/channel_problem/E.h5,726,,42e56404461cad4a9d2e60e8223bca8a3e23494600eb8aa9382afd4fc07c1d90,34,E
S1,2145,ieee_dataport/LoRa_RFFI-main/LoRa_RFFI/dataset/Test/channel_problem/E.h5,727,,0d260ee87c941609d7a47e4613a83d8aa80bce75a135a8a0331067edce24a6cd,34,E
S1,2146,ieee_dataport/LoRa_RFFI-main/LoRa_RFFI/dataset/Test/channel_problem/E.h5,728,,11f59593ff4870e609d568b8dbcf4531ff4ee95470e05c4e84f261252fdd456c,34,E
S1,2147,ieee_dataport/LoRa_RFFI-main/LoRa_RFFI/dataset/Test/channel_problem/E.h5,732,,7f8372434be6aea5177fe79031a8ab2888ab61a764a0cdd40f5c1277b98ff84a,34,E
S1,2148,ieee_dataport/LoRa_RFFI-main/LoRa_RFFI/dataset/Test/channel_problem/E.h5,750,,c2ed408ab370778950efeac21ad070de49d24fb109922731cb5a8c80f1538ffe,34,E
S1,2149,ieee_dataport/LoRa_RFFI-main/LoRa_RFFI/dataset/Test/channel_problem/E.h5,753,,8cc053f533a208e331de84ae7d4c2f0f661e8d1468b35bca8882076517228f70,34,E
S1,2150,ieee_dataport/LoRa_RFFI-main/LoRa_RFFI/dataset/Test/channel_problem/E.h5,754,,fc65917940a13841f92a436c0fbc16143c735c42a5714dd77fffb0ec244274eb,34,E
S1,2151,ieee_dataport/LoRa_RFFI-main/LoRa_RFFI/dataset/Test/channel_problem/E.h5,761,,5532667ee7e7a1077bec01f63a9372a2f2c7ab8b7c000fdd36914895985ff893,34,E
S1,2152,ieee_dataport/LoRa_RFFI-main/LoRa_RFFI/dataset/Test/channel_problem/E.h5,769,,e2fe3fbc9292641efca7d3f36ee148703e39be6c0cdbf4a08eb6eb834c1ad635,34,E
S1,2153,ieee_dataport/LoRa_RFFI-main/LoRa_RFFI/dataset/Test/channel_problem/E.h5,770,,2bd6047dc59e62d62f740bb39788326c1b647f78d577d9b5b2ab4daad827c5e5,34,E
S1,2154,ieee_dataport/LoRa_RFFI-main/LoRa_RFFI/dataset/Test/channel_problem/E.h5,773,,f601feb3c05ee584dd75390a79ba31d5b109601f47212f32b6f090f106f705a0,34,E
S1,2155,ieee_dataport/LoRa_RFFI-main/LoRa_RFFI/dataset/Test/channel_problem/E.h5,778,,087d3a1c5f4deac41354f8119ad588470572d461150c42503f6ac0f1d4829913,34,E
S1,2156,ieee_dataport/LoRa_RFFI-main/LoRa_RFFI/dataset/Test/channel_problem/E.h5,783,,1cda3d2d2ae7e8cd366a0f6b257bb481e19a227be2c10136413e2e918e898138,34,E
S1,2157,ieee_dataport/LoRa_RFFI-main/LoRa_RFFI/dataset/Test/channel_problem/E.h5,784,,6f8eefe52c967fa0cdc571e94c331efaa2e67c05dcc369861ab2fd70b2998d9b,34,E
S1,2158,ieee_dataport/LoRa_RFFI-main/LoRa_RFFI/dataset/Test/channel_problem/E.h5,796,,dce36c50ce0d472983845a8d3493b01e15274c5a5cd6f80987d866b4d8ce7dfc,34,E
S1,2159,ieee_dataport/LoRa_RFFI-main/LoRa_RFFI/dataset/Test/channel_problem/E.h5,798,,6b6db945ff6822322fb9cc4a2d11f7dc70ba75960e6d7fdb7c730df9bf7e46d8,34,E
S1,2160,ieee_dataport/LoRa_RFFI-main/LoRa_RFFI/dataset/Test/channel_problem/E.h5,810,,737e5507886a6b70304259c9e3b723bfa3a269fb809e6fdadd709af98d3352cf,35,E
S1,2161,ieee_dataport/LoRa_RFFI-main/LoRa_RFFI/dataset/Test/channel_problem/E.h5,813,,ff332062c625fc46876ad270fc7188a2f1bc1477d15cd379c87e0f5421ea331b,35,E
S1,2162,ieee_dataport/LoRa_RFFI-main/LoRa_RFFI/dataset/Test/channel_problem/E.h5,826,,2c36d348336390da040a45d04a6feb6922172de3eda2466cff4478f41b05ba9d,35,E
S1,2163,ieee_dataport/LoRa_RFFI-main/LoRa_RFFI/dataset/Test/channel_problem/E.h5,834,,0ebdc67dc65728b6bc30f0c8637d89be744c3bfefd4c7967e2de2169a11b65b4,35,E
S1,2164,ieee_dataport/LoRa_RFFI-main/LoRa_RFFI/dataset/Test/channel_problem/E.h5,838,,a595eedbff46f06c71446559c1dc2ee2b50a7adcb9f90e634dc159fc0884d74c,35,E
S1,2165,ieee_dataport/LoRa_RFFI-main/LoRa_RFFI/dataset/Test/channel_problem/E.h5,840,,c2fbf78ac89f0e2e18ce01cdf27365a43ccd6b9cb9675bd3de3377b406fac2ed,35,E
S1,2166,ieee_dataport/LoRa_RFFI-main/LoRa_RFFI/dataset/Test/channel_problem/E.h5,850,,89a0414551dbd978d63335aea783ff8e3bf8411c27196fa410cb354ebdc31ac6,35,E
S1,2167,ieee_dataport/LoRa_RFFI-main/LoRa_RFFI/dataset/Test/channel_problem/E.h5,851,,f29622ef9da1b5f4e381477e8433799776395d84af7b711d714b9dc6f6601e69,35,E
S1,2168,ieee_dataport/LoRa_RFFI-main/LoRa_RFFI/dataset/Test/channel_problem/E.h5,855,,14015d9b4dd745a5722effaa19098a31dc7257ebf016e9aae8fda4793b1c5407,35,E
S1,2169,ieee_dataport/LoRa_RFFI-main/LoRa_RFFI/dataset/Test/channel_problem/E.h5,859,,6995a356f80c60848b6c57f2e098514df3eebda9ec24e752ecbc622ddee05472,35,E
S1,2170,ieee_dataport/LoRa_RFFI-main/LoRa_RFFI/dataset/Test/channel_problem/E.h5,860,,118c8a5e6d54aaee491d12e1dd7be0ac7d8cf5eba1819cf7468a5eed8bc0567f,35,E
S1,2171,ieee_dataport/LoRa_RFFI-main/LoRa_RFFI/dataset/Test/channel_problem/E.h5,862,,167195e4946965eda80fd8af8c4a8c552f09dcd3147895f0c41e407a430b456d,35,E
S1,2172,ieee_dataport/LoRa_RFFI-main/LoRa_RFFI/dataset/Test/channel_problem/E.h5,869,,5dd4c62d15c349a29e42ea81e31edcfb13d757d345ea021233a6d53f2dcf4ca5,35,E
S1,2173,ieee_dataport/LoRa_RFFI-main/LoRa_RFFI/dataset/Test/channel_problem/E.h5,870,,ff908de750cd7d5a68bf1001b6e661d0997e85f72bbd93d7b534685e781920fc,35,E
S1,2174,ieee_dataport/LoRa_RFFI-main/LoRa_RFFI/dataset/Test/channel_problem/E.h5,876,,b3e545c8b3ba91bb25446df4dcb44dbe3d586b80ce0761f6bf34b4fa33fae1e3,35,E
S1,2175,ieee_dataport/LoRa_RFFI-main/LoRa_RFFI/dataset/Test/channel_problem/E.h5,880,,38b51c5846deb44e08f1c57431eb0eff8124e420d555028b3e41f3ab75e2cb12,35,E
S1,2176,ieee_dataport/LoRa_RFFI-main/LoRa_RFFI/dataset/Test/channel_problem/E.h5,881,,af875dcbb631fea3e3e8df44290ac38a7f513fa18246784bcb224d414f243f93,35,E
S1,2177,ieee_dataport/LoRa_RFFI-main/LoRa_RFFI/dataset/Test/channel_problem/E.h5,882,,bfb0df178b8d4dcb00c5a84eab6e7aae10f37f49006c5a6ef637c71923d8b15c,35,E
S1,2178,ieee_dataport/LoRa_RFFI-main/LoRa_RFFI/dataset/Test/channel_problem/E.h5,885,,e3f1fc9874a73e38deaf6b85c01e05e6f8ef5d034e74064ef76282bd9b319d54,35,E
S1,2179,ieee_dataport/LoRa_RFFI-main/LoRa_RFFI/dataset/Test/channel_problem/E.h5,888,,252ebdb80256e62fef252eb3fdf3fbee4313bf6ac4a03df5a2b11d7668a2b34e,35,E
S1,2180,ieee_dataport/LoRa_RFFI-main/LoRa_RFFI/dataset/Test/channel_problem/E.h5,893,,072bdec6a2b0a67e5d52060e4689d088ea68d1d09be67c6d9e52bd805124b638,35,E
S1,2181,ieee_dataport/LoRa_RFFI-main/LoRa_RFFI/dataset/Test/channel_problem/E.h5,900,,e179038349e1407bb5c2289de3c5c7a69dbc86614f1d07d975d021339e141cc0,35,E
S1,2182,ieee_dataport/LoRa_RFFI-main/LoRa_RFFI/dataset/Test/channel_problem/E.h5,916,,39c0d4ef8c63e9f63c934d5f51f2cd6170e012bc857bbe10c4e691a600f8470b,35,E
S1,2183,ieee_dataport/LoRa_RFFI-main/LoRa_RFFI/dataset/Test/channel_problem/E.h5,922,,7b5c4b1848f95043ebb06bf032c3e927501cb8afeac54ffc10dd95368ef4bb09,35,E
S1,2184,ieee_dataport/LoRa_RFFI-main/LoRa_RFFI/dataset/Test/channel_problem/E.h5,923,,1c5f5813a745f264cec240237a16eb5a4a40670b00868985a301724f8c114925,35,E
S1,2185,ieee_dataport/LoRa_RFFI-main/LoRa_RFFI/dataset/Test/channel_problem/E.h5,925,,1e8c9df6a8bbffc5990a6b69ea98c3173db78c26a88851a8b5a05901140ffdb7,35,E
S1,2186,ieee_dataport/LoRa_RFFI-main/LoRa_RFFI/dataset/Test/channel_problem/E.h5,929,,e1bc5f84bc79348dd573402229a39a077439310ffbbb14aff9edef377cb7a672,35,E
S1,2187,ieee_dataport/LoRa_RFFI-main/LoRa_RFFI/dataset/Test/channel_problem/E.h5,931,,01aaf3c9ecc8e1eed093aa49cd6c0e63a27650386f08f66eb2b66b9bb36a8ff7,35,E
S1,2188,ieee_dataport/LoRa_RFFI-main/LoRa_RFFI/dataset/Test/channel_problem/E.h5,936,,dc9fd14f3fe5a0c7efc9af72182196ef0307f18873d2245e8f2ae97ece1ea439,35,E
S1,2189,ieee_dataport/LoRa_RFFI-main/LoRa_RFFI/dataset/Test/channel_problem/E.h5,938,,e6a588a4695d8eeb44d6829b27ba3fc4992958fbc1358f519f7fecea46054696,35,E
S1,2190,ieee_dataport/LoRa_RFFI-main/LoRa_RFFI/dataset/Test/channel_problem/E.h5,941,,640e0cdbf988571d01f35f8e233dffa3abe47554b72f090d627f67a6b05ef5be,35,E
S1,2191,ieee_dataport/LoRa_RFFI-main/LoRa_RFFI/dataset/Test/channel_problem/E.h5,947,,bbc7ab812f6e9943f11a1b95253a82f58f024dcc4de3f17e7deb2aa57d16c1e3,35,E
S1,2192,ieee_dataport/LoRa_RFFI-main/LoRa_RFFI/dataset/Test/channel_problem/E.h5,954,,698fdf19c56fead20e83c5741c880c774a80a5abf94023e9d1fed1386cea838c,35,E
S1,2193,ieee_dataport/LoRa_RFFI-main/LoRa_RFFI/dataset/Test/channel_problem/E.h5,958,,87b76ff99d00c91bc4f172fad3f11ade5f5b6e3667e807d5ee0d657c053ecc56,35,E
S1,2194,ieee_dataport/LoRa_RFFI-main/LoRa_RFFI/dataset/Test/channel_problem/E.h5,967,,70e6f735aa48572f19c00c36c95b2e95b51fafbff718eef6f633fd32df2b0df7,35,E
S1,2195,ieee_dataport/LoRa_RFFI-main/LoRa_RFFI/dataset/Test/channel_problem/E.h5,978,,98d33719465c29144e0818904af7678ce53cff70a30d7a0c7a1e4ffda9784ac8,35,E
S1,2196,ieee_dataport/LoRa_RFFI-main/LoRa_RFFI/dataset/Test/channel_problem/E.h5,979,,95f84450db7f6e53168315ba8106c58218ee6b61eeda0a371b726dcc06af385f,35,E
S1,2197,ieee_dataport/LoRa_RFFI-main/LoRa_RFFI/dataset/Test/channel_problem/E.h5,986,,bda4b3a90af79ae83e896af4ae8d4e9295b2488334301b77f0cb8df7440d04b6,35,E
S1,2198,ieee_dataport/LoRa_RFFI-main/LoRa_RFFI/dataset/Test/channel_problem/E.h5,987,,f4d737d716e45874c15f5809cc27d063261c47b73bb08f771b13229debbaaaa7,35,E
S1,2199,ieee_dataport/LoRa_RFFI-main/LoRa_RFFI/dataset/Test/channel_problem/E.h5,989,,f2414beace06a29c44050520ed639e0f6b5139a1eef828f7f300896a4cdfc22a,35,E
S1,2200,ieee_dataport/LoRa_RFFI-main/LoRa_RFFI/dataset/Test/channel_problem/E.h5,1005,,891d8ac15d2608594f4a0987cdfbea2dd17c261b70c324e4d7fa76a929e4a014,36,E
S1,2201,ieee_dataport/LoRa_RFFI-main/LoRa_RFFI/dataset/Test/channel_problem/E.h5,1006,,467f16036b94d0a8e0e683be015fc60c6aeb154b34dc40a09311e8de5511a95f,36,E
S1,2202,ieee_dataport/LoRa_RFFI-main/LoRa_RFFI/dataset/Test/channel_problem/E.h5,1008,,69ef7b9631d0db8aa3db4807b1c15d4045c8b2339ec01953916dcd1468a71f77,36,E
S1,2203,ieee_dataport/LoRa_RFFI-main/LoRa_RFFI/dataset/Test/channel_problem/E.h5,1010,,1a17b28d1c6155cd83a0ca6e115865ccc7a5f7d0e5298a5583fec36dccfa0b32,36,E
S1,2204,ieee_dataport/LoRa_RFFI-main/LoRa_RFFI/dataset/Test/channel_problem/E.h5,1012,,835cc24cba9b824a82361962a8f1bd51e57baedaf097795e9199ae549933e336,36,E
S1,2205,ieee_dataport/LoRa_RFFI-main/LoRa_RFFI/dataset/Test/channel_problem/E.h5,1013,,64197dc104e326f3d01fef7a8998c5e0fefebff97d7db7f1d17f3190caaf310a,36,E
S1,2206,ieee_dataport/LoRa_RFFI-main/LoRa_RFFI/dataset/Test/channel_problem/E.h5,1014,,4214ebd3c3f8776192f151d080bab25ec62e23e2bc44b5f41d1e2aa060c2d5f9,36,E
S1,2207,ieee_dataport/LoRa_RFFI-main/LoRa_RFFI/dataset/Test/channel_problem/E.h5,1028,,2bf9828aa74f5738bd2c601665452df20b6805fd1b1fea729e206b29b83678a1,36,E
S1,2208,ieee_dataport/LoRa_RFFI-main/LoRa_RFFI/dataset/Test/channel_problem/E.h5,1029,,cb52a296049d334aafe027d9129d8f794dba18b61efae0c9dad61a9da11dcf2c,36,E
S1,2209,ieee_dataport/LoRa_RFFI-main/LoRa_RFFI/dataset/Test/channel_problem/E.h5,1031,,deb44b08b35622fab7101b18a69c58108f0ed81dc9596eda5fc7fb62422b8ce9,36,E
S1,2210,ieee_dataport/LoRa_RFFI-main/LoRa_RFFI/dataset/Test/channel_problem/E.h5,1034,,6697efdb899cb1f6f7a787c79a7f00f83d6e043d83b14b3e963512a0ec579520,36,E
S1,2211,ieee_dataport/LoRa_RFFI-main/LoRa_RFFI/dataset/Test/channel_problem/E.h5,1035,,26ef3ada0690a3ee1501b382bc6aa7473227c02faeebed11dca4e97ad9d053ca,36,E
S1,2212,ieee_dataport/LoRa_RFFI-main/LoRa_RFFI/dataset/Test/channel_problem/E.h5,1040,,bc8a9d8a7b7c1c5b4eef2900653be888c5ed92d903d1e541563a8a8acfa70b9e,36,E
S1,2213,ieee_dataport/LoRa_RFFI-main/LoRa_RFFI/dataset/Test/channel_problem/E.h5,1044,,efd630135366d98637c77c23bc7da2cd4254db508a96d52fdeaa28fa7de46f28,36,E
S1,2214,ieee_dataport/LoRa_RFFI-main/LoRa_RFFI/dataset/Test/channel_problem/E.h5,1060,,32498a1970c2f29008776ad647267fa428c61b1bfc0b2b43339ac42030c93368,36,E
S1,2215,ieee_dataport/LoRa_RFFI-main/LoRa_RFFI/dataset/Test/channel_problem/E.h5,1070,,56aad675fc58c5100c79672f2bf6f3f75d5f834867df1c7f7d7550e637b4f07c,36,E
S1,2216,ieee_dataport/LoRa_RFFI-main/LoRa_RFFI/dataset/Test/channel_problem/E.h5,1072,,0201596e03ecfe187abba249beee30ae39863e602799e3fed44c80981c43bad7,36,E
S1,2217,ieee_dataport/LoRa_RFFI-main/LoRa_RFFI/dataset/Test/channel_problem/E.h5,1077,,a7c7bd071e6dfbfba65229dd6fb8c01a41b9b6654f9aee876f951c3c8672a2cd,36,E
S1,2218,ieee_dataport/LoRa_RFFI-main/LoRa_RFFI/dataset/Test/channel_problem/E.h5,1079,,e977c44e18fc6da37d8466e4deb6fd38910dbdf3e7502178e2ad66065d0e6847,36,E
S1,2219,ieee_dataport/LoRa_RFFI-main/LoRa_RFFI/dataset/Test/channel_problem/E.h5,1084,,38e2bd7eb603df9be2678ff2d669f84731aa07c671bf6b0440c3a4a2e91f06d3,36,E
S1,2220,ieee_dataport/LoRa_RFFI-main/LoRa_RFFI/dataset/Test/channel_problem/E.h5,1087,,123bae3454df04b1b4586a109fc280966c5a5829b907b8100dc3e7daa2bbb513,36,E
S1,2221,ieee_dataport/LoRa_RFFI-main/LoRa_RFFI/dataset/Test/channel_problem/E.h5,1092,,225838adb23e84f37fd52a7b87e31d841ae7a9363328909ff3f78a3da14d377f,36,E
S1,2222,ieee_dataport/LoRa_RFFI-main/LoRa_RFFI/dataset/Test/channel_problem/E.h5,1096,,290a5dcd4fd9517819df483f696755d6ded756210dc4557626550859746fda11,36,E
S1,2223,ieee_dataport/LoRa_RFFI-main/LoRa_RFFI/dataset/Test/channel_problem/E.h5,1098,,bbdbf29c98b800e0fb1024bc8fffb3ebbfcd01e0d24ebe9471371c381a8c9ded,36,E
S1,2224,ieee_dataport/LoRa_RFFI-main/LoRa_RFFI/dataset/Test/channel_problem/E.h5,1100,,b7cebd09577631d1d3451a019c84284d310f27d1070f756cbccf0ad209f28265,36,E
S1,2225,ieee_dataport/LoRa_RFFI-main/LoRa_RFFI/dataset/Test/channel_problem/E.h5,1102,,4268b3cc776ae9dd117ad43214aa6218bb8048d5189caab9c036603dc5230661,36,E
S1,2226,ieee_dataport/LoRa_RFFI-main/LoRa_RFFI/dataset/Test/channel_problem/E.h5,1110,,bf41111d849d379d9b7fa5a5fa3872581f5cd8a5d3ffff53f09b41bb2aa4ef36,36,E
S1,2227,ieee_dataport/LoRa_RFFI-main/LoRa_RFFI/dataset/Test/channel_problem/E.h5,1120,,1e37ebd185b32055aa9a2faec019d293d761f52dc3c809e24e2ef3a8be169f51,36,E
S1,2228,ieee_dataport/LoRa_RFFI-main/LoRa_RFFI/dataset/Test/channel_problem/E.h5,1121,,292e1fdc4cccb6a3da15e3be21d3f14fef82bd6864f05f21723cd0f730a048cb,36,E
S1,2229,ieee_dataport/LoRa_RFFI-main/LoRa_RFFI/dataset/Test/channel_problem/E.h5,1124,,99e3f36144e30ff355f40e8dcaf5eab01da7268b059a988763f7d3ec53311ae5,36,E
S1,2230,ieee_dataport/LoRa_RFFI-main/LoRa_RFFI/dataset/Test/channel_problem/E.h5,1125,,8d8669b0f74c3ba2c7f34f80963275c9ea809ec661c0346a7fe894fcc7bcaae1,36,E
S1,2231,ieee_dataport/LoRa_RFFI-main/LoRa_RFFI/dataset/Test/channel_problem/E.h5,1130,,9299204ae5e12129b7c6801b7664766f7d2b81ae75b1411b505012eced14d6e4,36,E
S1,2232,ieee_dataport/LoRa_RFFI-main/LoRa_RFFI/dataset/Test/channel_problem/E.h5,1146,,2ba3985ff7e8a307b1ea5f36b194051afc543f0c11fb0facbc26ae4acf1e0909,36,E
S1,2233,ieee_dataport/LoRa_RFFI-main/LoRa_RFFI/dataset/Test/channel_problem/E.h5,1147,,50e92c2d7837e77f8371ea0b8333dda07f0ba6599a14b65698ce4358646cf984,36,E
S1,2234,ieee_dataport/LoRa_RFFI-main/LoRa_RFFI/dataset/Test/channel_problem/E.h5,1148,,d3a381826c6bf4b6171d3166733378afecb2a1e33e0ab924c3e16913e9681027,36,E
S1,2235,ieee_dataport/LoRa_RFFI-main/LoRa_RFFI/dataset/Test/channel_problem/E.h5,1163,,adf9aac818722862b6ab0e3419c53759dcaba406e05b814183f2885f634ecf60,36,E
S1,2236,ieee_dataport/LoRa_RFFI-main/LoRa_RFFI/dataset/Test/channel_problem/E.h5,1164,,0de382a4b03f5ef934f20d6e2d4303c8e111799abf08a6e800a054ecfa26fe74,36,E
S1,2237,ieee_dataport/LoRa_RFFI-main/LoRa_RFFI/dataset/Test/channel_problem/E.h5,1170,,56fd85d3cade21ac756fe4512cf9987248bdd8911c7b88437f90993d2f93b706,36,E
S1,2238,ieee_dataport/LoRa_RFFI-main/LoRa_RFFI/dataset/Test/channel_problem/E.h5,1179,,b20bb3050c3c0f2b11ec811c9f19bcc4124161476bcdaa129ed0e2dd6b9f5668,36,E
S1,2239,ieee_dataport/LoRa_RFFI-main/LoRa_RFFI/dataset/Test/channel_problem/E.h5,1180,,1e40788b3fd0332dd836ff41b081abd9f5cb882b59b785360a709e2febd393cf,36,E
S1,2240,ieee_dataport/LoRa_RFFI-main/LoRa_RFFI/dataset/Test/channel_problem/E.h5,1200,,5a6e484e3c66543ee2bd5814b38faefeaa7ebfc283d209b8090577453b4c0acc,37,E
S1,2241,ieee_dataport/LoRa_RFFI-main/LoRa_RFFI/dataset/Test/channel_problem/E.h5,1206,,dd64b135afa7c5666a24058bf988fdf7b67b8e2c780099604a4db7f672dd9458,37,E
S1,2242,ieee_dataport/LoRa_RFFI-main/LoRa_RFFI/dataset/Test/channel_problem/E.h5,1211,,d0a6691a6d1c669d454261e0732da9864577b911a25fceed922dd5a578888343,37,E
S1,2243,ieee_dataport/LoRa_RFFI-main/LoRa_RFFI/dataset/Test/channel_problem/E.h5,1213,,bbec3acfcb08982565092261e5bf3e6c781d2e4a037c1abb3a4ca7c8c4b46344,37,E
S1,2244,ieee_dataport/LoRa_RFFI-main/LoRa_RFFI/dataset/Test/channel_problem/E.h5,1214,,cc0aff8812d4e9a0f451b2f9c1c1a0d1a3c3f6bdbe2e7cc77d98a4de1613bcea,37,E
S1,2245,ieee_dataport/LoRa_RFFI-main/LoRa_RFFI/dataset/Test/channel_problem/E.h5,1217,,31d4b8336b20f29607717039d9f0cb54865e027a3c94fae80028a2337f11c261,37,E
S1,2246,ieee_dataport/LoRa_RFFI-main/LoRa_RFFI/dataset/Test/channel_problem/E.h5,1218,,204b6f7cfe281bcb4bd7abf775acea7e1824b7a95dcfbe3c2614ff142240c6a7,37,E
S1,2247,ieee_dataport/LoRa_RFFI-main/LoRa_RFFI/dataset/Test/channel_problem/E.h5,1222,,7a7be81f1bfbfd756a5b4e001a0286dd6a89269078e3856f136b746a5efd5940,37,E
S1,2248,ieee_dataport/LoRa_RFFI-main/LoRa_RFFI/dataset/Test/channel_problem/E.h5,1225,,e2a66ff93082a6bae9ebb9802a3133b9432fe24a63d14295777f95a3e6828125,37,E
S1,2249,ieee_dataport/LoRa_RFFI-main/LoRa_RFFI/dataset/Test/channel_problem/E.h5,1241,,50d45e2263ef82c89f74d45f8b3455dd8c4079391f0e9c99694c93adf7592996,37,E
S1,2250,ieee_dataport/LoRa_RFFI-main/LoRa_RFFI/dataset/Test/channel_problem/E.h5,1242,,87fab8bbb1e091cd4077e4cf584396d70def494714d02810105253db3f0bd515,37,E
S1,2251,ieee_dataport/LoRa_RFFI-main/LoRa_RFFI/dataset/Test/channel_problem/E.h5,1262,,2dd0ab8f524717f4e4b4820df13f752fb0e7901eae42efc717bcc1f8abe3c218,37,E
S1,2252,ieee_dataport/LoRa_RFFI-main/LoRa_RFFI/dataset/Test/channel_problem/E.h5,1266,,8627706bb192bdc8fa76af5406ef2e8cb578a449ccc2a391c52975dbb6647142,37,E
S1,2253,ieee_dataport/LoRa_RFFI-main/LoRa_RFFI/dataset/Test/channel_problem/E.h5,1268,,6e9e920109dc3d44f18c95c84b806998604ccf79dc4b33e38021b8a0ca8eee6f,37,E
S1,2254,ieee_dataport/LoRa_RFFI-main/LoRa_RFFI/dataset/Test/channel_problem/E.h5,1271,,862e99cb46494c06bb2edc84207faa43d1166165a9b7cee6ebfcd20b8bceb88b,37,E
S1,2255,ieee_dataport/LoRa_RFFI-main/LoRa_RFFI/dataset/Test/channel_problem/E.h5,1273,,0b59d4e272eded8df03f707c7dd2b55dde4f9076de01446512ad362e988b5b2e,37,E
S1,2256,ieee_dataport/LoRa_RFFI-main/LoRa_RFFI/dataset/Test/channel_problem/E.h5,1276,,0d48fe307fec782bfba6dae325a9842b8919f40ebffe5cbd52fb1dd9f16a2a81,37,E
S1,2257,ieee_dataport/LoRa_RFFI-main/LoRa_RFFI/dataset/Test/channel_problem/E.h5,1277,,0eb5d21af6b87c03f0e6132af133aa5ebe5ca590398065beb8eb01a60631aa0f,37,E
S1,2258,ieee_dataport/LoRa_RFFI-main/LoRa_RFFI/dataset/Test/channel_problem/E.h5,1281,,61e10f641753ec4ae889a467bbd338fc03b7aa8596f68593a79f4f20560b5482,37,E
S1,2259,ieee_dataport/LoRa_RFFI-main/LoRa_RFFI/dataset/Test/channel_problem/E.h5,1284,,ffb10ee589e6dcc8fd0d4cde8d7c19303bfd426d63277117c7a9b49301bf99ff,37,E
S1,2260,ieee_dataport/LoRa_RFFI-main/LoRa_RFFI/dataset/Test/channel_problem/E.h5,1306,,3bb6006894f0890a263b4ccf51f321b98ac4bb6e8eea1ae76fd1567a028433cd,37,E
S1,2261,ieee_dataport/LoRa_RFFI-main/LoRa_RFFI/dataset/Test/channel_problem/E.h5,1312,,4e17c63509f757d80f8d6a5f41ea110e83e8ac89764aa3f7a841ca3cd7ddf87c,37,E
S1,2262,ieee_dataport/LoRa_RFFI-main/LoRa_RFFI/dataset/Test/channel_problem/E.h5,1314,,13ebecd0d32fecd642012c3c249a76062bd8790e5b6158cceb9e46cbc59274f4,37,E
S1,2263,ieee_dataport/LoRa_RFFI-main/LoRa_RFFI/dataset/Test/channel_problem/E.h5,1319,,196cd867debd0fbc1637b809159de4453f6bab38be75197e29bb77792bc7c3e2,37,E
S1,2264,ieee_dataport/LoRa_RFFI-main/LoRa_RFFI/dataset/Test/channel_problem/E.h5,1321,,8ed8b21c1c0cee5f66b5d817f6a9e3567e01c4c57ccbf870bb76226f90cdb1d2,37,E
S1,2265,ieee_dataport/LoRa_RFFI-main/LoRa_RFFI/dataset/Test/channel_problem/E.h5,1323,,39029f8249a66cc7137dd2a9c1a7d7b0af2ba16027c2fc95cfac01b58d57a5cc,37,E
S1,2266,ieee_dataport/LoRa_RFFI-main/LoRa_RFFI/dataset/Test/channel_problem/E.h5,1330,,73b425b58b07a0a9be45fceaafec13e3ef38cc6ad729c0a8212818764c19e5b0,37,E
S1,2267,ieee_dataport/LoRa_RFFI-main/LoRa_RFFI/dataset/Test/channel_problem/E.h5,1332,,b74fe6f816a144bb84453131b4d8770c6a59d520c4e9a0c693d40027c62bee2c,37,E
S1,2268,ieee_dataport/LoRa_RFFI-main/LoRa_RFFI/dataset/Test/channel_problem/E.h5,1335,,161cb7a719f37407cdbfe315fd57d34d29360184d8806880de47fcdca900b63d,37,E
S1,2269,ieee_dataport/LoRa_RFFI-main/LoRa_RFFI/dataset/Test/channel_problem/E.h5,1338,,95a58209866f939572709c9543f8c24882eda400fb1fb9e94e1192d5a29d899d,37,E
S1,2270,ieee_dataport/LoRa_RFFI-main/LoRa_RFFI/dataset/Test/channel_problem/E.h5,1341,,3a22569429d75c71fd6dd9a2fbc934225b33b8fe02dec48bbc7c57bc90a544ea,37,E
S1,2271,ieee_dataport/LoRa_RFFI-main/LoRa_RFFI/dataset/Test/channel_problem/E.h5,1345,,f6fa8ca673d8746ef24edc76dcdf37071c4cf4debfbbe16b574903eaeed13243,37,E
S1,2272,ieee_dataport/LoRa_RFFI-main/LoRa_RFFI/dataset/Test/channel_problem/E.h5,1350,,e910bcad2b97d5aec3b6a08bb062621e4a8d1560c0965d670c808bd197e1ac83,37,E
S1,2273,ieee_dataport/LoRa_RFFI-main/LoRa_RFFI/dataset/Test/channel_problem/E.h5,1357,,66ccf4af4c61c22ecbca193bfc23b890bdfcccec060007d4f188a1fef8b45d3a,37,E
S1,2274,ieee_dataport/LoRa_RFFI-main/LoRa_RFFI/dataset/Test/channel_problem/E.h5,1358,,51f9034279db15cd20fd130f7a984d174152134b026f0c2dc4cd449865b6dce1,37,E
S1,2275,ieee_dataport/LoRa_RFFI-main/LoRa_RFFI/dataset/Test/channel_problem/E.h5,1359,,db71f948eda9c11a772b2dc112072348f1b80b14efa3f37d41ae5d62e1f5b326,37,E
S1,2276,ieee_dataport/LoRa_RFFI-main/LoRa_RFFI/dataset/Test/channel_problem/E.h5,1387,,d42c972f2658724e472f25eccc3c96c02112d86f9a44b959d47817da8f0385fd,37,E
S1,2277,ieee_dataport/LoRa_RFFI-main/LoRa_RFFI/dataset/Test/channel_problem/E.h5,1391,,ced763dbe11528bb0c6c0ba7886fda75606c814903284cbdd979b774a330fa69,37,E
S1,2278,ieee_dataport/LoRa_RFFI-main/LoRa_RFFI/dataset/Test/channel_problem/E.h5,1392,,3d1484d699ca12e5cae836d9c8013bac8bf004bf2dda457018f501412d71e63e,37,E
S1,2279,ieee_dataport/LoRa_RFFI-main/LoRa_RFFI/dataset/Test/channel_problem/E.h5,1399,,8c1973d84b33ce71513c3fcf30b869727137df97715f326ecd708723bd55ec36,37,E
S1,2280,ieee_dataport/LoRa_RFFI-main/LoRa_RFFI/dataset/Test/channel_problem/E.h5,1413,,833c4f70df8470bc94a7af845eee0eca8a4c676bc288c44b8b307359be9329ea,38,E
S1,2281,ieee_dataport/LoRa_RFFI-main/LoRa_RFFI/dataset/Test/channel_problem/E.h5,1424,,3c5daed0164fe357c2181ea98beb7cc1e870b45b2aeebd00287571043edbc117,38,E
S1,2282,ieee_dataport/LoRa_RFFI-main/LoRa_RFFI/dataset/Test/channel_problem/E.h5,1427,,b4501f5ae0bb2a276eccbe2d19880ef17d3daa3a4fa8c98ab6524c9e3f7f1cf1,38,E
S1,2283,ieee_dataport/LoRa_RFFI-main/LoRa_RFFI/dataset/Test/channel_problem/E.h5,1431,,e37ea65efee15b23c58dc58730e5a88e1c1847ebcf57320719b7d28ca29d8ff4,38,E
S1,2284,ieee_dataport/LoRa_RFFI-main/LoRa_RFFI/dataset/Test/channel_problem/E.h5,1436,,9b08c752467b9e91105d412006fdf979b83b6ecf833f5fe9e8eb404f3a99fb88,38,E
S1,2285,ieee_dataport/LoRa_RFFI-main/LoRa_RFFI/dataset/Test/channel_problem/E.h5,1437,,4d2e49d8f20065ec1c2adf4efe2d6f0d1b80c70ab012c3cf4421545562b15f47,38,E
S1,2286,ieee_dataport/LoRa_RFFI-main/LoRa_RFFI/dataset/Test/channel_problem/E.h5,1443,,0694148b5bbdf4667e9b35a340cc27fc1e35d33fdb3cd48486984d1039d136d9,38,E
S1,2287,ieee_dataport/LoRa_RFFI-main/LoRa_RFFI/dataset/Test/channel_problem/E.h5,1446,,dd39f076020cf068cf34fb5f1ddff60bddff8636167e210ec7ed77d547cd88a8,38,E
S1,2288,ieee_dataport/LoRa_RFFI-main/LoRa_RFFI/dataset/Test/channel_problem/E.h5,1459,,5c318d91ac61a22843eaca081056b15e48491cdbca1a92ebf5a0be067b0e4d48,38,E
S1,2289,ieee_dataport/LoRa_RFFI-main/LoRa_RFFI/dataset/Test/channel_problem/E.h5,1462,,445a680265a5cc42f84040e1f8e6d4412792f5435e67da10edd74230463300fd,38,E
S1,2290,ieee_dataport/LoRa_RFFI-main/LoRa_RFFI/dataset/Test/channel_problem/E.h5,1465,,dc072939efb963652121b01cc491c45ddb676587bfd33fd6b41801b4bc9996fe,38,E
S1,2291,ieee_dataport/LoRa_RFFI-main/LoRa_RFFI/dataset/Test/channel_problem/E.h5,1475,,25f8f6bdcbe51d7350e1990c990df1782ffa64812d79cb6d03c8580e0058ede7,38,E
S1,2292,ieee_dataport/LoRa_RFFI-main/LoRa_RFFI/dataset/Test/channel_problem/E.h5,1481,,4434da400ed1ec48aaac9f07a1e50d31e0019e1be4ff6e996176945f33408b38,38,E
S1,2293,ieee_dataport/LoRa_RFFI-main/LoRa_RFFI/dataset/Test/channel_problem/E.h5,1485,,04b1e2f323b6d9a288594e7aec15091119e16814896a7d25e5110e7584303686,38,E
S1,2294,ieee_dataport/LoRa_RFFI-main/LoRa_RFFI/dataset/Test/channel_problem/E.h5,1503,,15c1c1c8cacb92a73bfeef80280618c5b23611dddb823583a82396c1d82c2695,38,E
S1,2295,ieee_dataport/LoRa_RFFI-main/LoRa_RFFI/dataset/Test/channel_problem/E.h5,1506,,0e917da9b8fd362d3dd62f91a1905e94d2d4082f01f354abbb93939855bdcecf,38,E
S1,2296,ieee_dataport/LoRa_RFFI-main/LoRa_RFFI/dataset/Test/channel_problem/E.h5,1508,,434db621323bad4c0da5f11321b487732b56e923b28e4bf60a59e53d0e3e2814,38,E
S1,2297,ieee_dataport/LoRa_RFFI-main/LoRa_RFFI/dataset/Test/channel_problem/E.h5,1523,,0e4311a100d5ccb999285450c4a976d113e5455aac88d0415aaa8d37b2d4736d,38,E
S1,2298,ieee_dataport/LoRa_RFFI-main/LoRa_RFFI/dataset/Test/channel_problem/E.h5,1528,,7bf1c1d12d5f50d8b4dd57e93ee5279d7800acb4af3108f67a0645b129b56e87,38,E
S1,2299,ieee_dataport/LoRa_RFFI-main/LoRa_RFFI/dataset/Test/channel_problem/E.h5,1530,,17ed0d9572a12dd0b511480a82964f9bf291160879ac278bc7f59daea1a6e341,38,E
S1,2300,ieee_dataport/LoRa_RFFI-main/LoRa_RFFI/dataset/Test/channel_problem/E.h5,1531,,3c23bb9ab94f5dd8096ac2888734854e4b93a35f73ddb43ababa178350450746,38,E
S1,2301,ieee_dataport/LoRa_RFFI-main/LoRa_RFFI/dataset/Test/channel_problem/E.h5,1532,,ea944a7da8d0731d755311519ba54f70d8d27b93312b96cea9f926e08cacea6f,38,E
S1,2302,ieee_dataport/LoRa_RFFI-main/LoRa_RFFI/dataset/Test/channel_problem/E.h5,1533,,f9e1a3a905849fc7547297f13cb4c8bb47434822e432e8f2b068c331e7fd00a2,38,E
S1,2303,ieee_dataport/LoRa_RFFI-main/LoRa_RFFI/dataset/Test/channel_problem/E.h5,1536,,d732a71c5031048bb9434c9ba2d2c43edc39c6edca84d4c04fe72ecfbdb9f850,38,E
S1,2304,ieee_dataport/LoRa_RFFI-main/LoRa_RFFI/dataset/Test/channel_problem/E.h5,1537,,a27c9436bc9ab6f9e3f83a87a4a22bdd1c7232a5abe50af0001d54e2aeb2fc0f,38,E
S1,2305,ieee_dataport/LoRa_RFFI-main/LoRa_RFFI/dataset/Test/channel_problem/E.h5,1542,,38f1d450f329c50f0f200ce55f9db3d497e1654c01a4a3f306e816452d836b4b,38,E
S1,2306,ieee_dataport/LoRa_RFFI-main/LoRa_RFFI/dataset/Test/channel_problem/E.h5,1545,,0cb99a3d16800afbb2b7799d80085d462b0aa162cdb4af7271ea48f1b76eb0ee,38,E
S1,2307,ieee_dataport/LoRa_RFFI-main/LoRa_RFFI/dataset/Test/channel_problem/E.h5,1552,,7010ebb8ef4d72bebc83a010a64d0ee38a5027bbd3052007757b3497c60a8afb,38,E
S1,2308,ieee_dataport/LoRa_RFFI-main/LoRa_RFFI/dataset/Test/channel_problem/E.h5,1554,,cd0d011b47387a01a8fa4fd9d49c03f1214c8be2f2b0e1bb400c00b81d6f1657,38,E
S1,2309,ieee_dataport/LoRa_RFFI-main/LoRa_RFFI/dataset/Test/channel_problem/E.h5,1557,,88121ce299b7a6a36cad43aa9cf3d26c9e37565883e9f5781fbcf8cfd02d14d7,38,E
S1,2310,ieee_dataport/LoRa_RFFI-main/LoRa_RFFI/dataset/Test/channel_problem/E.h5,1558,,2e7ca7b1dba113763287c9f07b704d6e79369d671168c7b392bea296d783b654,38,E
S1,2311,ieee_dataport/LoRa_RFFI-main/LoRa_RFFI/dataset/Test/channel_problem/E.h5,1561,,6a543b536d1a5603f7f8df650746f2c7c0e462684517ffb85128b4160a4a0ffa,38,E
S1,2312,ieee_dataport/LoRa_RFFI-main/LoRa_RFFI/dataset/Test/channel_problem/E.h5,1562,,13016c5f75e55fafaaed96a4f51dc1fd14300e734e658ebc760ef61612d1b76a,38,E
S1,2313,ieee_dataport/LoRa_RFFI-main/LoRa_RFFI/dataset/Test/channel_problem/E.h5,1566,,885628bd731e71bf91011250e724dd51465dc8e27048c7b06bfdd386dc46be49,38,E
S1,2314,ieee_dataport/LoRa_RFFI-main/LoRa_RFFI/dataset/Test/channel_problem/E.h5,1567,,b273e0d7ad1bd14b31bb3b8a290d067c8b6d6288f9cbd8f630167b822d953a20,38,E
S1,2315,ieee_dataport/LoRa_RFFI-main/LoRa_RFFI/dataset/Test/channel_problem/E.h5,1570,,dbc72ea0ab9025adc4f78545681caec30b3f5bee6e37994584887be184fef5f4,38,E
S1,2316,ieee_dataport/LoRa_RFFI-main/LoRa_RFFI/dataset/Test/channel_problem/E.h5,1575,,c0d92823f9e61ee328af62abb9859e6161a7597145c817b1095293f1b7f04151,38,E
S1,2317,ieee_dataport/LoRa_RFFI-main/LoRa_RFFI/dataset/Test/channel_problem/E.h5,1586,,4122ee5c7dc7252b248a55df77c9118b8155f7e64cff5c790700c460ec5bf9ff,38,E
S1,2318,ieee_dataport/LoRa_RFFI-main/LoRa_RFFI/dataset/Test/channel_problem/E.h5,1594,,034b9258f50409d2ce4282a68b5d5be625e14eecb3c0f6056493c3d7e80b4c9a,38,E
S1,2319,ieee_dataport/LoRa_RFFI-main/LoRa_RFFI/dataset/Test/channel_problem/E.h5,1596,,e3c8781ae511bcd2ddb1212351a38d29eb5f7d2778583d419cf177758436008a,38,E
S1,2320,ieee_dataport/LoRa_RFFI-main/LoRa_RFFI/dataset/Test/channel_problem/E.h5,1603,,654bf596a1eb3e492a6570be58aa79101bd46ca5e5e37a0161fc69914bb887a4,39,E
S1,2321,ieee_dataport/LoRa_RFFI-main/LoRa_RFFI/dataset/Test/channel_problem/E.h5,1604,,f258d2b967a0ba590e4cf74b165d154aada89f73409a3d1228c8fa4d61ed2fdd,39,E
S1,2322,ieee_dataport/LoRa_RFFI-main/LoRa_RFFI/dataset/Test/channel_problem/E.h5,1606,,03ec98a92963650e2f294f4d211b1df2e7d3f0c36db515016ce815cbeb037c08,39,E
S1,2323,ieee_dataport/LoRa_RFFI-main/LoRa_RFFI/dataset/Test/channel_problem/E.h5,1613,,f19eb115b6562af40e6910164105552d32241209ad7874fca1cd87f282fd009e,39,E
S1,2324,ieee_dataport/LoRa_RFFI-main/LoRa_RFFI/dataset/Test/channel_problem/E.h5,1617,,c99db3ecc3cd2d396319d99a8754cfca081dcf6ee7fede31efbdf5056287a15e,39,E
S1,2325,ieee_dataport/LoRa_RFFI-main/LoRa_RFFI/dataset/Test/channel_problem/E.h5,1618,,9d3e63880a6d77580faedf411476c025848e97b18398eed06941c28996619177,39,E
S1,2326,ieee_dataport/LoRa_RFFI-main/LoRa_RFFI/dataset/Test/channel_problem/E.h5,1623,,dfe8e8ef6b3ec12e6340b8851d1506f19ee7f159e739d535e4336586d51ebc37,39,E
S1,2327,ieee_dataport/LoRa_RFFI-main/LoRa_RFFI/dataset/Test/channel_problem/E.h5,1624,,8582cdd30cea01aaa0af69258903f3ad7d1300900cf7169a09d87e76e306b2ee,39,E
S1,2328,ieee_dataport/LoRa_RFFI-main/LoRa_RFFI/dataset/Test/channel_problem/E.h5,1631,,2b3871d76f0d700fecd9be85817bdfaad3e6520558a42c62c7489ef03f1a3409,39,E
S1,2329,ieee_dataport/LoRa_RFFI-main/LoRa_RFFI/dataset/Test/channel_problem/E.h5,1632,,e682694e62d915af973f537894950f62e9e54c481542ba29e33805e029088480,39,E
S1,2330,ieee_dataport/LoRa_RFFI-main/LoRa_RFFI/dataset/Test/channel_problem/E.h5,1642,,226c681a7383fa02574e77a8e00ed9d229528ea4a1984cb2c75b1f636b7cf134,39,E
S1,2331,ieee_dataport/LoRa_RFFI-main/LoRa_RFFI/dataset/Test/channel_problem/E.h5,1645,,bd19b24bbe7f8ee4c92c89d2484af690aa93f3776d34052a21d1bae230199828,39,E
S1,2332,ieee_dataport/LoRa_RFFI-main/LoRa_RFFI/dataset/Test/channel_problem/E.h5,1647,,145d17358f6d57129199e63c13aaa3ed67e4218a9369e8eed7d446091f01172c,39,E
S1,2333,ieee_dataport/LoRa_RFFI-main/LoRa_RFFI/dataset/Test/channel_problem/E.h5,1648,,ad0c035a2bf8bbaebe099c9523607f8831986275b8e8c1979e7285c60238b1fb,39,E
S1,2334,ieee_dataport/LoRa_RFFI-main/LoRa_RFFI/dataset/Test/channel_problem/E.h5,1651,,17da2750ecd048f9819ce14a5c544d8c3f698822ce1c39ec34270e4547691fc0,39,E
S1,2335,ieee_dataport/LoRa_RFFI-main/LoRa_RFFI/dataset/Test/channel_problem/E.h5,1657,,951c672911a555d5df2518efbe0fc90b67937a4f26eeecf2f6115b7852043ae7,39,E
S1,2336,ieee_dataport/LoRa_RFFI-main/LoRa_RFFI/dataset/Test/channel_problem/E.h5,1665,,080ee2e1c7d5a7c51732f91b9f28a72efb9ec9ea22b5efca63e201cf0abe254c,39,E
S1,2337,ieee_dataport/LoRa_RFFI-main/LoRa_RFFI/dataset/Test/channel_problem/E.h5,1671,,375b6fbf42a223c601f7fa0443c3452c0660beb6911b9e30db2331bd3f00c3ed,39,E
S1,2338,ieee_dataport/LoRa_RFFI-main/LoRa_RFFI/dataset/Test/channel_problem/E.h5,1672,,953f78b662d4565a56955fcc3146934320eca70b412bb68260162db399c28c1d,39,E
S1,2339,ieee_dataport/LoRa_RFFI-main/LoRa_RFFI/dataset/Test/channel_problem/E.h5,1676,,e416ba087a63044601b66ea373c8167b780042d0cfad0f79f292a4557d7bdb0d,39,E
S1,2340,ieee_dataport/LoRa_RFFI-main/LoRa_RFFI/dataset/Test/channel_problem/E.h5,1680,,7abd0c89ca334a69b0ec5f83c3a01b725ffddd4b06e32ba183a8b48363c154d7,39,E
S1,2341,ieee_dataport/LoRa_RFFI-main/LoRa_RFFI/dataset/Test/channel_problem/E.h5,1682,,2bebd4c1d9a9c2df54906d387a7a525bb8a56a1573d5761980b62c4dccc5fb56,39,E
S1,2342,ieee_dataport/LoRa_RFFI-main/LoRa_RFFI/dataset/Test/channel_problem/E.h5,1693,,0f3e3dd733cbc338dc02c85f290209307a1b7add510f92b66b9302008d443608,39,E
S1,2343,ieee_dataport/LoRa_RFFI-main/LoRa_RFFI/dataset/Test/channel_problem/E.h5,1703,,beddd3668e154a15d948997678ba94d160219cb4e184fbfe34ca2ffb4c70dcf2,39,E
S1,2344,ieee_dataport/LoRa_RFFI-main/LoRa_RFFI/dataset/Test/channel_problem/E.h5,1706,,d82ad3f3ed0d3637bbacdf45adc17467f6249a581a61de3850e13fc323fcb373,39,E
S1,2345,ieee_dataport/LoRa_RFFI-main/LoRa_RFFI/dataset/Test/channel_problem/E.h5,1711,,22abf84c5182a152cbdfcc1f88a841a853b1531933e312294d7d8bf64ab217a7,39,E
S1,2346,ieee_dataport/LoRa_RFFI-main/LoRa_RFFI/dataset/Test/channel_problem/E.h5,1712,,826313ecbde421ae70a6377a6dcc0090bc2c2225d48fd2e92205816e9191023c,39,E
S1,2347,ieee_dataport/LoRa_RFFI-main/LoRa_RFFI/dataset/Test/channel_problem/E.h5,1724,,6fae49ee15ece750bb9192b45289e6c33d1c445a2411d3f381b42a70621dfe5c,39,E
S1,2348,ieee_dataport/LoRa_RFFI-main/LoRa_RFFI/dataset/Test/channel_problem/E.h5,1725,,7a738f5805da11acfd68a23629d5298030e244d494eec7f3d9d0dc810cb43d46,39,E
S1,2349,ieee_dataport/LoRa_RFFI-main/LoRa_RFFI/dataset/Test/channel_problem/E.h5,1731,,e77d15a39c7de2babd35fdd26228e127aadc63a2d304227f5154dedc22703154,39,E
S1,2350,ieee_dataport/LoRa_RFFI-main/LoRa_RFFI/dataset/Test/channel_problem/E.h5,1737,,116d1a5484931dc70b004e2351fa3646621919088c26dd99ec9afc550cc4a740,39,E
S1,2351,ieee_dataport/LoRa_RFFI-main/LoRa_RFFI/dataset/Test/channel_problem/E.h5,1739,,1dc67dc0cf835f77516b6ddaa1c7703e0d417413557cb364c266f89bed677138,39,E
S1,2352,ieee_dataport/LoRa_RFFI-main/LoRa_RFFI/dataset/Test/channel_problem/E.h5,1741,,c3933fed084200581b3b42cffe00a40f69852d8b18a5f4e690228ca2d65a09b2,39,E
S1,2353,ieee_dataport/LoRa_RFFI-main/LoRa_RFFI/dataset/Test/channel_problem/E.h5,1747,,3d17251667cdab98d741cf7de8bf7c696070221fce567df52bb843049be4ee13,39,E
S1,2354,ieee_dataport/LoRa_RFFI-main/LoRa_RFFI/dataset/Test/channel_problem/E.h5,1751,,52e173edd6e793d7ccf1225de863f44ddd26b398526143835da8af28837c0d14,39,E
S1,2355,ieee_dataport/LoRa_RFFI-main/LoRa_RFFI/dataset/Test/channel_problem/E.h5,1754,,4a19d4fb902037c9fb011e52b9f2876bd70623df917597414db13c3a237b53ff,39,E
S1,2356,ieee_dataport/LoRa_RFFI-main/LoRa_RFFI/dataset/Test/channel_problem/E.h5,1762,,7770dcc83346c2396f7efd354adc142a5bc2fd856cf5c1f78305a4b455de887a,39,E
S1,2357,ieee_dataport/LoRa_RFFI-main/LoRa_RFFI/dataset/Test/channel_problem/E.h5,1770,,1cc28ef54488ec716376124854286296aa8b945d241e5decd619b46b66157e2c,39,E
S1,2358,ieee_dataport/LoRa_RFFI-main/LoRa_RFFI/dataset/Test/channel_problem/E.h5,1771,,6a1a4c915fbf9565a06227d74fe9aabd5c3521db4f209af606087d118e130107,39,E
S1,2359,ieee_dataport/LoRa_RFFI-main/LoRa_RFFI/dataset/Test/channel_problem/E.h5,1782,,e54a2cd34c29611cbc3db9e229aa0627082cc9bae6d1e761557c2be5a13ff1af,39,E
S1,2360,ieee_dataport/LoRa_RFFI-main/LoRa_RFFI/dataset/Test/channel_problem/E.h5,1800,,5ab9152f725d47660087c00ca1b4d8b10b792a347aa47f86acd48bed65376ccb,40,E
S1,2361,ieee_dataport/LoRa_RFFI-main/LoRa_RFFI/dataset/Test/channel_problem/E.h5,1804,,bfe3e7623df916f7fda357b1121348f42b770d049b9fec234eb9fa3ac7c2570b,40,E
S1,2362,ieee_dataport/LoRa_RFFI-main/LoRa_RFFI/dataset/Test/channel_problem/E.h5,1805,,17bb214022591dda26ae065248d2bc8329c46940225bde509e269e40b734e879,40,E
S1,2363,ieee_dataport/LoRa_RFFI-main/LoRa_RFFI/dataset/Test/channel_problem/E.h5,1816,,d3a684478d7a0e442148784bf4a1726a30b631e34022f93bb2bfe5b45302b5ae,40,E
S1,2364,ieee_dataport/LoRa_RFFI-main/LoRa_RFFI/dataset/Test/channel_problem/E.h5,1821,,afcc660ce463df1a3e426e5776aebf72a9e4bea4f30e1c85e3bc3d4da0bcf1e5,40,E
S1,2365,ieee_dataport/LoRa_RFFI-main/LoRa_RFFI/dataset/Test/channel_problem/E.h5,1822,,f3c2bd75461d44d12ac82ca1e502b0c4d5594e6834599c6706e0acf00a9a93f6,40,E
S1,2366,ieee_dataport/LoRa_RFFI-main/LoRa_RFFI/dataset/Test/channel_problem/E.h5,1830,,8f3418ec89e4fccf9c4e3a351e3ceac3c26392886ed93f737f90f1c685026d54,40,E
S1,2367,ieee_dataport/LoRa_RFFI-main/LoRa_RFFI/dataset/Test/channel_problem/E.h5,1833,,69313ef3cf34e4f89a75eb5f97cc206dc3bc67954274ceb3d4e78d5212e9719a,40,E
S1,2368,ieee_dataport/LoRa_RFFI-main/LoRa_RFFI/dataset/Test/channel_problem/E.h5,1835,,3c02135e2971403a2c5d2a2bd4d82907f8a49253c36c83abd44e91683c3451bd,40,E
S1,2369,ieee_dataport/LoRa_RFFI-main/LoRa_RFFI/dataset/Test/channel_problem/E.h5,1836,,c3c5127647e1652bf8cc1bc8cb88e8cf1547b5f1d2c1a718a7de18b1bd431b1c,40,E
S1,2370,ieee_dataport/LoRa_RFFI-main/LoRa_RFFI/dataset/Test/channel_problem/E.h5,1844,,2e144101630f42606c3abf77eda72d26a82242de53e4dd141fd7b63ad4dc32bf,40,E
S1,2371,ieee_dataport/LoRa_RFFI-main/LoRa_RFFI/dataset/Test/channel_problem/E.h5,1850,,d0530c77d277bae590e79ca56096ef1409ab7269c11635cfd03fa9c6544abfbe,40,E
S1,2372,ieee_dataport/LoRa_RFFI-main/LoRa_RFFI/dataset/Test/channel_problem/E.h5,1854,,cbcfc14db2c4ae84d0d1985cf327e20e777dc97793e0a3a9ec8eb184223a9b26,40,E
S1,2373,ieee_dataport/LoRa_RFFI-main/LoRa_RFFI/dataset/Test/channel_problem/E.h5,1855,,12eb86115abc306b0c1a3a1114a7abce01eeaa8ade9cdaa51e2ee4fe4971ade6,40,E
S1,2374,ieee_dataport/LoRa_RFFI-main/LoRa_RFFI/dataset/Test/channel_problem/E.h5,1864,,af90b384afad7c48f3a81c837459d623d4b5534b63e73101b9dcb6e8d3812fc2,40,E
S1,2375,ieee_dataport/LoRa_RFFI-main/LoRa_RFFI/dataset/Test/channel_problem/E.h5,1870,,eec14f2ca106340ebcdeb8ddde87c86dc99a9c7fc8b63977e436fc2669514590,40,E
S1,2376,ieee_dataport/LoRa_RFFI-main/LoRa_RFFI/dataset/Test/channel_problem/E.h5,1878,,570ae21282cd2524fb7a25842a197c23e5a1d20a916e429b47d1a66a3dcd8182,40,E
S1,2377,ieee_dataport/LoRa_RFFI-main/LoRa_RFFI/dataset/Test/channel_problem/E.h5,1879,,b7199ae35dba9b6a5a53d087301a4323da2efa60f424e0bc336260d6af059a1f,40,E
S1,2378,ieee_dataport/LoRa_RFFI-main/LoRa_RFFI/dataset/Test/channel_problem/E.h5,1880,,288c24074044da0c6cb8a501169cf5e99315f5e0b92490208a6e56a24a8f0112,40,E
S1,2379,ieee_dataport/LoRa_RFFI-main/LoRa_RFFI/dataset/Test/channel_problem/E.h5,1885,,e4b844de971d63f06990189f00c4601e4e9a4e907401be5dde159dbd68a7b044,40,E
S1,2380,ieee_dataport/LoRa_RFFI-main/LoRa_RFFI/dataset/Test/channel_problem/E.h5,1889,,52600eeeff3009f4fbd154a7fd80dca78a89ec15236f14c862f00b7ef7c2275c,40,E
S1,2381,ieee_dataport/LoRa_RFFI-main/LoRa_RFFI/dataset/Test/channel_problem/E.h5,1892,,d9e2e6307a07c046eead4c639135bd3cd08bae2fea6d53cd2fc5f95696c333d5,40,E
S1,2382,ieee_dataport/LoRa_RFFI-main/LoRa_RFFI/dataset/Test/channel_problem/E.h5,1897,,37184e0bfe742c2003558bbdd3391501ae9e431a70f80083afe9c3d5f0349003,40,E
S1,2383,ieee_dataport/LoRa_RFFI-main/LoRa_RFFI/dataset/Test/channel_problem/E.h5,1915,,51ebd95adb0909591b96488ef87731423ef3416201cc53666661c611158a6e61,40,E
S1,2384,ieee_dataport/LoRa_RFFI-main/LoRa_RFFI/dataset/Test/channel_problem/E.h5,1924,,bf21e5431503b71cc0bc6dd4f01223f1d368dab40218d840cb59b11cc5a18bc4,40,E
S1,2385,ieee_dataport/LoRa_RFFI-main/LoRa_RFFI/dataset/Test/channel_problem/E.h5,1926,,f597752711f51e75cb1267e5c199cac0d7f55b8422fed9c04d44651e32525570,40,E
S1,2386,ieee_dataport/LoRa_RFFI-main/LoRa_RFFI/dataset/Test/channel_problem/E.h5,1931,,2001f7b713e0f431185c516b0b42adb4e02fa20dbdbf63cb80ce5b69dbb354df,40,E
S1,2387,ieee_dataport/LoRa_RFFI-main/LoRa_RFFI/dataset/Test/channel_problem/E.h5,1933,,283eabe0569546f5629b441ad829e3701c28448da97af53205d2b46847bfab46,40,E
S1,2388,ieee_dataport/LoRa_RFFI-main/LoRa_RFFI/dataset/Test/channel_problem/E.h5,1947,,0fa368b60085ace10fbc3570ebb955d17bcb663918854c1644d83cf441b9831c,40,E
S1,2389,ieee_dataport/LoRa_RFFI-main/LoRa_RFFI/dataset/Test/channel_problem/E.h5,1950,,e12cfb45144f9f243b3bae32a3e06c45ceabd48534dc080db11b2e2a8e5be29f,40,E
S1,2390,ieee_dataport/LoRa_RFFI-main/LoRa_RFFI/dataset/Test/channel_problem/E.h5,1952,,e008233dd306110e7471a9c4936b95a933df15f08f3a596c03fc94d3adec8f87,40,E
S1,2391,ieee_dataport/LoRa_RFFI-main/LoRa_RFFI/dataset/Test/channel_problem/E.h5,1954,,69fff830699b2fa4fb61636dbb5f2c4b17c9922d962009ecab8787e295c0fba1,40,E
S1,2392,ieee_dataport/LoRa_RFFI-main/LoRa_RFFI/dataset/Test/channel_problem/E.h5,1955,,91ab645fee8a9b794fea4dce360f41101de58874d8c95826ad6e697d0545b1fd,40,E
S1,2393,ieee_dataport/LoRa_RFFI-main/LoRa_RFFI/dataset/Test/channel_problem/E.h5,1956,,00e8b4dc1d0c0ffb7933c196b362a30a1ea6b2172e4dcee09be10ca49b2b5965,40,E
S1,2394,ieee_dataport/LoRa_RFFI-main/LoRa_RFFI/dataset/Test/channel_problem/E.h5,1957,,d1d11f6aa1a18f7d15aff0ca7f30e14b4d622c78c0b2b25aefaab789b0f4eec1,40,E
S1,2395,ieee_dataport/LoRa_RFFI-main/LoRa_RFFI/dataset/Test/channel_problem/E.h5,1961,,be86f3f8cbf0c37521c2c38b30acf855bc9f8e645b1273c9e06293a95d954494,40,E
S1,2396,ieee_dataport/LoRa_RFFI-main/LoRa_RFFI/dataset/Test/channel_problem/E.h5,1967,,1a0b78a826e0ed53cc9229e424c2f4ed2698f8913e75618e49a0110601e796df,40,E
S1,2397,ieee_dataport/LoRa_RFFI-main/LoRa_RFFI/dataset/Test/channel_problem/E.h5,1968,,c56c6b63fa749442c46d52bf51134a69d3b316b5fff1e1e3d582735490ab7f4b,40,E
S1,2398,ieee_dataport/LoRa_RFFI-main/LoRa_RFFI/dataset/Test/channel_problem/E.h5,1971,,817ccb4d2d20afc842617f06b01cfe4a0d723b985bf449391078faac9a24c068,40,E
S1,2399,ieee_dataport/LoRa_RFFI-main/LoRa_RFFI/dataset/Test/channel_problem/E.h5,1984,,1ff9efc5c83fe08c798aaf5c1d9621ace57ff085c69621e5dd5da7486640eace,40,E
S1,2400,ieee_dataport/LoRa_RFFI-main/LoRa_RFFI/dataset/Test/channel_problem/F.h5,14,,e784b823da22e2c5fdca8ad7c4a9ad5ee604a66dbd782a0aa313b3ffe732caee,31,F
S1,2401,ieee_dataport/LoRa_RFFI-main/LoRa_RFFI/dataset/Test/channel_problem/F.h5,20,,d8be1195157096a53c34f3489a3b4be20d64e90a60cb32d5914d2864999e99fd,31,F
S1,2402,ieee_dataport/LoRa_RFFI-main/LoRa_RFFI/dataset/Test/channel_problem/F.h5,21,,d2a3c38b714781b602d3d6978390470ed77b6394131e2e81addf7823d5acc39d,31,F
S1,2403,ieee_dataport/LoRa_RFFI-main/LoRa_RFFI/dataset/Test/channel_problem/F.h5,24,,2ae7cbd1656f5e53c7361043ce01c786e61863bad09f70b123e9000f01e5d985,31,F
S1,2404,ieee_dataport/LoRa_RFFI-main/LoRa_RFFI/dataset/Test/channel_problem/F.h5,28,,92cdb036114d9d10da22e93c3ec55a8c44e3945d8c8930f02ccf04b8b7cb123b,31,F
S1,2405,ieee_dataport/LoRa_RFFI-main/LoRa_RFFI/dataset/Test/channel_problem/F.h5,31,,bbc79b7253848fd003172e632df08ec726bd83c6f62a24051928feb1d7d8fb93,31,F
S1,2406,ieee_dataport/LoRa_RFFI-main/LoRa_RFFI/dataset/Test/channel_problem/F.h5,37,,685835ec7fe1fd2c3c5fd628628ed24f64281d50f867981c8e0a59febd16d367,31,F
S1,2407,ieee_dataport/LoRa_RFFI-main/LoRa_RFFI/dataset/Test/channel_problem/F.h5,39,,5c125196da23f70cbedcb2b4b5eac2d94826b8dd63a5d144033e3af40ebffba9,31,F
S1,2408,ieee_dataport/LoRa_RFFI-main/LoRa_RFFI/dataset/Test/channel_problem/F.h5,43,,29a37f93fd5b2e7c37399c7af2a6d023e2946610b861059edcec331f1e4c297e,31,F
S1,2409,ieee_dataport/LoRa_RFFI-main/LoRa_RFFI/dataset/Test/channel_problem/F.h5,44,,b923b4d3800367c1db0034ae95fb64b4bb5ad1db37c7c5da054ac938e527caa6,31,F
S1,2410,ieee_dataport/LoRa_RFFI-main/LoRa_RFFI/dataset/Test/channel_problem/F.h5,45,,8d1a98daaacdc5302c7324c74c9a783e2cdec08bc261a8232571567f7c02d8f8,31,F
S1,2411,ieee_dataport/LoRa_RFFI-main/LoRa_RFFI/dataset/Test/channel_problem/F.h5,46,,4142476f1202776f473a8c014b6c9a18ae61c4b6a88eedde204265ae029c4a9a,31,F
S1,2412,ieee_dataport/LoRa_RFFI-main/LoRa_RFFI/dataset/Test/channel_problem/F.h5,51,,04d293e856dfd6c650c7bd682a92acfba967b9c30fda3dbe33693166e4eb23ce,31,F
S1,2413,ieee_dataport/LoRa_RFFI-main/LoRa_RFFI/dataset/Test/channel_problem/F.h5,53,,7267aa0963752ca2ad34d2b0a3be23cc4e690fa51f428f929f16bf9845859c1d,31,F
S1,2414,ieee_dataport/LoRa_RFFI-main/LoRa_RFFI/dataset/Test/channel_problem/F.h5,66,,9beb07a26369311be2f15d274b18eef97444b5685a4a178080251a99d8925ea4,31,F
S1,2415,ieee_dataport/LoRa_RFFI-main/LoRa_RFFI/dataset/Test/channel_problem/F.h5,68,,9c822376b4256521c9b1ae88c8b64205607e1211eb4a0adffe1a08f916bd4853,31,F
S1,2416,ieee_dataport/LoRa_RFFI-main/LoRa_RFFI/dataset/Test/channel_problem/F.h5,69,,72c944d83dbfbfedaeaa5871e7e4b52321135eb162c53568ace7e03d1e8ec5df,31,F
S1,2417,ieee_dataport/LoRa_RFFI-main/LoRa_RFFI/dataset/Test/channel_problem/F.h5,71,,80f59368673ab2ae2f774d2fc4a9b0395d4490ca0f4ef8d94f36edadfe9d8504,31,F
S1,2418,ieee_dataport/LoRa_RFFI-main/LoRa_RFFI/dataset/Test/channel_problem/F.h5,83,,442882ab337ad9c8d69cd86927e88afeecdf00f81989035cb21acd95689c83e2,31,F
S1,2419,ieee_dataport/LoRa_RFFI-main/LoRa_RFFI/dataset/Test/channel_problem/F.h5,84,,39d8809666c9b67544c0381a7dd187ce8ebb8d4f254074defb4f0f996b836ec8,31,F
S1,2420,ieee_dataport/LoRa_RFFI-main/LoRa_RFFI/dataset/Test/channel_problem/F.h5,91,,97dd45cca4372e7219733986d7ef2c7e72519fbb6749680b24a1f5548039f0a2,31,F
S1,2421,ieee_dataport/LoRa_RFFI-main/LoRa_RFFI/dataset/Test/channel_problem/F.h5,97,,d50a8d1eb981696e8bf952c8b4ea57ef36bda206294a092606b20a97aa90c16f,31,F
S1,2422,ieee_dataport/LoRa_RFFI-main/LoRa_RFFI/dataset/Test/channel_problem/F.h5,108,,afc234c8ecc4a0ece7214dc008850075648e4b7b1953cfb8eb9622d878dbcf63,31,F
S1,2423,ieee_dataport/LoRa_RFFI-main/LoRa_RFFI/dataset/Test/channel_problem/F.h5,118,,7471a57778872f21bd30c625f2adc6bdb508c3265acab1dab018b33e81c3b0a8,31,F
S1,2424,ieee_dataport/LoRa_RFFI-main/LoRa_RFFI/dataset/Test/channel_problem/F.h5,122,,518c7a92452220a18af79fd8704f8bb3b6dbb3e9d22f9e5048a0739efb51dacf,31,F
S1,2425,ieee_dataport/LoRa_RFFI-main/LoRa_RFFI/dataset/Test/channel_problem/F.h5,129,,a46eb78acdddab1b3e14d50fa255145cbd462898bb8250f9fb66955b913619c3,31,F
S1,2426,ieee_dataport/LoRa_RFFI-main/LoRa_RFFI/dataset/Test/channel_problem/F.h5,136,,63e30f7c02b47343f1195b94ae7289e1f30c50a63058c24cd7a3a4c0eadc2b57,31,F
S1,2427,ieee_dataport/LoRa_RFFI-main/LoRa_RFFI/dataset/Test/channel_problem/F.h5,137,,1e7412ef863d444d43704b1f2b59f358d9a32c9c435bc6675a515931f2d5ac46,31,F
S1,2428,ieee_dataport/LoRa_RFFI-main/LoRa_RFFI/dataset/Test/channel_problem/F.h5,138,,f87a8a162c66a23e81a55567ea46f9237ab89e59bc54257a30e593c5380f0a1b,31,F
S1,2429,ieee_dataport/LoRa_RFFI-main/LoRa_RFFI/dataset/Test/channel_problem/F.h5,147,,3cd7a1ba487e93b1c5dd3be8ce1c319235ca7ee61d5c17b08d3cd3c492ed61e2,31,F
S1,2430,ieee_dataport/LoRa_RFFI-main/LoRa_RFFI/dataset/Test/channel_problem/F.h5,150,,3b2bdd4d5b501ad0ef2a378033d0375308a4e2f9b09fc6bdd85a1ce64608dd54,31,F
S1,2431,ieee_dataport/LoRa_RFFI-main/LoRa_RFFI/dataset/Test/channel_problem/F.h5,156,,5c714d17d2d749b944b63f9d787d1fa0f44102175e83258d5f3d640ee19323c5,31,F
S1,2432,ieee_dataport/LoRa_RFFI-main/LoRa_RFFI/dataset/Test/channel_problem/F.h5,163,,62c58d69403c8b0e1f381dcb5e296543736f31de0bc1a1f38c87b54afd33f52c,31,F
S1,2433,ieee_dataport/LoRa_RFFI-main/LoRa_RFFI/dataset/Test/channel_problem/F.h5,167,,c8d478826fb1be501f66b604be2ba99a8adddf084040557b227e2c31dcb91054,31,F
S1,2434,ieee_dataport/LoRa_RFFI-main/LoRa_RFFI/dataset/Test/channel_problem/F.h5,171,,384e0993832ed4c3df784606137b66a8862d2471aa147e5cfba2aefc5d1abf1a,31,F
S1,2435,ieee_dataport/LoRa_RFFI-main/LoRa_RFFI/dataset/Test/channel_problem/F.h5,173,,86a9e9c1990dbd2ed86af6469389645dedf009dbbcce0cb56368eed409f3c594,31,F
S1,2436,ieee_dataport/LoRa_RFFI-main/LoRa_RFFI/dataset/Test/channel_problem/F.h5,190,,c8d705440fc54cea3b66f252f33a7dd40be1beae5145b47815caa7b66241f746,31,F
S1,2437,ieee_dataport/LoRa_RFFI-main/LoRa_RFFI/dataset/Test/channel_problem/F.h5,192,,50de2a16a47edb348c0c2a319844020cb4c1a16ede2f8b72fe66581035a9f16c,31,F
S1,2438,ieee_dataport/LoRa_RFFI-main/LoRa_RFFI/dataset/Test/channel_problem/F.h5,193,,9940e93eaa6e84516d49ff3e23ebdecf155c80d805034d056b60361fcb9903b2,31,F
S1,2439,ieee_dataport/LoRa_RFFI-main/LoRa_RFFI/dataset/Test/channel_problem/F.h5,197,,79cc750fdfddda416a8b0d142d94b6c5765acf33455fae2e7ce4a727979227a1,31,F
S1,2440,ieee_dataport/LoRa_RFFI-main/LoRa_RFFI/dataset/Test/channel_problem/F.h5,204,,d2b152fe0cc5baedb3575511439499522b8a8331f377ae19030485b98836e213,32,F
S1,2441,ieee_dataport/LoRa_RFFI-main/LoRa_RFFI/dataset/Test/channel_problem/F.h5,209,,e8be4638ee36d25f56361e1cd7033c05f217727f189a677fabd3319888179b2a,32,F
S1,2442,ieee_dataport/LoRa_RFFI-main/LoRa_RFFI/dataset/Test/channel_problem/F.h5,211,,e9e48d0c844da00afecf5552b382207333b4965cdb76f86318eec0e1ce735581,32,F
S1,2443,ieee_dataport/LoRa_RFFI-main/LoRa_RFFI/dataset/Test/channel_problem/F.h5,215,,766d03fa1b54fc31500c96923f0690ee9c2544df4072ec170fd78603c86de9e0,32,F
S1,2444,ieee_dataport/LoRa_RFFI-main/LoRa_RFFI/dataset/Test/channel_problem/F.h5,220,,d3eb0d17e72e3cefde6e5fcb9201f88fb878941fe0184814fcd48cef13c282ba,32,F
S1,2445,ieee_dataport/LoRa_RFFI-main/LoRa_RFFI/dataset/Test/channel_problem/F.h5,221,,c72a448ebc9b8a1a5a08e9260c4c248c0d0c042931e0ff93fda5fccc5d3b2339,32,F
S1,2446,ieee_dataport/LoRa_RFFI-main/LoRa_RFFI/dataset/Test/channel_problem/F.h5,223,,ac24f27ae80f51342f05b3c3d99761481f3408d0ea7d3c916c1a6eacc6b7f5e8,32,F
S1,2447,ieee_dataport/LoRa_RFFI-main/LoRa_RFFI/dataset/Test/channel_problem/F.h5,233,,d42640e115ad3ff1748989ede82cc8a24ffe948cbdffc381b42a3bc7101dc95a,32,F
S1,2448,ieee_dataport/LoRa_RFFI-main/LoRa_RFFI/dataset/Test/channel_problem/F.h5,236,,cda29f43fd07eec0945d6d8eb75a6534a0cd5b1f25c0a95d90e65509699da937,32,F
S1,2449,ieee_dataport/LoRa_RFFI-main/LoRa_RFFI/dataset/Test/channel_problem/F.h5,251,,3022ec7e7ebbe8d642ca31fef3aa479a3b62142ba239cc2d2702897f33c91fdd,32,F
S1,2450,ieee_dataport/LoRa_RFFI-main/LoRa_RFFI/dataset/Test/channel_problem/F.h5,254,,4e7b537293e27b1ae2002d68428c2ec73733430655017c36c129ee9aefc338af,32,F
S1,2451,ieee_dataport/LoRa_RFFI-main/LoRa_RFFI/dataset/Test/channel_problem/F.h5,256,,576e461076f0cf1778a7a5d08da22df1678a369430cca09b0ab800ff3b6dc110,32,F
S1,2452,ieee_dataport/LoRa_RFFI-main/LoRa_RFFI/dataset/Test/channel_problem/F.h5,267,,3b3f9706a754493f6880c5e95d5332f6101c73cb163ff73a1ca8a0a3ac47b4cc,32,F
S1,2453,ieee_dataport/LoRa_RFFI-main/LoRa_RFFI/dataset/Test/channel_problem/F.h5,271,,72a5f1ee8337d6a8f267dcf0372d13b07a454be7f40325c22b842e028f534d55,32,F
S1,2454,ieee_dataport/LoRa_RFFI-main/LoRa_RFFI/dataset/Test/channel_problem/F.h5,276,,4e9440b6fc406cc094ecaff7b29371ce37d281d8ccfad209e03a5a83f9cac6f9,32,F
S1,2455,ieee_dataport/LoRa_RFFI-main/LoRa_RFFI/dataset/Test/channel_problem/F.h5,287,,6497429e45be7d7d46e2b550f5746c759b2031d66243da65599ca11fe75b9332,32,F
S1,2456,ieee_dataport/LoRa_RFFI-main/LoRa_RFFI/dataset/Test/channel_problem/F.h5,293,,838573e5c5c661c5ac3b5d976b9420d29ab0f7cac7716d3cec08ffdc6b9d0e64,32,F
S1,2457,ieee_dataport/LoRa_RFFI-main/LoRa_RFFI/dataset/Test/channel_problem/F.h5,294,,d73fb10678337553d978b5266f66088b80462332fde441400f28bed8ed2e6984,32,F
S1,2458,ieee_dataport/LoRa_RFFI-main/LoRa_RFFI/dataset/Test/channel_problem/F.h5,296,,3863535d0f80d24bea8f610a0dc8ccef9186a3cd05f1e724da543fac940ebfcc,32,F
S1,2459,ieee_dataport/LoRa_RFFI-main/LoRa_RFFI/dataset/Test/channel_problem/F.h5,303,,da7905e1a44a0cc6fbd14e7246b655277bf6b83320a833ef32eabb104b44529c,32,F
S1,2460,ieee_dataport/LoRa_RFFI-main/LoRa_RFFI/dataset/Test/channel_problem/F.h5,304,,005ad25e9856d1112f6e992a86b90d548a46d5134d6fd528b1924fad58683c54,32,F
S1,2461,ieee_dataport/LoRa_RFFI-main/LoRa_RFFI/dataset/Test/channel_problem/F.h5,308,,fc32c8cc6789bf25c5b1b57f8d426f1b08aa8e259634ec9a5cb477fe63eb396a,32,F
S1,2462,ieee_dataport/LoRa_RFFI-main/LoRa_RFFI/dataset/Test/channel_problem/F.h5,316,,e6b6e5b98ce807f2bedebcc0c162b3fa786999f5d6d0eb0ca98e1c599223265a,32,F
S1,2463,ieee_dataport/LoRa_RFFI-main/LoRa_RFFI/dataset/Test/channel_problem/F.h5,318,,2f027551968ea267259571a226c8d5d657b5596f40d378d7462eee738b876dac,32,F
S1,2464,ieee_dataport/LoRa_RFFI-main/LoRa_RFFI/dataset/Test/channel_problem/F.h5,321,,3ae2479e28d1d366229cee514c3adab5e3a076146c9f50027d034af93c616bcc,32,F
S1,2465,ieee_dataport/LoRa_RFFI-main/LoRa_RFFI/dataset/Test/channel_problem/F.h5,330,,78097dd724c03882fcc16cd8a8f0ef7c50e21e78f574dab132f16a027369cc09,32,F
S1,2466,ieee_dataport/LoRa_RFFI-main/LoRa_RFFI/dataset/Test/channel_problem/F.h5,350,,7bbf9c042a6adcb41d4675f804f3dc541c64af176f388b6a73813a93d4f73de7,32,F
S1,2467,ieee_dataport/LoRa_RFFI-main/LoRa_RFFI/dataset/Test/channel_problem/F.h5,354,,3bf1d29e48514c757918d45465b9c962f1e055d2f83c958d8f7c28de0790faae,32,F
S1,2468,ieee_dataport/LoRa_RFFI-main/LoRa_RFFI/dataset/Test/channel_problem/F.h5,356,,6ff961533374bdbcc5bc2f3bc589b8d054d7c1c04c6295d21b4053f411ab2aaa,32,F
S1,2469,ieee_dataport/LoRa_RFFI-main/LoRa_RFFI/dataset/Test/channel_problem/F.h5,358,,6a3b5bb7a14637b2f98ba52ab8f27e80986d85aa51ca08a1367140b8f2e808a5,32,F
S1,2470,ieee_dataport/LoRa_RFFI-main/LoRa_RFFI/dataset/Test/channel_problem/F.h5,367,,7b9797096ecc25841e7c66900e5776a35ebed09d7474159dde537fce9bb732a3,32,F
S1,2471,ieee_dataport/LoRa_RFFI-main/LoRa_RFFI/dataset/Test/channel_problem/F.h5,369,,db2ed0fda2b0076b13df890cc325e21fc76061fa0352722d55781c0fc69703ad,32,F
S1,2472,ieee_dataport/LoRa_RFFI-main/LoRa_RFFI/dataset/Test/channel_problem/F.h5,372,,f86fc60fedfee00d5e42206a7ce667bf614fd95f90c0db6a5686ed9589ffadab,32,F
S1,2473,ieee_dataport/LoRa_RFFI-main/LoRa_RFFI/dataset/Test/channel_problem/F.h5,378,,87a13267845e82df1251ab21f3f4a6344904d571b9de43c01bb15651f96db89c,32,F
S1,2474,ieee_dataport/LoRa_RFFI-main/LoRa_RFFI/dataset/Test/channel_problem/F.h5,380,,2d07dad4e7a9c3559cff3b367ea39e3e5646def8c52d8921b743e93035078a1c,32,F
S1,2475,ieee_dataport/LoRa_RFFI-main/LoRa_RFFI/dataset/Test/channel_problem/F.h5,381,,a97572af1643b428d88721eee47377590e8ade5c0df28244728361fa82c0669c,32,F
S1,2476,ieee_dataport/LoRa_RFFI-main/LoRa_RFFI/dataset/Test/channel_problem/F.h5,382,,a49003479736769b029e2507903597656236e3313f71e9abe95e32318b715524,32,F
S1,2477,ieee_dataport/LoRa_RFFI-main/LoRa_RFFI/dataset/Test/channel_problem/F.h5,389,,ce30337755444b498e22ae37540357d429a18f7342a2863d0bc55772126e0e14,32,F
S1,2478,ieee_dataport/LoRa_RFFI-main/LoRa_RFFI/dataset/Test/channel_problem/F.h5,392,,bd3cdcfe3867d5ec615472a5b3cf62bfe70a6a8ac102ed66f02fc080c9995f99,32,F
S1,2479,ieee_dataport/LoRa_RFFI-main/LoRa_RFFI/dataset/Test/channel_problem/F.h5,394,,4fd950b344a3ba0d1008ddb38e66a94e5feb1cf1e32edae3f7a5dbe184374f93,32,F
S1,2480,ieee_dataport/LoRa_RFFI-main/LoRa_RFFI/dataset/Test/channel_problem/F.h5,403,,b5aaeab75574e9384f86cbd6ca0127e058436ec1b8562f8904687f96fd2c08ff,33,F
S1,2481,ieee_dataport/LoRa_RFFI-main/LoRa_RFFI/dataset/Test/channel_problem/F.h5,411,,8b498369cc8ee3138ca9836afaf4d438488f1cf28bb8be30df7f3ef8ccca4b3c,33,F
S1,2482,ieee_dataport/LoRa_RFFI-main/LoRa_RFFI/dataset/Test/channel_problem/F.h5,412,,8b589ae1b553f9a0a16988833a81013efa926662251ce17f96462c797a9172c3,33,F
S1,2483,ieee_dataport/LoRa_RFFI-main/LoRa_RFFI/dataset/Test/channel_problem/F.h5,413,,22823dfff5723975cc6bede27090ff012ed3cbbea562992ecb6748de64ae70d6,33,F
S1,2484,ieee_dataport/LoRa_RFFI-main/LoRa_RFFI/dataset/Test/channel_problem/F.h5,416,,4b3164bf16550bf4864a0011b69352f6a686e80200f4d44d1c257a7ea8a35849,33,F
S1,2485,ieee_dataport/LoRa_RFFI-main/LoRa_RFFI/dataset/Test/channel_problem/F.h5,417,,10a474f243ef4b9575f735706764bfe79e473e88bb0180e97301a0f7f342b60f,33,F
S1,2486,ieee_dataport/LoRa_RFFI-main/LoRa_RFFI/dataset/Test/channel_problem/F.h5,425,,69b8449a42f505a202faa9abf873aa13a8319c5d62b107fc5fa140a431716302,33,F
S1,2487,ieee_dataport/LoRa_RFFI-main/LoRa_RFFI/dataset/Test/channel_problem/F.h5,434,,b1f3b4bcd94fdb875a1e643e94f80f8add760d8049f98d8f8f53a9a89af5307e,33,F
S1,2488,ieee_dataport/LoRa_RFFI-main/LoRa_RFFI/dataset/Test/channel_problem/F.h5,442,,1f66622700f51b31e415945db2a41c51060b245a10ab4e665d84d8b75383dce6,33,F
S1,2489,ieee_dataport/LoRa_RFFI-main/LoRa_RFFI/dataset/Test/channel_problem/F.h5,445,,6b82f48a9a4df05e2b8a2bb8014b5277056a59fa9f1a7e066dd81fc61de89166,33,F
S1,2490,ieee_dataport/LoRa_RFFI-main/LoRa_RFFI/dataset/Test/channel_problem/F.h5,447,,b90a295e8eea00ee29c104e50c0425bbc3edc4e0473951b7deb12fe885bad624,33,F
S1,2491,ieee_dataport/LoRa_RFFI-main/LoRa_RFFI/dataset/Test/channel_problem/F.h5,456,,332c87e0ed0c34f652cbfa4da36e2a6926203796182d293d0aaf6ec058bcd70a,33,F
S1,2492,ieee_dataport/LoRa_RFFI-main/LoRa_RFFI/dataset/Test/channel_problem/F.h5,461,,c56f927029da56e7d72d6a0551b3b7e274e29759392de88aeea59970eda8992f,33,F
S1,2493,ieee_dataport/LoRa_RFFI-main/LoRa_RFFI/dataset/Test/channel_problem/F.h5,464,,ec0ff31dfef9947b15485653ade318ead297ba7f9b7a1b2adb7a3d790b4ba2a0,33,F
S1,2494,ieee_dataport/LoRa_RFFI-main/LoRa_RFFI/dataset/Test/channel_problem/F.h5,467,,59d76cfeef1a5e96d8e464cc1cb82ef5d6ccae1a09639661918d1f0fe82fd08f,33,F
S1,2495,ieee_dataport/LoRa_RFFI-main/LoRa_RFFI/dataset/Test/channel_problem/F.h5,472,,8f10ee43696c57e047972138d2dd1050ff53e96a6f44e02d95b43666e433fc82,33,F
S1,2496,ieee_dataport/LoRa_RFFI-main/LoRa_RFFI/dataset/Test/channel_problem/F.h5,473,,7d00f3123ed1e934676b9d95c25f35e48956905d73cc58e429fb0a7edc87ef71,33,F
S1,2497,ieee_dataport/LoRa_RFFI-main/LoRa_RFFI/dataset/Test/channel_problem/F.h5,476,,6b7fe5835aa3938d8a0ad6291b61b971cdde5d93ddecf1ac7e6d2ac139e45efc,33,F
S1,2498,ieee_dataport/LoRa_RFFI-main/LoRa_RFFI/dataset/Test/channel_problem/F.h5,478,,683b2e49d280669ba9aae0b37ad510ad37a157b4d6f264053e4061b30591f90d,33,F
S1,2499,ieee_dataport/LoRa_RFFI-main/LoRa_RFFI/dataset/Test/channel_problem/F.h5,492,,b3eb208043c09ac517f21d2c716c5f9c124308e0012cc7820143cd7522375111,33,F
S1,2500,ieee_dataport/LoRa_RFFI-main/LoRa_RFFI/dataset/Test/channel_problem/F.h5,498,,c0e88aea4d7baeccbd56df580fcc894f692355fdea33864b15c95d891afc00f0,33,F
S1,2501,ieee_dataport/LoRa_RFFI-main/LoRa_RFFI/dataset/Test/channel_problem/F.h5,499,,4748c545e8a277d586dbeba30fb0571d6e2c6e5f20bb508a729c65b8e5eca104,33,F
S1,2502,ieee_dataport/LoRa_RFFI-main/LoRa_RFFI/dataset/Test/channel_problem/F.h5,500,,d9634370838a643cd2e2bb3db544c5a7bace35fd925a8af58b3562692e65c598,33,F
S1,2503,ieee_dataport/LoRa_RFFI-main/LoRa_RFFI/dataset/Test/channel_problem/F.h5,501,,bb61f1c92de99d8d3aac32922cc0462490a641244e4ea6638701239335abd5de,33,F
S1,2504,ieee_dataport/LoRa_RFFI-main/LoRa_RFFI/dataset/Test/channel_problem/F.h5,505,,8a82b71a5b3eca3c903492142f85bb077ccdd402163a99dad921f98613ba18da,33,F
S1,2505,ieee_dataport/LoRa_RFFI-main/LoRa_RFFI/dataset/Test/channel_problem/F.h5,507,,a48407e48ff4d7a0bdcc23da4353cf2766fd169a261bde97a781a1e7cc8840f9,33,F
S1,2506,ieee_dataport/LoRa_RFFI-main/LoRa_RFFI/dataset/Test/channel_problem/F.h5,515,,5ddb32adf9acc31c399923b20b2c2094a3d1d3aa61720dbad4820942229eb64e,33,F
S1,2507,ieee_dataport/LoRa_RFFI-main/LoRa_RFFI/dataset/Test/channel_problem/F.h5,520,,cebebfcdc95519bcf36645ee639d910940a6c0efc08dcbffceee36c5cdcd9a4a,33,F
S1,2508,ieee_dataport/LoRa_RFFI-main/LoRa_RFFI/dataset/Test/channel_problem/F.h5,522,,7137f66818be5fd8b5f3942fd9f9273c1d4b94e81deb1ed7d55519060535d901,33,F
S1,2509,ieee_dataport/LoRa_RFFI-main/LoRa_RFFI/dataset/Test/channel_problem/F.h5,527,,9cbdc6347267bc55c542310700b78c92a3430922f6937c64ef8fd1e0263d82fc,33,F
S1,2510,ieee_dataport/LoRa_RFFI-main/LoRa_RFFI/dataset/Test/channel_problem/F.h5,529,,cd38133afd27c768c07f84876231b2d24ab1ded04108764d69590d1e85c13531,33,F
S1,2511,ieee_dataport/LoRa_RFFI-main/LoRa_RFFI/dataset/Test/channel_problem/F.h5,540,,76b100717ce9fafc87c0249ad5b5de699ce174aeafe0b7e30477f48c5be39510,33,F
S1,2512,ieee_dataport/LoRa_RFFI-main/LoRa_RFFI/dataset/Test/channel_problem/F.h5,541,,9460f40705a1cdbd7c6a3bc588d0e8216582a301032a4cb9bc901b98f14aea49,33,F
S1,2513,ieee_dataport/LoRa_RFFI-main/LoRa_RFFI/dataset/Test/channel_problem/F.h5,553,,da76308b2de5c125eee80a4cb817e21f70dcc099377610bd5ac7886359165bfd,33,F
S1,2514,ieee_dataport/LoRa_RFFI-main/LoRa_RFFI/dataset/Test/channel_problem/F.h5,560,,7aa054262929f69b4dbfe1242e583e11640871fcb01f1297c6c890e2f866792d,33,F
S1,2515,ieee_dataport/LoRa_RFFI-main/LoRa_RFFI/dataset/Test/channel_problem/F.h5,561,,7caccf40b4fe7068e43fa7e0e68753a319504c0e21b8ee179b7cf6dc2d1dab9d,33,F
S1,2516,ieee_dataport/LoRa_RFFI-main/LoRa_RFFI/dataset/Test/channel_problem/F.h5,565,,ee201a300da472f16269e48369696f0512b4719d1483780fb379c1b7222987f9,33,F
S1,2517,ieee_dataport/LoRa_RFFI-main/LoRa_RFFI/dataset/Test/channel_problem/F.h5,567,,ee22814d39a1401c321f1194c796775e51e51e21d317eb36f7da996694dc4160,33,F
S1,2518,ieee_dataport/LoRa_RFFI-main/LoRa_RFFI/dataset/Test/channel_problem/F.h5,569,,301234a5550a373848399ab5ac9c22c2617d26bddce787430d91df0a3ba15ef1,33,F
S1,2519,ieee_dataport/LoRa_RFFI-main/LoRa_RFFI/dataset/Test/channel_problem/F.h5,581,,e2486251a586b198dc1b7375ee3dddd54377c70ad7cdddc955e051127cf0a44b,33,F
S1,2520,ieee_dataport/LoRa_RFFI-main/LoRa_RFFI/dataset/Test/channel_problem/F.h5,611,,ccf54c102e6d3493a8e1f41723a6c72aedfd2715cf9b3863b22f1367c2425c3d,34,F
S1,2521,ieee_dataport/LoRa_RFFI-main/LoRa_RFFI/dataset/Test/channel_problem/F.h5,618,,3fce5340821c06b757d4af07d225da9883c76d69d95450f60ca18b7155971b9c,34,F
S1,2522,ieee_dataport/LoRa_RFFI-main/LoRa_RFFI/dataset/Test/channel_problem/F.h5,633,,44514fbd52f5e8bb4210cab0edb8b6d9550152407b6cbebcac321a71097bb902,34,F
S1,2523,ieee_dataport/LoRa_RFFI-main/LoRa_RFFI/dataset/Test/channel_problem/F.h5,640,,717e91c38c5b78b5a848845ed053c8fd5c49b4fbf0a0a8aa3a09968139429ac9,34,F
S1,2524,ieee_dataport/LoRa_RFFI-main/LoRa_RFFI/dataset/Test/channel_problem/F.h5,645,,135ea6521c282b5ab0d3e8b855d11c6831241446d122df1fababe5aee771695c,34,F
S1,2525,ieee_dataport/LoRa_RFFI-main/LoRa_RFFI/dataset/Test/channel_problem/F.h5,646,,8ccb5bd5c8a6e023c9cdc889eb95fe74c0dd2ddadc4073d879555fe529b8f503,34,F
S1,2526,ieee_dataport/LoRa_RFFI-main/LoRa_RFFI/dataset/Test/channel_problem/F.h5,648,,6e261e811e1989156d03ec4debee033eda1b187c5a89c1cf82cb69d40caf04d9,34,F
S1,2527,ieee_dataport/LoRa_RFFI-main/LoRa_RFFI/dataset/Test/channel_problem/F.h5,653,,a853becf116e4a00e8b6d91c994a8ee56dc167403492ac8efc0b54ee8567ab54,34,F
S1,2528,ieee_dataport/LoRa_RFFI-main/LoRa_RFFI/dataset/Test/channel_problem/F.h5,659,,3d8d9dfa6d44cd1952724055b688055c0e467a58e09b35978d52956f54349368,34,F
S1,2529,ieee_dataport/LoRa_RFFI-main/LoRa_RFFI/dataset/Test/channel_problem/F.h5,660,,b6ca9c12e6cf02db030c0614df77b035cd1858a63c83045806d2d6247b7c4671,34,F
S1,2530,ieee_dataport/LoRa_RFFI-main/LoRa_RFFI/dataset/Test/channel_problem/F.h5,664,,4423c83ce24cbbe27de8a3bff6ee8dd46f57e87315af48e92544579287014f57,34,F
S1,2531,ieee_dataport/LoRa_RFFI-main/LoRa_RFFI/dataset/Test/channel_problem/F.h5,668,,6fea5f5f6a6555014c7c018ddb28747230b6aa15718e8817d7fc450e20f1ce01,34,F
S1,2532,ieee_dataport/LoRa_RFFI-main/LoRa_RFFI/dataset/Test/channel_problem/F.h5,674,,f03c5976c9944813058b1dbe28f21f8515c7742dc472ad496c603b37286624b4,34,F
S1,2533,ieee_dataport/LoRa_RFFI-main/LoRa_RFFI/dataset/Test/channel_problem/F.h5,676,,cf38243ba9d7936c744adcbf4f0eaef5622635b96ee4702458de5cc593df5b08,34,F
S1,2534,ieee_dataport/LoRa_RFFI-main/LoRa_RFFI/dataset/Test/channel_problem/F.h5,681,,f951dea3b28cb34bd90d0f31c7cdaf8baa6c888dd29a36fec57452f6d8d849a7,34,F
S1,2535,ieee_dataport/LoRa_RFFI-main/LoRa_RFFI/dataset/Test/channel_problem/F.h5,683,,74e959271e47411421c54ddd48bb1ded1ca8a356d0c3899c5994892e06e66e7a,34,F
S1,2536,ieee_dataport/LoRa_RFFI-main/LoRa_RFFI/dataset/Test/channel_problem/F.h5,691,,fb7b1eaf320bf123e29cafd94d711c11baf74cca44c6aa4e9e4a39f273b123d3,34,F
S1,2537,ieee_dataport/LoRa_RFFI-main/LoRa_RFFI/dataset/Test/channel_problem/F.h5,696,,a7ba832c4d40e7ca2b60ed5cd484d81352c8611e65727c61dc7a22777194b230,34,F
S1,2538,ieee_dataport/LoRa_RFFI-main/LoRa_RFFI/dataset/Test/channel_problem/F.h5,701,,570a89c7480a8f72fd4f0226705ac5c69aa859c00db93b0e08414d9e251a483c,34,F
S1,2539,ieee_dataport/LoRa_RFFI-main/LoRa_RFFI/dataset/Test/channel_problem/F.h5,703,,c09e46363de9b8e3dd986cbd4097674fedb31751e9e6d640d297e6264b9be8f7,34,F
S1,2540,ieee_dataport/LoRa_RFFI-main/LoRa_RFFI/dataset/Test/channel_problem/F.h5,711,,70c1bfa25b39dbc05ab17d1feb3adae0640c4de3f62311a84e5db115cc0f3515,34,F
S1,2541,ieee_dataport/LoRa_RFFI-main/LoRa_RFFI/dataset/Test/channel_problem/F.h5,712,,6f733335e567bef96193352e7a521519ee5176849a54f88d68e441712e2cc7b2,34,F
S1,2542,ieee_dataport/LoRa_RFFI-main/LoRa_RFFI/dataset/Test/channel_problem/F.h5,715,,16ff407c767bc7f5de94c3b41f78a73c35ba6e515636e2ff5dbe1ecc369c45d7,34,F
S1,2543,ieee_dataport/LoRa_RFFI-main/LoRa_RFFI/dataset/Test/channel_problem/F.h5,717,,abb269f353c759a877c683d1f45b45acaf5467bee7c2647af2f89b2ef9e64d83,34,F
S1,2544,ieee_dataport/LoRa_RFFI-main/LoRa_RFFI/dataset/Test/channel_problem/F.h5,721,,d3794c0d260481d46468c8a1a049215f5ec89249cce2a9e62bf82adf2a84b8a2,34,F
S1,2545,ieee_dataport/LoRa_RFFI-main/LoRa_RFFI/dataset/Test/channel_problem/F.h5,727,,07ea27b8a3c4b83ff5768ca07c093255fbaed8a280e313ee77913ebf6c604858,34,F
S1,2546,ieee_dataport/LoRa_RFFI-main/LoRa_RFFI/dataset/Test/channel_problem/F.h5,732,,2f1da67781212c7caab32dc9d9b61b81e419604ce342a5ef3b04ac1654bb8564,34,F
S1,2547,ieee_dataport/LoRa_RFFI-main/LoRa_RFFI/dataset/Test/channel_problem/F.h5,749,,6d6844d466ef3ed724ef2659485207b309a9c1cacd7307619faca1db43e43cf3,34,F
S1,2548,ieee_dataport/LoRa_RFFI-main/LoRa_RFFI/dataset/Test/channel_problem/F.h5,750,,8f710faf27b23f925789f5c475efb29247c027424d2b3512c97470f912b884a0,34,F
S1,2549,ieee_dataport/LoRa_RFFI-main/LoRa_RFFI/dataset/Test/channel_problem/F.h5,753,,c9b3c0162c9178f3416e4e3dfb6ed2769e83956b9f6bcebda98b6351aa736c10,34,F
S1,2550,ieee_dataport/LoRa_RFFI-main/LoRa_RFFI/dataset/Test/channel_problem/F.h5,765,,a10d74f010c65054e3c870ff9f3b709bb23e26478b38cc969bfd3fd1502ac36f,34,F
S1,2551,ieee_dataport/LoRa_RFFI-main/LoRa_RFFI/dataset/Test/channel_problem/F.h5,767,,b7bc7b5c0df854fcf1e78fa464b39d7a02437bfbb720be8e2b7f87d6494404d4,34,F
S1,2552,ieee_dataport/LoRa_RFFI-main/LoRa_RFFI/dataset/Test/channel_problem/F.h5,769,,5f34067d1cfbd5f12a8ebb999535a85ce5210325b2a552f7b3e87d20930ebfd4,34,F
S1,2553,ieee_dataport/LoRa_RFFI-main/LoRa_RFFI/dataset/Test/channel_problem/F.h5,772,,5b72c56a784b75eaefd0abc1d8b379dbe5eca3b24859272c95f164112170fe8c,34,F
S1,2554,ieee_dataport/LoRa_RFFI-main/LoRa_RFFI/dataset/Test/channel_problem/F.h5,773,,488f3ac42e503f2e2d17f086d4796827526a43d04a9542ae8f8abed772449015,34,F
S1,2555,ieee_dataport/LoRa_RFFI-main/LoRa_RFFI/dataset/Test/channel_problem/F.h5,775,,635be406da9b7fa21d19a3941d9896daebea6c9863870eaab1549dc6c9edbf29,34,F
S1,2556,ieee_dataport/LoRa_RFFI-main/LoRa_RFFI/dataset/Test/channel_problem/F.h5,780,,f42a8dcccb57f5f97611939b94fd74ce904e796ed8d0676769ef9a238401d46e,34,F
S1,2557,ieee_dataport/LoRa_RFFI-main/LoRa_RFFI/dataset/Test/channel_problem/F.h5,781,,f14b7321b34b4788b4b64c83d76f122ae912101f70f13733364e2196340ee08c,34,F
S1,2558,ieee_dataport/LoRa_RFFI-main/LoRa_RFFI/dataset/Test/channel_problem/F.h5,796,,1115e6480fe18b620252ae1de09520c4549477a4188124d05682fdf4ebb68fc2,34,F
S1,2559,ieee_dataport/LoRa_RFFI-main/LoRa_RFFI/dataset/Test/channel_problem/F.h5,799,,c4051ca5a5a61a6a26f4e0ac6d7d6fc7f038a7e86ae744a449c3a4df82c8ca23,34,F
S1,2560,ieee_dataport/LoRa_RFFI-main/LoRa_RFFI/dataset/Test/channel_problem/F.h5,802,,387c4542e91059b1a12917c0908bb588da8fd7e91b8d8a25c1ec78d1820714f5,35,F
S1,2561,ieee_dataport/LoRa_RFFI-main/LoRa_RFFI/dataset/Test/channel_problem/F.h5,804,,43b312432130d4a72d78f57850f3d62d5c17f162eb17aab273930fb54a618003,35,F
S1,2562,ieee_dataport/LoRa_RFFI-main/LoRa_RFFI/dataset/Test/channel_problem/F.h5,806,,3d1f34a4dfcecc963243dbe705910eb900d5928bc7fd6876af2a3da928fc83e7,35,F
S1,2563,ieee_dataport/LoRa_RFFI-main/LoRa_RFFI/dataset/Test/channel_problem/F.h5,822,,16efffd8ae782132a979b4217b3f6f8d1cb18e3a96d579dc1cd29ab88eb6e798,35,F
S1,2564,ieee_dataport/LoRa_RFFI-main/LoRa_RFFI/dataset/Test/channel_problem/F.h5,828,,ca81c1db55619bbf929b468ec23a10607eabe180017152ce6762583a4f586941,35,F
S1,2565,ieee_dataport/LoRa_RFFI-main/LoRa_RFFI/dataset/Test/channel_problem/F.h5,829,,d61811dca6ac74dd6a2d108abd721eab096580cd52da1cdbff30b4daa65e6a4f,35,F
S1,2566,ieee_dataport/LoRa_RFFI-main/LoRa_RFFI/dataset/Test/channel_problem/F.h5,842,,b963867e06ac5f2d720601f7a56a098e39871634859f2d06a539ca800400601a,35,F
S1,2567,ieee_dataport/LoRa_RFFI-main/LoRa_RFFI/dataset/Test/channel_problem/F.h5,843,,36c34a6522e8441885e1b403e304ddd8ca12c83059323c2a438b5f66c21688c0,35,F
S1,2568,ieee_dataport/LoRa_RFFI-main/LoRa_RFFI/dataset/Test/channel_problem/F.h5,850,,ac6498b3b9dd49428bc9bbd6812cd244892a10cf0c879cececa2948b86335a52,35,F
S1,2569,ieee_dataport/LoRa_RFFI-main/LoRa_RFFI/dataset/Test/channel_problem/F.h5,855,,20bb682dd06bccb1e130ce4a999a4c6e5273916f133d9fc091c5297e1561b43e,35,F
S1,2570,ieee_dataport/LoRa_RFFI-main/LoRa_RFFI/dataset/Test/channel_problem/F.h5,863,,825b7e6980847afc2a074eccce377c52723c959ad2796931d3f29c2d6e833d67,35,F
S1,2571,ieee_dataport/LoRa_RFFI-main/LoRa_RFFI/dataset/Test/channel_problem/F.h5,867,,08d02a8f1c317de9f053d5692bbaf9b19641c90c94a5dd660c57dcbc63c20029,35,F
S1,2572,ieee_dataport/LoRa_RFFI-main/LoRa_RFFI/dataset/Test/channel_problem/F.h5,870,,3ef389a76eab21fa91870ac2ae0756e7cda281b0dd7a7fea78939f69bcdf4db8,35,F
S1,2573,ieee_dataport/LoRa_RFFI-main/LoRa_RFFI/dataset/Test/channel_problem/F.h5,872,,1f15702ab408e9b3c1fc2a47b6e7fae699474d7793f98c4cd059915bcc27caad,35,F
S1,2574,ieee_dataport/LoRa_RFFI-main/LoRa_RFFI/dataset/Test/channel_problem/F.h5,874,,1273c6742ebde5e9bbad52f40d3ead91c84ece406d4770953d5639a1e2f42777,35,F
S1,2575,ieee_dataport/LoRa_RFFI-main/LoRa_RFFI/dataset/Test/channel_problem/F.h5,884,,adf0525d0d1c754ac8fc506f46276fd428f9664636c6aed13814efd15094389b,35,F
S1,2576,ieee_dataport/LoRa_RFFI-main/LoRa_RFFI/dataset/Test/channel_problem/F.h5,885,,5d8a0762ddde26eb8793908658469e3717fecf0e72fc4edfb92fe37da7a53589,35,F
S1,2577,ieee_dataport/LoRa_RFFI-main/LoRa_RFFI/dataset/Test/channel_problem/F.h5,894,,38493dc4c0b6e6096d49d3e84a0d1693d2b88330f672b31b11e88bef0ca186f6,35,F
S1,2578,ieee_dataport/LoRa_RFFI-main/LoRa_RFFI/dataset/Test/channel_problem/F.h5,903,,36aed3dffb51cce8fadb56055c0040b206666b67f11f16edb172f62e12f38fb7,35,F
S1,2579,ieee_dataport/LoRa_RFFI-main/LoRa_RFFI/dataset/Test/channel_problem/F.h5,905,,a2b20f029837092d8e9e0d5301ebdb7b2a6dfc66f5ac3c9fc4d41ef85080a9bb,35,F
S1,2580,ieee_dataport/LoRa_RFFI-main/LoRa_RFFI/dataset/Test/channel_problem/F.h5,916,,8085404560e645e17af57c04dc9b680990844913e3e5d26374bfbda03a5dc5a9,35,F
S1,2581,ieee_dataport/LoRa_RFFI-main/LoRa_RFFI/dataset/Test/channel_problem/F.h5,918,,699eec3ee6af6abf73424c01b8b7bfec653e732727625cdec0e2ee39843bd66f,35,F
S1,2582,ieee_dataport/LoRa_RFFI-main/LoRa_RFFI/dataset/Test/channel_problem/F.h5,922,,f86299eb029b2f0d15ba92f820435356f926e366da8e9b38df2831f8eeb48bb5,35,F
S1,2583,ieee_dataport/LoRa_RFFI-main/LoRa_RFFI/dataset/Test/channel_problem/F.h5,923,,c1b08fa86c8c8424f24a41f60aa7e07d45daf5887d07ed4f51451382fce2d9b9,35,F
S1,2584,ieee_dataport/LoRa_RFFI-main/LoRa_RFFI/dataset/Test/channel_problem/F.h5,924,,248e3866a346a282bb1f3cbadb084bfb0b6358f510bc4219f532a31dcf2eb2e9,35,F
S1,2585,ieee_dataport/LoRa_RFFI-main/LoRa_RFFI/dataset/Test/channel_problem/F.h5,927,,c6bf1c097789b78ddf5c6ce2aaf2cefa9779f5b4ddebe02851c4feb7dea89b6e,35,F
S1,2586,ieee_dataport/LoRa_RFFI-main/LoRa_RFFI/dataset/Test/channel_problem/F.h5,932,,26e7d963b6c8ca96f3aed0b2a084a40aa3d9eec69863fe939136fa440286d190,35,F
S1,2587,ieee_dataport/LoRa_RFFI-main/LoRa_RFFI/dataset/Test/channel_problem/F.h5,934,,e70a085ad42f7d8c6a9bdd9d6a95f4a76ba748947b8e7ae9166e82a9aef79bfb,35,F
S1,2588,ieee_dataport/LoRa_RFFI-main/LoRa_RFFI/dataset/Test/channel_problem/F.h5,938,,1fe68a52b0027d2a751bb0f51c382e0fae7f35daee929c2fa2febc63d49680ff,35,F
S1,2589,ieee_dataport/LoRa_RFFI-main/LoRa_RFFI/dataset/Test/channel_problem/F.h5,939,,ba9151f10afdb60fcc3d51fef53d112c863c2dffa4ffdc0ca91c6f4606c37b27,35,F
S1,2590,ieee_dataport/LoRa_RFFI-main/LoRa_RFFI/dataset/Test/channel_problem/F.h5,941,,00fcd1acc79f1bd7f14adddae7122d7dccc8ea0ad0374fb7e80b36307c8d3758,35,F
S1,2591,ieee_dataport/LoRa_RFFI-main/LoRa_RFFI/dataset/Test/channel_problem/F.h5,942,,5b07394d80b31bcc3d72dea2a9308da5ce184c0994fcb1e4e49ff4c48ccfcbdb,35,F
S1,2592,ieee_dataport/LoRa_RFFI-main/LoRa_RFFI/dataset/Test/channel_problem/F.h5,943,,889e3c8e2f694bfb7580fdebc42825099b7724e8c770dbc970276d44cab3d9a0,35,F
S1,2593,ieee_dataport/LoRa_RFFI-main/LoRa_RFFI/dataset/Test/channel_problem/F.h5,946,,9ac87e837c8e193d9225408e5bdbd17d07be3865258e673956feacda08cbfcbb,35,F
S1,2594,ieee_dataport/LoRa_RFFI-main/LoRa_RFFI/dataset/Test/channel_problem/F.h5,957,,08807d0109607fb1c15f7a5c0b308e95e62e3aae8aca1a5df14736c3c05248b5,35,F
S1,2595,ieee_dataport/LoRa_RFFI-main/LoRa_RFFI/dataset/Test/channel_problem/F.h5,959,,697a61633e37f16efbe8ffed08421291c7e36dcc74a2e2f905e24b69a8a96ecb,35,F
S1,2596,ieee_dataport/LoRa_RFFI-main/LoRa_RFFI/dataset/Test/channel_problem/F.h5,961,,f6c82ef8fcaec946998328bdb20dc812e6f1085a73c1931aaa96c13eb216655d,35,F
S1,2597,ieee_dataport/LoRa_RFFI-main/LoRa_RFFI/dataset/Test/channel_problem/F.h5,970,,caa2c6e6da7c976f7cea6459eaaa0bff51fc771681539e57e3c3e3daaebbffae,35,F
S1,2598,ieee_dataport/LoRa_RFFI-main/LoRa_RFFI/dataset/Test/channel_problem/F.h5,991,,206aef357a787df886aee80c3c522f8a549deb0c7c4a41223fd60c44258fd0ab,35,F
S1,2599,ieee_dataport/LoRa_RFFI-main/LoRa_RFFI/dataset/Test/channel_problem/F.h5,997,,0479de67b760f3e8a45d2a2fff64b0c3cda2081d2f8df2ca45fbbeed28c33440,35,F
S1,2600,ieee_dataport/LoRa_RFFI-main/LoRa_RFFI/dataset/Test/channel_problem/F.h5,1004,,8a479ffbe1064d0fba7b21381b32acb0c9d73fcb279dbd2a148f29902825a541,36,F
S1,2601,ieee_dataport/LoRa_RFFI-main/LoRa_RFFI/dataset/Test/channel_problem/F.h5,1008,,60b862d7b3aee0663f478ca495da72f02c4a6212c89fce4e8c226ed84710520c,36,F
S1,2602,ieee_dataport/LoRa_RFFI-main/LoRa_RFFI/dataset/Test/channel_problem/F.h5,1015,,fc73598fa672bb8aea0b1bfd32542cead6f6cfb8d88f4e82e85a79d920f57091,36,F
S1,2603,ieee_dataport/LoRa_RFFI-main/LoRa_RFFI/dataset/Test/channel_problem/F.h5,1016,,691cf2194e90d79ed767fb337e1e98c695d4ea273b3cbc16b2eb29635ac18671,36,F
S1,2604,ieee_dataport/LoRa_RFFI-main/LoRa_RFFI/dataset/Test/channel_problem/F.h5,1017,,d5b2f3f3cd6a1166288a26d232252cc582339bd5e77a85441996908664b17e0e,36,F
S1,2605,ieee_dataport/LoRa_RFFI-main/LoRa_RFFI/dataset/Test/channel_problem/F.h5,1021,,8d124e0fc6298b6367d479048c60d71923c023db43015dc91fb9f5c8d2bf4419,36,F
S1,2606,ieee_dataport/LoRa_RFFI-main/LoRa_RFFI/dataset/Test/channel_problem/F.h5,1024,,ec7697b1fe9f7106cea64f94ec42b4b996e90328d80dfa3f26facbd036e82d62,36,F
S1,2607,ieee_dataport/LoRa_RFFI-main/LoRa_RFFI/dataset/Test/channel_problem/F.h5,1039,,c0f5e7a486f678776f5af2c006d2d21a0ebe3b02d527c9e14854db6a69ad587c,36,F
S1,2608,ieee_dataport/LoRa_RFFI-main/LoRa_RFFI/dataset/Test/channel_problem/F.h5,1045,,741838dad90be87daf248367900ba23e7a78fd987dbcbf2615db9ae547222753,36,F
S1,2609,ieee_dataport/LoRa_RFFI-main/LoRa_RFFI/dataset/Test/channel_problem/F.h5,1047,,0768160775d1cf84a1e71acd2fa110678465acd672abcadc74f477e14f312055,36,F
S1,2610,ieee_dataport/LoRa_RFFI-main/LoRa_RFFI/dataset/Test/channel_problem/F.h5,1048,,2f723153a798c598f5a497bfa6e25d538abb7d582ad64f494027f8d7960139fb,36,F
S1,2611,ieee_dataport/LoRa_RFFI-main/LoRa_RFFI/dataset/Test/channel_problem/F.h5,1059,,5c69ff49fae13216fbaa7a502ea1e7d076d0df404c2fccdb0bdf26672b3c2089,36,F
S1,2612,ieee_dataport/LoRa_RFFI-main/LoRa_RFFI/dataset/Test/channel_problem/F.h5,1064,,90a089c313ef7ec6d2c0e4c5b6871dce1d7bb0c2b28af53dacae336644b1d1c8,36,F
S1,2613,ieee_dataport/LoRa_RFFI-main/LoRa_RFFI/dataset/Test/channel_problem/F.h5,1076,,bb7b560a4b82b814989ad17ff367374a34fdaf6a8cedfacc0dead4a53197f8b1,36,F
S1,2614,ieee_dataport/LoRa_RFFI-main/LoRa_RFFI/dataset/Test/channel_problem/F.h5,1077,,3e69bc4d67c3d3f16d991fb7aa9540edc40e08f3f4ecda66e8c70668dc7576cf,36,F
S1,2615,ieee_dataport/LoRa_RFFI-main/LoRa_RFFI/dataset/Test/channel_problem/F.h5,1082,,c39a339d06e79ce1af125e7badce4126bbe4dde936e1cfd859a58b073301e9ab,36,F
S1,2616,ieee_dataport/LoRa_RFFI-main/LoRa_RFFI/dataset/Test/channel_problem/F.h5,1091,,83c222a8a1a73550944371e4f6f5638b9854b04d5e93982179f14d9cbe289bb8,36,F
S1,2617,ieee_dataport/LoRa_RFFI-main/LoRa_RFFI/dataset/Test/channel_problem/F.h5,1098,,f7d3d03b6308c9c2b030975d21e4bffee91f99a2b5d02cd6222dca885584e8f1,36,F
S1,2618,ieee_dataport/LoRa_RFFI-main/LoRa_RFFI/dataset/Test/channel_problem/F.h5,1103,,4e730c93942b48f946630feb6e1143024d27d50e13e0cf74d1cf2d14585d2b66,36,F
S1,2619,ieee_dataport/LoRa_RFFI-main/LoRa_RFFI/dataset/Test/channel_problem/F.h5,1110,,5bf56d530def65c9efe0fcdee38a9dfdd1829e412151e7c12b27bc85f795ac29,36,F
S1,2620,ieee_dataport/LoRa_RFFI-main/LoRa_RFFI/dataset/Test/channel_problem/F.h5,1111,,5e37a3daf84d1477e694020216f9662e9bde790650c083ffb22cf692733c5d7d,36,F
S1,2621,ieee_dataport/LoRa_RFFI-main/LoRa_RFFI/dataset/Test/channel_problem/F.h5,1114,,68071f08b96b65a450d04d9130ea815310b25794e382178823538070f5ad1568,36,F
S1,2622,ieee_dataport/LoRa_RFFI-main/LoRa_RFFI/dataset/Test/channel_problem/F.h5,1115,,b79daea0acc92fbcdaf8b30e19447cf081e92947490982967595b0e11f9657eb,36,F
S1,2623,ieee_dataport/LoRa_RFFI-main/LoRa_RFFI/dataset/Test/channel_problem/F.h5,1120,,e19c61e2ec618886612e482113a7d9572c65f0cdece44a0c01708056a460a7b8,36,F
S1,2624,ieee_dataport/LoRa_RFFI-main/LoRa_RFFI/dataset/Test/channel_problem/F.h5,1126,,6ae8a6ead159aada8f9ef419ade129b7a22ceea7f6865297d7ea5ab7d2357a01,36,F
S1,2625,ieee_dataport/LoRa_RFFI-main/LoRa_RFFI/dataset/Test/channel_problem/F.h5,1128,,25c999c70c0e4f2c774907b6879459423c415a811bbbf55efe3e9492d44a81f4,36,F
S1,2626,ieee_dataport/LoRa_RFFI-main/LoRa_RFFI/dataset/Test/channel_problem/F.h5,1130,,82e899075398fffda0e2a00efc1122d7330fd9a2a099c53569afa317d923c57a,36,F
S1,2627,ieee_dataport/LoRa_RFFI-main/LoRa_RFFI/dataset/Test/channel_problem/F.h5,1135,,59a59e5b1bc7466601b9a79ec16baa164d94d3342da8bf843bae45f9e4a17cfb,36,F
S1,2628,ieee_dataport/LoRa_RFFI-main/LoRa_RFFI/dataset/Test/channel_problem/F.h5,1136,,752143a062585277ed0845ff7eeda5753b87665126945841d8020ecbfbb30a8f,36,F
S1,2629,ieee_dataport/LoRa_RFFI-main/LoRa_RFFI/dataset/Test/channel_problem/F.h5,1141,,cda18fe0d9b7efab590690891f70a992cfbffee0d675d656983e03a518d5f877,36,F
S1,2630,ieee_dataport/LoRa_RFFI-main/LoRa_RFFI/dataset/Test/channel_problem/F.h5,1154,,06ed45008eb78265c86a4adefa6a906ce939fd9a4f967c2633773c2bb384fd19,36,F
S1,2631,ieee_dataport/LoRa_RFFI-main/LoRa_RFFI/dataset/Test/channel_problem/F.h5,1162,,dde3da8947f4f72b01d90434902141c582ebc247f43aec0c196737120b28f093,36,F
S1,2632,ieee_dataport/LoRa_RFFI-main/LoRa_RFFI/dataset/Test/channel_problem/F.h5,1171,,dd55ad97721710b9d1cf3966f687063dd3488dd32bb596bde4ed4b9c2293d4ea,36,F
S1,2633,ieee_dataport/LoRa_RFFI-main/LoRa_RFFI/dataset/Test/channel_problem/F.h5,1173,,e9c8e73d11be1e20fb2d795a66c6c505fe5c6eb83ec674c7c575b3f70b6daf5a,36,F
S1,2634,ieee_dataport/LoRa_RFFI-main/LoRa_RFFI/dataset/Test/channel_problem/F.h5,1175,,c169d636541e04cd7febe6e11198be3509d569510bfe7123c8e65b2ea8faf11e,36,F
S1,2635,ieee_dataport/LoRa_RFFI-main/LoRa_RFFI/dataset/Test/channel_problem/F.h5,1176,,afb00bcb93171437bd0d4de67b8f7a8e42c005cc3baee76d75cc6bfe5fc58add,36,F
S1,2636,ieee_dataport/LoRa_RFFI-main/LoRa_RFFI/dataset/Test/channel_problem/F.h5,1182,,4b0168d0fbadd7719ff695998f56efa504a91f789d095077a2624708ee509c95,36,F
S1,2637,ieee_dataport/LoRa_RFFI-main/LoRa_RFFI/dataset/Test/channel_problem/F.h5,1183,,21fde7aac3a4df70c4bdcdc3929a7da6f7bed3c7e462880611aa55409a727de4,36,F
S1,2638,ieee_dataport/LoRa_RFFI-main/LoRa_RFFI/dataset/Test/channel_problem/F.h5,1192,,ae0698776fd07c2fd2f8cb155af120ac70968cc10e475a9d1c8cb64333ace143,36,F
S1,2639,ieee_dataport/LoRa_RFFI-main/LoRa_RFFI/dataset/Test/channel_problem/F.h5,1195,,98d5d34ed1d67d52db833ef72b7523d20b1b063e2e626d7e4c120e670d94c41b,36,F
S1,2640,ieee_dataport/LoRa_RFFI-main/LoRa_RFFI/dataset/Test/channel_problem/F.h5,1208,,ae3b2208937e34b0994817e7f96df3b334510bb516c5a409c3773e6780d93625,37,F
S1,2641,ieee_dataport/LoRa_RFFI-main/LoRa_RFFI/dataset/Test/channel_problem/F.h5,1209,,e7b74f119074ffa7a82ad172b2e9b5b31aec8444b092fa179d38af3841d61414,37,F
S1,2642,ieee_dataport/LoRa_RFFI-main/LoRa_RFFI/dataset/Test/channel_problem/F.h5,1213,,6f23355c491df57a55f9ed15a26f3aabe9562989fb97e8798f4e6b4d697febd3,37,F
S1,2643,ieee_dataport/LoRa_RFFI-main/LoRa_RFFI/dataset/Test/channel_problem/F.h5,1220,,0757852d4957789ff4b18aba222b1b0a71f060d8d3cbd01b30c5f0a7b741ee03,37,F
S1,2644,ieee_dataport/LoRa_RFFI-main/LoRa_RFFI/dataset/Test/channel_problem/F.h5,1225,,5bcfa3807f3351f6347b2144153a30fcef052c12f1d963ea1a4abf0e25346278,37,F
S1,2645,ieee_dataport/LoRa_RFFI-main/LoRa_RFFI/dataset/Test/channel_problem/F.h5,1228,,12abe8376d001a8e88af158ea9063e8a2df567ac543fbba8b31f47aef22e12fd,37,F
S1,2646,ieee_dataport/LoRa_RFFI-main/LoRa_RFFI/dataset/Test/channel_problem/F.h5,1237,,79bd458878b46f7046505dfdf9dabb98b25fc52365f542fae9b2e963b7071014,37,F
S1,2647,ieee_dataport/LoRa_RFFI-main/LoRa_RFFI/dataset/Test/channel_problem/F.h5,1239,,e985531eb4aacab92bf324b5aa59a3895df7be87bc38ea8cb3a042f86dd4fe62,37,F
S1,2648,ieee_dataport/LoRa_RFFI-main/LoRa_RFFI/dataset/Test/channel_problem/F.h5,1247,,1be3d0e396f2558108864d21382606d9dd5d38d082fc1601720a667710ade92d,37,F
S1,2649,ieee_dataport/LoRa_RFFI-main/LoRa_RFFI/dataset/Test/channel_problem/F.h5,1249,,9fe8f5527f90eee65e37949fa51e415c49b80ff83402326b04b7eadeea1252ed,37,F
S1,2650,ieee_dataport/LoRa_RFFI-main/LoRa_RFFI/dataset/Test/channel_problem/F.h5,1254,,319fb1d31b531f094544fdf337a5390230eaf847f268156f5afdfe5e76267f9b,37,F
S1,2651,ieee_dataport/LoRa_RFFI-main/LoRa_RFFI/dataset/Test/channel_problem/F.h5,1274,,2eb9bcadac1e7f9b5d67b5a3eaab78b0c91b1169b1cf790c185bb138aa0586c1,37,F
S1,2652,ieee_dataport/LoRa_RFFI-main/LoRa_RFFI/dataset/Test/channel_problem/F.h5,1275,,07f8c694b34231175fc26766bf3438784cd6a8b6c840bfd38e6b53c8696b4186,37,F
S1,2653,ieee_dataport/LoRa_RFFI-main/LoRa_RFFI/dataset/Test/channel_problem/F.h5,1284,,10af8c00842949227c425df73ad31b9cc124b4714a02dda7f9f46aa938b2c3e2,37,F
S1,2654,ieee_dataport/LoRa_RFFI-main/LoRa_RFFI/dataset/Test/channel_problem/F.h5,1288,,aff73e0a812b1d1a2700ee6dd1f881a06fe7f6dbdc6f08b072f2b024c297dde9,37,F
S1,2655,ieee_dataport/LoRa_RFFI-main/LoRa_RFFI/dataset/Test/channel_problem/F.h5,1289,,dd1ad1e445f1d06696213dda02a537f7d279fa723bb6d48cb86b3f0ddfd7e048,37,F
S1,2656,ieee_dataport/LoRa_RFFI-main/LoRa_RFFI/dataset/Test/channel_problem/F.h5,1302,,c3875ba65af6f67233a03265fa1b4af4db7898df153876741227ac6a81f597ac,37,F
S1,2657,ieee_dataport/LoRa_RFFI-main/LoRa_RFFI/dataset/Test/channel_problem/F.h5,1304,,951220f22d4175c9d63d5e9b58cdbf6fda3351e27365d7aad3621e7561a63434,37,F
S1,2658,ieee_dataport/LoRa_RFFI-main/LoRa_RFFI/dataset/Test/channel_problem/F.h5,1306,,dc1c53bddca9cc81654bfc1b20d9147aa8c5449c826ded7ebaa6018d9d80fbaf,37,F
S1,2659,ieee_dataport/LoRa_RFFI-main/LoRa_RFFI/dataset/Test/channel_problem/F.h5,1307,,e1ef1c4fea39a01660eff0f1b7c5fa868e97eee2986f6ff880a6b6f1bc68f0bb,37,F
S1,2660,ieee_dataport/LoRa_RFFI-main/LoRa_RFFI/dataset/Test/channel_problem/F.h5,1318,,267d4f20cd005fa269055e3266a42e3b14f9a3a1a6e82593279e9a13819bb19b,37,F
S1,2661,ieee_dataport/LoRa_RFFI-main/LoRa_RFFI/dataset/Test/channel_problem/F.h5,1319,,ffb90c582cb63c601f7281297ca65b113cdf79d2dbb4b1a4c6929ef87cfd3821,37,F
S1,2662,ieee_dataport/LoRa_RFFI-main/LoRa_RFFI/dataset/Test/channel_problem/F.h5,1320,,59b007962005b227b9120361d2444d96380476ebe3dda8384797e4cd1b54cd19,37,F
S1,2663,ieee_dataport/LoRa_RFFI-main/LoRa_RFFI/dataset/Test/channel_problem/F.h5,1325,,05a36505ed3b40cbb7cbe23ef992bfd271e3b578cda30afd8def3d86ed0e1f84,37,F
S1,2664,ieee_dataport/LoRa_RFFI-main/LoRa_RFFI/dataset/Test/channel_problem/F.h5,1328,,24396505433881b8549757d567a7af623da1ab3c2f57d4cbf76df2ad8b2bb1eb,37,F
S1,2665,ieee_dataport/LoRa_RFFI-main/LoRa_RFFI/dataset/Test/channel_problem/F.h5,1330,,e8e9915e3cacf002b35524c94604a2d3d73391aef3c943f9081f0d92af63a104,37,F
S1,2666,ieee_dataport/LoRa_RFFI-main/LoRa_RFFI/dataset/Test/channel_problem/F.h5,1336,,b00c2984d8c7b80b575b7f11861e2bf77de430330c28b7b4783b2642d1cc045b,37,F
S1,2667,ieee_dataport/LoRa_RFFI-main/LoRa_RFFI/dataset/Test/channel_problem/F.h5,1337,,501c0dea2483cc2dc2e2515133201297fe7744804f4816790a35dc57e13afd1a,37,F
S1,2668,ieee_dataport/LoRa_RFFI-main/LoRa_RFFI/dataset/Test/channel_problem/F.h5,1338,,bf3512a0a9572f983c25899997d4c23802a106c064e17e6670212430b0273ac3,37,F
S1,2669,ieee_dataport/LoRa_RFFI-main/LoRa_RFFI/dataset/Test/channel_problem/F.h5,1342,,ff1685918a5a5d34d801f0eb60a696d405d7fc3bb34fcddf48efec4f6573d794,37,F
S1,2670,ieee_dataport/LoRa_RFFI-main/LoRa_RFFI/dataset/Test/channel_problem/F.h5,1343,,79f3a7d486040a53653d8e886faabbf558ed429a85085ed3894ef3cfb9dee16a,37,F
S1,2671,ieee_dataport/LoRa_RFFI-main/LoRa_RFFI/dataset/Test/channel_problem/F.h5,1346,,ec67fff06befe1270c2500e35b960836defb4b57ddd56900c8943d879ec7af19,37,F
S1,2672,ieee_dataport/LoRa_RFFI-main/LoRa_RFFI/dataset/Test/channel_problem/F.h5,1354,,81bdf4de755a582b48c3597a13d38d797c5e2bca5bb28a87ca47a12967f72a16,37,F
S1,2673,ieee_dataport/LoRa_RFFI-main/LoRa_RFFI/dataset/Test/channel_problem/F.h5,1361,,a0ecb1d58ca0b7e2e7c92dfb5d01aa1f21f6effb769bae1257dd5980cb9c6173,37,F
S1,2674,ieee_dataport/LoRa_RFFI-main/LoRa_RFFI/dataset/Test/channel_problem/F.h5,1364,,2f844f3d9b0eb85326633404637aa0a6e7bbe7ef59a13356f025aa7850276acf,37,F
S1,2675,ieee_dataport/LoRa_RFFI-main/LoRa_RFFI/dataset/Test/channel_problem/F.h5,1371,,be75115bffa7995f54b1505b028d94c273fe490a9ec9ee1aa965fd7ace86c4df,37,F
S1,2676,ieee_dataport/LoRa_RFFI-main/LoRa_RFFI/dataset/Test/channel_problem/F.h5,1381,,8e8a983e7e6810b244f1b2636731a3175aaeb15060aa91816f9b11cba8864656,37,F
S1,2677,ieee_dataport/LoRa_RFFI-main/LoRa_RFFI/dataset/Test/channel_problem/F.h5,1382,,404291a5008e4460cf49d6f4191ca87aff8cde2a73a2960fe118e27a0eb0e96f,37,F
S1,2678,ieee_dataport/LoRa_RFFI-main/LoRa_RFFI/dataset/Test/channel_problem/F.h5,1383,,2aee7fd58a8acf4d63b62cbdf9b288a5ba8d47961621afce77d73be665cdac30,37,F
S1,2679,ieee_dataport/LoRa_RFFI-main/LoRa_RFFI/dataset/Test/channel_problem/F.h5,1390,,a9789ebaecbe5e39007b178b49d4abaa13fabe0a205435e8ed2cf6ce231ea9ea,37,F
S1,2680,ieee_dataport/LoRa_RFFI-main/LoRa_RFFI/dataset/Test/channel_problem/F.h5,1404,,60b2010e21e76baf7f7c54a878203c0375b002ed1b61023f1f413552cf03b24d,38,F
S1,2681,ieee_dataport/LoRa_RFFI-main/LoRa_RFFI/dataset/Test/channel_problem/F.h5,1406,,07d15053a1f574c5e69e1060915bf93c33021678ba6400ca339b24ef84ab63f8,38,F
S1,2682,ieee_dataport/LoRa_RFFI-main/LoRa_RFFI/dataset/Test/channel_problem/F.h5,1408,,fa0c246e2fdfdbc08bc75fab70190a4e637501979afa0e381904d239567d0cc9,38,F
S1,2683,ieee_dataport/LoRa_RFFI-main/LoRa_RFFI/dataset/Test/channel_problem/F.h5,1409,,9bf9fd28da4e6a204a2adad1f01cd4e6ce2f2335309ebb64d7bcf107e236a860,38,F
S1,2684,ieee_dataport/LoRa_RFFI-main/LoRa_RFFI/dataset/Test/channel_problem/F.h5,1414,,828e715af91b10ad7ed4a967e1615b712b26f58fb960e0956a0803aa865b9fb0,38,F
S1,2685,ieee_dataport/LoRa_RFFI-main/LoRa_RFFI/dataset/Test/channel_problem/F.h5,1418,,7f2eb417c5adb43b6f92af094e611ed49cd191a8f3167ec01eaca592b3a0d877,38,F
S1,2686,ieee_dataport/LoRa_RFFI-main/LoRa_RFFI/dataset/Test/channel_problem/F.h5,1422,,f9ba5dbb9783c48e6909a2b329f598fb7d73ad695cc9571fd01bde725cdea1ea,38,F
S1,2687,ieee_dataport/LoRa_RFFI-main/LoRa_RFFI/dataset/Test/channel_problem/F.h5,1425,,4cc80c2a99e9bcf859b86dc065662719e1f79ae6aa67421edfdb028fe11baf52,38,F
S1,2688,ieee_dataport/LoRa_RFFI-main/LoRa_RFFI/dataset/Test/channel_problem/F.h5,1427,,89f0cf268fbfe224fc62f80a1843b12d918632f9e304e2f846c9a1325ae81f73,38,F
S1,2689,ieee_dataport/LoRa_RFFI-main/LoRa_RFFI/dataset/Test/channel_problem/F.h5,1430,,881ea95a1f0b9cb4bd143bb076ee6564a6f1e2b24be01977071b64a8f69020eb,38,F
S1,2690,ieee_dataport/LoRa_RFFI-main/LoRa_RFFI/dataset/Test/channel_problem/F.h5,1435,,eab365a78b10a025e0c8882faa47da9bf8de31709cd7f456d922ace0712205a9,38,F
S1,2691,ieee_dataport/LoRa_RFFI-main/LoRa_RFFI/dataset/Test/channel_problem/F.h5,1439,,584dfd29abcb9d416526936a8259e8a3d3b5ad4c7fa45543fe5c62d9e58dcead,38,F
S1,2692,ieee_dataport/LoRa_RFFI-main/LoRa_RFFI/dataset/Test/channel_problem/F.h5,1444,,5860393962133a88bab2f03f58f201d7ffa48c7507396774cfb47e3f09ed872b,38,F
S1,2693,ieee_dataport/LoRa_RFFI-main/LoRa_RFFI/dataset/Test/channel_problem/F.h5,1449,,75bd9e9621c84f07d9a772f9b5b3aa9600c4f7cefd1190cef5d3e7fb0a808a54,38,F
S1,2694,ieee_dataport/LoRa_RFFI-main/LoRa_RFFI/dataset/Test/channel_problem/F.h5,1461,,f54224306870a6a5215c78c3c6c476111a981f034ab40299c4bee32ff3485a79,38,F
S1,2695,ieee_dataport/LoRa_RFFI-main/LoRa_RFFI/dataset/Test/channel_problem/F.h5,1467,,64bb42f0edb21cf42c5a6a53849e58b181fbfccde9d16d63a7245e2591a6d450,38,F
S1,2696,ieee_dataport/LoRa_RFFI-main/LoRa_RFFI/dataset/Test/channel_problem/F.h5,1481,,a7142c80b013355dd0f2a7a8b6645a1ee52147b564167dbbd27e928b1e2a8f33,38,F
S1,2697,ieee_dataport/LoRa_RFFI-main/LoRa_RFFI/dataset/Test/channel_problem/F.h5,1483,,6994b3e9ab4dbb72720dbee4a310096430f3d50fabc28c4607fcb7ce60a29b56,38,F
S1,2698,ieee_dataport/LoRa_RFFI-main/LoRa_RFFI/dataset/Test/channel_problem/F.h5,1492,,67c7eb9f5275510e19ecadb1a3e1b7b804a814e2582cfa284e9c2192a00cd1e3,38,F
S1,2699,ieee_dataport/LoRa_RFFI-main/LoRa_RFFI/dataset/Test/channel_problem/F.h5,1498,,41ade48ac65936f66ebbeb886ff6350da6ba1767d5db94ce2a3ea8581a83f2d0,38,F
S1,2700,ieee_dataport/LoRa_RFFI-main/LoRa_RFFI/dataset/Test/channel_problem/F.h5,1509,,51bbe1514a48ca76c7c94470214ae1852350426c4f693bdd482c806195b43ef5,38,F
S1,2701,ieee_dataport/LoRa_RFFI-main/LoRa_RFFI/dataset/Test/channel_problem/F.h5,1511,,43e2feccb8291d1b6d206edb1c53daacb549932f57f088692aaa81b02291f082,38,F
S1,2702,ieee_dataport/LoRa_RFFI-main/LoRa_RFFI/dataset/Test/channel_problem/F.h5,1516,,f1b13638e2da42725cc6b8864171f852ec1acef2244da35bcb6f617aa6648343,38,F
S1,2703,ieee_dataport/LoRa_RFFI-main/LoRa_RFFI/dataset/Test/channel_problem/F.h5,1519,,a609a1a8eb0b12dd48721187476a8eac4a52c24eca63a66903134665af8ce868,38,F
S1,2704,ieee_dataport/LoRa_RFFI-main/LoRa_RFFI/dataset/Test/channel_problem/F.h5,1520,,bc56cd8b720567a5d1c5751b0a2f64ca8cad4e310d523cd9cb2e077cf48e6c91,38,F
S1,2705,ieee_dataport/LoRa_RFFI-main/LoRa_RFFI/dataset/Test/channel_problem/F.h5,1524,,756951ff6abe13f8ddc77f1c04c74ccf8d42df6362db88700f3bdba0833ddb19,38,F
S1,2706,ieee_dataport/LoRa_RFFI-main/LoRa_RFFI/dataset/Test/channel_problem/F.h5,1527,,f07566491b123ead8eb1e679368cd2f1cf929a235636e02ba5131be6c40dcd1a,38,F
S1,2707,ieee_dataport/LoRa_RFFI-main/LoRa_RFFI/dataset/Test/channel_problem/F.h5,1534,,3ca7e9b30108b3f7375f7043551a554b36e873629b9acc78f810bf9a59cee0b8,38,F
S1,2708,ieee_dataport/LoRa_RFFI-main/LoRa_RFFI/dataset/Test/channel_problem/F.h5,1546,,9861ef6f1ecca305d6341936e51d62c47bb747427645bfe0f10345c967c25b18,38,F
S1,2709,ieee_dataport/LoRa_RFFI-main/LoRa_RFFI/dataset/Test/channel_problem/F.h5,1547,,fdc6789bb155b028c3a95eedd4d97d7edad25ff7fadcc81563c144c43a6b7c16,38,F
S1,2710,ieee_dataport/LoRa_RFFI-main/LoRa_RFFI/dataset/Test/channel_problem/F.h5,1548,,44c80148378cbd9ba5a670717e4437c0080668a71bbaecc8e0154f3c19518064,38,F
S1,2711,ieee_dataport/LoRa_RFFI-main/LoRa_RFFI/dataset/Test/channel_problem/F.h5,1549,,a0abf2bba7c652abd15ca1ce4d00df8aba94491c695319395a5fc01316a66bad,38,F
S1,2712,ieee_dataport/LoRa_RFFI-main/LoRa_RFFI/dataset/Test/channel_problem/F.h5,1552,,338fc2208d9b8412c935e0595f3c7910cd9c25630252375851a562a9c744b89c,38,F
S1,2713,ieee_dataport/LoRa_RFFI-main/LoRa_RFFI/dataset/Test/channel_problem/F.h5,1560,,05c0c8c4e726ac78482258fc7cd760feec89e81d08749daf26b66a28a8b2c10b,38,F
S1,2714,ieee_dataport/LoRa_RFFI-main/LoRa_RFFI/dataset/Test/channel_problem/F.h5,1564,,2c18d81f7736f5f7e13097e23bb9dded777b4a87a0ecb7662e048494a7b1d467,38,F
S1,2715,ieee_dataport/LoRa_RFFI-main/LoRa_RFFI/dataset/Test/channel_problem/F.h5,1565,,30bdef83a9933ba761e0c9efb88213c989010aa75b21034a0095e99b07fa52e4,38,F
S1,2716,ieee_dataport/LoRa_RFFI-main/LoRa_RFFI/dataset/Test/channel_problem/F.h5,1581,,bf578b168bf5af573486f529af86ce1aaec266c58b0285e43ea51b8e2ce5be2c,38,F
S1,2717,ieee_dataport/LoRa_RFFI-main/LoRa_RFFI/dataset/Test/channel_problem/F.h5,1589,,08be2281239d9508a579d92879d1a147b12ea67c6bdf0d8eb8b3a50a44072683,38,F
S1,2718,ieee_dataport/LoRa_RFFI-main/LoRa_RFFI/dataset/Test/channel_problem/F.h5,1590,,ac3c713db636cd17026e0a818ab806100d1b7414ad2c9d3f2049d724589076b6,38,F
S1,2719,ieee_dataport/LoRa_RFFI-main/LoRa_RFFI/dataset/Test/channel_problem/F.h5,1599,,c7a1a02da07524a14d9a678d4610ec2895d87135508542ce52dc269a621fbf4b,38,F
S1,2720,ieee_dataport/LoRa_RFFI-main/LoRa_RFFI/dataset/Test/channel_problem/F.h5,1602,,584cab62e56c3e41d27fcb53c7e487d05908dbe610d36ea4e461c5877c26012d,39,F
S1,2721,ieee_dataport/LoRa_RFFI-main/LoRa_RFFI/dataset/Test/channel_problem/F.h5,1610,,247e09c35af19981cb015872121c8e19117039608109c0b961aefbd59388271a,39,F
S1,2722,ieee_dataport/LoRa_RFFI-main/LoRa_RFFI/dataset/Test/channel_problem/F.h5,1616,,c80a6f097fc16a2537b978fd1981d61a5565d392f060279835b649b74aff0fcb,39,F
S1,2723,ieee_dataport/LoRa_RFFI-main/LoRa_RFFI/dataset/Test/channel_problem/F.h5,1625,,dee3e73b447744efaa61ac85469ec152db69e8e02a35d5d39a6e60186558d9b3,39,F
S1,2724,ieee_dataport/LoRa_RFFI-main/LoRa_RFFI/dataset/Test/channel_problem/F.h5,1631,,c02949796f81014c0bada01b4a6f72cd458593625dc186294ed28c1cb43b1abf,39,F
S1,2725,ieee_dataport/LoRa_RFFI-main/LoRa_RFFI/dataset/Test/channel_problem/F.h5,1632,,a67fae37a1d317aee1b766ac2972210fcdd1dd9cd90eb26d2c3b44bc89a859c7,39,F
S1,2726,ieee_dataport/LoRa_RFFI-main/LoRa_RFFI/dataset/Test/channel_problem/F.h5,1633,,d9b074f8700e94a69fd46e80a8a3325c069384533b318f3aa214901354498eb9,39,F
S1,2727,ieee_dataport/LoRa_RFFI-main/LoRa_RFFI/dataset/Test/channel_problem/F.h5,1636,,ea1a395f70288d78d0ae8cdc02f3b4745e6aee9e8b79d1bab49ceece06ff1bc5,39,F
S1,2728,ieee_dataport/LoRa_RFFI-main/LoRa_RFFI/dataset/Test/channel_problem/F.h5,1638,,c247e42097974a9b022ba39affb9b444386138aa347aa68e1116b6178b91a00f,39,F
S1,2729,ieee_dataport/LoRa_RFFI-main/LoRa_RFFI/dataset/Test/channel_problem/F.h5,1642,,379d172e77c1933416977ddb092947f605735fbe963cdda3596689b095b8ab2b,39,F
S1,2730,ieee_dataport/LoRa_RFFI-main/LoRa_RFFI/dataset/Test/channel_problem/F.h5,1643,,423698120a51e7fa8254f739290913e3b44d7a3f23bdcd4428d31e3abaf9c6db,39,F
S1,2731,ieee_dataport/LoRa_RFFI-main/LoRa_RFFI/dataset/Test/channel_problem/F.h5,1646,,a29e75757f5c2442b4b2c6a84195aebea2a693b486ac8d6a13fb6b968b95a8dc,39,F
S1,2732,ieee_dataport/LoRa_RFFI-main/LoRa_RFFI/dataset/Test/channel_problem/F.h5,1651,,72d3e78c85f2e2b003929b1176b10b86a84b57dfa5e2f5422fc7f87125518b4d,39,F
S1,2733,ieee_dataport/LoRa_RFFI-main/LoRa_RFFI/dataset/Test/channel_problem/F.h5,1663,,5ac79d4918f654a1e374ef58af6aa0bb8ed28058f69053bbd5873e4f5fe2ac13,39,F
S1,2734,ieee_dataport/LoRa_RFFI-main/LoRa_RFFI/dataset/Test/channel_problem/F.h5,1677,,dbc5c2e4702c93ca41b7e9934466b97ad81c5645ec6bc917b6bb7edbed3551c8,39,F
S1,2735,ieee_dataport/LoRa_RFFI-main/LoRa_RFFI/dataset/Test/channel_problem/F.h5,1680,,222a2bb63192102c45b832a20b9b6db1359943650b7e62d700e8b15c7d1712fb,39,F
S1,2736,ieee_dataport/LoRa_RFFI-main/LoRa_RFFI/dataset/Test/channel_problem/F.h5,1684,,3a3bc00b0842829406e1357bf689b144c0b09ba7d2549340e87c7b17248a85ca,39,F
S1,2737,ieee_dataport/LoRa_RFFI-main/LoRa_RFFI/dataset/Test/channel_problem/F.h5,1687,,b595d6bb9eecda98aa5cd11e5f2b050512bb534a50eb4c7f970dbd698f27b5aa,39,F
S1,2738,ieee_dataport/LoRa_RFFI-main/LoRa_RFFI/dataset/Test/channel_problem/F.h5,1696,,f51eca76f5982f272ac5f3b9b8da40b2388bd628575519c104a5ed7be9ae7f4a,39,F
S1,2739,ieee_dataport/LoRa_RFFI-main/LoRa_RFFI/dataset/Test/channel_problem/F.h5,1697,,488f18391d9849a035d824f09cc7a73071efaa47718d177aa7488ba68f8a2d5f,39,F
S1,2740,ieee_dataport/LoRa_RFFI-main/LoRa_RFFI/dataset/Test/channel_problem/F.h5,1698,,90a71a0da93fff30d78473c41d75fd74daf04e10619bd5bf58ce0b6fdb3e783e,39,F
S1,2741,ieee_dataport/LoRa_RFFI-main/LoRa_RFFI/dataset/Test/channel_problem/F.h5,1700,,52e2778649a9fc818766e94ed302ff820bfe471f9589866ee51e43b72f92cb82,39,F
S1,2742,ieee_dataport/LoRa_RFFI-main/LoRa_RFFI/dataset/Test/channel_problem/F.h5,1708,,669055f409e7d0e47a643d8d5ab483f241d4dcc6ef28298a17294c13041a5c68,39,F
S1,2743,ieee_dataport/LoRa_RFFI-main/LoRa_RFFI/dataset/Test/channel_problem/F.h5,1710,,4b826fbf276ba80e85317043f808e92b0e8fb02c57a66077703722023fe8c32b,39,F
S1,2744,ieee_dataport/LoRa_RFFI-main/LoRa_RFFI/dataset/Test/channel_problem/F.h5,1711,,31e14586a5977b0632cf82ffd16e0af0a7d8e19b1290c6d5c4414c80eede0e44,39,F
S1,2745,ieee_dataport/LoRa_RFFI-main/LoRa_RFFI/dataset/Test/channel_problem/F.h5,1724,,5ff7d481da269d864ed19a01f774133619905f0959a1e8641365370af43b36b6,39,F
S1,2746,ieee_dataport/LoRa_RFFI-main/LoRa_RFFI/dataset/Test/channel_problem/F.h5,1728,,a58d60c74992f6e5aa8870fd3b68787bd5ffd3ccb2bcba54705d2ee2ed146cdf,39,F
S1,2747,ieee_dataport/LoRa_RFFI-main/LoRa_RFFI/dataset/Test/channel_problem/F.h5,1729,,925f43fbdc2b70709a3b54f473fbc7456ffbc7db9aed972fd894bfcc638480ae,39,F
S1,2748,ieee_dataport/LoRa_RFFI-main/LoRa_RFFI/dataset/Test/channel_problem/F.h5,1730,,11c003232a2912653279e2e0476ed4bb262f0b06c6f929dde3f40f3fde130ea3,39,F
S1,2749,ieee_dataport/LoRa_RFFI-main/LoRa_RFFI/dataset/Test/channel_problem/F.h5,1733,,48d9a56cdfddc4a1d9a0fb49fb0af4104c5a5dd409d35f84044ae424932b4e8a,39,F
S1,2750,ieee_dataport/LoRa_RFFI-main/LoRa_RFFI/dataset/Test/channel_problem/F.h5,1743,,3b67e2e9ad77023d5e91c1791e56e66513f05860202d8ff0f274f8b691bb7998,39,F
S1,2751,ieee_dataport/LoRa_RFFI-main/LoRa_RFFI/dataset/Test/channel_problem/F.h5,1748,,629b50408bd601128515c75d17609a4253fcecfb38e48ff909709cb5bf4bd237,39,F
S1,2752,ieee_dataport/LoRa_RFFI-main/LoRa_RFFI/dataset/Test/channel_problem/F.h5,1752,,94ab8561646df79c55dd77a9c474f49c3dabb5052d0f943a99eeb8b2bc748648,39,F
S1,2753,ieee_dataport/LoRa_RFFI-main/LoRa_RFFI/dataset/Test/channel_problem/F.h5,1770,,a56edd30c4b36ce2dc0d0a06abfb814946b95ca3768cb3f6307631d759b2fc79,39,F
S1,2754,ieee_dataport/LoRa_RFFI-main/LoRa_RFFI/dataset/Test/channel_problem/F.h5,1771,,1373e2ba079f5e4b65feaeec512aad0b87de0cbaeb38cf386b950a0f6803f5cd,39,F
S1,2755,ieee_dataport/LoRa_RFFI-main/LoRa_RFFI/dataset/Test/channel_problem/F.h5,1777,,de8314e7228567274ef01d445df20a5d24f4abe1b1f50937c8de5345ef2332d4,39,F
S1,2756,ieee_dataport/LoRa_RFFI-main/LoRa_RFFI/dataset/Test/channel_problem/F.h5,1787,,ebb4b3b2d1b12b138864433a50089d590e006dbeb20720e2586ebab19a63830b,39,F
S1,2757,ieee_dataport/LoRa_RFFI-main/LoRa_RFFI/dataset/Test/channel_problem/F.h5,1792,,c4342fc3bc9c82779c0f1c73cbc4cf2ac957450a8e43b1eba400ee687675de92,39,F
S1,2758,ieee_dataport/LoRa_RFFI-main/LoRa_RFFI/dataset/Test/channel_problem/F.h5,1795,,ccd77a095d2f4b36984cb3dc0168bacf71d10f27daf64eb32a0929907cd0e7ff,39,F
S1,2759,ieee_dataport/LoRa_RFFI-main/LoRa_RFFI/dataset/Test/channel_problem/F.h5,1798,,94fb84d50230eaf084c0239d3b2e4909f35113750a845278c51a4d07eeefe48a,39,F
S1,2760,ieee_dataport/LoRa_RFFI-main/LoRa_RFFI/dataset/Test/channel_problem/F.h5,1801,,ed21a0b516723b9daf7a53d2505abcf46214e98645e5f2ae1a92d4e732ef2d12,40,F
S1,2761,ieee_dataport/LoRa_RFFI-main/LoRa_RFFI/dataset/Test/channel_problem/F.h5,1810,,9c595e3f47095e8db85784afaee07845d62c36b41de08421dd4ad0ca3dda27bf,40,F
S1,2762,ieee_dataport/LoRa_RFFI-main/LoRa_RFFI/dataset/Test/channel_problem/F.h5,1818,,3a7cbcbb96f66c2c34263cf37e1be939d6f849869bcbf08c0c943f8d259acf93,40,F
S1,2763,ieee_dataport/LoRa_RFFI-main/LoRa_RFFI/dataset/Test/channel_problem/F.h5,1824,,47a6fe44700441233a0b34257ceec93fad0d952e08fb759c36e792b4de94e691,40,F
S1,2764,ieee_dataport/LoRa_RFFI-main/LoRa_RFFI/dataset/Test/channel_problem/F.h5,1829,,2de1c636c3ba20af9be17f2a4bf641c26aacd09a74728f08de896e5b92483a61,40,F
S1,2765,ieee_dataport/LoRa_RFFI-main/LoRa_RFFI/dataset/Test/channel_problem/F.h5,1830,,79adf258cbad5d5e3a48ff71823aa42233ba19781d4fba39449c41693d498c89,40,F
S1,2766,ieee_dataport/LoRa_RFFI-main/LoRa_RFFI/dataset/Test/channel_problem/F.h5,1832,,c56430189b3c9147815b4817a279027d5456c7ba1255eabc508c5bf82edccb07,40,F
S1,2767,ieee_dataport/LoRa_RFFI-main/LoRa_RFFI/dataset/Test/channel_problem/F.h5,1834,,b7e433aabd349119ec306db32193a3b91b5835818952aac872f4419fc2c2ff5f,40,F
S1,2768,ieee_dataport/LoRa_RFFI-main/LoRa_RFFI/dataset/Test/channel_problem/F.h5,1835,,2dd4c8aa89e188c9eaea7336e5ddcbd7fe664b968a610dc0c77e6ffd5222398d,40,F
S1,2769,ieee_dataport/LoRa_RFFI-main/LoRa_RFFI/dataset/Test/channel_problem/F.h5,1838,,789341dfa155bd982de9ad3d8dc4d6fe4334ad2952fa34b5fd21b3ee113d53cd,40,F
S1,2770,ieee_dataport/LoRa_RFFI-main/LoRa_RFFI/dataset/Test/channel_problem/F.h5,1839,,c8ead19887a15d86cc96fb9a0b46edd02d032acaf8e7ca7666d4c16806d3a663,40,F
S1,2771,ieee_dataport/LoRa_RFFI-main/LoRa_RFFI/dataset/Test/channel_problem/F.h5,1847,,e6c6758c986c2ff7dedab35035b8e0570af20d99fde61407036201a130012374,40,F
S1,2772,ieee_dataport/LoRa_RFFI-main/LoRa_RFFI/dataset/Test/channel_problem/F.h5,1855,,522c69ccf4869826f766e0201345cf87e2fa2e2517b119d7782a1f10757a2190,40,F
S1,2773,ieee_dataport/LoRa_RFFI-main/LoRa_RFFI/dataset/Test/channel_problem/F.h5,1858,,9a2b6538a9a1138360e09b12d39a5b27eea06208640ef0ff98155c001345b1b4,40,F
S1,2774,ieee_dataport/LoRa_RFFI-main/LoRa_RFFI/dataset/Test/channel_problem/F.h5,1863,,f9a8d0f11ee7e283cf99d2a373101379980933a24d8af9e3ab87f2b8fa053160,40,F
S1,2775,ieee_dataport/LoRa_RFFI-main/LoRa_RFFI/dataset/Test/channel_problem/F.h5,1867,,665e7793ea005450867ce1f3fa8ac456de4a9e4fe03b0255ddf9cf54fc16ef18,40,F
S1,2776,ieee_dataport/LoRa_RFFI-main/LoRa_RFFI/dataset/Test/channel_problem/F.h5,1869,,58105fc85880b67c81e8efca6bbf9d952b84061a52e4fd01860befffcf909547,40,F
S1,2777,ieee_dataport/LoRa_RFFI-main/LoRa_RFFI/dataset/Test/channel_problem/F.h5,1877,,eba68a7e65b66aaf2a1dd277d30375e1668e1daa9f66c55cf9aa75fcf1628efd,40,F
S1,2778,ieee_dataport/LoRa_RFFI-main/LoRa_RFFI/dataset/Test/channel_problem/F.h5,1879,,4d9db3b00936c85dbe0126e4101c7a9c84884d5e69c3ab04298e74d0deb602be,40,F
S1,2779,ieee_dataport/LoRa_RFFI-main/LoRa_RFFI/dataset/Test/channel_problem/F.h5,1882,,fda1c53aee5882924138491cef09c4092be8b098d582ffe2ef5401e57f509f1d,40,F
S1,2780,ieee_dataport/LoRa_RFFI-main/LoRa_RFFI/dataset/Test/channel_problem/F.h5,1884,,266e2b654de37b729232405c3934986aaeeb6096bc070b101403dffebcc79da5,40,F
S1,2781,ieee_dataport/LoRa_RFFI-main/LoRa_RFFI/dataset/Test/channel_problem/F.h5,1887,,71c929ffcae0a3932ac16d1c597c58294281433159f3ccbe8eeab0f9ee7d1625,40,F
S1,2782,ieee_dataport/LoRa_RFFI-main/LoRa_RFFI/dataset/Test/channel_problem/F.h5,1889,,794fe72044b3561b63f9b4a7a6120584819c6f1746f84e82f79ccb305d72aab2,40,F
S1,2783,ieee_dataport/LoRa_RFFI-main/LoRa_RFFI/dataset/Test/channel_problem/F.h5,1904,,f0129a62e147c6aeede138c558a0f62d474553f19a6f83ce525f9a51ec57c4f2,40,F
S1,2784,ieee_dataport/LoRa_RFFI-main/LoRa_RFFI/dataset/Test/channel_problem/F.h5,1906,,98678ed5e4505a5242173beba32f77b2e7fe7d2ca16400926836151b4701f8cb,40,F
S1,2785,ieee_dataport/LoRa_RFFI-main/LoRa_RFFI/dataset/Test/channel_problem/F.h5,1911,,433b5e7b36b976862ca98075a41703db8e62ac50cb45c6533efb5d6cf1aadef7,40,F
S1,2786,ieee_dataport/LoRa_RFFI-main/LoRa_RFFI/dataset/Test/channel_problem/F.h5,1916,,69dd4b27a090fd2e03e7cc4d6470ef25aa9b058e257ff3e3d882af65ea189a71,40,F
S1,2787,ieee_dataport/LoRa_RFFI-main/LoRa_RFFI/dataset/Test/channel_problem/F.h5,1926,,a734c63ef219ef15606fd5e89d7f5ab6d2dad550510e0f76ac25984241507fbe,40,F
S1,2788,ieee_dataport/LoRa_RFFI-main/LoRa_RFFI/dataset/Test/channel_problem/F.h5,1928,,9fed4cc980e1e447c626180a944a2fdc1893301329edfb273aea4873b5ffb7ce,40,F
S1,2789,ieee_dataport/LoRa_RFFI-main/LoRa_RFFI/dataset/Test/channel_problem/F.h5,1949,,89542dc21fb30a96dc6a96f7009cd1fbad944a2de6145eee62643cf3cdfcec23,40,F
S1,2790,ieee_dataport/LoRa_RFFI-main/LoRa_RFFI/dataset/Test/channel_problem/F.h5,1954,,1e0aa54795c2a6c8c2a07dccd0a16db4c4241668a4d8004eed6c8970a4b313e9,40,F
S1,2791,ieee_dataport/LoRa_RFFI-main/LoRa_RFFI/dataset/Test/channel_problem/F.h5,1955,,a5438b37076421727b0e15c11c805374b107d4b854b6466a37cb4436aae7a889,40,F
S1,2792,ieee_dataport/LoRa_RFFI-main/LoRa_RFFI/dataset/Test/channel_problem/F.h5,1960,,187f37038fb814bdaa281cd407706fa5e4a7fa474f2ac1d1ea275e483435f53a,40,F
S1,2793,ieee_dataport/LoRa_RFFI-main/LoRa_RFFI/dataset/Test/channel_problem/F.h5,1974,,f978d59ff845c3e129d6b98b9eba4f1c7c7e8573102d0f19ff8746eb7d4c9507,40,F
S1,2794,ieee_dataport/LoRa_RFFI-main/LoRa_RFFI/dataset/Test/channel_problem/F.h5,1979,,d178b0bebecf514c00b8623270276647bb743afa10c1ce902c73d1484d733ab5,40,F
S1,2795,ieee_dataport/LoRa_RFFI-main/LoRa_RFFI/dataset/Test/channel_problem/F.h5,1988,,5cb9aee1e971a99b5fc852a384baedfe48acc5861bfd481efc58dbb1066453be,40,F
S1,2796,ieee_dataport/LoRa_RFFI-main/LoRa_RFFI/dataset/Test/channel_problem/F.h5,1992,,fd227135ed8b5a36201cc69679e862aea9317847586dd1e89742533921863b5e,40,F
S1,2797,ieee_dataport/LoRa_RFFI-main/LoRa_RFFI/dataset/Test/channel_problem/F.h5,1995,,9dac4b25211ba37cc05f9ff2a52b3e84877f69f602048ce5dadd5c3aee9a9594,40,F
S1,2798,ieee_dataport/LoRa_RFFI-main/LoRa_RFFI/dataset/Test/channel_problem/F.h5,1998,,26d10e96ec59c6a62c40c808e281d3de22c53c68944ffe52f4d709a65cfd2b1f,40,F
S1,2799,ieee_dataport/LoRa_RFFI-main/LoRa_RFFI/dataset/Test/channel_problem/F.h5,1999,,ca5f787189c3667403e16248ebe111118828193266dfe64eff0788ed4ba2bba7,40,F
S1,2800,ieee_dataport/LoRa_RFFI-main/LoRa_RFFI/dataset/Test/channel_problem/B_walk.h5,0,,8bb36a9c21e50aa462eb9f2a37426b8cd3a890512241ada612cdad575e3f3a39,31,B_walk
S1,2801,ieee_dataport/LoRa_RFFI-main/LoRa_RFFI/dataset/Test/channel_problem/B_walk.h5,4,,cb752cc3b5786defd2333f730e44d81d7b12008834da52a6d940f1793a604c2e,31,B_walk
S1,2802,ieee_dataport/LoRa_RFFI-main/LoRa_RFFI/dataset/Test/channel_problem/B_walk.h5,6,,9708ef4d35a74b73e5e095b0b669fa6d53c983eff0e6de20dd6e414919316249,31,B_walk
S1,2803,ieee_dataport/LoRa_RFFI-main/LoRa_RFFI/dataset/Test/channel_problem/B_walk.h5,8,,26649a7fe1716bb5845d33141e159be18b2d02e9d957941f5f3a15c61592c886,31,B_walk
S1,2804,ieee_dataport/LoRa_RFFI-main/LoRa_RFFI/dataset/Test/channel_problem/B_walk.h5,11,,085c4dedde46d45975ff213f8c59193f8eddc92a3cf50e74f86ab63550355238,31,B_walk
S1,2805,ieee_dataport/LoRa_RFFI-main/LoRa_RFFI/dataset/Test/channel_problem/B_walk.h5,24,,f2d257c2ba1381b2733879986f35d58139c840a111e915aaff79107c86274eab,31,B_walk
S1,2806,ieee_dataport/LoRa_RFFI-main/LoRa_RFFI/dataset/Test/channel_problem/B_walk.h5,27,,044156be1d0a3d4d0c5ff4f52773395dfde5f3ff8560189296c5f0e6ded581e9,31,B_walk
S1,2807,ieee_dataport/LoRa_RFFI-main/LoRa_RFFI/dataset/Test/channel_problem/B_walk.h5,29,,f3f820c5e0d473717ee805a851113cdd7ac13fa43613a3db6f679f2330269b9b,31,B_walk
S1,2808,ieee_dataport/LoRa_RFFI-main/LoRa_RFFI/dataset/Test/channel_problem/B_walk.h5,36,,d39d9f9f65ec82e23ef4a498d0a9988139c5c8832693cb4edd34d80570bfe010,31,B_walk
S1,2809,ieee_dataport/LoRa_RFFI-main/LoRa_RFFI/dataset/Test/channel_problem/B_walk.h5,44,,e618d59263391c231e2a878defe454444467212c609ec471b68c017d74e2af16,31,B_walk
S1,2810,ieee_dataport/LoRa_RFFI-main/LoRa_RFFI/dataset/Test/channel_problem/B_walk.h5,52,,70073a333f76030aec71e3d1d57e1564e167f3c6faccbdf2e98c85aeb2056dab,31,B_walk
S1,2811,ieee_dataport/LoRa_RFFI-main/LoRa_RFFI/dataset/Test/channel_problem/B_walk.h5,54,,4f22109e1138b153118e8f9f023e18878ac1a2f97671a5006d3e5c5e01a4131f,31,B_walk
S1,2812,ieee_dataport/LoRa_RFFI-main/LoRa_RFFI/dataset/Test/channel_problem/B_walk.h5,58,,5a7e1d7d944c6678171311986144f5ad6e1c581f44a14c8e7de88242d531ffa5,31,B_walk
S1,2813,ieee_dataport/LoRa_RFFI-main/LoRa_RFFI/dataset/Test/channel_problem/B_walk.h5,59,,cc8caf63997005236f98144280deaff31448f3caecd7b879986ce0c982b33719,31,B_walk
S1,2814,ieee_dataport/LoRa_RFFI-main/LoRa_RFFI/dataset/Test/channel_problem/B_walk.h5,61,,afdd14a1fb30cddb5dad63cb19ca1539000bb92e1b70da0b9cd1b9f1c6de2934,31,B_walk
S1,2815,ieee_dataport/LoRa_RFFI-main/LoRa_RFFI/dataset/Test/channel_problem/B_walk.h5,63,,29cd53e8dbf6f3e1e0255a0e13810fe90d5439bf89788be6768588a8248810a4,31,B_walk
S1,2816,ieee_dataport/LoRa_RFFI-main/LoRa_RFFI/dataset/Test/channel_problem/B_walk.h5,68,,2fdaaf68948c7de3338f39254c1b2e8dadf20c35be440ce5e7ae17d7c31e2309,31,B_walk
S1,2817,ieee_dataport/LoRa_RFFI-main/LoRa_RFFI/dataset/Test/channel_problem/B_walk.h5,71,,88d633a30fe19a1fce4ab2b41bc16b90ff66d595a24c6d1e00e2b7f90ba53016,31,B_walk
S1,2818,ieee_dataport/LoRa_RFFI-main/LoRa_RFFI/dataset/Test/channel_problem/B_walk.h5,74,,a9e16b40de1149fc7c1ea67217794eb7f80693153a8dbaa40e57d3aa48e675ec,31,B_walk
S1,2819,ieee_dataport/LoRa_RFFI-main/LoRa_RFFI/dataset/Test/channel_problem/B_walk.h5,77,,864778d039d22d497398893f038b3f7520642359869c23edd04351fcb76f2ae1,31,B_walk
S1,2820,ieee_dataport/LoRa_RFFI-main/LoRa_RFFI/dataset/Test/channel_problem/B_walk.h5,78,,307eb7bf026cd4e4b0278d92fa66764ab227c878012b2618c3c6d5af203e9e4f,31,B_walk
S1,2821,ieee_dataport/LoRa_RFFI-main/LoRa_RFFI/dataset/Test/channel_problem/B_walk.h5,80,,2e024a556a04b13a19f45fa685f0ef11f18b3a5a3fbe01e177848af5765d91c8,31,B_walk
S1,2822,ieee_dataport/LoRa_RFFI-main/LoRa_RFFI/dataset/Test/channel_problem/B_walk.h5,90,,5f8ff2d70611e12bd4a1ac2eacbf2667b887d80070bf45da4870c808c35c330a,31,B_walk
S1,2823,ieee_dataport/LoRa_RFFI-main/LoRa_RFFI/dataset/Test/channel_problem/B_walk.h5,93,,737613cf7722612b83ea640965f29b46487e22856662654b363dce5c7a15f7bc,31,B_walk
S1,2824,ieee_dataport/LoRa_RFFI-main/LoRa_RFFI/dataset/Test/channel_problem/B_walk.h5,97,,4e15bf5a63c18a7a385b655185046c9c156dc3bd0641e09a272e0e64de55ad86,31,B_walk
S1,2825,ieee_dataport/LoRa_RFFI-main/LoRa_RFFI/dataset/Test/channel_problem/B_walk.h5,107,,d9576f3944263fe3e0800ee2cff2165eb0f1d62d5536f7c1af8332314ae9322b,31,B_walk
S1,2826,ieee_dataport/LoRa_RFFI-main/LoRa_RFFI/dataset/Test/channel_problem/B_walk.h5,112,,d5dfd470b33c3730ba8f7d2c0a9db62bd47725ceef3a8772c043aada0b74c945,31,B_walk
S1,2827,ieee_dataport/LoRa_RFFI-main/LoRa_RFFI/dataset/Test/channel_problem/B_walk.h5,115,,7b31f51f76edf4c629a007a298613b1c43f36e798646216b2d49272d76f9ac27,31,B_walk
S1,2828,ieee_dataport/LoRa_RFFI-main/LoRa_RFFI/dataset/Test/channel_problem/B_walk.h5,118,,d5f1c50e278becfc7f77623641a61aaea000b92981aeb2a1ebe46a6c3320fa5f,31,B_walk
S1,2829,ieee_dataport/LoRa_RFFI-main/LoRa_RFFI/dataset/Test/channel_problem/B_walk.h5,119,,194e8aec341727a053ac58e2d3902944c6d282307e3f81d8416a48704af98712,31,B_walk
S1,2830,ieee_dataport/LoRa_RFFI-main/LoRa_RFFI/dataset/Test/channel_problem/B_walk.h5,128,,ed28e78263e32cdd82cac879118f44bec2f2aab4c80acfb7f88c6e4ba3c7bd42,31,B_walk
S1,2831,ieee_dataport/LoRa_RFFI-main/LoRa_RFFI/dataset/Test/channel_problem/B_walk.h5,134,,5b957bcdbae3a13df26e2dc31f2c93d5722014b5b83d2b8cbea5d23ae8310c3b,31,B_walk
S1,2832,ieee_dataport/LoRa_RFFI-main/LoRa_RFFI/dataset/Test/channel_problem/B_walk.h5,147,,e92250ffde409e1b0554d1b68cbd08cd938ae73a7682de33c7db41aa3c032fdd,31,B_walk
S1,2833,ieee_dataport/LoRa_RFFI-main/LoRa_RFFI/dataset/Test/channel_problem/B_walk.h5,155,,071c22c0e49f00fe7c8de1a7e7765609d26d559d7e1cc8190246767863af8cbc,31,B_walk
S1,2834,ieee_dataport/LoRa_RFFI-main/LoRa_RFFI/dataset/Test/channel_problem/B_walk.h5,160,,46d93c4706f9089cb56c70173692241da49019e941b01038e2d12498d8a93ea2,31,B_walk
S1,2835,ieee_dataport/LoRa_RFFI-main/LoRa_RFFI/dataset/Test/channel_problem/B_walk.h5,165,,155e83d92443436b009bb8d4f2d76266ed0cc9ad3174aaff0d8557ed7fe2c478,31,B_walk
S1,2836,ieee_dataport/LoRa_RFFI-main/LoRa_RFFI/dataset/Test/channel_problem/B_walk.h5,170,,cb424b2949ab4cdd7550a5e188d44ea445dc5e943d1ed712dfd20e1853819e4a,31,B_walk
S1,2837,ieee_dataport/LoRa_RFFI-main/LoRa_RFFI/dataset/Test/channel_problem/B_walk.h5,175,,7bc3902b28b7e803e8440f3fbce556e03b90f5b723ec56aef46a5d6791108c88,31,B_walk
S1,2838,ieee_dataport/LoRa_RFFI-main/LoRa_RFFI/dataset/Test/channel_problem/B_walk.h5,188,,31d83c640258e4cf6c1be2d21816f403ae4fc0c2c30e2313e16b07fbbf5b0374,31,B_walk
S1,2839,ieee_dataport/LoRa_RFFI-main/LoRa_RFFI/dataset/Test/channel_problem/B_walk.h5,197,,03b7a35572a96ce155fd81e9e149e7ea40e7d84e3debb3647a3435c472677a78,31,B_walk
S1,2840,ieee_dataport/LoRa_RFFI-main/LoRa_RFFI/dataset/Test/channel_problem/B_walk.h5,203,,becb47dfcc75f13f222618b41ffd85cae0747e727e8ce84eeb947ee50cc1ec0f,32,B_walk
S1,2841,ieee_dataport/LoRa_RFFI-main/LoRa_RFFI/dataset/Test/channel_problem/B_walk.h5,204,,381dab47d85200a4d3bf0fe91a685e52248b2e12e975a762c2d4af6cc0211340,32,B_walk
S1,2842,ieee_dataport/LoRa_RFFI-main/LoRa_RFFI/dataset/Test/channel_problem/B_walk.h5,206,,eaa601c4eab9d7c5388f25207196a57c4fd11daa24e45f2904fac3b50b4ba5bd,32,B_walk
S1,2843,ieee_dataport/LoRa_RFFI-main/LoRa_RFFI/dataset/Test/channel_problem/B_walk.h5,209,,8aa3f60ee3ed81351514ae5d2360239e3f1e322b81b28079cd9104b9eac5a385,32,B_walk
S1,2844,ieee_dataport/LoRa_RFFI-main/LoRa_RFFI/dataset/Test/channel_problem/B_walk.h5,229,,dec959e31099b403a6d7b0b0097559c30b41865b4323431b84075d9dbcdb195a,32,B_walk
S1,2845,ieee_dataport/LoRa_RFFI-main/LoRa_RFFI/dataset/Test/channel_problem/B_walk.h5,238,,431c6cafa613a9fb2b0fad588f3f3206836e58e88541e445563490e650585961,32,B_walk
S1,2846,ieee_dataport/LoRa_RFFI-main/LoRa_RFFI/dataset/Test/channel_problem/B_walk.h5,244,,3171f71ac2aac3bdfe64e859eed2dd518baf7149ed7a854f590853a46fc9cc65,32,B_walk
S1,2847,ieee_dataport/LoRa_RFFI-main/LoRa_RFFI/dataset/Test/channel_problem/B_walk.h5,245,,f94180d03061dfd719ab0705d338d20771c2e857a9b58709cd9cfecd22ce9bf9,32,B_walk
S1,2848,ieee_dataport/LoRa_RFFI-main/LoRa_RFFI/dataset/Test/channel_problem/B_walk.h5,246,,9072a1a90db88f3f7ba797bdf0674ccf641602aeafd287d4d3ea7d5216782361,32,B_walk
S1,2849,ieee_dataport/LoRa_RFFI-main/LoRa_RFFI/dataset/Test/channel_problem/B_walk.h5,250,,8fdd851ddaab5e2eb8bd838b706db371862d150d94f91f876eed61b7c32a6be2,32,B_walk
S1,2850,ieee_dataport/LoRa_RFFI-main/LoRa_RFFI/dataset/Test/channel_problem/B_walk.h5,253,,370cced7915fda028355fde1cf4394e3f7200598647ec0ff8a2eb56907195f88,32,B_walk
S1,2851,ieee_dataport/LoRa_RFFI-main/LoRa_RFFI/dataset/Test/channel_problem/B_walk.h5,259,,62721455bdfa6086bc6810b8bd50f7490dbab619686518b0343c54c9ed464fe1,32,B_walk
S1,2852,ieee_dataport/LoRa_RFFI-main/LoRa_RFFI/dataset/Test/channel_problem/B_walk.h5,268,,eba3aa83b7796bfc156e928734c3436da4c1942ba74c07c9ebde15eee56b9e42,32,B_walk
S1,2853,ieee_dataport/LoRa_RFFI-main/LoRa_RFFI/dataset/Test/channel_problem/B_walk.h5,270,,004b547efd91a677cdd3065651fbdc461d03c76d0ade430ef18a079d96a13f69,32,B_walk
S1,2854,ieee_dataport/LoRa_RFFI-main/LoRa_RFFI/dataset/Test/channel_problem/B_walk.h5,272,,42e0d76f26ddc8447ce4ac9045db6187fc63238add1558cbd5e9faa0acd02c87,32,B_walk
S1,2855,ieee_dataport/LoRa_RFFI-main/LoRa_RFFI/dataset/Test/channel_problem/B_walk.h5,273,,14a6a764e707321bdd28056b30f5ce21964ffcc96202cd366f2ddcc30771198a,32,B_walk
S1,2856,ieee_dataport/LoRa_RFFI-main/LoRa_RFFI/dataset/Test/channel_problem/B_walk.h5,276,,e206979903261ab75aec84284eed317c275878d9db5c9557706782e27cb4cc9f,32,B_walk
S1,2857,ieee_dataport/LoRa_RFFI-main/LoRa_RFFI/dataset/Test/channel_problem/B_walk.h5,282,,581cd7afe4c5764c3792a37c95bb9ecf877614753413e52ee82afb54d15b9393,32,B_walk
S1,2858,ieee_dataport/LoRa_RFFI-main/LoRa_RFFI/dataset/Test/channel_problem/B_walk.h5,286,,95eefecaf74253b6e482c23b399270b8ac54e4862f4d393e4b0686e166a20e60,32,B_walk
S1,2859,ieee_dataport/LoRa_RFFI-main/LoRa_RFFI/dataset/Test/channel_problem/B_walk.h5,287,,e22746374184f432914550d77cef2debcc454c49c6f3049fc1dc532ad18cd230,32,B_walk
S1,2860,ieee_dataport/LoRa_RFFI-main/LoRa_RFFI/dataset/Test/channel_problem/B_walk.h5,289,,beaa96fc9efa13f6f7393efb0a9f3549a9eeb4f7040b5017f58c11a9783a67be,32,B_walk
S1,2861,ieee_dataport/LoRa_RFFI-main/LoRa_RFFI/dataset/Test/channel_problem/B_walk.h5,293,,ee23a72ef502ce066bd1ad17f53559ea9c921bdb61ef2a5b56c32fe4902cc84e,32,B_walk
S1,2862,ieee_dataport/LoRa_RFFI-main/LoRa_RFFI/dataset/Test/channel_problem/B_walk.h5,298,,e74dfb6f292521312bed22786bac0f95719664ee7f676a3c00dfe27a7030a1e2,32,B_walk
S1,2863,ieee_dataport/LoRa_RFFI-main/LoRa_RFFI/dataset/Test/channel_problem/B_walk.h5,310,,b15bce5844ef40e92ecbdbbb476c0585bbcddc9de79f6fc9c5f149d6e7e7ef01,32,B_walk
S1,2864,ieee_dataport/LoRa_RFFI-main/LoRa_RFFI/dataset/Test/channel_problem/B_walk.h5,312,,508bf82c63a1a16b46e65795b9eb39d6350c023445fbd78a95556c9652b3435e,32,B_walk
S1,2865,ieee_dataport/LoRa_RFFI-main/LoRa_RFFI/dataset/Test/channel_problem/B_walk.h5,334,,74ba8312dfaee9e1a9b9fb64a85a4fb65cb0431b4a91ffba5830c25656e89871,32,B_walk
S1,2866,ieee_dataport/LoRa_RFFI-main/LoRa_RFFI/dataset/Test/channel_problem/B_walk.h5,336,,efc195e10f46e210f2863e1cb277314056c6d87efc28f11ca83fdb9db5bcf136,32,B_walk
S1,2867,ieee_dataport/LoRa_RFFI-main/LoRa_RFFI/dataset/Test/channel_problem/B_walk.h5,339,,ea169644cd8dadc044cd40e4d7d7f56d70e810f7ff4c4c63c6d4cbbbd558981e,32,B_walk
S1,2868,ieee_dataport/LoRa_RFFI-main/LoRa_RFFI/dataset/Test/channel_problem/B_walk.h5,340,,f3ec96c3101e39c3c32b0feed99eed307685ec45a114cd56d47359d84455b709,32,B_walk
S1,2869,ieee_dataport/LoRa_RFFI-main/LoRa_RFFI/dataset/Test/channel_problem/B_walk.h5,352,,8481b4a02b03b146ec765b90fd144ed1dc4380af0a7b5c7b7f1077bdd1d198f5,32,B_walk
S1,2870,ieee_dataport/LoRa_RFFI-main/LoRa_RFFI/dataset/Test/channel_problem/B_walk.h5,353,,44c74fd093fededb06b09d58d2d975c7377bd0034826b03ba839067bf6a463a4,32,B_walk
S1,2871,ieee_dataport/LoRa_RFFI-main/LoRa_RFFI/dataset/Test/channel_problem/B_walk.h5,358,,4df6e04d9ea4e865037b4803aa1ff91de052791b390383ea1737e69427604836,32,B_walk
S1,2872,ieee_dataport/LoRa_RFFI-main/LoRa_RFFI/dataset/Test/channel_problem/B_walk.h5,367,,96e6500ca041c9fabbfc1b442316520046bb2133d457fd9d4bae0d321f876192,32,B_walk
S1,2873,ieee_dataport/LoRa_RFFI-main/LoRa_RFFI/dataset/Test/channel_problem/B_walk.h5,368,,fb6b478e68cbcf25f8bcdff7c29ce45ecf8966a841c934efd45a9672eee7d1cd,32,B_walk
S1,2874,ieee_dataport/LoRa_RFFI-main/LoRa_RFFI/dataset/Test/channel_problem/B_walk.h5,374,,c2b16dbc74c187b99c3d2483e7c26668625c613ea7ee38d4d7b632f04d9cac9b,32,B_walk
S1,2875,ieee_dataport/LoRa_RFFI-main/LoRa_RFFI/dataset/Test/channel_problem/B_walk.h5,375,,259e46e693a24cad19a2a456faf4ef2e0365bbe5f0a86a834688e8aa2ee54a3b,32,B_walk
S1,2876,ieee_dataport/LoRa_RFFI-main/LoRa_RFFI/dataset/Test/channel_problem/B_walk.h5,377,,ab55c4dd5c14c0082d615b141bbaaec8033a025d5ee565205cf6e13e3832a8ef,32,B_walk
S1,2877,ieee_dataport/LoRa_RFFI-main/LoRa_RFFI/dataset/Test/channel_problem/B_walk.h5,378,,1fa25477d30b179f26a1f9b223b723d8897cd386a39225e8a1960c3e3049d8c0,32,B_walk
S1,2878,ieee_dataport/LoRa_RFFI-main/LoRa_RFFI/dataset/Test/channel_problem/B_walk.h5,381,,73537c38577100332758b262d46c9d79d23466310ce682a78e36e04ef1792485,32,B_walk
S1,2879,ieee_dataport/LoRa_RFFI-main/LoRa_RFFI/dataset/Test/channel_problem/B_walk.h5,382,,522e039fd4f9c27f22ac2fa8b36f5564f2fa4eab46d3951c788e673980e1dabf,32,B_walk
S1,2880,ieee_dataport/LoRa_RFFI-main/LoRa_RFFI/dataset/Test/channel_problem/B_walk.h5,407,,a78ea770b5ed30bba8e109d18a0732b384f63ee1a0a9207f636c1dbe84e5c70a,33,B_walk
S1,2881,ieee_dataport/LoRa_RFFI-main/LoRa_RFFI/dataset/Test/channel_problem/B_walk.h5,408,,22f036fefcae46f151b1c00b624814335fd9915cbf014bc0514a3842c11e52f3,33,B_walk
S1,2882,ieee_dataport/LoRa_RFFI-main/LoRa_RFFI/dataset/Test/channel_problem/B_walk.h5,416,,4154743f21015214e6107896e4d7be5627b280e2ba31063f651d7b12cc4a7cc1,33,B_walk
S1,2883,ieee_dataport/LoRa_RFFI-main/LoRa_RFFI/dataset/Test/channel_problem/B_walk.h5,417,,cca1373ba72788a4e7f90cde59e2d83b874b7c62c621cfb5abb18306bd7869ea,33,B_walk
S1,2884,ieee_dataport/LoRa_RFFI-main/LoRa_RFFI/dataset/Test/channel_problem/B_walk.h5,418,,6a57aa32f3a48ead6e370cee07893fe1ca43567e76eeb033af38333b8bae054f,33,B_walk
S1,2885,ieee_dataport/LoRa_RFFI-main/LoRa_RFFI/dataset/Test/channel_problem/B_walk.h5,420,,9d2d33fce70f189f781cf6eb3f75501a670eccc5651ac8909023c07011acd043,33,B_walk
S1,2886,ieee_dataport/LoRa_RFFI-main/LoRa_RFFI/dataset/Test/channel_problem/B_walk.h5,426,,c48f87cb62ca5e6921ab54cbe1ff52479c74c02118a800daf023d511cd0771be,33,B_walk
S1,2887,ieee_dataport/LoRa_RFFI-main/LoRa_RFFI/dataset/Test/channel_problem/B_walk.h5,427,,ed3cfd1dae8eb975f2f74e215137e1ceb118536515b328f9cc2b45a067014049,33,B_walk
S1,2888,ieee_dataport/LoRa_RFFI-main/LoRa_RFFI/dataset/Test/channel_problem/B_walk.h5,428,,a35e674a558d5673592e19a7d8d073f67ea8486ae8e6fdc6d4d5a82bbcafff11,33,B_walk
S1,2889,ieee_dataport/LoRa_RFFI-main/LoRa_RFFI/dataset/Test/channel_problem/B_walk.h5,438,,caf44a65f7fb2e80635a1017da679c3ad86ee4a85006bde758a4128ee334323c,33,B_walk
S1,2890,ieee_dataport/LoRa_RFFI-main/LoRa_RFFI/dataset/Test/channel_problem/B_walk.h5,439,,27061932d8af6c560af4bc5d5c58e26ca8150854f67aea1a94154e6ee32d3648,33,B_walk
S1,2891,ieee_dataport/LoRa_RFFI-main/LoRa_RFFI/dataset/Test/channel_problem/B_walk.h5,450,,98d62f58cba6d45dfae094e7d497eb7869b2132304f9dca0268e168a985670bf,33,B_walk
S1,2892,ieee_dataport/LoRa_RFFI-main/LoRa_RFFI/dataset/Test/channel_problem/B_walk.h5,451,,b1856466fc2c842ca5d3dea3632478ab587c87250141323109c0ed70541f0517,33,B_walk
S1,2893,ieee_dataport/LoRa_RFFI-main/LoRa_RFFI/dataset/Test/channel_problem/B_walk.h5,457,,b22eac0a5e290b1ae96d6f00eac5d38dfb3776b046aa8d4e94e34d76ee185e6b,33,B_walk
S1,2894,ieee_dataport/LoRa_RFFI-main/LoRa_RFFI/dataset/Test/channel_problem/B_walk.h5,473,,e5e467690a979a993afecebcee4ea96db31251e111fe2da01867acb7df33d56b,33,B_walk
S1,2895,ieee_dataport/LoRa_RFFI-main/LoRa_RFFI/dataset/Test/channel_problem/B_walk.h5,478,,5b5e81f5ebe351e5baf5b25f333af5b8679dd7cb970ca8516305c7cebf98efce,33,B_walk
S1,2896,ieee_dataport/LoRa_RFFI-main/LoRa_RFFI/dataset/Test/channel_problem/B_walk.h5,479,,965326cfe5cd2598d2f5d25449380d1184825cb8ea4e90984c46c5cc600f3940,33,B_walk
S1,2897,ieee_dataport/LoRa_RFFI-main/LoRa_RFFI/dataset/Test/channel_problem/B_walk.h5,480,,f430627440a2b96bf9d79a30b9d5a676e094902209fd2dd10548ab4bf249af86,33,B_walk
S1,2898,ieee_dataport/LoRa_RFFI-main/LoRa_RFFI/dataset/Test/channel_problem/B_walk.h5,487,,38ad252c2a687ec02cfa09ec53d9a4169c4da746ae31348f27a0d7ecd652df94,33,B_walk
S1,2899,ieee_dataport/LoRa_RFFI-main/LoRa_RFFI/dataset/Test/channel_problem/B_walk.h5,488,,c7616d044c08bd6c4eb6f3a92e83e63c0b3fd9596523c2ebe9b730cc6fe88d5c,33,B_walk
S1,2900,ieee_dataport/LoRa_RFFI-main/LoRa_RFFI/dataset/Test/channel_problem/B_walk.h5,491,,75b42bd2c9ec54aae74fd0ff929a5c118215affab4160900f8c35f93529f769f,33,B_walk
S1,2901,ieee_dataport/LoRa_RFFI-main/LoRa_RFFI/dataset/Test/channel_problem/B_walk.h5,498,,4d30ecff5afa9660a9c7255e923e13ee3b7e8fce619d35fe01df209ae4ce4146,33,B_walk
S1,2902,ieee_dataport/LoRa_RFFI-main/LoRa_RFFI/dataset/Test/channel_problem/B_walk.h5,499,,f84a13ed3efa441cf723548350f7ae2098378f2441a34a05e8911fc08f357d53,33,B_walk
S1,2903,ieee_dataport/LoRa_RFFI-main/LoRa_RFFI/dataset/Test/channel_problem/B_walk.h5,500,,5915b8d6367b7a038941fb7644317192765afd5163bd70b75e6451099af839f0,33,B_walk
S1,2904,ieee_dataport/LoRa_RFFI-main/LoRa_RFFI/dataset/Test/channel_problem/B_walk.h5,503,,14faa021a960b002546f1c16f871186261da53537809229311882a9c619ceda2,33,B_walk
S1,2905,ieee_dataport/LoRa_RFFI-main/LoRa_RFFI/dataset/Test/channel_problem/B_walk.h5,504,,853a423e499f17360d0a96dac7e289c561eddfb9408b4333f4747b59dd7ae2bc,33,B_walk
S1,2906,ieee_dataport/LoRa_RFFI-main/LoRa_RFFI/dataset/Test/channel_problem/B_walk.h5,517,,a02a17859d0f861afd4fc704993633c7bbaccfec242ebe58955e2ee33423cbe7,33,B_walk
S1,2907,ieee_dataport/LoRa_RFFI-main/LoRa_RFFI/dataset/Test/channel_problem/B_walk.h5,520,,1ed7327d57e4d3a09145088a3115beb7b4788a01fe1564e782caa0b23d007e4b,33,B_walk
S1,2908,ieee_dataport/LoRa_RFFI-main/LoRa_RFFI/dataset/Test/channel_problem/B_walk.h5,524,,84a00c3fa30131637bba1d9f4507d1d9e1c2476d72c652c48343afac04d1037e,33,B_walk
S1,2909,ieee_dataport/LoRa_RFFI-main/LoRa_RFFI/dataset/Test/channel_problem/B_walk.h5,530,,2b621dd8fea0454667521ce045ed60286fbf59fa2a589913cfc1ff402110826b,33,B_walk
S1,2910,ieee_dataport/LoRa_RFFI-main/LoRa_RFFI/dataset/Test/channel_problem/B_walk.h5,545,,42f23c3e487de04415d92dc992b34885fd7587f506be1cf8d27eec37df10fedf,33,B_walk
S1,2911,ieee_dataport/LoRa_RFFI-main/LoRa_RFFI/dataset/Test/channel_problem/B_walk.h5,546,,dca12b23915b7aabd288e532038f42413943c2e4d1140eb7435b0d3461d35815,33,B_walk
S1,2912,ieee_dataport/LoRa_RFFI-main/LoRa_RFFI/dataset/Test/channel_problem/B_walk.h5,547,,dd264ac2d713bb21b22b02727969084c1c1ad08c3c1b67ced8f611259117a5eb,33,B_walk
S1,2913,ieee_dataport/LoRa_RFFI-main/LoRa_RFFI/dataset/Test/channel_problem/B_walk.h5,548,,56cba8f56a2f78bd58bb1cbc06e5f092f288ef505400b0120801979c6f514dfb,33,B_walk
S1,2914,ieee_dataport/LoRa_RFFI-main/LoRa_RFFI/dataset/Test/channel_problem/B_walk.h5,575,,e5bb9935c99f2a570b5f6bd83e91b33401e7418e90137354821d84649e076ff1,33,B_walk
S1,2915,ieee_dataport/LoRa_RFFI-main/LoRa_RFFI/dataset/Test/channel_problem/B_walk.h5,580,,014d612dfd730fd121b5ea6e91c69fd84789ded2686d5fb537d2979077dc0f01,33,B_walk
S1,2916,ieee_dataport/LoRa_RFFI-main/LoRa_RFFI/dataset/Test/channel_problem/B_walk.h5,587,,d9f25f93850aace1521c3f218dbeb8d06e7e4ef585c2416e4dfd567909843293,33,B_walk
S1,2917,ieee_dataport/LoRa_RFFI-main/LoRa_RFFI/dataset/Test/channel_problem/B_walk.h5,589,,a2ae12efffb8a688a9fbcbefbd843492c365ebe45412e58ec1e708659b0be678,33,B_walk
S1,2918,ieee_dataport/LoRa_RFFI-main/LoRa_RFFI/dataset/Test/channel_problem/B_walk.h5,591,,5b7bad6d06052429a2b6cb8a18511c450b94ddaa6f422e4ada4823bc8dac2685,33,B_walk
S1,2919,ieee_dataport/LoRa_RFFI-main/LoRa_RFFI/dataset/Test/channel_problem/B_walk.h5,593,,a1646d60c65619db1db180630c810eda77fe6b2fceb406f54499a8ca08f79eeb,33,B_walk
S1,2920,ieee_dataport/LoRa_RFFI-main/LoRa_RFFI/dataset/Test/channel_problem/B_walk.h5,609,,e23f453566c910262cd7666874422cfcc0c31567512ee14fa61aeb4eca375e30,34,B_walk
S1,2921,ieee_dataport/LoRa_RFFI-main/LoRa_RFFI/dataset/Test/channel_problem/B_walk.h5,611,,255d73ab5dbee00a3948c191f579258e0dad4e6e5f89db934ac34c3fd3c7ebba,34,B_walk
S1,2922,ieee_dataport/LoRa_RFFI-main/LoRa_RFFI/dataset/Test/channel_problem/B_walk.h5,618,,017660f3f6ce862c7eb79ecc694de7afbf84af218f8c492537924f145c57ca5a,34,B_walk
S1,2923,ieee_dataport/LoRa_RFFI-main/LoRa_RFFI/dataset/Test/channel_problem/B_walk.h5,633,,ff5a72ebed13a4776248c8a9dca5784d2848eb71773da0a562ea75e70ecce0c1,34,B_walk
S1,2924,ieee_dataport/LoRa_RFFI-main/LoRa_RFFI/dataset/Test/channel_problem/B_walk.h5,636,,9907b7a6a5702b522c9c8d48a4e15d74fb588f95e2743ef1cf8ae915d3f765e7,34,B_walk
S1,2925,ieee_dataport/LoRa_RFFI-main/LoRa_RFFI/dataset/Test/channel_problem/B_walk.h5,638,,8d3b747e0254f4811cf1992bf77570f502c0aa016ce1fcca99544f5c71796717,34,B_walk
S1,2926,ieee_dataport/LoRa_RFFI-main/LoRa_RFFI/dataset/Test/channel_problem/B_walk.h5,639,,8bb7095e1d1312365c3a77436dd9270bebd7186ea92f83397e29fa4a5f3b2c49,34,B_walk
S1,2927,ieee_dataport/LoRa_RFFI-main/LoRa_RFFI/dataset/Test/channel_problem/B_walk.h5,643,,e4dcb4567f72be6797cbedbdc8f440587490ca496e0492ad0d963df907c0c582,34,B_walk
S1,2928,ieee_dataport/LoRa_RFFI-main/LoRa_RFFI/dataset/Test/channel_problem/B_walk.h5,644,,7d21a68ebefad8a659139ef3d1537ad1a5d821bffba83f8f3badd142545badca,34,B_walk
S1,2929,ieee_dataport/LoRa_RFFI-main/LoRa_RFFI/dataset/Test/channel_problem/B_walk.h5,646,,13534ea730f275a277df26954d19835e5f22a769c2e7aaf4177c5f3df5e9e956,34,B_walk
S1,2930,ieee_dataport/LoRa_RFFI-main/LoRa_RFFI/dataset/Test/channel_problem/B_walk.h5,653,,f28facdfdf1845d062ff7c233fdfab693c066793caa318337e46b28774a61e48,34,B_walk
S1,2931,ieee_dataport/LoRa_RFFI-main/LoRa_RFFI/dataset/Test/channel_problem/B_walk.h5,661,,e38a30e326e4b6b221fe582bab4aa18b7d5cb1b8854d3e1e3cd8758b9e0b85aa,34,B_walk
S1,2932,ieee_dataport/LoRa_RFFI-main/LoRa_RFFI/dataset/Test/channel_problem/B_walk.h5,664,,e45cb411c8477035ff9b32ea7df87114cfff669c13cd1062081fd969591bb0fa,34,B_walk
S1,2933,ieee_dataport/LoRa_RFFI-main/LoRa_RFFI/dataset/Test/channel_problem/B_walk.h5,669,,cbf5c8f85e96935f39c05c963887fd08794d54c7f9c12f22251c1aa39f723a43,34,B_walk
S1,2934,ieee_dataport/LoRa_RFFI-main/LoRa_RFFI/dataset/Test/channel_problem/B_walk.h5,678,,d45d76df9aa06c6c6bce6043b1a5da24e2eb007ae7c5e9dd41bac6d6eea3c91a,34,B_walk
S1,2935,ieee_dataport/LoRa_RFFI-main/LoRa_RFFI/dataset/Test/channel_problem/B_walk.h5,681,,6f8459c63b721474240c35b1a834cace22c576cd3f92a18e514b750644a94a14,34,B_walk
S1,2936,ieee_dataport/LoRa_RFFI-main/LoRa_RFFI/dataset/Test/channel_problem/B_walk.h5,690,,e44b09e8a0a8a520a629bef8393f648d51f4a5613eae23f81d4538acc5ddabda,34,B_walk
S1,2937,ieee_dataport/LoRa_RFFI-main/LoRa_RFFI/dataset/Test/channel_problem/B_walk.h5,696,,8d2a3d1b3c4c717fefa0f3a3e1fb35339900bb586d2d5ef5d12539d5e1a1c83f,34,B_walk
S1,2938,ieee_dataport/LoRa_RFFI-main/LoRa_RFFI/dataset/Test/channel_problem/B_walk.h5,702,,273ded0ed2e6bdc360051c356fa2ce42ae85b17e649fd6e743edb357f18e89e5,34,B_walk
S1,2939,ieee_dataport/LoRa_RFFI-main/LoRa_RFFI/dataset/Test/channel_problem/B_walk.h5,703,,3ea9ce85cbfbf493061178edd91612cc68248fb24a98fc7b20e4526d1911f6b1,34,B_walk
S1,2940,ieee_dataport/LoRa_RFFI-main/LoRa_RFFI/dataset/Test/channel_problem/B_walk.h5,707,,fcde321052fa813c444325748eb3c78bbabef0aea797ef40bfeb850d67635d8c,34,B_walk
S1,2941,ieee_dataport/LoRa_RFFI-main/LoRa_RFFI/dataset/Test/channel_problem/B_walk.h5,709,,c9863defeb4f38b4f61c196c4221df747124cfe7880a9b1bd1788de36812b64b,34,B_walk
S1,2942,ieee_dataport/LoRa_RFFI-main/LoRa_RFFI/dataset/Test/channel_problem/B_walk.h5,715,,263a0c5ab1332da43256d798583891b65201046cc2aa0d2bfe906ae8a8282a86,34,B_walk
S1,2943,ieee_dataport/LoRa_RFFI-main/LoRa_RFFI/dataset/Test/channel_problem/B_walk.h5,721,,2c15e69c00ee5fb32ca1e14fb4c945b030c3098233ceda1b51af5b48d361caaf,34,B_walk
S1,2944,ieee_dataport/LoRa_RFFI-main/LoRa_RFFI/dataset/Test/channel_problem/B_walk.h5,726,,3e705712150ecb1122c276a3145ba0899b0db4031f876d2426526db245cd35d1,34,B_walk
S1,2945,ieee_dataport/LoRa_RFFI-main/LoRa_RFFI/dataset/Test/channel_problem/B_walk.h5,746,,1ae32a18f9f268501d295919caf70349ed2526418b8f5048ac49aa7b551be6cd,34,B_walk
S1,2946,ieee_dataport/LoRa_RFFI-main/LoRa_RFFI/dataset/Test/channel_problem/B_walk.h5,748,,c0cf01ee4736a7fd112525323182ca2509262100ce2e68c852efa4a97be19a8a,34,B_walk
S1,2947,ieee_dataport/LoRa_RFFI-main/LoRa_RFFI/dataset/Test/channel_problem/B_walk.h5,749,,bfaceca4d2b21eb331801a75c0abec01f51028db8ac6a10662f281e22453670b,34,B_walk
S1,2948,ieee_dataport/LoRa_RFFI-main/LoRa_RFFI/dataset/Test/channel_problem/B_walk.h5,751,,166cdd5e884e9da2e5b1b7b5fe2f0d32e052f7ee6e52edb4096f4991191af4f3,34,B_walk
S1,2949,ieee_dataport/LoRa_RFFI-main/LoRa_RFFI/dataset/Test/channel_problem/B_walk.h5,753,,e03b1237fdf6398885126baf1f6558b7551b259130e74dbeb0da36da509761c5,34,B_walk
S1,2950,ieee_dataport/LoRa_RFFI-main/LoRa_RFFI/dataset/Test/channel_problem/B_walk.h5,756,,db7a910b53386ed5b9825b0c10faeb056fca4ce901e611bd385d7076edb02f7e,34,B_walk
S1,2951,ieee_dataport/LoRa_RFFI-main/LoRa_RFFI/dataset/Test/channel_problem/B_walk.h5,762,,8cd73922501e94bf5e8105f1be4e705ce454533a10c3c7d15dcd19e000bc63cc,34,B_walk
S1,2952,ieee_dataport/LoRa_RFFI-main/LoRa_RFFI/dataset/Test/channel_problem/B_walk.h5,763,,ee1be8129a58b2358fc75e7c91084d877d5ad35620abcc60ae7af06a3c3924d9,34,B_walk
S1,2953,ieee_dataport/LoRa_RFFI-main/LoRa_RFFI/dataset/Test/channel_problem/B_walk.h5,766,,77dff6bdfe4b5ec26c7e94771eee5718cd55b8ac5c2ed368c2c80678affdc6fe,34,B_walk
S1,2954,ieee_dataport/LoRa_RFFI-main/LoRa_RFFI/dataset/Test/channel_problem/B_walk.h5,770,,9c3799a4e930214f133e4014a08a51649be520ef3ede1cb707aefcb0d9265f91,34,B_walk
S1,2955,ieee_dataport/LoRa_RFFI-main/LoRa_RFFI/dataset/Test/channel_problem/B_walk.h5,773,,a470d2844f917912b6019ca3f61e398e6aa415a04d2703d719f550caf6cec851,34,B_walk
S1,2956,ieee_dataport/LoRa_RFFI-main/LoRa_RFFI/dataset/Test/channel_problem/B_walk.h5,774,,444e992c445726d18af9c6d8fc2cc4ac47bc2cabba225d6c40c397c4b5ebf5f1,34,B_walk
S1,2957,ieee_dataport/LoRa_RFFI-main/LoRa_RFFI/dataset/Test/channel_problem/B_walk.h5,776,,1a754ebe56aa7038c3815de186d1a1ec6f1fea05eed743451e6bbc4f4e599291,34,B_walk
S1,2958,ieee_dataport/LoRa_RFFI-main/LoRa_RFFI/dataset/Test/channel_problem/B_walk.h5,784,,b5562d04f6b84b98872025ac1ef414f46b35aa2b8ad47c10a265d94b4389a064,34,B_walk
S1,2959,ieee_dataport/LoRa_RFFI-main/LoRa_RFFI/dataset/Test/channel_problem/B_walk.h5,795,,8073a31994292f3ca9e41983395ede69a1c5c279502ff2cf1281e30a7bb6d0ef,34,B_walk
S1,2960,ieee_dataport/LoRa_RFFI-main/LoRa_RFFI/dataset/Test/channel_problem/B_walk.h5,802,,56b8769604be8cab3e3ad2d2fd151663deeb4cfcc0add9dd65e8be028c7af2f0,35,B_walk
S1,2961,ieee_dataport/LoRa_RFFI-main/LoRa_RFFI/dataset/Test/channel_problem/B_walk.h5,810,,03629a25ef4fb33a91e9ae4db08b140bfe17562d39f8276992cd421875500d5d,35,B_walk
S1,2962,ieee_dataport/LoRa_RFFI-main/LoRa_RFFI/dataset/Test/channel_problem/B_walk.h5,819,,269cb300897bc1088264951137699ad4d432711f61d9d95fecbff18622c64a8d,35,B_walk
S1,2963,ieee_dataport/LoRa_RFFI-main/LoRa_RFFI/dataset/Test/channel_problem/B_walk.h5,822,,b34dba2fa1c8c404f0398e4467221d2acdb4313770b7e0ff5c9a884b662de406,35,B_walk
S1,2964,ieee_dataport/LoRa_RFFI-main/LoRa_RFFI/dataset/Test/channel_problem/B_walk.h5,829,,4451cdbd877c08835b60f4c52b44e067874d9ce12a556d65987357b36ad4e7ae,35,B_walk
S1,2965,ieee_dataport/LoRa_RFFI-main/LoRa_RFFI/dataset/Test/channel_problem/B_walk.h5,834,,d1f500046ef4f1de263f65b8ea20842015db8dee2a20e66c213386ad8e85f7a6,35,B_walk
S1,2966,ieee_dataport/LoRa_RFFI-main/LoRa_RFFI/dataset/Test/channel_problem/B_walk.h5,835,,1ac0269a646838cef828019b09525914d23636f4a56e2e156bf2b429f7587525,35,B_walk
S1,2967,ieee_dataport/LoRa_RFFI-main/LoRa_RFFI/dataset/Test/channel_problem/B_walk.h5,839,,6c02177b80bff74e00f35a1ad5fb4031c30f13c6ca768579c061f44e63b19ea0,35,B_walk
S1,2968,ieee_dataport/LoRa_RFFI-main/LoRa_RFFI/dataset/Test/channel_problem/B_walk.h5,841,,b8478a25d3468b27e4ebd66ef7b7c7eb87c26b1a2922bf695a84485d3c36a8e2,35,B_walk
S1,2969,ieee_dataport/LoRa_RFFI-main/LoRa_RFFI/dataset/Test/channel_problem/B_walk.h5,851,,3b0e0b325c9ff8c44fafd74456a10572a7ba7413dc93b33e04d50da30beedcaa,35,B_walk
S1,2970,ieee_dataport/LoRa_RFFI-main/LoRa_RFFI/dataset/Test/channel_problem/B_walk.h5,852,,3812b6780cc1d81de9166415fcd6ac72a7bd1d7a2d66b6d3be3859aa3efe5501,35,B_walk
S1,2971,ieee_dataport/LoRa_RFFI-main/LoRa_RFFI/dataset/Test/channel_problem/B_walk.h5,860,,a21481a1e680b0023e4dea55f4f833b55fb51b35f717707cb3fbe6e1d3a34bc0,35,B_walk
S1,2972,ieee_dataport/LoRa_RFFI-main/LoRa_RFFI/dataset/Test/channel_problem/B_walk.h5,875,,6a44ab0635547dadf6ff5f0b83b7974b4cfb14030fb1a9284532a6f6003df024,35,B_walk
S1,2973,ieee_dataport/LoRa_RFFI-main/LoRa_RFFI/dataset/Test/channel_problem/B_walk.h5,880,,5efe4b7fdb62b3cde1a3a0450a2d7b83ac7f97ddc63347b630d6d6d360c53b66,35,B_walk
S1,2974,ieee_dataport/LoRa_RFFI-main/LoRa_RFFI/dataset/Test/channel_problem/B_walk.h5,881,,c711e980ab9dd7bd5d9c7c25c7b4e0e899ed3f0ee32b389266cfb6e38aeca360,35,B_walk
S1,2975,ieee_dataport/LoRa_RFFI-main/LoRa_RFFI/dataset/Test/channel_problem/B_walk.h5,884,,04121940c1899cd41699b015e8508c1f7232f52079e5d0b0adcc3d1aa2ee2457,35,B_walk
S1,2976,ieee_dataport/LoRa_RFFI-main/LoRa_RFFI/dataset/Test/channel_problem/B_walk.h5,885,,f6fc48db7b90f3857a830ee6125142a681bd95b3261d693f46b53467728dff46,35,B_walk
S1,2977,ieee_dataport/LoRa_RFFI-main/LoRa_RFFI/dataset/Test/channel_problem/B_walk.h5,891,,38086ae923856170e81d5c1f0544ddb024b2980c78b0f968fc3fc0dfc8275969,35,B_walk
S1,2978,ieee_dataport/LoRa_RFFI-main/LoRa_RFFI/dataset/Test/channel_problem/B_walk.h5,893,,d06bd1a950f9608d8cd1b82febc25f5d640a599ec98e0a790605c0884e1b89c0,35,B_walk
S1,2979,ieee_dataport/LoRa_RFFI-main/LoRa_RFFI/dataset/Test/channel_problem/B_walk.h5,900,,aa7cc1eea4e7872901d4da8422d3a9137e85fae6b426dfa01c8b9c54d181d39d,35,B_walk
S1,2980,ieee_dataport/LoRa_RFFI-main/LoRa_RFFI/dataset/Test/channel_problem/B_walk.h5,904,,ae717a2ee27a38b91fcc61d71e1629d41c8f5b759e1ee649961f1137cc4140ac,35,B_walk
S1,2981,ieee_dataport/LoRa_RFFI-main/LoRa_RFFI/dataset/Test/channel_problem/B_walk.h5,908,,ba8f50097b9439533e4a5da7c36d51cdbb1f909aa5c69e77c67aa9146c106d7b,35,B_walk
S1,2982,ieee_dataport/LoRa_RFFI-main/LoRa_RFFI/dataset/Test/channel_problem/B_walk.h5,916,,91a9ad324218ffcdfcb6505b692e5685675f492b9dc7b4ca9fa97e31a4bf83fe,35,B_walk
S1,2983,ieee_dataport/LoRa_RFFI-main/LoRa_RFFI/dataset/Test/channel_problem/B_walk.h5,923,,705e6441c13603f6e1898c594fd18c4d33e662e3be5cfb963eab779a1baa1053,35,B_walk
S1,2984,ieee_dataport/LoRa_RFFI-main/LoRa_RFFI/dataset/Test/channel_problem/B_walk.h5,928,,cfa65c19f79c2799286568011714f9ceb260bd2e0962c983852884c0e33c31e5,35,B_walk
S1,2985,ieee_dataport/LoRa_RFFI-main/LoRa_RFFI/dataset/Test/channel_problem/B_walk.h5,936,,3c39bbe97328828131b429a5f42fab9382d1bdb99b7110d07bf17506a7f16b01,35,B_walk
S1,2986,ieee_dataport/LoRa_RFFI-main/LoRa_RFFI/dataset/Test/channel_problem/B_walk.h5,953,,a0ed69db7370304612594e2587fec919e8e8fbcf3ea753787ba13fe29bfa67a7,35,B_walk
S1,2987,ieee_dataport/LoRa_RFFI-main/LoRa_RFFI/dataset/Test/channel_problem/B_walk.h5,954,,a42df1f985138b1f27592f269d5e225177151f06845b8785d674ed26df7648fe,35,B_walk
S1,2988,ieee_dataport/LoRa_RFFI-main/LoRa_RFFI/dataset/Test/channel_problem/B_walk.h5,957,,ad248047bb5696416308ad402d62546c7334355d6c06a4683eb92b48f50afd0b,35,B_walk
S1,2989,ieee_dataport/LoRa_RFFI-main/LoRa_RFFI/dataset/Test/channel_problem/B_walk.h5,963,,42d71225730643c80b0c2bf0e88079a5ff597c77404763d59dc24418bcfc37cb,35,B_walk
S1,2990,ieee_dataport/LoRa_RFFI-main/LoRa_RFFI/dataset/Test/channel_problem/B_walk.h5,964,,2ff130ff5e2b4d1f3d9f467769426b114bdf142f2c25490ab3b25162006c69aa,35,B_walk
S1,2991,ieee_dataport/LoRa_RFFI-main/LoRa_RFFI/dataset/Test/channel_problem/B_walk.h5,965,,d55d8f26dcd3b9c4b191dcff046d33b7bd59fe649779568629abbebdcf6f6fbc,35,B_walk
S1,2992,ieee_dataport/LoRa_RFFI-main/LoRa_RFFI/dataset/Test/channel_problem/B_walk.h5,967,,13b36daf13af0cff4260653063f0b9eae858914725d3c48fbc6998f901c54d06,35,B_walk
S1,2993,ieee_dataport/LoRa_RFFI-main/LoRa_RFFI/dataset/Test/channel_problem/B_walk.h5,974,,af7c2285e5c412232d7918d9a80f3b7b3f91095edb83be6b59ed7382d91ba41b,35,B_walk
S1,2994,ieee_dataport/LoRa_RFFI-main/LoRa_RFFI/dataset/Test/channel_problem/B_walk.h5,982,,bd96b8e9615630d5cfb76b7a9cabc1d8a2c2706e76c4e1ffd12d4fd6a61b47e7,35,B_walk
S1,2995,ieee_dataport/LoRa_RFFI-main/LoRa_RFFI/dataset/Test/channel_problem/B_walk.h5,983,,29c6930f43a691fb9d2fb852a2006bf7876096f882454e05c6b9a3954745cbc1,35,B_walk
S1,2996,ieee_dataport/LoRa_RFFI-main/LoRa_RFFI/dataset/Test/channel_problem/B_walk.h5,989,,aac4dbf980d2365fd193018a9496b6dfd60937c697063a0b0f57c30db4c2a20e,35,B_walk
S1,2997,ieee_dataport/LoRa_RFFI-main/LoRa_RFFI/dataset/Test/channel_problem/B_walk.h5,992,,ab85f7445cffc9596f37495b88f3fa0cd19fcf98504b69f7b7572cc0b5a116f8,35,B_walk
S1,2998,ieee_dataport/LoRa_RFFI-main/LoRa_RFFI/dataset/Test/channel_problem/B_walk.h5,998,,1c6ffac610b484d3b72641e3e1aeae328c82fec30a0caa14610b422909f9d5c3,35,B_walk
S1,2999,ieee_dataport/LoRa_RFFI-main/LoRa_RFFI/dataset/Test/channel_problem/B_walk.h5,999,,21c9cf5c1f62c99a0e020e9e9372786f2700670933dc184da7b4e7c12ac99970,35,B_walk
S1,3000,ieee_dataport/LoRa_RFFI-main/LoRa_RFFI/dataset/Test/channel_problem/B_walk.h5,1002,,b69653a1fd734deac5e5f068e2b1a1f6e72f5ce346327e64ad54ecefa1b351e6,36,B_walk
S1,3001,ieee_dataport/LoRa_RFFI-main/LoRa_RFFI/dataset/Test/channel_problem/B_walk.h5,1005,,dbca0b15f3ea344c07f04af7854da79fef63332421cf44316ac633bdda174ddf,36,B_walk
S1,3002,ieee_dataport/LoRa_RFFI-main/LoRa_RFFI/dataset/Test/channel_problem/B_walk.h5,1013,,0d541a14e982d971332c1cdf3c3652ef33c9eaa3637359af136b427a7f0ef88d,36,B_walk
S1,3003,ieee_dataport/LoRa_RFFI-main/LoRa_RFFI/dataset/Test/channel_problem/B_walk.h5,1021,,ed96cfd5d79236a9e4d39c2e385c73087709ed27d3f7049308a066d7513f87fa,36,B_walk
S1,3004,ieee_dataport/LoRa_RFFI-main/LoRa_RFFI/dataset/Test/channel_problem/B_walk.h5,1027,,b0ff07242fef7c15c75732d153cb22267213e1eb9cf706c068e40b6224a8a54d,36,B_walk
S1,3005,ieee_dataport/LoRa_RFFI-main/LoRa_RFFI/dataset/Test/channel_problem/B_walk.h5,1031,,b7b2ff3b0f74a1165cb9385653588c486d3bc8a3e3edd06dd721b80f4f51268c,36,B_walk
S1,3006,ieee_dataport/LoRa_RFFI-main/LoRa_RFFI/dataset/Test/channel_problem/B_walk.h5,1037,,34820fb346d5feb413f2ae8359682350c2d46e6bbaa9f76943fd1c32843a7869,36,B_walk
S1,3007,ieee_dataport/LoRa_RFFI-main/LoRa_RFFI/dataset/Test/channel_problem/B_walk.h5,1043,,9afc5e0a6b1827638c452f37278b0a32c1e4e46a1f8b4f63d99351559196fd4c,36,B_walk
S1,3008,ieee_dataport/LoRa_RFFI-main/LoRa_RFFI/dataset/Test/channel_problem/B_walk.h5,1044,,932ccbcd72ee1a1ac0a20bb731826e952c7b52824f1d3bef0ddbe4b628602ae2,36,B_walk
S1,3009,ieee_dataport/LoRa_RFFI-main/LoRa_RFFI/dataset/Test/channel_problem/B_walk.h5,1045,,d2f12a54f43a72f368c5cd63213ebdef456128b8db5f179acf9980365736c30f,36,B_walk
S1,3010,ieee_dataport/LoRa_RFFI-main/LoRa_RFFI/dataset/Test/channel_problem/B_walk.h5,1046,,74babc177d3c9850836ca55d88bb48acce0e88689df7e36e5b39b0682d126722,36,B_walk
S1,3011,ieee_dataport/LoRa_RFFI-main/LoRa_RFFI/dataset/Test/channel_problem/B_walk.h5,1050,,e2ba5db9aadb75970da0db66225c8a8a556336e8def0c1b575df78c20d9ba0a0,36,B_walk
S1,3012,ieee_dataport/LoRa_RFFI-main/LoRa_RFFI/dataset/Test/channel_problem/B_walk.h5,1055,,da868a224fb5551be32e00b64edc29ff392546a25b92376637a6021dcc015e44,36,B_walk
S1,3013,ieee_dataport/LoRa_RFFI-main/LoRa_RFFI/dataset/Test/channel_problem/B_walk.h5,1056,,eb2dd4de193f5c56790a981049a1513de288f4259f90bff8a8c8aecb403e334d,36,B_walk
S1,3014,ieee_dataport/LoRa_RFFI-main/LoRa_RFFI/dataset/Test/channel_problem/B_walk.h5,1058,,9da6e462db60aba0049da46e877cf81e41e8f9469c440866e41c3acf0917806a,36,B_walk
S1,3015,ieee_dataport/LoRa_RFFI-main/LoRa_RFFI/dataset/Test/channel_problem/B_walk.h5,1060,,9314a608fbc6e0aec30c05118344295ed862e36be03a6d6a11b61294c8b014f5,36,B_walk
S1,3016,ieee_dataport/LoRa_RFFI-main/LoRa_RFFI/dataset/Test/channel_problem/B_walk.h5,1066,,fc88f2d68909744a5011496c0b608f937d03365808b52895963d96c7bbec49d2,36,B_walk
S1,3017,ieee_dataport/LoRa_RFFI-main/LoRa_RFFI/dataset/Test/channel_problem/B_walk.h5,1071,,e712fd3bd6e73b89955f02d8b40076c730ea949cd0b9e1b56071ba968b252a99,36,B_walk
S1,3018,ieee_dataport/LoRa_RFFI-main/LoRa_RFFI/dataset/Test/channel_problem/B_walk.h5,1074,,e2be059cd2728af7b194bae99b91d33648cfd135363c5ac2052faa4b99d51b2f,36,B_walk
S1,3019,ieee_dataport/LoRa_RFFI-main/LoRa_RFFI/dataset/Test/channel_problem/B_walk.h5,1078,,0e5240434c52dd32892ba73cb31e82661136749923044e8d3e04358f0dc232bb,36,B_walk
S1,3020,ieee_dataport/LoRa_RFFI-main/LoRa_RFFI/dataset/Test/channel_problem/B_walk.h5,1080,,b4a0d10efa7587fcf5690cbb3470c4c81daa1147bbd1dcc22e7ca2adee84ae1a,36,B_walk
S1,3021,ieee_dataport/LoRa_RFFI-main/LoRa_RFFI/dataset/Test/channel_problem/B_walk.h5,1086,,e91125f6a45de80ba939723308bac393b44c75da21758ce3dfe547eadbd60420,36,B_walk
S1,3022,ieee_dataport/LoRa_RFFI-main/LoRa_RFFI/dataset/Test/channel_problem/B_walk.h5,1097,,035eb0bdba35b15595b50ebfb83160f7df6270dfec42458f87d1e8b87783187b,36,B_walk
S1,3023,ieee_dataport/LoRa_RFFI-main/LoRa_RFFI/dataset/Test/channel_problem/B_walk.h5,1104,,d6757206cbf313652719954eb04770bc82f8108ad2a6e216bc3eb5cace7dac17,36,B_walk
S1,3024,ieee_dataport/LoRa_RFFI-main/LoRa_RFFI/dataset/Test/channel_problem/B_walk.h5,1116,,a33d845a13bd4608c2d6975464a8e70a7f231203d66bc8ce58eb55b603f8c36e,36,B_walk
S1,3025,ieee_dataport/LoRa_RFFI-main/LoRa_RFFI/dataset/Test/channel_problem/B_walk.h5,1134,,1fcf97c193175a4f44ac36898ffc48f59d07f25a74874f0f6c1460e51353971b,36,B_walk
S1,3026,ieee_dataport/LoRa_RFFI-main/LoRa_RFFI/dataset/Test/channel_problem/B_walk.h5,1140,,58f30fe3999da0bfc777a3271e91411af4c09c44d5db2c6407958478707371f7,36,B_walk
S1,3027,ieee_dataport/LoRa_RFFI-main/LoRa_RFFI/dataset/Test/channel_problem/B_walk.h5,1147,,a2ee0d37e8a12071cbf3615cbb549606d8463b69c5714bf77376d1cb79068f59,36,B_walk
S1,3028,ieee_dataport/LoRa_RFFI-main/LoRa_RFFI/dataset/Test/channel_problem/B_walk.h5,1152,,deb75cc596746e37ce4e01cc9436597ae0d590769c4c71e51a5f4dd5be28e9f7,36,B_walk
S1,3029,ieee_dataport/LoRa_RFFI-main/LoRa_RFFI/dataset/Test/channel_problem/B_walk.h5,1164,,8d2d9f19177e1364c856db036d8bd8a46e746f07e4ad5eae1c883e6e34209773,36,B_walk
S1,3030,ieee_dataport/LoRa_RFFI-main/LoRa_RFFI/dataset/Test/channel_problem/B_walk.h5,1167,,21bee3b592cd5ab337eb15cb601dabcfa577c375da3266483f469c9fc6197a4e,36,B_walk
S1,3031,ieee_dataport/LoRa_RFFI-main/LoRa_RFFI/dataset/Test/channel_problem/B_walk.h5,1171,,ee2355601b1fcd9d35e259a26ff909595d81941b2575ab39e7e559788cecd087,36,B_walk
S1,3032,ieee_dataport/LoRa_RFFI-main/LoRa_RFFI/dataset/Test/channel_problem/B_walk.h5,1173,,eabf6d45dfe2adb29cd16a9ca63ba613a5753ada587e8bb44de45978487309fa,36,B_walk
S1,3033,ieee_dataport/LoRa_RFFI-main/LoRa_RFFI/dataset/Test/channel_problem/B_walk.h5,1175,,fa4b4776c1fcc36d3fb868666dc2616951d9e8adb2683605c7fc59772bc37ad8,36,B_walk
S1,3034,ieee_dataport/LoRa_RFFI-main/LoRa_RFFI/dataset/Test/channel_problem/B_walk.h5,1176,,153e35b68baa294a26d78b4fc86fce88dc3184ac6a223b27977d26e9b97cc719,36,B_walk
S1,3035,ieee_dataport/LoRa_RFFI-main/LoRa_RFFI/dataset/Test/channel_problem/B_walk.h5,1178,,bd63b1a8e2655d784dcf1c2e9f6e897138dee669851c049ebe41040749a0ab88,36,B_walk
S1,3036,ieee_dataport/LoRa_RFFI-main/LoRa_RFFI/dataset/Test/channel_problem/B_walk.h5,1179,,f113947a5e3fb53839c2e7d0b8c9e1957121bd6e6006e6923511add3996bb8de,36,B_walk
S1,3037,ieee_dataport/LoRa_RFFI-main/LoRa_RFFI/dataset/Test/channel_problem/B_walk.h5,1182,,16428bfa6d97fed3a5690d5bf313d50412ccf07b1ef9f614a064db24985a8d11,36,B_walk
S1,3038,ieee_dataport/LoRa_RFFI-main/LoRa_RFFI/dataset/Test/channel_problem/B_walk.h5,1188,,472b70394382c3fb8ec04db08aaaeff73af8ad7a249a095cbceb4ba9dd11f2e3,36,B_walk
S1,3039,ieee_dataport/LoRa_RFFI-main/LoRa_RFFI/dataset/Test/channel_problem/B_walk.h5,1197,,832557eeda8c602a589ce42b91ea0df8fa1025e99bb181f6c7f7b80d5a25ac64,36,B_walk
S1,3040,ieee_dataport/LoRa_RFFI-main/LoRa_RFFI/dataset/Test/channel_problem/B_walk.h5,1214,,0d72eab4e588ed7c5518c4e665c447a6d8053c7f05482b406f29c53742c4e9b6,37,B_walk
S1,3041,ieee_dataport/LoRa_RFFI-main/LoRa_RFFI/dataset/Test/channel_problem/B_walk.h5,1215,,4b6978fea4c544b8bb575c7363e71e160dced57d58bfca3f2308138e9f83ead7,37,B_walk
S1,3042,ieee_dataport/LoRa_RFFI-main/LoRa_RFFI/dataset/Test/channel_problem/B_walk.h5,1218,,5f21cdef72691fb573fd360f27ca04fde6f021cad439183f48ada96a5321fbc6,37,B_walk
S1,3043,ieee_dataport/LoRa_RFFI-main/LoRa_RFFI/dataset/Test/channel_problem/B_walk.h5,1224,,6d4d204be1bb44aa937fa2a55a1589dcd8574ebef36455925db2c94d3e74c69d,37,B_walk
S1,3044,ieee_dataport/LoRa_RFFI-main/LoRa_RFFI/dataset/Test/channel_problem/B_walk.h5,1235,,ee26f0ac35013028bc888ec4139c66b6dd9cd793f4899546962f960e56a9d26a,37,B_walk
S1,3045,ieee_dataport/LoRa_RFFI-main/LoRa_RFFI/dataset/Test/channel_problem/B_walk.h5,1240,,05553928492fbdf3165100029da5d62695d8852bf8d28cd7a624cf9100d7f0a9,37,B_walk
S1,3046,ieee_dataport/LoRa_RFFI-main/LoRa_RFFI/dataset/Test/channel_problem/B_walk.h5,1244,,d0e29e2990b8bb6bfb0ff811ae6b2e33c4a72d60664b82512bc29690d16d9c18,37,B_walk
S1,3047,ieee_dataport/LoRa_RFFI-main/LoRa_RFFI/dataset/Test/channel_problem/B_walk.h5,1255,,23f0576038f1efaed99d557bf95c89d25d118f77692ec9055a83ae9bc637fb36,37,B_walk
S1,3048,ieee_dataport/LoRa_RFFI-main/LoRa_RFFI/dataset/Test/channel_problem/B_walk.h5,1256,,efbab1a160a63955b1d75b3071a9f10a1c8820fcef513f9311953bc9846b5ff8,37,B_walk
S1,3049,ieee_dataport/LoRa_RFFI-main/LoRa_RFFI/dataset/Test/channel_problem/B_walk.h5,1262,,d458b0147f435eab4eede7890243aa04cfbe1785c52e68174a8373db17198a39,37,B_walk
S1,3050,ieee_dataport/LoRa_RFFI-main/LoRa_RFFI/dataset/Test/channel_problem/B_walk.h5,1265,,2e45bef2b011c5ab919a08fd8ed0e52983a4fedbd3308aed6224126dc4986203,37,B_walk
S1,3051,ieee_dataport/LoRa_RFFI-main/LoRa_RFFI/dataset/Test/channel_problem/B_walk.h5,1266,,babb326872b261e637d3ce61ddc6a6f6f2071178046e390490b5cd9394a0b42c,37,B_walk
S1,3052,ieee_dataport/LoRa_RFFI-main/LoRa_RFFI/dataset/Test/channel_problem/B_walk.h5,1267,,628c57cb1436d652e12480c8a1b13d287c5ce8d9e2cad2da2e03be7833bce994,37,B_walk
S1,3053,ieee_dataport/LoRa_RFFI-main/LoRa_RFFI/dataset/Test/channel_problem/B_walk.h5,1272,,9d2c96ad727688d696fc328f7368149c8b92c6d7be279846511490a3084c408c,37,B_walk
S1,3054,ieee_dataport/LoRa_RFFI-main/LoRa_RFFI/dataset/Test/channel_problem/B_walk.h5,1273,,537a09d81e2978eaa94c590f9fa8df8cc315e0ff0680d406901d0198f4e5293d,37,B_walk
S1,3055,ieee_dataport/LoRa_RFFI-main/LoRa_RFFI/dataset/Test/channel_problem/B_walk.h5,1277,,a197d850c458b6f85a6d0845e05ceb6d85c60c8329bd572383ba6525fad0d6a2,37,B_walk
S1,3056,ieee_dataport/LoRa_RFFI-main/LoRa_RFFI/dataset/Test/channel_problem/B_walk.h5,1282,,bf4ac7756c5e179547bb058c6a51f05c6389dfcf958edfa13d2404d951ec2fff,37,B_walk
S1,3057,ieee_dataport/LoRa_RFFI-main/LoRa_RFFI/dataset/Test/channel_problem/B_walk.h5,1285,,b4db2428c4c2b1b01437171b097adffb19d3d2242571e6aaf55f78ba6ec02f07,37,B_walk
S1,3058,ieee_dataport/LoRa_RFFI-main/LoRa_RFFI/dataset/Test/channel_problem/B_walk.h5,1287,,5b571f23d701bbaafdb19a8a9cfeb5f83a90e273dbff80843783f4b35770a50c,37,B_walk
S1,3059,ieee_dataport/LoRa_RFFI-main/LoRa_RFFI/dataset/Test/channel_problem/B_walk.h5,1291,,bb338e265692621e45f9b987d22c2dd9be509921830e1a473145b36ab61bf03a,37,B_walk
S1,3060,ieee_dataport/LoRa_RFFI-main/LoRa_RFFI/dataset/Test/channel_problem/B_walk.h5,1297,,2eb2dc4a8d9f5ce554e8d44a861f09bde8ff3f0456a9d1b86f46237e37bed3af,37,B_walk
S1,3061,ieee_dataport/LoRa_RFFI-main/LoRa_RFFI/dataset/Test/channel_problem/B_walk.h5,1313,,30acf1edfd76304137bd7ad1507b05f82f47c45c9320ad811429d37e696347f0,37,B_walk
S1,3062,ieee_dataport/LoRa_RFFI-main/LoRa_RFFI/dataset/Test/channel_problem/B_walk.h5,1314,,ae5e6d93ca8e00c268205c278cafbd25121cd123d8dba588d003ec620c675fa3,37,B_walk
S1,3063,ieee_dataport/LoRa_RFFI-main/LoRa_RFFI/dataset/Test/channel_problem/B_walk.h5,1324,,3a20b7074b8f29097b13f73d204ffc1fe2f8baf520bb0265586c3ecdc0089387,37,B_walk
S1,3064,ieee_dataport/LoRa_RFFI-main/LoRa_RFFI/dataset/Test/channel_problem/B_walk.h5,1327,,ce55c35e880c7b4f82bbc5a98ddfa4b9eb97aa4d0723d0933d0da076768ddfe7,37,B_walk
S1,3065,ieee_dataport/LoRa_RFFI-main/LoRa_RFFI/dataset/Test/channel_problem/B_walk.h5,1340,,d0323dcf121eb0c75dc7f6b017cfe5387d4fc559540c9b679856def481ba5fce,37,B_walk
S1,3066,ieee_dataport/LoRa_RFFI-main/LoRa_RFFI/dataset/Test/channel_problem/B_walk.h5,1342,,9901e8cf4c5b28149e382eee4cb676f1c6197819243eb1d2f8ce5d0f525023e6,37,B_walk
S1,3067,ieee_dataport/LoRa_RFFI-main/LoRa_RFFI/dataset/Test/channel_problem/B_walk.h5,1347,,89a7ba9c8b8fbb09dded185b1307f65cf89035f1dd4645e7cfcacbc1508d1324,37,B_walk
S1,3068,ieee_dataport/LoRa_RFFI-main/LoRa_RFFI/dataset/Test/channel_problem/B_walk.h5,1349,,d77e8b8f6d5e8a7c31be4449db77172d3471b3f46b38093b0e5ce713a265cd2d,37,B_walk
S1,3069,ieee_dataport/LoRa_RFFI-main/LoRa_RFFI/dataset/Test/channel_problem/B_walk.h5,1350,,726ff178a1e92b715a5de3d73efa0746d4478530f8cda2ef72b44936b169fdd9,37,B_walk
S1,3070,ieee_dataport/LoRa_RFFI-main/LoRa_RFFI/dataset/Test/channel_problem/B_walk.h5,1351,,91250982279fa1bff7e8d1482b8123869af0a1c3180dc0bdfa61895d62f0c4ef,37,B_walk
S1,3071,ieee_dataport/LoRa_RFFI-main/LoRa_RFFI/dataset/Test/channel_problem/B_walk.h5,1363,,23d837aa0a102466bbd88669ac606c18cfe8aca27b53d41a74317b282eecdf2d,37,B_walk
S1,3072,ieee_dataport/LoRa_RFFI-main/LoRa_RFFI/dataset/Test/channel_problem/B_walk.h5,1366,,062a24356899346c3593fe6389f52e0ad39dd215c8828bc33877b6ca7e5a90e2,37,B_walk
S1,3073,ieee_dataport/LoRa_RFFI-main/LoRa_RFFI/dataset/Test/channel_problem/B_walk.h5,1368,,f3c9fd808ed20efb6bb74fa709d72fe1b9baff0e9b029ef6b79b5d1e5f0c4bdb,37,B_walk
S1,3074,ieee_dataport/LoRa_RFFI-main/LoRa_RFFI/dataset/Test/channel_problem/B_walk.h5,1370,,36b385ef013a222ca4130f239c8c182df6da63d2ee4806f5edb53d1bd9e02629,37,B_walk
S1,3075,ieee_dataport/LoRa_RFFI-main/LoRa_RFFI/dataset/Test/channel_problem/B_walk.h5,1376,,439ec9d79fc0e60848b77faf87587223071c2628d6677d809a3650f36f8778dd,37,B_walk
S1,3076,ieee_dataport/LoRa_RFFI-main/LoRa_RFFI/dataset/Test/channel_problem/B_walk.h5,1378,,368c309cd985829a89f1bbaebfe5ae1de7064701e457288839aa4015ef479640,37,B_walk
S1,3077,ieee_dataport/LoRa_RFFI-main/LoRa_RFFI/dataset/Test/channel_problem/B_walk.h5,1395,,47f73a9c96e4b4e63c08feb0c500a47fa28df7629efbf668ba1640a141dd78bb,37,B_walk
S1,3078,ieee_dataport/LoRa_RFFI-main/LoRa_RFFI/dataset/Test/channel_problem/B_walk.h5,1397,,f5f0c536306588d824ae62531f78e629534e641d4ac42f693c3a96616c7b9b14,37,B_walk
S1,3079,ieee_dataport/LoRa_RFFI-main/LoRa_RFFI/dataset/Test/channel_problem/B_walk.h5,1398,,8e26ca0cedcd528600beaff9bd50fec274288cf563d03acb6996fed00af0a2b0,37,B_walk
S1,3080,ieee_dataport/LoRa_RFFI-main/LoRa_RFFI/dataset/Test/channel_problem/B_walk.h5,1402,,c5512052516a55572e373fe2d1a911488780e9fc2668590e48bc128ca37d8e0e,38,B_walk
S1,3081,ieee_dataport/LoRa_RFFI-main/LoRa_RFFI/dataset/Test/channel_problem/B_walk.h5,1403,,eeacc9141892639d087eb3a2635ba60277ab1360279c311066427a14f937ba46,38,B_walk
S1,3082,ieee_dataport/LoRa_RFFI-main/LoRa_RFFI/dataset/Test/channel_problem/B_walk.h5,1406,,d6f07f89b2e4bfe8466daadb9d4313e4c8ce6a7d6e0980b1c8de1ee7fc61e5fe,38,B_walk
S1,3083,ieee_dataport/LoRa_RFFI-main/LoRa_RFFI/dataset/Test/channel_problem/B_walk.h5,1416,,b9f01edb0e1a76e0cdfbc4bcb755fc35169d6912fbb8b5577fa66535b68ffa8d,38,B_walk
S1,3084,ieee_dataport/LoRa_RFFI-main/LoRa_RFFI/dataset/Test/channel_problem/B_walk.h5,1446,,8f96c19ab0c5da15255aae7f04b44bfe02581b413ee96081c0a03cc52e57fea8,38,B_walk
S1,3085,ieee_dataport/LoRa_RFFI-main/LoRa_RFFI/dataset/Test/channel_problem/B_walk.h5,1451,,2be7d48ba91e82b4385945d57c4cc6e259d42ef22f999bf61b1be1fcc2f5d9d0,38,B_walk
S1,3086,ieee_dataport/LoRa_RFFI-main/LoRa_RFFI/dataset/Test/channel_problem/B_walk.h5,1454,,5a07d0ac24f273d2acb8c720f963fc3c0baa3eb5b2680b61b649333b52893a5a,38,B_walk
S1,3087,ieee_dataport/LoRa_RFFI-main/LoRa_RFFI/dataset/Test/channel_problem/B_walk.h5,1456,,50ce25340131988d59934c9d88d29533c7ff92d3e0779ca05138daf1456c0f61,38,B_walk
S1,3088,ieee_dataport/LoRa_RFFI-main/LoRa_RFFI/dataset/Test/channel_problem/B_walk.h5,1457,,3447dd235d444a94ed6dc4798bff01c84524417de86b99490495301ac06a5d8a,38,B_walk
S1,3089,ieee_dataport/LoRa_RFFI-main/LoRa_RFFI/dataset/Test/channel_problem/B_walk.h5,1461,,b07c8f9e1f3f7f5caece7e5194ff92628084d945a1140adc0acce4e24c82ae48,38,B_walk
S1,3090,ieee_dataport/LoRa_RFFI-main/LoRa_RFFI/dataset/Test/channel_problem/B_walk.h5,1462,,f3e6ef3c5439868e97e8d6061f46006116f1b19d8f53e0a3738398a4e1f8efd0,38,B_walk
S1,3091,ieee_dataport/LoRa_RFFI-main/LoRa_RFFI/dataset/Test/channel_problem/B_walk.h5,1471,,858f8328fb0ccb4ecc96a38fdfef0211d98451cb2b34ff3e58a3b566ae7b644f,38,B_walk
S1,3092,ieee_dataport/LoRa_RFFI-main/LoRa_RFFI/dataset/Test/channel_problem/B_walk.h5,1473,,e0baf29b3777fa5646004b99aa8aa0c5ff52e947bf82e8a3d1d296bcae99fba0,38,B_walk
S1,3093,ieee_dataport/LoRa_RFFI-main/LoRa_RFFI/dataset/Test/channel_problem/B_walk.h5,1479,,afed6e9c08e1889e161a8ca186abe02676ba118ec2e0314e51997cd9c0b7e3ed,38,B_walk
S1,3094,ieee_dataport/LoRa_RFFI-main/LoRa_RFFI/dataset/Test/channel_problem/B_walk.h5,1483,,9e336e9856eaf4fb03846931ca7bc3f33664b0a535ef5bee98f1b7832d948c89,38,B_walk
S1,3095,ieee_dataport/LoRa_RFFI-main/LoRa_RFFI/dataset/Test/channel_problem/B_walk.h5,1495,,262bc7b583870c6db2badb8e397b32cf6f754787aa8dcc24386defc00c2c24c8,38,B_walk
S1,3096,ieee_dataport/LoRa_RFFI-main/LoRa_RFFI/dataset/Test/channel_problem/B_walk.h5,1496,,29de27329895eda5e04261a04b1ce7a4718fe70dca755f4502dfc972e193b1ba,38,B_walk
S1,3097,ieee_dataport/LoRa_RFFI-main/LoRa_RFFI/dataset/Test/channel_problem/B_walk.h5,1502,,b9d4f416863b0afdfcbabea02395c4d277b66202430e777e142f5b285595bb6d,38,B_walk
S1,3098,ieee_dataport/LoRa_RFFI-main/LoRa_RFFI/dataset/Test/channel_problem/B_walk.h5,1506,,2863f17e4442edd2a08019e7c2a6f21755312b02c9190bae110570434dfc9d05,38,B_walk
S1,3099,ieee_dataport/LoRa_RFFI-main/LoRa_RFFI/dataset/Test/channel_problem/B_walk.h5,1508,,7a1a2ef288feefc383edb0d641350cf90db179f3d1e2bf64f2d533a9df7e4e33,38,B_walk
S1,3100,ieee_dataport/LoRa_RFFI-main/LoRa_RFFI/dataset/Test/channel_problem/B_walk.h5,1511,,cfc0b1f3c4d5a3cf946e88104b22e5ad70c69189ca65e49918ce8d6123446237,38,B_walk
S1,3101,ieee_dataport/LoRa_RFFI-main/LoRa_RFFI/dataset/Test/channel_problem/B_walk.h5,1513,,b7ee151dca9dadae903c1620137141acf2e8d3a10f200a5fd5fff897207bbf4e,38,B_walk
S1,3102,ieee_dataport/LoRa_RFFI-main/LoRa_RFFI/dataset/Test/channel_problem/B_walk.h5,1514,,260e1693ef1e939d1d05fc36a4a5bd8099f05825aee0d111cc02c6246c2a019e,38,B_walk
S1,3103,ieee_dataport/LoRa_RFFI-main/LoRa_RFFI/dataset/Test/channel_problem/B_walk.h5,1517,,8e3700b96f680efd9410972bb395c49d5208630ca4308c896a55923239478dd9,38,B_walk
S1,3104,ieee_dataport/LoRa_RFFI-main/LoRa_RFFI/dataset/Test/channel_problem/B_walk.h5,1520,,14acb692ca2253b63f8e629778b84476697d289390151a2f12fc9851818c023b,38,B_walk
S1,3105,ieee_dataport/LoRa_RFFI-main/LoRa_RFFI/dataset/Test/channel_problem/B_walk.h5,1525,,b92cbd4a3655108e13601527c6422481897b86fc024a849f10832cafd9a9255b,38,B_walk
S1,3106,ieee_dataport/LoRa_RFFI-main/LoRa_RFFI/dataset/Test/channel_problem/B_walk.h5,1529,,58acf221674a78edd8e3aff26367f9b7e0e36deeabf549560655a23a4b8c0374,38,B_walk
S1,3107,ieee_dataport/LoRa_RFFI-main/LoRa_RFFI/dataset/Test/channel_problem/B_walk.h5,1530,,8e1746575cdc1c83618d68509dc0111c42d14f2bf89c328b45eb8472b4af2bcd,38,B_walk
S1,3108,ieee_dataport/LoRa_RFFI-main/LoRa_RFFI/dataset/Test/channel_problem/B_walk.h5,1532,,00bf16302c7dd6b081221c060b720fc64dc868224382a4ef45b5d30f9a764725,38,B_walk
S1,3109,ieee_dataport/LoRa_RFFI-main/LoRa_RFFI/dataset/Test/channel_problem/B_walk.h5,1539,,015c43576a206a62a3ff3d7b45a706335c96002d11c4042f416860de52013e22,38,B_walk
S1,3110,ieee_dataport/LoRa_RFFI-main/LoRa_RFFI/dataset/Test/channel_problem/B_walk.h5,1544,,da7b5160e999deab361a50afcfef31f52788103f27bbb42bbeab0b076f07a068,38,B_walk
S1,3111,ieee_dataport/LoRa_RFFI-main/LoRa_RFFI/dataset/Test/channel_problem/B_walk.h5,1545,,8067a4f87e56164010a1187085d1142d6f372d1cd47a3af455448da87689e224,38,B_walk
S1,3112,ieee_dataport/LoRa_RFFI-main/LoRa_RFFI/dataset/Test/channel_problem/B_walk.h5,1562,,859e803a8d788dda8095383e6d58d9f79d79eaa0b58efebda6d60b58535a41d8,38,B_walk
S1,3113,ieee_dataport/LoRa_RFFI-main/LoRa_RFFI/dataset/Test/channel_problem/B_walk.h5,1563,,1a51078fd77e7ef92422bd98490a9a0d956b4e7d0aa0d67c55e0b76043454d6f,38,B_walk
S1,3114,ieee_dataport/LoRa_RFFI-main/LoRa_RFFI/dataset/Test/channel_problem/B_walk.h5,1575,,b23d27f386c3f1df2aacdb57bfa71594b1c41fa5ccde74d3c17264ca0d028fc0,38,B_walk
S1,3115,ieee_dataport/LoRa_RFFI-main/LoRa_RFFI/dataset/Test/channel_problem/B_walk.h5,1576,,7e1e8e98bbbac216a4be7f4ae42a73ce7b6cabba7341e8f239653c9876177cb2,38,B_walk
S1,3116,ieee_dataport/LoRa_RFFI-main/LoRa_RFFI/dataset/Test/channel_problem/B_walk.h5,1583,,4975350abd9ba3faadba5d856c00baa38a93cb0bd6d4c37e85d8e35b28b6e4c8,38,B_walk
S1,3117,ieee_dataport/LoRa_RFFI-main/LoRa_RFFI/dataset/Test/channel_problem/B_walk.h5,1585,,55f4b353e29c01503980b1048e55b29b1bc72d43ee5d6ed44feb2734ab81d4ee,38,B_walk
S1,3118,ieee_dataport/LoRa_RFFI-main/LoRa_RFFI/dataset/Test/channel_problem/B_walk.h5,1587,,bcb130f963d54d372a35f82e6b50cd3fc083941e799a3678a2f7c363604a3007,38,B_walk
S1,3119,ieee_dataport/LoRa_RFFI-main/LoRa_RFFI/dataset/Test/channel_problem/B_walk.h5,1591,,4bd77fd718babf688376a5bcfab50b22b9c586f6b688887df01b1bb0ef06ce85,38,B_walk
S1,3120,ieee_dataport/LoRa_RFFI-main/LoRa_RFFI/dataset/Test/channel_problem/B_walk.h5,1603,,5f4941359698da29e77f6b2b9394d6cea9aac8f7cf7fe7f8c24b5df1992a60e1,39,B_walk
S1,3121,ieee_dataport/LoRa_RFFI-main/LoRa_RFFI/dataset/Test/channel_problem/B_walk.h5,1606,,e516875da51f7658d53f49efd015094e53e9d00c81a65cec57e3124771e5cbf1,39,B_walk
S1,3122,ieee_dataport/LoRa_RFFI-main/LoRa_RFFI/dataset/Test/channel_problem/B_walk.h5,1610,,2e99d3401af5e0d1459d228d7506b5177e0f7b3441487e523ad7bf10b9577405,39,B_walk
S1,3123,ieee_dataport/LoRa_RFFI-main/LoRa_RFFI/dataset/Test/channel_problem/B_walk.h5,1620,,d8c57853fddc36437daaf312a37f7db8e1198dd50d0dab9f18699dd81ab3913b,39,B_walk
S1,3124,ieee_dataport/LoRa_RFFI-main/LoRa_RFFI/dataset/Test/channel_problem/B_walk.h5,1621,,7c0771ca2d2aaad616e35643288cef607e0b092a035b5c47cbfdc9e0c0b7cc4a,39,B_walk
S1,3125,ieee_dataport/LoRa_RFFI-main/LoRa_RFFI/dataset/Test/channel_problem/B_walk.h5,1622,,92c1c1d5b941c163b452555913da3dacff65b2c623f94de2c936c3c78358da96,39,B_walk
S1,3126,ieee_dataport/LoRa_RFFI-main/LoRa_RFFI/dataset/Test/channel_problem/B_walk.h5,1625,,63569bf8aee0d168e87f7c3b48db77f22b67525e59bfad9d90188c27a677baee,39,B_walk
S1,3127,ieee_dataport/LoRa_RFFI-main/LoRa_RFFI/dataset/Test/channel_problem/B_walk.h5,1626,,5421c2899eb882d9a9a8169af566121470a46fc195ea95ce05ca710fd3638207,39,B_walk
S1,3128,ieee_dataport/LoRa_RFFI-main/LoRa_RFFI/dataset/Test/channel_problem/B_walk.h5,1629,,fb902b095804aa5a3bd106b044fa4f49b1d939836ad359ebb61fc21b083a6c83,39,B_walk
S1,3129,ieee_dataport/LoRa_RFFI-main/LoRa_RFFI/dataset/Test/channel_problem/B_walk.h5,1635,,b98dd35e8d8f8348a5f457001bd9589dadd96b70a2a05ffb08294cd3cb26bd05,39,B_walk
S1,3130,ieee_dataport/LoRa_RFFI-main/LoRa_RFFI/dataset/Test/channel_problem/B_walk.h5,1646,,bcbbbf87e6779f050d9a047d665d1bcb291d4092f6fb4948f0d2530a87f79e59,39,B_walk
S1,3131,ieee_dataport/LoRa_RFFI-main/LoRa_RFFI/dataset/Test/channel_problem/B_walk.h5,1665,,4f106ad45d3eace5094636281019c13dfc041b1bc812aa349c74a8669a06f5f2,39,B_walk
S1,3132,ieee_dataport/LoRa_RFFI-main/LoRa_RFFI/dataset/Test/channel_problem/B_walk.h5,1671,,a31c8ff419b10423077a1d6b53afc55b96e4df9c6e60da613cfad4f9e9887f72,39,B_walk
S1,3133,ieee_dataport/LoRa_RFFI-main/LoRa_RFFI/dataset/Test/channel_problem/B_walk.h5,1685,,d6d292aae2b4d972d2b8fb550eba01ef5aac13f62bec63f750c7272f46a31a4b,39,B_walk
S1,3134,ieee_dataport/LoRa_RFFI-main/LoRa_RFFI/dataset/Test/channel_problem/B_walk.h5,1694,,11272a74642c774d5e10f63a51df00477e0b002c33ac8963d14a760760df27ef,39,B_walk
S1,3135,ieee_dataport/LoRa_RFFI-main/LoRa_RFFI/dataset/Test/channel_problem/B_walk.h5,1699,,c54bf8340983994258f7cff625d1ad5a82a050cbd5520399d383a109ea431edf,39,B_walk
S1,3136,ieee_dataport/LoRa_RFFI-main/LoRa_RFFI/dataset/Test/channel_problem/B_walk.h5,1703,,97880c2f0dbf7a4dc7e4440b751ded18fdcfb358582ed4d20aaf25461ecf3dba,39,B_walk
S1,3137,ieee_dataport/LoRa_RFFI-main/LoRa_RFFI/dataset/Test/channel_problem/B_walk.h5,1711,,1058333cd596c456b3b48c907d7a212034df41da38c677cf215ec56c49779174,39,B_walk
S1,3138,ieee_dataport/LoRa_RFFI-main/LoRa_RFFI/dataset/Test/channel_problem/B_walk.h5,1723,,5c48c95fe9b9e60e82da05f8a76d8b90a4c04471429c1c9436fa7a37a7dc43d1,39,B_walk
S1,3139,ieee_dataport/LoRa_RFFI-main/LoRa_RFFI/dataset/Test/channel_problem/B_walk.h5,1733,,1db43a32882c6d4ae63e5376fb3e74b652ccc8686f86bfa2244f6b7733480899,39,B_walk
S1,3140,ieee_dataport/LoRa_RFFI-main/LoRa_RFFI/dataset/Test/channel_problem/B_walk.h5,1739,,157a786369c539f7f47303c8292a6bd4781b94266a1018c6034977ad3c6f2a46,39,B_walk
S1,3141,ieee_dataport/LoRa_RFFI-main/LoRa_RFFI/dataset/Test/channel_problem/B_walk.h5,1740,,adf10be43aed04aaa100139cc6d61b01fa2f1bc53e440e553d8490c3f4543c9f,39,B_walk
S1,3142,ieee_dataport/LoRa_RFFI-main/LoRa_RFFI/dataset/Test/channel_problem/B_walk.h5,1741,,08188972120381bca3818ae4360f92cfede9d9ba261dc6a67319e13a86f06f73,39,B_walk
S1,3143,ieee_dataport/LoRa_RFFI-main/LoRa_RFFI/dataset/Test/channel_problem/B_walk.h5,1744,,0472fe221458eefad50d9da03f37d05d6e54a2d2422d685fef1ab2c09168450f,39,B_walk
S1,3144,ieee_dataport/LoRa_RFFI-main/LoRa_RFFI/dataset/Test/channel_problem/B_walk.h5,1745,,11a3718bbc4df637a04836a8df0dee1bab9ebb53977a3bfc7c85b2d6c041bfae,39,B_walk
S1,3145,ieee_dataport/LoRa_RFFI-main/LoRa_RFFI/dataset/Test/channel_problem/B_walk.h5,1746,,574e2a5ecb877ef6c89e55ae5cd8fdfd4f2c38ccd45924dd8b7e952c01a9e345,39,B_walk
S1,3146,ieee_dataport/LoRa_RFFI-main/LoRa_RFFI/dataset/Test/channel_problem/B_walk.h5,1759,,a56c46e7ac159e56d2c09d26c321c75321398e2661c2bf57f2099ab467db175c,39,B_walk
S1,3147,ieee_dataport/LoRa_RFFI-main/LoRa_RFFI/dataset/Test/channel_problem/B_walk.h5,1770,,0687466eeec09c422fdcf0b737a4611682696ed4c8da90170b121d1a4bfc8277,39,B_walk
S1,3148,ieee_dataport/LoRa_RFFI-main/LoRa_RFFI/dataset/Test/channel_problem/B_walk.h5,1771,,0b6b8da061b053992917c154d32023e7003d85622da65ce5d2e11ce6c6af00f9,39,B_walk
S1,3149,ieee_dataport/LoRa_RFFI-main/LoRa_RFFI/dataset/Test/channel_problem/B_walk.h5,1775,,5063e8082f5071254f3dcab21f69e109326fdc6e86aef99c487ee0d720ef4c45,39,B_walk
S1,3150,ieee_dataport/LoRa_RFFI-main/LoRa_RFFI/dataset/Test/channel_problem/B_walk.h5,1778,,9ef34418dd844797cc3002a9dca0d27d2a815695c37f985e5445823ec9ec1341,39,B_walk
S1,3151,ieee_dataport/LoRa_RFFI-main/LoRa_RFFI/dataset/Test/channel_problem/B_walk.h5,1780,,d95151c33a1f66b97f48fc7be63d82a8ad1bca1344af6d6fa310041dc2b0d5a0,39,B_walk
S1,3152,ieee_dataport/LoRa_RFFI-main/LoRa_RFFI/dataset/Test/channel_problem/B_walk.h5,1781,,d478266ecfcacadc36b9161c7412e68be0eeeefa4a4c7b8451af06527aba2673,39,B_walk
S1,3153,ieee_dataport/LoRa_RFFI-main/LoRa_RFFI/dataset/Test/channel_problem/B_walk.h5,1784,,aed0f02fb0a03cae905cf5f1f05c3353dc85996c71c365b2807fad086896b513,39,B_walk
S1,3154,ieee_dataport/LoRa_RFFI-main/LoRa_RFFI/dataset/Test/channel_problem/B_walk.h5,1787,,e9e900037a0f43176250e85fbb0d15f8344231335a78a1db8750eb5d06124519,39,B_walk
S1,3155,ieee_dataport/LoRa_RFFI-main/LoRa_RFFI/dataset/Test/channel_problem/B_walk.h5,1794,,db8b813c81d3b6de92aa01bc0e0377e08b0d5ec74257bf95c1023a75d9c38208,39,B_walk
S1,3156,ieee_dataport/LoRa_RFFI-main/LoRa_RFFI/dataset/Test/channel_problem/B_walk.h5,1795,,fc282374c29585a39b9890aece20bdd3edf9ba8365b371af8b232d04ac39409a,39,B_walk
S1,3157,ieee_dataport/LoRa_RFFI-main/LoRa_RFFI/dataset/Test/channel_problem/B_walk.h5,1796,,ce8cf8802bb435bf606d9095bed262eb3c4a5e3581a91cf6b494742a123c91ac,39,B_walk
S1,3158,ieee_dataport/LoRa_RFFI-main/LoRa_RFFI/dataset/Test/channel_problem/B_walk.h5,1797,,b08c4890b880d18916628eeae409e69067bcdd99a27c5803f777b28cd417195f,39,B_walk
S1,3159,ieee_dataport/LoRa_RFFI-main/LoRa_RFFI/dataset/Test/channel_problem/B_walk.h5,1798,,0fbb9234c4082f0707921fc8239178dbcf59418902e6fce29f880ea30c58da39,39,B_walk
S1,3160,ieee_dataport/LoRa_RFFI-main/LoRa_RFFI/dataset/Test/channel_problem/B_walk.h5,1802,,10ebeed8ab0320d9a92ca9c84c7920a2b386d3bb3e23e82938851e2f43628cb3,40,B_walk
S1,3161,ieee_dataport/LoRa_RFFI-main/LoRa_RFFI/dataset/Test/channel_problem/B_walk.h5,1806,,1de5281071be1e3da722789f2eddb607db82da5d4197dcad54ac7f7466ed66ed,40,B_walk
S1,3162,ieee_dataport/LoRa_RFFI-main/LoRa_RFFI/dataset/Test/channel_problem/B_walk.h5,1808,,1882cd5a80166748f148a6849110a87a79720751555a4bc1b4e4b2e410c85e1e,40,B_walk
S1,3163,ieee_dataport/LoRa_RFFI-main/LoRa_RFFI/dataset/Test/channel_problem/B_walk.h5,1811,,3a4fea09c16390e459f54dca8b891e47751ae51ca9dcf4142fe3bd047813afea,40,B_walk
S1,3164,ieee_dataport/LoRa_RFFI-main/LoRa_RFFI/dataset/Test/channel_problem/B_walk.h5,1817,,fe74e5f443782ec566a20fe50087c99c76535c0315b931d3346e7243aaa70455,40,B_walk
S1,3165,ieee_dataport/LoRa_RFFI-main/LoRa_RFFI/dataset/Test/channel_problem/B_walk.h5,1819,,bcca5d9e02ff4fde6157802f303630c8041638d6ca22b3e5702e6ba4be18d98c,40,B_walk
S1,3166,ieee_dataport/LoRa_RFFI-main/LoRa_RFFI/dataset/Test/channel_problem/B_walk.h5,1825,,e775b2ca8e79f8461219ce3147f922660bd2ae79807c53ad816fb480ffef1b89,40,B_walk
S1,3167,ieee_dataport/LoRa_RFFI-main/LoRa_RFFI/dataset/Test/channel_problem/B_walk.h5,1826,,5f466de2ed7d6d6bad9197fb48d17e3dfe319872307bb54ad6164c761d18007b,40,B_walk
S1,3168,ieee_dataport/LoRa_RFFI-main/LoRa_RFFI/dataset/Test/channel_problem/B_walk.h5,1841,,566d6b19a3ec44e4ed70c1a48b9d06d951a23f88aca58d53e470ec3aff68d820,40,B_walk
S1,3169,ieee_dataport/LoRa_RFFI-main/LoRa_RFFI/dataset/Test/channel_problem/B_walk.h5,1845,,a1cd859cf0ab3f6f9c682d510a939c77e024eebd73f6165f48256ebd6c664765,40,B_walk
S1,3170,ieee_dataport/LoRa_RFFI-main/LoRa_RFFI/dataset/Test/channel_problem/B_walk.h5,1846,,6e4d6ad9bf5abc002001c72e84d1e86a83cf8fddc25d58af941c378b38382713,40,B_walk
S1,3171,ieee_dataport/LoRa_RFFI-main/LoRa_RFFI/dataset/Test/channel_problem/B_walk.h5,1848,,da57b543b9916356344a198682d5c0e2764d857d5698a8f89973c72bb2a086bd,40,B_walk
S1,3172,ieee_dataport/LoRa_RFFI-main/LoRa_RFFI/dataset/Test/channel_problem/B_walk.h5,1862,,487cc8b698e53747c33b8ce1dce14d5d308c8c69bf155e075f961d59a51f01d8,40,B_walk
S1,3173,ieee_dataport/LoRa_RFFI-main/LoRa_RFFI/dataset/Test/channel_problem/B_walk.h5,1868,,bf2c0cb35c7c44ffec8cdf493e42f2ecefb69d049d9e1b44d874d7e17d39d5c8,40,B_walk
S1,3174,ieee_dataport/LoRa_RFFI-main/LoRa_RFFI/dataset/Test/channel_problem/B_walk.h5,1880,,476fa7848c853fa9af01bcfcc5a9721036bb0c291e344bb22896ff0b0af680e7,40,B_walk
S1,3175,ieee_dataport/LoRa_RFFI-main/LoRa_RFFI/dataset/Test/channel_problem/B_walk.h5,1883,,b6ef64b4cd26f79415c57f4c07935525104466abdad67cb78f9f66b99c1f1e63,40,B_walk
S1,3176,ieee_dataport/LoRa_RFFI-main/LoRa_RFFI/dataset/Test/channel_problem/B_walk.h5,1884,,46d609897498c0896baa207422ab916524ecaeb2fc7eef5be7d99eb1586ac647,40,B_walk
S1,3177,ieee_dataport/LoRa_RFFI-main/LoRa_RFFI/dataset/Test/channel_problem/B_walk.h5,1902,,047bf55d9e2ddb416f357d7e1cc2a0cabc1f3f021ca1a501dcab8391206ebc4c,40,B_walk
S1,3178,ieee_dataport/LoRa_RFFI-main/LoRa_RFFI/dataset/Test/channel_problem/B_walk.h5,1904,,19419260b0a01c4eef330a5e6549c4d590c9369aced910a17d1f6af2087d12f4,40,B_walk
S1,3179,ieee_dataport/LoRa_RFFI-main/LoRa_RFFI/dataset/Test/channel_problem/B_walk.h5,1905,,4c3b5f401a3cc981b7d4ce850e651079fc6ddb2d941a84e77d4e2343cff83fa4,40,B_walk
S1,3180,ieee_dataport/LoRa_RFFI-main/LoRa_RFFI/dataset/Test/channel_problem/B_walk.h5,1906,,09d45b9d067a2ef69c238e3de2e60c109532a39c71dbe2350393b46e47f732eb,40,B_walk
S1,3181,ieee_dataport/LoRa_RFFI-main/LoRa_RFFI/dataset/Test/channel_problem/B_walk.h5,1911,,bf0aff462717303b536fc61b61f14ae2c59486862b56491b49230020af034541,40,B_walk
S1,3182,ieee_dataport/LoRa_RFFI-main/LoRa_RFFI/dataset/Test/channel_problem/B_walk.h5,1915,,208e3e41b62697d39d5e8946e3e9ee91b898c9b7ee002759f5db1cc7e8253582,40,B_walk
S1,3183,ieee_dataport/LoRa_RFFI-main/LoRa_RFFI/dataset/Test/channel_problem/B_walk.h5,1919,,19f3061aaca04c3bca5031b1c32ec42cd8b9d099a4442d9b02f3881d2ac526c2,40,B_walk
S1,3184,ieee_dataport/LoRa_RFFI-main/LoRa_RFFI/dataset/Test/channel_problem/B_walk.h5,1929,,70aa470bc7a62d052a671c69108accb3bda07e2054f95e31c9616473288c9326,40,B_walk
S1,3185,ieee_dataport/LoRa_RFFI-main/LoRa_RFFI/dataset/Test/channel_problem/B_walk.h5,1934,,ef4857ba70ec861b29a9a3f4dde3e6e0f1efcb5a43e141b2e2cc932ab2a78d36,40,B_walk
S1,3186,ieee_dataport/LoRa_RFFI-main/LoRa_RFFI/dataset/Test/channel_problem/B_walk.h5,1938,,56325327448cb8f881928e06d62fa76a8582e387aefa8576eb74503a867182a8,40,B_walk
S1,3187,ieee_dataport/LoRa_RFFI-main/LoRa_RFFI/dataset/Test/channel_problem/B_walk.h5,1941,,40ad2d59fc80921e13086f3de72aeff0da87137e4bbae7f685c1eec175044eab,40,B_walk
S1,3188,ieee_dataport/LoRa_RFFI-main/LoRa_RFFI/dataset/Test/channel_problem/B_walk.h5,1944,,a2fb4f0e596011450c3d3bef4c3942dd98911673954d562a03ab65497b606995,40,B_walk
S1,3189,ieee_dataport/LoRa_RFFI-main/LoRa_RFFI/dataset/Test/channel_problem/B_walk.h5,1955,,91d67d22eb6e7d96ff676975466dc73affa19d71f06663230ccf915ace374a31,40,B_walk
S1,3190,ieee_dataport/LoRa_RFFI-main/LoRa_RFFI/dataset/Test/channel_problem/B_walk.h5,1960,,84ea99a60708e6a1d68b87ad58d75160baa59d6c4778f17ed403767e49f453f9,40,B_walk
S1,3191,ieee_dataport/LoRa_RFFI-main/LoRa_RFFI/dataset/Test/channel_problem/B_walk.h5,1974,,d6d483212e7fbdede01a48ed3e66d4d20a231ab60551141d131e2f7ac07e179a,40,B_walk
S1,3192,ieee_dataport/LoRa_RFFI-main/LoRa_RFFI/dataset/Test/channel_problem/B_walk.h5,1980,,69ba5d55a35576a117f5d7b38c459b832ad6e974b22d62b44e3d575cf9bc29ae,40,B_walk
S1,3193,ieee_dataport/LoRa_RFFI-main/LoRa_RFFI/dataset/Test/channel_problem/B_walk.h5,1981,,2e8a7c3e50ac698e4f849caa634e5bdb349b142325f6fda75ae42ccca07526ae,40,B_walk
S1,3194,ieee_dataport/LoRa_RFFI-main/LoRa_RFFI/dataset/Test/channel_problem/B_walk.h5,1982,,d8f4ba4a41a6b06e382247305360be97591301d802c48675516eb5e5ddbffb75,40,B_walk
S1,3195,ieee_dataport/LoRa_RFFI-main/LoRa_RFFI/dataset/Test/channel_problem/B_walk.h5,1988,,08bdd90678ebf8de6d8fa06c270bb1fddeea6178bf698b74544fb820ac068138,40,B_walk
S1,3196,ieee_dataport/LoRa_RFFI-main/LoRa_RFFI/dataset/Test/channel_problem/B_walk.h5,1990,,efeccb201b75d11373c9f6ef3539e01a828f4fb96adc2cfd53880a5a9a90bd40,40,B_walk
S1,3197,ieee_dataport/LoRa_RFFI-main/LoRa_RFFI/dataset/Test/channel_problem/B_walk.h5,1992,,8280081d0686ac697dfb51c65e26f2a5faf01da033541518030401bb10dfa5df,40,B_walk
S1,3198,ieee_dataport/LoRa_RFFI-main/LoRa_RFFI/dataset/Test/channel_problem/B_walk.h5,1994,,ee35b757fa2ed7145be7e2906bf050863d54c26a67d271b4dcef9e8db9fd166a,40,B_walk
S1,3199,ieee_dataport/LoRa_RFFI-main/LoRa_RFFI/dataset/Test/channel_problem/B_walk.h5,1997,,0708067b34b5cffaa5a4250e962f8a7c1b51ca6e725aa4e25a122c583a6c85f2,40,B_walk
S1,3200,ieee_dataport/LoRa_RFFI-main/LoRa_RFFI/dataset/Test/channel_problem/F_walk.h5,3,,5336b4601a20864ff5c0be6c370133511105bcefbb87f038d65081bc3a27a9b1,31,F_walk
S1,3201,ieee_dataport/LoRa_RFFI-main/LoRa_RFFI/dataset/Test/channel_problem/F_walk.h5,10,,1eeeef9e4d7f12923a90c2d3c9ca12adcd84ee9c4a3ba5d251668a75f6c05488,31,F_walk
S1,3202,ieee_dataport/LoRa_RFFI-main/LoRa_RFFI/dataset/Test/channel_problem/F_walk.h5,11,,7883240c8b2c9de0da954c68cef2a671fb246ccf24b3e7282954b5de8f53add6,31,F_walk
S1,3203,ieee_dataport/LoRa_RFFI-main/LoRa_RFFI/dataset/Test/channel_problem/F_walk.h5,24,,38994c270cbb4e686c86f0cb973d33c80697f9dcaaa751eae377cf68a99fe443,31,F_walk
S1,3204,ieee_dataport/LoRa_RFFI-main/LoRa_RFFI/dataset/Test/channel_problem/F_walk.h5,32,,282e61155769a5423103aa05053da5f3f12f66356278b775cb382f8a9f454710,31,F_walk
S1,3205,ieee_dataport/LoRa_RFFI-main/LoRa_RFFI/dataset/Test/channel_problem/F_walk.h5,38,,d283cf2a20df050cf29238f4d9cdca36f3bcc16bbeb4bbbe9d9a7a25a7c8b755,31,F_walk
S1,3206,ieee_dataport/LoRa_RFFI-main/LoRa_RFFI/dataset/Test/channel_problem/F_walk.h5,52,,de118561785cdf86573e563334e2bca0c35f02a426926297690c7282ccb3d1b5,31,F_walk
S1,3207,ieee_dataport/LoRa_RFFI-main/LoRa_RFFI/dataset/Test/channel_problem/F_walk.h5,55,,ae3d931e33abf2616603058ef4d88ca0387ba3847b1bf8ab7227fc5d7f919256,31,F_walk
S1,3208,ieee_dataport/LoRa_RFFI-main/LoRa_RFFI/dataset/Test/channel_problem/F_walk.h5,58,,d380539e8b19929a9cab8b35d8f02920b31850aaba4c37bf5d5868d1d7879dce,31,F_walk
S1,3209,ieee_dataport/LoRa_RFFI-main/LoRa_RFFI/dataset/Test/channel_problem/F_walk.h5,63,,cd0179104ef41c5cf333d521049fc7c3bc14325f92d67cdde9fcee097a81df77,31,F_walk
S1,3210,ieee_dataport/LoRa_RFFI-main/LoRa_RFFI/dataset/Test/channel_problem/F_walk.h5,73,,3c1641f120d2537d930e1adbefc4a91ec166c70b56445574764ae7d1dcbda758,31,F_walk
S1,3211,ieee_dataport/LoRa_RFFI-main/LoRa_RFFI/dataset/Test/channel_problem/F_walk.h5,80,,eff1dd354ed929a0369785c62db1b2602f415bbb0a1569c359772697c8ea0dcd,31,F_walk
S1,3212,ieee_dataport/LoRa_RFFI-main/LoRa_RFFI/dataset/Test/channel_problem/F_walk.h5,89,,b00783cd749d8746cf7884a8b7f656f79fb7c2cea4e1e6d70756b24eaccb290d,31,F_walk
S1,3213,ieee_dataport/LoRa_RFFI-main/LoRa_RFFI/dataset/Test/channel_problem/F_walk.h5,98,,78692a8d0b60fde6908e4385ecd1f2daecb0a157bbf2cb967b1ebd2abcfb0aa2,31,F_walk
S1,3214,ieee_dataport/LoRa_RFFI-main/LoRa_RFFI/dataset/Test/channel_problem/F_walk.h5,104,,cea6e14182977a78fef76412abed80e7287541cf0ced902cdbb2ab1b81988715,31,F_walk
S1,3215,ieee_dataport/LoRa_RFFI-main/LoRa_RFFI/dataset/Test/channel_problem/F_walk.h5,110,,ea64e39afca6b4f536ae61cf8f4007c59330e62f55cc353bcfbcb887dbc82485,31,F_walk
S1,3216,ieee_dataport/LoRa_RFFI-main/LoRa_RFFI/dataset/Test/channel_problem/F_walk.h5,111,,2202bf45b35734d967d73904ff62397cd1857510d0cacb9930d207c2efc8dee3,31,F_walk
S1,3217,ieee_dataport/LoRa_RFFI-main/LoRa_RFFI/dataset/Test/channel_problem/F_walk.h5,117,,b3fd60d113bf360c078a0a784e9e2692a823c920ee6c7ce73fe6bc3722536f7e,31,F_walk
S1,3218,ieee_dataport/LoRa_RFFI-main/LoRa_RFFI/dataset/Test/channel_problem/F_walk.h5,118,,1eadb4d5c37eee53be6b2dc3c9bde35e6b6be6fb0618a8025f1a59d8a25b4521,31,F_walk
S1,3219,ieee_dataport/LoRa_RFFI-main/LoRa_RFFI/dataset/Test/channel_problem/F_walk.h5,124,,adbeb01531d0f53e221758972cf769f5c20416710454307e6202dc9bf41a751f,31,F_walk
S1,3220,ieee_dataport/LoRa_RFFI-main/LoRa_RFFI/dataset/Test/channel_problem/F_walk.h5,134,,c0e22a1c692847bc9de5e3739042807eb3c897dff4a330ca1d446627bf50034b,31,F_walk
S1,3221,ieee_dataport/LoRa_RFFI-main/LoRa_RFFI/dataset/Test/channel_problem/F_walk.h5,135,,40862a7f3602c9aac12cf6f1373849747757448613a6fa76cca5f7b08dec1d26,31,F_walk
S1,3222,ieee_dataport/LoRa_RFFI-main/LoRa_RFFI/dataset/Test/channel_problem/F_walk.h5,137,,35f2a18cd10e1df019bcb89f2d6153c52b58ad36ebd89f77c819795a06bb5ce3,31,F_walk
S1,3223,ieee_dataport/LoRa_RFFI-main/LoRa_RFFI/dataset/Test/channel_problem/F_walk.h5,140,,d88f23e13887e956b4c35a9780dc45d97f80193678643c0da6b0c83b5e8981ea,31,F_walk
S1,3224,ieee_dataport/LoRa_RFFI-main/LoRa_RFFI/dataset/Test/channel_problem/F_walk.h5,153,,4f2030ee9cdd6cc691dd886b2ce445efae15f845fb0b35c9f8807885488abeba,31,F_walk
S1,3225,ieee_dataport/LoRa_RFFI-main/LoRa_RFFI/dataset/Test/channel_problem/F_walk.h5,156,,f63a10c709920bd0d2c0642ac09012d2502a5daed1df9125870fba95ef31b031,31,F_walk
S1,3226,ieee_dataport/LoRa_RFFI-main/LoRa_RFFI/dataset/Test/channel_problem/F_walk.h5,157,,d13f1e1dcb58a8670af4c2d963af5dce9387443fe43412dbe46408bcbb986da9,31,F_walk
S1,3227,ieee_dataport/LoRa_RFFI-main/LoRa_RFFI/dataset/Test/channel_problem/F_walk.h5,163,,681638027862148adf8694a4dcf09aa9fb71e1e7525432575484a846e68791db,31,F_walk
S1,3228,ieee_dataport/LoRa_RFFI-main/LoRa_RFFI/dataset/Test/channel_problem/F_walk.h5,167,,29659b439e2a5bbcd33e7a8f8cebdc75fbd1dd1f7f0fa6564b64e126f4608eed,31,F_walk
S1,3229,ieee_dataport/LoRa_RFFI-main/LoRa_RFFI/dataset/Test/channel_problem/F_walk.h5,169,,76bd990d8d2aba7ed21fd88c373ff8c98b8c86089ecc31004e984a5f6295e0b4,31,F_walk
S1,3230,ieee_dataport/LoRa_RFFI-main/LoRa_RFFI/dataset/Test/channel_problem/F_walk.h5,173,,16dae30fe01fe8dbe47bf47944184bb9346f7dccba273ed09a8d14a2289201ed,31,F_walk
S1,3231,ieee_dataport/LoRa_RFFI-main/LoRa_RFFI/dataset/Test/channel_problem/F_walk.h5,174,,7ead85967bb2b8cbecaa9f15d88ddd0b5ea7207ae34d4a2597483d3fcccaf2ae,31,F_walk
S1,3232,ieee_dataport/LoRa_RFFI-main/LoRa_RFFI/dataset/Test/channel_problem/F_walk.h5,176,,49c6690996332cc56d0b20c90eef744a288938d0f7102156b46b5994b5d34451,31,F_walk
S1,3233,ieee_dataport/LoRa_RFFI-main/LoRa_RFFI/dataset/Test/channel_problem/F_walk.h5,179,,01953694c51359aec9f0999788e31e52d4b9370063738f7924c396d25ce73c63,31,F_walk
S1,3234,ieee_dataport/LoRa_RFFI-main/LoRa_RFFI/dataset/Test/channel_problem/F_walk.h5,180,,2c9d420dab008c0f975ac9372a677f7f1c3d80f17dd1ec0f9827a9446739bbe0,31,F_walk
S1,3235,ieee_dataport/LoRa_RFFI-main/LoRa_RFFI/dataset/Test/channel_problem/F_walk.h5,185,,2c48fa38fb366246865096bca7c0c6b0b69fa825d2899cafeb65466d645fd9e1,31,F_walk
S1,3236,ieee_dataport/LoRa_RFFI-main/LoRa_RFFI/dataset/Test/channel_problem/F_walk.h5,186,,157930b57237c1a39bd56b1ef0c29a479e23149fcc8f00c11bd27c5c0228283f,31,F_walk
S1,3237,ieee_dataport/LoRa_RFFI-main/LoRa_RFFI/dataset/Test/channel_problem/F_walk.h5,192,,ff22eb500bc98e7b602bffe10761d6a9c1cce6bb2352cbbc89b0d00936b88e7c,31,F_walk
S1,3238,ieee_dataport/LoRa_RFFI-main/LoRa_RFFI/dataset/Test/channel_problem/F_walk.h5,194,,2b0036a2757c8e817b2b4b9b9995f150816c448ed7a5b70fd4e2f1b0378a3cde,31,F_walk
S1,3239,ieee_dataport/LoRa_RFFI-main/LoRa_RFFI/dataset/Test/channel_problem/F_walk.h5,197,,a65bf04fc9cbd4890d33570cedeb6cbcdc5c19b47ddb2eeb264fc076d4f2f65e,31,F_walk
S1,3240,ieee_dataport/LoRa_RFFI-main/LoRa_RFFI/dataset/Test/channel_problem/F_walk.h5,201,,bb46036c6071268376ed0bc8ffeaa84bc0ea4b56b8b88b386fc176c4dab56954,32,F_walk
S1,3241,ieee_dataport/LoRa_RFFI-main/LoRa_RFFI/dataset/Test/channel_problem/F_walk.h5,211,,d99c7270bf148c5a87072b711d5274997f66d502a552a16858a529cb6c67a867,32,F_walk
S1,3242,ieee_dataport/LoRa_RFFI-main/LoRa_RFFI/dataset/Test/channel_problem/F_walk.h5,215,,38ebd85bc20250c7565af6515135e4094274a40194e0def6496b8880bf1725fb,32,F_walk
S1,3243,ieee_dataport/LoRa_RFFI-main/LoRa_RFFI/dataset/Test/channel_problem/F_walk.h5,217,,07f93d5e49ce3d1d25f582e21d74b9807491e88cbe2effaacbc62407c82ffbaf,32,F_walk
S1,3244,ieee_dataport/LoRa_RFFI-main/LoRa_RFFI/dataset/Test/channel_problem/F_walk.h5,225,,06d7e2282e9b5967b02ca59ddca87e73e0a77d57586cffb33040be9be6ccaa8d,32,F_walk
S1,3245,ieee_dataport/LoRa_RFFI-main/LoRa_RFFI/dataset/Test/channel_problem/F_walk.h5,237,,e95aee4aad78ea2ca89457d5e39ca76e7698883d7775342d54e263f90410b9de,32,F_walk
S1,3246,ieee_dataport/LoRa_RFFI-main/LoRa_RFFI/dataset/Test/channel_problem/F_walk.h5,247,,9ced75666d611ed89563ebb730fc826b6b89669276f908f04c2f6169525e5362,32,F_walk
S1,3247,ieee_dataport/LoRa_RFFI-main/LoRa_RFFI/dataset/Test/channel_problem/F_walk.h5,252,,730302842581b51aafa89ee873ad1861d9812aa58bd2caf27be008f2a7e07d05,32,F_walk
S1,3248,ieee_dataport/LoRa_RFFI-main/LoRa_RFFI/dataset/Test/channel_problem/F_walk.h5,254,,92e150b97ecdba0e40d3bec578c22458105ee83bd9af43a601abe1b89ca0962c,32,F_walk
S1,3249,ieee_dataport/LoRa_RFFI-main/LoRa_RFFI/dataset/Test/channel_problem/F_walk.h5,259,,ec926be79ff0f7f1967a22ae5f9341b326bd6ff1d6d60d083b6908b6eb75eac5,32,F_walk
S1,3250,ieee_dataport/LoRa_RFFI-main/LoRa_RFFI/dataset/Test/channel_problem/F_walk.h5,265,,2a09268a304b27485ba6f5cbb1f7a9fb821a6013239a6c79dfdb7557505573e1,32,F_walk
S1,3251,ieee_dataport/LoRa_RFFI-main/LoRa_RFFI/dataset/Test/channel_problem/F_walk.h5,266,,e60f44d9281373f1513fb5a9e72cad9d9f41d48e0404d3b15c748001838270f3,32,F_walk
S1,3252,ieee_dataport/LoRa_RFFI-main/LoRa_RFFI/dataset/Test/channel_problem/F_walk.h5,272,,739f8c707bead66430f8d501ad9a146ed5987745dddc03bb55f41cbc84ad06aa,32,F_walk
S1,3253,ieee_dataport/LoRa_RFFI-main/LoRa_RFFI/dataset/Test/channel_problem/F_walk.h5,273,,2db376c57d92db3e0c5cd6485683834c663230b52aae0316e5aab68b74f290ad,32,F_walk
S1,3254,ieee_dataport/LoRa_RFFI-main/LoRa_RFFI/dataset/Test/channel_problem/F_walk.h5,279,,2e73de8677d7567a36d558b0c8e486975f2c85950763c17e51613a2052412bc6,32,F_walk
S1,3255,ieee_dataport/LoRa_RFFI-main/LoRa_RFFI/dataset/Test/channel_problem/F_walk.h5,280,,130d4da67d35ad35a4b36971b2d328e9a298bdf8ae6ee755beb7691b75916372,32,F_walk
S1,3256,ieee_dataport/LoRa_RFFI-main/LoRa_RFFI/dataset/Test/channel_problem/F_walk.h5,282,,ae4469d39c26c5e96e9dd348eaef3998def1f1febbfacfd5a3d2cbd5557fd7fd,32,F_walk
S1,3257,ieee_dataport/LoRa_RFFI-main/LoRa_RFFI/dataset/Test/channel_problem/F_walk.h5,283,,b340aacb609b88ba8c3c9bf922652290f88ad4c8734e00259b0c00fd2858df84,32,F_walk
S1,3258,ieee_dataport/LoRa_RFFI-main/LoRa_RFFI/dataset/Test/channel_problem/F_walk.h5,287,,1ef3fcf34ad1809907423178588cff78a2ade136e181f5eb168c84f5793aa55f,32,F_walk
S1,3259,ieee_dataport/LoRa_RFFI-main/LoRa_RFFI/dataset/Test/channel_problem/F_walk.h5,288,,7e88c1be5299db557f5c7b4dcd978546c9e15819be24c1e33d94b01b92f73ea2,32,F_walk
S1,3260,ieee_dataport/LoRa_RFFI-main/LoRa_RFFI/dataset/Test/channel_problem/F_walk.h5,311,,521e764dfa7591d6584a0599b29c91ad88541db32496b399052bd00e41ac880c,32,F_walk
S1,3261,ieee_dataport/LoRa_RFFI-main/LoRa_RFFI/dataset/Test/channel_problem/F_walk.h5,312,,f59b42bf95313b173962178aa6da577f118807b7a80ff7ac796117d0efd23911,32,F_walk
S1,3262,ieee_dataport/LoRa_RFFI-main/LoRa_RFFI/dataset/Test/channel_problem/F_walk.h5,317,,e550487805b5507ceed402bbf8a356ee88f033c65f37f5b53bea8871c8fe1a34,32,F_walk
S1,3263,ieee_dataport/LoRa_RFFI-main/LoRa_RFFI/dataset/Test/channel_problem/F_walk.h5,321,,f6020a274195ebf25369504a104f29e14d0e6690d71c72b8ef212bca6f374586,32,F_walk
S1,3264,ieee_dataport/LoRa_RFFI-main/LoRa_RFFI/dataset/Test/channel_problem/F_walk.h5,322,,91ba6acdd603c0cb462c64b451b4d6b6dedee062e7bb6f4a2bb7ec9a61067b5f,32,F_walk
S1,3265,ieee_dataport/LoRa_RFFI-main/LoRa_RFFI/dataset/Test/channel_problem/F_walk.h5,323,,d6c55ccfa0b786758ba58dcdad43fdb41a875bc6e3eedeffe0428880d37d705b,32,F_walk
S1,3266,ieee_dataport/LoRa_RFFI-main/LoRa_RFFI/dataset/Test/channel_problem/F_walk.h5,327,,cce8f031998d5938dc1602b9f11b8d8fc4c2c1ae94b361c5a2240aa7fa2abc85,32,F_walk
S1,3267,ieee_dataport/LoRa_RFFI-main/LoRa_RFFI/dataset/Test/channel_problem/F_walk.h5,330,,05758205d3d866ebc3a6a78cfae0f5a0135d5c85b688c54046577d5ca518eee7,32,F_walk
S1,3268,ieee_dataport/LoRa_RFFI-main/LoRa_RFFI/dataset/Test/channel_problem/F_walk.h5,341,,76396a116642d6d3a5808ca679da0e1545581e3608d8f1f54086c419b8c6d75f,32,F_walk
S1,3269,ieee_dataport/LoRa_RFFI-main/LoRa_RFFI/dataset/Test/channel_problem/F_walk.h5,343,,6aee9ba9d1bb67b7c53cc111d1e3f86fbb029fd91ba404328d3a1eeb0289f592,32,F_walk
S1,3270,ieee_dataport/LoRa_RFFI-main/LoRa_RFFI/dataset/Test/channel_problem/F_walk.h5,357,,e3bdfc358bec825a71505ed687be22b3611d179344c286a14b83226a3b55c0e9,32,F_walk
S1,3271,ieee_dataport/LoRa_RFFI-main/LoRa_RFFI/dataset/Test/channel_problem/F_walk.h5,364,,0edff9173a89ca319d2d102471e11232a0164bc2bee8f15ec5af6c4a93677e86,32,F_walk
S1,3272,ieee_dataport/LoRa_RFFI-main/LoRa_RFFI/dataset/Test/channel_problem/F_walk.h5,368,,baeb9e49d86589cfcac721e6201a97d447018d5ed127e24f38755cd3656041fb,32,F_walk
S1,3273,ieee_dataport/LoRa_RFFI-main/LoRa_RFFI/dataset/Test/channel_problem/F_walk.h5,374,,a01bd6097e10304142b865bad7e25a971c478ab1e1d74f411e31701e9b1a9f57,32,F_walk
S1,3274,ieee_dataport/LoRa_RFFI-main/LoRa_RFFI/dataset/Test/channel_problem/F_walk.h5,377,,5483784c065a3bdb587bcfab34bbef312b9c8c3d7d4504621d4176b52b99fb7d,32,F_walk
S1,3275,ieee_dataport/LoRa_RFFI-main/LoRa_RFFI/dataset/Test/channel_problem/F_walk.h5,378,,1dd8c9fce0c1b9bf4dd0239bb0643c095f9f3fbe3ef2f197200478000e8222ca,32,F_walk
S1,3276,ieee_dataport/LoRa_RFFI-main/LoRa_RFFI/dataset/Test/channel_problem/F_walk.h5,381,,662163098dae14695b353ab660a180bcfaac89af0b0aae4f22ec6be8c9d3c9cf,32,F_walk
S1,3277,ieee_dataport/LoRa_RFFI-main/LoRa_RFFI/dataset/Test/channel_problem/F_walk.h5,390,,4ee023963f466018dd5bd8fe55c45356901d5e7055f495e6a98be2a36d2f189e,32,F_walk
S1,3278,ieee_dataport/LoRa_RFFI-main/LoRa_RFFI/dataset/Test/channel_problem/F_walk.h5,394,,7b901689d076545f5ccc33f580f92893ef66d4da97dbae45710a6d41a24b564b,32,F_walk
S1,3279,ieee_dataport/LoRa_RFFI-main/LoRa_RFFI/dataset/Test/channel_problem/F_walk.h5,399,,e2b854d2fa74784a18b10c5b6f5db94dfe3dda6f9e3ecd10c43c38bb68cacabf,32,F_walk
S1,3280,ieee_dataport/LoRa_RFFI-main/LoRa_RFFI/dataset/Test/channel_problem/F_walk.h5,409,,80db3dce112f351cf18f245793bba6b912abce9ada8c1f4614e7dbeffc9b3bd9,33,F_walk
S1,3281,ieee_dataport/LoRa_RFFI-main/LoRa_RFFI/dataset/Test/channel_problem/F_walk.h5,411,,03b4ba2f3fa8c4c1d724356b3f6609c2913cb06f4379f2951164d0c44f80a43a,33,F_walk
S1,3282,ieee_dataport/LoRa_RFFI-main/LoRa_RFFI/dataset/Test/channel_problem/F_walk.h5,421,,294eb952a686151fbe95596ec02285d9616fdb7d2c5fae85c0047c2d07d25a4d,33,F_walk
S1,3283,ieee_dataport/LoRa_RFFI-main/LoRa_RFFI/dataset/Test/channel_problem/F_walk.h5,422,,1e5c66906d082457ab0c788413d9c6acd75a644e85078ab3c7f15d3d8661bdb5,33,F_walk
S1,3284,ieee_dataport/LoRa_RFFI-main/LoRa_RFFI/dataset/Test/channel_problem/F_walk.h5,430,,fca09135f8840e26410352f59b53f8faead8c09aadf469f02ef450b88e50096e,33,F_walk
S1,3285,ieee_dataport/LoRa_RFFI-main/LoRa_RFFI/dataset/Test/channel_problem/F_walk.h5,432,,5ce3b87397f4f806c73930f72859a8320b18c24fc92e107edc4feeb178d23465,33,F_walk
S1,3286,ieee_dataport/LoRa_RFFI-main/LoRa_RFFI/dataset/Test/channel_problem/F_walk.h5,433,,5c99bbd84c592412b076ad5c3c8c6a17e1294a99481f069c56b090e41d9ab6d4,33,F_walk
S1,3287,ieee_dataport/LoRa_RFFI-main/LoRa_RFFI/dataset/Test/channel_problem/F_walk.h5,434,,cd81cc5bcba68360a43b6ea8992c896f370713a7e756a5f12f45ac5833c58417,33,F_walk
S1,3288,ieee_dataport/LoRa_RFFI-main/LoRa_RFFI/dataset/Test/channel_problem/F_walk.h5,435,,cc3c9b9a517b5f5a7c9bb2e0576c562cd843b2cef3420aaa9779b325f742e2c0,33,F_walk
S1,3289,ieee_dataport/LoRa_RFFI-main/LoRa_RFFI/dataset/Test/channel_problem/F_walk.h5,436,,34845a0bc23336c5d09f5da1ad7e6d3a5159433a2d0615fd2548c021fdb30830,33,F_walk
S1,3290,ieee_dataport/LoRa_RFFI-main/LoRa_RFFI/dataset/Test/channel_problem/F_walk.h5,438,,14741c5e3d73f3139d4c611a6d313dce085d09749c22be4af41fe7eed9b2219b,33,F_walk
S1,3291,ieee_dataport/LoRa_RFFI-main/LoRa_RFFI/dataset/Test/channel_problem/F_walk.h5,452,,543bd7181582f128bc38e25d9532c62f5577825b810b510c904cb8e90fdefc3f,33,F_walk
S1,3292,ieee_dataport/LoRa_RFFI-main/LoRa_RFFI/dataset/Test/channel_problem/F_walk.h5,459,,6ecf1502732d93fbc51bf29a62984169eacfacc630167952b788b97b5b118886,33,F_walk
S1,3293,ieee_dataport/LoRa_RFFI-main/LoRa_RFFI/dataset/Test/channel_problem/F_walk.h5,461,,22a269926e8ed2315bcf90983e259378bbfae8e6f290c0874d1aa4dbc2c62b29,33,F_walk
S1,3294,ieee_dataport/LoRa_RFFI-main/LoRa_RFFI/dataset/Test/channel_problem/F_walk.h5,472,,f8fab50f86450d81e6d8deea306fa3079e87880b1d38c908b99547646c586b75,33,F_walk
S1,3295,ieee_dataport/LoRa_RFFI-main/LoRa_RFFI/dataset/Test/channel_problem/F_walk.h5,478,,a42f476640cf27df6b3b4a9066504261086253e679138e00d030f6be452b24af,33,F_walk
S1,3296,ieee_dataport/LoRa_RFFI-main/LoRa_RFFI/dataset/Test/channel_problem/F_walk.h5,480,,3d857c7799f1e6d933f5fce2c376e1aedad47109c6a81ee297afa16ac8d49696,33,F_walk
S1,3297,ieee_dataport/LoRa_RFFI-main/LoRa_RFFI/dataset/Test/channel_problem/F_walk.h5,482,,d8bdb13b79974479d32ee968944cb088dbbfeff1b882558a7f9792ca9f228f02,33,F_walk
S1,3298,ieee_dataport/LoRa_RFFI-main/LoRa_RFFI/dataset/Test/channel_problem/F_walk.h5,484,,29779e17e1d0866f2e2662a6d18f016db9a4b2b8c31f190c5e67377e784ee63c,33,F_walk
S1,3299,ieee_dataport/LoRa_RFFI-main/LoRa_RFFI/dataset/Test/channel_problem/F_walk.h5,486,,54c20a104b02e7796682285b02e1e93385a48697e290e0d55f12018eb5ceacc9,33,F_walk
S1,3300,ieee_dataport/LoRa_RFFI-main/LoRa_RFFI/dataset/Test/channel_problem/F_walk.h5,487,,c3b271cdf942d76b81556db0f65a08bcfe57a85df8df61db7e427697430d417a,33,F_walk
S1,3301,ieee_dataport/LoRa_RFFI-main/LoRa_RFFI/dataset/Test/channel_problem/F_walk.h5,492,,635dda6c9ee37622458c5c4ad50cccc0111025ab47f5c0bd53c795ad5ee1c795,33,F_walk
S1,3302,ieee_dataport/LoRa_RFFI-main/LoRa_RFFI/dataset/Test/channel_problem/F_walk.h5,502,,1402f9639d3652d1a8ed42062c651a85006dcaeb99658d381d8c71157bbb03f4,33,F_walk
S1,3303,ieee_dataport/LoRa_RFFI-main/LoRa_RFFI/dataset/Test/channel_problem/F_walk.h5,512,,ae9dcdcd21f795878a3674ae9a046714b18f0fa48133f722b8813afd9bfe1b54,33,F_walk
S1,3304,ieee_dataport/LoRa_RFFI-main/LoRa_RFFI/dataset/Test/channel_problem/F_walk.h5,518,,b0458a91a6df8913afbe21dd6521302af45e1b0da02bca45c462d7061b020325,33,F_walk
S1,3305,ieee_dataport/LoRa_RFFI-main/LoRa_RFFI/dataset/Test/channel_problem/F_walk.h5,519,,ab0747d1d989e411d4933d3ee0f30700457a1c1c0d2f3f89930f8a53019ef387,33,F_walk
S1,3306,ieee_dataport/LoRa_RFFI-main/LoRa_RFFI/dataset/Test/channel_problem/F_walk.h5,525,,a68e6edf3c76d622133ee470446f7bdc2667bdf5973fe361333bb6c43a0724df,33,F_walk
S1,3307,ieee_dataport/LoRa_RFFI-main/LoRa_RFFI/dataset/Test/channel_problem/F_walk.h5,540,,4ba19c8cd7b5c52a4660e8ed039f9143b8e06e23e0544789b922697c6bef95d8,33,F_walk
S1,3308,ieee_dataport/LoRa_RFFI-main/LoRa_RFFI/dataset/Test/channel_problem/F_walk.h5,549,,42c9f186fdfa31d222f131b066b9428a90988dcf7b5af7549122076e08bd8b24,33,F_walk
S1,3309,ieee_dataport/LoRa_RFFI-main/LoRa_RFFI/dataset/Test/channel_problem/F_walk.h5,551,,1dbcbc00297ab84d77d7f772c2db15eaa4d58f7d4f2ddf98abe20348f389e9f2,33,F_walk
S1,3310,ieee_dataport/LoRa_RFFI-main/LoRa_RFFI/dataset/Test/channel_problem/F_walk.h5,554,,7be3c94b90b673f2a7789d0a8fad1b2cfd93eeb78f95cb793928167af6b18396,33,F_walk
S1,3311,ieee_dataport/LoRa_RFFI-main/LoRa_RFFI/dataset/Test/channel_problem/F_walk.h5,560,,71d2e2e640cd61bb8e1c2cf1c25e8a817bdbce7bb98ba4dd24001fafd9d26dc5,33,F_walk
S1,3312,ieee_dataport/LoRa_RFFI-main/LoRa_RFFI/dataset/Test/channel_problem/F_walk.h5,562,,101f6087cbb300c9ea2d138abca4a10086eead5460ce92800ceeab952570f4ea,33,F_walk
S1,3313,ieee_dataport/LoRa_RFFI-main/LoRa_RFFI/dataset/Test/channel_problem/F_walk.h5,566,,92c37b61565d54aa76c1ba1dac6d2fe7e0918b9e70ebb52d2050cbd48ff6a5a8,33,F_walk
S1,3314,ieee_dataport/LoRa_RFFI-main/LoRa_RFFI/dataset/Test/channel_problem/F_walk.h5,567,,9b662d19bb7b836444245430e6a1c9f6fed6167a8a1e8b8f4f40acff3a349992,33,F_walk
S1,3315,ieee_dataport/LoRa_RFFI-main/LoRa_RFFI/dataset/Test/channel_problem/F_walk.h5,568,,4947ca071369bc364b73575d986d5806eb40ebfebb26e19a82d664cb120bb13b,33,F_walk
S1,3316,ieee_dataport/LoRa_RFFI-main/LoRa_RFFI/dataset/Test/channel_problem/F_walk.h5,578,,a31f43619501ca6e0dff78529e258546c2fb89e2f761ca947d719745c5d12d04,33,F_walk
S1,3317,ieee_dataport/LoRa_RFFI-main/LoRa_RFFI/dataset/Test/channel_problem/F_walk.h5,579,,36a2b417607850f988fe9df87d1ac2a8576b886840fb1d47735dbd453510d73a,33,F_walk
S1,3318,ieee_dataport/LoRa_RFFI-main/LoRa_RFFI/dataset/Test/channel_problem/F_walk.h5,584,,43d44a865fd35b0d33d3e09ec232b6ab8e72530633f114f8525da46013ae91c8,33,F_walk
S1,3319,ieee_dataport/LoRa_RFFI-main/LoRa_RFFI/dataset/Test/channel_problem/F_walk.h5,597,,ad726c38d239858ad4272a5480d61007ece9b09add281bc9303ddba73d84282d,33,F_walk
S1,3320,ieee_dataport/LoRa_RFFI-main/LoRa_RFFI/dataset/Test/channel_problem/F_walk.h5,600,,a5928d1d3dc7d730c8992e009b09b72ef095a3346f735de9166027c41f8344da,34,F_walk
S1,3321,ieee_dataport/LoRa_RFFI-main/LoRa_RFFI/dataset/Test/channel_problem/F_walk.h5,604,,d150733e0dc61149bf7e304d963193d449f1a1a6ac22969b19b6b1eaba17c100,34,F_walk
S1,3322,ieee_dataport/LoRa_RFFI-main/LoRa_RFFI/dataset/Test/channel_problem/F_walk.h5,608,,e0734d6243825518647f713761c7ff8a0ae66acbeb4eb33d375e6728c9a39bda,34,F_walk
S1,3323,ieee_dataport/LoRa_RFFI-main/LoRa_RFFI/dataset/Test/channel_problem/F_walk.h5,609,,56f891330f9857ce4a4d4be6b3b68d5a5a628c437177bb98baa8ad2f49374ad3,34,F_walk
S1,3324,ieee_dataport/LoRa_RFFI-main/LoRa_RFFI/dataset/Test/channel_problem/F_walk.h5,639,,a4da241c70b1a0229caa21ea959f79c7defcdbaaf21f2029d686e942905a3529,34,F_walk
S1,3325,ieee_dataport/LoRa_RFFI-main/LoRa_RFFI/dataset/Test/channel_problem/F_walk.h5,640,,678ee6bc8710022952a4181b04ba9ad202574dd72a08338644a97dfdfea6dfd1,34,F_walk
S1,3326,ieee_dataport/LoRa_RFFI-main/LoRa_RFFI/dataset/Test/channel_problem/F_walk.h5,647,,bfb2eb386d320b67d0f7df81c009c38c4becba658686a57fe37e5f89e0650b22,34,F_walk
S1,3327,ieee_dataport/LoRa_RFFI-main/LoRa_RFFI/dataset/Test/channel_problem/F_walk.h5,650,,906dbca7b756d575e99f3915bfd4cf925bf7e1949d8226613a5d056c55e9800a,34,F_walk
S1,3328,ieee_dataport/LoRa_RFFI-main/LoRa_RFFI/dataset/Test/channel_problem/F_walk.h5,654,,779bc38d3d6c932434589c8cf40af199bccd1db8e879292dd5846abde63419b9,34,F_walk
S1,3329,ieee_dataport/LoRa_RFFI-main/LoRa_RFFI/dataset/Test/channel_problem/F_walk.h5,657,,faba4d2b8018a37fb4e1d48c8e7fef94ed2b17059dcfe1b6024bcea1697ae5dd,34,F_walk
S1,3330,ieee_dataport/LoRa_RFFI-main/LoRa_RFFI/dataset/Test/channel_problem/F_walk.h5,660,,3737aa0d9d5bdeed5f1115d7465e7b72310faa8253e0f76918cd5d65c4eae598,34,F_walk
S1,3331,ieee_dataport/LoRa_RFFI-main/LoRa_RFFI/dataset/Test/channel_problem/F_walk.h5,661,,e35499d7194bf9c6d8b139e0f58344e5048a2a4775455bdf0a0a301425e9dfdd,34,F_walk
S1,3332,ieee_dataport/LoRa_RFFI-main/LoRa_RFFI/dataset/Test/channel_problem/F_walk.h5,662,,1fd4516ef2d05fe16cdac755c4fd715a642b950d7bbffd1c5ceddb032dc8307d,34,F_walk
S1,3333,ieee_dataport/LoRa_RFFI-main/LoRa_RFFI/dataset/Test/channel_problem/F_walk.h5,663,,cba3d8dd9c9b53ed9256d8fbb422fecb1dbc216d92bc3d19eb0077103750b778,34,F_walk
S1,3334,ieee_dataport/LoRa_RFFI-main/LoRa_RFFI/dataset/Test/channel_problem/F_walk.h5,666,,15b65243320197b4441bf99bb488c6d027fd20e144445a5bf6114da5871b00fc,34,F_walk
S1,3335,ieee_dataport/LoRa_RFFI-main/LoRa_RFFI/dataset/Test/channel_problem/F_walk.h5,669,,2801ea476d969bc8e8be4b5434baf14b3813947ce450e4001b17e7369d6ef0d3,34,F_walk
S1,3336,ieee_dataport/LoRa_RFFI-main/LoRa_RFFI/dataset/Test/channel_problem/F_walk.h5,700,,70a99c36deab4e601e044aa6c8d319fbbcaa40950d252fcbe377015c14703cba,34,F_walk
S1,3337,ieee_dataport/LoRa_RFFI-main/LoRa_RFFI/dataset/Test/channel_problem/F_walk.h5,701,,bb18b546b2012096ba21e1c81355599ae44d799dac29a0e8780f75d91c9403fb,34,F_walk
S1,3338,ieee_dataport/LoRa_RFFI-main/LoRa_RFFI/dataset/Test/channel_problem/F_walk.h5,704,,ae7fd8ed9c6f8b96af9febec9c70ead0e3829bb823dd3d5b3de36b7243e1fce0,34,F_walk
S1,3339,ieee_dataport/LoRa_RFFI-main/LoRa_RFFI/dataset/Test/channel_problem/F_walk.h5,708,,d8a656c45e6ef0f07a55703cff7bd635a99bc10b1e35bdfa5819aa6d62c9a715,34,F_walk
S1,3340,ieee_dataport/LoRa_RFFI-main/LoRa_RFFI/dataset/Test/channel_problem/F_walk.h5,709,,2e1bdf8828f2078e13017889e8686a7c03d85e69811b0653a33d44e552ac61eb,34,F_walk
S1,3341,ieee_dataport/LoRa_RFFI-main/LoRa_RFFI/dataset/Test/channel_problem/F_walk.h5,711,,1ab82275d7d71b643ee5710edc2d35df0e279655ea9000d719a7827ce1c5bfe0,34,F_walk
S1,3342,ieee_dataport/LoRa_RFFI-main/LoRa_RFFI/dataset/Test/channel_problem/F_walk.h5,713,,00390f21da93de53e6458e96ff42d420a62b1826ec85e7ebd55bbebd89c6c6e9,34,F_walk
S1,3343,ieee_dataport/LoRa_RFFI-main/LoRa_RFFI/dataset/Test/channel_problem/F_walk.h5,720,,dcbb87c76928ec77966824a1a5d1d257a7ffa91171e9cc331053c45b181ad0a0,34,F_walk
S1,3344,ieee_dataport/LoRa_RFFI-main/LoRa_RFFI/dataset/Test/channel_problem/F_walk.h5,725,,6458df5051ee515cfac16018b5b10c84cd1b043d7eeeb8c0c4005293a77a651a,34,F_walk
S1,3345,ieee_dataport/LoRa_RFFI-main/LoRa_RFFI/dataset/Test/channel_problem/F_walk.h5,727,,1962709b0aec1fb5135b8e0d1be3172c8481ca8c55a449b3a84a6fe99c8eb17e,34,F_walk
S1,3346,ieee_dataport/LoRa_RFFI-main/LoRa_RFFI/dataset/Test/channel_problem/F_walk.h5,732,,4be4d08aa2fda9f555d163f6b2f71284fb2c65bbf5da23e3b10ffee233505e2a,34,F_walk
S1,3347,ieee_dataport/LoRa_RFFI-main/LoRa_RFFI/dataset/Test/channel_problem/F_walk.h5,733,,67b57c450659fbf4c11192e2edf8f43b379c0c5606b0e425138f974ed148dc4b,34,F_walk
S1,3348,ieee_dataport/LoRa_RFFI-main/LoRa_RFFI/dataset/Test/channel_problem/F_walk.h5,739,,0374d3486bf77053fc3734b98eb4daeac52ff851df310d7aa58f7cfb505d1e07,34,F_walk
S1,3349,ieee_dataport/LoRa_RFFI-main/LoRa_RFFI/dataset/Test/channel_problem/F_walk.h5,761,,b8b877863acac59afdc77242085a897a9cc43085e5184422f3e41dd0b94de152,34,F_walk
S1,3350,ieee_dataport/LoRa_RFFI-main/LoRa_RFFI/dataset/Test/channel_problem/F_walk.h5,763,,ac4d5ae934a883fc3e733016172d816eda35a3b169b3df8e492a7427f43c1fc2,34,F_walk
S1,3351,ieee_dataport/LoRa_RFFI-main/LoRa_RFFI/dataset/Test/channel_problem/F_walk.h5,767,,0170f4edc7b821015e5c35e1f3dd54a2e9c52e3760915de2b525ef32b3981f31,34,F_walk
S1,3352,ieee_dataport/LoRa_RFFI-main/LoRa_RFFI/dataset/Test/channel_problem/F_walk.h5,770,,6191a14c8ff776335f87139014344f458f5d2c47ea1c03903f3512a12c79e1da,34,F_walk
S1,3353,ieee_dataport/LoRa_RFFI-main/LoRa_RFFI/dataset/Test/channel_problem/F_walk.h5,771,,a8ed146782d27db13a4cc21f2d6cbe53e693bd358264f7f58a98cb96ef8b23b3,34,F_walk
S1,3354,ieee_dataport/LoRa_RFFI-main/LoRa_RFFI/dataset/Test/channel_problem/F_walk.h5,775,,b16f9af5b77f8126fac0a6385fa1d92e6c6cf5c27421192005c4165c5358d534,34,F_walk
S1,3355,ieee_dataport/LoRa_RFFI-main/LoRa_RFFI/dataset/Test/channel_problem/F_walk.h5,782,,be5a9ac317aa89ed5973ca4e7b233d9187acfd3e42013b6ff837ec481677e809,34,F_walk
S1,3356,ieee_dataport/LoRa_RFFI-main/LoRa_RFFI/dataset/Test/channel_problem/F_walk.h5,784,,68734c9908dbcb03d2154bae4273126a0231dcf3521986c2a241c3ce68249a9e,34,F_walk
S1,3357,ieee_dataport/LoRa_RFFI-main/LoRa_RFFI/dataset/Test/channel_problem/F_walk.h5,785,,1887e588fe5b6dcebefe31778d12e8ae1217c262f5ec02b2a5bf1edf5f843588,34,F_walk
S1,3358,ieee_dataport/LoRa_RFFI-main/LoRa_RFFI/dataset/Test/channel_problem/F_walk.h5,788,,a5e3978c4041fc0eaa023463775f7c2d81cdc78b90eed40d658877cbcb40ed8e,34,F_walk
S1,3359,ieee_dataport/LoRa_RFFI-main/LoRa_RFFI/dataset/Test/channel_problem/F_walk.h5,795,,ced2e9c3fc08f13e695549481180e6b36d91f5a1767dd2fe3b533cb6ab3bfdd1,34,F_walk
S1,3360,ieee_dataport/LoRa_RFFI-main/LoRa_RFFI/dataset/Test/channel_problem/F_walk.h5,808,,b29ce7bfe0d7cff2f7baaf7e9cfff5e85b530c1ebd2db263a5fa92378a83e1e3,35,F_walk
S1,3361,ieee_dataport/LoRa_RFFI-main/LoRa_RFFI/dataset/Test/channel_problem/F_walk.h5,815,,b07344f58b1f38cd99ee4277d0e411042e80e29dee883fe2b080c2d9dc0f96a0,35,F_walk
S1,3362,ieee_dataport/LoRa_RFFI-main/LoRa_RFFI/dataset/Test/channel_problem/F_walk.h5,817,,37ebd816c50ef2601f8d7de6a386cb86036fabd92648119f0bee03df042b9d19,35,F_walk
S1,3363,ieee_dataport/LoRa_RFFI-main/LoRa_RFFI/dataset/Test/channel_problem/F_walk.h5,820,,e6d543642d3346845a0c4ef5ad0200e2121820bfd5da64dcbddfc4c8634e6976,35,F_walk
S1,3364,ieee_dataport/LoRa_RFFI-main/LoRa_RFFI/dataset/Test/channel_problem/F_walk.h5,822,,94804e31b046af4007974370e20972c9e8bfb048774359e5dc74078b625ccbc1,35,F_walk
S1,3365,ieee_dataport/LoRa_RFFI-main/LoRa_RFFI/dataset/Test/channel_problem/F_walk.h5,827,,2ea5c6a277d9d2578d2d87ff5d60ab657ccfecc837be4aadfd7991e450f97fc0,35,F_walk
S1,3366,ieee_dataport/LoRa_RFFI-main/LoRa_RFFI/dataset/Test/channel_problem/F_walk.h5,828,,a84ba91d0d0ed9ab66810cbc2ecfd194c491baeb5b6b7f7065642b46d540c686,35,F_walk
S1,3367,ieee_dataport/LoRa_RFFI-main/LoRa_RFFI/dataset/Test/channel_problem/F_walk.h5,834,,0994a7f0db291711fe161d03f6177801afb42b4289df9798217a4cc914d9db00,35,F_walk
S1,3368,ieee_dataport/LoRa_RFFI-main/LoRa_RFFI/dataset/Test/channel_problem/F_walk.h5,844,,5cabd1561173e9d5a6c5f04f53ff3045d0a4e881fb04ff1a4c7fc07995d1e1e6,35,F_walk
S1,3369,ieee_dataport/LoRa_RFFI-main/LoRa_RFFI/dataset/Test/channel_problem/F_walk.h5,848,,3c458305f33c56b7d672979c6d97873c991086a1df34a3c4afc23758c74484ad,35,F_walk
S1,3370,ieee_dataport/LoRa_RFFI-main/LoRa_RFFI/dataset/Test/channel_problem/F_walk.h5,849,,ec8a284ef80ca67a65603283d7a1451fc63ab9f0b022972ba716a16c114274bb,35,F_walk
S1,3371,ieee_dataport/LoRa_RFFI-main/LoRa_RFFI/dataset/Test/channel_problem/F_walk.h5,855,,1614a28ba30995f32c1721cfa7675322dd00ff092537fe963735080518bf2ade,35,F_walk
S1,3372,ieee_dataport/LoRa_RFFI-main/LoRa_RFFI/dataset/Test/channel_problem/F_walk.h5,868,,bed56507955f8b6e02661d1a9b4fea3bd5557f0d8608242b11b17c1f0faa8ec8,35,F_walk
S1,3373,ieee_dataport/LoRa_RFFI-main/LoRa_RFFI/dataset/Test/channel_problem/F_walk.h5,870,,f72c2a13707d64ca4c06e1f205404d3ee82c6337dc49244a3fbdeda49f8f76c2,35,F_walk
S1,3374,ieee_dataport/LoRa_RFFI-main/LoRa_RFFI/dataset/Test/channel_problem/F_walk.h5,878,,ab06744be7c2e8a5111a083ed6d06c1a73520fa418294a5c1efefecb213344fb,35,F_walk
S1,3375,ieee_dataport/LoRa_RFFI-main/LoRa_RFFI/dataset/Test/channel_problem/F_walk.h5,880,,b005a390d0eedb24109c10ca728dd2c9194317aa8b516f5dc0cfb0b187e5806d,35,F_walk
S1,3376,ieee_dataport/LoRa_RFFI-main/LoRa_RFFI/dataset/Test/channel_problem/F_walk.h5,885,,33d8f10565fc510d5481d2597ac61b1e4524ecef9a5f14fd0746b2b46330e2ff,35,F_walk
S1,3377,ieee_dataport/LoRa_RFFI-main/LoRa_RFFI/dataset/Test/channel_problem/F_walk.h5,888,,94dd5f5ea2f4f516f91190846c012b00f1e642e8d6061541d4f4faeeaeb26c1c,35,F_walk
S1,3378,ieee_dataport/LoRa_RFFI-main/LoRa_RFFI/dataset/Test/channel_problem/F_walk.h5,896,,555461c62b8e657801a1ccc45144a010bd9948369eddce457193ae1b6b9249b8,35,F_walk
S1,3379,ieee_dataport/LoRa_RFFI-main/LoRa_RFFI/dataset/Test/channel_problem/F_walk.h5,897,,6c2659f44cefd98abd2347ed70f82696008122d3db029394800656c88c9623d5,35,F_walk
S1,3380,ieee_dataport/LoRa_RFFI-main/LoRa_RFFI/dataset/Test/channel_problem/F_walk.h5,901,,d77b8dd8fb25d9cff5c9bb98317c18305827d220c1436fe62a19eaec4cea00b5,35,F_walk
S1,3381,ieee_dataport/LoRa_RFFI-main/LoRa_RFFI/dataset/Test/channel_problem/F_walk.h5,903,,e251c78595ccdeded99c51e8a97b3d5649505fb12f5f966fb97edce4fb00fff5,35,F_walk
S1,3382,ieee_dataport/LoRa_RFFI-main/LoRa_RFFI/dataset/Test/channel_problem/F_walk.h5,906,,0bd2d470a0d62b6e2a9c2976a4fc554e57abdf4ee414a27dcf51140a20e56d8e,35,F_walk
S1,3383,ieee_dataport/LoRa_RFFI-main/LoRa_RFFI/dataset/Test/channel_problem/F_walk.h5,909,,e8dc36401482942f067f0e90476ca967b851e7e661f18dd6df5262c34093480e,35,F_walk
S1,3384,ieee_dataport/LoRa_RFFI-main/LoRa_RFFI/dataset/Test/channel_problem/F_walk.h5,911,,3a57103ef4de8a8a579e045d2c000951c2d7af871194ef738241aa8e81874bda,35,F_walk
S1,3385,ieee_dataport/LoRa_RFFI-main/LoRa_RFFI/dataset/Test/channel_problem/F_walk.h5,914,,299f25ba89ec0d9deb98dbb68c02a94d6c992f7df082cc538c8588dfad7a5b27,35,F_walk
S1,3386,ieee_dataport/LoRa_RFFI-main/LoRa_RFFI/dataset/Test/channel_problem/F_walk.h5,920,,345de5c01b6213666b098c2dd16c8c568d4aef0cd01c1a6146fc82c0aaae3d9c,35,F_walk
S1,3387,ieee_dataport/LoRa_RFFI-main/LoRa_RFFI/dataset/Test/channel_problem/F_walk.h5,933,,579a83ad7a33dcaf937c3def85f5e1bfe6ddd307321e317f5ee1d45237632677,35,F_walk
S1,3388,ieee_dataport/LoRa_RFFI-main/LoRa_RFFI/dataset/Test/channel_problem/F_walk.h5,935,,a692203453770bbdff289e92288152c7d29251c93d24b1a16709011e772aec41,35,F_walk
S1,3389,ieee_dataport/LoRa_RFFI-main/LoRa_RFFI/dataset/Test/channel_problem/F_walk.h5,939,,b4e0ca90170610fc8f6f98340494853daf453216fda7f04644818393ee15300c,35,F_walk
S1,3390,ieee_dataport/LoRa_RFFI-main/LoRa_RFFI/dataset/Test/channel_problem/F_walk.h5,945,,b21cfb072754f2ceab4c317f515c69bf9b74fd8d98cdecc7eb14216759a96c86,35,F_walk
S1,3391,ieee_dataport/LoRa_RFFI-main/LoRa_RFFI/dataset/Test/channel_problem/F_walk.h5,951,,b5939a37c5bc53369058ce60bdb05fae5c09d21c8a8ea675b37b92af1cbff435,35,F_walk
S1,3392,ieee_dataport/LoRa_RFFI-main/LoRa_RFFI/dataset/Test/channel_problem/F_walk.h5,960,,989a3605b584dd606bc543a38bf6d63834ca992df6257842d70d4787090baf75,35,F_walk
S1,3393,ieee_dataport/LoRa_RFFI-main/LoRa_RFFI/dataset/Test/channel_problem/F_walk.h5,962,,49d3bf66b2d757f14dfff0e3fb1934a19818815581536d65c95795a50d121196,35,F_walk
S1,3394,ieee_dataport/LoRa_RFFI-main/LoRa_RFFI/dataset/Test/channel_problem/F_walk.h5,977,,3598a13def2eeeb4cb796ee020d5ce1ee12add8f92e36c0fa83c7b90c6456e51,35,F_walk
S1,3395,ieee_dataport/LoRa_RFFI-main/LoRa_RFFI/dataset/Test/channel_problem/F_walk.h5,978,,9a1b3dd385744d3d50ae0a7025dcbb517cc4dcca76db86d53c9c7bf3ca4b12bb,35,F_walk
S1,3396,ieee_dataport/LoRa_RFFI-main/LoRa_RFFI/dataset/Test/channel_problem/F_walk.h5,982,,e137725da7bb5eced0663acda70bb211e551d122bedd7939937bc35ece5b82d4,35,F_walk
S1,3397,ieee_dataport/LoRa_RFFI-main/LoRa_RFFI/dataset/Test/channel_problem/F_walk.h5,993,,da6effda68a3436af44efb0b99254d6286a7725ce346c85379d7a45b6960932e,35,F_walk
S1,3398,ieee_dataport/LoRa_RFFI-main/LoRa_RFFI/dataset/Test/channel_problem/F_walk.h5,995,,a0c96343acb7662547023ce082d74489181be6ead89adb3d45ee8e84483f95ab,35,F_walk
S1,3399,ieee_dataport/LoRa_RFFI-main/LoRa_RFFI/dataset/Test/channel_problem/F_walk.h5,996,,0276270a175cb154cb6f491bbc868e454a40642434917977de369b9b7d5eb899,35,F_walk
S1,3400,ieee_dataport/LoRa_RFFI-main/LoRa_RFFI/dataset/Test/channel_problem/F_walk.h5,1001,,dacfa3dcf7c959789bf89a53119f62fc328ab573cd022576dc4bc2d7fd3cdcdd,36,F_walk
S1,3401,ieee_dataport/LoRa_RFFI-main/LoRa_RFFI/dataset/Test/channel_problem/F_walk.h5,1022,,913eb65be776e67b6b3812eb6f2aaff5c8b23253abdd267e01eabc6c94a17039,36,F_walk
S1,3402,ieee_dataport/LoRa_RFFI-main/LoRa_RFFI/dataset/Test/channel_problem/F_walk.h5,1031,,024edc22018c7c9a9bbcf559761c282465bab793814d3a3b94020dc093427d6e,36,F_walk
S1,3403,ieee_dataport/LoRa_RFFI-main/LoRa_RFFI/dataset/Test/channel_problem/F_walk.h5,1033,,d5945addf5bde0e8e7fd461f53274d5b69a4a9e5f444f447cba54185110b7061,36,F_walk
S1,3404,ieee_dataport/LoRa_RFFI-main/LoRa_RFFI/dataset/Test/channel_problem/F_walk.h5,1034,,abb5ea1be47997cb54f603793d8470d7b9f1f8a81f0628ffa2827934e0be3546,36,F_walk
S1,3405,ieee_dataport/LoRa_RFFI-main/LoRa_RFFI/dataset/Test/channel_problem/F_walk.h5,1035,,472967615ce320e8ca334352dd72613cd160953b44913671ac4e988441d59615,36,F_walk
S1,3406,ieee_dataport/LoRa_RFFI-main/LoRa_RFFI/dataset/Test/channel_problem/F_walk.h5,1043,,50335013001b46dbb3c038b1a45cd8748c0b2a08bcaadf8fb5ec5cf4feefb738,36,F_walk
S1,3407,ieee_dataport/LoRa_RFFI-main/LoRa_RFFI/dataset/Test/channel_problem/F_walk.h5,1047,,4fda3e2e2e2e84d77f716017a3b894aede4c622b7f766eb2cbbe121107eee4a9,36,F_walk
S1,3408,ieee_dataport/LoRa_RFFI-main/LoRa_RFFI/dataset/Test/channel_problem/F_walk.h5,1056,,df511069e634c8d6bb1aee6714e8294510484c4c2706e6a0577c3f1a11a07637,36,F_walk
S1,3409,ieee_dataport/LoRa_RFFI-main/LoRa_RFFI/dataset/Test/channel_problem/F_walk.h5,1060,,35a712df00299c849784ea79a389e5660b64d0c4d02840b191f4bb6e8c9c3f3a,36,F_walk
S1,3410,ieee_dataport/LoRa_RFFI-main/LoRa_RFFI/dataset/Test/channel_problem/F_walk.h5,1061,,90da186e85114b35cee09f8ae8973b9249a963f27c5d02f0144403c0fe2b99d9,36,F_walk
S1,3411,ieee_dataport/LoRa_RFFI-main/LoRa_RFFI/dataset/Test/channel_problem/F_walk.h5,1064,,4773758e8584d1535822d035085d6b664f65ed1f1ea4376360c8e68b1b80a397,36,F_walk
S1,3412,ieee_dataport/LoRa_RFFI-main/LoRa_RFFI/dataset/Test/channel_problem/F_walk.h5,1069,,70aada84b9e39fe53ac517261ad7f67e096e0fec67ca5755d2affba2b4a2da31,36,F_walk
S1,3413,ieee_dataport/LoRa_RFFI-main/LoRa_RFFI/dataset/Test/channel_problem/F_walk.h5,1073,,483da096b134c41394c80689eda4724f0629ca5ad38232f36c252cd23100b0c4,36,F_walk
S1,3414,ieee_dataport/LoRa_RFFI-main/LoRa_RFFI/dataset/Test/channel_problem/F_walk.h5,1074,,cf6208440171fb42584aefb437f743ec4a1e97a103adb9897e86210c0e34a0c0,36,F_walk
S1,3415,ieee_dataport/LoRa_RFFI-main/LoRa_RFFI/dataset/Test/channel_problem/F_walk.h5,1086,,8821b90f6bb247f689214672ce2b7ae10c13a54d5e34ffe03a0cae36b82c68fc,36,F_walk
S1,3416,ieee_dataport/LoRa_RFFI-main/LoRa_RFFI/dataset/Test/channel_problem/F_walk.h5,1101,,7bbf65e9511d18ce540045e3064ba6b85ee25c16e1b327a672d6dab442ee22b5,36,F_walk
S1,3417,ieee_dataport/LoRa_RFFI-main/LoRa_RFFI/dataset/Test/channel_problem/F_walk.h5,1103,,1c1743a86d5bcaf143619d8570187c3bc68f3e7db0008f11248e14a2e2f27f01,36,F_walk
S1,3418,ieee_dataport/LoRa_RFFI-main/LoRa_RFFI/dataset/Test/channel_problem/F_walk.h5,1105,,8a50b09ee4b76ec5f022a7b00949b0096b2c6594d83c35dac67e61746622e8f2,36,F_walk
S1,3419,ieee_dataport/LoRa_RFFI-main/LoRa_RFFI/dataset/Test/channel_problem/F_walk.h5,1107,,f06911d72960baa16afb64814301d234c89901cdb79630c80588b97f748b9734,36,F_walk
S1,3420,ieee_dataport/LoRa_RFFI-main/LoRa_RFFI/dataset/Test/channel_problem/F_walk.h5,1109,,810c10e20c08fbd6856498c810f7dc61716cf7f576891efebe8a7d27ff992a0f,36,F_walk
S1,3421,ieee_dataport/LoRa_RFFI-main/LoRa_RFFI/dataset/Test/channel_problem/F_walk.h5,1113,,b37bf337557be09688a4494257dde99d0c8def42beb998748a575e7fb143d280,36,F_walk
S1,3422,ieee_dataport/LoRa_RFFI-main/LoRa_RFFI/dataset/Test/channel_problem/F_walk.h5,1127,,1019e245976c34ce40d4ef0525f64ae950a3dd9b6fe98fe508adfffeec6705d6,36,F_walk
S1,3423,ieee_dataport/LoRa_RFFI-main/LoRa_RFFI/dataset/Test/channel_problem/F_walk.h5,1130,,524c64ecba285b4ade120438267b30b8de5429d806b6df107362c18ea99ebe6c,36,F_walk
S1,3424,ieee_dataport/LoRa_RFFI-main/LoRa_RFFI/dataset/Test/channel_problem/F_walk.h5,1135,,c8851518089dacbaef099db18502e5637f2ea6916415b4ad96f1f07fad669e3b,36,F_walk
S1,3425,ieee_dataport/LoRa_RFFI-main/LoRa_RFFI/dataset/Test/channel_problem/F_walk.h5,1137,,6e3dc4d99b0f4bd3ad034e2a01479fd8a0f5ebc08836dbaf8191608cd1c21666,36,F_walk
S1,3426,ieee_dataport/LoRa_RFFI-main/LoRa_RFFI/dataset/Test/channel_problem/F_walk.h5,1147,,05c815b7e98fb3e712243f7ce6147b3bf1dcb7ccfd46921eff045ea5e55f641f,36,F_walk
S1,3427,ieee_dataport/LoRa_RFFI-main/LoRa_RFFI/dataset/Test/channel_problem/F_walk.h5,1150,,285a9d6b2b1b94af05e9a919dc8c3877b90c2be70f9fed8c219258a30f79b1ab,36,F_walk
S1,3428,ieee_dataport/LoRa_RFFI-main/LoRa_RFFI/dataset/Test/channel_problem/F_walk.h5,1152,,85e9e77204f5d3214f2fd9dfb5c6e15b94fd7366b6607ff5363dbb42121b221c,36,F_walk
S1,3429,ieee_dataport/LoRa_RFFI-main/LoRa_RFFI/dataset/Test/channel_problem/F_walk.h5,1162,,0895221309aaa6d915079e0139325c27aa3347f0466d90a62b4cfbee09e3d544,36,F_walk
S1,3430,ieee_dataport/LoRa_RFFI-main/LoRa_RFFI/dataset/Test/channel_problem/F_walk.h5,1165,,eff3e4ee070705ca7b304c65ed6be2a4fd5c3e427ba6df5b736ccebd72282c70,36,F_walk
S1,3431,ieee_dataport/LoRa_RFFI-main/LoRa_RFFI/dataset/Test/channel_problem/F_walk.h5,1168,,71cc3bf39c468ceb9e1700e1a25a26763020155a53522c1b98f2b1af6b8b40f0,36,F_walk
S1,3432,ieee_dataport/LoRa_RFFI-main/LoRa_RFFI/dataset/Test/channel_problem/F_walk.h5,1171,,849a41d1c407e396f95dda72f8bf25eac100a7bf5ad42e13def57cbc5b8c39c6,36,F_walk
S1,3433,ieee_dataport/LoRa_RFFI-main/LoRa_RFFI/dataset/Test/channel_problem/F_walk.h5,1173,,8e9ba04349bc74fdb2ad9304e9f2b8623f66b238863b28b86c2ab3c585fa1b5a,36,F_walk
S1,3434,ieee_dataport/LoRa_RFFI-main/LoRa_RFFI/dataset/Test/channel_problem/F_walk.h5,1175,,dd524d7418b40cb2ba113d5430dc78555dddec12e72bbca5196107b3070c4dde,36,F_walk
S1,3435,ieee_dataport/LoRa_RFFI-main/LoRa_RFFI/dataset/Test/channel_problem/F_walk.h5,1176,,b39284388e8f84a9cbc2384d4b1b1c932a659556b6fd7ce80764b30d922af714,36,F_walk
S1,3436,ieee_dataport/LoRa_RFFI-main/LoRa_RFFI/dataset/Test/channel_problem/F_walk.h5,1178,,c5ad6079d67fd9645213ec662841955a8a97e75d2dc5fae094680feb056cffe4,36,F_walk
S1,3437,ieee_dataport/LoRa_RFFI-main/LoRa_RFFI/dataset/Test/channel_problem/F_walk.h5,1184,,d366e185f039d3ba96882d664b7f560ce229c7afc9aeb7382d9aec505d23cdd2,36,F_walk
S1,3438,ieee_dataport/LoRa_RFFI-main/LoRa_RFFI/dataset/Test/channel_problem/F_walk.h5,1191,,09fae8414b83dd7d82972b8567df8367eb34c41e00406afeca3f4ccb91aee6f9,36,F_walk
S1,3439,ieee_dataport/LoRa_RFFI-main/LoRa_RFFI/dataset/Test/channel_problem/F_walk.h5,1192,,cf3c4cfa2a65bd1f2c573c537f3f2696c846e3ab46f254dee90270382dace143,36,F_walk
S1,3440,ieee_dataport/LoRa_RFFI-main/LoRa_RFFI/dataset/Test/channel_problem/F_walk.h5,1215,,305c62310b130c233383f0e36ed7439baa48b2849e360f578c291d788eed9ec8,37,F_walk
S1,3441,ieee_dataport/LoRa_RFFI-main/LoRa_RFFI/dataset/Test/channel_problem/F_walk.h5,1219,,77427066cceec6309ab60b3821d80d670f820a6a5458e0a44a23043a9a221dbe,37,F_walk
S1,3442,ieee_dataport/LoRa_RFFI-main/LoRa_RFFI/dataset/Test/channel_problem/F_walk.h5,1225,,569a841afe75478d321397458ad3b5860f7763dfa87e087bd1bee34253e0ef80,37,F_walk
S1,3443,ieee_dataport/LoRa_RFFI-main/LoRa_RFFI/dataset/Test/channel_problem/F_walk.h5,1227,,7b5e888416fed4dee2f70b341d46fffa3382785c25da10c9aeb421190b4cea45,37,F_walk
S1,3444,ieee_dataport/LoRa_RFFI-main/LoRa_RFFI/dataset/Test/channel_problem/F_walk.h5,1231,,9ae96dc8d4815b1b0357d87f99e9fdc87e0e5b7a0b8e3950a82b612862a9f5c8,37,F_walk
S1,3445,ieee_dataport/LoRa_RFFI-main/LoRa_RFFI/dataset/Test/channel_problem/F_walk.h5,1235,,fc4551bf1240210e434f2d1f5eb014ae93ffdda6561d7234b5b8ddff98c6866f,37,F_walk
S1,3446,ieee_dataport/LoRa_RFFI-main/LoRa_RFFI/dataset/Test/channel_problem/F_walk.h5,1249,,ca1e783941e08d47c0e1e88210b802a3d0214bdfb90524eafde041dc6dc063b7,37,F_walk
S1,3447,ieee_dataport/LoRa_RFFI-main/LoRa_RFFI/dataset/Test/channel_problem/F_walk.h5,1251,,e127b764e2b7cc0974482ff608a97e8049df2eb1feee22a56143b6bbc154e86e,37,F_walk
S1,3448,ieee_dataport/LoRa_RFFI-main/LoRa_RFFI/dataset/Test/channel_problem/F_walk.h5,1252,,1854a144b244c04eb52590d4b731c1032e96eeda6a9c23af46a8eb67cb8a86bb,37,F_walk
S1,3449,ieee_dataport/LoRa_RFFI-main/LoRa_RFFI/dataset/Test/channel_problem/F_walk.h5,1256,,ff3d23a9ce5bb9b41d025c66014b6e6556c1dfc0888abdc1aa6b5151b1e2fbf9,37,F_walk
S1,3450,ieee_dataport/LoRa_RFFI-main/LoRa_RFFI/dataset/Test/channel_problem/F_walk.h5,1260,,3a27fcffcb3fe7a15c7fe3b90750879ed45e46023597eb93d15ab64e0a6c225a,37,F_walk
S1,3451,ieee_dataport/LoRa_RFFI-main/LoRa_RFFI/dataset/Test/channel_problem/F_walk.h5,1268,,ea44f8d47653e122898dfbeb50076b951d2d0953d1b4913b8d03bde02d24b60c,37,F_walk
S1,3452,ieee_dataport/LoRa_RFFI-main/LoRa_RFFI/dataset/Test/channel_problem/F_walk.h5,1279,,0a7e2fde53c6dc89a0674efa49553f943ec8a40211febd1c6a1a805f99d2c7ec,37,F_walk
S1,3453,ieee_dataport/LoRa_RFFI-main/LoRa_RFFI/dataset/Test/channel_problem/F_walk.h5,1280,,661b649417d1a6d6311b33f86adbbeca1866a4a25be428232862647d6b2ccb4c,37,F_walk
S1,3454,ieee_dataport/LoRa_RFFI-main/LoRa_RFFI/dataset/Test/channel_problem/F_walk.h5,1282,,93787932200317c9e1f6171b839d9ab41d768d10caa172e35e762a8b3ee55ccc,37,F_walk
S1,3455,ieee_dataport/LoRa_RFFI-main/LoRa_RFFI/dataset/Test/channel_problem/F_walk.h5,1283,,a8ee100be6bf854570513f7afc36015cfd13b2cec808e67cbd87e8d8de13d186,37,F_walk
S1,3456,ieee_dataport/LoRa_RFFI-main/LoRa_RFFI/dataset/Test/channel_problem/F_walk.h5,1290,,248091c19a0c612e0caa11999d4da7e2bf2b2cb73b31132f5c2b8a127c96fb22,37,F_walk
S1,3457,ieee_dataport/LoRa_RFFI-main/LoRa_RFFI/dataset/Test/channel_problem/F_walk.h5,1293,,2d8ebbba1271e321242b4bc07a2a39b1a7e42352e20bfd83ddef1f1aac0f68db,37,F_walk
S1,3458,ieee_dataport/LoRa_RFFI-main/LoRa_RFFI/dataset/Test/channel_problem/F_walk.h5,1296,,e876cecce2ee27258ed23b53e893dca8b5709bf100fbf1093894049346502c61,37,F_walk
S1,3459,ieee_dataport/LoRa_RFFI-main/LoRa_RFFI/dataset/Test/channel_problem/F_walk.h5,1306,,48ee961db92c506e808e4d8b32f321d2b08450a37b9d1b004f10b90576c1ed65,37,F_walk
S1,3460,ieee_dataport/LoRa_RFFI-main/LoRa_RFFI/dataset/Test/channel_problem/F_walk.h5,1315,,2e792267c96a3f3558f50fa37de9a90754d0cc6dd850410ec518dbcb0ef7291b,37,F_walk
S1,3461,ieee_dataport/LoRa_RFFI-main/LoRa_RFFI/dataset/Test/channel_problem/F_walk.h5,1318,,9a361c0a632cf583e578c9e86976e3c9aa463948a17fa992901be91c705a7f10,37,F_walk
S1,3462,ieee_dataport/LoRa_RFFI-main/LoRa_RFFI/dataset/Test/channel_problem/F_walk.h5,1319,,4e78570aace054d60f3fd51d3a728c7a9fedb52a79a207b197b93790420b8694,37,F_walk
S1,3463,ieee_dataport/LoRa_RFFI-main/LoRa_RFFI/dataset/Test/channel_problem/F_walk.h5,1323,,34c7d49591d2d39a9a7f59e31a8f1deec06bf48098f7ee8a2f874845200b1a96,37,F_walk
S1,3464,ieee_dataport/LoRa_RFFI-main/LoRa_RFFI/dataset/Test/channel_problem/F_walk.h5,1328,,9b75f69c92ee1c40e44a2138070c55cb5416463913ffbae520d4fecedf9421c5,37,F_walk
S1,3465,ieee_dataport/LoRa_RFFI-main/LoRa_RFFI/dataset/Test/channel_problem/F_walk.h5,1332,,28b0f6456cdd9349f65fc9208ac7272e3ffc48dc0e92a3c66c0b4cfc7a36e0e1,37,F_walk
S1,3466,ieee_dataport/LoRa_RFFI-main/LoRa_RFFI/dataset/Test/channel_problem/F_walk.h5,1333,,7972a8786f9b270c5ab2c6c28249688256538aa5ed8bf38e18964e75c55a008b,37,F_walk
S1,3467,ieee_dataport/LoRa_RFFI-main/LoRa_RFFI/dataset/Test/channel_problem/F_walk.h5,1336,,51e59a51315346acacfa0ba9a5b0be4288cf881751cefff67481e0b8a4ec43d7,37,F_walk
S1,3468,ieee_dataport/LoRa_RFFI-main/LoRa_RFFI/dataset/Test/channel_problem/F_walk.h5,1341,,5aab76feee2267bfce123d1525197236f9221175ba077b4225fed5eda50ee060,37,F_walk
S1,3469,ieee_dataport/LoRa_RFFI-main/LoRa_RFFI/dataset/Test/channel_problem/F_walk.h5,1344,,0c32426bbffb4fcf5937c9850ec61f1d486e9699ee3ec521aabde0dbbdb12eff,37,F_walk
S1,3470,ieee_dataport/LoRa_RFFI-main/LoRa_RFFI/dataset/Test/channel_problem/F_walk.h5,1345,,95c759c9ae7b77547cfc02e7a1c4326100300c00a993f16fd6ed12c3aab4c4a1,37,F_walk
S1,3471,ieee_dataport/LoRa_RFFI-main/LoRa_RFFI/dataset/Test/channel_problem/F_walk.h5,1354,,334fac2fb262e3215302c5eb140529a5b77280dfa16fcefa41cbabc8ac6cb74b,37,F_walk
S1,3472,ieee_dataport/LoRa_RFFI-main/LoRa_RFFI/dataset/Test/channel_problem/F_walk.h5,1365,,da9fbc5a5730645a4192f27104be5bee11668361b38151d763e86291cb229e67,37,F_walk
S1,3473,ieee_dataport/LoRa_RFFI-main/LoRa_RFFI/dataset/Test/channel_problem/F_walk.h5,1366,,a16f3c3cd0425ee75ebaf8cd4264d85fb246f5561f25ff4948f9d851c1afb263,37,F_walk
S1,3474,ieee_dataport/LoRa_RFFI-main/LoRa_RFFI/dataset/Test/channel_problem/F_walk.h5,1367,,478d9092d658dc99b0b90cd76d501835b3a741a37baf2db3c55119d7132fb476,37,F_walk
S1,3475,ieee_dataport/LoRa_RFFI-main/LoRa_RFFI/dataset/Test/channel_problem/F_walk.h5,1376,,0f67d18f5d34fdf626ca160f55c4ae791f74100c56f7bab38da6ac427573fdfb,37,F_walk
S1,3476,ieee_dataport/LoRa_RFFI-main/LoRa_RFFI/dataset/Test/channel_problem/F_walk.h5,1379,,4ccf05212d18ea5a8bd70203e09ee7376313f2161edfc0db1323599727af1c5e,37,F_walk
S1,3477,ieee_dataport/LoRa_RFFI-main/LoRa_RFFI/dataset/Test/channel_problem/F_walk.h5,1382,,032e24bc8ccae4a96530a6c3c235632de0b5e91f4d91322c76fab28a031ebdf5,37,F_walk
S1,3478,ieee_dataport/LoRa_RFFI-main/LoRa_RFFI/dataset/Test/channel_problem/F_walk.h5,1390,,bfab8e3a7cab503cccf4d4c78059d8eb52e146857c0ba6e7c79f56e50bd9d7ce,37,F_walk
S1,3479,ieee_dataport/LoRa_RFFI-main/LoRa_RFFI/dataset/Test/channel_problem/F_walk.h5,1397,,c47e10de4cde0c0a5082422a2367b9a23123d7d04fbab0571a040637b315225c,37,F_walk
S1,3480,ieee_dataport/LoRa_RFFI-main/LoRa_RFFI/dataset/Test/channel_problem/F_walk.h5,1404,,971904ccb4d04eeb8394f2310595ea42ec74b0d8bb8c4ff684b6f97d686d0917,38,F_walk
S1,3481,ieee_dataport/LoRa_RFFI-main/LoRa_RFFI/dataset/Test/channel_problem/F_walk.h5,1406,,5d8b6b9c1696cb93d7f8b9022a370da8b6062eba7542f5ada7e7d4448df287ce,38,F_walk
S1,3482,ieee_dataport/LoRa_RFFI-main/LoRa_RFFI/dataset/Test/channel_problem/F_walk.h5,1410,,ef87f02180d6e695d186c5b24515ac025f0c6118f1481dce968ccbf3348441e9,38,F_walk
S1,3483,ieee_dataport/LoRa_RFFI-main/LoRa_RFFI/dataset/Test/channel_problem/F_walk.h5,1413,,e0f293890371cc1138bf86f66223d4ef3bd9738852eead9e8def9f4ad8dfec07,38,F_walk
S1,3484,ieee_dataport/LoRa_RFFI-main/LoRa_RFFI/dataset/Test/channel_problem/F_walk.h5,1418,,1ac565cf8e08df2be4bdfcc29ced4e9435a552e18dabb9b1047af6b707f87a60,38,F_walk
S1,3485,ieee_dataport/LoRa_RFFI-main/LoRa_RFFI/dataset/Test/channel_problem/F_walk.h5,1419,,65d4be23b356ec54bd9ca23c00da223d9704b54320ee6778f4643abc28fd600e,38,F_walk
S1,3486,ieee_dataport/LoRa_RFFI-main/LoRa_RFFI/dataset/Test/channel_problem/F_walk.h5,1420,,8399bc12bf6fc81e5f7eb5c601cb7ce8233c43b66d8c5ffe9aaefa99a418cfe4,38,F_walk
S1,3487,ieee_dataport/LoRa_RFFI-main/LoRa_RFFI/dataset/Test/channel_problem/F_walk.h5,1428,,cb3b8da8ee26c8672636a742cac082a22d22c3795627930505378df43bd473e0,38,F_walk
S1,3488,ieee_dataport/LoRa_RFFI-main/LoRa_RFFI/dataset/Test/channel_problem/F_walk.h5,1436,,30b2f1a1046814af8e54e2be08ab8718ef45e931a06d6528924074b5762f3087,38,F_walk
S1,3489,ieee_dataport/LoRa_RFFI-main/LoRa_RFFI/dataset/Test/channel_problem/F_walk.h5,1439,,45f7f19843ea526e22ec0d633fd78e9199837ac79de10d91bb12d067df9de330,38,F_walk
S1,3490,ieee_dataport/LoRa_RFFI-main/LoRa_RFFI/dataset/Test/channel_problem/F_walk.h5,1446,,9449e114cbd9062956ad3f479a9a4f4ba5529332f1968fce3cadba875a780070,38,F_walk
S1,3491,ieee_dataport/LoRa_RFFI-main/LoRa_RFFI/dataset/Test/channel_problem/F_walk.h5,1468,,06b7a6ea907bedb8d710a8ab26c34940067ec1630ea040945b93941cb253909a,38,F_walk
S1,3492,ieee_dataport/LoRa_RFFI-main/LoRa_RFFI/dataset/Test/channel_problem/F_walk.h5,1472,,8a7aeebb24b5e0b577b5670c95c7a7a1bedc3ac501e7aab14237ba930fd93f25,38,F_walk
S1,3493,ieee_dataport/LoRa_RFFI-main/LoRa_RFFI/dataset/Test/channel_problem/F_walk.h5,1476,,ae5afb52faadf0fa4e62648382a6118531b9888db97d575973aee09d4f49bf6b,38,F_walk
S1,3494,ieee_dataport/LoRa_RFFI-main/LoRa_RFFI/dataset/Test/channel_problem/F_walk.h5,1484,,28398715f3ebadd10483f645c076f784b56924a973a782737a4f1b041f5df829,38,F_walk
S1,3495,ieee_dataport/LoRa_RFFI-main/LoRa_RFFI/dataset/Test/channel_problem/F_walk.h5,1491,,db637d0806084e7575c2859ef7313518c22b3d7d9b6b2c9338f86e31a278fa08,38,F_walk
S1,3496,ieee_dataport/LoRa_RFFI-main/LoRa_RFFI/dataset/Test/channel_problem/F_walk.h5,1493,,8eb0b71cc6cdfff4398d392de859cb4feef19c2cc98f3526d51dceb5ffce8596,38,F_walk
S1,3497,ieee_dataport/LoRa_RFFI-main/LoRa_RFFI/dataset/Test/channel_problem/F_walk.h5,1495,,db72c0d0ecb3eae8fceec55527390ecdbdb16030a82b52cddee5a335a5b0cb6c,38,F_walk
S1,3498,ieee_dataport/LoRa_RFFI-main/LoRa_RFFI/dataset/Test/channel_problem/F_walk.h5,1496,,d4bbd3786b0eb4b7a3b61bc739033ea18f2af8fd2b5627db9fa91eb3fc8f168e,38,F_walk
S1,3499,ieee_dataport/LoRa_RFFI-main/LoRa_RFFI/dataset/Test/channel_problem/F_walk.h5,1501,,3dd3e35fdbfb64f5234c6e48a58c85611efa7193493d57eafe067e928a1f7edb,38,F_walk
S1,3500,ieee_dataport/LoRa_RFFI-main/LoRa_RFFI/dataset/Test/channel_problem/F_walk.h5,1512,,683813edfedcbeb1ea0e8a7c36a125911ea0c9160af4eea36a08481d29892ff5,38,F_walk
S1,3501,ieee_dataport/LoRa_RFFI-main/LoRa_RFFI/dataset/Test/channel_problem/F_walk.h5,1513,,b3b5b5f0a7e3d39899e2a8e8172873c413406117cfede5aab166e1e8c4f41d43,38,F_walk
S1,3502,ieee_dataport/LoRa_RFFI-main/LoRa_RFFI/dataset/Test/channel_problem/F_walk.h5,1516,,a919b9c988cf99bb2fbadde923728edbefb53c78440f07a668794fe227fd714e,38,F_walk
S1,3503,ieee_dataport/LoRa_RFFI-main/LoRa_RFFI/dataset/Test/channel_problem/F_walk.h5,1517,,7841a00f283127c8329a6d05521f6a7fa6d32b7d4361e9eff047140a668d55f1,38,F_walk
S1,3504,ieee_dataport/LoRa_RFFI-main/LoRa_RFFI/dataset/Test/channel_problem/F_walk.h5,1527,,1effb931dcab89add6231ba006444ab70fc22a4ddfbc452b7c54cbb88c7ac0a9,38,F_walk
S1,3505,ieee_dataport/LoRa_RFFI-main/LoRa_RFFI/dataset/Test/channel_problem/F_walk.h5,1549,,d17722614aadc615d1a1fb7016f3a4e6645e5a90afc5c7ee0b9ef0736fbb565b,38,F_walk
S1,3506,ieee_dataport/LoRa_RFFI-main/LoRa_RFFI/dataset/Test/channel_problem/F_walk.h5,1551,,f7dc4c4da35fc25f5c788b44b0687022caea760721575c01cfe6396b8889fde8,38,F_walk
S1,3507,ieee_dataport/LoRa_RFFI-main/LoRa_RFFI/dataset/Test/channel_problem/F_walk.h5,1553,,1823eb3bebfab7f33de267001a14dddb63e5090ff21eb6674463acc46f9cf41e,38,F_walk
S1,3508,ieee_dataport/LoRa_RFFI-main/LoRa_RFFI/dataset/Test/channel_problem/F_walk.h5,1555,,43f0ec2e0ff01e7253c53f8b993d12fdcf84e0da60d330324d5ba4795e1c6a2f,38,F_walk
S1,3509,ieee_dataport/LoRa_RFFI-main/LoRa_RFFI/dataset/Test/channel_problem/F_walk.h5,1562,,901647290527feca82a86090a86a8d71667856dcd1d45927baacc2523ba2de24,38,F_walk
S1,3510,ieee_dataport/LoRa_RFFI-main/LoRa_RFFI/dataset/Test/channel_problem/F_walk.h5,1565,,a4ab0206aa7f88f4869d19444678a2d237c167fc74103f0e141da79c8683d1f4,38,F_walk
S1,3511,ieee_dataport/LoRa_RFFI-main/LoRa_RFFI/dataset/Test/channel_problem/F_walk.h5,1576,,095d5e7a959c2405ce2f2018b60cd185610151cf6d32517c435d794ac60c3fb8,38,F_walk
S1,3512,ieee_dataport/LoRa_RFFI-main/LoRa_RFFI/dataset/Test/channel_problem/F_walk.h5,1579,,87a7150aa444af04f7b1f90dc105f9878079f12c36b44fa09b607027e31f903b,38,F_walk
S1,3513,ieee_dataport/LoRa_RFFI-main/LoRa_RFFI/dataset/Test/channel_problem/F_walk.h5,1580,,dcf5c42bbcb863ff62862188f1d0b71ebbef0e12b2d5fd303710da3a534bec4d,38,F_walk
S1,3514,ieee_dataport/LoRa_RFFI-main/LoRa_RFFI/dataset/Test/channel_problem/F_walk.h5,1583,,45509ffb2b23699fdd5bd60f26fe5d20ac8ec8ca80e57bd9534fb371ea984ce9,38,F_walk
S1,3515,ieee_dataport/LoRa_RFFI-main/LoRa_RFFI/dataset/Test/channel_problem/F_walk.h5,1588,,a40bb53c8e3b7e426e1d9c0d3a4e6c5c1394fd9e8af5d7223198a65e4cbfa217,38,F_walk
S1,3516,ieee_dataport/LoRa_RFFI-main/LoRa_RFFI/dataset/Test/channel_problem/F_walk.h5,1591,,206e71ab34aafb84b21a258ca68fc0fa8d36993af98c24d942fecfe32d4f864f,38,F_walk
S1,3517,ieee_dataport/LoRa_RFFI-main/LoRa_RFFI/dataset/Test/channel_problem/F_walk.h5,1593,,ec898023dc8106803a9fc6cf21b6005f7e96f0907f6e4a990c7e4349f75d3d50,38,F_walk
S1,3518,ieee_dataport/LoRa_RFFI-main/LoRa_RFFI/dataset/Test/channel_problem/F_walk.h5,1596,,1848b3b67c650b612e3eac27ac8f9fdbfe251f27c3ba3d2944c4243d5b853a0b,38,F_walk
S1,3519,ieee_dataport/LoRa_RFFI-main/LoRa_RFFI/dataset/Test/channel_problem/F_walk.h5,1598,,d11be5ed7d390f4e31c8ddffbe90377b74733f1ac6df9daa52256a88c2b3b206,38,F_walk
S1,3520,ieee_dataport/LoRa_RFFI-main/LoRa_RFFI/dataset/Test/channel_problem/F_walk.h5,1601,,06ba061baed7284277edc60cf745b892cfc113823a74e1f5f2a4acd337e10bbc,39,F_walk
S1,3521,ieee_dataport/LoRa_RFFI-main/LoRa_RFFI/dataset/Test/channel_problem/F_walk.h5,1603,,372ccbca68d461a30e765de1c8c2aab35af8e6e40c410689c59489e9c7e39150,39,F_walk
S1,3522,ieee_dataport/LoRa_RFFI-main/LoRa_RFFI/dataset/Test/channel_problem/F_walk.h5,1608,,f6184c94d4f938d9f9ef343cc6ba4e25a1f1f6b645faac3a842209188813007f,39,F_walk
S1,3523,ieee_dataport/LoRa_RFFI-main/LoRa_RFFI/dataset/Test/channel_problem/F_walk.h5,1613,,55c6543181c5ca48ded6b492a888439ffa852da42c1a394b577dc7eaa4f34ad3,39,F_walk
S1,3524,ieee_dataport/LoRa_RFFI-main/LoRa_RFFI/dataset/Test/channel_problem/F_walk.h5,1615,,b1e202d466e9f27df14e867ecee8eda15b8141fc1e49f47031fc86523744194a,39,F_walk
S1,3525,ieee_dataport/LoRa_RFFI-main/LoRa_RFFI/dataset/Test/channel_problem/F_walk.h5,1620,,2734369236b65e7cbdfc3a94077abda7084abed2033ac9be752d2f1b58094f79,39,F_walk
S1,3526,ieee_dataport/LoRa_RFFI-main/LoRa_RFFI/dataset/Test/channel_problem/F_walk.h5,1633,,41638afc5d49cdd0ae316eebfa1f29b3ead1943fb583e85c568f873d137e5de0,39,F_walk
S1,3527,ieee_dataport/LoRa_RFFI-main/LoRa_RFFI/dataset/Test/channel_problem/F_walk.h5,1639,,3504987a2cbad999cd77851daff27c7c545c125263c17f49b7f31c082c1f2b60,39,F_walk
S1,3528,ieee_dataport/LoRa_RFFI-main/LoRa_RFFI/dataset/Test/channel_problem/F_walk.h5,1652,,2707e06b05462cd8daccb1afd50a648229c19a2e6f11002c156e9abfb62aa984,39,F_walk
S1,3529,ieee_dataport/LoRa_RFFI-main/LoRa_RFFI/dataset/Test/channel_problem/F_walk.h5,1656,,bd9c42107665a0e27740a7c20ae29dafc44e421d1cf4d9ed3a6230729286972d,39,F_walk
S1,3530,ieee_dataport/LoRa_RFFI-main/LoRa_RFFI/dataset/Test/channel_problem/F_walk.h5,1664,,722985c4899b49b3739616bd34b03eba2c04ce668f83de046bd6125e9b81ce26,39,F_walk
S1,3531,ieee_dataport/LoRa_RFFI-main/LoRa_RFFI/dataset/Test/channel_problem/F_walk.h5,1665,,17d6eab0b42846776f4dd235bda543d3f10b51a1f02638a51f2901783e60eafe,39,F_walk
S1,3532,ieee_dataport/LoRa_RFFI-main/LoRa_RFFI/dataset/Test/channel_problem/F_walk.h5,1669,,8c17c5bb337648e1512bfba717e3913f7d7d90fb840f4d5abf313d149ae856c7,39,F_walk
S1,3533,ieee_dataport/LoRa_RFFI-main/LoRa_RFFI/dataset/Test/channel_problem/F_walk.h5,1672,,979230044c598dedf9aec9427a40bb74c59607440bed9913561b5db94f914c95,39,F_walk
S1,3534,ieee_dataport/LoRa_RFFI-main/LoRa_RFFI/dataset/Test/channel_problem/F_walk.h5,1673,,606ac0ec557b47ab623bf22456a47de0999c81d10b2667a6e9d82d15f8ad33c6,39,F_walk
S1,3535,ieee_dataport/LoRa_RFFI-main/LoRa_RFFI/dataset/Test/channel_problem/F_walk.h5,1676,,cf570cbf0898bd4313ceef31a638905e078a1d42dabf1813d3ff77aac2e97afc,39,F_walk
S1,3536,ieee_dataport/LoRa_RFFI-main/LoRa_RFFI/dataset/Test/channel_problem/F_walk.h5,1691,,baa94dd506181aebf5af8864cd2ed60bc3fd9721613b77d008c209f66357cf0b,39,F_walk
S1,3537,ieee_dataport/LoRa_RFFI-main/LoRa_RFFI/dataset/Test/channel_problem/F_walk.h5,1696,,2a8040cba5451001d012b8578b9f80197e14702333413946c57c22cfaf52f14d,39,F_walk
S1,3538,ieee_dataport/LoRa_RFFI-main/LoRa_RFFI/dataset/Test/channel_problem/F_walk.h5,1700,,f56c290aa5f1d522b5734f1c406079c73c9df49d4027f86e97f6acbd10851a0c,39,F_walk
S1,3539,ieee_dataport/LoRa_RFFI-main/LoRa_RFFI/dataset/Test/channel_problem/F_walk.h5,1705,,bc1e4ff063dac1465eca895cb513cdc7eff8b1dbbf463bacb9594a9c4aebf853,39,F_walk
S1,3540,ieee_dataport/LoRa_RFFI-main/LoRa_RFFI/dataset/Test/channel_problem/F_walk.h5,1715,,c8d5dba5a9c7e79b17909ab07568298adf39c595730bb10290b60d1fe0527254,39,F_walk
S1,3541,ieee_dataport/LoRa_RFFI-main/LoRa_RFFI/dataset/Test/channel_problem/F_walk.h5,1730,,6850a94727fb9c7077737d10e66b29f7d10d01c4bcb523db126eef8d69298e86,39,F_walk
S1,3542,ieee_dataport/LoRa_RFFI-main/LoRa_RFFI/dataset/Test/channel_problem/F_walk.h5,1737,,c91d9cc2d29a54118ec6fe37af2833f9f47e7018c85922c6437c0f091456f45d,39,F_walk
S1,3543,ieee_dataport/LoRa_RFFI-main/LoRa_RFFI/dataset/Test/channel_problem/F_walk.h5,1740,,049021751f82860884041a9e1cea2b03f5fdfa7807691ab1bf190437f7e3e171,39,F_walk
S1,3544,ieee_dataport/LoRa_RFFI-main/LoRa_RFFI/dataset/Test/channel_problem/F_walk.h5,1743,,dbe58301a8a9b82449e8b732286f32fe87868061f51c1f8291683d310b8bac45,39,F_walk
S1,3545,ieee_dataport/LoRa_RFFI-main/LoRa_RFFI/dataset/Test/channel_problem/F_walk.h5,1744,,eb38b648e0f4e29a69e21c63e8402f352a8c030bfca6150c938985262f903f25,39,F_walk
S1,3546,ieee_dataport/LoRa_RFFI-main/LoRa_RFFI/dataset/Test/channel_problem/F_walk.h5,1755,,2412a3c521c40c743fdf4b0ee0f6e5624911b06dd708008978e4c187ed1000f9,39,F_walk
S1,3547,ieee_dataport/LoRa_RFFI-main/LoRa_RFFI/dataset/Test/channel_problem/F_walk.h5,1759,,4ddbe583b4a01ee0f9545cb4d941afb8ef4aad49979b0e93400610d6e754125f,39,F_walk
S1,3548,ieee_dataport/LoRa_RFFI-main/LoRa_RFFI/dataset/Test/channel_problem/F_walk.h5,1768,,a6045074b1bbea404451b90286d0b636d2937b208ddc65e970267e57adccd748,39,F_walk
S1,3549,ieee_dataport/LoRa_RFFI-main/LoRa_RFFI/dataset/Test/channel_problem/F_walk.h5,1769,,8ba607d6d2bef85d03323767d7026e4f3e258c2c12857b5f1d64834ed665045b,39,F_walk
S1,3550,ieee_dataport/LoRa_RFFI-main/LoRa_RFFI/dataset/Test/channel_problem/F_walk.h5,1773,,8e3ebc95001dc0ae2285b6dc4d87b28dd123ff7c03d445b88a4cdea2c328f865,39,F_walk
S1,3551,ieee_dataport/LoRa_RFFI-main/LoRa_RFFI/dataset/Test/channel_problem/F_walk.h5,1774,,7bb2730dfc372bc37ce1911f5a6eae7172de356e8cd249a556369acc709e443e,39,F_walk
S1,3552,ieee_dataport/LoRa_RFFI-main/LoRa_RFFI/dataset/Test/channel_problem/F_walk.h5,1776,,8b6f7fbb57deba78fcf2c8d16cea0ac5cdfa5b5991537ae6382ea34795e7f6b3,39,F_walk
S1,3553,ieee_dataport/LoRa_RFFI-main/LoRa_RFFI/dataset/Test/channel_problem/F_walk.h5,1777,,0f0ba3641fdd683f41db6038e0ed12e207146413a1b1b6d3016d9b411a29e0fb,39,F_walk
S1,3554,ieee_dataport/LoRa_RFFI-main/LoRa_RFFI/dataset/Test/channel_problem/F_walk.h5,1778,,ba6c1430c117e1155533a83acefd0e000480d89750025e9bd356024df41d9ddd,39,F_walk
S1,3555,ieee_dataport/LoRa_RFFI-main/LoRa_RFFI/dataset/Test/channel_problem/F_walk.h5,1780,,89f25e25c65a2acc848fd774efd6c2d6829ef3009643164c155c1fe6d5a84275,39,F_walk
S1,3556,ieee_dataport/LoRa_RFFI-main/LoRa_RFFI/dataset/Test/channel_problem/F_walk.h5,1782,,c66e46530485e968256c2802b2354e098b3c09fec62036b57164c95f3dc5d98a,39,F_walk
S1,3557,ieee_dataport/LoRa_RFFI-main/LoRa_RFFI/dataset/Test/channel_problem/F_walk.h5,1788,,85d44b6f387ddc56eed9e320c7a7761ef3345309d528b8873ad7ea5347bc0708,39,F_walk
S1,3558,ieee_dataport/LoRa_RFFI-main/LoRa_RFFI/dataset/Test/channel_problem/F_walk.h5,1789,,1f55b69b67ffcd64b51070f2002b3851fe850df7f74a2729425497ca576c71f5,39,F_walk
S1,3559,ieee_dataport/LoRa_RFFI-main/LoRa_RFFI/dataset/Test/channel_problem/F_walk.h5,1799,,4c35a6219d763ddedc9ddcad5ccb6af39bf696b494251ea6da013305d3de3eb1,39,F_walk
S1,3560,ieee_dataport/LoRa_RFFI-main/LoRa_RFFI/dataset/Test/channel_problem/F_walk.h5,1800,,5c06d2e297bbd57af416179c463d1af9b3a0bfed46eadf511d17d1fd1cf88641,40,F_walk
S1,3561,ieee_dataport/LoRa_RFFI-main/LoRa_RFFI/dataset/Test/channel_problem/F_walk.h5,1806,,2fdff5815b040e05cb5426cce9ef14b4882c90df59ec462ae1a5c8b411dfe922,40,F_walk
S1,3562,ieee_dataport/LoRa_RFFI-main/LoRa_RFFI/dataset/Test/channel_problem/F_walk.h5,1811,,3ecf93047281ce6a8d246d916d4534619b5423d94f4961fb172959dff53ed590,40,F_walk
S1,3563,ieee_dataport/LoRa_RFFI-main/LoRa_RFFI/dataset/Test/channel_problem/F_walk.h5,1823,,a60cd3defaee01d836ad048fa1fc30c3e2c22f0008dc7158ce1e74884a748b38,40,F_walk
S1,3564,ieee_dataport/LoRa_RFFI-main/LoRa_RFFI/dataset/Test/channel_problem/F_walk.h5,1838,,adf0610f4d0665aa73c005a36252147a9e0d31668df25f0dfce0ffd99e86ce4e,40,F_walk
S1,3565,ieee_dataport/LoRa_RFFI-main/LoRa_RFFI/dataset/Test/channel_problem/F_walk.h5,1839,,a686f638d122928f5c6016633d7d927c55ca8090f56035261332330b87f41285,40,F_walk
S1,3566,ieee_dataport/LoRa_RFFI-main/LoRa_RFFI/dataset/Test/channel_problem/F_walk.h5,1841,,601b854802cc188d8fb86560c068d0ba3084e7b3c03a612a59963033b4e88ac6,40,F_walk
S1,3567,ieee_dataport/LoRa_RFFI-main/LoRa_RFFI/dataset/Test/channel_problem/F_walk.h5,1845,,84b9baf76f00bb6600b708ea95687eb4f683626f479b266d6a8a6f3e765e02f2,40,F_walk
S1,3568,ieee_dataport/LoRa_RFFI-main/LoRa_RFFI/dataset/Test/channel_problem/F_walk.h5,1851,,72209a57654f94d3cb693c09dbef718081bfb54bb94dea66beedc49abacabb5c,40,F_walk
S1,3569,ieee_dataport/LoRa_RFFI-main/LoRa_RFFI/dataset/Test/channel_problem/F_walk.h5,1852,,c8a4cdb8f2a0d6287badba56592e140d71b9b967547f5c47be470591c2737263,40,F_walk
S1,3570,ieee_dataport/LoRa_RFFI-main/LoRa_RFFI/dataset/Test/channel_problem/F_walk.h5,1853,,9f02a2e841dbdafc925b2910b5df612327a8787c24f4c03fcf88d35b8d03b8b7,40,F_walk
S1,3571,ieee_dataport/LoRa_RFFI-main/LoRa_RFFI/dataset/Test/channel_problem/F_walk.h5,1854,,bf1711b98e1cc1ca8a3a7061557a2cb893b0a6dc2cbaafa90775ce5abd94915e,40,F_walk
S1,3572,ieee_dataport/LoRa_RFFI-main/LoRa_RFFI/dataset/Test/channel_problem/F_walk.h5,1857,,2d7da8a88efe6611fc065c677aa4233719bed5adee497470077e9348d92d43b6,40,F_walk
S1,3573,ieee_dataport/LoRa_RFFI-main/LoRa_RFFI/dataset/Test/channel_problem/F_walk.h5,1859,,309288b68fa2f78bdc78ba7febe6c2132b9de757d3471b539c9862408ea5cc1e,40,F_walk
S1,3574,ieee_dataport/LoRa_RFFI-main/LoRa_RFFI/dataset/Test/channel_problem/F_walk.h5,1860,,f8e1bb597fd9c2d830f9fba9d80052284b04246f20fe1eeaa78aaa1b967d8973,40,F_walk
S1,3575,ieee_dataport/LoRa_RFFI-main/LoRa_RFFI/dataset/Test/channel_problem/F_walk.h5,1870,,dd477ad9fdae2172aa0185503ebd31a56d3a61aec2ab7815d6be190820cfcabb,40,F_walk
S1,3576,ieee_dataport/LoRa_RFFI-main/LoRa_RFFI/dataset/Test/channel_problem/F_walk.h5,1871,,0018e2bc06d8e712015bca92893999c7a8f6fd8922786466cc7a0f467b265890,40,F_walk
S1,3577,ieee_dataport/LoRa_RFFI-main/LoRa_RFFI/dataset/Test/channel_problem/F_walk.h5,1875,,b05d3741869074fa0b28560860db9a725524db4099b5df46800597cedb573fba,40,F_walk
S1,3578,ieee_dataport/LoRa_RFFI-main/LoRa_RFFI/dataset/Test/channel_problem/F_walk.h5,1877,,0d6cfb22ae5ebedadf35940f7edec16a28d3c2e5505ccac94c573bd6ce941e72,40,F_walk
S1,3579,ieee_dataport/LoRa_RFFI-main/LoRa_RFFI/dataset/Test/channel_problem/F_walk.h5,1878,,e2d37a21b295d0d5ebcd170b66f6c00244319c6d06412eb670cdbf0b8861cdf6,40,F_walk
S1,3580,ieee_dataport/LoRa_RFFI-main/LoRa_RFFI/dataset/Test/channel_problem/F_walk.h5,1879,,0e8327ef2ebc666b6b134be822a30583fc47a7e7dbac95fc2a9a22f604b00faa,40,F_walk
S1,3581,ieee_dataport/LoRa_RFFI-main/LoRa_RFFI/dataset/Test/channel_problem/F_walk.h5,1897,,35cbb2c21b6229366aac9da8afa196af3531167ac4018be375b6ebfe5dda4b9a,40,F_walk
S1,3582,ieee_dataport/LoRa_RFFI-main/LoRa_RFFI/dataset/Test/channel_problem/F_walk.h5,1898,,eebfca6f82c2c51e4751ba6196943c1e4e09b07e956641c604603cd415e06adf,40,F_walk
S1,3583,ieee_dataport/LoRa_RFFI-main/LoRa_RFFI/dataset/Test/channel_problem/F_walk.h5,1904,,de9eab89908cfd814c2db56c740a56fd6ca45b5335d2d82c0d126ebc13ab7729,40,F_walk
S1,3584,ieee_dataport/LoRa_RFFI-main/LoRa_RFFI/dataset/Test/channel_problem/F_walk.h5,1910,,7f23f873bd30dc021465f443fae8b6fb1a0caa8019316f4a1763099276318327,40,F_walk
S1,3585,ieee_dataport/LoRa_RFFI-main/LoRa_RFFI/dataset/Test/channel_problem/F_walk.h5,1921,,021a894ccb90058140877cecaf4bb5614a6ce30627f9b3d18130c1afaca80f03,40,F_walk
S1,3586,ieee_dataport/LoRa_RFFI-main/LoRa_RFFI/dataset/Test/channel_problem/F_walk.h5,1926,,347f44ffa7d340f9aa92677a0f39f8ceb78060af59938f5a84a2de919e958cc6,40,F_walk
S1,3587,ieee_dataport/LoRa_RFFI-main/LoRa_RFFI/dataset/Test/channel_problem/F_walk.h5,1932,,1156f3c30d01bf1db5add5703ddbf10c00a5899eb6a004234d1c8a10411e87f6,40,F_walk
S1,3588,ieee_dataport/LoRa_RFFI-main/LoRa_RFFI/dataset/Test/channel_problem/F_walk.h5,1936,,7794f4b7bc694c8e4f9a87d796f57347ec58ecd08b32196706ec19702d968baa,40,F_walk
S1,3589,ieee_dataport/LoRa_RFFI-main/LoRa_RFFI/dataset/Test/channel_problem/F_walk.h5,1939,,54c44b05fa5e2316a71c4b06046db1d7918a1b64f769780909002d12617f5188,40,F_walk
S1,3590,ieee_dataport/LoRa_RFFI-main/LoRa_RFFI/dataset/Test/channel_problem/F_walk.h5,1942,,1cfe9cd8e635593f5e307af438e4b402eae5bfe0fb8ef7abc641b762e7ce480b,40,F_walk
S1,3591,ieee_dataport/LoRa_RFFI-main/LoRa_RFFI/dataset/Test/channel_problem/F_walk.h5,1945,,7836bed9c776eb97affa6f4994ea0bf628415c3a9ae85ed0c4ddf26bb0d94643,40,F_walk
S1,3592,ieee_dataport/LoRa_RFFI-main/LoRa_RFFI/dataset/Test/channel_problem/F_walk.h5,1947,,7e375878e06d447f2f0bce354c138b66822ebd159cacda9d0f664309641110b6,40,F_walk
S1,3593,ieee_dataport/LoRa_RFFI-main/LoRa_RFFI/dataset/Test/channel_problem/F_walk.h5,1950,,9c533cbcffbb068648ac9bd7dedbdfd812e93c520013bc68a83975e5a26bd381,40,F_walk
S1,3594,ieee_dataport/LoRa_RFFI-main/LoRa_RFFI/dataset/Test/channel_problem/F_walk.h5,1956,,8db9cdda6bc556572689b8f64e1da422304aef6f6ebded7de605e07e246f1358,40,F_walk
S1,3595,ieee_dataport/LoRa_RFFI-main/LoRa_RFFI/dataset/Test/channel_problem/F_walk.h5,1963,,4e8f284824dd43088e1967f391e401cb94cdf48f39fc136283e16d1e37fb1fe7,40,F_walk
S1,3596,ieee_dataport/LoRa_RFFI-main/LoRa_RFFI/dataset/Test/channel_problem/F_walk.h5,1986,,6df2342a016814f6526b92ec06c663da8edf9723cf6e2761add3e7fb78606280,40,F_walk
S1,3597,ieee_dataport/LoRa_RFFI-main/LoRa_RFFI/dataset/Test/channel_problem/F_walk.h5,1993,,72419e8af9ec6667c808a8591de7c0548f3a1bd58e4fa1062d7f37a93b7fccb1,40,F_walk
S1,3598,ieee_dataport/LoRa_RFFI-main/LoRa_RFFI/dataset/Test/channel_problem/F_walk.h5,1995,,741079859faab35c9e9de4a04d37e942f00d94b0d8bf203be520601c47ef908d,40,F_walk
S1,3599,ieee_dataport/LoRa_RFFI-main/LoRa_RFFI/dataset/Test/channel_problem/F_walk.h5,1997,,050497bf3288fd47428cc06e3b7b7bae2f1d6ef564bc48174d97ad925c95842e,40,F_walk
S1,3600,ieee_dataport/LoRa_RFFI-main/LoRa_RFFI/dataset/Test/channel_problem/moving_office.h5,4,,31e512f372c30045c22fbe49fe918636005deb4e68fc8307c47e2fae783e79b3,31,moving_office
S1,3601,ieee_dataport/LoRa_RFFI-main/LoRa_RFFI/dataset/Test/channel_problem/moving_office.h5,5,,eb786df1802f565e55a83549b9bdf697c6091a8689b92b87be1a439ba41340d9,31,moving_office
S1,3602,ieee_dataport/LoRa_RFFI-main/LoRa_RFFI/dataset/Test/channel_problem/moving_office.h5,7,,339e64e17b3ca90276a9da212bbd821ef17eef4ae6f73bb42075ab73da051dc6,31,moving_office
S1,3603,ieee_dataport/LoRa_RFFI-main/LoRa_RFFI/dataset/Test/channel_problem/moving_office.h5,11,,7f89c017626d1f30673c18dc50435ff797bcf6761d0a0e9f35113f19dba11b92,31,moving_office
S1,3604,ieee_dataport/LoRa_RFFI-main/LoRa_RFFI/dataset/Test/channel_problem/moving_office.h5,17,,8164eb742b17e0203fd6479a8e247f992c94b6e0f69e87bdb7da4490aea579e0,31,moving_office
S1,3605,ieee_dataport/LoRa_RFFI-main/LoRa_RFFI/dataset/Test/channel_problem/moving_office.h5,23,,0065d86eb43f17a81fa8230d3a1bfb1c7859e28141e23b1c46b6d6050c464d53,31,moving_office
S1,3606,ieee_dataport/LoRa_RFFI-main/LoRa_RFFI/dataset/Test/channel_problem/moving_office.h5,29,,d4c804897791cc99f7d7c7178eaa212fbae6342cd288a7185c11b655f84d8175,31,moving_office
S1,3607,ieee_dataport/LoRa_RFFI-main/LoRa_RFFI/dataset/Test/channel_problem/moving_office.h5,41,,4d37e0b456fcc30dad8c99dcfd400081461463cada590192b448a0f823e8ba91,31,moving_office
S1,3608,ieee_dataport/LoRa_RFFI-main/LoRa_RFFI/dataset/Test/channel_problem/moving_office.h5,44,,83c054b18204143c63ac70e30a1df6999c5ec90cb6cae5c04f768094da46d2d2,31,moving_office
S1,3609,ieee_dataport/LoRa_RFFI-main/LoRa_RFFI/dataset/Test/channel_problem/moving_office.h5,46,,f67ce11bc307082c5385a89e9c79f9cd738c22ff20a1debc544d1d35c12df176,31,moving_office
S1,3610,ieee_dataport/LoRa_RFFI-main/LoRa_RFFI/dataset/Test/channel_problem/moving_office.h5,47,,cfa3744823a1b10beccc7fe5bc8318747b868a49149de77ad5640af1419c2d29,31,moving_office
S1,3611,ieee_dataport/LoRa_RFFI-main/LoRa_RFFI/dataset/Test/channel_problem/moving_office.h5,49,,ea91ef12d77be49ac5452ee78589864e3318c1005e516ee7e51d386df9332d71,31,moving_office
S1,3612,ieee_dataport/LoRa_RFFI-main/LoRa_RFFI/dataset/Test/channel_problem/moving_office.h5,52,,31ac85b63a514afbfb89a9ca045297f50df63042ae93e65e2bd457775a2bbf08,31,moving_office
S1,3613,ieee_dataport/LoRa_RFFI-main/LoRa_RFFI/dataset/Test/channel_problem/moving_office.h5,53,,d3b5a53427546afc077ca9902ecd284cc930719e9e333d6e4327fb381c0145ab,31,moving_office
S1,3614,ieee_dataport/LoRa_RFFI-main/LoRa_RFFI/dataset/Test/channel_problem/moving_office.h5,60,,ec64173fb46868617e15c38fb83c06d54b11ca8cec8331883b67bb750be31e4a,31,moving_office
S1,3615,ieee_dataport/LoRa_RFFI-main/LoRa_RFFI/dataset/Test/channel_problem/moving_office.h5,63,,a7386475f264c873fbd3d31285526f861f1db2e2ade544dd8ee20988afbb4afe,31,moving_office
S1,3616,ieee_dataport/LoRa_RFFI-main/LoRa_RFFI/dataset/Test/channel_problem/moving_office.h5,81,,c293c348fe7e5c4e8eb39fe6c36655b4c0a061ebb10861158e48a9884c5eb30b,31,moving_office
S1,3617,ieee_dataport/LoRa_RFFI-main/LoRa_RFFI/dataset/Test/channel_problem/moving_office.h5,103,,9638517712360f9ec4985d1f2c3e93677ad9fe3b97e35a27c3a39d4bfa8a77fa,31,moving_office
S1,3618,ieee_dataport/LoRa_RFFI-main/LoRa_RFFI/dataset/Test/channel_problem/moving_office.h5,104,,ceefc3ab74e8e07a73d4530420e0802c3c97cca26bcdcd6bdd9364d1e193546c,31,moving_office
S1,3619,ieee_dataport/LoRa_RFFI-main/LoRa_RFFI/dataset/Test/channel_problem/moving_office.h5,109,,4722db513cb5722ca8037175c4589abdb97e0cbb9d7210903ffcbb4209efd593,31,moving_office
S1,3620,ieee_dataport/LoRa_RFFI-main/LoRa_RFFI/dataset/Test/channel_problem/moving_office.h5,111,,7d8bd8a5630118cf447835b7059fb77b405a2a9655f7c47a165faea370497402,31,moving_office
S1,3621,ieee_dataport/LoRa_RFFI-main/LoRa_RFFI/dataset/Test/channel_problem/moving_office.h5,117,,50d86c3772f1e903f1a37f0bce573e68f0b007b08ebff130fafe8d9d5fc3802e,31,moving_office
S1,3622,ieee_dataport/LoRa_RFFI-main/LoRa_RFFI/dataset/Test/channel_problem/moving_office.h5,118,,016813dbf8aaf418ef0a282fb2a2fd097f9986e9a3eb231a914d8bcbab42eb9b,31,moving_office
S1,3623,ieee_dataport/LoRa_RFFI-main/LoRa_RFFI/dataset/Test/channel_problem/moving_office.h5,120,,01175643370175d35797409a178895c83c4277a3a562478161810bb83927da63,31,moving_office
S1,3624,ieee_dataport/LoRa_RFFI-main/LoRa_RFFI/dataset/Test/channel_problem/moving_office.h5,124,,1f31ddecb95ebb91967de7ea897254df692b91bdff46f0d020b3031344099b91,31,moving_office
S1,3625,ieee_dataport/LoRa_RFFI-main/LoRa_RFFI/dataset/Test/channel_problem/moving_office.h5,125,,814832fb686a9a544a8e7edd94d9812a16579c9733f5a43bf3033f8d35dbf58c,31,moving_office
S1,3626,ieee_dataport/LoRa_RFFI-main/LoRa_RFFI/dataset/Test/channel_problem/moving_office.h5,129,,8a6d45f06f5eb6d1d7937e2158827062c90d2d755e26e6c3ab7c922c248d96e4,31,moving_office
S1,3627,ieee_dataport/LoRa_RFFI-main/LoRa_RFFI/dataset/Test/channel_problem/moving_office.h5,134,,3f1abca0179709649aed40e855ef55e89f6e769cc58eb3026ee580703edb8b62,31,moving_office
S1,3628,ieee_dataport/LoRa_RFFI-main/LoRa_RFFI/dataset/Test/channel_problem/moving_office.h5,138,,cde49d0d01f60413392dc0de36de2775b948ac2233fbb905cf0e034f1b204f62,31,moving_office
S1,3629,ieee_dataport/LoRa_RFFI-main/LoRa_RFFI/dataset/Test/channel_problem/moving_office.h5,140,,a0bedf25c73e1811afc8668e0e58136e56c4d4e3fce687d161b2fcbf40418942,31,moving_office
S1,3630,ieee_dataport/LoRa_RFFI-main/LoRa_RFFI/dataset/Test/channel_problem/moving_office.h5,150,,830a4415af7dc626edd22858327f41cfa4a6b2ec731100175a9d7f24520fc0c3,31,moving_office
S1,3631,ieee_dataport/LoRa_RFFI-main/LoRa_RFFI/dataset/Test/channel_problem/moving_office.h5,159,,d85c83ea1eaf68114aecb9ca4e8a517ec590d09282abe5d58a5d6f427a902dee,31,moving_office
S1,3632,ieee_dataport/LoRa_RFFI-main/LoRa_RFFI/dataset/Test/channel_problem/moving_office.h5,165,,ddbe790c052de556ee2b5f97e76e04f82787074d39657581c323cf42c9f1b1a6,31,moving_office
S1,3633,ieee_dataport/LoRa_RFFI-main/LoRa_RFFI/dataset/Test/channel_problem/moving_office.h5,167,,5dc350ceeeeb8c4cfbb7209fccb390fa050b5d7bfd0f6488b2f07746a1ab1ca4,31,moving_office
S1,3634,ieee_dataport/LoRa_RFFI-main/LoRa_RFFI/dataset/Test/channel_problem/moving_office.h5,179,,5ad62b62dbc68a8ac401c8eec0ea4b080cabb582a7cb0e1852a8370b98963c61,31,moving_office
S1,3635,ieee_dataport/LoRa_RFFI-main/LoRa_RFFI/dataset/Test/channel_problem/moving_office.h5,182,,3b2fc33b14b1a1490107be698f75137e15874163d1f21cecdeda2cf75c781f06,31,moving_office
S1,3636,ieee_dataport/LoRa_RFFI-main/LoRa_RFFI/dataset/Test/channel_problem/moving_office.h5,189,,8e92709d639bc2c3f6eb9716084bb39cc4fa772a01a1f02fb78487080f0ab08c,31,moving_office
S1,3637,ieee_dataport/LoRa_RFFI-main/LoRa_RFFI/dataset/Test/channel_problem/moving_office.h5,193,,bcd59f32319c3fc3ff9cb87664b91823126d2367de5d703fa717ede797d2bf12,31,moving_office
S1,3638,ieee_dataport/LoRa_RFFI-main/LoRa_RFFI/dataset/Test/channel_problem/moving_office.h5,198,,e2d7b268df03a3f3ec2d4b8bc80e6efb75e345a29991c27c01520336964179cc,31,moving_office
S1,3639,ieee_dataport/LoRa_RFFI-main/LoRa_RFFI/dataset/Test/channel_problem/moving_office.h5,199,,2ef40cee4adccb69b3f8fb01e8c8f028ba11c58a873c8b0840190e7cf04dd934,31,moving_office
S1,3640,ieee_dataport/LoRa_RFFI-main/LoRa_RFFI/dataset/Test/channel_problem/moving_office.h5,208,,d82ad595e46a6e11a0d8d1d7c59f9ddd5d372d0bea80237348383c3a883b7a1d,32,moving_office
S1,3641,ieee_dataport/LoRa_RFFI-main/LoRa_RFFI/dataset/Test/channel_problem/moving_office.h5,210,,e4453ef20b25fb2a25988eb298be37effb48b93280ce0e68b713d7cb8f0455be,32,moving_office
S1,3642,ieee_dataport/LoRa_RFFI-main/LoRa_RFFI/dataset/Test/channel_problem/moving_office.h5,212,,0c0c1608d94648d1e20956983ea1406af0728f1fc60b37d4f4580ca1e4ec233d,32,moving_office
S1,3643,ieee_dataport/LoRa_RFFI-main/LoRa_RFFI/dataset/Test/channel_problem/moving_office.h5,214,,8f2075c048043273c9ef144e3b58c45f5944c55f4aba3d8f0f72a731919f2559,32,moving_office
S1,3644,ieee_dataport/LoRa_RFFI-main/LoRa_RFFI/dataset/Test/channel_problem/moving_office.h5,218,,c17290c5b1d277cd469d96375f7a9102b052fdc8b85ba0509c578e31ae75f82c,32,moving_office
S1,3645,ieee_dataport/LoRa_RFFI-main/LoRa_RFFI/dataset/Test/channel_problem/moving_office.h5,223,,d969f4e6146151ea965636cff8595cfae25926f285fba9f831e08b3e9c6ba668,32,moving_office
S1,3646,ieee_dataport/LoRa_RFFI-main/LoRa_RFFI/dataset/Test/channel_problem/moving_office.h5,231,,7f76a2acaf43317df594547d42e3f48a522b3f24f2b19101e35310b3a85d44af,32,moving_office
S1,3647,ieee_dataport/LoRa_RFFI-main/LoRa_RFFI/dataset/Test/channel_problem/moving_office.h5,241,,4db9b61c3a8f5632edbde720b3b12ec5680d082bdb0d60c4135cb1ac3a257376,32,moving_office
S1,3648,ieee_dataport/LoRa_RFFI-main/LoRa_RFFI/dataset/Test/channel_problem/moving_office.h5,245,,6ac2608e62792cf6d78af2f08fddea69608a75ad477e6c88609b1b1e2f44f13f,32,moving_office
S1,3649,ieee_dataport/LoRa_RFFI-main/LoRa_RFFI/dataset/Test/channel_problem/moving_office.h5,246,,2ebb72bed47005ff540d90be6c7945a76d030fad682854aac226f0cc11f7615d,32,moving_office
S1,3650,ieee_dataport/LoRa_RFFI-main/LoRa_RFFI/dataset/Test/channel_problem/moving_office.h5,247,,dd444679dd6e44e4040900f52580df258d0d581054bb7b078121f8855b3ee636,32,moving_office
S1,3651,ieee_dataport/LoRa_RFFI-main/LoRa_RFFI/dataset/Test/channel_problem/moving_office.h5,254,,886bf2090a16ecd43418a37d2b3af6ebd67995155a986d7ee9f154c20b4d685d,32,moving_office
S1,3652,ieee_dataport/LoRa_RFFI-main/LoRa_RFFI/dataset/Test/channel_problem/moving_office.h5,259,,992cd66d1cb286f1af16fe39be3bab1f6ab8470ae5de9458201bbfa5958e3d7f,32,moving_office
S1,3653,ieee_dataport/LoRa_RFFI-main/LoRa_RFFI/dataset/Test/channel_problem/moving_office.h5,263,,0fb111aab2b1ef13e5cb69a33d67a1621605a4bb6f5ea216ad239b47bb2e7385,32,moving_office
S1,3654,ieee_dataport/LoRa_RFFI-main/LoRa_RFFI/dataset/Test/channel_problem/moving_office.h5,264,,b5ca8958ce0b3a9699e78ab5e99c8c872bef5a700289d62bcebe7645e34a84cf,32,moving_office
S1,3655,ieee_dataport/LoRa_RFFI-main/LoRa_RFFI/dataset/Test/channel_problem/moving_office.h5,267,,3837880b720c7fb9b555a8774df47c4eef48b39f62d836516d4d73d6733c0178,32,moving_office
S1,3656,ieee_dataport/LoRa_RFFI-main/LoRa_RFFI/dataset/Test/channel_problem/moving_office.h5,272,,018ade46a343bd8200c6b12064632f48a14aba25906e9fed704a4a5cff2ddb02,32,moving_office
S1,3657,ieee_dataport/LoRa_RFFI-main/LoRa_RFFI/dataset/Test/channel_problem/moving_office.h5,280,,928692b8c7044d26d98b62a7f73db40b025dd78a167f47bf474ceb9eaf71ff76,32,moving_office
S1,3658,ieee_dataport/LoRa_RFFI-main/LoRa_RFFI/dataset/Test/channel_problem/moving_office.h5,281,,e18433eb4c681e222aa73709df44145fa8f9c5a155c7dc9cc8e1993bdf889d67,32,moving_office
S1,3659,ieee_dataport/LoRa_RFFI-main/LoRa_RFFI/dataset/Test/channel_problem/moving_office.h5,284,,5d84914ce7ddedb4351fd278dee2a4b02c3f99a17fb4fa6cd618f67116557770,32,moving_office
S1,3660,ieee_dataport/LoRa_RFFI-main/LoRa_RFFI/dataset/Test/channel_problem/moving_office.h5,286,,4d56dfc1e082d14f46b6156f6e8a50abce187e9dbb023bdcc62818962fa7b5ac,32,moving_office
S1,3661,ieee_dataport/LoRa_RFFI-main/LoRa_RFFI/dataset/Test/channel_problem/moving_office.h5,288,,a813504fae5dfe1651aaf8fe9c23531bd7be61eb9a72b46b90e0ceac70f59bef,32,moving_office
S1,3662,ieee_dataport/LoRa_RFFI-main/LoRa_RFFI/dataset/Test/channel_problem/moving_office.h5,289,,ef4a72891ea3b2eb452bbb190fb1fad1f0edcbacc01116d437be1897ed0b1685,32,moving_office
S1,3663,ieee_dataport/LoRa_RFFI-main/LoRa_RFFI/dataset/Test/channel_problem/moving_office.h5,291,,54327440c12e86f1a1ab66c32d113c7bc967f89883b3d4186791947dfa027e84,32,moving_office
S1,3664,ieee_dataport/LoRa_RFFI-main/LoRa_RFFI/dataset/Test/channel_problem/moving_office.h5,298,,795aed69c797ad3f897a7ce8e60450fbf6cc0017dbcb61906d8c5545209c3b4b,32,moving_office
S1,3665,ieee_dataport/LoRa_RFFI-main/LoRa_RFFI/dataset/Test/channel_problem/moving_office.h5,301,,d183b218c3cf56b773ea26368143bf2e1bf800d8bdb2d146eab2a15e1ea2f9a4,32,moving_office
S1,3666,ieee_dataport/LoRa_RFFI-main/LoRa_RFFI/dataset/Test/channel_problem/moving_office.h5,304,,8d2fd48be3362d5fc1beecce9bf06c5a8cc5f847280dd2ba39bbbcb5c579935d,32,moving_office
S1,3667,ieee_dataport/LoRa_RFFI-main/LoRa_RFFI/dataset/Test/channel_problem/moving_office.h5,307,,6af90671ce22447079de197c9afee3088ddc4a8e43a1cf8b3a63fa8722bf7767,32,moving_office
S1,3668,ieee_dataport/LoRa_RFFI-main/LoRa_RFFI/dataset/Test/channel_problem/moving_office.h5,324,,993ee634445337ad58d9cc1f483a3e6f1eebb6eac75079494e015d11088c26eb,32,moving_office
S1,3669,ieee_dataport/LoRa_RFFI-main/LoRa_RFFI/dataset/Test/channel_problem/moving_office.h5,339,,d8152c8c8498f2bb63600571d35f7c76b2820ea38871746b5a5d5ad8c5823605,32,moving_office
S1,3670,ieee_dataport/LoRa_RFFI-main/LoRa_RFFI/dataset/Test/channel_problem/moving_office.h5,342,,9e828fb18364718f8eacedfaafee608ab1f3513354f442f6134e77643a655474,32,moving_office
S1,3671,ieee_dataport/LoRa_RFFI-main/LoRa_RFFI/dataset/Test/channel_problem/moving_office.h5,347,,42f664684cfa2ad474ba15a3e6243962e3f68929858173c9c54b65139c858710,32,moving_office
S1,3672,ieee_dataport/LoRa_RFFI-main/LoRa_RFFI/dataset/Test/channel_problem/moving_office.h5,351,,1456d55aa0f2f81ae3c876b9932864879a5d48c89917b14bcea9c27836a61e92,32,moving_office
S1,3673,ieee_dataport/LoRa_RFFI-main/LoRa_RFFI/dataset/Test/channel_problem/moving_office.h5,356,,532a84af262f22bd272845ae8e8cdb5eadd7ff7198c264852a0de17f6ee59876,32,moving_office
S1,3674,ieee_dataport/LoRa_RFFI-main/LoRa_RFFI/dataset/Test/channel_problem/moving_office.h5,367,,e6fd959f60ae5e58a18ab5e3f464e7e3d6632fbbc667aa5327d78fb376cd82a5,32,moving_office
S1,3675,ieee_dataport/LoRa_RFFI-main/LoRa_RFFI/dataset/Test/channel_problem/moving_office.h5,378,,123d6f5b14f82ebbdcbf987264ff31c00fd86e8a6cc3a044da3741d8236a2565,32,moving_office
S1,3676,ieee_dataport/LoRa_RFFI-main/LoRa_RFFI/dataset/Test/channel_problem/moving_office.h5,385,,40ebac48e4afaa54de226532d7118ac30bae5ab93561f7945dd284c11ca607a0,32,moving_office
S1,3677,ieee_dataport/LoRa_RFFI-main/LoRa_RFFI/dataset/Test/channel_problem/moving_office.h5,391,,14cb37ee627fae17dedb6b6cbf62e9a57100ab4371b8d7269a878fa287bd8dca,32,moving_office
S1,3678,ieee_dataport/LoRa_RFFI-main/LoRa_RFFI/dataset/Test/channel_problem/moving_office.h5,392,,a4354d89b1580937d3b850dcb9fba01a3a6bfc93b7d8e2e0b34764ec17081b3c,32,moving_office
S1,3679,ieee_dataport/LoRa_RFFI-main/LoRa_RFFI/dataset/Test/channel_problem/moving_office.h5,396,,44487899141e05cfc9ee7f400cd00a580bca5907128ba15d0bcc54c2b9d98e0d,32,moving_office
S1,3680,ieee_dataport/LoRa_RFFI-main/LoRa_RFFI/dataset/Test/channel_problem/moving_office.h5,402,,08326c8a3a93a87278fa0d26c4b98225eabd153081ab072854b60ae42ff96342,33,moving_office
S1,3681,ieee_dataport/LoRa_RFFI-main/LoRa_RFFI/dataset/Test/channel_problem/moving_office.h5,408,,497b6fcb94a8f3c083907a7a09b8db0a76da094fab0b837b5156cf89a2dfb9fb,33,moving_office
S1,3682,ieee_dataport/LoRa_RFFI-main/LoRa_RFFI/dataset/Test/channel_problem/moving_office.h5,414,,01da4818e540e5a93d0e8493853e998bade33b73eb184cbb151f634bd04fc936,33,moving_office
S1,3683,ieee_dataport/LoRa_RFFI-main/LoRa_RFFI/dataset/Test/channel_problem/moving_office.h5,417,,beb5dcce5796849e217d323ce98540787026db7724f5f8ceedd277e0c610f4d3,33,moving_office
S1,3684,ieee_dataport/LoRa_RFFI-main/LoRa_RFFI/dataset/Test/channel_problem/moving_office.h5,419,,d1a2190b7e3422bd3ea816dda4624abfcb2b3e229085fbc93bdffe6c83757087,33,moving_office
S1,3685,ieee_dataport/LoRa_RFFI-main/LoRa_RFFI/dataset/Test/channel_problem/moving_office.h5,421,,f163b44241dc821c6fa5b62a401c03f94ade1f37b8fd9d8f047083c27a774674,33,moving_office
S1,3686,ieee_dataport/LoRa_RFFI-main/LoRa_RFFI/dataset/Test/channel_problem/moving_office.h5,439,,dcd2ecb262b2bbacc63e7cc4dfd74c86d97611a80c7a05193ac8f32f68806cef,33,moving_office
S1,3687,ieee_dataport/LoRa_RFFI-main/LoRa_RFFI/dataset/Test/channel_problem/moving_office.h5,444,,b7b299a908eb03088f0c4fcfceb080efa8908b3a91dd4bd591201a9672916b0d,33,moving_office
S1,3688,ieee_dataport/LoRa_RFFI-main/LoRa_RFFI/dataset/Test/channel_problem/moving_office.h5,446,,0f6598f661b16e51abfe1ea015a17241930be00f48ed265ae67fb498be65a1c6,33,moving_office
S1,3689,ieee_dataport/LoRa_RFFI-main/LoRa_RFFI/dataset/Test/channel_problem/moving_office.h5,448,,d42f224437aeaf34f85e7044d30e5c9013d861103b0c3deb0d4d9f73766f6e07,33,moving_office
S1,3690,ieee_dataport/LoRa_RFFI-main/LoRa_RFFI/dataset/Test/channel_problem/moving_office.h5,456,,4e8b019497ce1c72f30740c861578c3a79bdad2c30394fa68d00f273b0f3d2f6,33,moving_office
S1,3691,ieee_dataport/LoRa_RFFI-main/LoRa_RFFI/dataset/Test/channel_problem/moving_office.h5,460,,a1e8748303c2d96d63cac5550da3462c200ee2da945b70ef26e0b67752cd2057,33,moving_office
S1,3692,ieee_dataport/LoRa_RFFI-main/LoRa_RFFI/dataset/Test/channel_problem/moving_office.h5,462,,0571ed564d6d3a8a9e400687667bc6afe3788e62a3543e0ba947beed251590f7,33,moving_office
S1,3693,ieee_dataport/LoRa_RFFI-main/LoRa_RFFI/dataset/Test/channel_problem/moving_office.h5,468,,f0b40acc681d3e6d9e8c936da491c69e370551edb31da32392912a728c5568a1,33,moving_office
S1,3694,ieee_dataport/LoRa_RFFI-main/LoRa_RFFI/dataset/Test/channel_problem/moving_office.h5,469,,83568eed451f29378b0e91ff71eb554e6c8728261f77625f3ace78cb1d23e8b6,33,moving_office
S1,3695,ieee_dataport/LoRa_RFFI-main/LoRa_RFFI/dataset/Test/channel_problem/moving_office.h5,478,,d52c2aee4869f96a0ea0cadcb46d80eefb24d014122502c2d1ca23215ce900dd,33,moving_office
S1,3696,ieee_dataport/LoRa_RFFI-main/LoRa_RFFI/dataset/Test/channel_problem/moving_office.h5,482,,e4e3a2224486a69834846f21df51b8aca0208b2815a9b8e285143664a91d05aa,33,moving_office
S1,3697,ieee_dataport/LoRa_RFFI-main/LoRa_RFFI/dataset/Test/channel_problem/moving_office.h5,495,,ddea18e91e2c4b56019057013c6f6a5e33ff469c0b9ab57775ca3c63fe1f9281,33,moving_office
S1,3698,ieee_dataport/LoRa_RFFI-main/LoRa_RFFI/dataset/Test/channel_problem/moving_office.h5,496,,e324593e4b9208a8f70e4e83c8f847cece9576ff2d822997535666eaef197a04,33,moving_office
S1,3699,ieee_dataport/LoRa_RFFI-main/LoRa_RFFI/dataset/Test/channel_problem/moving_office.h5,510,,aca6735412b1234f71ebfdbbe174c5137acd3d42b1929fd66903527e1e2a368f,33,moving_office
S1,3700,ieee_dataport/LoRa_RFFI-main/LoRa_RFFI/dataset/Test/channel_problem/moving_office.h5,512,,0b4ef16f2e4eaedb55327c3b880d834f27946d98ffb56f4938124df4b9f1a09a,33,moving_office
S1,3701,ieee_dataport/LoRa_RFFI-main/LoRa_RFFI/dataset/Test/channel_problem/moving_office.h5,517,,11481c161b52c9190ec75547dd727165570c504ae041f7b97619051a09a779ba,33,moving_office
S1,3702,ieee_dataport/LoRa_RFFI-main/LoRa_RFFI/dataset/Test/channel_problem/moving_office.h5,521,,588d5e82ee4aa3855dfe34f1636b0d6b61ec4832ffb442bd049c62e5f0458cc9,33,moving_office
S1,3703,ieee_dataport/LoRa_RFFI-main/LoRa_RFFI/dataset/Test/channel_problem/moving_office.h5,524,,b87a2c1e7cc4e7bc4184f93fbfc14afacc98be9f7f6b344d529b9900acb4ea44,33,moving_office
S1,3704,ieee_dataport/LoRa_RFFI-main/LoRa_RFFI/dataset/Test/channel_problem/moving_office.h5,534,,cc1e675a12fe59a78871380058e5bba9bda2d0c5c7a41480154e2cefd3f2b982,33,moving_office
S1,3705,ieee_dataport/LoRa_RFFI-main/LoRa_RFFI/dataset/Test/channel_problem/moving_office.h5,535,,653d273a7f4d41cb4bae74b4c1f9909a5fdbc25b5be6571ac889cd422772f8c6,33,moving_office
S1,3706,ieee_dataport/LoRa_RFFI-main/LoRa_RFFI/dataset/Test/channel_problem/moving_office.h5,537,,8f33a148b30a66a890b2bdf89ea7fc0f3a7e7de867c11d687558842b94b4fcf9,33,moving_office
S1,3707,ieee_dataport/LoRa_RFFI-main/LoRa_RFFI/dataset/Test/channel_problem/moving_office.h5,538,,91e4f3498ae5de96f75a59fbd4f8a0b7a02cc7dcbcac204b008991a63a87b825,33,moving_office
S1,3708,ieee_dataport/LoRa_RFFI-main/LoRa_RFFI/dataset/Test/channel_problem/moving_office.h5,542,,e5ac1da45f62fb00be609a1850bfc8d6453b413612f646a23c102be330c5f790,33,moving_office
S1,3709,ieee_dataport/LoRa_RFFI-main/LoRa_RFFI/dataset/Test/channel_problem/moving_office.h5,545,,b86825bcab28e1e2ed1cb7fc120219a9ac6d26351b96c12415f414e48da5cfdd,33,moving_office
S1,3710,ieee_dataport/LoRa_RFFI-main/LoRa_RFFI/dataset/Test/channel_problem/moving_office.h5,552,,31417f41d9196c8defa53a39f16124943308d912063ae2bf23c3454bf0b4af84,33,moving_office
S1,3711,ieee_dataport/LoRa_RFFI-main/LoRa_RFFI/dataset/Test/channel_problem/moving_office.h5,558,,de119a09b007f8524ca18dea00da0be1e1347a3d54cdfcff2bcf3342b3bcab15,33,moving_office
S1,3712,ieee_dataport/LoRa_RFFI-main/LoRa_RFFI/dataset/Test/channel_problem/moving_office.h5,561,,01da1677298607ef10ee685b96de3076df66a0acb037f6cf47b4472a0261c71b,33,moving_office
S1,3713,ieee_dataport/LoRa_RFFI-main/LoRa_RFFI/dataset/Test/channel_problem/moving_office.h5,566,,0a8caf012c5fec94e1b3779bf98a5ff76dd26a2ab0db3797d2c339095ac5094f,33,moving_office
S1,3714,ieee_dataport/LoRa_RFFI-main/LoRa_RFFI/dataset/Test/channel_problem/moving_office.h5,570,,1e582e1fa3511023316fedefb816d9e2093d1e17709209b08d284555b34f062e,33,moving_office
S1,3715,ieee_dataport/LoRa_RFFI-main/LoRa_RFFI/dataset/Test/channel_problem/moving_office.h5,571,,dfa5638363f6eacc5ffb2dd227f6bde07440b18de4e0587793fb5e62b3e6d5b9,33,moving_office
S1,3716,ieee_dataport/LoRa_RFFI-main/LoRa_RFFI/dataset/Test/channel_problem/moving_office.h5,580,,722bb68f96b45196a19a98079de7cef3a330303153964ae08c57572c22a3db64,33,moving_office
S1,3717,ieee_dataport/LoRa_RFFI-main/LoRa_RFFI/dataset/Test/channel_problem/moving_office.h5,591,,f5fcd3340f78c4c424618c45f6fe50476fd1f162609008b32f2aa83a15379d08,33,moving_office
S1,3718,ieee_dataport/LoRa_RFFI-main/LoRa_RFFI/dataset/Test/channel_problem/moving_office.h5,592,,272c48d4f312b4a6054135f7624ac9831bac4282d2cc1b92561f5823a4bf9d33,33,moving_office
S1,3719,ieee_dataport/LoRa_RFFI-main/LoRa_RFFI/dataset/Test/channel_problem/moving_office.h5,597,,00e96f413720dc79eb7b4425632f9658f35fbffd13540068291472ef50b09951,33,moving_office
S1,3720,ieee_dataport/LoRa_RFFI-main/LoRa_RFFI/dataset/Test/channel_problem/moving_office.h5,609,,1ddfc30506020c2beffea49cbee15dd36fc9edf967049928327266b6d6d574bb,34,moving_office
S1,3721,ieee_dataport/LoRa_RFFI-main/LoRa_RFFI/dataset/Test/channel_problem/moving_office.h5,611,,8502708f6f1893ce22472c99cf23b8a5c6d7233faf08164764c4f7e2a233a574,34,moving_office
S1,3722,ieee_dataport/LoRa_RFFI-main/LoRa_RFFI/dataset/Test/channel_problem/moving_office.h5,620,,d12cb49b74a40b9bcd593dfa776d241237887b4290cf0564eaec6ff36e2f089f,34,moving_office
S1,3723,ieee_dataport/LoRa_RFFI-main/LoRa_RFFI/dataset/Test/channel_problem/moving_office.h5,621,,1e158227aee47725aa93beab6b6291c36c82e7ebf5ae0f24456f9640b7f9b4cf,34,moving_office
S1,3724,ieee_dataport/LoRa_RFFI-main/LoRa_RFFI/dataset/Test/channel_problem/moving_office.h5,625,,e4848d99966829c486b08f80fba66d94fe79aba70e00ba53cd4de45dc26330f0,34,moving_office
S1,3725,ieee_dataport/LoRa_RFFI-main/LoRa_RFFI/dataset/Test/channel_problem/moving_office.h5,627,,7682bd574d2eb4b9c1cd1e8e26c0ce6f15d55ea1929300b3c27b637a439c4813,34,moving_office
S1,3726,ieee_dataport/LoRa_RFFI-main/LoRa_RFFI/dataset/Test/channel_problem/moving_office.h5,645,,4dac7a8155c5975ebe6baa31ef35844215fab9a4a5b35456e9fe446f620e2fe7,34,moving_office
S1,3727,ieee_dataport/LoRa_RFFI-main/LoRa_RFFI/dataset/Test/channel_problem/moving_office.h5,648,,8802158639c41140ecdec21954ecebbf7b5a2458109d37250070a76109186fc5,34,moving_office
S1,3728,ieee_dataport/LoRa_RFFI-main/LoRa_RFFI/dataset/Test/channel_problem/moving_office.h5,657,,4c5f7e23f34054951c1b0eb8bf162b44bd500e5785d05b07449c13ec179dfc91,34,moving_office
S1,3729,ieee_dataport/LoRa_RFFI-main/LoRa_RFFI/dataset/Test/channel_problem/moving_office.h5,663,,5651dcbde510266fa7c1dfcf5dcffc2c0c270fa58f523e9483da7102ef807e36,34,moving_office
S1,3730,ieee_dataport/LoRa_RFFI-main/LoRa_RFFI/dataset/Test/channel_problem/moving_office.h5,671,,c11e9738516499d3805f51893a9b2484dc0079c8689c6b7cd778581b4358bfbd,34,moving_office
S1,3731,ieee_dataport/LoRa_RFFI-main/LoRa_RFFI/dataset/Test/channel_problem/moving_office.h5,672,,1fbfa679950f4bc366a2b2b893e1ae0d5e252c6e982e09fd3ca73d2fe924473a,34,moving_office
S1,3732,ieee_dataport/LoRa_RFFI-main/LoRa_RFFI/dataset/Test/channel_problem/moving_office.h5,674,,01c726eb7ea1e558e82d53f0b2a14a8effa1025e2c6e8423cf1890580b93c37c,34,moving_office
S1,3733,ieee_dataport/LoRa_RFFI-main/LoRa_RFFI/dataset/Test/channel_problem/moving_office.h5,676,,0c20c305795457b126033eda0ab7d46669ff5095e482fb6048d1e2d538fd5899,34,moving_office
S1,3734,ieee_dataport/LoRa_RFFI-main/LoRa_RFFI/dataset/Test/channel_problem/moving_office.h5,681,,4630e992e0c8062418ee682bc79110da6edfb28767dc1d03bf68149e9b557ca9,34,moving_office
S1,3735,ieee_dataport/LoRa_RFFI-main/LoRa_RFFI/dataset/Test/channel_problem/moving_office.h5,683,,4cb6de91935d9215e21bcec6af0d58c6adb7d3fcddd3914fcba405c9fe3d5d60,34,moving_office
S1,3736,ieee_dataport/LoRa_RFFI-main/LoRa_RFFI/dataset/Test/channel_problem/moving_office.h5,686,,61651523784d82c29b98db4723e9c5ecd64feaf3d27a7a0cbd9c2749cfe338ad,34,moving_office
S1,3737,ieee_dataport/LoRa_RFFI-main/LoRa_RFFI/dataset/Test/channel_problem/moving_office.h5,691,,118a7fbe9e462fba5a2d32cf0bf926814507c2b22b6ce76d412859a7b38f9dad,34,moving_office
S1,3738,ieee_dataport/LoRa_RFFI-main/LoRa_RFFI/dataset/Test/channel_problem/moving_office.h5,695,,5402e0e01602f028485f163ae8dc8b109189252363e30b9e1bf751d27f4b0f8b,34,moving_office
S1,3739,ieee_dataport/LoRa_RFFI-main/LoRa_RFFI/dataset/Test/channel_problem/moving_office.h5,706,,6cfbf0884bbc2c556c4b13dc4479877fea07a1b13a790c33631b37fd5aa12d53,34,moving_office
S1,3740,ieee_dataport/LoRa_RFFI-main/LoRa_RFFI/dataset/Test/channel_problem/moving_office.h5,715,,2ad2567de5f2e1011a78c5f3c178cfc9abc020fa9bf3f56734e410c239e0e85f,34,moving_office
S1,3741,ieee_dataport/LoRa_RFFI-main/LoRa_RFFI/dataset/Test/channel_problem/moving_office.h5,716,,82ab51f1c399e0b9c5bace8e8e0c0e3a6fad6b4601883d0dec5a51cbb0546c34,34,moving_office
S1,3742,ieee_dataport/LoRa_RFFI-main/LoRa_RFFI/dataset/Test/channel_problem/moving_office.h5,725,,53e084d598af4908fca5f93d6f0a6b85310ce0f3e6b05590eb557b2731bbef60,34,moving_office
S1,3743,ieee_dataport/LoRa_RFFI-main/LoRa_RFFI/dataset/Test/channel_problem/moving_office.h5,726,,9c0d004ff8d9f5f8ee63fc1d7ed5bbbb22a99d0f660e245dff5edcd41f8267f6,34,moving_office
S1,3744,ieee_dataport/LoRa_RFFI-main/LoRa_RFFI/dataset/Test/channel_problem/moving_office.h5,727,,7bba828227426ad86c1330676d32a3ad8541ddee49389f5a16e4a662c53c362f,34,moving_office
S1,3745,ieee_dataport/LoRa_RFFI-main/LoRa_RFFI/dataset/Test/channel_problem/moving_office.h5,730,,1363be07900ac368f6fa4127ccb643a8f8d927a87651a796b2a68a3a573c095c,34,moving_office
S1,3746,ieee_dataport/LoRa_RFFI-main/LoRa_RFFI/dataset/Test/channel_problem/moving_office.h5,734,,49858adafc58b4343e097fdfb2e4eeec3d54406b36694c35b200a813c01ff807,34,moving_office
S1,3747,ieee_dataport/LoRa_RFFI-main/LoRa_RFFI/dataset/Test/channel_problem/moving_office.h5,735,,b8aef32a8d7c076db8c80e2303b7001810d5661d076a38b2f15550467cd968d3,34,moving_office
S1,3748,ieee_dataport/LoRa_RFFI-main/LoRa_RFFI/dataset/Test/channel_problem/moving_office.h5,737,,9ddfa3b4566ce5bec7a15efe3e8d8a7e760e91f3fbbad56c62b1ee063802314b,34,moving_office
S1,3749,ieee_dataport/LoRa_RFFI-main/LoRa_RFFI/dataset/Test/channel_problem/moving_office.h5,741,,67fd5f25644a98f4f51ade98a861ff54622313d580cecf13a33037c97fb952a6,34,moving_office
S1,3750,ieee_dataport/LoRa_RFFI-main/LoRa_RFFI/dataset/Test/channel_problem/moving_office.h5,743,,fa784201ea67a6ebd58aa13e5505a60c4dbcbd10f4a0d314e6f23e260b0df868,34,moving_office
S1,3751,ieee_dataport/LoRa_RFFI-main/LoRa_RFFI/dataset/Test/channel_problem/moving_office.h5,755,,5045013027757c48d09210653645be5104a4e7993a91e47c169d9573bc1b51c3,34,moving_office
S1,3752,ieee_dataport/LoRa_RFFI-main/LoRa_RFFI/dataset/Test/channel_problem/moving_office.h5,761,,0b8e6a6f03bc99a310ad5427d2e77885017f220542636197a6816f0490ea227b,34,moving_office
S1,3753,ieee_dataport/LoRa_RFFI-main/LoRa_RFFI/dataset/Test/channel_problem/moving_office.h5,768,,0e82ba1bc1d0f65fd823f4fdf3ed0717c58506fb2d1739c3dcc7f6c2fbf230a1,34,moving_office
S1,3754,ieee_dataport/LoRa_RFFI-main/LoRa_RFFI/dataset/Test/channel_problem/moving_office.h5,774,,a3ef121ccdb876460d14fd33f458c2d444b4f93b657ac40d864bd080c61f6e20,34,moving_office
S1,3755,ieee_dataport/LoRa_RFFI-main/LoRa_RFFI/dataset/Test/channel_problem/moving_office.h5,775,,fbc31b16421401132d020016ef34f869b8df9696744e8ea4b3e85ca8c5a1c803,34,moving_office
S1,3756,ieee_dataport/LoRa_RFFI-main/LoRa_RFFI/dataset/Test/channel_problem/moving_office.h5,779,,e35f659981e83b110147fefca2d719576d2f40dfefb7df9863c51b4e89dc8074,34,moving_office
S1,3757,ieee_dataport/LoRa_RFFI-main/LoRa_RFFI/dataset/Test/channel_problem/moving_office.h5,787,,8afe6e5bb83ded03f9b1e6c15b00c6253695f2da36319dc39e81a246dd7987ed,34,moving_office
S1,3758,ieee_dataport/LoRa_RFFI-main/LoRa_RFFI/dataset/Test/channel_problem/moving_office.h5,791,,816d1965c65d3c6e75164d9505e22f1deb55faf26a511d723f0c5b4a2145ebd6,34,moving_office
S1,3759,ieee_dataport/LoRa_RFFI-main/LoRa_RFFI/dataset/Test/channel_problem/moving_office.h5,797,,f383ff1d8dbd573922c1b6c0e6f9f22151d0ae8f115dc8b895cea58cad400d60,34,moving_office
S1,3760,ieee_dataport/LoRa_RFFI-main/LoRa_RFFI/dataset/Test/channel_problem/moving_office.h5,801,,64e8f55f6bae28988bbc5251b97c0a0f225ac661967b2785c5389a2a8123e9ca,35,moving_office
S1,3761,ieee_dataport/LoRa_RFFI-main/LoRa_RFFI/dataset/Test/channel_problem/moving_office.h5,808,,f9db1495a2e0a144de20531c21027b0480eabf90dbf5ac3ceb2884b3470342bd,35,moving_office
S1,3762,ieee_dataport/LoRa_RFFI-main/LoRa_RFFI/dataset/Test/channel_problem/moving_office.h5,815,,b904228b61e76e2088049e36671db5b23122d68836ce096ccadea66d5a2310c8,35,moving_office
S1,3763,ieee_dataport/LoRa_RFFI-main/LoRa_RFFI/dataset/Test/channel_problem/moving_office.h5,820,,20e5a70a484a080a9d209d04e3146af2b723389b87ab6b8a150d224d0e782453,35,moving_office
S1,3764,ieee_dataport/LoRa_RFFI-main/LoRa_RFFI/dataset/Test/channel_problem/moving_office.h5,821,,55d372d53c9cc1da6ef6e9b76c9a3bb70d24901e16ff5f626346f29781f6486b,35,moving_office
S1,3765,ieee_dataport/LoRa_RFFI-main/LoRa_RFFI/dataset/Test/channel_problem/moving_office.h5,825,,065fd88bb3039fac9c359e6741dbb2c92014478cd160e017ba3d730c2dde186d,35,moving_office
S1,3766,ieee_dataport/LoRa_RFFI-main/LoRa_RFFI/dataset/Test/channel_problem/moving_office.h5,836,,c590d0063ed3d087c3315c55cf8ae7f9c02b20c038038268160177831477f5ed,35,moving_office
S1,3767,ieee_dataport/LoRa_RFFI-main/LoRa_RFFI/dataset/Test/channel_problem/moving_office.h5,838,,569ce73f140719f3d7437dcef90f3875e674915782262e2c5332400ceda83169,35,moving_office
S1,3768,ieee_dataport/LoRa_RFFI-main/LoRa_RFFI/dataset/Test/channel_problem/moving_office.h5,840,,fb03abb9f835c7cd9fc039799fb9100da94ac08e3dcdc68cbfe99e86c0ca7f75,35,moving_office
S1,3769,ieee_dataport/LoRa_RFFI-main/LoRa_RFFI/dataset/Test/channel_problem/moving_office.h5,845,,d4fcef9d11ace7a6e4725473e6002671581e92d05650b3274ca15f0e8d937e38,35,moving_office
S1,3770,ieee_dataport/LoRa_RFFI-main/LoRa_RFFI/dataset/Test/channel_problem/moving_office.h5,861,,145af81e68b553da960b4fc28da30f14ba74ac67cb486ffbb04b2da842a5b9a7,35,moving_office
S1,3771,ieee_dataport/LoRa_RFFI-main/LoRa_RFFI/dataset/Test/channel_problem/moving_office.h5,863,,5952ca9eb9e5822d4fcab7744925c16e3f538433e967deb07bfb1150838dde38,35,moving_office
S1,3772,ieee_dataport/LoRa_RFFI-main/LoRa_RFFI/dataset/Test/channel_problem/moving_office.h5,865,,dc920f504bfae8aae9fc4b97a53e96025fbf33429357a6758ea76ed44d0ce849,35,moving_office
S1,3773,ieee_dataport/LoRa_RFFI-main/LoRa_RFFI/dataset/Test/channel_problem/moving_office.h5,877,,51b6c55d6351b920d7e8b8862709bb0879b21383602545a6806db08063c83b63,35,moving_office
S1,3774,ieee_dataport/LoRa_RFFI-main/LoRa_RFFI/dataset/Test/channel_problem/moving_office.h5,881,,e6a6649fa37a6e0eacaee6b01191f3d2c38843eefeb137a0501306354881b8ae,35,moving_office
S1,3775,ieee_dataport/LoRa_RFFI-main/LoRa_RFFI/dataset/Test/channel_problem/moving_office.h5,884,,551aa4caf8a04a1de45df41b28bfd56fbe7f7b11a89341feb317926b2e9ab21a,35,moving_office
S1,3776,ieee_dataport/LoRa_RFFI-main/LoRa_RFFI/dataset/Test/channel_problem/moving_office.h5,886,,fe969478c5d83d1bbd8cbab286698c14dbdf68572c8483135815bb1ef39f15eb,35,moving_office
S1,3777,ieee_dataport/LoRa_RFFI-main/LoRa_RFFI/dataset/Test/channel_problem/moving_office.h5,887,,6cdd9201badb2a973949a9ad26382e344d06ad781e242c573daa9a3f48d122b6,35,moving_office
S1,3778,ieee_dataport/LoRa_RFFI-main/LoRa_RFFI/dataset/Test/channel_problem/moving_office.h5,890,,df5ecc9faa0fabd07af3cb730b88c2e23537e17335e38740a47496fa991a53ed,35,moving_office
S1,3779,ieee_dataport/LoRa_RFFI-main/LoRa_RFFI/dataset/Test/channel_problem/moving_office.h5,897,,011b4e66c5ca51fa8bf543202f0942741f63cc94db077245a55a6a2c31a0b29d,35,moving_office
S1,3780,ieee_dataport/LoRa_RFFI-main/LoRa_RFFI/dataset/Test/channel_problem/moving_office.h5,904,,c745ca163fb1b900ca92858303791924181f7939352cd55b5f4454175310e29b,35,moving_office
S1,3781,ieee_dataport/LoRa_RFFI-main/LoRa_RFFI/dataset/Test/channel_problem/moving_office.h5,905,,9d40df9eaee6a3370712d6596d1bc133bbca0914385f8b578299e4bb1cdfdf08,35,moving_office
S1,3782,ieee_dataport/LoRa_RFFI-main/LoRa_RFFI/dataset/Test/channel_problem/moving_office.h5,906,,ae360f7c5de8a9f7b664c94ae00061df124df990b6ba7efc66aba3ce4eaeabb7,35,moving_office
S1,3783,ieee_dataport/LoRa_RFFI-main/LoRa_RFFI/dataset/Test/channel_problem/moving_office.h5,914,,eef022b9c6d6a02e70b3476fb5a2227f12fb6242b1c0cffa564792beda97edab,35,moving_office
S1,3784,ieee_dataport/LoRa_RFFI-main/LoRa_RFFI/dataset/Test/channel_problem/moving_office.h5,915,,41ac0e61f3e013527b54f064487f5a62e21993af01291955ceb7065c74b2f9c0,35,moving_office
S1,3785,ieee_dataport/LoRa_RFFI-main/LoRa_RFFI/dataset/Test/channel_problem/moving_office.h5,918,,a24c6480935b4e0044a4b09a37ada46f59ed7dfbcbe547b6e45f557abcb3306c,35,moving_office
S1,3786,ieee_dataport/LoRa_RFFI-main/LoRa_RFFI/dataset/Test/channel_problem/moving_office.h5,921,,db0d40e07045cbcd1a7bfd25b916bd09acbd2581fb71101db8abf9700615c065,35,moving_office
S1,3787,ieee_dataport/LoRa_RFFI-main/LoRa_RFFI/dataset/Test/channel_problem/moving_office.h5,928,,75a7416033886571eb1e3a13ba235f0234d42c582dfbe70fae43a14048d3de41,35,moving_office
S1,3788,ieee_dataport/LoRa_RFFI-main/LoRa_RFFI/dataset/Test/channel_problem/moving_office.h5,940,,d791c8fcee5aa3c1ed8f68f416701eccd6f0299229b1eb3bced0408cccceedca,35,moving_office
S1,3789,ieee_dataport/LoRa_RFFI-main/LoRa_RFFI/dataset/Test/channel_problem/moving_office.h5,941,,6f799d2a8c9ef8e955354bc6f97f1023ff958e48b25e4c5944ee0140b346389e,35,moving_office
S1,3790,ieee_dataport/LoRa_RFFI-main/LoRa_RFFI/dataset/Test/channel_problem/moving_office.h5,946,,06a22a901a17fe9c1b9bf3cc1e370e3a5a7530afa07bd9fd45c9854cd86395e0,35,moving_office
S1,3791,ieee_dataport/LoRa_RFFI-main/LoRa_RFFI/dataset/Test/channel_problem/moving_office.h5,953,,b9e4e26815858a0d4fe061a9ad865e4f4a9911b5ae5852b877b2a776cb8deae6,35,moving_office
S1,3792,ieee_dataport/LoRa_RFFI-main/LoRa_RFFI/dataset/Test/channel_problem/moving_office.h5,959,,0861297be6a5210b5b100927013c67e08220972959653bc8ab3ea3d805a5759e,35,moving_office
S1,3793,ieee_dataport/LoRa_RFFI-main/LoRa_RFFI/dataset/Test/channel_problem/moving_office.h5,962,,3f8fe8eee684e405327345e8d8f92b645e56e4d3fdc45d7a3ecd757d8dcaf034,35,moving_office
S1,3794,ieee_dataport/LoRa_RFFI-main/LoRa_RFFI/dataset/Test/channel_problem/moving_office.h5,965,,82b24e66c59ab1f2e522b27b0991a8172bc7eed1d68c921ee923bde4b1fca6e8,35,moving_office
S1,3795,ieee_dataport/LoRa_RFFI-main/LoRa_RFFI/dataset/Test/channel_problem/moving_office.h5,966,,f7f0a4d7ed2cbcd7f59560c77f2e1e3882f3d59fe815eb4583ef6b01b0a632b6,35,moving_office
S1,3796,ieee_dataport/LoRa_RFFI-main/LoRa_RFFI/dataset/Test/channel_problem/moving_office.h5,974,,295ddd3a6073f8062a5cfdb7f8633b564572bd47b557fb6e41f8c424dddfc5ef,35,moving_office
S1,3797,ieee_dataport/LoRa_RFFI-main/LoRa_RFFI/dataset/Test/channel_problem/moving_office.h5,978,,0a33065ec67adb9a97740c564c3f044fb18f8ca34b5ebbcce7ef2e40b38a56c5,35,moving_office
S1,3798,ieee_dataport/LoRa_RFFI-main/LoRa_RFFI/dataset/Test/channel_problem/moving_office.h5,986,,38200f679a21fda688eb41ca66df11df40ad890a11a6f5142b3e7c5d9a3b26bd,35,moving_office
S1,3799,ieee_dataport/LoRa_RFFI-main/LoRa_RFFI/dataset/Test/channel_problem/moving_office.h5,991,,d27d11d19a19c6da64bdec11621c86fe2f95228398e5797586a22da1e20cd625,35,moving_office
S1,3800,ieee_dataport/LoRa_RFFI-main/LoRa_RFFI/dataset/Test/channel_problem/moving_office.h5,1006,,e4e377eb1ca7856998c20a01d87427252a6ca38e1a6b916d885ff9d88ae9dcbb,36,moving_office
S1,3801,ieee_dataport/LoRa_RFFI-main/LoRa_RFFI/dataset/Test/channel_problem/moving_office.h5,1007,,43c1c3edb6833be0f28b5828e62fb343785972c3150c795f198287fe8bab76fe,36,moving_office
S1,3802,ieee_dataport/LoRa_RFFI-main/LoRa_RFFI/dataset/Test/channel_problem/moving_office.h5,1011,,d3dc5672daa171d6fa04c681d668c973159f88719d697e674f7d6d0ef3d6fd74,36,moving_office
S1,3803,ieee_dataport/LoRa_RFFI-main/LoRa_RFFI/dataset/Test/channel_problem/moving_office.h5,1015,,f993af758a98cdef599b199ca4f618f4029e65e511a93373ae347bd5abc062e4,36,moving_office
S1,3804,ieee_dataport/LoRa_RFFI-main/LoRa_RFFI/dataset/Test/channel_problem/moving_office.h5,1020,,be805d039bae5b678db39aa338abe83fcf36bd30688873faada6eb7519a7a752,36,moving_office
S1,3805,ieee_dataport/LoRa_RFFI-main/LoRa_RFFI/dataset/Test/channel_problem/moving_office.h5,1030,,530c27f710d575d50942b53720f3ba0e63509a38095012dd1d247125036b8e7d,36,moving_office
S1,3806,ieee_dataport/LoRa_RFFI-main/LoRa_RFFI/dataset/Test/channel_problem/moving_office.h5,1036,,67e98393372b6527de21231769e6e6d4b44219ce61c981d7d9fe66a617d27daa,36,moving_office
S1,3807,ieee_dataport/LoRa_RFFI-main/LoRa_RFFI/dataset/Test/channel_problem/moving_office.h5,1039,,5126d55f413a8b8b9e363bca9f8fe81710966c9a8bd23e9588715a8b991e80d5,36,moving_office
S1,3808,ieee_dataport/LoRa_RFFI-main/LoRa_RFFI/dataset/Test/channel_problem/moving_office.h5,1044,,5857eb7a9b372777cae10996d6a33920ad58d0f8141015919c5660195ddaedec,36,moving_office
S1,3809,ieee_dataport/LoRa_RFFI-main/LoRa_RFFI/dataset/Test/channel_problem/moving_office.h5,1046,,1bc417d0ca2edcd1dd0e503a29a42aa0474beed4bf30fdeb5f0a9c957e87b599,36,moving_office
S1,3810,ieee_dataport/LoRa_RFFI-main/LoRa_RFFI/dataset/Test/channel_problem/moving_office.h5,1062,,7177f178458b5906c4a77a779798ad6adb0ddeec0b4c83e5db305a7e4a69bee7,36,moving_office
S1,3811,ieee_dataport/LoRa_RFFI-main/LoRa_RFFI/dataset/Test/channel_problem/moving_office.h5,1065,,9eb6a0963bff2aa736ba37c94f865ac7f6f09745b0818c712b25df30957a3b83,36,moving_office
S1,3812,ieee_dataport/LoRa_RFFI-main/LoRa_RFFI/dataset/Test/channel_problem/moving_office.h5,1067,,a78d190949adc071c09bdadb6bd9fc11e53b56f50663a03c126dba1572914ac0,36,moving_office
S1,3813,ieee_dataport/LoRa_RFFI-main/LoRa_RFFI/dataset/Test/channel_problem/moving_office.h5,1072,,bde74d0f4724a3ac8cec6e93c32234264b860384fee7d28deb7baa34885dd6ff,36,moving_office
S1,3814,ieee_dataport/LoRa_RFFI-main/LoRa_RFFI/dataset/Test/channel_problem/moving_office.h5,1077,,ce0d9f9679d3dfa333c8ca02cbdc6712184c22bde2fa6b903c07e7d96b07e6a8,36,moving_office
S1,3815,ieee_dataport/LoRa_RFFI-main/LoRa_RFFI/dataset/Test/channel_problem/moving_office.h5,1081,,d33a343b8d1eb436a4c505685378fafbb51abe99ff16a06bf3977cdadab3bd5d,36,moving_office
S1,3816,ieee_dataport/LoRa_RFFI-main/LoRa_RFFI/dataset/Test/channel_problem/moving_office.h5,1092,,f226b630c1369dc9822f726dd8faf77e596a21bebbbc4334192ef30f8fc9fd03,36,moving_office
S1,3817,ieee_dataport/LoRa_RFFI-main/LoRa_RFFI/dataset/Test/channel_problem/moving_office.h5,1094,,445304624165fcf28e61eee011d8f71988afde45ab494464b3ecb33cecdf5a22,36,moving_office
S1,3818,ieee_dataport/LoRa_RFFI-main/LoRa_RFFI/dataset/Test/channel_problem/moving_office.h5,1097,,800966d5de19a1bd760358f8885a6e2a5fc8ac6e6a2c8fcb1dac39bdd7d42999,36,moving_office
S1,3819,ieee_dataport/LoRa_RFFI-main/LoRa_RFFI/dataset/Test/channel_problem/moving_office.h5,1099,,177f489a95131bfdebc81d03639104c4cc365704af8b5a21491836a1814dd003,36,moving_office
S1,3820,ieee_dataport/LoRa_RFFI-main/LoRa_RFFI/dataset/Test/channel_problem/moving_office.h5,1103,,5395e52118ee85a08fef116bba192534bf5e6344addf8dec798d6382c93b1709,36,moving_office
S1,3821,ieee_dataport/LoRa_RFFI-main/LoRa_RFFI/dataset/Test/channel_problem/moving_office.h5,1109,,2303e0f45017be4a3c0ba6ba737f1f7893ee42d890e4cd5d7492edf7e6ad7e90,36,moving_office
S1,3822,ieee_dataport/LoRa_RFFI-main/LoRa_RFFI/dataset/Test/channel_problem/moving_office.h5,1112,,224ecdd8ce230744ca4189af7cf4d7a4399f6dbc8a95432f04a5dfecdf3175d8,36,moving_office
S1,3823,ieee_dataport/LoRa_RFFI-main/LoRa_RFFI/dataset/Test/channel_problem/moving_office.h5,1123,,da7466a6590acb11aea8379b3d8b29ec9069bf4873676dd3ea5dc385f9fd8d12,36,moving_office
S1,3824,ieee_dataport/LoRa_RFFI-main/LoRa_RFFI/dataset/Test/channel_problem/moving_office.h5,1126,,e1cb7ea5d500ffb4b4f663821f17a504465a73fb229ac3b24335b18c0f2abd96,36,moving_office
S1,3825,ieee_dataport/LoRa_RFFI-main/LoRa_RFFI/dataset/Test/channel_problem/moving_office.h5,1127,,2a54e8dfab093a21fd3543aa1d2fa0ee467e31724bc9a76dc8086a2b8b95eda3,36,moving_office
S1,3826,ieee_dataport/LoRa_RFFI-main/LoRa_RFFI/dataset/Test/channel_problem/moving_office.h5,1131,,ff2a35f67c3004d5d858cbbc68a7e2acff54e9b40694184d0e70ca8f04a5aba1,36,moving_office
S1,3827,ieee_dataport/LoRa_RFFI-main/LoRa_RFFI/dataset/Test/channel_problem/moving_office.h5,1132,,26031402472ffc50057cdddc7311832e2e076f5e40e8e37d78e58b1a158584df,36,moving_office
S1,3828,ieee_dataport/LoRa_RFFI-main/LoRa_RFFI/dataset/Test/channel_problem/moving_office.h5,1146,,0b73b835c51ef2963c7766a73fb896f990048b070e0962e7506eee8d581c1ecc,36,moving_office
S1,3829,ieee_dataport/LoRa_RFFI-main/LoRa_RFFI/dataset/Test/channel_problem/moving_office.h5,1147,,00796f01946523f123bdee35920184851f824e058cd7810327b781fe9f7cc67d,36,moving_office
S1,3830,ieee_dataport/LoRa_RFFI-main/LoRa_RFFI/dataset/Test/channel_problem/moving_office.h5,1148,,1ac2cc04ac57ec28a219bdf7de8fe4a3ff6431531ef6443e67881a1bbfc44c20,36,moving_office
S1,3831,ieee_dataport/LoRa_RFFI-main/LoRa_RFFI/dataset/Test/channel_problem/moving_office.h5,1149,,c4f5d9fa850624f9a58637ae9ee9f068988e4a731b31f6022bcc63b2290aaf3a,36,moving_office
S1,3832,ieee_dataport/LoRa_RFFI-main/LoRa_RFFI/dataset/Test/channel_problem/moving_office.h5,1150,,b1bc226e02487ed49a2f4fc5c1c632631fc8e3fca92400d64958b3b8b627ec2b,36,moving_office
S1,3833,ieee_dataport/LoRa_RFFI-main/LoRa_RFFI/dataset/Test/channel_problem/moving_office.h5,1153,,b2a2c67e05f46bbb629264b74874f7f41315f32f956986b9e65ab568800b14b0,36,moving_office
S1,3834,ieee_dataport/LoRa_RFFI-main/LoRa_RFFI/dataset/Test/channel_problem/moving_office.h5,1155,,560e71af0a3fa6e43c094d2c88d931426558330e9a89239fd2770dc7c1597d40,36,moving_office
S1,3835,ieee_dataport/LoRa_RFFI-main/LoRa_RFFI/dataset/Test/channel_problem/moving_office.h5,1161,,d0f953f4ab0bfdb3b15fb34c8e503bb83c038466bece5619861f80de9894fbfc,36,moving_office
S1,3836,ieee_dataport/LoRa_RFFI-main/LoRa_RFFI/dataset/Test/channel_problem/moving_office.h5,1168,,06a4301440c1e64459f19fae0bd87680b9cdee1af971dd078f436772d4291f40,36,moving_office
S1,3837,ieee_dataport/LoRa_RFFI-main/LoRa_RFFI/dataset/Test/channel_problem/moving_office.h5,1191,,a7dbb4aaa2a8454847bd6acc76efafcfbc894e9dfb5270f369dc3cbd770f8b56,36,moving_office
S1,3838,ieee_dataport/LoRa_RFFI-main/LoRa_RFFI/dataset/Test/channel_problem/moving_office.h5,1192,,d268e43ed837ff275d0acb9c2c1d19f91249c193e95cd212c1bc6022d6bea7a4,36,moving_office
S1,3839,ieee_dataport/LoRa_RFFI-main/LoRa_RFFI/dataset/Test/channel_problem/moving_office.h5,1197,,e7f0194189b4dad433f554c02681a873887b7fb83e87bf2504526ee05048ad0a,36,moving_office
S1,3840,ieee_dataport/LoRa_RFFI-main/LoRa_RFFI/dataset/Test/channel_problem/moving_office.h5,1205,,a7ab46f6dd4645f79c7ae483a895039155ede6a2c0e56e07688fd98f5d034afd,37,moving_office
S1,3841,ieee_dataport/LoRa_RFFI-main/LoRa_RFFI/dataset/Test/channel_problem/moving_office.h5,1206,,2b856bcf982a35a46e228053860931f5afa3417ce12ecb036ba1d09b5891f13e,37,moving_office
S1,3842,ieee_dataport/LoRa_RFFI-main/LoRa_RFFI/dataset/Test/channel_problem/moving_office.h5,1213,,989c9f46bb18260aeabf6cef2f0706dc33ab4d3c0d17140ccd022a5f49de62f8,37,moving_office
S1,3843,ieee_dataport/LoRa_RFFI-main/LoRa_RFFI/dataset/Test/channel_problem/moving_office.h5,1225,,f542fb704abebdd62f7d2d254be2d5eb97d76db4728f0927f532821f7fcd4d88,37,moving_office
S1,3844,ieee_dataport/LoRa_RFFI-main/LoRa_RFFI/dataset/Test/channel_problem/moving_office.h5,1231,,6f8f9601de1683a531b047e3aafb4b032d3a95b4e54f75d3aaf9eaa1ebaf68a7,37,moving_office
S1,3845,ieee_dataport/LoRa_RFFI-main/LoRa_RFFI/dataset/Test/channel_problem/moving_office.h5,1232,,b4259dff22a04d5903be862b29efc1f81409962242fae7fd60a3d10fccc2f08a,37,moving_office
S1,3846,ieee_dataport/LoRa_RFFI-main/LoRa_RFFI/dataset/Test/channel_problem/moving_office.h5,1239,,60e37ab8dfef76ef56469f8d6cf8dcc4fcd6223f5166ddb40e8b2b08bf863ea6,37,moving_office
S1,3847,ieee_dataport/LoRa_RFFI-main/LoRa_RFFI/dataset/Test/channel_problem/moving_office.h5,1242,,2b63500e56e9e99801dbbbd13a8463bbc0eeb74a23ba2d5644435708b82ab051,37,moving_office
S1,3848,ieee_dataport/LoRa_RFFI-main/LoRa_RFFI/dataset/Test/channel_problem/moving_office.h5,1243,,ddfee217fe9ca7ca8a39cb084495cde661fe8c2a14a59a5fa69072a4840ce47b,37,moving_office
S1,3849,ieee_dataport/LoRa_RFFI-main/LoRa_RFFI/dataset/Test/channel_problem/moving_office.h5,1246,,570b3a3e6334db057819fbda729406fc4e152162a70325d7f04df30b84cf16d7,37,moving_office
S1,3850,ieee_dataport/LoRa_RFFI-main/LoRa_RFFI/dataset/Test/channel_problem/moving_office.h5,1248,,57131f1a8b2ee994d51bffb7e7b14ad03ae3800ec2a3eb48a564181891414a5d,37,moving_office
S1,3851,ieee_dataport/LoRa_RFFI-main/LoRa_RFFI/dataset/Test/channel_problem/moving_office.h5,1252,,f28764958ba59e6ac68a1dd6b4bc2644a51d6f44b2432eb3850935ea227a4fef,37,moving_office
S1,3852,ieee_dataport/LoRa_RFFI-main/LoRa_RFFI/dataset/Test/channel_problem/moving_office.h5,1254,,ae8f72941f8468beaa1fd96af5eb68e1d983340f0605136b0e8feb4bd53579d4,37,moving_office
S1,3853,ieee_dataport/LoRa_RFFI-main/LoRa_RFFI/dataset/Test/channel_problem/moving_office.h5,1259,,2c98220befbf32ee097798f225fdbe813233ec3b00f28c9311432fdce74e382b,37,moving_office
S1,3854,ieee_dataport/LoRa_RFFI-main/LoRa_RFFI/dataset/Test/channel_problem/moving_office.h5,1260,,a35d1f77fb765cb0897676459208ddde3a8154984f596232d438eda9bc284df8,37,moving_office
S1,3855,ieee_dataport/LoRa_RFFI-main/LoRa_RFFI/dataset/Test/channel_problem/moving_office.h5,1263,,f2ad093d5d54aa62345d3e76ecf1557eb885d1cfd63fbf4f9347fa6f45a24968,37,moving_office
S1,3856,ieee_dataport/LoRa_RFFI-main/LoRa_RFFI/dataset/Test/channel_problem/moving_office.h5,1266,,f09eb92c10d131ec89a4b56fa19e178d4b10475a4337868420145fb423bb76d4,37,moving_office
S1,3857,ieee_dataport/LoRa_RFFI-main/LoRa_RFFI/dataset/Test/channel_problem/moving_office.h5,1267,,f12dfbca5adafd51836336c1ea0d3bb35e010e50705306b073ec7561dcc6135e,37,moving_office
S1,3858,ieee_dataport/LoRa_RFFI-main/LoRa_RFFI/dataset/Test/channel_problem/moving_office.h5,1269,,7fb1dfaf89050cd4c9bf2ff58081cf0dbe790c8fee824c3a49af039683f20df6,37,moving_office
S1,3859,ieee_dataport/LoRa_RFFI-main/LoRa_RFFI/dataset/Test/channel_problem/moving_office.h5,1271,,d4e3f5ece4d421808611a7f0e649361a1dd11348b71a13afabedb161e778098f,37,moving_office
S1,3860,ieee_dataport/LoRa_RFFI-main/LoRa_RFFI/dataset/Test/channel_problem/moving_office.h5,1277,,2d67cd066d5c6c7b65235e28065abfa3045f1c5184db5f35df58c4071243fdf8,37,moving_office
S1,3861,ieee_dataport/LoRa_RFFI-main/LoRa_RFFI/dataset/Test/channel_problem/moving_office.h5,1291,,0644ad5efd65bceafcb28bdcb0fcf20341dd1b0612760a57019b0f811a860f2b,37,moving_office
S1,3862,ieee_dataport/LoRa_RFFI-main/LoRa_RFFI/dataset/Test/channel_problem/moving_office.h5,1292,,13f1a57c15b46642aec6948f986d4033df3d544e4704936ef8874a6e7c3efc9b,37,moving_office
S1,3863,ieee_dataport/LoRa_RFFI-main/LoRa_RFFI/dataset/Test/channel_problem/moving_office.h5,1296,,79e2e77ddd2c5ec36fd9e9cd566d5162b8f30393ccc2c4d7422e78bf04727653,37,moving_office
S1,3864,ieee_dataport/LoRa_RFFI-main/LoRa_RFFI/dataset/Test/channel_problem/moving_office.h5,1298,,bf62c57455f4008092a7e6ae823175ec1d2a401a4601901adade5bf53ccde5b7,37,moving_office
S1,3865,ieee_dataport/LoRa_RFFI-main/LoRa_RFFI/dataset/Test/channel_problem/moving_office.h5,1307,,f5020f1e0fd34ba1c341ae59368ba903006a5bc24e2ab4ced1f499dc82fbb647,37,moving_office
S1,3866,ieee_dataport/LoRa_RFFI-main/LoRa_RFFI/dataset/Test/channel_problem/moving_office.h5,1308,,251181423a0b316073c066cae626fb9ba6161c9f26352789cb0fd337b649e81f,37,moving_office
S1,3867,ieee_dataport/LoRa_RFFI-main/LoRa_RFFI/dataset/Test/channel_problem/moving_office.h5,1314,,116de6c624cf595993fe0a352b4ecbe82cbe2d25133df6ab2da02f24517e6401,37,moving_office
S1,3868,ieee_dataport/LoRa_RFFI-main/LoRa_RFFI/dataset/Test/channel_problem/moving_office.h5,1315,,a260f3929b67a148ee78226cabc71ab0aa6a314a01a895ce12248e6f77f3e063,37,moving_office
S1,3869,ieee_dataport/LoRa_RFFI-main/LoRa_RFFI/dataset/Test/channel_problem/moving_office.h5,1316,,d725be6fdd2787fd5ce29fc7f74d16e1f7f3d06f2f78a3972f0b61e58a447378,37,moving_office
S1,3870,ieee_dataport/LoRa_RFFI-main/LoRa_RFFI/dataset/Test/channel_problem/moving_office.h5,1322,,4dfd0d0ddcb021bfe4e022006bcd6e4ff3c10f5277b6a54147f5c6da742db09c,37,moving_office
S1,3871,ieee_dataport/LoRa_RFFI-main/LoRa_RFFI/dataset/Test/channel_problem/moving_office.h5,1328,,245443fecf19666fd67b165562146c9b752614ec6f25ffa7f959f3449dacf27a,37,moving_office
S1,3872,ieee_dataport/LoRa_RFFI-main/LoRa_RFFI/dataset/Test/channel_problem/moving_office.h5,1340,,14e1b0d14a60b953cfe7d38feb255f3adebb02d2f012b872579fc64633da7548,37,moving_office
S1,3873,ieee_dataport/LoRa_RFFI-main/LoRa_RFFI/dataset/Test/channel_problem/moving_office.h5,1341,,e852e418aa5ed606d019f3270dcadb7c64212edcbdeffd3a0bed2f2be5e5f68c,37,moving_office
S1,3874,ieee_dataport/LoRa_RFFI-main/LoRa_RFFI/dataset/Test/channel_problem/moving_office.h5,1346,,9628c990cbb330344abab3c48c214aeaedfd6605c8d52126fb74ec5adcb1f219,37,moving_office
S1,3875,ieee_dataport/LoRa_RFFI-main/LoRa_RFFI/dataset/Test/channel_problem/moving_office.h5,1350,,5dfb823a1ea862fb48b3ec96b6b99a5305989e1f7fb7f197d8d860f505ce3ae1,37,moving_office
S1,3876,ieee_dataport/LoRa_RFFI-main/LoRa_RFFI/dataset/Test/channel_problem/moving_office.h5,1351,,96a6de7f6f93136d1e3cede65eb0d7a87e2ffb0743701c35ee71f3c051be5ba5,37,moving_office
S1,3877,ieee_dataport/LoRa_RFFI-main/LoRa_RFFI/dataset/Test/channel_problem/moving_office.h5,1367,,8178c1532bd08c9ae944a9563a916dbf25d9b3a632ce5948b7807e2182caee19,37,moving_office
S1,3878,ieee_dataport/LoRa_RFFI-main/LoRa_RFFI/dataset/Test/channel_problem/moving_office.h5,1373,,f15a5645d86c58c7ad533b14f9a7d7d8b8ed641071abd9f421d12ad40d7a7968,37,moving_office
S1,3879,ieee_dataport/LoRa_RFFI-main/LoRa_RFFI/dataset/Test/channel_problem/moving_office.h5,1397,,9a2c1e847ed64755ff9c58f2eca85782822c973be755b0f7a406cd87c0bd7486,37,moving_office
S1,3880,ieee_dataport/LoRa_RFFI-main/LoRa_RFFI/dataset/Test/channel_problem/moving_office.h5,1404,,ab9db4e9a2a823d14b1597804d2f3d04312aeb989cc87db6a2b2e2cfddbf8557,38,moving_office
S1,3881,ieee_dataport/LoRa_RFFI-main/LoRa_RFFI/dataset/Test/channel_problem/moving_office.h5,1405,,7704c5af919e2bb51c63b4e896c4ca5c0072735fe130653f0efa95883b8f7607,38,moving_office
S1,3882,ieee_dataport/LoRa_RFFI-main/LoRa_RFFI/dataset/Test/channel_problem/moving_office.h5,1407,,75d994e10e8ba40c5ba30eb25682a65dd9cb1cb958a618fba50575dbe414a730,38,moving_office
S1,3883,ieee_dataport/LoRa_RFFI-main/LoRa_RFFI/dataset/Test/channel_problem/moving_office.h5,1409,,e85094451251e16ca0c75c8fb907a39991bb5f8a59330f4e9a8f5a96b66ac697,38,moving_office
S1,3884,ieee_dataport/LoRa_RFFI-main/LoRa_RFFI/dataset/Test/channel_problem/moving_office.h5,1413,,edb5005ad390913a22c3a52fc013ea92a8fac33d29a7bd97f6abcbd8f7f6b25c,38,moving_office
S1,3885,ieee_dataport/LoRa_RFFI-main/LoRa_RFFI/dataset/Test/channel_problem/moving_office.h5,1428,,9e5a8af996fbe7ebd112d7a820453931cc87fd5bcdfa8f040257dd3bff5e49bd,38,moving_office
S1,3886,ieee_dataport/LoRa_RFFI-main/LoRa_RFFI/dataset/Test/channel_problem/moving_office.h5,1429,,f63cc4687fb5166851e3a3d4f303baf6c509290b5f565436c81acc7f1e7638b8,38,moving_office
S1,3887,ieee_dataport/LoRa_RFFI-main/LoRa_RFFI/dataset/Test/channel_problem/moving_office.h5,1432,,cb3bc9fb0e6ffb817098973c2653c3e6766364012c8a42b3e50f192f2fc75a3c,38,moving_office
S1,3888,ieee_dataport/LoRa_RFFI-main/LoRa_RFFI/dataset/Test/channel_problem/moving_office.h5,1433,,2aa64dd88bcca96b1c70c6e14d51cb66e69e9cc73d24158d34e7eec25a9bc013,38,moving_office
S1,3889,ieee_dataport/LoRa_RFFI-main/LoRa_RFFI/dataset/Test/channel_problem/moving_office.h5,1435,,7ac9b660c874756cbb7a340336e203f9d3dbec0f78a81d5a2d2aae8f8397979f,38,moving_office
S1,3890,ieee_dataport/LoRa_RFFI-main/LoRa_RFFI/dataset/Test/channel_problem/moving_office.h5,1436,,54f6971e24eb25798e47f283af9cddb1ee48a4d7d45a308044a589a6feea94b2,38,moving_office
S1,3891,ieee_dataport/LoRa_RFFI-main/LoRa_RFFI/dataset/Test/channel_problem/moving_office.h5,1441,,68ae3f3c4ea5898bce01b9f9e7cc5228bb1b582c0de87135131b4deb9db91b21,38,moving_office
S1,3892,ieee_dataport/LoRa_RFFI-main/LoRa_RFFI/dataset/Test/channel_problem/moving_office.h5,1446,,891089cca5783bab02d0a1f2ea3b7791bcf8dc68d1535ddcf59b04e3bb6ec3fe,38,moving_office
S1,3893,ieee_dataport/LoRa_RFFI-main/LoRa_RFFI/dataset/Test/channel_problem/moving_office.h5,1449,,4607a51bddbe52d099a21f998ec97840f916b0b49015c50c4d49537ad60ee5ba,38,moving_office
S1,3894,ieee_dataport/LoRa_RFFI-main/LoRa_RFFI/dataset/Test/channel_problem/moving_office.h5,1453,,90bc40ad4e1c21e498fce61a6baf55b426a608247676aa41db1a5a3137f9ba14,38,moving_office
S1,3895,ieee_dataport/LoRa_RFFI-main/LoRa_RFFI/dataset/Test/channel_problem/moving_office.h5,1463,,85177ffd5c7762f02869727d5058a603eb2c718426dd2ea045b5b9ca8219373e,38,moving_office
S1,3896,ieee_dataport/LoRa_RFFI-main/LoRa_RFFI/dataset/Test/channel_problem/moving_office.h5,1465,,82a16304371155ef681973fe6f123477cac2bc083d7377b625f3835dcdf8a498,38,moving_office
S1,3897,ieee_dataport/LoRa_RFFI-main/LoRa_RFFI/dataset/Test/channel_problem/moving_office.h5,1467,,5c8c442ceac0ae55ca6b68c4f6a9627eba2303799dd53fa745d3256e7b1e1f44,38,moving_office
S1,3898,ieee_dataport/LoRa_RFFI-main/LoRa_RFFI/dataset/Test/channel_problem/moving_office.h5,1476,,016b8eee37168bdd21b6127f32c9da194ea0394bc87fddba07415697f5a6c419,38,moving_office
S1,3899,ieee_dataport/LoRa_RFFI-main/LoRa_RFFI/dataset/Test/channel_problem/moving_office.h5,1477,,bdb929d8277cbae977ca2d61f2735106d82de9e5560359f4478351ecfc00274f,38,moving_office
S1,3900,ieee_dataport/LoRa_RFFI-main/LoRa_RFFI/dataset/Test/channel_problem/moving_office.h5,1498,,aeb0bcd510b3e8a85625630b3d6ea4133736bc367988c5e3eb10ef071fab654d,38,moving_office
S1,3901,ieee_dataport/LoRa_RFFI-main/LoRa_RFFI/dataset/Test/channel_problem/moving_office.h5,1506,,4dd9250aba9e99241206f1e7449edccfc3176c652a60ec7526854e1b20a44bd3,38,moving_office
S1,3902,ieee_dataport/LoRa_RFFI-main/LoRa_RFFI/dataset/Test/channel_problem/moving_office.h5,1508,,3083112dc6d5fdc82d2660595081a547d30413a5b35e6df9a720f2cd7315301a,38,moving_office
S1,3903,ieee_dataport/LoRa_RFFI-main/LoRa_RFFI/dataset/Test/channel_problem/moving_office.h5,1510,,5170b0112d6d456ff475754223ea3596cb7d25c966956e88510f60e2b95e326d,38,moving_office
S1,3904,ieee_dataport/LoRa_RFFI-main/LoRa_RFFI/dataset/Test/channel_problem/moving_office.h5,1512,,4dd22b5f2c4572055ad87b94c6ccd5862ae4f0769c5d09de5a1c5d7b51408927,38,moving_office
S1,3905,ieee_dataport/LoRa_RFFI-main/LoRa_RFFI/dataset/Test/channel_problem/moving_office.h5,1513,,eafb9a4970c391c9a60786850704cf6ed01d3b0d936beefa1fc18833df440729,38,moving_office
S1,3906,ieee_dataport/LoRa_RFFI-main/LoRa_RFFI/dataset/Test/channel_problem/moving_office.h5,1514,,430728bf6a3a31ca110a0b10db0ac4403eea0d7c1e548bcef3b82caf19ff1b03,38,moving_office
S1,3907,ieee_dataport/LoRa_RFFI-main/LoRa_RFFI/dataset/Test/channel_problem/moving_office.h5,1520,,7aa1d6f7259a8c71695958b28b1643c50efec38bf9ee441eada3c9c94d07a7f6,38,moving_office
S1,3908,ieee_dataport/LoRa_RFFI-main/LoRa_RFFI/dataset/Test/channel_problem/moving_office.h5,1522,,40003b27eb6483e000d818d323e7295a33ec383aecc419b1893a33dac1b7c1f5,38,moving_office
S1,3909,ieee_dataport/LoRa_RFFI-main/LoRa_RFFI/dataset/Test/channel_problem/moving_office.h5,1531,,ca05d2a79b358d9fdeacf2f8c5c2ce6e2a7f908738c754481b0e0a1ad46342ab,38,moving_office
S1,3910,ieee_dataport/LoRa_RFFI-main/LoRa_RFFI/dataset/Test/channel_problem/moving_office.h5,1534,,f084bcf185823670e8b4bd1199c733bad79cb50d3a8391e11eaacaa397872cb8,38,moving_office
S1,3911,ieee_dataport/LoRa_RFFI-main/LoRa_RFFI/dataset/Test/channel_problem/moving_office.h5,1536,,ecbe1120501cf3d296613d73b7ccb07bc6b53961dae2271a0bf69fe75dbd3f4c,38,moving_office
S1,3912,ieee_dataport/LoRa_RFFI-main/LoRa_RFFI/dataset/Test/channel_problem/moving_office.h5,1542,,d1de53222aef95f526b206cfde0158f868e939f42501129468d6acec6d7c28aa,38,moving_office
S1,3913,ieee_dataport/LoRa_RFFI-main/LoRa_RFFI/dataset/Test/channel_problem/moving_office.h5,1550,,dc41c819a31e2188c93f7031b6a56069fd4047d9bd067a2508dbd729123bda76,38,moving_office
S1,3914,ieee_dataport/LoRa_RFFI-main/LoRa_RFFI/dataset/Test/channel_problem/moving_office.h5,1552,,c7b46e13f75e4a4847eae10e80c863b2c2ecff4ab9add0bd1a02d28abc579ed2,38,moving_office
S1,3915,ieee_dataport/LoRa_RFFI-main/LoRa_RFFI/dataset/Test/channel_problem/moving_office.h5,1554,,63972ee6634e83db7fb9c2bd915af0405d5a824d8aeb2f0aa332e97628b54623,38,moving_office
S1,3916,ieee_dataport/LoRa_RFFI-main/LoRa_RFFI/dataset/Test/channel_problem/moving_office.h5,1560,,0123e60ecaed97a3fa38b7a24e8b4e4730a92bb89b1a0fccce8e5f87e6d916e5,38,moving_office
S1,3917,ieee_dataport/LoRa_RFFI-main/LoRa_RFFI/dataset/Test/channel_problem/moving_office.h5,1568,,999b6ce5ffea17ce75a30ec13585290ee3972a3340b446da60ab8fa03a50222c,38,moving_office
S1,3918,ieee_dataport/LoRa_RFFI-main/LoRa_RFFI/dataset/Test/channel_problem/moving_office.h5,1587,,ac2cd090a3a9da8aec3ace32e6b2f2b8ed4099324fe0aee4bc421ef9d5f0febe,38,moving_office
S1,3919,ieee_dataport/LoRa_RFFI-main/LoRa_RFFI/dataset/Test/channel_problem/moving_office.h5,1595,,1050112f331426a261bef4fdf7a9cb2a43e0ca64a653e80d5879694b83861774,38,moving_office
S1,3920,ieee_dataport/LoRa_RFFI-main/LoRa_RFFI/dataset/Test/channel_problem/moving_office.h5,1601,,427492c33b946f96df4e54d83cb9eb6215276e3e0613f5171fda0f3bad9c71e9,39,moving_office
S1,3921,ieee_dataport/LoRa_RFFI-main/LoRa_RFFI/dataset/Test/channel_problem/moving_office.h5,1605,,8ced601a4412b01b09e653ba68f28de1a1309d4c64022d462fe31f4a44f162f6,39,moving_office
S1,3922,ieee_dataport/LoRa_RFFI-main/LoRa_RFFI/dataset/Test/channel_problem/moving_office.h5,1606,,0a8e11ba3428c633794c697ada9f8d3832e31d25fd61be4929b097bfdbc55ee5,39,moving_office
S1,3923,ieee_dataport/LoRa_RFFI-main/LoRa_RFFI/dataset/Test/channel_problem/moving_office.h5,1608,,228d1683e2784ce22a7232f7fac807be8eece19136f2c441e2a864613306080e,39,moving_office
S1,3924,ieee_dataport/LoRa_RFFI-main/LoRa_RFFI/dataset/Test/channel_problem/moving_office.h5,1610,,916c7a87f56125a3a63446805a637b71236b21b07697dab29e5e1b5ebc319542,39,moving_office
S1,3925,ieee_dataport/LoRa_RFFI-main/LoRa_RFFI/dataset/Test/channel_problem/moving_office.h5,1612,,ad58f734880a3a238b2635cf198d7d2739376d792cadb3e7c3ad47305860d993,39,moving_office
S1,3926,ieee_dataport/LoRa_RFFI-main/LoRa_RFFI/dataset/Test/channel_problem/moving_office.h5,1615,,1e0b68f492dcf69c09fd07593fd8d5c11d80dadc4056baba739bf292e2c90599,39,moving_office
S1,3927,ieee_dataport/LoRa_RFFI-main/LoRa_RFFI/dataset/Test/channel_problem/moving_office.h5,1619,,8c6db8324f2b638243aa98495698517d22ff8edf9668621b6eba1bfb526f40e0,39,moving_office
S1,3928,ieee_dataport/LoRa_RFFI-main/LoRa_RFFI/dataset/Test/channel_problem/moving_office.h5,1628,,f6439ed8243e3380e0512380d83c5f13ea6946e64251c22608f63de111a99580,39,moving_office
S1,3929,ieee_dataport/LoRa_RFFI-main/LoRa_RFFI/dataset/Test/channel_problem/moving_office.h5,1642,,b2450ed1ca7618e9b739eda9c8eae7cd13d2e41ef56d34ca0a0c56e05ab83d63,39,moving_office
S1,3930,ieee_dataport/LoRa_RFFI-main/LoRa_RFFI/dataset/Test/channel_problem/moving_office.h5,1643,,6da5c5480e207ca6d91436a9dcad2638ec8cd6da8962d85c1cd07bf847ca5609,39,moving_office
S1,3931,ieee_dataport/LoRa_RFFI-main/LoRa_RFFI/dataset/Test/channel_problem/moving_office.h5,1649,,20f7988caed878b3351ebc7b5e25637647f04e2c85ef1291e6f69c77771e70d6,39,moving_office
S1,3932,ieee_dataport/LoRa_RFFI-main/LoRa_RFFI/dataset/Test/channel_problem/moving_office.h5,1651,,83c27906e6efb3bed9eb8e356d2cbb13e5b3ed9d60f0c5b1b4f8d3d5f1b5560b,39,moving_office
S1,3933,ieee_dataport/LoRa_RFFI-main/LoRa_RFFI/dataset/Test/channel_problem/moving_office.h5,1653,,4e0bd2d81457a7c4b4524d9975ec3f1404e02997d762a0bf8c6d8922f9ab6859,39,moving_office
S1,3934,ieee_dataport/LoRa_RFFI-main/LoRa_RFFI/dataset/Test/channel_problem/moving_office.h5,1654,,eecf5d6f936ffd961ed8cb312f907c31af50d7ffca42eaa582fc07f562742f41,39,moving_office
S1,3935,ieee_dataport/LoRa_RFFI-main/LoRa_RFFI/dataset/Test/channel_problem/moving_office.h5,1661,,58b71494aaf8d17656ef1b3febc2345106cb30844bc5414f12b03cf59cdadd7a,39,moving_office
S1,3936,ieee_dataport/LoRa_RFFI-main/LoRa_RFFI/dataset/Test/channel_problem/moving_office.h5,1664,,d5f8e6af10b0b83b7286d145f4d668efc371aa85d221c695a37c73f26704b419,39,moving_office
S1,3937,ieee_dataport/LoRa_RFFI-main/LoRa_RFFI/dataset/Test/channel_problem/moving_office.h5,1667,,eed085d5a92b5d084199fdbb9e5edc8667671b3542c5b4033b337bb2a23e2b56,39,moving_office
S1,3938,ieee_dataport/LoRa_RFFI-main/LoRa_RFFI/dataset/Test/channel_problem/moving_office.h5,1668,,732aa77a41a61bbf2c94917738c6420a92eaeb0a3619bf4807e73706aee1ae22,39,moving_office
S1,3939,ieee_dataport/LoRa_RFFI-main/LoRa_RFFI/dataset/Test/channel_problem/moving_office.h5,1671,,96e8afe55ffaf9318948cdaa50861c4862aa2ea83d2a1462533440364368b3ed,39,moving_office
S1,3940,ieee_dataport/LoRa_RFFI-main/LoRa_RFFI/dataset/Test/channel_problem/moving_office.h5,1678,,e4222d87d1c37711b9fa538c0189d20f27bb406fdd7b6228de1b55b312942505,39,moving_office
S1,3941,ieee_dataport/LoRa_RFFI-main/LoRa_RFFI/dataset/Test/channel_problem/moving_office.h5,1689,,c5c8ee32c14b806c0dcfedc3ca7cbc654dc63874ff36eb9bd3b5b6c05c706f3f,39,moving_office
S1,3942,ieee_dataport/LoRa_RFFI-main/LoRa_RFFI/dataset/Test/channel_problem/moving_office.h5,1701,,7a071efbbf5e187d940513811fdde5660190a0dcca4ff8511a8e1174d0e4b0a8,39,moving_office
S1,3943,ieee_dataport/LoRa_RFFI-main/LoRa_RFFI/dataset/Test/channel_problem/moving_office.h5,1703,,fae4ee0727aec6faef9afbace7d2375c95d718eb41d83fbdc732c4803227621f,39,moving_office
S1,3944,ieee_dataport/LoRa_RFFI-main/LoRa_RFFI/dataset/Test/channel_problem/moving_office.h5,1704,,ca3d1b31c34ea0c8c49d7cb336f19ef44be2e74e9fdaaf7d1014c3b16b8e0dc8,39,moving_office
S1,3945,ieee_dataport/LoRa_RFFI-main/LoRa_RFFI/dataset/Test/channel_problem/moving_office.h5,1707,,256263806385ce1ea7f5714dcfa90f7bfba93576c0ca4783fc08a2097316a20e,39,moving_office
S1,3946,ieee_dataport/LoRa_RFFI-main/LoRa_RFFI/dataset/Test/channel_problem/moving_office.h5,1709,,538640045aaa43becea50a2df777f44d16c81b9e6a8accf59e0be426b0a5868e,39,moving_office
S1,3947,ieee_dataport/LoRa_RFFI-main/LoRa_RFFI/dataset/Test/channel_problem/moving_office.h5,1711,,90fe5c56c82d3fc86aa16881b51b84bcf1ff47a78b74a1ea139398c16676559b,39,moving_office
S1,3948,ieee_dataport/LoRa_RFFI-main/LoRa_RFFI/dataset/Test/channel_problem/moving_office.h5,1724,,b21beab6154cfb9042b2748bf3852fc08d2ba77192abe2065cebaf59cd8e8b79,39,moving_office
S1,3949,ieee_dataport/LoRa_RFFI-main/LoRa_RFFI/dataset/Test/channel_problem/moving_office.h5,1727,,188b693ae67b33d304750d125c88a14f9bf39228b2362bdd466f2cc33d0de1d5,39,moving_office
S1,3950,ieee_dataport/LoRa_RFFI-main/LoRa_RFFI/dataset/Test/channel_problem/moving_office.h5,1743,,8756b6587ea0438592baa0e77b51dae6f76f740ff6578e443ade5c8fa1abde48,39,moving_office
S1,3951,ieee_dataport/LoRa_RFFI-main/LoRa_RFFI/dataset/Test/channel_problem/moving_office.h5,1749,,f12924e9f80913e6088e87970a28aacca50f18ab8f3b0ebf9538576aa5c02032,39,moving_office
S1,3952,ieee_dataport/LoRa_RFFI-main/LoRa_RFFI/dataset/Test/channel_problem/moving_office.h5,1752,,0bf2c1a519df1d791a2b11df361acaf96fcd260ef22ec81c1c298c7c9a4e261a,39,moving_office
S1,3953,ieee_dataport/LoRa_RFFI-main/LoRa_RFFI/dataset/Test/channel_problem/moving_office.h5,1756,,8e0a236e13133789deb36b35edcc49f04aede08eb944859f927d1ba3197d8954,39,moving_office
S1,3954,ieee_dataport/LoRa_RFFI-main/LoRa_RFFI/dataset/Test/channel_problem/moving_office.h5,1760,,b263ee32bc71caa0da0cde8c6cbc790a98c6040bce7496f6e0edbf84d4cb82c4,39,moving_office
S1,3955,ieee_dataport/LoRa_RFFI-main/LoRa_RFFI/dataset/Test/channel_problem/moving_office.h5,1764,,0bcd95eb26314a930c99447d259f621c14e02666492b10d1031c3c6c57a07179,39,moving_office
S1,3956,ieee_dataport/LoRa_RFFI-main/LoRa_RFFI/dataset/Test/channel_problem/moving_office.h5,1775,,59a923234907f068f4055007ae1fbfff2473afb766a09b4fbddf9446089beb47,39,moving_office
S1,3957,ieee_dataport/LoRa_RFFI-main/LoRa_RFFI/dataset/Test/channel_problem/moving_office.h5,1780,,f44650dfc0b1ebf9eb31dae67109c6db00030362f8c83a38883c1d450f04385a,39,moving_office
S1,3958,ieee_dataport/LoRa_RFFI-main/LoRa_RFFI/dataset/Test/channel_problem/moving_office.h5,1781,,f4af4e688d870a2bb4fb54ea7d17d21607b2de1394936b8823c2ffede4d3494b,39,moving_office
S1,3959,ieee_dataport/LoRa_RFFI-main/LoRa_RFFI/dataset/Test/channel_problem/moving_office.h5,1794,,7803910f1cf0484d8152f7f58ce0a737ed00605939985f151c089465cbe8d2cb,39,moving_office
S1,3960,ieee_dataport/LoRa_RFFI-main/LoRa_RFFI/dataset/Test/channel_problem/moving_office.h5,1809,,17247b1586b15203ab46fadcedf21e410aabfff6d7e75d3dc3b7197c146549eb,40,moving_office
S1,3961,ieee_dataport/LoRa_RFFI-main/LoRa_RFFI/dataset/Test/channel_problem/moving_office.h5,1820,,7adc681934e6536aebefc5f6b6ec03580eaa36c4b864535a65e22081d0ccfd5a,40,moving_office
S1,3962,ieee_dataport/LoRa_RFFI-main/LoRa_RFFI/dataset/Test/channel_problem/moving_office.h5,1823,,235c5497b995136475dc041d1fc1fbc1c64a186e8d88f647972e40c64fe82fdd,40,moving_office
S1,3963,ieee_dataport/LoRa_RFFI-main/LoRa_RFFI/dataset/Test/channel_problem/moving_office.h5,1841,,c4971b518615fa299727cd9114f87228e02ccb9fac184cfafddf52b223a3fd64,40,moving_office
S1,3964,ieee_dataport/LoRa_RFFI-main/LoRa_RFFI/dataset/Test/channel_problem/moving_office.h5,1848,,5ff8953daee1b9cf8fba83f5e968cf306a055ae798671411c4e74d6a019ac216,40,moving_office
S1,3965,ieee_dataport/LoRa_RFFI-main/LoRa_RFFI/dataset/Test/channel_problem/moving_office.h5,1855,,71e1716b8736433ff4b76a7d5ed7def5eb24cf4ab310e0d96f4288a786da8183,40,moving_office
S1,3966,ieee_dataport/LoRa_RFFI-main/LoRa_RFFI/dataset/Test/channel_problem/moving_office.h5,1863,,434a8b27545b43064cfc08031e2d3019db013a94dc79ea431c64f94767410b99,40,moving_office
S1,3967,ieee_dataport/LoRa_RFFI-main/LoRa_RFFI/dataset/Test/channel_problem/moving_office.h5,1865,,1102c54f45d16c927e82f4155b6496d757ed469b479370fe02888c400877d6a5,40,moving_office
S1,3968,ieee_dataport/LoRa_RFFI-main/LoRa_RFFI/dataset/Test/channel_problem/moving_office.h5,1866,,604f7e7aca817f0fbef4d3e73075dbbcdc8f8997a46df17a1b2e38d8551f4d76,40,moving_office
S1,3969,ieee_dataport/LoRa_RFFI-main/LoRa_RFFI/dataset/Test/channel_problem/moving_office.h5,1868,,31cde8a5d773125230d4a8af88ce98e453398d5ac45956e4b941cddba4ef41d0,40,moving_office
S1,3970,ieee_dataport/LoRa_RFFI-main/LoRa_RFFI/dataset/Test/channel_problem/moving_office.h5,1872,,725ebe03799fab67f25bff499d94c7d48797fb4b85792114f1efbf0315c74682,40,moving_office
S1,3971,ieee_dataport/LoRa_RFFI-main/LoRa_RFFI/dataset/Test/channel_problem/moving_office.h5,1874,,d0a839d399cc3f3ac35fdbf27fb57aa4fb51229f6366c8e97b36a687dedf0786,40,moving_office
S1,3972,ieee_dataport/LoRa_RFFI-main/LoRa_RFFI/dataset/Test/channel_problem/moving_office.h5,1876,,a10132343426af2f04e7bf7e7d47dae14e64bb3a5c7e5bb5ee3e754f8b78bfc9,40,moving_office
S1,3973,ieee_dataport/LoRa_RFFI-main/LoRa_RFFI/dataset/Test/channel_problem/moving_office.h5,1890,,e48a97c2b5d5a7ab283e597c2cdcc16e6fe3e1f8420cff92b61b550cf4fc2d86,40,moving_office
S1,3974,ieee_dataport/LoRa_RFFI-main/LoRa_RFFI/dataset/Test/channel_problem/moving_office.h5,1896,,5d2e0ddc7d11b1f8d0ff2251fdcbed366dc9f366daf277d892b69a8269b5f81d,40,moving_office
S1,3975,ieee_dataport/LoRa_RFFI-main/LoRa_RFFI/dataset/Test/channel_problem/moving_office.h5,1897,,85c897d8d2078c86f6ffadcf2f72e6573532c20f68827269e84920bbce69cd7c,40,moving_office
S1,3976,ieee_dataport/LoRa_RFFI-main/LoRa_RFFI/dataset/Test/channel_problem/moving_office.h5,1904,,b10392800f77316a5627acc03b1613f66b8a9a3d5aa5b4e872407f2b04213c99,40,moving_office
S1,3977,ieee_dataport/LoRa_RFFI-main/LoRa_RFFI/dataset/Test/channel_problem/moving_office.h5,1905,,5badfefee2a0e9b89766237250db475ba7bb00e224292cb0dc4a62bed289d7d8,40,moving_office
S1,3978,ieee_dataport/LoRa_RFFI-main/LoRa_RFFI/dataset/Test/channel_problem/moving_office.h5,1906,,7517379c938eb18d81ffe6245c09a66a45d3959cfb0033ebf588a15af40923fc,40,moving_office
S1,3979,ieee_dataport/LoRa_RFFI-main/LoRa_RFFI/dataset/Test/channel_problem/moving_office.h5,1913,,13e7021e7f6742cf3e1224a92262113db718df9c9511f318b7e1cab6a7d0a474,40,moving_office
S1,3980,ieee_dataport/LoRa_RFFI-main/LoRa_RFFI/dataset/Test/channel_problem/moving_office.h5,1917,,7ea541095c97dafe6809a7a14543dca2171ab8400095052d38934a808696a558,40,moving_office
S1,3981,ieee_dataport/LoRa_RFFI-main/LoRa_RFFI/dataset/Test/channel_problem/moving_office.h5,1923,,1cf277ba56441ca7e276a587907ae66c891c1b105dd9ebcf81d1e236cbe4e782,40,moving_office
S1,3982,ieee_dataport/LoRa_RFFI-main/LoRa_RFFI/dataset/Test/channel_problem/moving_office.h5,1932,,c765a0a1432bb3f8a05647b2516de154850db8b13fbfebc79f400a3b6f1f8398,40,moving_office
S1,3983,ieee_dataport/LoRa_RFFI-main/LoRa_RFFI/dataset/Test/channel_problem/moving_office.h5,1936,,6376bfa3499e61cf51cc1385c39b9866783340ed4f279f8688f58d6c5eb765be,40,moving_office
S1,3984,ieee_dataport/LoRa_RFFI-main/LoRa_RFFI/dataset/Test/channel_problem/moving_office.h5,1944,,57e5526c53b98603fc857d8dedd5481edd398c872928c584ffa3809feec2cfc4,40,moving_office
S1,3985,ieee_dataport/LoRa_RFFI-main/LoRa_RFFI/dataset/Test/channel_problem/moving_office.h5,1951,,e83fe86644f22f6c6e35b09a8bc6bcc608daefb24e918721508817746a278950,40,moving_office
S1,3986,ieee_dataport/LoRa_RFFI-main/LoRa_RFFI/dataset/Test/channel_problem/moving_office.h5,1952,,83f641b29d6af9622ff394ee301df7d0699af823dbdb2293061222d0848e518f,40,moving_office
S1,3987,ieee_dataport/LoRa_RFFI-main/LoRa_RFFI/dataset/Test/channel_problem/moving_office.h5,1953,,3ca862da0024dde0f91797ca53c4d6930ca3dce3d0751205a58f6ab013722e73,40,moving_office
S1,3988,ieee_dataport/LoRa_RFFI-main/LoRa_RFFI/dataset/Test/channel_problem/moving_office.h5,1955,,72407ab00e221d194ca0241685cb4cc760bdf2fe1bca68673588653d2ab031b5,40,moving_office
S1,3989,ieee_dataport/LoRa_RFFI-main/LoRa_RFFI/dataset/Test/channel_problem/moving_office.h5,1958,,4e9e89ee14cd421b676a909ab6b5f56c22aa8dac5f60dd08070a51105c40e3d8,40,moving_office
S1,3990,ieee_dataport/LoRa_RFFI-main/LoRa_RFFI/dataset/Test/channel_problem/moving_office.h5,1959,,b2bc6430b111acfcf740651caa4d67d0d4bb0471519835a26283ff214c996ee6,40,moving_office
S1,3991,ieee_dataport/LoRa_RFFI-main/LoRa_RFFI/dataset/Test/channel_problem/moving_office.h5,1961,,7308e4bcf0c6053aabbb1fca33485844b358784c2d2e9a5be1b2f13fcc1dfdad,40,moving_office
S1,3992,ieee_dataport/LoRa_RFFI-main/LoRa_RFFI/dataset/Test/channel_problem/moving_office.h5,1967,,be359869ee07d58588adabfe5a444833cca089b1aa889938039cf539ecb10f12,40,moving_office
S1,3993,ieee_dataport/LoRa_RFFI-main/LoRa_RFFI/dataset/Test/channel_problem/moving_office.h5,1976,,012437a8162fc2f2651ca4d82b90d5662d6ef568d84219c0cca94aea0c054509,40,moving_office
S1,3994,ieee_dataport/LoRa_RFFI-main/LoRa_RFFI/dataset/Test/channel_problem/moving_office.h5,1977,,b438738ec20f46bd19cfe947911a302f31eb37b9a0779d8161023c3ba09adf0c,40,moving_office
S1,3995,ieee_dataport/LoRa_RFFI-main/LoRa_RFFI/dataset/Test/channel_problem/moving_office.h5,1985,,60c6141e1d5a8c71e519ae43f1f0aa1c8d8b2897c28802055074650589458026,40,moving_office
S1,3996,ieee_dataport/LoRa_RFFI-main/LoRa_RFFI/dataset/Test/channel_problem/moving_office.h5,1986,,27e25ffbdb8f8ca7e0ea6583b6fa39aee8f916d1ea6e7ffadc0c7596f0d28635,40,moving_office
S1,3997,ieee_dataport/LoRa_RFFI-main/LoRa_RFFI/dataset/Test/channel_problem/moving_office.h5,1987,,2ecc6b2b2d51c0000fee91693d4faa502f5b11c8cbe3d49a4a54ae1b4784aa90,40,moving_office
S1,3998,ieee_dataport/LoRa_RFFI-main/LoRa_RFFI/dataset/Test/channel_problem/moving_office.h5,1992,,66e7c3dd3588b3c548d7af6a36dc73177d81be020cb65b1309aaa0074092f557,40,moving_office
S1,3999,ieee_dataport/LoRa_RFFI-main/LoRa_RFFI/dataset/Test/channel_problem/moving_office.h5,1993,,77b1413ac168c4b36edd2f0a1b5a08250bb0539ab49fb29c52c77f788da6227a,40,moving_office
S1,4000,ieee_dataport/LoRa_RFFI-main/LoRa_RFFI/dataset/Test/channel_problem/moving_meeting_room.h5,12,,2f80b14d6fbc20b595842865277886f6721a4ddf6ff3201b95b99db2416dc02a,31,moving_meeting_room
S1,4001,ieee_dataport/LoRa_RFFI-main/LoRa_RFFI/dataset/Test/channel_problem/moving_meeting_room.h5,33,,31bd5a02955f5a4e778b102faceb933bd5aeef41027a47e32b858713e6f5d0b6,31,moving_meeting_room
S1,4002,ieee_dataport/LoRa_RFFI-main/LoRa_RFFI/dataset/Test/channel_problem/moving_meeting_room.h5,46,,0fbba6a15255ac4212a88f73f25d906a4613afe8c4ec00def8790071c4f09e82,31,moving_meeting_room
S1,4003,ieee_dataport/LoRa_RFFI-main/LoRa_RFFI/dataset/Test/channel_problem/moving_meeting_room.h5,50,,f54a8f4b90e864d2b143582c83d4210db98a3c73d371c1cd965aa08759370cc8,31,moving_meeting_room
S1,4004,ieee_dataport/LoRa_RFFI-main/LoRa_RFFI/dataset/Test/channel_problem/moving_meeting_room.h5,51,,37f084536da3ebaee9f230b74a145b100624c79da4ae25dc771b0c1d86fbbac5,31,moving_meeting_room
S1,4005,ieee_dataport/LoRa_RFFI-main/LoRa_RFFI/dataset/Test/channel_problem/moving_meeting_room.h5,54,,1166e5992fb6569e0d3fcb99efafc4fff5cdd96b9f4f5695efb736bb0df6a66d,31,moving_meeting_room
S1,4006,ieee_dataport/LoRa_RFFI-main/LoRa_RFFI/dataset/Test/channel_problem/moving_meeting_room.h5,59,,216541f0049fcb40d997e4b73c34a3ba10b5764ea97c9a414e48fec9397b9ae1,31,moving_meeting_room
S1,4007,ieee_dataport/LoRa_RFFI-main/LoRa_RFFI/dataset/Test/channel_problem/moving_meeting_room.h5,65,,9bad80b500ac6cd8fab2b873b82fe2fd2af5424e98314ea2f88ca149b1fb5b02,31,moving_meeting_room
S1,4008,ieee_dataport/LoRa_RFFI-main/LoRa_RFFI/dataset/Test/channel_problem/moving_meeting_room.h5,73,,51d6b4810ea3164974ede591a3102066277dbfd47ea3e40989a98ee0218113a8,31,moving_meeting_room
S1,4009,ieee_dataport/LoRa_RFFI-main/LoRa_RFFI/dataset/Test/channel_problem/moving_meeting_room.h5,75,,f6a6d6c32ac5e17781e9d6d1882a449ad12907ea095d4f4c557382c67ec3cc41,31,moving_meeting_room
S1,4010,ieee_dataport/LoRa_RFFI-main/LoRa_RFFI/dataset/Test/channel_problem/moving_meeting_room.h5,76,,e19f6395a19ddaee562c189e85aa0c3b27853933df83dfd52f2eaec59689cd17,31,moving_meeting_room
S1,4011,ieee_dataport/LoRa_RFFI-main/LoRa_RFFI/dataset/Test/channel_problem/moving_meeting_room.h5,90,,b8ea5a459a323e3758840e0eab646176703ba37c0d7bfb37e8bf6ca7b2cef235,31,moving_meeting_room
S1,4012,ieee_dataport/LoRa_RFFI-main/LoRa_RFFI/dataset/Test/channel_problem/moving_meeting_room.h5,95,,43da59408343946bbdeb9625d654f6a32a0e28e804399361ff8cfc6ec1a89260,31,moving_meeting_room
S1,4013,ieee_dataport/LoRa_RFFI-main/LoRa_RFFI/dataset/Test/channel_problem/moving_meeting_room.h5,97,,3ac24b357a9a4acaa711f02e667c5ae3168623770ca8bcf8513b90f9af4165da,31,moving_meeting_room
S1,4014,ieee_dataport/LoRa_RFFI-main/LoRa_RFFI/dataset/Test/channel_problem/moving_meeting_room.h5,98,,00e6e2f190319a85e9d3aba0449a1b99b8c2e069fdc56a2cb556c8ba7e27d180,31,moving_meeting_room
S1,4015,ieee_dataport/LoRa_RFFI-main/LoRa_RFFI/dataset/Test/channel_problem/moving_meeting_room.h5,99,,643ba43a0ec51a4772fc3889f2ec7cd6a0b3c35061115d63ebdf8fe790a8476c,31,moving_meeting_room
S1,4016,ieee_dataport/LoRa_RFFI-main/LoRa_RFFI/dataset/Test/channel_problem/moving_meeting_room.h5,102,,4d8cce63d095d59f1b004e57b8e1cc7af8adf590fd9a8e35d3fc3c783132d108,31,moving_meeting_room
S1,4017,ieee_dataport/LoRa_RFFI-main/LoRa_RFFI/dataset/Test/channel_problem/moving_meeting_room.h5,116,,f5a45fe1ecf1f26162846349f29b52995c45a96fece884cf9934feae308ffa97,31,moving_meeting_room
S1,4018,ieee_dataport/LoRa_RFFI-main/LoRa_RFFI/dataset/Test/channel_problem/moving_meeting_room.h5,119,,cab95c75116bcc47e67cdb348a946bd4483d23a07630600077c9d0fbb27645e7,31,moving_meeting_room
S1,4019,ieee_dataport/LoRa_RFFI-main/LoRa_RFFI/dataset/Test/channel_problem/moving_meeting_room.h5,120,,24b2445d27528286f5f9ce3b91cf22fad9d6e145f2a743c7bc4fa8d1e6e2a32a,31,moving_meeting_room
S1,4020,ieee_dataport/LoRa_RFFI-main/LoRa_RFFI/dataset/Test/channel_problem/moving_meeting_room.h5,125,,3f07f8a133a59425a628ae8af06404f3ea38449fc8e9f0b21caf321b798ca7a2,31,moving_meeting_room
S1,4021,ieee_dataport/LoRa_RFFI-main/LoRa_RFFI/dataset/Test/channel_problem/moving_meeting_room.h5,132,,33275eb58b760e870e46014d4e8aa3363ceba1f6b9969df39e5e429f9b379117,31,moving_meeting_room
S1,4022,ieee_dataport/LoRa_RFFI-main/LoRa_RFFI/dataset/Test/channel_problem/moving_meeting_room.h5,133,,661970db6f1ec1ede6fca9a87f2d6a0d736e6f2c040a1f59a84327d8fb0d433d,31,moving_meeting_room
S1,4023,ieee_dataport/LoRa_RFFI-main/LoRa_RFFI/dataset/Test/channel_problem/moving_meeting_room.h5,137,,64f4624ed55d66001875f2099c73f06bbd37c8c125e6c652daa79ef22c4377b4,31,moving_meeting_room
S1,4024,ieee_dataport/LoRa_RFFI-main/LoRa_RFFI/dataset/Test/channel_problem/moving_meeting_room.h5,147,,9344367f64de4d52c0312c46b9bf514e165fa455e631849bdca9806e8808abe5,31,moving_meeting_room
S1,4025,ieee_dataport/LoRa_RFFI-main/LoRa_RFFI/dataset/Test/channel_problem/moving_meeting_room.h5,153,,7ab30b88943916039171c3ed2f6fc1891a6798e8c7eb4a26293f6f99addd9bff,31,moving_meeting_room
S1,4026,ieee_dataport/LoRa_RFFI-main/LoRa_RFFI/dataset/Test/channel_problem/moving_meeting_room.h5,154,,894b9e27a3fb048bbc61ad930723ad462a2bf8e3493f28bcfaf00702de5e0091,31,moving_meeting_room
S1,4027,ieee_dataport/LoRa_RFFI-main/LoRa_RFFI/dataset/Test/channel_problem/moving_meeting_room.h5,156,,59d835268739456ed0da4c2e64fb650d7e58be224fe7598ee04e7e34426c38b9,31,moving_meeting_room
S1,4028,ieee_dataport/LoRa_RFFI-main/LoRa_RFFI/dataset/Test/channel_problem/moving_meeting_room.h5,160,,0b79614dbd5b1315aa9d917050d7d669983e55be92c2f1840fd1422b579edd4e,31,moving_meeting_room
S1,4029,ieee_dataport/LoRa_RFFI-main/LoRa_RFFI/dataset/Test/channel_problem/moving_meeting_room.h5,161,,b3a511c85656576b1b781e6123631450daf9fb69bba803ffec15b1f7bfe82af2,31,moving_meeting_room
S1,4030,ieee_dataport/LoRa_RFFI-main/LoRa_RFFI/dataset/Test/channel_problem/moving_meeting_room.h5,162,,27fd94bed9c1430f94a08c70db6de6d3e9d6acfa8d911bada0e0046ef65ce8c2,31,moving_meeting_room
S1,4031,ieee_dataport/LoRa_RFFI-main/LoRa_RFFI/dataset/Test/channel_problem/moving_meeting_room.h5,167,,92ee7ee85924d23d4a05f95f0e0f28b8bb12987e488e803783e8b94c5989bcef,31,moving_meeting_room
S1,4032,ieee_dataport/LoRa_RFFI-main/LoRa_RFFI/dataset/Test/channel_problem/moving_meeting_room.h5,168,,c1deaa910757d286e9a9404d6db7f4912959c51ce45cdb8db4a7469035ba2bc0,31,moving_meeting_room
S1,4033,ieee_dataport/LoRa_RFFI-main/LoRa_RFFI/dataset/Test/channel_problem/moving_meeting_room.h5,170,,18fd4b6fc81982904cae15baaa3cee1b7056d857aefe989bb057a6e2ad6c2653,31,moving_meeting_room
S1,4034,ieee_dataport/LoRa_RFFI-main/LoRa_RFFI/dataset/Test/channel_problem/moving_meeting_room.h5,175,,3dc8cbae7eba065b876e8c2dbf87c428c09112359b7289611438ebd1de8c21c7,31,moving_meeting_room
S1,4035,ieee_dataport/LoRa_RFFI-main/LoRa_RFFI/dataset/Test/channel_problem/moving_meeting_room.h5,177,,cf5e6ff807ce9b9f1fb0fe15eecac58c399c926d00184ba75c8ad5cd09b71842,31,moving_meeting_room
S1,4036,ieee_dataport/LoRa_RFFI-main/LoRa_RFFI/dataset/Test/channel_problem/moving_meeting_room.h5,187,,99cd0ca6b0121a859b17cf7791ab701014ee10d9fb4a9481baa97f28cf90ebdc,31,moving_meeting_room
S1,4037,ieee_dataport/LoRa_RFFI-main/LoRa_RFFI/dataset/Test/channel_problem/moving_meeting_room.h5,189,,05d0bb46c5eafcc22d68d1fa2554aa68d6d83afd18a8e943082088dc7f122a70,31,moving_meeting_room
S1,4038,ieee_dataport/LoRa_RFFI-main/LoRa_RFFI/dataset/Test/channel_problem/moving_meeting_room.h5,192,,9c80de9273521a4915b41e4c42dd6063f368a26b97d741470d6363e1b4e15a0c,31,moving_meeting_room
S1,4039,ieee_dataport/LoRa_RFFI-main/LoRa_RFFI/dataset/Test/channel_problem/moving_meeting_room.h5,193,,5fda27d40cd7fe43dd88f00d8a09b1d45dc5e2700af3af9db80c33cffab0d7c7,31,moving_meeting_room
S1,4040,ieee_dataport/LoRa_RFFI-main/LoRa_RFFI/dataset/Test/channel_problem/moving_meeting_room.h5,200,,45c3258921a013ac02118868965acf3a79ae76de2bfe1c3ecfb4a2cf7ecffe1f,32,moving_meeting_room
S1,4041,ieee_dataport/LoRa_RFFI-main/LoRa_RFFI/dataset/Test/channel_problem/moving_meeting_room.h5,201,,f8bee07f244daa0ed7061a8466576d0628b527c7125ffdc3e555f5938db1d91d,32,moving_meeting_room
S1,4042,ieee_dataport/LoRa_RFFI-main/LoRa_RFFI/dataset/Test/channel_problem/moving_meeting_room.h5,202,,5999beed176c2294c0cbe16f13a8cb372c869cf5d7225988f50a0165613a090b,32,moving_meeting_room
S1,4043,ieee_dataport/LoRa_RFFI-main/LoRa_RFFI/dataset/Test/channel_problem/moving_meeting_room.h5,206,,4cbdc964d050bf6cc3f484f0910bcc0f89e9a7539204febd02e9ff82cda86b3d,32,moving_meeting_room
S1,4044,ieee_dataport/LoRa_RFFI-main/LoRa_RFFI/dataset/Test/channel_problem/moving_meeting_room.h5,209,,a9252ace55d38d080b9f8b9f78aacf44317ae8ee5fdd1977def1c1f2f947371b,32,moving_meeting_room
S1,4045,ieee_dataport/LoRa_RFFI-main/LoRa_RFFI/dataset/Test/channel_problem/moving_meeting_room.h5,218,,da5ad4384156f11dc9499f5b561db5cef7059aa001af604c2da69d62c4b354ec,32,moving_meeting_room
S1,4046,ieee_dataport/LoRa_RFFI-main/LoRa_RFFI/dataset/Test/channel_problem/moving_meeting_room.h5,222,,37dfbb6ef2d7f455dc2638eff4b9d483f1fb8f49dc4ea38987e64677e44cbc3a,32,moving_meeting_room
S1,4047,ieee_dataport/LoRa_RFFI-main/LoRa_RFFI/dataset/Test/channel_problem/moving_meeting_room.h5,224,,f962472ffb9db76397b044b182d856c3157dc38f08820c3dad1aea524e028219,32,moving_meeting_room
S1,4048,ieee_dataport/LoRa_RFFI-main/LoRa_RFFI/dataset/Test/channel_problem/moving_meeting_room.h5,229,,cf89153f3f3fbf43432426166b124c2acc479d135b82fa4e925ff6cd9ee54baf,32,moving_meeting_room
S1,4049,ieee_dataport/LoRa_RFFI-main/LoRa_RFFI/dataset/Test/channel_problem/moving_meeting_room.h5,234,,0781fbcaacd081a2d2254d760dacdd84792e7d50c86375487e6921231f6ed352,32,moving_meeting_room
S1,4050,ieee_dataport/LoRa_RFFI-main/LoRa_RFFI/dataset/Test/channel_problem/moving_meeting_room.h5,239,,6afec1aac1ca4ec92e6509438c29cb54bbd8c28a9371b5c3eefafc14233b366c,32,moving_meeting_room
S1,4051,ieee_dataport/LoRa_RFFI-main/LoRa_RFFI/dataset/Test/channel_problem/moving_meeting_room.h5,242,,c34cdfdc2a7497047671a3e7a0affa74b9d718230f0a2b91e0964744080c5ed7,32,moving_meeting_room
S1,4052,ieee_dataport/LoRa_RFFI-main/LoRa_RFFI/dataset/Test/channel_problem/moving_meeting_room.h5,258,,e56dc151e907061ca30598bb8076d07c65231f8af603629afbbd392d180dead7,32,moving_meeting_room
S1,4053,ieee_dataport/LoRa_RFFI-main/LoRa_RFFI/dataset/Test/channel_problem/moving_meeting_room.h5,260,,4585925544a880115968616024ddd3fd8c9b4833bb1169f9662df104bb649297,32,moving_meeting_room
S1,4054,ieee_dataport/LoRa_RFFI-main/LoRa_RFFI/dataset/Test/channel_problem/moving_meeting_room.h5,261,,6c7153cd6e0a35ed65f3e416e2522993d0cd935cce587fdcef6e530e4bb896cc,32,moving_meeting_room
S1,4055,ieee_dataport/LoRa_RFFI-main/LoRa_RFFI/dataset/Test/channel_problem/moving_meeting_room.h5,266,,d70c2e9909a63f0382fa9853c930cc94bbce21b14e85801923faebfc4bcb5278,32,moving_meeting_room
S1,4056,ieee_dataport/LoRa_RFFI-main/LoRa_RFFI/dataset/Test/channel_problem/moving_meeting_room.h5,268,,bb04edf73df4f29a32677d16f9439a80ed793553d2838d7533535bf1d058e642,32,moving_meeting_room
S1,4057,ieee_dataport/LoRa_RFFI-main/LoRa_RFFI/dataset/Test/channel_problem/moving_meeting_room.h5,269,,469f75c31b851e675e01fdc1ab597e5e1ef90997bcc54b0dc00b69284d344061,32,moving_meeting_room
S1,4058,ieee_dataport/LoRa_RFFI-main/LoRa_RFFI/dataset/Test/channel_problem/moving_meeting_room.h5,273,,3f45966938c912a341def14ffe5718d4d758f4f44637acbc90c90911c52e4b69,32,moving_meeting_room
S1,4059,ieee_dataport/LoRa_RFFI-main/LoRa_RFFI/dataset/Test/channel_problem/moving_meeting_room.h5,275,,198383518598dca5992f9620699441e017a9eb10bcc58f26ab2ab108c3c04818,32,moving_meeting_room
S1,4060,ieee_dataport/LoRa_RFFI-main/LoRa_RFFI/dataset/Test/channel_problem/moving_meeting_room.h5,284,,9d3e0d43ba4436fc2baa9fd5d0909b7780afc79023c86b307962147c8da75068,32,moving_meeting_room
S1,4061,ieee_dataport/LoRa_RFFI-main/LoRa_RFFI/dataset/Test/channel_problem/moving_meeting_room.h5,291,,922c6241bec6ad7092741bbf511eac03c3fa41b95cd8c84f9c98fa5d4490e152,32,moving_meeting_room
S1,4062,ieee_dataport/LoRa_RFFI-main/LoRa_RFFI/dataset/Test/channel_problem/moving_meeting_room.h5,296,,fcceef777a0fef5ef133f398f0b85a87503df8f6d1bbb8259280d3ecb08028ae,32,moving_meeting_room
S1,4063,ieee_dataport/LoRa_RFFI-main/LoRa_RFFI/dataset/Test/channel_problem/moving_meeting_room.h5,297,,278f6d9ac7404983474a6fe188b669ddc17889ae358121fc4944b16a94940c57,32,moving_meeting_room
S1,4064,ieee_dataport/LoRa_RFFI-main/LoRa_RFFI/dataset/Test/channel_problem/moving_meeting_room.h5,302,,528be9fd73d0fd0420742981fb31c4ae2d6769d7c561a093eda14f1a0f909488,32,moving_meeting_room
S1,4065,ieee_dataport/LoRa_RFFI-main/LoRa_RFFI/dataset/Test/channel_problem/moving_meeting_room.h5,305,,1b86d1fcade35bdedfe80c2d1613fc30a0f25437daf05dc1fbbcafa8bf923d08,32,moving_meeting_room
S1,4066,ieee_dataport/LoRa_RFFI-main/LoRa_RFFI/dataset/Test/channel_problem/moving_meeting_room.h5,307,,b113ea15108f8528498e6239448f9f0ea52cc3ab72cc4eba5b720c03c62ade81,32,moving_meeting_room
S1,4067,ieee_dataport/LoRa_RFFI-main/LoRa_RFFI/dataset/Test/channel_problem/moving_meeting_room.h5,318,,6aecb4db36ad482330a2d18c0b53ab49b63a85acf6fce6013eae0bf4c5da6dfd,32,moving_meeting_room
S1,4068,ieee_dataport/LoRa_RFFI-main/LoRa_RFFI/dataset/Test/channel_problem/moving_meeting_room.h5,329,,62b618fa94837dc2f85cef30a8034935f609d156683e27714ba8cbc7563aa50b,32,moving_meeting_room
S1,4069,ieee_dataport/LoRa_RFFI-main/LoRa_RFFI/dataset/Test/channel_problem/moving_meeting_room.h5,336,,74095800cd47c1c23a19f8ed0b685c0ed3b6031768372cdd8ff3558cee677a01,32,moving_meeting_room
S1,4070,ieee_dataport/LoRa_RFFI-main/LoRa_RFFI/dataset/Test/channel_problem/moving_meeting_room.h5,343,,d9d79b8db96b6d9595f80ffe5535fa6c427014498e9015c40c4d1506b7e50c0e,32,moving_meeting_room
S1,4071,ieee_dataport/LoRa_RFFI-main/LoRa_RFFI/dataset/Test/channel_problem/moving_meeting_room.h5,345,,747480b6955514b2e61d082e218e33a3e6fb0d6b4a49ad6a22d32ae590b0215f,32,moving_meeting_room
S1,4072,ieee_dataport/LoRa_RFFI-main/LoRa_RFFI/dataset/Test/channel_problem/moving_meeting_room.h5,347,,2b57dd7abd34b5ec85d7541fae9dfe96954c79f5e306ac870fbedf8a9c3f04c4,32,moving_meeting_room
S1,4073,ieee_dataport/LoRa_RFFI-main/LoRa_RFFI/dataset/Test/channel_problem/moving_meeting_room.h5,355,,25d8e4cdf82ac62bfccf1b3d1eccf438f525331599502a205e531cc6af009747,32,moving_meeting_room
S1,4074,ieee_dataport/LoRa_RFFI-main/LoRa_RFFI/dataset/Test/channel_problem/moving_meeting_room.h5,358,,4cd4180a5c060613a1c1967ae9a69058ca27e5d1ef9dc9ab90fce8ee8acc940e,32,moving_meeting_room
S1,4075,ieee_dataport/LoRa_RFFI-main/LoRa_RFFI/dataset/Test/channel_problem/moving_meeting_room.h5,367,,442a67bdd261c672866c2f40c9abdd93c1aed6e56fdf194c6d8a7c1eacfc920e,32,moving_meeting_room
S1,4076,ieee_dataport/LoRa_RFFI-main/LoRa_RFFI/dataset/Test/channel_problem/moving_meeting_room.h5,375,,bceabaab054fa3a2b2d2f30b9a111be0ddb5d068bad05f260b6a0cce2049a20b,32,moving_meeting_room
S1,4077,ieee_dataport/LoRa_RFFI-main/LoRa_RFFI/dataset/Test/channel_problem/moving_meeting_room.h5,382,,064308106e2d385e875a6d0938e63c63b41030a3b094c51020f6a0266cbdd55b,32,moving_meeting_room
S1,4078,ieee_dataport/LoRa_RFFI-main/LoRa_RFFI/dataset/Test/channel_problem/moving_meeting_room.h5,387,,661e1db6280c110bebda39c093c4dc0d12fd8a889457d52208258a196b711560,32,moving_meeting_room
S1,4079,ieee_dataport/LoRa_RFFI-main/LoRa_RFFI/dataset/Test/channel_problem/moving_meeting_room.h5,395,,10ece412200773434fc97b3e4161941bab43d64c5fcc8c34cd0a643269e7f856,32,moving_meeting_room
S1,4080,ieee_dataport/LoRa_RFFI-main/LoRa_RFFI/dataset/Test/channel_problem/moving_meeting_room.h5,402,,f50241b74cc3571e2960bafeded53650149fd848c9be421e218a697b11ef6968,33,moving_meeting_room
S1,4081,ieee_dataport/LoRa_RFFI-main/LoRa_RFFI/dataset/Test/channel_problem/moving_meeting_room.h5,421,,ec8feb1516df326c37dd855058518bb6fd57f0fd2355bb62ac6e58b9a330decc,33,moving_meeting_room
S1,4082,ieee_dataport/LoRa_RFFI-main/LoRa_RFFI/dataset/Test/channel_problem/moving_meeting_room.h5,424,,48e0cc018481d88bc9af52d976b6a71e87a8a80eebb944d769025ed2f171f898,33,moving_meeting_room
S1,4083,ieee_dataport/LoRa_RFFI-main/LoRa_RFFI/dataset/Test/channel_problem/moving_meeting_room.h5,425,,a6c6c659268d7e7ccc9801e93411056fd758dfe67694dcb866b5dc79213c8ef3,33,moving_meeting_room
S1,4084,ieee_dataport/LoRa_RFFI-main/LoRa_RFFI/dataset/Test/channel_problem/moving_meeting_room.h5,434,,e3962a968e5a6e2e3460674b8f5b42a1a9eb882b439b2dadf95d759cde80ec68,33,moving_meeting_room
S1,4085,ieee_dataport/LoRa_RFFI-main/LoRa_RFFI/dataset/Test/channel_problem/moving_meeting_room.h5,440,,96ab3963fb927b628aac8ccd54da3c528a50d4f47354011bf41dcaae043bad38,33,moving_meeting_room
S1,4086,ieee_dataport/LoRa_RFFI-main/LoRa_RFFI/dataset/Test/channel_problem/moving_meeting_room.h5,442,,400c40fd6f2a915e7ab8bb4c58c061f694f245b58142d37a2fcaf4a857e3c1b1,33,moving_meeting_room
S1,4087,ieee_dataport/LoRa_RFFI-main/LoRa_RFFI/dataset/Test/channel_problem/moving_meeting_room.h5,448,,e2d6c28dc6172f74b6b0e18a68c39b9369d7d073753cb5375f07014494127854,33,moving_meeting_room
S1,4088,ieee_dataport/LoRa_RFFI-main/LoRa_RFFI/dataset/Test/channel_problem/moving_meeting_room.h5,460,,0672f253364546aa28b277f1ca709c2a56d93b60372acd6dfc51b4abbc1fe720,33,moving_meeting_room
S1,4089,ieee_dataport/LoRa_RFFI-main/LoRa_RFFI/dataset/Test/channel_problem/moving_meeting_room.h5,466,,ce8d304285c1674d77bd7b6efac289331b21ba137e0fffe76818b168a3e2aae8,33,moving_meeting_room
S1,4090,ieee_dataport/LoRa_RFFI-main/LoRa_RFFI/dataset/Test/channel_problem/moving_meeting_room.h5,467,,b307f529ace2d7e2ebfb2325a838c7ca515bdae8d5a87e07cd4bfc76bc755158,33,moving_meeting_room
S1,4091,ieee_dataport/LoRa_RFFI-main/LoRa_RFFI/dataset/Test/channel_problem/moving_meeting_room.h5,478,,b73e0ab34a1a8f923c076330b4ab69c60831b99d74e2a0da09f6a6c99623a58e,33,moving_meeting_room
S1,4092,ieee_dataport/LoRa_RFFI-main/LoRa_RFFI/dataset/Test/channel_problem/moving_meeting_room.h5,487,,d322ffeaca006ffbddc3574d6ac416f8fd90f589388add5c935827f1dd5dd731,33,moving_meeting_room
S1,4093,ieee_dataport/LoRa_RFFI-main/LoRa_RFFI/dataset/Test/channel_problem/moving_meeting_room.h5,492,,80b0ae4c07fb67c65b6fded374390edbd814f4fb32671d945f2be9cc7e98cc0d,33,moving_meeting_room
S1,4094,ieee_dataport/LoRa_RFFI-main/LoRa_RFFI/dataset/Test/channel_problem/moving_meeting_room.h5,493,,49b173b057d3be6219456feb4d5cf30cfd74adc947e3d5589db2003fdc5bc419,33,moving_meeting_room
S1,4095,ieee_dataport/LoRa_RFFI-main/LoRa_RFFI/dataset/Test/channel_problem/moving_meeting_room.h5,495,,c42da350fdd4f1017f8c9e5b161b7f1f6a6a356110c3ad5748191bf86c75040d,33,moving_meeting_room
S1,4096,ieee_dataport/LoRa_RFFI-main/LoRa_RFFI/dataset/Test/channel_problem/moving_meeting_room.h5,508,,1d13ebd3d76b69f53837ac6df096ffa5f16dbd5cab53be2fc2fca124e2e4311a,33,moving_meeting_room
S1,4097,ieee_dataport/LoRa_RFFI-main/LoRa_RFFI/dataset/Test/channel_problem/moving_meeting_room.h5,509,,dfac7e3ae4ebf6ca6b84488f2691d91856caa7df4c0b582361b9fbf4b74cc061,33,moving_meeting_room
S1,4098,ieee_dataport/LoRa_RFFI-main/LoRa_RFFI/dataset/Test/channel_problem/moving_meeting_room.h5,513,,01a8b06381823783edbed5c36d4c35365aa67ecf9d87877a19cd59fa951560e1,33,moving_meeting_room
S1,4099,ieee_dataport/LoRa_RFFI-main/LoRa_RFFI/dataset/Test/channel_problem/moving_meeting_room.h5,517,,fc95da4bc0d5e5cf1c23cf6532b52fb4623f1f93c7a071c3ac43e7a35279e209,33,moving_meeting_room
S1,4100,ieee_dataport/LoRa_RFFI-main/LoRa_RFFI/dataset/Test/channel_problem/moving_meeting_room.h5,518,,7dc8281f093a19061bf932bd64935e0f082a29866fbcea74c39fafafc2ebcb57,33,moving_meeting_room
S1,4101,ieee_dataport/LoRa_RFFI-main/LoRa_RFFI/dataset/Test/channel_problem/moving_meeting_room.h5,519,,5ca83bc05003248b465c908dd3e837b8ea3fd71a0705a8f49a29349891955d66,33,moving_meeting_room
S1,4102,ieee_dataport/LoRa_RFFI-main/LoRa_RFFI/dataset/Test/channel_problem/moving_meeting_room.h5,520,,79f0dc216462766480489ad11db59ebac9a6a6e1643123c0c483fe31081b0cde,33,moving_meeting_room
S1,4103,ieee_dataport/LoRa_RFFI-main/LoRa_RFFI/dataset/Test/channel_problem/moving_meeting_room.h5,521,,4c73bf1b12adb4c69659f71e28bb388e244997e985f214ff9c62a80e97abc144,33,moving_meeting_room
S1,4104,ieee_dataport/LoRa_RFFI-main/LoRa_RFFI/dataset/Test/channel_problem/moving_meeting_room.h5,522,,253eca7c15875ea45cb7792ca42455545b596a45ff714ce138d61a0c8c193004,33,moving_meeting_room
S1,4105,ieee_dataport/LoRa_RFFI-main/LoRa_RFFI/dataset/Test/channel_problem/moving_meeting_room.h5,539,,7820caedc4f4ccf53a7bed9a408b4f09d899ddd258ebb096f4c7aafa09ce41bf,33,moving_meeting_room
S1,4106,ieee_dataport/LoRa_RFFI-main/LoRa_RFFI/dataset/Test/channel_problem/moving_meeting_room.h5,543,,be94ea67cc788f35c60750311bb72cefac8677c95081ffb0ffca545cd3b9bda4,33,moving_meeting_room
S1,4107,ieee_dataport/LoRa_RFFI-main/LoRa_RFFI/dataset/Test/channel_problem/moving_meeting_room.h5,551,,19b8b925e6c03332e5cb0a1f0627c0000d730c60fb140dd1b0727fb7d6f3290f,33,moving_meeting_room
S1,4108,ieee_dataport/LoRa_RFFI-main/LoRa_RFFI/dataset/Test/channel_problem/moving_meeting_room.h5,563,,22c2ea72f09ba2921dbbf96706413a94d1af4123da0877210cbd94f726b0796f,33,moving_meeting_room
S1,4109,ieee_dataport/LoRa_RFFI-main/LoRa_RFFI/dataset/Test/channel_problem/moving_meeting_room.h5,565,,d9b36bc96a6aa3d0a61e2b63b5d8b8d17d92374fff6501ff8eab847b4daacff6,33,moving_meeting_room
S1,4110,ieee_dataport/LoRa_RFFI-main/LoRa_RFFI/dataset/Test/channel_problem/moving_meeting_room.h5,566,,b4f001956b1d183e8d3f5faac98f05aa5de4c318b36c34f1510343c9cc305790,33,moving_meeting_room
S1,4111,ieee_dataport/LoRa_RFFI-main/LoRa_RFFI/dataset/Test/channel_problem/moving_meeting_room.h5,567,,68fb7913d13b13a7d53fddfaec2b4e88d91e2eb76977f8335dbd94fd44f39163,33,moving_meeting_room
S1,4112,ieee_dataport/LoRa_RFFI-main/LoRa_RFFI/dataset/Test/channel_problem/moving_meeting_room.h5,569,,cd7259b5e7549191e79e271090e4884fae87802fce78ae085c5a02fbb419dac1,33,moving_meeting_room
S1,4113,ieee_dataport/LoRa_RFFI-main/LoRa_RFFI/dataset/Test/channel_problem/moving_meeting_room.h5,572,,b699f8af1ca2e56555ed5752452691baa1269193c6d340a903bc3160323b34fa,33,moving_meeting_room
S1,4114,ieee_dataport/LoRa_RFFI-main/LoRa_RFFI/dataset/Test/channel_problem/moving_meeting_room.h5,575,,07318ca50342be3832adac72189989e170ad9ed78c94ffb5b060db9775b20fb9,33,moving_meeting_room
S1,4115,ieee_dataport/LoRa_RFFI-main/LoRa_RFFI/dataset/Test/channel_problem/moving_meeting_room.h5,578,,802440e7a091400460537b8d59338f7616b4482016bb5875f20c241e70e1984b,33,moving_meeting_room
S1,4116,ieee_dataport/LoRa_RFFI-main/LoRa_RFFI/dataset/Test/channel_problem/moving_meeting_room.h5,587,,2dce37fb619bca3c32dbbd9912d56dd72f31a13458aed215b82355ff01246ab1,33,moving_meeting_room
S1,4117,ieee_dataport/LoRa_RFFI-main/LoRa_RFFI/dataset/Test/channel_problem/moving_meeting_room.h5,588,,a549c364d2e5470ae29263774c4b033eda41200d7045d0b1fad37fb4e82e2059,33,moving_meeting_room
S1,4118,ieee_dataport/LoRa_RFFI-main/LoRa_RFFI/dataset/Test/channel_problem/moving_meeting_room.h5,592,,934ea83d5a9d900adbd03e5864197fd158c29c480a90e271ee1bd686b40eeb9a,33,moving_meeting_room
S1,4119,ieee_dataport/LoRa_RFFI-main/LoRa_RFFI/dataset/Test/channel_problem/moving_meeting_room.h5,599,,705f2e2539072c728c50ad5737c1ade9f93a2ae9020c80fac0e0013c2464c0b3,33,moving_meeting_room
S1,4120,ieee_dataport/LoRa_RFFI-main/LoRa_RFFI/dataset/Test/channel_problem/moving_meeting_room.h5,603,,bd992a0344cae84f63e84322fc6b7a0dbbd6b707c9f2b00a0ac5e104189a0a7e,34,moving_meeting_room
S1,4121,ieee_dataport/LoRa_RFFI-main/LoRa_RFFI/dataset/Test/channel_problem/moving_meeting_room.h5,607,,39e60aa226671432e2966ddd885c4f61fd81fa8387902aeaeb35746d0b5bd1be,34,moving_meeting_room
S1,4122,ieee_dataport/LoRa_RFFI-main/LoRa_RFFI/dataset/Test/channel_problem/moving_meeting_room.h5,610,,de8d11739117cd7fee675ee521c4eccee0925f58037d35e92e74025bae458b92,34,moving_meeting_room
S1,4123,ieee_dataport/LoRa_RFFI-main/LoRa_RFFI/dataset/Test/channel_problem/moving_meeting_room.h5,611,,21b7083065c40e095c2d13a25118bf4725209822a2c3529d4a99df03493b9232,34,moving_meeting_room
S1,4124,ieee_dataport/LoRa_RFFI-main/LoRa_RFFI/dataset/Test/channel_problem/moving_meeting_room.h5,613,,76a56507f7cff478d3c0213fea13bc6ad844a9a018010816199338c23a4d3943,34,moving_meeting_room
S1,4125,ieee_dataport/LoRa_RFFI-main/LoRa_RFFI/dataset/Test/channel_problem/moving_meeting_room.h5,616,,b013891487c336265ae29ec76b866c45fbb2d8682d3686da366715c104c9c340,34,moving_meeting_room
S1,4126,ieee_dataport/LoRa_RFFI-main/LoRa_RFFI/dataset/Test/channel_problem/moving_meeting_room.h5,617,,ecb0fada088a41089bd3499973e2d5de91ce7d272f202d593d0a583b3ea69d2e,34,moving_meeting_room
S1,4127,ieee_dataport/LoRa_RFFI-main/LoRa_RFFI/dataset/Test/channel_problem/moving_meeting_room.h5,627,,681637aaf6ccb4525c7561e659e9f4b9ded0b7fee9679f2d0eaba90c5e776234,34,moving_meeting_room
S1,4128,ieee_dataport/LoRa_RFFI-main/LoRa_RFFI/dataset/Test/channel_problem/moving_meeting_room.h5,630,,1802c392123564ab7f044b600574699cff83cd0ec51037c150454645fd604cd6,34,moving_meeting_room
S1,4129,ieee_dataport/LoRa_RFFI-main/LoRa_RFFI/dataset/Test/channel_problem/moving_meeting_room.h5,636,,e2115bf45e072b1957ae7c74636fa1294bdbf5c5726fccde4d9f03e4c88ef700,34,moving_meeting_room
S1,4130,ieee_dataport/LoRa_RFFI-main/LoRa_RFFI/dataset/Test/channel_problem/moving_meeting_room.h5,640,,113752b0bed5a8a3b9be5ecc12b54fca7bf7f7fdc2a185d2dec62fb6da5c52d0,34,moving_meeting_room
S1,4131,ieee_dataport/LoRa_RFFI-main/LoRa_RFFI/dataset/Test/channel_problem/moving_meeting_room.h5,645,,815c70ed83ce007d1994f0d4d7575b40f50a9ab166e14f692d799483c8754d54,34,moving_meeting_room
S1,4132,ieee_dataport/LoRa_RFFI-main/LoRa_RFFI/dataset/Test/channel_problem/moving_meeting_room.h5,647,,b77c2b9d2752fc7c0146e1a5ac6be13dfbd4442bba260d5caad7efdea1484b49,34,moving_meeting_room
S1,4133,ieee_dataport/LoRa_RFFI-main/LoRa_RFFI/dataset/Test/channel_problem/moving_meeting_room.h5,649,,43f4b8eaccf147b54eeac0cfe687ff7ba7f5cf2925a65f007577ef7e930ee6ae,34,moving_meeting_room
S1,4134,ieee_dataport/LoRa_RFFI-main/LoRa_RFFI/dataset/Test/channel_problem/moving_meeting_room.h5,650,,72b3c6e0241c585211403b991b32bf686490431cce391d9d81202905914466da,34,moving_meeting_room
S1,4135,ieee_dataport/LoRa_RFFI-main/LoRa_RFFI/dataset/Test/channel_problem/moving_meeting_room.h5,667,,ffe52c730cc128f3859c5925c9474b14ea3cbdb8fee96df4b4d7169cd7ba4250,34,moving_meeting_room
S1,4136,ieee_dataport/LoRa_RFFI-main/LoRa_RFFI/dataset/Test/channel_problem/moving_meeting_room.h5,670,,993dde84958b379af3df0e86395e3fdb5c8359d080fdb0d7d588c241a7e10dde,34,moving_meeting_room
S1,4137,ieee_dataport/LoRa_RFFI-main/LoRa_RFFI/dataset/Test/channel_problem/moving_meeting_room.h5,671,,bd28ef1775309003d9e2171ce4fc044f24dadec849d641a44141b55c15f6ecc1,34,moving_meeting_room
S1,4138,ieee_dataport/LoRa_RFFI-main/LoRa_RFFI/dataset/Test/channel_problem/moving_meeting_room.h5,672,,68439c32f24b9135c697fd5e57284e7211a5558f8dc2b49f4f529e0e011f7745,34,moving_meeting_room
S1,4139,ieee_dataport/LoRa_RFFI-main/LoRa_RFFI/dataset/Test/channel_problem/moving_meeting_room.h5,673,,7f5433ec03bd56d31bf8ada8f9dfa7d194f676bdf54ba529976b8d6e2bda6df8,34,moving_meeting_room
S1,4140,ieee_dataport/LoRa_RFFI-main/LoRa_RFFI/dataset/Test/channel_problem/moving_meeting_room.h5,675,,622a7b8b1cf526c9c4590920502d4a42b48e223ec986344f014fe2646134d733,34,moving_meeting_room
S1,4141,ieee_dataport/LoRa_RFFI-main/LoRa_RFFI/dataset/Test/channel_problem/moving_meeting_room.h5,680,,2d16a979154a827ea6be870ce6a07fa1cc92fa72b4afbc34022f8463758c1e7f,34,moving_meeting_room
S1,4142,ieee_dataport/LoRa_RFFI-main/LoRa_RFFI/dataset/Test/channel_problem/moving_meeting_room.h5,688,,123e03698e19fea82c02a8c9e3293d07f38f514f098bb88b3d2da3fc2c94584c,34,moving_meeting_room
S1,4143,ieee_dataport/LoRa_RFFI-main/LoRa_RFFI/dataset/Test/channel_problem/moving_meeting_room.h5,698,,8883ca86954780a696cf2abe3eba1a014cd33273f29bcec462823346e5b99aad,34,moving_meeting_room
S1,4144,ieee_dataport/LoRa_RFFI-main/LoRa_RFFI/dataset/Test/channel_problem/moving_meeting_room.h5,699,,c2d78109ec6eed98491941a7855f82be35c025d33b267469e614f15ffe098710,34,moving_meeting_room
S1,4145,ieee_dataport/LoRa_RFFI-main/LoRa_RFFI/dataset/Test/channel_problem/moving_meeting_room.h5,728,,1f2a086556f04fca8e0f72138450e0f92614ff61aece969d4b12cb28ce4c942d,34,moving_meeting_room
S1,4146,ieee_dataport/LoRa_RFFI-main/LoRa_RFFI/dataset/Test/channel_problem/moving_meeting_room.h5,729,,30644741f257848578431c7f82e9aed84e4b7a441d26220e561a11d84215851f,34,moving_meeting_room
S1,4147,ieee_dataport/LoRa_RFFI-main/LoRa_RFFI/dataset/Test/channel_problem/moving_meeting_room.h5,753,,8bd2ba37295f91214b1cffb5fce9fc2868f99c815483fae616d15fa29d1c8e33,34,moving_meeting_room
S1,4148,ieee_dataport/LoRa_RFFI-main/LoRa_RFFI/dataset/Test/channel_problem/moving_meeting_room.h5,755,,136d10c338915c7806d2037b0fd3d0aac31adf65c23f7acc187feb565018432c,34,moving_meeting_room
S1,4149,ieee_dataport/LoRa_RFFI-main/LoRa_RFFI/dataset/Test/channel_problem/moving_meeting_room.h5,760,,fb42552718be8a81fca7390e4d1659363837134ba34a5f0aa6a0aef58b306a2f,34,moving_meeting_room
S1,4150,ieee_dataport/LoRa_RFFI-main/LoRa_RFFI/dataset/Test/channel_problem/moving_meeting_room.h5,765,,54a5d545067c23ee8517409d3a4e8c28b874174da0b5f62d328e766d0347c383,34,moving_meeting_room
S1,4151,ieee_dataport/LoRa_RFFI-main/LoRa_RFFI/dataset/Test/channel_problem/moving_meeting_room.h5,767,,1ee13a3e308813f0407ea4a6b188ec804423b7be652c22046cb2ac686edb403f,34,moving_meeting_room
S1,4152,ieee_dataport/LoRa_RFFI-main/LoRa_RFFI/dataset/Test/channel_problem/moving_meeting_room.h5,769,,9799ec20892f9077a1d155821541d6ee9a89c908fee8e40e35178a7043f79c65,34,moving_meeting_room
S1,4153,ieee_dataport/LoRa_RFFI-main/LoRa_RFFI/dataset/Test/channel_problem/moving_meeting_room.h5,771,,dcae062002ac37dcd176f17f03251a3a0ca0271d6932e55a8409abc7b140ad74,34,moving_meeting_room
S1,4154,ieee_dataport/LoRa_RFFI-main/LoRa_RFFI/dataset/Test/channel_problem/moving_meeting_room.h5,774,,027380d7cb1c8e5f1c76c1ec1c5b50e0d6abd20d92021aba980e14942d8ec7e7,34,moving_meeting_room
S1,4155,ieee_dataport/LoRa_RFFI-main/LoRa_RFFI/dataset/Test/channel_problem/moving_meeting_room.h5,775,,1d8b911a7025222e340aa419c0130c010a99b0a10e8996a8a8432de73cbb6d24,34,moving_meeting_room
S1,4156,ieee_dataport/LoRa_RFFI-main/LoRa_RFFI/dataset/Test/channel_problem/moving_meeting_room.h5,778,,b0f0aa2cc2438fbe19957030bffc0a8a3c7c84267b0c80025e7bd28ab5ae70f4,34,moving_meeting_room
S1,4157,ieee_dataport/LoRa_RFFI-main/LoRa_RFFI/dataset/Test/channel_problem/moving_meeting_room.h5,782,,dfdc469681d4775ab24c14f990f68de039cb508aae29044aed494f29c551b5f7,34,moving_meeting_room
S1,4158,ieee_dataport/LoRa_RFFI-main/LoRa_RFFI/dataset/Test/channel_problem/moving_meeting_room.h5,784,,bc4c93609e9e002ea10217afeac76c72c50008306efcb7bf8e585ed0a8359900,34,moving_meeting_room
S1,4159,ieee_dataport/LoRa_RFFI-main/LoRa_RFFI/dataset/Test/channel_problem/moving_meeting_room.h5,792,,12dfd4131f7325f21348d2771bfed99b4ddbf9ee74e4c50ddb20003325661549,34,moving_meeting_room
S1,4160,ieee_dataport/LoRa_RFFI-main/LoRa_RFFI/dataset/Test/channel_problem/moving_meeting_room.h5,802,,19cd2760defa0026097a2cd1166c8c988ddb8e58242db2cf61527814bd8f1c63,35,moving_meeting_room
S1,4161,ieee_dataport/LoRa_RFFI-main/LoRa_RFFI/dataset/Test/channel_problem/moving_meeting_room.h5,836,,ad1a821a094b64f432aa10e99e89829bbd22c296983f717ed88f0b92b888c214,35,moving_meeting_room
S1,4162,ieee_dataport/LoRa_RFFI-main/LoRa_RFFI/dataset/Test/channel_problem/moving_meeting_room.h5,838,,995dc20eef58b27cc413009f7d1681794860a6c3d186f5b10999f03c3c8f3c24,35,moving_meeting_room
S1,4163,ieee_dataport/LoRa_RFFI-main/LoRa_RFFI/dataset/Test/channel_problem/moving_meeting_room.h5,842,,39a262a3bb2fee774c8522ed78d5fdd9c8081e5fd5ec482076a8d605a10c704e,35,moving_meeting_room
S1,4164,ieee_dataport/LoRa_RFFI-main/LoRa_RFFI/dataset/Test/channel_problem/moving_meeting_room.h5,845,,68b3118aa0a82a199dcbc83bc5d6b72cb65b829820ff5b35312ad2f87dbbf7fe,35,moving_meeting_room
S1,4165,ieee_dataport/LoRa_RFFI-main/LoRa_RFFI/dataset/Test/channel_problem/moving_meeting_room.h5,855,,00ddb78547ebce44719e28c1ac1e529589c08cc6b16e23514e126fef372c22a6,35,moving_meeting_room
S1,4166,ieee_dataport/LoRa_RFFI-main/LoRa_RFFI/dataset/Test/channel_problem/moving_meeting_room.h5,859,,3ea282858daaf113dd0eb35b1447266c01df73881080721c90ef3773b87d238b,35,moving_meeting_room
S1,4167,ieee_dataport/LoRa_RFFI-main/LoRa_RFFI/dataset/Test/channel_problem/moving_meeting_room.h5,861,,947eacb2d85c4ef194af6652cb45555b3afb37987e830b6b01136571cc7cc8c3,35,moving_meeting_room
S1,4168,ieee_dataport/LoRa_RFFI-main/LoRa_RFFI/dataset/Test/channel_problem/moving_meeting_room.h5,863,,9522b47f9dd82b3366de944311ab1313ff63ea054905158bb71156b8ad42e76b,35,moving_meeting_room
S1,4169,ieee_dataport/LoRa_RFFI-main/LoRa_RFFI/dataset/Test/channel_problem/moving_meeting_room.h5,866,,2b10993a945d70e8cda6a3413d03108ffd6cfbfd922d2bffca4690fd88d7619d,35,moving_meeting_room
S1,4170,ieee_dataport/LoRa_RFFI-main/LoRa_RFFI/dataset/Test/channel_problem/moving_meeting_room.h5,871,,b0fcf83697e87b41da3baf7fb9a435310e6994e0dd56d665d8a214aef9a38a67,35,moving_meeting_room
S1,4171,ieee_dataport/LoRa_RFFI-main/LoRa_RFFI/dataset/Test/channel_problem/moving_meeting_room.h5,872,,6b4e669d3f498f8d906eb81fa4c212bd55b9c4d65bce8000074983c4bfbfb453,35,moving_meeting_room
S1,4172,ieee_dataport/LoRa_RFFI-main/LoRa_RFFI/dataset/Test/channel_problem/moving_meeting_room.h5,876,,6aeceb0962fbe93368f60bfe0fa63ca82cd4a0c10913eb7c8b6111b8042f53ba,35,moving_meeting_room
S1,4173,ieee_dataport/LoRa_RFFI-main/LoRa_RFFI/dataset/Test/channel_problem/moving_meeting_room.h5,879,,c84775d0bacd01a046f9ee31cecd0257bf713ca9682eae6bb0dbcbdb1ee11236,35,moving_meeting_room
S1,4174,ieee_dataport/LoRa_RFFI-main/LoRa_RFFI/dataset/Test/channel_problem/moving_meeting_room.h5,888,,404931ee7af23a4e2b99ee440968b8abe68266995278cbce2ec84a97aab250ea,35,moving_meeting_room
S1,4175,ieee_dataport/LoRa_RFFI-main/LoRa_RFFI/dataset/Test/channel_problem/moving_meeting_room.h5,891,,8f51ad47fa971767f6a0efb4e14b36cc9907e69111aa54a82e932d0329ab24d8,35,moving_meeting_room
S1,4176,ieee_dataport/LoRa_RFFI-main/LoRa_RFFI/dataset/Test/channel_problem/moving_meeting_room.h5,895,,308c15db0feebb2c076c2e5f53cf674def376f14dddd3cf07a9d42f38e6566de,35,moving_meeting_room
S1,4177,ieee_dataport/LoRa_RFFI-main/LoRa_RFFI/dataset/Test/channel_problem/moving_meeting_room.h5,897,,afce7c9cfe5f863c9fd124b3fb1f35aed540c21fdf55719547f403c8457809bb,35,moving_meeting_room
S1,4178,ieee_dataport/LoRa_RFFI-main/LoRa_RFFI/dataset/Test/channel_problem/moving_meeting_room.h5,898,,62c4b1b3a61be18a691adbc08c66d5ca4906e802e1b126bbaa63e00d655f6cf0,35,moving_meeting_room
S1,4179,ieee_dataport/LoRa_RFFI-main/LoRa_RFFI/dataset/Test/channel_problem/moving_meeting_room.h5,907,,226d8a426d9c7111add140277350b213b5ac389d3a6e6aa8cdcccf922078901c,35,moving_meeting_room
S1,4180,ieee_dataport/LoRa_RFFI-main/LoRa_RFFI/dataset/Test/channel_problem/moving_meeting_room.h5,915,,1e3ccf7ab90343ee7db19fa622fbc2bc1e7a0f6258fb835b385ae18cfbf739c6,35,moving_meeting_room
S1,4181,ieee_dataport/LoRa_RFFI-main/LoRa_RFFI/dataset/Test/channel_problem/moving_meeting_room.h5,919,,2cdf0066b3179f680b5b6c46a908a5b2644007da8843093c33327dbc5e99d1ec,35,moving_meeting_room
S1,4182,ieee_dataport/LoRa_RFFI-main/LoRa_RFFI/dataset/Test/channel_problem/moving_meeting_room.h5,921,,e00f0664c5d77bf30ea4305deced79010ddd6d409159063b667fe090c64532e5,35,moving_meeting_room
S1,4183,ieee_dataport/LoRa_RFFI-main/LoRa_RFFI/dataset/Test/channel_problem/moving_meeting_room.h5,925,,2341651c319a87224fdb93cbf7de8ca452eeacb7e16d3f4c148a7fbbc81a3bb7,35,moving_meeting_room
S1,4184,ieee_dataport/LoRa_RFFI-main/LoRa_RFFI/dataset/Test/channel_problem/moving_meeting_room.h5,926,,651ebb2c89a0c8c3d40afd70ee06cbea00e56029c1aa5643fef8f426942a34b7,35,moving_meeting_room
S1,4185,ieee_dataport/LoRa_RFFI-main/LoRa_RFFI/dataset/Test/channel_problem/moving_meeting_room.h5,929,,580ea827a6af58060bbb76fc38d3313a9fba350d8bb912a73dd66063d032d6e4,35,moving_meeting_room
S1,4186,ieee_dataport/LoRa_RFFI-main/LoRa_RFFI/dataset/Test/channel_problem/moving_meeting_room.h5,938,,013e4889f246bf6c923fd08c4698f7276afd9963586a27381f21b6e360a02437,35,moving_meeting_room
S1,4187,ieee_dataport/LoRa_RFFI-main/LoRa_RFFI/dataset/Test/channel_problem/moving_meeting_room.h5,941,,8fb9cd53b7208786ec81ba0f6ddcdcaf174c5409d24ccf555f73f8950d2100a0,35,moving_meeting_room
S1,4188,ieee_dataport/LoRa_RFFI-main/LoRa_RFFI/dataset/Test/channel_problem/moving_meeting_room.h5,944,,9d81fbfe12dc126e573e2f73c8effc6ccd604a9f7eccebfb700adcd708c1ca22,35,moving_meeting_room
S1,4189,ieee_dataport/LoRa_RFFI-main/LoRa_RFFI/dataset/Test/channel_problem/moving_meeting_room.h5,946,,f7ccc9e6e9622cedcc9c1f0c7305fe9edf213a71affe82e4fae95b5dc751dd12,35,moving_meeting_room
S1,4190,ieee_dataport/LoRa_RFFI-main/LoRa_RFFI/dataset/Test/channel_problem/moving_meeting_room.h5,947,,c5c1840ca898b24e5a7081e7985a0d87291d82b7b0059a2993b67ee56383e1bf,35,moving_meeting_room
S1,4191,ieee_dataport/LoRa_RFFI-main/LoRa_RFFI/dataset/Test/channel_problem/moving_meeting_room.h5,952,,a9b51223e4a274605bd61d9a3600cf96048ce09cb41aca24f344db53d9587a8a,35,moving_meeting_room
S1,4192,ieee_dataport/LoRa_RFFI-main/LoRa_RFFI/dataset/Test/channel_problem/moving_meeting_room.h5,953,,1b66ffe1af0b94d4df38517fabcb1463eb19ac8da11ee49cda41ebb3ed8a2aea,35,moving_meeting_room
S1,4193,ieee_dataport/LoRa_RFFI-main/LoRa_RFFI/dataset/Test/channel_problem/moving_meeting_room.h5,959,,4823388c56c729c12965dedd7e413eeced80dc4bf1af7fe64b537b1b70285c3c,35,moving_meeting_room
S1,4194,ieee_dataport/LoRa_RFFI-main/LoRa_RFFI/dataset/Test/channel_problem/moving_meeting_room.h5,960,,78a46daa4b60ba6fe147ccab7c439567194c80171d365144ed08d42af4aae9ae,35,moving_meeting_room
S1,4195,ieee_dataport/LoRa_RFFI-main/LoRa_RFFI/dataset/Test/channel_problem/moving_meeting_room.h5,970,,af69d43d3484b79e387138db6d5f195890ce517b85a431f738c121bbb34ea3de,35,moving_meeting_room
S1,4196,ieee_dataport/LoRa_RFFI-main/LoRa_RFFI/dataset/Test/channel_problem/moving_meeting_room.h5,979,,9cda807a18ce05ca6e24f9ae68bf419b345add1b1beb943fcd77c1b23406e29a,35,moving_meeting_room
S1,4197,ieee_dataport/LoRa_RFFI-main/LoRa_RFFI/dataset/Test/channel_problem/moving_meeting_room.h5,980,,6cde5885c4c6bd1bda077c97a49f8fed2833c95506d48d6f603a51cc7ab1aa30,35,moving_meeting_room
S1,4198,ieee_dataport/LoRa_RFFI-main/LoRa_RFFI/dataset/Test/channel_problem/moving_meeting_room.h5,981,,be7acea9b89c0e1dd2cd206ca31abf6d4edeb1f7259c834f758f9640f2429993,35,moving_meeting_room
S1,4199,ieee_dataport/LoRa_RFFI-main/LoRa_RFFI/dataset/Test/channel_problem/moving_meeting_room.h5,995,,4afb7493b13a4d67a6e2450c7438377b8f7be5b2ef4e0d5a0fcefb5c0b58a375,35,moving_meeting_room
S1,4200,ieee_dataport/LoRa_RFFI-main/LoRa_RFFI/dataset/Test/channel_problem/moving_meeting_room.h5,1000,,0351fffb99d389ceb285fbf9fdb4613eb5e97fa48db0be4901a7fd1d79f572e3,36,moving_meeting_room
S1,4201,ieee_dataport/LoRa_RFFI-main/LoRa_RFFI/dataset/Test/channel_problem/moving_meeting_room.h5,1003,,583dd86fb863595c1dbb6196182a465b614f463bbcfab063220930c9d1d4a62f,36,moving_meeting_room
S1,4202,ieee_dataport/LoRa_RFFI-main/LoRa_RFFI/dataset/Test/channel_problem/moving_meeting_room.h5,1004,,36727068f6faf167ffc030c47cead022ce515bc07a6cef5cf7ff14794f58b484,36,moving_meeting_room
S1,4203,ieee_dataport/LoRa_RFFI-main/LoRa_RFFI/dataset/Test/channel_problem/moving_meeting_room.h5,1005,,451511b483ab0db9152c236ad1b705490a3e3aef1c22bbc1f1ff32595c2eaaa4,36,moving_meeting_room
S1,4204,ieee_dataport/LoRa_RFFI-main/LoRa_RFFI/dataset/Test/channel_problem/moving_meeting_room.h5,1007,,d0af8dd18cd3ab056ef25ff1c00b66f97702898c23861fcad79fbec427fb1c8c,36,moving_meeting_room
S1,4205,ieee_dataport/LoRa_RFFI-main/LoRa_RFFI/dataset/Test/channel_problem/moving_meeting_room.h5,1019,,4e8c4dae00b27a743cd095f2fd9c4bb7829eeeef4d76aae02b519e42a1cbf92d,36,moving_meeting_room
S1,4206,ieee_dataport/LoRa_RFFI-main/LoRa_RFFI/dataset/Test/channel_problem/moving_meeting_room.h5,1022,,ce0be153dbbda4a9aa1f1f0b4f0dd61a8fad8cc2a26eea1749b33cde586c2893,36,moving_meeting_room
S1,4207,ieee_dataport/LoRa_RFFI-main/LoRa_RFFI/dataset/Test/channel_problem/moving_meeting_room.h5,1023,,154618ead0ea0d2b641f2639f1373487a5ce4f745b85954e905034389d963825,36,moving_meeting_room
S1,4208,ieee_dataport/LoRa_RFFI-main/LoRa_RFFI/dataset/Test/channel_problem/moving_meeting_room.h5,1027,,a6b5bac34007b123f14dca680da32914ea029aea4133becfaa2e0020bebd84b7,36,moving_meeting_room
S1,4209,ieee_dataport/LoRa_RFFI-main/LoRa_RFFI/dataset/Test/channel_problem/moving_meeting_room.h5,1036,,02d07336f1c49cfd2700ea9abb0940c6fa206e72c850ae74e33843ba3411ce39,36,moving_meeting_room
S1,4210,ieee_dataport/LoRa_RFFI-main/LoRa_RFFI/dataset/Test/channel_problem/moving_meeting_room.h5,1051,,deed14c322333a0bae6ce406b73f4ed15b04da29d7e2b8cd4860defcb85835b3,36,moving_meeting_room
S1,4211,ieee_dataport/LoRa_RFFI-main/LoRa_RFFI/dataset/Test/channel_problem/moving_meeting_room.h5,1055,,f0ee4d0f1c6bd125745640704dffe77f1b319772a0870d095e824a3e061758d0,36,moving_meeting_room
S1,4212,ieee_dataport/LoRa_RFFI-main/LoRa_RFFI/dataset/Test/channel_problem/moving_meeting_room.h5,1068,,a0d5e8d355c2baced66060dfcdfc5581f8e934f3ad298b600578aea9309ff148,36,moving_meeting_room
S1,4213,ieee_dataport/LoRa_RFFI-main/LoRa_RFFI/dataset/Test/channel_problem/moving_meeting_room.h5,1069,,ef611c000c2e964a77bff4d47e9c2f58ef48f50d5d4f4f30c09cc6d8117199c9,36,moving_meeting_room
S1,4214,ieee_dataport/LoRa_RFFI-main/LoRa_RFFI/dataset/Test/channel_problem/moving_meeting_room.h5,1071,,a0ffa3af9972a295acc4e940c53facc9870b8e8ff7b08504d0aac5e28f5cbe0c,36,moving_meeting_room
S1,4215,ieee_dataport/LoRa_RFFI-main/LoRa_RFFI/dataset/Test/channel_problem/moving_meeting_room.h5,1073,,5b7a6dfb50053a1c8e1f1fd0cf2dadf793e7e53bde7b6c425d44d56efdb4c393,36,moving_meeting_room
S1,4216,ieee_dataport/LoRa_RFFI-main/LoRa_RFFI/dataset/Test/channel_problem/moving_meeting_room.h5,1087,,adc8078b1581ef41d452c27401f1b308b4a9a4048cb28c07bbcd0f78af06fe6c,36,moving_meeting_room
S1,4217,ieee_dataport/LoRa_RFFI-main/LoRa_RFFI/dataset/Test/channel_problem/moving_meeting_room.h5,1088,,840e2c0bba0d0f57d8cd69a6ccdf46e9ffb4968eeef5cb7513eafa015405e2c9,36,moving_meeting_room
S1,4218,ieee_dataport/LoRa_RFFI-main/LoRa_RFFI/dataset/Test/channel_problem/moving_meeting_room.h5,1090,,0d8fc6524fc93eb02babab236458bd5e3bfcb4c343989f4b9a1d2333fc22619f,36,moving_meeting_room
S1,4219,ieee_dataport/LoRa_RFFI-main/LoRa_RFFI/dataset/Test/channel_problem/moving_meeting_room.h5,1094,,81cf3ef40357fb10a52380bb0c03181e31b8342046e1ab072a595d7a04732d1b,36,moving_meeting_room
S1,4220,ieee_dataport/LoRa_RFFI-main/LoRa_RFFI/dataset/Test/channel_problem/moving_meeting_room.h5,1095,,4857ede8cf127846b1656184c17b40e6bf2dee97b95b807c87b84067e418f324,36,moving_meeting_room
S1,4221,ieee_dataport/LoRa_RFFI-main/LoRa_RFFI/dataset/Test/channel_problem/moving_meeting_room.h5,1101,,a40ffd03cda64541a11a2d8f8bb00ebf4f46aa89a0326c4308d527cb86bb77aa,36,moving_meeting_room
S1,4222,ieee_dataport/LoRa_RFFI-main/LoRa_RFFI/dataset/Test/channel_problem/moving_meeting_room.h5,1103,,a5065b3b55e1cac94040b449b7e835464d4b768a8c620f7bd5602d5715eabc6d,36,moving_meeting_room
S1,4223,ieee_dataport/LoRa_RFFI-main/LoRa_RFFI/dataset/Test/channel_problem/moving_meeting_room.h5,1109,,fcea8b9a18f1d2af4d47032654b66acaaae2c9bfd24d5b8c7accea7988581822,36,moving_meeting_room
S1,4224,ieee_dataport/LoRa_RFFI-main/LoRa_RFFI/dataset/Test/channel_problem/moving_meeting_room.h5,1111,,7ffa9e2375fbad4ce8ba937dd9385ad524025566bdaf5975ce4eb4be6445a594,36,moving_meeting_room
S1,4225,ieee_dataport/LoRa_RFFI-main/LoRa_RFFI/dataset/Test/channel_problem/moving_meeting_room.h5,1112,,e104b35b54119e080479152c7cce40f4c06502a8ca08d74bb3a33349f2735123,36,moving_meeting_room
S1,4226,ieee_dataport/LoRa_RFFI-main/LoRa_RFFI/dataset/Test/channel_problem/moving_meeting_room.h5,1121,,a02bcd078bccfb80fd6e73e27e38a512a2b190d39026ec6b15f3f3b898fe8ee9,36,moving_meeting_room
S1,4227,ieee_dataport/LoRa_RFFI-main/LoRa_RFFI/dataset/Test/channel_problem/moving_meeting_room.h5,1128,,f22b504512bbd355dd0285b1164c5a2c0e8f7711eb26bf5ebfaa23e716addd6b,36,moving_meeting_room
S1,4228,ieee_dataport/LoRa_RFFI-main/LoRa_RFFI/dataset/Test/channel_problem/moving_meeting_room.h5,1130,,c6d8baed75c5cb3549c090ad2306b69da110890d2bcea5e803f7ab2f2909f517,36,moving_meeting_room
S1,4229,ieee_dataport/LoRa_RFFI-main/LoRa_RFFI/dataset/Test/channel_problem/moving_meeting_room.h5,1131,,636f4f97c6f9a5dcd6e77b88039d9c25f912e3ebae6d3cd01729c7c7f67cc149,36,moving_meeting_room
S1,4230,ieee_dataport/LoRa_RFFI-main/LoRa_RFFI/dataset/Test/channel_problem/moving_meeting_room.h5,1133,,eceaa11785cb744c85269acc1b7548fc18b35305fcedf852971f53e3d22f87ad,36,moving_meeting_room
S1,4231,ieee_dataport/LoRa_RFFI-main/LoRa_RFFI/dataset/Test/channel_problem/moving_meeting_room.h5,1149,,cdc37bb324a3128506b1488a277da669641480edcb66d76a872480aefd094743,36,moving_meeting_room
S1,4232,ieee_dataport/LoRa_RFFI-main/LoRa_RFFI/dataset/Test/channel_problem/moving_meeting_room.h5,1160,,743ee339d480e63770024e2ef74912edfe4d578f7ddc93fc3b12f4204e9d2b48,36,moving_meeting_room
S1,4233,ieee_dataport/LoRa_RFFI-main/LoRa_RFFI/dataset/Test/channel_problem/moving_meeting_room.h5,1163,,f7e154359bad5c4895a7169e931aeada902ed68783a0e735db44ff0478620e05,36,moving_meeting_room
S1,4234,ieee_dataport/LoRa_RFFI-main/LoRa_RFFI/dataset/Test/channel_problem/moving_meeting_room.h5,1166,,7ab1a947e0390833ec4251a19a172badca09f0b5a30d88be1ba4d3fde2cd3b47,36,moving_meeting_room
S1,4235,ieee_dataport/LoRa_RFFI-main/LoRa_RFFI/dataset/Test/channel_problem/moving_meeting_room.h5,1167,,69af0756bbc2177d83ba8237b3dacdc1acb7bc9279d8c27818f358dc42f79279,36,moving_meeting_room
S1,4236,ieee_dataport/LoRa_RFFI-main/LoRa_RFFI/dataset/Test/channel_problem/moving_meeting_room.h5,1172,,d08f0a296ecec66c55d7534c18b710ca3296af5f0feac8d548e0eaccbfc37f9a,36,moving_meeting_room
S1,4237,ieee_dataport/LoRa_RFFI-main/LoRa_RFFI/dataset/Test/channel_problem/moving_meeting_room.h5,1174,,a674a3af5cfe10745c5b2c7fa711d7c97c349461f3470812a27764afce58d935,36,moving_meeting_room
S1,4238,ieee_dataport/LoRa_RFFI-main/LoRa_RFFI/dataset/Test/channel_problem/moving_meeting_room.h5,1179,,111b3878b57d7539b12d0605b4bc980400adaafb8a33f8ca21f59096527772e8,36,moving_meeting_room
S1,4239,ieee_dataport/LoRa_RFFI-main/LoRa_RFFI/dataset/Test/channel_problem/moving_meeting_room.h5,1185,,6151394dd9b67f356c59666b0372abc5714c8742473c578e41b9668be6cf1ca6,36,moving_meeting_room
S1,4240,ieee_dataport/LoRa_RFFI-main/LoRa_RFFI/dataset/Test/channel_problem/moving_meeting_room.h5,1200,,4e191a0ab3921a9249a35eafd3467a62f04a3f9fe0d78ef44079eb7afba4eb8a,37,moving_meeting_room
S1,4241,ieee_dataport/LoRa_RFFI-main/LoRa_RFFI/dataset/Test/channel_problem/moving_meeting_room.h5,1205,,b7cc7538917d6bb71d8e1897ef48895885dc7e876365c2ad8ceb194461ae26a4,37,moving_meeting_room
S1,4242,ieee_dataport/LoRa_RFFI-main/LoRa_RFFI/dataset/Test/channel_problem/moving_meeting_room.h5,1206,,a70c778c63f2329f7683a1e5fe2a2a9a583eb91c7436dba47ee788527cdbb2ea,37,moving_meeting_room
S1,4243,ieee_dataport/LoRa_RFFI-main/LoRa_RFFI/dataset/Test/channel_problem/moving_meeting_room.h5,1211,,7d44eede7022eadc3619edc766e19ac9b3aa0bb276bdad65a02d396f4ece79f6,37,moving_meeting_room
S1,4244,ieee_dataport/LoRa_RFFI-main/LoRa_RFFI/dataset/Test/channel_problem/moving_meeting_room.h5,1213,,af2c49d3a2617d933265705cb5bab49c4be2474281ac47aa234c04467d71de22,37,moving_meeting_room
S1,4245,ieee_dataport/LoRa_RFFI-main/LoRa_RFFI/dataset/Test/channel_problem/moving_meeting_room.h5,1214,,67738feca11db79795285f825a62fb949dd34f331b8fa7c7d94d4a664e4adfe6,37,moving_meeting_room
S1,4246,ieee_dataport/LoRa_RFFI-main/LoRa_RFFI/dataset/Test/channel_problem/moving_meeting_room.h5,1220,,3933079625b383a88a015f75b7a2a950c5f4d775adc6824976e2029895753500,37,moving_meeting_room
S1,4247,ieee_dataport/LoRa_RFFI-main/LoRa_RFFI/dataset/Test/channel_problem/moving_meeting_room.h5,1230,,7bd5b83dcc711b1466f7618f9ceeb1e3a32253a8cadbab4682698b8ba78d5c14,37,moving_meeting_room
S1,4248,ieee_dataport/LoRa_RFFI-main/LoRa_RFFI/dataset/Test/channel_problem/moving_meeting_room.h5,1239,,187152b18ed1c0d4ffedf4499078089e18661c9cae33272179debd26c5aedd51,37,moving_meeting_room
S1,4249,ieee_dataport/LoRa_RFFI-main/LoRa_RFFI/dataset/Test/channel_problem/moving_meeting_room.h5,1240,,436ff5e1212eddb6c5567f1cf825e15198844ff16581719c62d350d7df062d83,37,moving_meeting_room
S1,4250,ieee_dataport/LoRa_RFFI-main/LoRa_RFFI/dataset/Test/channel_problem/moving_meeting_room.h5,1241,,6ec5144d9704afb3581e382103e87411a0af448290ef5cdbcafd78a2bfbbe586,37,moving_meeting_room
S1,4251,ieee_dataport/LoRa_RFFI-main/LoRa_RFFI/dataset/Test/channel_problem/moving_meeting_room.h5,1243,,a41a146859f18de527e0d5870fc25749fd989fd6f6950078d1535b51daedff90,37,moving_meeting_room
S1,4252,ieee_dataport/LoRa_RFFI-main/LoRa_RFFI/dataset/Test/channel_problem/moving_meeting_room.h5,1253,,c0d82c7aa0e755ee953a16a8b51754f824b51cd5bbfee967311d36e9b403ff74,37,moving_meeting_room
S1,4253,ieee_dataport/LoRa_RFFI-main/LoRa_RFFI/dataset/Test/channel_problem/moving_meeting_room.h5,1257,,ba4a3ef5e65b07b336253f1cdb5c4e22b4dea6bc00eb25d815e46a9580f7fbaf,37,moving_meeting_room
S1,4254,ieee_dataport/LoRa_RFFI-main/LoRa_RFFI/dataset/Test/channel_problem/moving_meeting_room.h5,1276,,94ca5bfe441636f7479c2a33c9bebaf1e056e7b9d47e4ff0deb679b49fabe86d,37,moving_meeting_room
S1,4255,ieee_dataport/LoRa_RFFI-main/LoRa_RFFI/dataset/Test/channel_problem/moving_meeting_room.h5,1279,,f64cc07458e24378806a5f145613fd13d37dbb9cccc35abaf9d279508f74074d,37,moving_meeting_room
S1,4256,ieee_dataport/LoRa_RFFI-main/LoRa_RFFI/dataset/Test/channel_problem/moving_meeting_room.h5,1281,,a24bc22e339a09386cfc35f0f42483d7ad112732a867015e9aaa56ad933950b7,37,moving_meeting_room
S1,4257,ieee_dataport/LoRa_RFFI-main/LoRa_RFFI/dataset/Test/channel_problem/moving_meeting_room.h5,1282,,ee10aa4abed56b47abf6cf0c5e4222a6e055916f234513af6330a8f9ac31ec86,37,moving_meeting_room
S1,4258,ieee_dataport/LoRa_RFFI-main/LoRa_RFFI/dataset/Test/channel_problem/moving_meeting_room.h5,1287,,b09003576f133060b1ee873228d8af98af2f12b9ac989aee6572aa739632fb43,37,moving_meeting_room
S1,4259,ieee_dataport/LoRa_RFFI-main/LoRa_RFFI/dataset/Test/channel_problem/moving_meeting_room.h5,1289,,41487b6f3941c7219817aa420eb3856a5fa99f6b824fcfde1c91bbd7878c950e,37,moving_meeting_room
S1,4260,ieee_dataport/LoRa_RFFI-main/LoRa_RFFI/dataset/Test/channel_problem/moving_meeting_room.h5,1302,,2aa7716bef291e2210966411cc53ac8e491264868b1fe1996e06f7a0fcaaaaea,37,moving_meeting_room
S1,4261,ieee_dataport/LoRa_RFFI-main/LoRa_RFFI/dataset/Test/channel_problem/moving_meeting_room.h5,1307,,391a140db6ac989a7553f2049e2c4f0603dad69a8c2f00d38c599c219820488c,37,moving_meeting_room
S1,4262,ieee_dataport/LoRa_RFFI-main/LoRa_RFFI/dataset/Test/channel_problem/moving_meeting_room.h5,1310,,b83b77e34634e5fd40408c1595a99b106515318dd3ce30f47e2516d434f46a9c,37,moving_meeting_room
S1,4263,ieee_dataport/LoRa_RFFI-main/LoRa_RFFI/dataset/Test/channel_problem/moving_meeting_room.h5,1311,,c8d07195a7da6c5d6e0ecce1b736e0b296a1646da98c1ebc8ff796979fd5a5e6,37,moving_meeting_room
S1,4264,ieee_dataport/LoRa_RFFI-main/LoRa_RFFI/dataset/Test/channel_problem/moving_meeting_room.h5,1314,,4d869680b6a3865029d57750cff4e8089a360e218fe787de218191b5f29b436b,37,moving_meeting_room
S1,4265,ieee_dataport/LoRa_RFFI-main/LoRa_RFFI/dataset/Test/channel_problem/moving_meeting_room.h5,1317,,6b2a02c0ae1206bc2c06e86268d696e9477f2397200ebf0a7efa589723aeeb32,37,moving_meeting_room
S1,4266,ieee_dataport/LoRa_RFFI-main/LoRa_RFFI/dataset/Test/channel_problem/moving_meeting_room.h5,1326,,dc3b0ff1ddda10efe29e9ff0dedb7ee70535b22c6b42affd544c04c064aa94cd,37,moving_meeting_room
S1,4267,ieee_dataport/LoRa_RFFI-main/LoRa_RFFI/dataset/Test/channel_problem/moving_meeting_room.h5,1328,,73efe173651d3c3e6ce74eb72112c17a92af0f74b1365c408757ce2b83e12c40,37,moving_meeting_room
S1,4268,ieee_dataport/LoRa_RFFI-main/LoRa_RFFI/dataset/Test/channel_problem/moving_meeting_room.h5,1332,,ab01fa871616d350b01a989edd7624f6fdeed1493b76b5ab0232c2d878f54756,37,moving_meeting_room
S1,4269,ieee_dataport/LoRa_RFFI-main/LoRa_RFFI/dataset/Test/channel_problem/moving_meeting_room.h5,1352,,2871668f4632c671cc297997d92642144dd604fd3ae37acf7b0c360faaed136e,37,moving_meeting_room
S1,4270,ieee_dataport/LoRa_RFFI-main/LoRa_RFFI/dataset/Test/channel_problem/moving_meeting_room.h5,1354,,fd672a7bc34d7bd2d150b8292d150b75836ed7cdb9d3361fd03bbd0ae74d766d,37,moving_meeting_room
S1,4271,ieee_dataport/LoRa_RFFI-main/LoRa_RFFI/dataset/Test/channel_problem/moving_meeting_room.h5,1357,,cf6805dbeb7a9addb7bcdf8c975cdcaeebba3009b3809bc7199a131e6d31f77d,37,moving_meeting_room
S1,4272,ieee_dataport/LoRa_RFFI-main/LoRa_RFFI/dataset/Test/channel_problem/moving_meeting_room.h5,1364,,ccfb49283a3f63e52f8364dda061f564a3e6452502ebedcc86e4f4621323bcd1,37,moving_meeting_room
S1,4273,ieee_dataport/LoRa_RFFI-main/LoRa_RFFI/dataset/Test/channel_problem/moving_meeting_room.h5,1365,,9d489d0b7b6707ee881a84903f97ba338f0ee098cebccf5225608ef37b41051e,37,moving_meeting_room
S1,4274,ieee_dataport/LoRa_RFFI-main/LoRa_RFFI/dataset/Test/channel_problem/moving_meeting_room.h5,1370,,ad2784d69340f4f051d3a39f6bf3f39fb17c18b6d04a14984b962d5a263fcd2c,37,moving_meeting_room
S1,4275,ieee_dataport/LoRa_RFFI-main/LoRa_RFFI/dataset/Test/channel_problem/moving_meeting_room.h5,1373,,c1ded3471dd273297777954da729669b1f064c34b4968996fac17e2acfdcd8f8,37,moving_meeting_room
S1,4276,ieee_dataport/LoRa_RFFI-main/LoRa_RFFI/dataset/Test/channel_problem/moving_meeting_room.h5,1388,,36aa02259041e0588720c3ba9352e1dab55953ab20797c053a15c6cedb40f969,37,moving_meeting_room
S1,4277,ieee_dataport/LoRa_RFFI-main/LoRa_RFFI/dataset/Test/channel_problem/moving_meeting_room.h5,1389,,feb17c74a8b2a35d5d1e35595825d4ebb3503b34a0676a04a963de1e9bb50d92,37,moving_meeting_room
S1,4278,ieee_dataport/LoRa_RFFI-main/LoRa_RFFI/dataset/Test/channel_problem/moving_meeting_room.h5,1394,,f93370547fb72484501174b1bd05b8f07b10f8fb2145884b3bfc4a4865137e2d,37,moving_meeting_room
S1,4279,ieee_dataport/LoRa_RFFI-main/LoRa_RFFI/dataset/Test/channel_problem/moving_meeting_room.h5,1396,,72b325fb210ad23ba36cdaef8527658a54d96b4a1fefcb07e62e0f1b705ac402,37,moving_meeting_room
S1,4280,ieee_dataport/LoRa_RFFI-main/LoRa_RFFI/dataset/Test/channel_problem/moving_meeting_room.h5,1409,,a53807b05ec35bf55394c66d0d3f4e0776c0c56a7afd6f0c1ab8c6153f85abb6,38,moving_meeting_room
S1,4281,ieee_dataport/LoRa_RFFI-main/LoRa_RFFI/dataset/Test/channel_problem/moving_meeting_room.h5,1411,,48559aa9700ed77b1263f5411cd653331649ed1e0fbf647d91fa383872bcf8f6,38,moving_meeting_room
S1,4282,ieee_dataport/LoRa_RFFI-main/LoRa_RFFI/dataset/Test/channel_problem/moving_meeting_room.h5,1415,,92446971964331b7453d008c19d9fdf7bac8a40fe356534a0caff565c66a37e2,38,moving_meeting_room
S1,4283,ieee_dataport/LoRa_RFFI-main/LoRa_RFFI/dataset/Test/channel_problem/moving_meeting_room.h5,1427,,e6f345fbbb1951fffc27b450a3fd837f9438e5003f0d1c3ca9cb77a79ad6a629,38,moving_meeting_room
S1,4284,ieee_dataport/LoRa_RFFI-main/LoRa_RFFI/dataset/Test/channel_problem/moving_meeting_room.h5,1429,,09b48d02d3afed6f53075b55ea9a7c822d48289e2c795217ec2d6a35a80c7ff3,38,moving_meeting_room
S1,4285,ieee_dataport/LoRa_RFFI-main/LoRa_RFFI/dataset/Test/channel_problem/moving_meeting_room.h5,1445,,d9a4cd96a84cd4b01221e42e5b85c94f7e0efca0e037ee624dafc4877ed5cede,38,moving_meeting_room
S1,4286,ieee_dataport/LoRa_RFFI-main/LoRa_RFFI/dataset/Test/channel_problem/moving_meeting_room.h5,1446,,0c284632b19951001ebe68c7b223c8825e4b3c20ba3c9b67ed80d95c9c3e2748,38,moving_meeting_room
S1,4287,ieee_dataport/LoRa_RFFI-main/LoRa_RFFI/dataset/Test/channel_problem/moving_meeting_room.h5,1449,,dd36f2d2f9c1c1e5cdfb1e2b4ba3aa990fffbfeef16287ec3b9cad8c1121048d,38,moving_meeting_room
S1,4288,ieee_dataport/LoRa_RFFI-main/LoRa_RFFI/dataset/Test/channel_problem/moving_meeting_room.h5,1451,,66bd4df20cafab0b30c4d66fc224959564a8cb1cf52d516870550e49a64293e8,38,moving_meeting_room
S1,4289,ieee_dataport/LoRa_RFFI-main/LoRa_RFFI/dataset/Test/channel_problem/moving_meeting_room.h5,1454,,8929d4117677d9fd95b4fc4e22f82e5130855e0df838c5fe13f9178c5d80c9ed,38,moving_meeting_room
S1,4290,ieee_dataport/LoRa_RFFI-main/LoRa_RFFI/dataset/Test/channel_problem/moving_meeting_room.h5,1460,,e797bd62068c42770c86af7650cc3b94f8d865d5c0c5f2d2abbe3e3fdf6a109c,38,moving_meeting_room
S1,4291,ieee_dataport/LoRa_RFFI-main/LoRa_RFFI/dataset/Test/channel_problem/moving_meeting_room.h5,1463,,ab98fc4f2073843a25213eef0f30fbc71238f6e1764e8cad9322da42244f4ad6,38,moving_meeting_room
S1,4292,ieee_dataport/LoRa_RFFI-main/LoRa_RFFI/dataset/Test/channel_problem/moving_meeting_room.h5,1464,,6db58d4a5ad8e834dcb2665e46fb645dccf3db6ee50a52adbc697052a4413c10,38,moving_meeting_room
S1,4293,ieee_dataport/LoRa_RFFI-main/LoRa_RFFI/dataset/Test/channel_problem/moving_meeting_room.h5,1465,,4850e0e9fdaf419b487ad430f8b7a4b08b5118af41ea3550bae8f586211fb82a,38,moving_meeting_room
S1,4294,ieee_dataport/LoRa_RFFI-main/LoRa_RFFI/dataset/Test/channel_problem/moving_meeting_room.h5,1467,,c4cfd86632f00454ba087e1f347a9766463057a226fec954ecca148c3dbfe4a9,38,moving_meeting_room
S1,4295,ieee_dataport/LoRa_RFFI-main/LoRa_RFFI/dataset/Test/channel_problem/moving_meeting_room.h5,1473,,81c30bff6e376afbe3fc1d603fa619c630397e6278d5af3ccd64a8ee519ec560,38,moving_meeting_room
S1,4296,ieee_dataport/LoRa_RFFI-main/LoRa_RFFI/dataset/Test/channel_problem/moving_meeting_room.h5,1479,,08c7e51d8397ca7e2e301286cd0ce66c03dcc58f3b023515cdc348aea433fd87,38,moving_meeting_room
S1,4297,ieee_dataport/LoRa_RFFI-main/LoRa_RFFI/dataset/Test/channel_problem/moving_meeting_room.h5,1483,,fd7ee9b05c427ea700b9afdc1c0cafaf1c4567c53889fa9a3a37a65b63f93dca,38,moving_meeting_room
S1,4298,ieee_dataport/LoRa_RFFI-main/LoRa_RFFI/dataset/Test/channel_problem/moving_meeting_room.h5,1489,,3b0465eb4fcc102dff22c189f02db45e7bb0869fdb000e1b74798caff033909f,38,moving_meeting_room
S1,4299,ieee_dataport/LoRa_RFFI-main/LoRa_RFFI/dataset/Test/channel_problem/moving_meeting_room.h5,1495,,4cd2293ea17aa959b23113ed4bdd8d3b5ffdd6413bbf73bccefc98faec526685,38,moving_meeting_room
S1,4300,ieee_dataport/LoRa_RFFI-main/LoRa_RFFI/dataset/Test/channel_problem/moving_meeting_room.h5,1499,,267d193f14e572091173fa9c97d98c7380a562aa6ac7f4e6b6b9241153a014a5,38,moving_meeting_room
S1,4301,ieee_dataport/LoRa_RFFI-main/LoRa_RFFI/dataset/Test/channel_problem/moving_meeting_room.h5,1504,,e2c68a2faad312a44b9e1c2827e9c19ef70f05200847838bf92a4770a6506db1,38,moving_meeting_room
S1,4302,ieee_dataport/LoRa_RFFI-main/LoRa_RFFI/dataset/Test/channel_problem/moving_meeting_room.h5,1508,,6d92503b418ff47f3243a5eda0e86a0dd110779aa78a107912b270e21b2eaa92,38,moving_meeting_room
S1,4303,ieee_dataport/LoRa_RFFI-main/LoRa_RFFI/dataset/Test/channel_problem/moving_meeting_room.h5,1516,,fae22f58891408e72901f9369d41ea3336e6480a37dabd9ffdd37ae9caa03c1b,38,moving_meeting_room
S1,4304,ieee_dataport/LoRa_RFFI-main/LoRa_RFFI/dataset/Test/channel_problem/moving_meeting_room.h5,1518,,3b8fe9a530c438ac991aa513bacdd4f548f1a9a0f079461e28d1c507ac99fb15,38,moving_meeting_room
S1,4305,ieee_dataport/LoRa_RFFI-main/LoRa_RFFI/dataset/Test/channel_problem/moving_meeting_room.h5,1521,,831a15e2094ba2461cfb60390a3cce41e232a6cf3aeffac5ec7029d05028cbaf,38,moving_meeting_room
S1,4306,ieee_dataport/LoRa_RFFI-main/LoRa_RFFI/dataset/Test/channel_problem/moving_meeting_room.h5,1523,,79f3b56d1d34ff4c2a5b52f09836dc994390e53622b4bfde52694dee352d3c93,38,moving_meeting_room
S1,4307,ieee_dataport/LoRa_RFFI-main/LoRa_RFFI/dataset/Test/channel_problem/moving_meeting_room.h5,1528,,c27b39708df3f207714eef3f6e97eae652b1d4b19e24dc5deafca2994d45f72a,38,moving_meeting_room
S1,4308,ieee_dataport/LoRa_RFFI-main/LoRa_RFFI/dataset/Test/channel_problem/moving_meeting_room.h5,1533,,902dee712faf5e34904b1aa2d8fb33a67d974817e71c6698bcfbf4b9b3b554d8,38,moving_meeting_room
S1,4309,ieee_dataport/LoRa_RFFI-main/LoRa_RFFI/dataset/Test/channel_problem/moving_meeting_room.h5,1535,,9d864e569b22003d402a97ab802ed8bcf42344d77b45734ef52177a93f95989f,38,moving_meeting_room
S1,4310,ieee_dataport/LoRa_RFFI-main/LoRa_RFFI/dataset/Test/channel_problem/moving_meeting_room.h5,1540,,9b8a189137aa1f270631dda3e93dfd53f40e8821e5d8fe3bcf2766623ed3373d,38,moving_meeting_room
S1,4311,ieee_dataport/LoRa_RFFI-main/LoRa_RFFI/dataset/Test/channel_problem/moving_meeting_room.h5,1542,,f7718527aca3f585595a4749df2f9ebf10df88fdd43614ca5735defdd6a344b5,38,moving_meeting_room
S1,4312,ieee_dataport/LoRa_RFFI-main/LoRa_RFFI/dataset/Test/channel_problem/moving_meeting_room.h5,1551,,273368885761f429a215e5eafb98ec02a9bc7f05df43e66b6605e48526784510,38,moving_meeting_room
S1,4313,ieee_dataport/LoRa_RFFI-main/LoRa_RFFI/dataset/Test/channel_problem/moving_meeting_room.h5,1552,,04c496868571af33bd7e478dd0ebe36f18bb1a6f4f08c0e8f6bcbc8ba837b29b,38,moving_meeting_room
S1,4314,ieee_dataport/LoRa_RFFI-main/LoRa_RFFI/dataset/Test/channel_problem/moving_meeting_room.h5,1553,,6a0a8ab61d22b595097e44ab410ed63018c27a0c93dcbf23d071eaad94a53f05,38,moving_meeting_room
S1,4315,ieee_dataport/LoRa_RFFI-main/LoRa_RFFI/dataset/Test/channel_problem/moving_meeting_room.h5,1564,,a7ea704bc7cf63137aebfac64d6bbfd1b7aa9918b28ff0e3d5f0aed0211628ef,38,moving_meeting_room
S1,4316,ieee_dataport/LoRa_RFFI-main/LoRa_RFFI/dataset/Test/channel_problem/moving_meeting_room.h5,1581,,c742f4d1f157ff6cc3b541ebfbd06177c30a561cb2427f19221f6c6d42db5b9c,38,moving_meeting_room
S1,4317,ieee_dataport/LoRa_RFFI-main/LoRa_RFFI/dataset/Test/channel_problem/moving_meeting_room.h5,1587,,7d1327a38e1645b32b600c66766049225dcb5f17041f2f221d18a962a55d31a4,38,moving_meeting_room
S1,4318,ieee_dataport/LoRa_RFFI-main/LoRa_RFFI/dataset/Test/channel_problem/moving_meeting_room.h5,1589,,7278132c6b7ec81e7d2cdbe38a654d5ac66fc0f43f56a0d73d162d0a4bbc6103,38,moving_meeting_room
S1,4319,ieee_dataport/LoRa_RFFI-main/LoRa_RFFI/dataset/Test/channel_problem/moving_meeting_room.h5,1591,,fead1e51c1a6cfc125cbca974ff30f693e7729aa646095c55ff39e84b06213f2,38,moving_meeting_room
S1,4320,ieee_dataport/LoRa_RFFI-main/LoRa_RFFI/dataset/Test/channel_problem/moving_meeting_room.h5,1600,,b7a723be85e0c525f116f9041ae3dd38347acd1d1e28a8e9b318985a799a229c,39,moving_meeting_room
S1,4321,ieee_dataport/LoRa_RFFI-main/LoRa_RFFI/dataset/Test/channel_problem/moving_meeting_room.h5,1607,,930f471966dac8b8eb8695f26367d860b4a3278bf0d7b0e9ca5225c92c9b7dde,39,moving_meeting_room
S1,4322,ieee_dataport/LoRa_RFFI-main/LoRa_RFFI/dataset/Test/channel_problem/moving_meeting_room.h5,1608,,f72c189af15fa33bc4352fce010f8e44f72b7da297ac4fc13c330ccfaabddbb2,39,moving_meeting_room
S1,4323,ieee_dataport/LoRa_RFFI-main/LoRa_RFFI/dataset/Test/channel_problem/moving_meeting_room.h5,1614,,1dd1f713a50caea73f244d1e1fa4bfc95fe2ea41623eef808d8889cd60dc93cb,39,moving_meeting_room
S1,4324,ieee_dataport/LoRa_RFFI-main/LoRa_RFFI/dataset/Test/channel_problem/moving_meeting_room.h5,1617,,fe7e56bede92ce5449c7d1e71417936703cd25daf36ab399db77e1d83f172c77,39,moving_meeting_room
S1,4325,ieee_dataport/LoRa_RFFI-main/LoRa_RFFI/dataset/Test/channel_problem/moving_meeting_room.h5,1618,,29c9fbc5bb25d7cee3f1f4f40dd1b057b6149d79cc1b44be12e1cb9bb28f4284,39,moving_meeting_room
S1,4326,ieee_dataport/LoRa_RFFI-main/LoRa_RFFI/dataset/Test/channel_problem/moving_meeting_room.h5,1619,,b0e3941dd1825202f794ef7608ea9e2c77a4b3acff6855d966db83e0f5544224,39,moving_meeting_room
S1,4327,ieee_dataport/LoRa_RFFI-main/LoRa_RFFI/dataset/Test/channel_problem/moving_meeting_room.h5,1623,,acc5ed9b17d66a535972a37d66c06e779496bc5bf6be47e50d95fecf61230277,39,moving_meeting_room
S1,4328,ieee_dataport/LoRa_RFFI-main/LoRa_RFFI/dataset/Test/channel_problem/moving_meeting_room.h5,1626,,f66c2943853fb46e3c5798c478bdb431196fe1d1a03ba7fabed2d4c02286ad35,39,moving_meeting_room
S1,4329,ieee_dataport/LoRa_RFFI-main/LoRa_RFFI/dataset/Test/channel_problem/moving_meeting_room.h5,1628,,e444315d6d50ec462680efd6de1310b20571dda015520977d4bab936c3e53d10,39,moving_meeting_room
S1,4330,ieee_dataport/LoRa_RFFI-main/LoRa_RFFI/dataset/Test/channel_problem/moving_meeting_room.h5,1634,,34c662c916d963090fe6c5da59ba6b4d690667088b87a6bca5ec009422013779,39,moving_meeting_room
S1,4331,ieee_dataport/LoRa_RFFI-main/LoRa_RFFI/dataset/Test/channel_problem/moving_meeting_room.h5,1635,,398103a65bdc45bddc752dfb2240b317e9ebe69604e04866713d7540535dff8f,39,moving_meeting_room
S1,4332,ieee_dataport/LoRa_RFFI-main/LoRa_RFFI/dataset/Test/channel_problem/moving_meeting_room.h5,1637,,06be8b980b9835a30c17e09158141a102427968ef1f42eaf35f36feb9ff1ea98,39,moving_meeting_room
S1,4333,ieee_dataport/LoRa_RFFI-main/LoRa_RFFI/dataset/Test/channel_problem/moving_meeting_room.h5,1641,,21372dac39f6c14c6ee69585c11cb6eb97348ba53903f77f1e23655eb793b4ac,39,moving_meeting_room
S1,4334,ieee_dataport/LoRa_RFFI-main/LoRa_RFFI/dataset/Test/channel_problem/moving_meeting_room.h5,1651,,b5283b453d4827358e6476185b1f877088e0a3a4648492d3759bdfffd74b7639,39,moving_meeting_room
S1,4335,ieee_dataport/LoRa_RFFI-main/LoRa_RFFI/dataset/Test/channel_problem/moving_meeting_room.h5,1659,,37f34de66b517a3243520939f5d507fcf0367a0c97861aac56a912d06826f74c,39,moving_meeting_room
S1,4336,ieee_dataport/LoRa_RFFI-main/LoRa_RFFI/dataset/Test/channel_problem/moving_meeting_room.h5,1670,,29b6a49aaa67a01b26aa09ef881d9c765f716019d90d964c6917472762fe06dd,39,moving_meeting_room
S1,4337,ieee_dataport/LoRa_RFFI-main/LoRa_RFFI/dataset/Test/channel_problem/moving_meeting_room.h5,1673,,77931dc0d1de223371f07d101732cba128a21342d3fdf79deb436d8a4fd78a20,39,moving_meeting_room
S1,4338,ieee_dataport/LoRa_RFFI-main/LoRa_RFFI/dataset/Test/channel_problem/moving_meeting_room.h5,1681,,d038de49e02e1416696d533e0cd8df1d8393727520d1b3e600d1c64233e89a61,39,moving_meeting_room
S1,4339,ieee_dataport/LoRa_RFFI-main/LoRa_RFFI/dataset/Test/channel_problem/moving_meeting_room.h5,1682,,721628ce89a7523039c1c85c18c3ced4c5752bd16c80d32f99997be32ff2311f,39,moving_meeting_room
S1,4340,ieee_dataport/LoRa_RFFI-main/LoRa_RFFI/dataset/Test/channel_problem/moving_meeting_room.h5,1683,,4477d0b32a3ce055ce8e481d4d92fc83ebbd7db850847473c40c9e09c7194b9f,39,moving_meeting_room
S1,4341,ieee_dataport/LoRa_RFFI-main/LoRa_RFFI/dataset/Test/channel_problem/moving_meeting_room.h5,1684,,83e99400a420b2df553dedc9c0200d45289ebdf0040c00a77cffe8fbc7fef095,39,moving_meeting_room
S1,4342,ieee_dataport/LoRa_RFFI-main/LoRa_RFFI/dataset/Test/channel_problem/moving_meeting_room.h5,1685,,705821f056b32d47b1f3c32e2f01c5b163ff5534fd4fc7e370ca77f720884e71,39,moving_meeting_room
S1,4343,ieee_dataport/LoRa_RFFI-main/LoRa_RFFI/dataset/Test/channel_problem/moving_meeting_room.h5,1688,,13133995bedb5ab6a647f90fecea88b40bf6a6ee08cca9ffef1016d5980cf380,39,moving_meeting_room
S1,4344,ieee_dataport/LoRa_RFFI-main/LoRa_RFFI/dataset/Test/channel_problem/moving_meeting_room.h5,1704,,d30162435e5732c71bdc1eb75c904900727b85aa01c7afe08deacd33c92f1ac3,39,moving_meeting_room
S1,4345,ieee_dataport/LoRa_RFFI-main/LoRa_RFFI/dataset/Test/channel_problem/moving_meeting_room.h5,1727,,2be1541a4de06aa9195fd252f8cb3473b997ff8c1f06a08aa2f32d0eea8366d0,39,moving_meeting_room
S1,4346,ieee_dataport/LoRa_RFFI-main/LoRa_RFFI/dataset/Test/channel_problem/moving_meeting_room.h5,1728,,c2591b04712dcf448338ed202acef4745b30c3c637ac4edf120f29a0013c1534,39,moving_meeting_room
S1,4347,ieee_dataport/LoRa_RFFI-main/LoRa_RFFI/dataset/Test/channel_problem/moving_meeting_room.h5,1731,,24dd35188cce31accdb37fcdc20e255f613e128bd17cdd0513452a1c28b14977,39,moving_meeting_room
S1,4348,ieee_dataport/LoRa_RFFI-main/LoRa_RFFI/dataset/Test/channel_problem/moving_meeting_room.h5,1758,,7654660a5dcbc3e504ba9bf13341dd24ecc1a1fe0a39c3051da28a52966737dd,39,moving_meeting_room
S1,4349,ieee_dataport/LoRa_RFFI-main/LoRa_RFFI/dataset/Test/channel_problem/moving_meeting_room.h5,1760,,6fbc3909f53492d719f31ef875741e101f5dd9cf516a4005cfd360bde75085e8,39,moving_meeting_room
S1,4350,ieee_dataport/LoRa_RFFI-main/LoRa_RFFI/dataset/Test/channel_problem/moving_meeting_room.h5,1766,,d60aca2b153841d79941a52104fc504946628f27588d7f6e2fb7acf13e2394d0,39,moving_meeting_room
S1,4351,ieee_dataport/LoRa_RFFI-main/LoRa_RFFI/dataset/Test/channel_problem/moving_meeting_room.h5,1769,,4b2235077b9a0f893bbcc281d53b67696b3502ddb324862165ff4e65dc113b54,39,moving_meeting_room
S1,4352,ieee_dataport/LoRa_RFFI-main/LoRa_RFFI/dataset/Test/channel_problem/moving_meeting_room.h5,1772,,218ba41e386052409a8978b832689cd37bf832bdad66d4c0f60ee15af6d58697,39,moving_meeting_room
S1,4353,ieee_dataport/LoRa_RFFI-main/LoRa_RFFI/dataset/Test/channel_problem/moving_meeting_room.h5,1778,,ebd5aad48d80386ec78a5e33eac1fae16dd73cf059bc871a0a4ad1cba813eeb1,39,moving_meeting_room
S1,4354,ieee_dataport/LoRa_RFFI-main/LoRa_RFFI/dataset/Test/channel_problem/moving_meeting_room.h5,1781,,a07d6a272fc73bfe72345d21d9e00448a306916f39d13c77b813022537f44b8e,39,moving_meeting_room
S1,4355,ieee_dataport/LoRa_RFFI-main/LoRa_RFFI/dataset/Test/channel_problem/moving_meeting_room.h5,1782,,1a9f98b7df4d0cb88599f8eaf1d8db93ef9de95cb660ce4796e4855f67ddafb9,39,moving_meeting_room
S1,4356,ieee_dataport/LoRa_RFFI-main/LoRa_RFFI/dataset/Test/channel_problem/moving_meeting_room.h5,1785,,1e0714099fd378dce094d2a591366e81b6239dd941bf4cda4fb8d236eaa3f219,39,moving_meeting_room
S1,4357,ieee_dataport/LoRa_RFFI-main/LoRa_RFFI/dataset/Test/channel_problem/moving_meeting_room.h5,1793,,cf4e1d2bf68c22bddbfe016fc59e1f0c18d19eafb736aadc4e3096e5b9d3dab7,39,moving_meeting_room
S1,4358,ieee_dataport/LoRa_RFFI-main/LoRa_RFFI/dataset/Test/channel_problem/moving_meeting_room.h5,1794,,222ded47d497c8d53b5cbbc12097d793475f4960dadb9ff9b1c4d08577292608,39,moving_meeting_room
S1,4359,ieee_dataport/LoRa_RFFI-main/LoRa_RFFI/dataset/Test/channel_problem/moving_meeting_room.h5,1796,,a07b81ac99091a2cc6c9b61e121cf4d878a7d82219bffc3af3a5335c611cdd1c,39,moving_meeting_room
S1,4360,ieee_dataport/LoRa_RFFI-main/LoRa_RFFI/dataset/Test/channel_problem/moving_meeting_room.h5,1801,,805551a0e976f2ddbc0e40b2bdc75a871229f081f1a7fc05cf61a41968ed58ee,40,moving_meeting_room
S1,4361,ieee_dataport/LoRa_RFFI-main/LoRa_RFFI/dataset/Test/channel_problem/moving_meeting_room.h5,1804,,5b33e7efdbd4c9d561fdedbc0fb0596dc55d7c716798b09bff4399855b9e777e,40,moving_meeting_room
S1,4362,ieee_dataport/LoRa_RFFI-main/LoRa_RFFI/dataset/Test/channel_problem/moving_meeting_room.h5,1810,,2b24debed1f078b5321edeb78f516cbc068fc1c96849d4340d38e48e2bbd9280,40,moving_meeting_room
S1,4363,ieee_dataport/LoRa_RFFI-main/LoRa_RFFI/dataset/Test/channel_problem/moving_meeting_room.h5,1812,,d254e74fb4ccc3cb362beb8d95a11ec3eedf3e7bbacb6ca0712804c004ab5857,40,moving_meeting_room
S1,4364,ieee_dataport/LoRa_RFFI-main/LoRa_RFFI/dataset/Test/channel_problem/moving_meeting_room.h5,1813,,661687489ad7d487c0c330cfbddf73a9f985908d2f5df73d48b667caa4e97978,40,moving_meeting_room
S1,4365,ieee_dataport/LoRa_RFFI-main/LoRa_RFFI/dataset/Test/channel_problem/moving_meeting_room.h5,1817,,a56944954416d8f5cc2c048824c1fa10f70b147f1409b4936e0fea56f12e9b0b,40,moving_meeting_room
S1,4366,ieee_dataport/LoRa_RFFI-main/LoRa_RFFI/dataset/Test/channel_problem/moving_meeting_room.h5,1819,,d3ae8f8b30ad3fd6613727eb81c8292059668cf0add5f348c5ed4bab553390ac,40,moving_meeting_room
S1,4367,ieee_dataport/LoRa_RFFI-main/LoRa_RFFI/dataset/Test/channel_problem/moving_meeting_room.h5,1824,,9778055c6cc61c153862fb4958c30e4dbb6173645d66172f647a8b07b6307665,40,moving_meeting_room
S1,4368,ieee_dataport/LoRa_RFFI-main/LoRa_RFFI/dataset/Test/channel_problem/moving_meeting_room.h5,1827,,356b81963d81ce297c3996923503a783203c74b374100228042d8f8e16a2ad69,40,moving_meeting_room
S1,4369,ieee_dataport/LoRa_RFFI-main/LoRa_RFFI/dataset/Test/channel_problem/moving_meeting_room.h5,1830,,76115b7eb5f01cf93c23b72b4087e400ca81c519a7127d3054af6f664e25e7af,40,moving_meeting_room
S1,4370,ieee_dataport/LoRa_RFFI-main/LoRa_RFFI/dataset/Test/channel_problem/moving_meeting_room.h5,1831,,cc3ad7ca1b96d3d8719fcae9fc137c786b673ebd33adab6528ac4a34d8df8409,40,moving_meeting_room
S1,4371,ieee_dataport/LoRa_RFFI-main/LoRa_RFFI/dataset/Test/channel_problem/moving_meeting_room.h5,1844,,61ead4edeeb1e9b3ab4cee4e20c2d4531154f6297c8661eb128a4b2792e6692b,40,moving_meeting_room
S1,4372,ieee_dataport/LoRa_RFFI-main/LoRa_RFFI/dataset/Test/channel_problem/moving_meeting_room.h5,1855,,0de61b8e77eace05bb58181ccbae515d2c59dc20a6fa0e98b6855690256162c2,40,moving_meeting_room
S1,4373,ieee_dataport/LoRa_RFFI-main/LoRa_RFFI/dataset/Test/channel_problem/moving_meeting_room.h5,1856,,00ac12caf6a8f1a11fb0bf584bba5fb8af798eec4e4cdec67f5c35c642b88613,40,moving_meeting_room
S1,4374,ieee_dataport/LoRa_RFFI-main/LoRa_RFFI/dataset/Test/channel_problem/moving_meeting_room.h5,1858,,2021bdb94aebbb0bce45c7253d265b2843284552855482bb9ce1843b2e57246b,40,moving_meeting_room
S1,4375,ieee_dataport/LoRa_RFFI-main/LoRa_RFFI/dataset/Test/channel_problem/moving_meeting_room.h5,1861,,61d64e2721955a16b917e49499257a6d45d3f0a1e1257a182a748ec06267375e,40,moving_meeting_room
S1,4376,ieee_dataport/LoRa_RFFI-main/LoRa_RFFI/dataset/Test/channel_problem/moving_meeting_room.h5,1862,,4c0ab5aed509451dbddd2aaa70171a598d988dcf90e79405bd017d10895bbb8e,40,moving_meeting_room
S1,4377,ieee_dataport/LoRa_RFFI-main/LoRa_RFFI/dataset/Test/channel_problem/moving_meeting_room.h5,1863,,2866cf331ed764d5003282c35dcc6c1b9ec9c7dc038b2068193ba7096b8bc1d3,40,moving_meeting_room
S1,4378,ieee_dataport/LoRa_RFFI-main/LoRa_RFFI/dataset/Test/channel_problem/moving_meeting_room.h5,1868,,23eeb7a6c83c5e39c25abe01bffeb0ffd600c570b3a7f1347027d9f193ffdd57,40,moving_meeting_room
S1,4379,ieee_dataport/LoRa_RFFI-main/LoRa_RFFI/dataset/Test/channel_problem/moving_meeting_room.h5,1873,,337b57a60b1c679dde0dfea620c811d9e180654cf6db24ffad88407f5a8bd5b4,40,moving_meeting_room
S1,4380,ieee_dataport/LoRa_RFFI-main/LoRa_RFFI/dataset/Test/channel_problem/moving_meeting_room.h5,1906,,202934fe85b9befa9e8e6164a5747865b47610bb61008e4241078adabdbaf134,40,moving_meeting_room
S1,4381,ieee_dataport/LoRa_RFFI-main/LoRa_RFFI/dataset/Test/channel_problem/moving_meeting_room.h5,1909,,dfaf7ad2d8f30c53eadcc2f44e93b9914dd4386c67c474fa1bc00da50b652b94,40,moving_meeting_room
S1,4382,ieee_dataport/LoRa_RFFI-main/LoRa_RFFI/dataset/Test/channel_problem/moving_meeting_room.h5,1910,,1c8582f63fd946197b072c8a839d5fb7a0442b3d8af4ad96ca9d514574771f96,40,moving_meeting_room
S1,4383,ieee_dataport/LoRa_RFFI-main/LoRa_RFFI/dataset/Test/channel_problem/moving_meeting_room.h5,1917,,d1c7778272ed944cfb44920daa7c19c5add9f18d64a49c98a6fac9c64f44e3b7,40,moving_meeting_room
S1,4384,ieee_dataport/LoRa_RFFI-main/LoRa_RFFI/dataset/Test/channel_problem/moving_meeting_room.h5,1919,,6df68dbfb6250eef3f2d601b1201e6c0aa6ef21d76d9732dc076246957e826aa,40,moving_meeting_room
S1,4385,ieee_dataport/LoRa_RFFI-main/LoRa_RFFI/dataset/Test/channel_problem/moving_meeting_room.h5,1921,,9b8171fb0eec2283924155bac500b9a461219c077d512bde4fac6ca926120d08,40,moving_meeting_room
S1,4386,ieee_dataport/LoRa_RFFI-main/LoRa_RFFI/dataset/Test/channel_problem/moving_meeting_room.h5,1927,,1a598a3480b1d746e4222be35f3a523573313d59a9fa8740a93e54225776e29e,40,moving_meeting_room
S1,4387,ieee_dataport/LoRa_RFFI-main/LoRa_RFFI/dataset/Test/channel_problem/moving_meeting_room.h5,1934,,38b9cf49efda62b28cf89f1f0faf285513bb81ec255c8e59d210a0f26a584922,40,moving_meeting_room
S1,4388,ieee_dataport/LoRa_RFFI-main/LoRa_RFFI/dataset/Test/channel_problem/moving_meeting_room.h5,1940,,a5c959f81508277bedf2590ffab7861fadcc2ea28148e314173143cccdbb01a0,40,moving_meeting_room
S1,4389,ieee_dataport/LoRa_RFFI-main/LoRa_RFFI/dataset/Test/channel_problem/moving_meeting_room.h5,1942,,a5226b61b856f158733175839f4344f0b9a38b052582c4fbbf814cf5dd1a0ea9,40,moving_meeting_room
S1,4390,ieee_dataport/LoRa_RFFI-main/LoRa_RFFI/dataset/Test/channel_problem/moving_meeting_room.h5,1943,,1c49fac4562b76e9a39f22e44a0611db31b8b82ee2b77b69afef23ce9f9c5da5,40,moving_meeting_room
S1,4391,ieee_dataport/LoRa_RFFI-main/LoRa_RFFI/dataset/Test/channel_problem/moving_meeting_room.h5,1948,,a3996e3aced3b2566eb2b03c6ef98e21ecf161e27b70409d433efb1b8deefaaa,40,moving_meeting_room
S1,4392,ieee_dataport/LoRa_RFFI-main/LoRa_RFFI/dataset/Test/channel_problem/moving_meeting_room.h5,1951,,67f941a6982c4835996254ef9b6fd27417ff3551c881e615b49ca4c860bb319b,40,moving_meeting_room
S1,4393,ieee_dataport/LoRa_RFFI-main/LoRa_RFFI/dataset/Test/channel_problem/moving_meeting_room.h5,1955,,6ee65771b4d951c91a6a9f97580ecc3e7286a3e73fb9cb0ec7b674ef9bf89ee6,40,moving_meeting_room
S1,4394,ieee_dataport/LoRa_RFFI-main/LoRa_RFFI/dataset/Test/channel_problem/moving_meeting_room.h5,1959,,35f1885c9a8f8ca7bd4c6179395366d4aa1576c9498478750463bf17b8195857,40,moving_meeting_room
S1,4395,ieee_dataport/LoRa_RFFI-main/LoRa_RFFI/dataset/Test/channel_problem/moving_meeting_room.h5,1962,,22af8c5763e0da0701699fb88d5e1191f328787e98e224e27d2e99d0db1feb71,40,moving_meeting_room
S1,4396,ieee_dataport/LoRa_RFFI-main/LoRa_RFFI/dataset/Test/channel_problem/moving_meeting_room.h5,1963,,3073080bc9213ffcfb6d14b11ab3ed2d24fd8b172ad35a1dbfc5796a7bc38bea,40,moving_meeting_room
S1,4397,ieee_dataport/LoRa_RFFI-main/LoRa_RFFI/dataset/Test/channel_problem/moving_meeting_room.h5,1970,,274f64d99f3190312d87b1d3ffb119cf2bdd49f47f6a6f169148284b4bf50a97,40,moving_meeting_room
S1,4398,ieee_dataport/LoRa_RFFI-main/LoRa_RFFI/dataset/Test/channel_problem/moving_meeting_room.h5,1971,,7d37e5676740b63d9f9db3ed15f5219b599901f3f9809359fe3db0bce9350b65,40,moving_meeting_room
S1,4399,ieee_dataport/LoRa_RFFI-main/LoRa_RFFI/dataset/Test/channel_problem/moving_meeting_room.h5,1991,,b796278ed811dafa8487ffd4caad8fdeabafcbdafd7291139acef0cd5edcff3e,40,moving_meeting_room
S1,4400,ieee_dataport/LoRa_RFFI-main/LoRa_RFFI/dataset/Test/channel_problem/B_antenna.h5,0,,aad89212e4f41d81cd90e1931f786a1e667facc53021fe846441aa982dc7b679,31,B_antenna
S1,4401,ieee_dataport/LoRa_RFFI-main/LoRa_RFFI/dataset/Test/channel_problem/B_antenna.h5,2,,7cf19b919614ffcfeb99c5e3f8a7efe196cc0ec3957fa343c0b427730fa44b76,31,B_antenna
S1,4402,ieee_dataport/LoRa_RFFI-main/LoRa_RFFI/dataset/Test/channel_problem/B_antenna.h5,7,,254b6bfc04700de65afe60c4bc311da65d776766e495c7eb602df0ac394fbbe3,31,B_antenna
S1,4403,ieee_dataport/LoRa_RFFI-main/LoRa_RFFI/dataset/Test/channel_problem/B_antenna.h5,12,,6adfe8ee42d20b337dfc54e4b1f5039b0ce6e78e13187ebb8990cc6a53617b53,31,B_antenna
S1,4404,ieee_dataport/LoRa_RFFI-main/LoRa_RFFI/dataset/Test/channel_problem/B_antenna.h5,18,,a2909d917585222f89553b6c8e33f9ce26a16dd6ff86c5cfbbac8400e26d5c2c,31,B_antenna
S1,4405,ieee_dataport/LoRa_RFFI-main/LoRa_RFFI/dataset/Test/channel_problem/B_antenna.h5,24,,5a89113d5f0e4dda60003c27a339409d585a3495280649b14a2ba1186cb1ed26,31,B_antenna
S1,4406,ieee_dataport/LoRa_RFFI-main/LoRa_RFFI/dataset/Test/channel_problem/B_antenna.h5,30,,cfc15b59e4c7ce06df69d06fcd01a2f81869b4b97e175429d23ddb05bae70699,31,B_antenna
S1,4407,ieee_dataport/LoRa_RFFI-main/LoRa_RFFI/dataset/Test/channel_problem/B_antenna.h5,40,,5c50a972deb62a5c275ffceca7411dfcf1b507649531aeccf4c816cdc5e21393,31,B_antenna
S1,4408,ieee_dataport/LoRa_RFFI-main/LoRa_RFFI/dataset/Test/channel_problem/B_antenna.h5,42,,a700d64ab232c1e63d9d42105727e414080edbb38c718934f6625d02595a511e,31,B_antenna
S1,4409,ieee_dataport/LoRa_RFFI-main/LoRa_RFFI/dataset/Test/channel_problem/B_antenna.h5,44,,e36586e652d614b100506ce95ec59d6c4b1945100869a050fbaba8a18b24d422,31,B_antenna
S1,4410,ieee_dataport/LoRa_RFFI-main/LoRa_RFFI/dataset/Test/channel_problem/B_antenna.h5,45,,b74eed60dfd269c5c5bb533e6f0289f90fb2035d370d280b4325fd032a810fb2,31,B_antenna
S1,4411,ieee_dataport/LoRa_RFFI-main/LoRa_RFFI/dataset/Test/channel_problem/B_antenna.h5,47,,5f3b6f43b590bd35a1ae05d77d8d89e02d2a109c3da8d969257696611ecab2ed,31,B_antenna
S1,4412,ieee_dataport/LoRa_RFFI-main/LoRa_RFFI/dataset/Test/channel_problem/B_antenna.h5,54,,0d74f7c5952e171da50a6e402c8e82f908eb17657ac256fc1330dd103217d31a,31,B_antenna
S1,4413,ieee_dataport/LoRa_RFFI-main/LoRa_RFFI/dataset/Test/channel_problem/B_antenna.h5,56,,55926dedb2b5a3813e9be8674e10afe2f08d94f2f3d64c5155741fd00d694160,31,B_antenna
S1,4414,ieee_dataport/LoRa_RFFI-main/LoRa_RFFI/dataset/Test/channel_problem/B_antenna.h5,60,,e9660eaee49a145f6bc128d5cd3f2ec5413fc2d9f46bf976d8f9fdb4600635ca,31,B_antenna
S1,4415,ieee_dataport/LoRa_RFFI-main/LoRa_RFFI/dataset/Test/channel_problem/B_antenna.h5,63,,5bdfae743f5dab744249fc1a77dc8b27e19fec65086c0cd17f6cff4b88788532,31,B_antenna
S1,4416,ieee_dataport/LoRa_RFFI-main/LoRa_RFFI/dataset/Test/channel_problem/B_antenna.h5,73,,2b4d0b646688c69729df798b4d67ea56b7ad247f0375f840b14c590fcabf2262,31,B_antenna
S1,4417,ieee_dataport/LoRa_RFFI-main/LoRa_RFFI/dataset/Test/channel_problem/B_antenna.h5,76,,857d1a2a7d52c770a320da65bbe2461d178c01d9a0266e39b4a951cdfa571521,31,B_antenna
S1,4418,ieee_dataport/LoRa_RFFI-main/LoRa_RFFI/dataset/Test/channel_problem/B_antenna.h5,80,,ed500162a9dd7452dcd50c4b27d01806ace4d490a3537fb5e49c34c7cb6ba92e,31,B_antenna
S1,4419,ieee_dataport/LoRa_RFFI-main/LoRa_RFFI/dataset/Test/channel_problem/B_antenna.h5,82,,6af1f5e349d63697f3bcb95b7032383326e4f83559fbd0412730d26bd095cc18,31,B_antenna
S1,4420,ieee_dataport/LoRa_RFFI-main/LoRa_RFFI/dataset/Test/channel_problem/B_antenna.h5,92,,2c29f99632ccb23aebd262cf0808ffa1593e2c7049a5464ee920be6b5484f94c,31,B_antenna
S1,4421,ieee_dataport/LoRa_RFFI-main/LoRa_RFFI/dataset/Test/channel_problem/B_antenna.h5,95,,2a83c748dfe6df5d24d2e353f2ade40a069e53b4dbb6388ac30888aa2ad09bf3,31,B_antenna
S1,4422,ieee_dataport/LoRa_RFFI-main/LoRa_RFFI/dataset/Test/channel_problem/B_antenna.h5,97,,53098cf718a87ebae87752dcfa1ef7b594affc895f6de916a2aefd18f457b006,31,B_antenna
S1,4423,ieee_dataport/LoRa_RFFI-main/LoRa_RFFI/dataset/Test/channel_problem/B_antenna.h5,99,,3de08e73b3b66ba8a35438dd3508da525c36b29b53291d8a5cb0abb9988f661e,31,B_antenna
S1,4424,ieee_dataport/LoRa_RFFI-main/LoRa_RFFI/dataset/Test/channel_problem/B_antenna.h5,100,,63d4edae54417b8cc5b44d9255d38eeb356a064e647dd84ddbcda5006d2ebc36,31,B_antenna
S1,4425,ieee_dataport/LoRa_RFFI-main/LoRa_RFFI/dataset/Test/channel_problem/B_antenna.h5,105,,24af5e7c59a1155439c619bf6bff46bb0cb5a7987190177b2ad18f9af11499ea,31,B_antenna
S1,4426,ieee_dataport/LoRa_RFFI-main/LoRa_RFFI/dataset/Test/channel_problem/B_antenna.h5,106,,dd82f98c0f674731710e701e6be76364d456c54f43dde1f6c00d644f7fcbe7fe,31,B_antenna
S1,4427,ieee_dataport/LoRa_RFFI-main/LoRa_RFFI/dataset/Test/channel_problem/B_antenna.h5,110,,3df2ea2aa548bce4fcdf92e9b7d7f734216d1edf39d81d35119bb99814be4097,31,B_antenna
S1,4428,ieee_dataport/LoRa_RFFI-main/LoRa_RFFI/dataset/Test/channel_problem/B_antenna.h5,113,,8e5d837bd7800e846ac175161a4a8af3a1774653fc53c2146855ce3a17858bee,31,B_antenna
S1,4429,ieee_dataport/LoRa_RFFI-main/LoRa_RFFI/dataset/Test/channel_problem/B_antenna.h5,127,,763ad312bea71f8a3e41c782a351a4a4d4b087565cf4fc537ab2452c6b6e9fc6,31,B_antenna
S1,4430,ieee_dataport/LoRa_RFFI-main/LoRa_RFFI/dataset/Test/channel_problem/B_antenna.h5,128,,14ae76725553520136c466451f281ef8b3947f8a66bd54b8c87212d97b1ff983,31,B_antenna
S1,4431,ieee_dataport/LoRa_RFFI-main/LoRa_RFFI/dataset/Test/channel_problem/B_antenna.h5,136,,3dad2acbe0d6716f4824e7dae34946e888121d30626066412695e2331a9540a0,31,B_antenna
S1,4432,ieee_dataport/LoRa_RFFI-main/LoRa_RFFI/dataset/Test/channel_problem/B_antenna.h5,139,,2e8aaf4f37ca639973f59ff39c8ec21a251dce89027d69e0add8ec5718e9e391,31,B_antenna
S1,4433,ieee_dataport/LoRa_RFFI-main/LoRa_RFFI/dataset/Test/channel_problem/B_antenna.h5,165,,bc644dceca9ad5ed91db49740574f78aae65d0613e87224d70117a45f11280cd,31,B_antenna
S1,4434,ieee_dataport/LoRa_RFFI-main/LoRa_RFFI/dataset/Test/channel_problem/B_antenna.h5,167,,994ac45b6d55b42dea1893c69d642ea7919845a544c878c7f0c7ec434f81ea57,31,B_antenna
S1,4435,ieee_dataport/LoRa_RFFI-main/LoRa_RFFI/dataset/Test/channel_problem/B_antenna.h5,184,,a9abd9def430eadee56fb34dbfe09760699431c3beef52b7c3d6de084af2936c,31,B_antenna
S1,4436,ieee_dataport/LoRa_RFFI-main/LoRa_RFFI/dataset/Test/channel_problem/B_antenna.h5,185,,dfae7f1e5050a31c3d5927d934ad7db7e4d36d869f02e9d41b92160149197f70,31,B_antenna
S1,4437,ieee_dataport/LoRa_RFFI-main/LoRa_RFFI/dataset/Test/channel_problem/B_antenna.h5,186,,8b0f260a58d9a447b1374f732766f2e7f3d54d94fca18ea33b1ee8d6b0448436,31,B_antenna
S1,4438,ieee_dataport/LoRa_RFFI-main/LoRa_RFFI/dataset/Test/channel_problem/B_antenna.h5,188,,9c1a1527723f582382297f24ff4ec945afd1ed410374648b2bd33b9751ce6f80,31,B_antenna
S1,4439,ieee_dataport/LoRa_RFFI-main/LoRa_RFFI/dataset/Test/channel_problem/B_antenna.h5,196,,0a480512b3f16d3ffbe5de836770d4ce55b2a4c507bffbf08f97021f000deed1,31,B_antenna
S1,4440,ieee_dataport/LoRa_RFFI-main/LoRa_RFFI/dataset/Test/channel_problem/B_antenna.h5,212,,1d04e3c6559a18c628b246d679f11638740dcddb8f34a2fa29334f2718fb2735,32,B_antenna
S1,4441,ieee_dataport/LoRa_RFFI-main/LoRa_RFFI/dataset/Test/channel_problem/B_antenna.h5,214,,958c2a7a52fdf029fa69c5ee49f7137c20d39800082064a39778c84b6fc4d773,32,B_antenna
S1,4442,ieee_dataport/LoRa_RFFI-main/LoRa_RFFI/dataset/Test/channel_problem/B_antenna.h5,215,,cbfcdfce9f5cc44252a7bdfe7dc1dc1e23b682f3f0e63914e90ee5139c5cdb4e,32,B_antenna
S1,4443,ieee_dataport/LoRa_RFFI-main/LoRa_RFFI/dataset/Test/channel_problem/B_antenna.h5,216,,c16ddf2d92669374190e93897e50a9cd4a7513979e17749d75f1c0d1539b9d71,32,B_antenna
S1,4444,ieee_dataport/LoRa_RFFI-main/LoRa_RFFI/dataset/Test/channel_problem/B_antenna.h5,225,,eac157064b1a42a00d38b0ded59ddc002db424beb45a1c349643fd55d3652cbd,32,B_antenna
S1,4445,ieee_dataport/LoRa_RFFI-main/LoRa_RFFI/dataset/Test/channel_problem/B_antenna.h5,229,,d2f21d9f96ce9dbe49731eb37035aa548c033ada917c231d81733b19b79ea944,32,B_antenna
S1,4446,ieee_dataport/LoRa_RFFI-main/LoRa_RFFI/dataset/Test/channel_problem/B_antenna.h5,231,,7d89f81403be93f7b2e98a6d2791a665058f8e381b3660501c50f06239f32539,32,B_antenna
S1,4447,ieee_dataport/LoRa_RFFI-main/LoRa_RFFI/dataset/Test/channel_problem/B_antenna.h5,236,,e25df119655fd7fd048e67154c9a1840471157a081c885572d259bd974e9e67a,32,B_antenna
S1,4448,ieee_dataport/LoRa_RFFI-main/LoRa_RFFI/dataset/Test/channel_problem/B_antenna.h5,238,,fbcdf68c95c5c37dc3876c582ef06658e1c93466d9be3aaab2b70a1c10d380b8,32,B_antenna
S1,4449,ieee_dataport/LoRa_RFFI-main/LoRa_RFFI/dataset/Test/channel_problem/B_antenna.h5,242,,43bf81849ae94d55c7c9db4454418f89c4e1f2d6854318938241f2da05c8f2ab,32,B_antenna
S1,4450,ieee_dataport/LoRa_RFFI-main/LoRa_RFFI/dataset/Test/channel_problem/B_antenna.h5,249,,186497b54ea4dc82fd9f2c046d2b25487ffce9e03bf2a37d6fab074052e6f113,32,B_antenna
S1,4451,ieee_dataport/LoRa_RFFI-main/LoRa_RFFI/dataset/Test/channel_problem/B_antenna.h5,253,,411f8fd99344f52e12b7db863178b11535511d4ef023521d448d8c023ad5d0ec,32,B_antenna
S1,4452,ieee_dataport/LoRa_RFFI-main/LoRa_RFFI/dataset/Test/channel_problem/B_antenna.h5,254,,257047b7d153b189a2af503fe101f7ca9ba40c3d687a3dce258e98a3d4445efc,32,B_antenna
S1,4453,ieee_dataport/LoRa_RFFI-main/LoRa_RFFI/dataset/Test/channel_problem/B_antenna.h5,269,,8cf8c71555a619f5694601c3e15bfff5f68d509c60bd821119661813f3e7bb4a,32,B_antenna
S1,4454,ieee_dataport/LoRa_RFFI-main/LoRa_RFFI/dataset/Test/channel_problem/B_antenna.h5,270,,26074943ce41c9d86b4788460e0278b5c16c0369d7f6e6db967224c30b44fde1,32,B_antenna
S1,4455,ieee_dataport/LoRa_RFFI-main/LoRa_RFFI/dataset/Test/channel_problem/B_antenna.h5,278,,d7447f891d76b8fb5b79b48b7212449e1c8b4a3a0fc1122614ecdb259f5601ff,32,B_antenna
S1,4456,ieee_dataport/LoRa_RFFI-main/LoRa_RFFI/dataset/Test/channel_problem/B_antenna.h5,296,,6c5a5156820ad3a825db20319d2144bfb109e901a1d0fbba3baa7ac1dac7873b,32,B_antenna
S1,4457,ieee_dataport/LoRa_RFFI-main/LoRa_RFFI/dataset/Test/channel_problem/B_antenna.h5,299,,8d522b432db1cf84b8ee0131b1b10f04a91ded138655f49a11ba40619364c020,32,B_antenna
S1,4458,ieee_dataport/LoRa_RFFI-main/LoRa_RFFI/dataset/Test/channel_problem/B_antenna.h5,311,,baee57aebfd30971d21e53890da7f62ae188b6ba4c7eef03dfb203590353c74b,32,B_antenna
S1,4459,ieee_dataport/LoRa_RFFI-main/LoRa_RFFI/dataset/Test/channel_problem/B_antenna.h5,312,,63b88a0f0933a1767e854c2cef0580e303fbd336926aae663e11419e9a677d9b,32,B_antenna
S1,4460,ieee_dataport/LoRa_RFFI-main/LoRa_RFFI/dataset/Test/channel_problem/B_antenna.h5,321,,068833a3fa732829333f0c2efe6158bea933d07ef9452713c703e05b06cccecd,32,B_antenna
S1,4461,ieee_dataport/LoRa_RFFI-main/LoRa_RFFI/dataset/Test/channel_problem/B_antenna.h5,323,,4e9a19221476760a587c479f2cc430c621044929ce6037ee150f61c69441dfb8,32,B_antenna
S1,4462,ieee_dataport/LoRa_RFFI-main/LoRa_RFFI/dataset/Test/channel_problem/B_antenna.h5,325,,5ffdd5c39d8dfa3889edd23323889f1d96c56b19f011bf3d5962afc9c7309331,32,B_antenna
S1,4463,ieee_dataport/LoRa_RFFI-main/LoRa_RFFI/dataset/Test/channel_problem/B_antenna.h5,327,,4153c27f605b6e4d9407c3ce616746b5bdc06ad944748b7eff30684d957c2cfa,32,B_antenna
S1,4464,ieee_dataport/LoRa_RFFI-main/LoRa_RFFI/dataset/Test/channel_problem/B_antenna.h5,330,,1ea2123b56b05dad57a36c0e9e296a2e093dad56f0a5e2370c78c0bd7fed9de5,32,B_antenna
S1,4465,ieee_dataport/LoRa_RFFI-main/LoRa_RFFI/dataset/Test/channel_problem/B_antenna.h5,345,,6a490b583874268c262d2a07debb2b92ac0f59aa473125e317ca6c909cf8807b,32,B_antenna
S1,4466,ieee_dataport/LoRa_RFFI-main/LoRa_RFFI/dataset/Test/channel_problem/B_antenna.h5,346,,318b1cca9c91439ca0f90e258df5528aab2c6ef832a98276d074c53806b139c4,32,B_antenna
S1,4467,ieee_dataport/LoRa_RFFI-main/LoRa_RFFI/dataset/Test/channel_problem/B_antenna.h5,348,,e5eb6eb062035fe77a3ce72f16e6aa028cc2a6056670df431c21c3acba113ee8,32,B_antenna
S1,4468,ieee_dataport/LoRa_RFFI-main/LoRa_RFFI/dataset/Test/channel_problem/B_antenna.h5,351,,92b8c05259d539f77bfed90d3be5a27a09531c658f96dbe785117f8fe1120709,32,B_antenna
S1,4469,ieee_dataport/LoRa_RFFI-main/LoRa_RFFI/dataset/Test/channel_problem/B_antenna.h5,352,,188037b30fc050ceedad4372735f4955de93fbd0194910d3fb44293ffd687188,32,B_antenna
S1,4470,ieee_dataport/LoRa_RFFI-main/LoRa_RFFI/dataset/Test/channel_problem/B_antenna.h5,360,,1d846c18190d392da3335fe5732d153dc3aafa0858d31ad2eb20263d111f26d0,32,B_antenna
S1,4471,ieee_dataport/LoRa_RFFI-main/LoRa_RFFI/dataset/Test/channel_problem/B_antenna.h5,362,,84ac123238a4441946fe8eaced93b7764e682a92cb976a13197d4dda6e66d2f6,32,B_antenna
S1,4472,ieee_dataport/LoRa_RFFI-main/LoRa_RFFI/dataset/Test/channel_problem/B_antenna.h5,367,,44c072f3581f1174a9d8e410c6b0e1a9127baafe268dee4e2606ebc76ff7ac02,32,B_antenna
S1,4473,ieee_dataport/LoRa_RFFI-main/LoRa_RFFI/dataset/Test/channel_problem/B_antenna.h5,368,,358b75f0e5b58c3bff3b43c11210a1207e5641dbc4a7fd631be19afb9fcfa074,32,B_antenna
S1,4474,ieee_dataport/LoRa_RFFI-main/LoRa_RFFI/dataset/Test/channel_problem/B_antenna.h5,373,,70d59f982896121a02de645e859abba78c4dc8ae94bb0637deb5c6be37a37e70,32,B_antenna
S1,4475,ieee_dataport/LoRa_RFFI-main/LoRa_RFFI/dataset/Test/channel_problem/B_antenna.h5,377,,a912ad31e57d49f3cd63ac1358c86149503d1bfe8d3e0549c39016441d91e715,32,B_antenna
S1,4476,ieee_dataport/LoRa_RFFI-main/LoRa_RFFI/dataset/Test/channel_problem/B_antenna.h5,378,,c4eb408569ab9548f114a74d665998932c59487f063d1c8614a988770f01a0a1,32,B_antenna
S1,4477,ieee_dataport/LoRa_RFFI-main/LoRa_RFFI/dataset/Test/channel_problem/B_antenna.h5,393,,d62d8141e5fd28ae936b42c7ad404ac571bb380d5a3173a183df0f81207315c0,32,B_antenna
S1,4478,ieee_dataport/LoRa_RFFI-main/LoRa_RFFI/dataset/Test/channel_problem/B_antenna.h5,395,,2fb5e6976f5f9c06c7dd64a8770d99f2f4a34dbde81de757b883386c91e50425,32,B_antenna
S1,4479,ieee_dataport/LoRa_RFFI-main/LoRa_RFFI/dataset/Test/channel_problem/B_antenna.h5,398,,6dea8e815dd0675741aabf44877565d0ad8e068954e72f7193f114b01fece408,32,B_antenna
S1,4480,ieee_dataport/LoRa_RFFI-main/LoRa_RFFI/dataset/Test/channel_problem/B_antenna.h5,400,,80071e611a67fb057b95e4e6e6f58e89d086ab51b046c7d1d0e54bab83e66672,33,B_antenna
S1,4481,ieee_dataport/LoRa_RFFI-main/LoRa_RFFI/dataset/Test/channel_problem/B_antenna.h5,407,,29e5070a41c6932aef460b766efaf46726c1acb823eb18b149ad816cf2574143,33,B_antenna
S1,4482,ieee_dataport/LoRa_RFFI-main/LoRa_RFFI/dataset/Test/channel_problem/B_antenna.h5,409,,6cb42ae2386caa5608c79b0172625d7c56f15af044b53431edd305acf270299a,33,B_antenna
S1,4483,ieee_dataport/LoRa_RFFI-main/LoRa_RFFI/dataset/Test/channel_problem/B_antenna.h5,411,,7156bf663d00846715857f32c32d02a62f678cd301b1fe6cc293a6dd6665f49d,33,B_antenna
S1,4484,ieee_dataport/LoRa_RFFI-main/LoRa_RFFI/dataset/Test/channel_problem/B_antenna.h5,414,,cd257978e3592a02eec61e42880ccbbbdba7cbd215fbbfec90c1cf846d58ad41,33,B_antenna
S1,4485,ieee_dataport/LoRa_RFFI-main/LoRa_RFFI/dataset/Test/channel_problem/B_antenna.h5,415,,d550dc372d4ab64b54a424589df309f986b150bf576121b13c9e67c14301a103,33,B_antenna
S1,4486,ieee_dataport/LoRa_RFFI-main/LoRa_RFFI/dataset/Test/channel_problem/B_antenna.h5,427,,356097733122bd57bc6822bf1171d5ac71f4972d4424a3a8a403881a7a4e9587,33,B_antenna
S1,4487,ieee_dataport/LoRa_RFFI-main/LoRa_RFFI/dataset/Test/channel_problem/B_antenna.h5,428,,d3a9ac7004c36eacf5a6bb0408671a297bb46944a78b578c79b51bb8ddfa76f4,33,B_antenna
S1,4488,ieee_dataport/LoRa_RFFI-main/LoRa_RFFI/dataset/Test/channel_problem/B_antenna.h5,433,,f88f2c85db4bd69dc4efea819ded733e092f7c3e5a2509d814ef5c025492ede0,33,B_antenna
S1,4489,ieee_dataport/LoRa_RFFI-main/LoRa_RFFI/dataset/Test/channel_problem/B_antenna.h5,442,,e935f8c00232bf65d4a98f93efeb6b9ac1561a0d0ea910f77bc99e3782f0c1a1,33,B_antenna
S1,4490,ieee_dataport/LoRa_RFFI-main/LoRa_RFFI/dataset/Test/channel_problem/B_antenna.h5,454,,22aa7db486db186ad6078c7779e4462d3f6002a646db18d48515fa0832cbd240,33,B_antenna
S1,4491,ieee_dataport/LoRa_RFFI-main/LoRa_RFFI/dataset/Test/channel_problem/B_antenna.h5,458,,fd76069b0c7a5201c6a6dbf8d28c53ad6898818dc122d8da3fc14259cbafeedf,33,B_antenna
S1,4492,ieee_dataport/LoRa_RFFI-main/LoRa_RFFI/dataset/Test/channel_problem/B_antenna.h5,459,,efc659648a6bf1fe5c71cd3de1fc64112a3208be56e3501e626bfca312849b01,33,B_antenna
S1,4493,ieee_dataport/LoRa_RFFI-main/LoRa_RFFI/dataset/Test/channel_problem/B_antenna.h5,473,,856f8e53f91c5b6e2f2cdf594d3523f35da5934ae4ad7e5079621344ccccd843,33,B_antenna
S1,4494,ieee_dataport/LoRa_RFFI-main/LoRa_RFFI/dataset/Test/channel_problem/B_antenna.h5,475,,31e21384711b6d092b5f8f8ad5c02dc4e3103c7f492f24f23aeaa20f8f7bc983,33,B_antenna
S1,4495,ieee_dataport/LoRa_RFFI-main/LoRa_RFFI/dataset/Test/channel_problem/B_antenna.h5,480,,6c8df7486fbed5a8b0f7e543bd690f54f95ce49b974e654f32b9346dae60d0b2,33,B_antenna
S1,4496,ieee_dataport/LoRa_RFFI-main/LoRa_RFFI/dataset/Test/channel_problem/B_antenna.h5,484,,780d633b4f5258fbcd44490c416caf84d1472c4e8b4f0282ea90395396aec5d9,33,B_antenna
S1,4497,ieee_dataport/LoRa_RFFI-main/LoRa_RFFI/dataset/Test/channel_problem/B_antenna.h5,487,,e4630d26971c65c2b9b83e51c6613a0dae0197a4c3fb7f4f6d4cf30927551848,33,B_antenna
S1,4498,ieee_dataport/LoRa_RFFI-main/LoRa_RFFI/dataset/Test/channel_problem/B_antenna.h5,493,,83947e85be9415300dcde4c23db0f181307bd5a2b5f8fb0edcc6afd892322db9,33,B_antenna
S1,4499,ieee_dataport/LoRa_RFFI-main/LoRa_RFFI/dataset/Test/channel_problem/B_antenna.h5,497,,664b3853459d956a79b1db8bdacf82259a3a438d9f03f16dcd41626a4a42d917,33,B_antenna
S1,4500,ieee_dataport/LoRa_RFFI-main/LoRa_RFFI/dataset/Test/channel_problem/B_antenna.h5,501,,4b094f86d417371d46ff79051ce37ce140e8175ec97f3a2e00372025ec32415b,33,B_antenna
S1,4501,ieee_dataport/LoRa_RFFI-main/LoRa_RFFI/dataset/Test/channel_problem/B_antenna.h5,504,,6e4543c6f7e24dedf80d273742e8d80f6625f2156a0bb9394a7b34881d680b1c,33,B_antenna
S1,4502,ieee_dataport/LoRa_RFFI-main/LoRa_RFFI/dataset/Test/channel_problem/B_antenna.h5,507,,475669e57b49ff906c52ebd948e17bc72499b3e207d17c1bc904ef2badb32fae,33,B_antenna
S1,4503,ieee_dataport/LoRa_RFFI-main/LoRa_RFFI/dataset/Test/channel_problem/B_antenna.h5,508,,1d6ecc000d59cedf94797a0e534e3db8a0de55c166c465686f6af77b12c5568e,33,B_antenna
S1,4504,ieee_dataport/LoRa_RFFI-main/LoRa_RFFI/dataset/Test/channel_problem/B_antenna.h5,515,,43a2ff9652ea805d5cbe213585a1e8939b46d0309adae1bf6d143824a10c9127,33,B_antenna
S1,4505,ieee_dataport/LoRa_RFFI-main/LoRa_RFFI/dataset/Test/channel_problem/B_antenna.h5,522,,1c18a451456c0d284f877391ba8093f19ed78ccb8c9e18844c29a786edc4f3a5,33,B_antenna
S1,4506,ieee_dataport/LoRa_RFFI-main/LoRa_RFFI/dataset/Test/channel_problem/B_antenna.h5,523,,eccd5931dee2b474d7160dc43b41106aa85bdde4e1add5bac716a9a86e8ce4b0,33,B_antenna
S1,4507,ieee_dataport/LoRa_RFFI-main/LoRa_RFFI/dataset/Test/channel_problem/B_antenna.h5,528,,c075f1ada128645d6ec7d4a039451d866c082dd51fa069ab4a3551075c1bbafd,33,B_antenna
S1,4508,ieee_dataport/LoRa_RFFI-main/LoRa_RFFI/dataset/Test/channel_problem/B_antenna.h5,530,,dcb241d9efb93e0f204246ed8d46c35143920504af5bdd5df0cbd52873d497e8,33,B_antenna
S1,4509,ieee_dataport/LoRa_RFFI-main/LoRa_RFFI/dataset/Test/channel_problem/B_antenna.h5,535,,b55bc8ca596d0e69d8ec1fa491f8226ff156c4bbcfe1d5056616a86b87f3cffa,33,B_antenna
S1,4510,ieee_dataport/LoRa_RFFI-main/LoRa_RFFI/dataset/Test/channel_problem/B_antenna.h5,548,,52407fcd62ab1e5f72a12f344a0e445fa7a3d6923f8e23f4d23aecb1861638aa,33,B_antenna
S1,4511,ieee_dataport/LoRa_RFFI-main/LoRa_RFFI/dataset/Test/channel_problem/B_antenna.h5,553,,709b9db2e1660c01fe78d610ab1c2732a41d568cf8efe89da478fed639f6a1aa,33,B_antenna
S1,4512,ieee_dataport/LoRa_RFFI-main/LoRa_RFFI/dataset/Test/channel_problem/B_antenna.h5,561,,843e383ba037c84eaaf6191134778502dd3c0820833b0bc214d0969a1669dcf8,33,B_antenna
S1,4513,ieee_dataport/LoRa_RFFI-main/LoRa_RFFI/dataset/Test/channel_problem/B_antenna.h5,566,,fb5aceba9dc4f375483df2baa9a08b38414551f468cb12227a4e23c3cb1141f7,33,B_antenna
S1,4514,ieee_dataport/LoRa_RFFI-main/LoRa_RFFI/dataset/Test/channel_problem/B_antenna.h5,570,,1a512416acaa970b57d07fd4cfee744022c0653d9d7e64a5259ed102645f38a0,33,B_antenna
S1,4515,ieee_dataport/LoRa_RFFI-main/LoRa_RFFI/dataset/Test/channel_problem/B_antenna.h5,578,,f546d2a36a3500baee1988b293ac1e6777bfcec3c092305932cfc22a4e124a39,33,B_antenna
S1,4516,ieee_dataport/LoRa_RFFI-main/LoRa_RFFI/dataset/Test/channel_problem/B_antenna.h5,584,,e2934a26eab5f0ebd1cf257a8052a75d2159c72631c176010ae28ac33db86d84,33,B_antenna
S1,4517,ieee_dataport/LoRa_RFFI-main/LoRa_RFFI/dataset/Test/channel_problem/B_antenna.h5,590,,d29b41aea8ab300aab67c4a6e51e90cc6b92a54cbccd39f5ee39ba69304a5809,33,B_antenna
S1,4518,ieee_dataport/LoRa_RFFI-main/LoRa_RFFI/dataset/Test/channel_problem/B_antenna.h5,592,,6ff539fc610fab295ddbd378abbdc3e3b84da962e25f4a771af5d00ac9e342f0,33,B_antenna
S1,4519,ieee_dataport/LoRa_RFFI-main/LoRa_RFFI/dataset/Test/channel_problem/B_antenna.h5,599,,2887f6643b8b3afcc833b381c6d26aa44713003b98230baa817e71d3dcdc6c5d,33,B_antenna
S1,4520,ieee_dataport/LoRa_RFFI-main/LoRa_RFFI/dataset/Test/channel_problem/B_antenna.h5,601,,47875471ca348949eff3cc62c1ccfd32bdcaa307b391c8ad5b529d45a473befb,34,B_antenna
S1,4521,ieee_dataport/LoRa_RFFI-main/LoRa_RFFI/dataset/Test/channel_problem/B_antenna.h5,607,,b0ddff476ec0b2bfa4597ccadb2edaa3990ffde8ed184a8e5b0310b2a919f7dd,34,B_antenna
S1,4522,ieee_dataport/LoRa_RFFI-main/LoRa_RFFI/dataset/Test/channel_problem/B_antenna.h5,608,,8f980fffc7ce9a98383b177fad0feae15612d7f20d6be5969f514e966335ff8c,34,B_antenna
S1,4523,ieee_dataport/LoRa_RFFI-main/LoRa_RFFI/dataset/Test/channel_problem/B_antenna.h5,613,,713fc553002ad8d6f578f98f8aef1e6381af88ff1a76c6bf81f0fb6d11f4b6c7,34,B_antenna
S1,4524,ieee_dataport/LoRa_RFFI-main/LoRa_RFFI/dataset/Test/channel_problem/B_antenna.h5,619,,4bd9ec8f93878f7f29061834a66c4e2769d7a9f3460c6fe4a2f4ededcfe336a7,34,B_antenna
S1,4525,ieee_dataport/LoRa_RFFI-main/LoRa_RFFI/dataset/Test/channel_problem/B_antenna.h5,629,,8d4cb0e26cd80ece7d07fa75b99a31017d44964d62fa3f98357ee1a9c9fab8a7,34,B_antenna
S1,4526,ieee_dataport/LoRa_RFFI-main/LoRa_RFFI/dataset/Test/channel_problem/B_antenna.h5,635,,84e828fcb995c0fc8c13f79e61e3a2e909d60f327b89da85188a38c8fb72c32d,34,B_antenna
S1,4527,ieee_dataport/LoRa_RFFI-main/LoRa_RFFI/dataset/Test/channel_problem/B_antenna.h5,640,,f84b3f759b334c29d6cf20ded409b8729a0bc9b5e205dd98a9f87eb066c3e3d8,34,B_antenna
S1,4528,ieee_dataport/LoRa_RFFI-main/LoRa_RFFI/dataset/Test/channel_problem/B_antenna.h5,654,,5613b984d2f9326da0171d7bdbffff5b7dc9d34c3a2c08e8350f00b98d421e15,34,B_antenna
S1,4529,ieee_dataport/LoRa_RFFI-main/LoRa_RFFI/dataset/Test/channel_problem/B_antenna.h5,657,,00658c82e8208de5a82d1036728520a71d74d42e2dd327f61a11a40f3424b027,34,B_antenna
S1,4530,ieee_dataport/LoRa_RFFI-main/LoRa_RFFI/dataset/Test/channel_problem/B_antenna.h5,676,,639021f80023d749dc081f47887b65b2bf9a671150397e7f22ddefc4db9f05c3,34,B_antenna
S1,4531,ieee_dataport/LoRa_RFFI-main/LoRa_RFFI/dataset/Test/channel_problem/B_antenna.h5,679,,06102093a2c1f19131eab3c7bb55fa7d39c80030315d06d68565d796bf576b25,34,B_antenna
S1,4532,ieee_dataport/LoRa_RFFI-main/LoRa_RFFI/dataset/Test/channel_problem/B_antenna.h5,683,,33c546308400cb1b8028595a52a8ee8e15aea04e579d96ce7adaf4b354ed11d3,34,B_antenna
S1,4533,ieee_dataport/LoRa_RFFI-main/LoRa_RFFI/dataset/Test/channel_problem/B_antenna.h5,685,,c03343abfe6007503cfca8cac1e1c5302064b9021b1369129ef54bd107977c6c,34,B_antenna
S1,4534,ieee_dataport/LoRa_RFFI-main/LoRa_RFFI/dataset/Test/channel_problem/B_antenna.h5,689,,1981a8bd87fce438a222a199d32629957f5f056c54c888551b098ea3ca7271d0,34,B_antenna
S1,4535,ieee_dataport/LoRa_RFFI-main/LoRa_RFFI/dataset/Test/channel_problem/B_antenna.h5,697,,19235c187b2bea2cbf199efa035df402af7a868740cac6f470dceb0608cde024,34,B_antenna
S1,4536,ieee_dataport/LoRa_RFFI-main/LoRa_RFFI/dataset/Test/channel_problem/B_antenna.h5,704,,fbcee5469c90b06bdcf9fe0213b5a2e5309ff8d854984774ee9013b01062d756,34,B_antenna
S1,4537,ieee_dataport/LoRa_RFFI-main/LoRa_RFFI/dataset/Test/channel_problem/B_antenna.h5,706,,4a99958d9b3d30ecaec0dc048d3e036da65c51fe38c6a7abb55c0e28c1d8815e,34,B_antenna
S1,4538,ieee_dataport/LoRa_RFFI-main/LoRa_RFFI/dataset/Test/channel_problem/B_antenna.h5,708,,650e8d19802056e9dc2a2ed5fff0e345dbec35e33238ddb1dded4d06fe8825b7,34,B_antenna
S1,4539,ieee_dataport/LoRa_RFFI-main/LoRa_RFFI/dataset/Test/channel_problem/B_antenna.h5,709,,e75a47c17c1b19d118cd863f08ac706fbe892a76c0362c6c01d6b778e0b5fb14,34,B_antenna
S1,4540,ieee_dataport/LoRa_RFFI-main/LoRa_RFFI/dataset/Test/channel_problem/B_antenna.h5,716,,a916f52bd1a22835a719b921468fda582eadc711e937b8a22c28a415a2573ecf,34,B_antenna
S1,4541,ieee_dataport/LoRa_RFFI-main/LoRa_RFFI/dataset/Test/channel_problem/B_antenna.h5,718,,9020231bba0f08480e2f787da69338cb5723f69943c0e10373489c06144f71ac,34,B_antenna
S1,4542,ieee_dataport/LoRa_RFFI-main/LoRa_RFFI/dataset/Test/channel_problem/B_antenna.h5,722,,260568801ee4b3ca0ffa5e6b16d1ed5a0d5e1c2e70d061f3edd784ad9045bc71,34,B_antenna
S1,4543,ieee_dataport/LoRa_RFFI-main/LoRa_RFFI/dataset/Test/channel_problem/B_antenna.h5,723,,ea903eca63ea7e1b1aa85453cdac7fa65b0a8f93356308c22790e849fb785c95,34,B_antenna
S1,4544,ieee_dataport/LoRa_RFFI-main/LoRa_RFFI/dataset/Test/channel_problem/B_antenna.h5,724,,e9b6b5322bfa574cbd91beb7853de5a10a393d83af2df0b68b916250a1e23b11,34,B_antenna
S1,4545,ieee_dataport/LoRa_RFFI-main/LoRa_RFFI/dataset/Test/channel_problem/B_antenna.h5,731,,af0e3660ea74a31cea77078dea70e24464365617ac0879f2e1e9dd14234c4e23,34,B_antenna
S1,4546,ieee_dataport/LoRa_RFFI-main/LoRa_RFFI/dataset/Test/channel_problem/B_antenna.h5,748,,fea1f22b80f4d59d97a42810831b9d766f06617ab70e6337347095e7f5a958f5,34,B_antenna
S1,4547,ieee_dataport/LoRa_RFFI-main/LoRa_RFFI/dataset/Test/channel_problem/B_antenna.h5,752,,c015906ed4642249d7b6528b8f9f7ce3e5f20565d2704e7051999fc70b4fa322,34,B_antenna
S1,4548,ieee_dataport/LoRa_RFFI-main/LoRa_RFFI/dataset/Test/channel_problem/B_antenna.h5,758,,2351dcd2706a7eae9be0fd9313321e09dd99d07d0c9dfcc65c8aa56cf3d10be0,34,B_antenna
S1,4549,ieee_dataport/LoRa_RFFI-main/LoRa_RFFI/dataset/Test/channel_problem/B_antenna.h5,759,,00039afd72c880194528497f66f3393a3e0b07f0c873ecd3ccddcc255f3f3bf9,34,B_antenna
S1,4550,ieee_dataport/LoRa_RFFI-main/LoRa_RFFI/dataset/Test/channel_problem/B_antenna.h5,764,,cca1f9a96671123db40e788c7fb8b4a28e9e58c38391e9e1aa629491f67c554d,34,B_antenna
S1,4551,ieee_dataport/LoRa_RFFI-main/LoRa_RFFI/dataset/Test/channel_problem/B_antenna.h5,769,,2b8570f55b3913e642b18bbef982c16ec0a3068cea6b4528140c38947f6ee648,34,B_antenna
S1,4552,ieee_dataport/LoRa_RFFI-main/LoRa_RFFI/dataset/Test/channel_problem/B_antenna.h5,775,,12acba2fd65e65d43fc40b0bdfb02cc69efdaa8e8f49e1fda73a30471ba26d8a,34,B_antenna
S1,4553,ieee_dataport/LoRa_RFFI-main/LoRa_RFFI/dataset/Test/channel_problem/B_antenna.h5,782,,41436448cf62010bf0b4cd94c9a3edbf27506e963067184843fbefca39234155,34,B_antenna
S1,4554,ieee_dataport/LoRa_RFFI-main/LoRa_RFFI/dataset/Test/channel_problem/B_antenna.h5,783,,758c719127ac745a17984fbdf2451573968eb7758d582a85f17f43d9115824af,34,B_antenna
S1,4555,ieee_dataport/LoRa_RFFI-main/LoRa_RFFI/dataset/Test/channel_problem/B_antenna.h5,787,,16e666735220fb09fcb481549b68fe79d2572da12e4a148358ddf0b825ddcde8,34,B_antenna
S1,4556,ieee_dataport/LoRa_RFFI-main/LoRa_RFFI/dataset/Test/channel_problem/B_antenna.h5,789,,a8a91c3c7278d70dcc7b1d7a3e4babf665f5180dcfa2332a6e0f57510fcd2d58,34,B_antenna
S1,4557,ieee_dataport/LoRa_RFFI-main/LoRa_RFFI/dataset/Test/channel_problem/B_antenna.h5,793,,630e57868296f6ae922f647cf5363685b8862089cd0a9b1bd56339bc64c35078,34,B_antenna
S1,4558,ieee_dataport/LoRa_RFFI-main/LoRa_RFFI/dataset/Test/channel_problem/B_antenna.h5,794,,ff654aa0cecc591b542e8b5f95e305e3cdcc324c666e48927784cfb1217a0c0c,34,B_antenna
S1,4559,ieee_dataport/LoRa_RFFI-main/LoRa_RFFI/dataset/Test/channel_problem/B_antenna.h5,795,,d7f926dc665cfa3308e1816717a0029fc1292c759c8f3afa77bf293ecf846e1f,34,B_antenna
S1,4560,ieee_dataport/LoRa_RFFI-main/LoRa_RFFI/dataset/Test/channel_problem/B_antenna.h5,806,,5a960c66da36d54def97021365f2bb4cfc6400473e236bdfb84e8bf87b7f1f3a,35,B_antenna
S1,4561,ieee_dataport/LoRa_RFFI-main/LoRa_RFFI/dataset/Test/channel_problem/B_antenna.h5,807,,b41a66c70d661a799c0c93ae60ce405f43bdbf980e65f44673ec0c47a1d0b999,35,B_antenna
S1,4562,ieee_dataport/LoRa_RFFI-main/LoRa_RFFI/dataset/Test/channel_problem/B_antenna.h5,809,,538b039fe3924cc6f8d42f919d55a46aa624e2d88c3257193a6beace1d7806a5,35,B_antenna
S1,4563,ieee_dataport/LoRa_RFFI-main/LoRa_RFFI/dataset/Test/channel_problem/B_antenna.h5,810,,a6ef6c831022531ae48e79c0820fbd40d3fabad7c8aa163cb93ea4dd9252e4b1,35,B_antenna
S1,4564,ieee_dataport/LoRa_RFFI-main/LoRa_RFFI/dataset/Test/channel_problem/B_antenna.h5,811,,d28b68646c863b54c67cc69b6e263784a7d49a48febd964f0bd82dfc21882ce2,35,B_antenna
S1,4565,ieee_dataport/LoRa_RFFI-main/LoRa_RFFI/dataset/Test/channel_problem/B_antenna.h5,819,,0500be0ffcb5b68c4cadf860c5aa5c060cd8badd63ea01b472dc674cd180983a,35,B_antenna
S1,4566,ieee_dataport/LoRa_RFFI-main/LoRa_RFFI/dataset/Test/channel_problem/B_antenna.h5,824,,ab55353698678e55c9db50f8e2934c50c775a4d76c991bd212fba21753351297,35,B_antenna
S1,4567,ieee_dataport/LoRa_RFFI-main/LoRa_RFFI/dataset/Test/channel_problem/B_antenna.h5,825,,cecce511331cbc7ab39c592ec63fdf23d0dd6885fdc8b86e298798a0f090352f,35,B_antenna
S1,4568,ieee_dataport/LoRa_RFFI-main/LoRa_RFFI/dataset/Test/channel_problem/B_antenna.h5,827,,8fea8a6ee93bc67660a5a8e85abcf80933d3caa72483e02490349d75e6537db8,35,B_antenna
S1,4569,ieee_dataport/LoRa_RFFI-main/LoRa_RFFI/dataset/Test/channel_problem/B_antenna.h5,828,,5a2316a43459528bedddecf87d48cc522ea649cf27b0321156210935036fcf2f,35,B_antenna
S1,4570,ieee_dataport/LoRa_RFFI-main/LoRa_RFFI/dataset/Test/channel_problem/B_antenna.h5,841,,1c27f3299ae6160cb4009773caaa225b4f06619a1589f49e96138eafc26883b6,35,B_antenna
S1,4571,ieee_dataport/LoRa_RFFI-main/LoRa_RFFI/dataset/Test/channel_problem/B_antenna.h5,854,,087af3f34d4d60998c2a839cc957d64a1144feb4abcbbf190b3fa0aba693ad73,35,B_antenna
S1,4572,ieee_dataport/LoRa_RFFI-main/LoRa_RFFI/dataset/Test/channel_problem/B_antenna.h5,864,,ac9a08d15de32ab1dde6a48b3e49299632e80659d7edffcb1ea720a272f0860b,35,B_antenna
S1,4573,ieee_dataport/LoRa_RFFI-main/LoRa_RFFI/dataset/Test/channel_problem/B_antenna.h5,866,,5a3301e74685856d0d99a2890520dccdc67f670968af01a3604e57dd55a78085,35,B_antenna
S1,4574,ieee_dataport/LoRa_RFFI-main/LoRa_RFFI/dataset/Test/channel_problem/B_antenna.h5,869,,a6484d1953841830fc1b29c43f8812106fb9fc77ccda20a6f11fbd117b6e692f,35,B_antenna
S1,4575,ieee_dataport/LoRa_RFFI-main/LoRa_RFFI/dataset/Test/channel_problem/B_antenna.h5,873,,a8524595a5937c13222b2e4057bc18232589e9134d9bdb1fa32de125506387e2,35,B_antenna
S1,4576,ieee_dataport/LoRa_RFFI-main/LoRa_RFFI/dataset/Test/channel_problem/B_antenna.h5,876,,f17655de5afbcf09f572aa45c0113bb7003705533df2a4b51456bc2ee21ebcf3,35,B_antenna
S1,4577,ieee_dataport/LoRa_RFFI-main/LoRa_RFFI/dataset/Test/channel_problem/B_antenna.h5,879,,66045b19d21a96b4d530f2df19d87618efbb614b335ff674b54f931208ded9ed,35,B_antenna
S1,4578,ieee_dataport/LoRa_RFFI-main/LoRa_RFFI/dataset/Test/channel_problem/B_antenna.h5,882,,07fde5fb491a33541b491f9e693994e0e6f5e1f2632ad81ba5e7de36fb4c25d6,35,B_antenna
S1,4579,ieee_dataport/LoRa_RFFI-main/LoRa_RFFI/dataset/Test/channel_problem/B_antenna.h5,888,,386c79d22440c0ff2efcf7970b442a519be8f197d97ddf9282cda9d8d29c9846,35,B_antenna
S1,4580,ieee_dataport/LoRa_RFFI-main/LoRa_RFFI/dataset/Test/channel_problem/B_antenna.h5,892,,5e4ff7fb4091d02e74fcd107a8e1fda85190883d0314a0225f773a22cdb174a7,35,B_antenna
S1,4581,ieee_dataport/LoRa_RFFI-main/LoRa_RFFI/dataset/Test/channel_problem/B_antenna.h5,893,,e896bcfcc715991a4b4f74a6959b6b8296bf09366f91edc88747104e1cf42361,35,B_antenna
S1,4582,ieee_dataport/LoRa_RFFI-main/LoRa_RFFI/dataset/Test/channel_problem/B_antenna.h5,902,,e1f6756d958ae1a9d6ec1aeda2380a9f618b679e677fc5b1da7756e76bfc7c22,35,B_antenna
S1,4583,ieee_dataport/LoRa_RFFI-main/LoRa_RFFI/dataset/Test/channel_problem/B_antenna.h5,907,,7a62e8b08b7283c6c9aced1a4b61f2155c06e44bfeb7db3f2c53a1c05667e8eb,35,B_antenna
S1,4584,ieee_dataport/LoRa_RFFI-main/LoRa_RFFI/dataset/Test/channel_problem/B_antenna.h5,936,,bccaa4ea880294336ef7e49e7de53f00238a15a3e29cd59bc70e52326bda9f90,35,B_antenna
S1,4585,ieee_dataport/LoRa_RFFI-main/LoRa_RFFI/dataset/Test/channel_problem/B_antenna.h5,938,,9613675aacaf0137d8e4f9bcc97f2adb15b110178d3c62ee40ce58e798cafbd0,35,B_antenna
S1,4586,ieee_dataport/LoRa_RFFI-main/LoRa_RFFI/dataset/Test/channel_problem/B_antenna.h5,941,,26db2740b95ed86339ce3efde490b7aca9ee7657111b70bf0abe7e36ba780757,35,B_antenna
S1,4587,ieee_dataport/LoRa_RFFI-main/LoRa_RFFI/dataset/Test/channel_problem/B_antenna.h5,943,,1aaae0ad780f9a71c253d808f86b982d2a09e74f96263e7512aab02eb42966fe,35,B_antenna
S1,4588,ieee_dataport/LoRa_RFFI-main/LoRa_RFFI/dataset/Test/channel_problem/B_antenna.h5,951,,b08dafd415e0eb025aa2c482455685f1d2e28397c43af21a64635714fc0d338f,35,B_antenna
S1,4589,ieee_dataport/LoRa_RFFI-main/LoRa_RFFI/dataset/Test/channel_problem/B_antenna.h5,952,,5eddb08baf94e879acf197f1551c1f7d612d9f3647f06580b831979515aba626,35,B_antenna
S1,4590,ieee_dataport/LoRa_RFFI-main/LoRa_RFFI/dataset/Test/channel_problem/B_antenna.h5,953,,0adef16835b0e7cb74ee98aad22362595e5edab05413843622b38fe3a5e9a153,35,B_antenna
S1,4591,ieee_dataport/LoRa_RFFI-main/LoRa_RFFI/dataset/Test/channel_problem/B_antenna.h5,960,,fe7e96ba543b92fa44d0c88c3002f136e5d4e5f95e3c493874ea24529bb9f0ce,35,B_antenna
S1,4592,ieee_dataport/LoRa_RFFI-main/LoRa_RFFI/dataset/Test/channel_problem/B_antenna.h5,962,,4cc9218b632930a57b080c5fc8e4b9a71480c931d21e82bcec532e74f5658074,35,B_antenna
S1,4593,ieee_dataport/LoRa_RFFI-main/LoRa_RFFI/dataset/Test/channel_problem/B_antenna.h5,968,,620f9b511f2b28ef6c8e9cf74fbbb6c5250a8a8ca1a1c4ff6744390f010e60cc,35,B_antenna
S1,4594,ieee_dataport/LoRa_RFFI-main/LoRa_RFFI/dataset/Test/channel_problem/B_antenna.h5,970,,7ce3260402012e6a4e9016e96f16f46c355398fafd201947fe18742fecd5ddd8,35,B_antenna
S1,4595,ieee_dataport/LoRa_RFFI-main/LoRa_RFFI/dataset/Test/channel_problem/B_antenna.h5,976,,43716e261517fccb88eec085b4d43609e820ce60ec34af01e7424dbbf7e0da23,35,B_antenna
S1,4596,ieee_dataport/LoRa_RFFI-main/LoRa_RFFI/dataset/Test/channel_problem/B_antenna.h5,985,,cd276900db246718f9de1217c6da4290bec5884a17f8ffcd16ec91d0e5a667e4,35,B_antenna
S1,4597,ieee_dataport/LoRa_RFFI-main/LoRa_RFFI/dataset/Test/channel_problem/B_antenna.h5,994,,8c9c4f47f7d166dcb7ac6215835c97300d1dd2543bb75d8ead9949d1a80a7976,35,B_antenna
S1,4598,ieee_dataport/LoRa_RFFI-main/LoRa_RFFI/dataset/Test/channel_problem/B_antenna.h5,996,,0c6ca9c603bcb3a31fb697f995f38ae67121a407d0018c1f0ca2182686b99b5d,35,B_antenna
S1,4599,ieee_dataport/LoRa_RFFI-main/LoRa_RFFI/dataset/Test/channel_problem/B_antenna.h5,998,,150a9b5d9d0e8105e1d71e4e2ed8321ccdac351708b2ff1b2ef13fa20e5c1108,35,B_antenna
S1,4600,ieee_dataport/LoRa_RFFI-main/LoRa_RFFI/dataset/Test/channel_problem/B_antenna.h5,1019,,65b9777a77487bb773b6940f314e76b7e07adbd3f26b7b7cf248a53cf5868bbd,36,B_antenna
S1,4601,ieee_dataport/LoRa_RFFI-main/LoRa_RFFI/dataset/Test/channel_problem/B_antenna.h5,1021,,720556fd1dfcee7a5f1e8e0330dca6148431f6f8cd952d420aa7ab4af08b7fc1,36,B_antenna
S1,4602,ieee_dataport/LoRa_RFFI-main/LoRa_RFFI/dataset/Test/channel_problem/B_antenna.h5,1025,,307bdf4e56c6ed87d14a851b777737f550f410ed3df9b30252751e1069ee2ac5,36,B_antenna
S1,4603,ieee_dataport/LoRa_RFFI-main/LoRa_RFFI/dataset/Test/channel_problem/B_antenna.h5,1027,,d6de1bca756cba0f20d45a4941c502f01c0a490a1b3d2265093be55f88fbfebd,36,B_antenna
S1,4604,ieee_dataport/LoRa_RFFI-main/LoRa_RFFI/dataset/Test/channel_problem/B_antenna.h5,1039,,f8aa9a0e8dd488a4eed0de3d4b47ecbd1182ef41d5beefb5450d5251410574c5,36,B_antenna
S1,4605,ieee_dataport/LoRa_RFFI-main/LoRa_RFFI/dataset/Test/channel_problem/B_antenna.h5,1041,,72aac3688472ffe49a15bb38d56422d492a751e5ed3df257f5dc893afec76fa7,36,B_antenna
S1,4606,ieee_dataport/LoRa_RFFI-main/LoRa_RFFI/dataset/Test/channel_problem/B_antenna.h5,1043,,17a93f323cdf40911aa27754ed3bae641308b239289ed89226a04dbb1e001578,36,B_antenna
S1,4607,ieee_dataport/LoRa_RFFI-main/LoRa_RFFI/dataset/Test/channel_problem/B_antenna.h5,1045,,9da693c6cc10bc85536ac8c7c6b89947b21c1083eeb9f23e872d90e43d58dfe4,36,B_antenna
S1,4608,ieee_dataport/LoRa_RFFI-main/LoRa_RFFI/dataset/Test/channel_problem/B_antenna.h5,1046,,351e929c621bd1d1d4c16bc6c1b3a81e237ce96e8055c91f61453bc67d5cd1ef,36,B_antenna
S1,4609,ieee_dataport/LoRa_RFFI-main/LoRa_RFFI/dataset/Test/channel_problem/B_antenna.h5,1047,,0d67605f07a6c213d65423a39a36e9e3433b1109f788986f5fba2356dbd3541d,36,B_antenna
S1,4610,ieee_dataport/LoRa_RFFI-main/LoRa_RFFI/dataset/Test/channel_problem/B_antenna.h5,1059,,a5691f996eaded05a1ed8f8b5860447fc9b9840ec1b2ea536e568b21ec5cbf55,36,B_antenna
S1,4611,ieee_dataport/LoRa_RFFI-main/LoRa_RFFI/dataset/Test/channel_problem/B_antenna.h5,1060,,f7a705eadee533b109cc25bcdbcc1c555a4bf4ee33941b6aa7b438ae2b7c939a,36,B_antenna
S1,4612,ieee_dataport/LoRa_RFFI-main/LoRa_RFFI/dataset/Test/channel_problem/B_antenna.h5,1065,,8fc177a2bcbdddcc168610a7a6c25a607b0b4c5de017a21601467b6f358efc4d,36,B_antenna
S1,4613,ieee_dataport/LoRa_RFFI-main/LoRa_RFFI/dataset/Test/channel_problem/B_antenna.h5,1066,,e68dffd1053b633b7efbb2767544dcfad69ddcb69cef2f09fec54e05fdc7c501,36,B_antenna
S1,4614,ieee_dataport/LoRa_RFFI-main/LoRa_RFFI/dataset/Test/channel_problem/B_antenna.h5,1070,,c6ec94cec69429a3d952d63994eb74d6ba6b086389cc04a04462cf8fec068983,36,B_antenna
S1,4615,ieee_dataport/LoRa_RFFI-main/LoRa_RFFI/dataset/Test/channel_problem/B_antenna.h5,1075,,248e364b1ae61ab14b164d41b5ecfc4e88e6d191c36540224d3db95721bb8d46,36,B_antenna
S1,4616,ieee_dataport/LoRa_RFFI-main/LoRa_RFFI/dataset/Test/channel_problem/B_antenna.h5,1076,,efdb6832ed307e04e04fd4ccc3d06cf969d7e39a258a9183122b9f6a84b9d1e1,36,B_antenna
S1,4617,ieee_dataport/LoRa_RFFI-main/LoRa_RFFI/dataset/Test/channel_problem/B_antenna.h5,1080,,a0e5b08859dc2532047f56a06ae0a44830be78499c5ed00b0b9236c4e3943ffc,36,B_antenna
S1,4618,ieee_dataport/LoRa_RFFI-main/LoRa_RFFI/dataset/Test/channel_problem/B_antenna.h5,1082,,cc942749b516d3c0cbc42626c86198d1927cb82eb5071ffe794867f96956b28b,36,B_antenna
S1,4619,ieee_dataport/LoRa_RFFI-main/LoRa_RFFI/dataset/Test/channel_problem/B_antenna.h5,1085,,447a2685d66a3b8f8711481af4aff436acfcd9a8ba7c14476fec294ba854a8ff,36,B_antenna
S1,4620,ieee_dataport/LoRa_RFFI-main/LoRa_RFFI/dataset/Test/channel_problem/B_antenna.h5,1089,,e9f2f79954576949db8e4e103e20d9f864693787ff6dfa58f16156f5cc5f20d4,36,B_antenna
S1,4621,ieee_dataport/LoRa_RFFI-main/LoRa_RFFI/dataset/Test/channel_problem/B_antenna.h5,1095,,fb4ecf00420cb288b02ab46c17d2692a6d2f420f91ca05db7e12ad0cf39e2b27,36,B_antenna
S1,4622,ieee_dataport/LoRa_RFFI-main/LoRa_RFFI/dataset/Test/channel_problem/B_antenna.h5,1096,,64fa50874144ec80d53da53bff41f54621f8c45b57ed6f12bb93ad01998ef729,36,B_antenna
S1,4623,ieee_dataport/LoRa_RFFI-main/LoRa_RFFI/dataset/Test/channel_problem/B_antenna.h5,1099,,fd4037e8b9e210e3003cbab132bc915114921674ae6663e0919c53912cafc38e,36,B_antenna
S1,4624,ieee_dataport/LoRa_RFFI-main/LoRa_RFFI/dataset/Test/channel_problem/B_antenna.h5,1100,,83dc1d772da1ab57b3d5b9c874c2888ea3cdb118f0149d2bc51b63c2e7918c41,36,B_antenna
S1,4625,ieee_dataport/LoRa_RFFI-main/LoRa_RFFI/dataset/Test/channel_problem/B_antenna.h5,1106,,b60022900be5479cec43640778f5ba721cfc5d1f79014e48d5eba2e65ebcf061,36,B_antenna
S1,4626,ieee_dataport/LoRa_RFFI-main/LoRa_RFFI/dataset/Test/channel_problem/B_antenna.h5,1108,,f3897ec8f07cc69fc4723d961f97ae438acd103f50344f6e21a8f9aa73151b9e,36,B_antenna
S1,4627,ieee_dataport/LoRa_RFFI-main/LoRa_RFFI/dataset/Test/channel_problem/B_antenna.h5,1113,,2d0e45578f5b783d4a4b8d2ebc7ddaaef226200b98a2a95e7aea0ae391e053b0,36,B_antenna
S1,4628,ieee_dataport/LoRa_RFFI-main/LoRa_RFFI/dataset/Test/channel_problem/B_antenna.h5,1114,,3ae916a5f9d96bb1ac377f4f00b9332508120b82bcc613589305ae1cbd73cf21,36,B_antenna
S1,4629,ieee_dataport/LoRa_RFFI-main/LoRa_RFFI/dataset/Test/channel_problem/B_antenna.h5,1136,,433d2ca6cb96b1641bf6766dd13393b9b35270f83076e3526effd8c268387cfa,36,B_antenna
S1,4630,ieee_dataport/LoRa_RFFI-main/LoRa_RFFI/dataset/Test/channel_problem/B_antenna.h5,1137,,22ae6a17210729bc98fab6f2e557095d6592194e36cbed16e3bf3f4ada44e46b,36,B_antenna
S1,4631,ieee_dataport/LoRa_RFFI-main/LoRa_RFFI/dataset/Test/channel_problem/B_antenna.h5,1138,,4cffb4d8f9969524c3f781726dd07f677b13ebc2175c318e6257ee4c27d2837d,36,B_antenna
S1,4632,ieee_dataport/LoRa_RFFI-main/LoRa_RFFI/dataset/Test/channel_problem/B_antenna.h5,1158,,d86c4a58c282f34ce3988a611a852d1a1342cb10d148b19d50814521132ec57c,36,B_antenna
S1,4633,ieee_dataport/LoRa_RFFI-main/LoRa_RFFI/dataset/Test/channel_problem/B_antenna.h5,1172,,f7250746570a398d500f66ce4ad81edea967d48f03f9e2c5d63c2a74670355ac,36,B_antenna
S1,4634,ieee_dataport/LoRa_RFFI-main/LoRa_RFFI/dataset/Test/channel_problem/B_antenna.h5,1180,,29bd6a319d3a3a8564d602df7dccaba124145fed217832e76c6799c9698ba3b5,36,B_antenna
S1,4635,ieee_dataport/LoRa_RFFI-main/LoRa_RFFI/dataset/Test/channel_problem/B_antenna.h5,1181,,02c560479f8b31a1ec3876cbd073ca15b749c081855517fd1613a9295204b85c,36,B_antenna
S1,4636,ieee_dataport/LoRa_RFFI-main/LoRa_RFFI/dataset/Test/channel_problem/B_antenna.h5,1188,,9d65f30c98a0a173a75185d298ab3376a646484453edb5f9ed530b5ddb3d4e05,36,B_antenna
S1,4637,ieee_dataport/LoRa_RFFI-main/LoRa_RFFI/dataset/Test/channel_problem/B_antenna.h5,1193,,591e9f288d7916a56d91b26b5f5bbf157e1f800301a36e7b6ce6caa2f939d96d,36,B_antenna
S1,4638,ieee_dataport/LoRa_RFFI-main/LoRa_RFFI/dataset/Test/channel_problem/B_antenna.h5,1195,,dccf2a23009153fdc2be9ab67f63addb27c201b15a649cf59a472e37bdbb6ecb,36,B_antenna
S1,4639,ieee_dataport/LoRa_RFFI-main/LoRa_RFFI/dataset/Test/channel_problem/B_antenna.h5,1199,,87818596da790b27f17932eb94b1304b6d63a7b9fc416033d03812c0e1cc63b2,36,B_antenna
S1,4640,ieee_dataport/LoRa_RFFI-main/LoRa_RFFI/dataset/Test/channel_problem/B_antenna.h5,1200,,1be7ad4ce5c89c88cc79a28ebf962eef9d150006701b134d1f4c04996623ab18,37,B_antenna
S1,4641,ieee_dataport/LoRa_RFFI-main/LoRa_RFFI/dataset/Test/channel_problem/B_antenna.h5,1206,,e67226d4716f983c962b228d3ddd71b62da2374dea748c9fad4a2df30057cf67,37,B_antenna
S1,4642,ieee_dataport/LoRa_RFFI-main/LoRa_RFFI/dataset/Test/channel_problem/B_antenna.h5,1207,,1b3bb4da748adae702d8ac2d1b4b28f0cdd41764eed18898d8cd7b6bb0bfeb50,37,B_antenna
S1,4643,ieee_dataport/LoRa_RFFI-main/LoRa_RFFI/dataset/Test/channel_problem/B_antenna.h5,1211,,f52c22bd62fd8a0c07c71eaa22292bcc8b4642869f79786659cffcab0e95d06e,37,B_antenna
S1,4644,ieee_dataport/LoRa_RFFI-main/LoRa_RFFI/dataset/Test/channel_problem/B_antenna.h5,1215,,c3384b1c9278ffcbf4b3da90193eeb7f013d68de77ff77f4e9e38c32c881fbea,37,B_antenna
S1,4645,ieee_dataport/LoRa_RFFI-main/LoRa_RFFI/dataset/Test/channel_problem/B_antenna.h5,1220,,e6a036772f5702293d1bce14844fee11036751a6f24c5c491a3fb7281804177f,37,B_antenna
S1,4646,ieee_dataport/LoRa_RFFI-main/LoRa_RFFI/dataset/Test/channel_problem/B_antenna.h5,1221,,db7cfd700bedb3bbfec6569acf1bab6a53ea965a41ed1e951d5511a03333e787,37,B_antenna
S1,4647,ieee_dataport/LoRa_RFFI-main/LoRa_RFFI/dataset/Test/channel_problem/B_antenna.h5,1226,,7813ed43107a167177dd0b91d9a335e631a397dd932cc5871badfa278e70a803,37,B_antenna
S1,4648,ieee_dataport/LoRa_RFFI-main/LoRa_RFFI/dataset/Test/channel_problem/B_antenna.h5,1233,,1deb689fb5c41a42c02b8d067f7b087c7cd7a406201dd774594a856a938a2dd7,37,B_antenna
S1,4649,ieee_dataport/LoRa_RFFI-main/LoRa_RFFI/dataset/Test/channel_problem/B_antenna.h5,1236,,3c7823c4901fc72308d44915fd6302e408c4d6c0baa89b2a76941c1dca257ce7,37,B_antenna
S1,4650,ieee_dataport/LoRa_RFFI-main/LoRa_RFFI/dataset/Test/channel_problem/B_antenna.h5,1240,,5f80ec11d8b9e9e8189b937bae763a699f9721cc8c3cb3f71e3c3a4b5cfb0e71,37,B_antenna
S1,4651,ieee_dataport/LoRa_RFFI-main/LoRa_RFFI/dataset/Test/channel_problem/B_antenna.h5,1243,,c970935d76c3fe0cd633df8ac2a7134438eed7899bd122c477ec635ab45e85d7,37,B_antenna
S1,4652,ieee_dataport/LoRa_RFFI-main/LoRa_RFFI/dataset/Test/channel_problem/B_antenna.h5,1247,,299e2aec2548785e933ad1bb6620365f9b75fc5bb763bca4501e422008dd318a,37,B_antenna
S1,4653,ieee_dataport/LoRa_RFFI-main/LoRa_RFFI/dataset/Test/channel_problem/B_antenna.h5,1249,,7505c26241c20130f88328b7f624e9e32bc4d597365fd7aed58816bc55905a65,37,B_antenna
S1,4654,ieee_dataport/LoRa_RFFI-main/LoRa_RFFI/dataset/Test/channel_problem/B_antenna.h5,1259,,d465386087f827ed10b62fd4365f436a84ff1c41bfa6d4b37219c7a7dc7efeb6,37,B_antenna
S1,4655,ieee_dataport/LoRa_RFFI-main/LoRa_RFFI/dataset/Test/channel_problem/B_antenna.h5,1262,,4e4992a3b5243518824c0f5eee9c44681b3c82705bae9276b62abba730e9ad24,37,B_antenna
S1,4656,ieee_dataport/LoRa_RFFI-main/LoRa_RFFI/dataset/Test/channel_problem/B_antenna.h5,1265,,a5fb8e499d3c96000b290d0347bbbae716b47ed79aadd0c6da670bf01fe87d9f,37,B_antenna
S1,4657,ieee_dataport/LoRa_RFFI-main/LoRa_RFFI/dataset/Test/channel_problem/B_antenna.h5,1266,,fbe3c885190630e453c1df3a867b16a54087c72e6ede143be04f8e65e4e892fc,37,B_antenna
S1,4658,ieee_dataport/LoRa_RFFI-main/LoRa_RFFI/dataset/Test/channel_problem/B_antenna.h5,1274,,7d92967049eb9bff7d4277754b0ffe4c6ebd2c823f51556b4e722eeb0a15f602,37,B_antenna
S1,4659,ieee_dataport/LoRa_RFFI-main/LoRa_RFFI/dataset/Test/channel_problem/B_antenna.h5,1279,,cf3565d4f46d9d6c97b0e5c9a22d3d5b0409fcfb5697648cf488325b90af058d,37,B_antenna
S1,4660,ieee_dataport/LoRa_RFFI-main/LoRa_RFFI/dataset/Test/channel_problem/B_antenna.h5,1283,,67e89e47d67e3c37351535a4d3a871f8367ab200186977747d0b2659267dad9d,37,B_antenna
S1,4661,ieee_dataport/LoRa_RFFI-main/LoRa_RFFI/dataset/Test/channel_problem/B_antenna.h5,1286,,741236737f4bf9cda3c707f731f99206029a118ff3bc69d30ad443e0318f0918,37,B_antenna
S1,4662,ieee_dataport/LoRa_RFFI-main/LoRa_RFFI/dataset/Test/channel_problem/B_antenna.h5,1289,,1282b85149edfb14ffe0e673fdd46bf22373225bbb7627b9255c1bafac1166e4,37,B_antenna
S1,4663,ieee_dataport/LoRa_RFFI-main/LoRa_RFFI/dataset/Test/channel_problem/B_antenna.h5,1305,,cd584604e4f280c781bc4b5ade39d5c7c176ad4c00f8347908fcbdbc96cd93d0,37,B_antenna
S1,4664,ieee_dataport/LoRa_RFFI-main/LoRa_RFFI/dataset/Test/channel_problem/B_antenna.h5,1310,,1ce2379af5c662430bc9a3a85b221757a794808a42240a1e6752f5c9b67fadc9,37,B_antenna
S1,4665,ieee_dataport/LoRa_RFFI-main/LoRa_RFFI/dataset/Test/channel_problem/B_antenna.h5,1316,,f152c6699e9bdd24145d6fd510f88bdb9191e990cc25edc33af9a013b225ff95,37,B_antenna
S1,4666,ieee_dataport/LoRa_RFFI-main/LoRa_RFFI/dataset/Test/channel_problem/B_antenna.h5,1329,,7abf25382c04dca472bbd7404cd0a411051e03baf220326e14c087f3097b24b8,37,B_antenna
S1,4667,ieee_dataport/LoRa_RFFI-main/LoRa_RFFI/dataset/Test/channel_problem/B_antenna.h5,1338,,2dc744155623e1c884836348806a309da2fa9b3ecf591c1d3adef3253d2df6ec,37,B_antenna
S1,4668,ieee_dataport/LoRa_RFFI-main/LoRa_RFFI/dataset/Test/channel_problem/B_antenna.h5,1345,,9cb7577396fadf25212159f260fafafae33833fb05f963dbb8760104d49ec52c,37,B_antenna
S1,4669,ieee_dataport/LoRa_RFFI-main/LoRa_RFFI/dataset/Test/channel_problem/B_antenna.h5,1346,,45cbd80df667beac80a39c71b26d65e5d1aef01a4df22716973cc158d497007a,37,B_antenna
S1,4670,ieee_dataport/LoRa_RFFI-main/LoRa_RFFI/dataset/Test/channel_problem/B_antenna.h5,1353,,dcdd7fcfc605a7d78e836a345ee1c8fbcfd80697949d5459a03c35ebc5cd7aa9,37,B_antenna
S1,4671,ieee_dataport/LoRa_RFFI-main/LoRa_RFFI/dataset/Test/channel_problem/B_antenna.h5,1356,,f0a3b1d06ece21ba8bfb053f93caff598fb9d9d323135250a218a06d00b5b588,37,B_antenna
S1,4672,ieee_dataport/LoRa_RFFI-main/LoRa_RFFI/dataset/Test/channel_problem/B_antenna.h5,1360,,5c66a040442bd7c393b0053af57d330b6317e8288cbbb048717a1691a2f5cb31,37,B_antenna
S1,4673,ieee_dataport/LoRa_RFFI-main/LoRa_RFFI/dataset/Test/channel_problem/B_antenna.h5,1364,,ffabfba1faa599be1ecf030cea9dd95801321271fc98bf5bcfe91c474ca59659,37,B_antenna
S1,4674,ieee_dataport/LoRa_RFFI-main/LoRa_RFFI/dataset/Test/channel_problem/B_antenna.h5,1377,,5c0d5697a5dda93544eac59f9ad37480cb8e76ea26beb3e19afaa86d8d075c3d,37,B_antenna
S1,4675,ieee_dataport/LoRa_RFFI-main/LoRa_RFFI/dataset/Test/channel_problem/B_antenna.h5,1378,,ac9e40530efe9ce1f27864eea14a59eba641456634e02d7f0a82aaf57ca163f8,37,B_antenna
S1,4676,ieee_dataport/LoRa_RFFI-main/LoRa_RFFI/dataset/Test/channel_problem/B_antenna.h5,1379,,36bec6b78f5aedefe2795400cd204e67b237bbb732e20f51b0a5987b64739462,37,B_antenna
S1,4677,ieee_dataport/LoRa_RFFI-main/LoRa_RFFI/dataset/Test/channel_problem/B_antenna.h5,1383,,9ce2bad37af5c3925223a8727bb72f20332c061f32193b869462f533d2ff3634,37,B_antenna
S1,4678,ieee_dataport/LoRa_RFFI-main/LoRa_RFFI/dataset/Test/channel_problem/B_antenna.h5,1385,,b5e19f262df36debaa8f179fcc70c9efc7994d9cb4f4116535aa2c6ffa49a8d5,37,B_antenna
S1,4679,ieee_dataport/LoRa_RFFI-main/LoRa_RFFI/dataset/Test/channel_problem/B_antenna.h5,1394,,2faf86d370325477e97ae6143897bbb98d6337915f26b321d11fb3d8a5604b55,37,B_antenna
S1,4680,ieee_dataport/LoRa_RFFI-main/LoRa_RFFI/dataset/Test/channel_problem/B_antenna.h5,1400,,6adfdc1174ab882b9f6c7933b6e60be3cfd1aa025148c6aa8f73d96d88c52e33,38,B_antenna
S1,4681,ieee_dataport/LoRa_RFFI-main/LoRa_RFFI/dataset/Test/channel_problem/B_antenna.h5,1404,,7a3a337eef19f85e32bd83a4c8a1e35c7a1b3a6f3f76575d157875832dff1ad4,38,B_antenna
S1,4682,ieee_dataport/LoRa_RFFI-main/LoRa_RFFI/dataset/Test/channel_problem/B_antenna.h5,1407,,b4e21ad9315e4d59503057f8fc39df86bc734e50495f7e353a1eca0e12a10e71,38,B_antenna
S1,4683,ieee_dataport/LoRa_RFFI-main/LoRa_RFFI/dataset/Test/channel_problem/B_antenna.h5,1427,,b6214e307ba2fa22d70b9c2eb3dc511b239cc3082ed64442206c5ec5e337bcb1,38,B_antenna
S1,4684,ieee_dataport/LoRa_RFFI-main/LoRa_RFFI/dataset/Test/channel_problem/B_antenna.h5,1433,,080369fff16a9adbacac16bdf6211cdd6f5b7f94ce041e418ff78a25929453f1,38,B_antenna
S1,4685,ieee_dataport/LoRa_RFFI-main/LoRa_RFFI/dataset/Test/channel_problem/B_antenna.h5,1434,,46e60f2aa2c7a24d7469231113aec13f5cd83b3872f5fb50341936c6b6c42f96,38,B_antenna
S1,4686,ieee_dataport/LoRa_RFFI-main/LoRa_RFFI/dataset/Test/channel_problem/B_antenna.h5,1435,,404876a5367889869d8e87b1f636cf037f594674e2ff66c38445c17586703cd0,38,B_antenna
S1,4687,ieee_dataport/LoRa_RFFI-main/LoRa_RFFI/dataset/Test/channel_problem/B_antenna.h5,1440,,40f9b67004f27e806a3aa929671cfbefe8a04d41725623f68a0b8c1ecffdfdb8,38,B_antenna
S1,4688,ieee_dataport/LoRa_RFFI-main/LoRa_RFFI/dataset/Test/channel_problem/B_antenna.h5,1448,,e8efee7d6c61179b979c54cfee4638570a6ac7a665bdc0be6821ebbe6d47ab6a,38,B_antenna
S1,4689,ieee_dataport/LoRa_RFFI-main/LoRa_RFFI/dataset/Test/channel_problem/B_antenna.h5,1449,,973ba35afa16ad89d6ce539b188533ebfba8e8ed8ff6df918ef7a280725444ef,38,B_antenna
S1,4690,ieee_dataport/LoRa_RFFI-main/LoRa_RFFI/dataset/Test/channel_problem/B_antenna.h5,1454,,1b44bdf3d2b84b9bce1d7a3794ba5c915e00ef8b8e8cd41a6f0e3e61a053d9d2,38,B_antenna
S1,4691,ieee_dataport/LoRa_RFFI-main/LoRa_RFFI/dataset/Test/channel_problem/B_antenna.h5,1466,,499b05e36a15ad1b8fc50bfb0ae19bc6748cb54ea0cc99280d5fcd36d7a95833,38,B_antenna
S1,4692,ieee_dataport/LoRa_RFFI-main/LoRa_RFFI/dataset/Test/channel_problem/B_antenna.h5,1470,,8b2577d52cb56fb0f0ea05a895d19981d02741e29e1f6b079ef29e25c85613e8,38,B_antenna
S1,4693,ieee_dataport/LoRa_RFFI-main/LoRa_RFFI/dataset/Test/channel_problem/B_antenna.h5,1472,,69d97e67b8a27376c986e75560b35cf0045194b404111340856bb47116a7d987,38,B_antenna
S1,4694,ieee_dataport/LoRa_RFFI-main/LoRa_RFFI/dataset/Test/channel_problem/B_antenna.h5,1473,,f508ae9db94507db14937bf8e22fc6a4af275d27c288474a89d003cffc2e6ba1,38,B_antenna
S1,4695,ieee_dataport/LoRa_RFFI-main/LoRa_RFFI/dataset/Test/channel_problem/B_antenna.h5,1487,,e7816c47469f401539b2bc0341e503885a80d5932c1b51a1095fdc262649a378,38,B_antenna
S1,4696,ieee_dataport/LoRa_RFFI-main/LoRa_RFFI/dataset/Test/channel_problem/B_antenna.h5,1490,,66cfef1af992e4ba604a042f7ab86367cec95d04b14bb3b4818b41c233b1a87d,38,B_antenna
S1,4697,ieee_dataport/LoRa_RFFI-main/LoRa_RFFI/dataset/Test/channel_problem/B_antenna.h5,1492,,90f39ac491a85bac56363ea3b0924abd5b7475bc270f0dae06dc94e2ef48e162,38,B_antenna
S1,4698,ieee_dataport/LoRa_RFFI-main/LoRa_RFFI/dataset/Test/channel_problem/B_antenna.h5,1493,,3c41ae761c188d797ab1dadb8c5d8a099f27e6c0f7fcf0f29af583fa5e9909a0,38,B_antenna
S1,4699,ieee_dataport/LoRa_RFFI-main/LoRa_RFFI/dataset/Test/channel_problem/B_antenna.h5,1501,,659f683dfe318d0dfd415f97ed9b7fe0e588e374dfa59f1346c4ff78708522eb,38,B_antenna
S1,4700,ieee_dataport/LoRa_RFFI-main/LoRa_RFFI/dataset/Test/channel_problem/B_antenna.h5,1503,,4af4641b7a423a3b5d2f7c7e8e8287ad7d37fd72940c222da6e6f028fe759946,38,B_antenna
S1,4701,ieee_dataport/LoRa_RFFI-main/LoRa_RFFI/dataset/Test/channel_problem/B_antenna.h5,1507,,962a3b71712513040ecee83525c1a07f5791fed7ac25e42e55375c59da02998d,38,B_antenna
S1,4702,ieee_dataport/LoRa_RFFI-main/LoRa_RFFI/dataset/Test/channel_problem/B_antenna.h5,1510,,92b42642ac30ef8dcf638fe81b233192274fef34cdccf1c59be3edca7d2b9bfb,38,B_antenna
S1,4703,ieee_dataport/LoRa_RFFI-main/LoRa_RFFI/dataset/Test/channel_problem/B_antenna.h5,1525,,45892638e195aef41c2eadc5aa89b32b3dc66c857a55a940ee22c87edecd44af,38,B_antenna
S1,4704,ieee_dataport/LoRa_RFFI-main/LoRa_RFFI/dataset/Test/channel_problem/B_antenna.h5,1530,,3895ebcc2530bc30dee38f60f74c6e22c4912bce7e55bf95355d4db5da05f6f6,38,B_antenna
S1,4705,ieee_dataport/LoRa_RFFI-main/LoRa_RFFI/dataset/Test/channel_problem/B_antenna.h5,1533,,b31b36293fef4d185e9bf39babb6f7aa6b051ea04183e561a9047971bdf062af,38,B_antenna
S1,4706,ieee_dataport/LoRa_RFFI-main/LoRa_RFFI/dataset/Test/channel_problem/B_antenna.h5,1537,,158501423de7d0c3de06a53c8ba16d3ad44379c5cb243ef6bc8651dc508f1e7d,38,B_antenna
S1,4707,ieee_dataport/LoRa_RFFI-main/LoRa_RFFI/dataset/Test/channel_problem/B_antenna.h5,1539,,e4d2e8b5834ac15ec8cb61237cb58718dffd5b40cbca7bda010087cc799f2711,38,B_antenna
S1,4708,ieee_dataport/LoRa_RFFI-main/LoRa_RFFI/dataset/Test/channel_problem/B_antenna.h5,1541,,84b49e7b6980d1eb9304402a2244d8227e40315b4d5d00bff9abcaa3f3538617,38,B_antenna
S1,4709,ieee_dataport/LoRa_RFFI-main/LoRa_RFFI/dataset/Test/channel_problem/B_antenna.h5,1545,,b5aacd0c72d777cf81dc211ec76e87112089b2e61e8885496c547b85ac0d9782,38,B_antenna
S1,4710,ieee_dataport/LoRa_RFFI-main/LoRa_RFFI/dataset/Test/channel_problem/B_antenna.h5,1547,,48f011bc740d931e1318379933a74c6ce215c81afc1af66a01e76b9251ea2f70,38,B_antenna
S1,4711,ieee_dataport/LoRa_RFFI-main/LoRa_RFFI/dataset/Test/channel_problem/B_antenna.h5,1551,,e233285b4e8f64df642672dc5554831545b1412d4586b9f681ea0a22d7a77a02,38,B_antenna
S1,4712,ieee_dataport/LoRa_RFFI-main/LoRa_RFFI/dataset/Test/channel_problem/B_antenna.h5,1552,,b335afd3a81149dc541336f3c64e49139f79919b247dd3068455130d118ed93a,38,B_antenna
S1,4713,ieee_dataport/LoRa_RFFI-main/LoRa_RFFI/dataset/Test/channel_problem/B_antenna.h5,1553,,7d061d083381d3e56545e1d40eec16dd3c3e8be3cc4d0c36c2264079c6e4b5fd,38,B_antenna
S1,4714,ieee_dataport/LoRa_RFFI-main/LoRa_RFFI/dataset/Test/channel_problem/B_antenna.h5,1560,,e64f6c64c46ab73a247c15421ca4c8a9034a542d064fa77126289bb76a6f6d4e,38,B_antenna
S1,4715,ieee_dataport/LoRa_RFFI-main/LoRa_RFFI/dataset/Test/channel_problem/B_antenna.h5,1563,,1f15e1ca0cb44768381ead601ec2f154484ca9ae01d8a436186f7b30d37e4a06,38,B_antenna
S1,4716,ieee_dataport/LoRa_RFFI-main/LoRa_RFFI/dataset/Test/channel_problem/B_antenna.h5,1572,,ec796cd390cc6fa7a8108e6d48e456f2ce74dd3382bbc6d25e98770a770448e4,38,B_antenna
S1,4717,ieee_dataport/LoRa_RFFI-main/LoRa_RFFI/dataset/Test/channel_problem/B_antenna.h5,1582,,a35dbf9bf4a71eec5cfdbfd0ae6f8b9c9a243db29610cd59137c9edaa864759a,38,B_antenna
S1,4718,ieee_dataport/LoRa_RFFI-main/LoRa_RFFI/dataset/Test/channel_problem/B_antenna.h5,1589,,a52098df8c36e312aac23abf6c195b2c93829cac3b48913d1894596964ba1446,38,B_antenna
S1,4719,ieee_dataport/LoRa_RFFI-main/LoRa_RFFI/dataset/Test/channel_problem/B_antenna.h5,1597,,009f02b6d2e851d81e1a493b75578c53d776399b1d6b1768a6b08c4e7b10909c,38,B_antenna
S1,4720,ieee_dataport/LoRa_RFFI-main/LoRa_RFFI/dataset/Test/channel_problem/B_antenna.h5,1607,,464d1a1d843869e4b14f86af37b50305b8859e5bb99d879d01df166d8374f2de,39,B_antenna
S1,4721,ieee_dataport/LoRa_RFFI-main/LoRa_RFFI/dataset/Test/channel_problem/B_antenna.h5,1609,,bcbc48fea26b2289f47878e12c48e5c8b01e18987a85c147ec530ebf75ac2eda,39,B_antenna
S1,4722,ieee_dataport/LoRa_RFFI-main/LoRa_RFFI/dataset/Test/channel_problem/B_antenna.h5,1611,,ec939490e0957194e63097d9a6b576ab4f0a337c56a7646468e9779fd0e7097a,39,B_antenna
S1,4723,ieee_dataport/LoRa_RFFI-main/LoRa_RFFI/dataset/Test/channel_problem/B_antenna.h5,1614,,55d13384cf52f5a846fa3415a61f5f73a17617a32a30f3d7bb2507d6e6813d23,39,B_antenna
S1,4724,ieee_dataport/LoRa_RFFI-main/LoRa_RFFI/dataset/Test/channel_problem/B_antenna.h5,1615,,44438757cea523858725502568d1d317c80514e524fdcc7ff0204d569574b17e,39,B_antenna
S1,4725,ieee_dataport/LoRa_RFFI-main/LoRa_RFFI/dataset/Test/channel_problem/B_antenna.h5,1624,,a8e5a5a68c62659bee877c3947038ae65d77b3ad96006d3152ccecfdde55937e,39,B_antenna
S1,4726,ieee_dataport/LoRa_RFFI-main/LoRa_RFFI/dataset/Test/channel_problem/B_antenna.h5,1635,,1de610c176c4ee8a49ba6f5ffa993d82aaf2f4bfc1a42f0f6c25fe5ea45ca3e2,39,B_antenna
S1,4727,ieee_dataport/LoRa_RFFI-main/LoRa_RFFI/dataset/Test/channel_problem/B_antenna.h5,1646,,56e75bd8921207d74231a5d869208e88e9125ca110c177d7145ff4bdb3c730db,39,B_antenna
S1,4728,ieee_dataport/LoRa_RFFI-main/LoRa_RFFI/dataset/Test/channel_problem/B_antenna.h5,1653,,f4ec5e87a1b27d4e5e87de521bec7446d0a5638714b879c483d66b42f2a70694,39,B_antenna
S1,4729,ieee_dataport/LoRa_RFFI-main/LoRa_RFFI/dataset/Test/channel_problem/B_antenna.h5,1654,,1178bbd32a75319de1381942564e1a802d30df83a8c3a98c07d5a429161492aa,39,B_antenna
S1,4730,ieee_dataport/LoRa_RFFI-main/LoRa_RFFI/dataset/Test/channel_problem/B_antenna.h5,1657,,b6e20111d5507009080a2e777d035a50194cdc01b3c39f773c4d38cd8e723b1f,39,B_antenna
S1,4731,ieee_dataport/LoRa_RFFI-main/LoRa_RFFI/dataset/Test/channel_problem/B_antenna.h5,1658,,fdf4b17fa64953c538d215e758ac86104a7ecc151ddc6876b34b01f297b7a9d4,39,B_antenna
S1,4732,ieee_dataport/LoRa_RFFI-main/LoRa_RFFI/dataset/Test/channel_problem/B_antenna.h5,1659,,ab033d59341f1e6ea646fe4bded2c5ac8babe1fc4b4edefd81ff971b0fe7936e,39,B_antenna
S1,4733,ieee_dataport/LoRa_RFFI-main/LoRa_RFFI/dataset/Test/channel_problem/B_antenna.h5,1661,,502a48a5da4f3728f17af3ae66195718bcd6f11dc555bc50b7216e8debd37a20,39,B_antenna
S1,4734,ieee_dataport/LoRa_RFFI-main/LoRa_RFFI/dataset/Test/channel_problem/B_antenna.h5,1665,,b1ace00a6b810406011a0b0c56de8629ca7473546f6fff876226c158fa9b0874,39,B_antenna
S1,4735,ieee_dataport/LoRa_RFFI-main/LoRa_RFFI/dataset/Test/channel_problem/B_antenna.h5,1674,,65f5fca418a172d5aed8de3478457ef61735b329fd96e42d4c614362a79f0aec,39,B_antenna
S1,4736,ieee_dataport/LoRa_RFFI-main/LoRa_RFFI/dataset/Test/channel_problem/B_antenna.h5,1680,,9e8babf332d78c5c699a627d32250f1cfe6382f639844663e6acabdbb44cabcc,39,B_antenna
S1,4737,ieee_dataport/LoRa_RFFI-main/LoRa_RFFI/dataset/Test/channel_problem/B_antenna.h5,1688,,aebac1c73e373968d1eb160f3ec57e4a6e47d245d09131967095d6d71dc9a250,39,B_antenna
S1,4738,ieee_dataport/LoRa_RFFI-main/LoRa_RFFI/dataset/Test/channel_problem/B_antenna.h5,1697,,a9cabb3573aa7eaccaa7bab6e62db2c87b074a4ef67040195fbf6384bc94837e,39,B_antenna
S1,4739,ieee_dataport/LoRa_RFFI-main/LoRa_RFFI/dataset/Test/channel_problem/B_antenna.h5,1714,,e7d895d1a85ef90269cf34d582a81d0593b7e74be2f0bb315a1f3bc994f0dd1e,39,B_antenna
S1,4740,ieee_dataport/LoRa_RFFI-main/LoRa_RFFI/dataset/Test/channel_problem/B_antenna.h5,1719,,c48ad4fc9dddaf23059d83f0a8b9ec63a7248ebbe08c4827d3e4886780dcc4f2,39,B_antenna
S1,4741,ieee_dataport/LoRa_RFFI-main/LoRa_RFFI/dataset/Test/channel_problem/B_antenna.h5,1726,,33837bdf390fe3ad17a67c552d01a28336e9c96c1d75db38e4b9c3de0583516d,39,B_antenna
S1,4742,ieee_dataport/LoRa_RFFI-main/LoRa_RFFI/dataset/Test/channel_problem/B_antenna.h5,1727,,a5a97fe33119c50391bb26c287f3af0454bfc37e2348b73520586d349961b5b4,39,B_antenna
S1,4743,ieee_dataport/LoRa_RFFI-main/LoRa_RFFI/dataset/Test/channel_problem/B_antenna.h5,1728,,c61f9fcc05a8e4d690b5e78575d2dfa469fe709fd4057234e414620e2505de37,39,B_antenna
S1,4744,ieee_dataport/LoRa_RFFI-main/LoRa_RFFI/dataset/Test/channel_problem/B_antenna.h5,1729,,3070d167a5a03d4d11d38a9857be876b2a5d5c48d180e53403c314fbd54d032a,39,B_antenna
S1,4745,ieee_dataport/LoRa_RFFI-main/LoRa_RFFI/dataset/Test/channel_problem/B_antenna.h5,1736,,b45a0f63fa06ebd2453ad3b3f6e05568771552be5e59ee972aba5082273b9982,39,B_antenna
S1,4746,ieee_dataport/LoRa_RFFI-main/LoRa_RFFI/dataset/Test/channel_problem/B_antenna.h5,1737,,6fff5ba699ab62dc4fbfe3dd49c46bbdd156bff633ff2ad7411079f2d4a0fe5b,39,B_antenna
S1,4747,ieee_dataport/LoRa_RFFI-main/LoRa_RFFI/dataset/Test/channel_problem/B_antenna.h5,1738,,9aefdc559c70ea29b20c82160fee30beccea0e09033056f9641d628b924bbd46,39,B_antenna
S1,4748,ieee_dataport/LoRa_RFFI-main/LoRa_RFFI/dataset/Test/channel_problem/B_antenna.h5,1742,,99d61563d24f45ed782653788b9bb3b164205e1ad8141e2ea4d3ea302418892b,39,B_antenna
S1,4749,ieee_dataport/LoRa_RFFI-main/LoRa_RFFI/dataset/Test/channel_problem/B_antenna.h5,1747,,260a3d654941aca6ebd38209d50d07a735883377961520593cd0c324bda7a0b9,39,B_antenna
S1,4750,ieee_dataport/LoRa_RFFI-main/LoRa_RFFI/dataset/Test/channel_problem/B_antenna.h5,1760,,44928a9db79e9fd6aca18f35649a52535de45eef0fbd53423f94816dc48a30ea,39,B_antenna
S1,4751,ieee_dataport/LoRa_RFFI-main/LoRa_RFFI/dataset/Test/channel_problem/B_antenna.h5,1773,,339d3f2092e9d7bd8f715ab4f22279894a1a2262629db6b4b78d8c488b6b13a6,39,B_antenna
S1,4752,ieee_dataport/LoRa_RFFI-main/LoRa_RFFI/dataset/Test/channel_problem/B_antenna.h5,1775,,4dbf508e081343d52c5dfbd8853425f97918a318792069f12cb948237df28df3,39,B_antenna
S1,4753,ieee_dataport/LoRa_RFFI-main/LoRa_RFFI/dataset/Test/channel_problem/B_antenna.h5,1776,,89efbb7cb7336021263c9c40db4f35f49860e9548478e894d601577f305c5ad1,39,B_antenna
S1,4754,ieee_dataport/LoRa_RFFI-main/LoRa_RFFI/dataset/Test/channel_problem/B_antenna.h5,1777,,52b67b4fba00d8b46fa7fad4db82c9febf86cdc03294ac39074ab932e160a094,39,B_antenna
S1,4755,ieee_dataport/LoRa_RFFI-main/LoRa_RFFI/dataset/Test/channel_problem/B_antenna.h5,1778,,3626990138cc92315561c21c5c9d4db73d0a4be68a164488c088773f11806731,39,B_antenna
S1,4756,ieee_dataport/LoRa_RFFI-main/LoRa_RFFI/dataset/Test/channel_problem/B_antenna.h5,1786,,48544684967daa32014db19ff0c9a5188b8286f36ec841d2fc210a7b63a51218,39,B_antenna
S1,4757,ieee_dataport/LoRa_RFFI-main/LoRa_RFFI/dataset/Test/channel_problem/B_antenna.h5,1789,,514d71d6cec81d66e54895ce7d54deaf405e89448aa4c0488a5143b178073411,39,B_antenna
S1,4758,ieee_dataport/LoRa_RFFI-main/LoRa_RFFI/dataset/Test/channel_problem/B_antenna.h5,1798,,1e8488298e913cc797696efe8c78203464fdd8a8afe33ec97c3092ce93c6bb0c,39,B_antenna
S1,4759,ieee_dataport/LoRa_RFFI-main/LoRa_RFFI/dataset/Test/channel_problem/B_antenna.h5,1799,,f25ba98704872612d00c7395c8720e29e3a928c6fb1e64bb16ce52b81b36e1b8,39,B_antenna
S1,4760,ieee_dataport/LoRa_RFFI-main/LoRa_RFFI/dataset/Test/channel_problem/B_antenna.h5,1800,,a004ef2f36bd0ef390194bdecd12fa10512481fea304ac2820388de9097c965a,40,B_antenna
S1,4761,ieee_dataport/LoRa_RFFI-main/LoRa_RFFI/dataset/Test/channel_problem/B_antenna.h5,1801,,1d9023a9c1976023348e5d63eed5fd6092cc11a221655df7fc5137bc589fe859,40,B_antenna
S1,4762,ieee_dataport/LoRa_RFFI-main/LoRa_RFFI/dataset/Test/channel_problem/B_antenna.h5,1802,,b4bbb79bb995acb9c42cc0e138e0b4acae65fc46dbb4173d7ca73ec9b03cc12d,40,B_antenna
S1,4763,ieee_dataport/LoRa_RFFI-main/LoRa_RFFI/dataset/Test/channel_problem/B_antenna.h5,1820,,b36a379c879d21621012cb094867c0028615c9c2ccd62efd2e0c6bb08f24ddce,40,B_antenna
S1,4764,ieee_dataport/LoRa_RFFI-main/LoRa_RFFI/dataset/Test/channel_problem/B_antenna.h5,1823,,7090fe029b7c02390ea8f75fa549e6213b4e8838832ac84cd26d81977af2f553,40,B_antenna
S1,4765,ieee_dataport/LoRa_RFFI-main/LoRa_RFFI/dataset/Test/channel_problem/B_antenna.h5,1827,,41a9a4c660189a6cc510a826013abaf5d3f1eb79fdf61ce3c0573e910779f79f,40,B_antenna
S1,4766,ieee_dataport/LoRa_RFFI-main/LoRa_RFFI/dataset/Test/channel_problem/B_antenna.h5,1832,,19aac81ea06677e2b3c3cdc1abc00c21848db357044f14c7d0d8121c52906cbc,40,B_antenna
S1,4767,ieee_dataport/LoRa_RFFI-main/LoRa_RFFI/dataset/Test/channel_problem/B_antenna.h5,1833,,0eba2909bb3dfeffa76c1d58333b2fa120cae56a42214a1aa93e50028fd5b157,40,B_antenna
S1,4768,ieee_dataport/LoRa_RFFI-main/LoRa_RFFI/dataset/Test/channel_problem/B_antenna.h5,1836,,3d6eb7e6d893dc3b42cd2d1446381e9fc0b237ac77fb497363b17f1aa06bc62a,40,B_antenna
S1,4769,ieee_dataport/LoRa_RFFI-main/LoRa_RFFI/dataset/Test/channel_problem/B_antenna.h5,1837,,e01cf448422c947c535f38e97ed05ee078071a4325849f5c517289f9d3d30d26,40,B_antenna
S1,4770,ieee_dataport/LoRa_RFFI-main/LoRa_RFFI/dataset/Test/channel_problem/B_antenna.h5,1841,,52951597771c265814c7b9536b59d79f559eeae8754efb5f4d9e72fb8ff19c4e,40,B_antenna
S1,4771,ieee_dataport/LoRa_RFFI-main/LoRa_RFFI/dataset/Test/channel_problem/B_antenna.h5,1843,,0610de21f9eda999384c00af83d4c44d68661f68fb87792c5a6e0d238d7752ae,40,B_antenna
S1,4772,ieee_dataport/LoRa_RFFI-main/LoRa_RFFI/dataset/Test/channel_problem/B_antenna.h5,1855,,53f1148a4348af9949feeb50a1d181b0dc4dde0e4200d48ec2c62e8cb2fc1fb7,40,B_antenna
S1,4773,ieee_dataport/LoRa_RFFI-main/LoRa_RFFI/dataset/Test/channel_problem/B_antenna.h5,1859,,61cf6cf323fc73ca638e0dab30cb694270b6ae60ee45eb8cd387113d0959bfa2,40,B_antenna
S1,4774,ieee_dataport/LoRa_RFFI-main/LoRa_RFFI/dataset/Test/channel_problem/B_antenna.h5,1861,,785c4ed9dacd6f7bceb93e4ebc623c658ebe3348462ca97bf54d1f1d870f141a,40,B_antenna
S1,4775,ieee_dataport/LoRa_RFFI-main/LoRa_RFFI/dataset/Test/channel_problem/B_antenna.h5,1863,,c2cf6f2bdbb701ca9937d143343a3b7005f54b2db06e9b3f3d130adca5aedadf,40,B_antenna
S1,4776,ieee_dataport/LoRa_RFFI-main/LoRa_RFFI/dataset/Test/channel_problem/B_antenna.h5,1865,,d6895e7c4a560620531849c2f257599193ca2d6c7ed6ed5a85d00c69fb138366,40,B_antenna
S1,4777,ieee_dataport/LoRa_RFFI-main/LoRa_RFFI/dataset/Test/channel_problem/B_antenna.h5,1875,,a45a10b1f1ea69936a7c58cb99bdbcd7f51bd57a5d3dfca3c24d972a66834ea4,40,B_antenna
S1,4778,ieee_dataport/LoRa_RFFI-main/LoRa_RFFI/dataset/Test/channel_problem/B_antenna.h5,1883,,932e99f62f8875939f44aa0550df2159c0d8deafd5b18d002084c6f707fdf6d9,40,B_antenna
S1,4779,ieee_dataport/LoRa_RFFI-main/LoRa_RFFI/dataset/Test/channel_problem/B_antenna.h5,1888,,419fce9b04ff159539e4db795359e9d48b9cd9177c9cfdd849805ff984c74985,40,B_antenna
S1,4780,ieee_dataport/LoRa_RFFI-main/LoRa_RFFI/dataset/Test/channel_problem/B_antenna.h5,1890,,a4d3e30658fc8c7864300e1da2aadeea423a893584a737b93cd82a77b48aaab1,40,B_antenna
S1,4781,ieee_dataport/LoRa_RFFI-main/LoRa_RFFI/dataset/Test/channel_problem/B_antenna.h5,1904,,27e1e692a8644879cf0b1c3e46aa852e35fe8589081c7f4362ff3bfcc49eb2a6,40,B_antenna
S1,4782,ieee_dataport/LoRa_RFFI-main/LoRa_RFFI/dataset/Test/channel_problem/B_antenna.h5,1906,,fc481044a877acf7fc1016caabcd5e982d154dd0b4d5a0d9557733590d6435cd,40,B_antenna
S1,4783,ieee_dataport/LoRa_RFFI-main/LoRa_RFFI/dataset/Test/channel_problem/B_antenna.h5,1916,,9eb67dc0546cc578bfaed96e141deea78bd2b1a94e08c255f2607fa330e2a2b9,40,B_antenna
S1,4784,ieee_dataport/LoRa_RFFI-main/LoRa_RFFI/dataset/Test/channel_problem/B_antenna.h5,1917,,7d61a2b81918e877053d81e8e6f23605e68730a14fd560ba18771f2f86e6e71f,40,B_antenna
S1,4785,ieee_dataport/LoRa_RFFI-main/LoRa_RFFI/dataset/Test/channel_problem/B_antenna.h5,1923,,c0a9b5ae56d844f36e30082b3c27afa016e6fb86394975b01688cf6b9ea3f815,40,B_antenna
S1,4786,ieee_dataport/LoRa_RFFI-main/LoRa_RFFI/dataset/Test/channel_problem/B_antenna.h5,1927,,a7eecf93387169670a7739849bc95bd15965a8eab78f5572a8890e0ba0e22d02,40,B_antenna
S1,4787,ieee_dataport/LoRa_RFFI-main/LoRa_RFFI/dataset/Test/channel_problem/B_antenna.h5,1936,,dc5e296d918af624b78502b436789c70111196ade0f026a33ff966a2aba0814b,40,B_antenna
S1,4788,ieee_dataport/LoRa_RFFI-main/LoRa_RFFI/dataset/Test/channel_problem/B_antenna.h5,1940,,68d1d0bc6474dc8fb1b9eaaac24c6ae72b6c0aa6f9adc5b3bd0538fe3ed19904,40,B_antenna
S1,4789,ieee_dataport/LoRa_RFFI-main/LoRa_RFFI/dataset/Test/channel_problem/B_antenna.h5,1947,,12bb2302fb7c298d4631439f6e2290abc990f815ad8e2354342d16f43bfefd4a,40,B_antenna
S1,4790,ieee_dataport/LoRa_RFFI-main/LoRa_RFFI/dataset/Test/channel_problem/B_antenna.h5,1950,,e7e80f70fbcf2c81d96820c7d63c001ca5badc68d9ec49cbc2d32d31c805e956,40,B_antenna
S1,4791,ieee_dataport/LoRa_RFFI-main/LoRa_RFFI/dataset/Test/channel_problem/B_antenna.h5,1952,,d866dc42c12990a9fbb8162ca840cabc3c864e723104e96d6a20a1f29b622f49,40,B_antenna
S1,4792,ieee_dataport/LoRa_RFFI-main/LoRa_RFFI/dataset/Test/channel_problem/B_antenna.h5,1970,,815ddeac4e5a482f9bd097eb7f42b556b9bf99ffdb033172b79f953b764e3dcd,40,B_antenna
S1,4793,ieee_dataport/LoRa_RFFI-main/LoRa_RFFI/dataset/Test/channel_problem/B_antenna.h5,1974,,80f7c3f2e41d2edcdeb7cf8b931449a494515d72c7d47e3b65d7c7c4ceb76cfb,40,B_antenna
S1,4794,ieee_dataport/LoRa_RFFI-main/LoRa_RFFI/dataset/Test/channel_problem/B_antenna.h5,1978,,fa822cf5a26482ac48958cc14303bcef665b81ca34b410a0615062a9e92660e6,40,B_antenna
S1,4795,ieee_dataport/LoRa_RFFI-main/LoRa_RFFI/dataset/Test/channel_problem/B_antenna.h5,1982,,9f641b180934c549c0f117b7ba6111a0a21fccb8d7965ce6497923c85dbcc5aa,40,B_antenna
S1,4796,ieee_dataport/LoRa_RFFI-main/LoRa_RFFI/dataset/Test/channel_problem/B_antenna.h5,1984,,84d1029bdf56b4e06f364510498e13ea829731c536853bc5e326b84f2d887300,40,B_antenna
S1,4797,ieee_dataport/LoRa_RFFI-main/LoRa_RFFI/dataset/Test/channel_problem/B_antenna.h5,1990,,de7f027acf1f789a29c61ea2216d24c5ebc496fa26001523c4d33167908fd65e,40,B_antenna
S1,4798,ieee_dataport/LoRa_RFFI-main/LoRa_RFFI/dataset/Test/channel_problem/B_antenna.h5,1997,,75cff7ebc5e920f953f09a3097933a7f361912f18c2c543a881db755c743aad8,40,B_antenna
S1,4799,ieee_dataport/LoRa_RFFI-main/LoRa_RFFI/dataset/Test/channel_problem/B_antenna.h5,1998,,6b51ece605da135be293c1bedfbcd19c4026fb67cbf8018ee40e0c204a1aec0d,40,B_antenna
S1,4800,ieee_dataport/LoRa_RFFI-main/LoRa_RFFI/dataset/Test/channel_problem/F_antenna.h5,0,,35840c6e5a84fd9ebf747f0d35e761f1b7ce2709d81ac5b01cfc2becbff0aee7,31,F_antenna
S1,4801,ieee_dataport/LoRa_RFFI-main/LoRa_RFFI/dataset/Test/channel_problem/F_antenna.h5,7,,45244a4e5a0afdbfdc49e0e2ddb8949164bec8879e36e9f40caa55b10bbca162,31,F_antenna
S1,4802,ieee_dataport/LoRa_RFFI-main/LoRa_RFFI/dataset/Test/channel_problem/F_antenna.h5,10,,db97c0e02de4bdabcd73a7e4d1cab313bb9098499d997b433c67d140d8763c8f,31,F_antenna
S1,4803,ieee_dataport/LoRa_RFFI-main/LoRa_RFFI/dataset/Test/channel_problem/F_antenna.h5,15,,d62e332ec89d3806ca081ecc814e3c931e55b838635092e4aea638c1830a0c1a,31,F_antenna
S1,4804,ieee_dataport/LoRa_RFFI-main/LoRa_RFFI/dataset/Test/channel_problem/F_antenna.h5,20,,d0a0b2e4c5539088843d235a665050b54fcae192c6148b77e6c3b49dc2d0fb8c,31,F_antenna
S1,4805,ieee_dataport/LoRa_RFFI-main/LoRa_RFFI/dataset/Test/channel_problem/F_antenna.h5,28,,f519caa07e2ef723e6c4dc76896048a8e618b5a0a60ec9a86443e117337b21c6,31,F_antenna
S1,4806,ieee_dataport/LoRa_RFFI-main/LoRa_RFFI/dataset/Test/channel_problem/F_antenna.h5,43,,9a88cb175114dfea22da57fc7bc1181f297221aa9535a11c22d430266f3577cb,31,F_antenna
S1,4807,ieee_dataport/LoRa_RFFI-main/LoRa_RFFI/dataset/Test/channel_problem/F_antenna.h5,50,,2d601d0909ec745301ae4a26a38ad3fe290d5b2d18d89fd4c49d9d0f330fe0a0,31,F_antenna
S1,4808,ieee_dataport/LoRa_RFFI-main/LoRa_RFFI/dataset/Test/channel_problem/F_antenna.h5,54,,60a88a0a75be203d6c8176698aa5e8d4c687a1651146124f27ca91be20a1e036,31,F_antenna
S1,4809,ieee_dataport/LoRa_RFFI-main/LoRa_RFFI/dataset/Test/channel_problem/F_antenna.h5,60,,070b44726ac6b5b3bc52c7957c9501ee1caf340f7c480e21196bede9937e9dec,31,F_antenna
S1,4810,ieee_dataport/LoRa_RFFI-main/LoRa_RFFI/dataset/Test/channel_problem/F_antenna.h5,63,,9c80b4b9fad861fa21e28942b18e71c1810370ca0ec02bec20b4b5481129701e,31,F_antenna
S1,4811,ieee_dataport/LoRa_RFFI-main/LoRa_RFFI/dataset/Test/channel_problem/F_antenna.h5,64,,85d9c3dae19be625d7b3cb332b9c7b8bddc9429ea1a2fb8040b6495694609234,31,F_antenna
S1,4812,ieee_dataport/LoRa_RFFI-main/LoRa_RFFI/dataset/Test/channel_problem/F_antenna.h5,69,,3491bb9c9854bdb0c2dcb7f39464d7604c4da51f9baac40f4dbe4d0985a199a6,31,F_antenna
S1,4813,ieee_dataport/LoRa_RFFI-main/LoRa_RFFI/dataset/Test/channel_problem/F_antenna.h5,78,,b153242810164950229f64fea29791e50daf64ad7395f0023b8162cb69280d73,31,F_antenna
S1,4814,ieee_dataport/LoRa_RFFI-main/LoRa_RFFI/dataset/Test/channel_problem/F_antenna.h5,79,,ffaba565be50b7ebf9e45b3449e88890a0b23dd5d1c37c2ce5089ad518ffb00d,31,F_antenna
S1,4815,ieee_dataport/LoRa_RFFI-main/LoRa_RFFI/dataset/Test/channel_problem/F_antenna.h5,86,,9dd01244f652433c94d33e0e4c6a73da71e805bce319997d5379730bccaf8072,31,F_antenna
S1,4816,ieee_dataport/LoRa_RFFI-main/LoRa_RFFI/dataset/Test/channel_problem/F_antenna.h5,94,,af8020c840a002a73f52b63e43abeaaf9d6a05ed5a0730a1238ba9de2c18f424,31,F_antenna
S1,4817,ieee_dataport/LoRa_RFFI-main/LoRa_RFFI/dataset/Test/channel_problem/F_antenna.h5,97,,79555f5aa3062bfddf403dc7a4faec32bd2ea68832ead228de6d0c64f6ed80e7,31,F_antenna
S1,4818,ieee_dataport/LoRa_RFFI-main/LoRa_RFFI/dataset/Test/channel_problem/F_antenna.h5,98,,e098726e6038697aa53afa21d0e4ebd366b0c09d6cb8dc88fa3730d7f0732b1c,31,F_antenna
S1,4819,ieee_dataport/LoRa_RFFI-main/LoRa_RFFI/dataset/Test/channel_problem/F_antenna.h5,99,,9cca223170e54809d2e3d4ec201a4e6a85ae0f09a4fbe713f4006fad4953b875,31,F_antenna
S1,4820,ieee_dataport/LoRa_RFFI-main/LoRa_RFFI/dataset/Test/channel_problem/F_antenna.h5,110,,3fb93511857b5782e11f424b5abf9e18f5bcc179625b33731a299c4c85fa70ae,31,F_antenna
S1,4821,ieee_dataport/LoRa_RFFI-main/LoRa_RFFI/dataset/Test/channel_problem/F_antenna.h5,111,,240b6d63b9147617e77871bb51a6e6a2c1766b65d0c4648e54d1700278def412,31,F_antenna
S1,4822,ieee_dataport/LoRa_RFFI-main/LoRa_RFFI/dataset/Test/channel_problem/F_antenna.h5,113,,ce54fb4633823830efd09e1bbacad6aefe1b1a8f17c1cd296d6db1fe866c2cbc,31,F_antenna
S1,4823,ieee_dataport/LoRa_RFFI-main/LoRa_RFFI/dataset/Test/channel_problem/F_antenna.h5,119,,6aaf04f91f226fc97b2e3a5b507096cc456bced8b2d29bec3f03dd397779ba99,31,F_antenna
S1,4824,ieee_dataport/LoRa_RFFI-main/LoRa_RFFI/dataset/Test/channel_problem/F_antenna.h5,126,,97f56134000a9334409afdf258b33cb82e13da6e4c9d18d1543423118b536925,31,F_antenna
S1,4825,ieee_dataport/LoRa_RFFI-main/LoRa_RFFI/dataset/Test/channel_problem/F_antenna.h5,128,,a43bd80b56c5ef580c7ac43081b7758e9e85a179d97cc0767b7f0ea562f4203e,31,F_antenna
S1,4826,ieee_dataport/LoRa_RFFI-main/LoRa_RFFI/dataset/Test/channel_problem/F_antenna.h5,131,,738b4e70776d6c4db2c63d2e1f82440509c3d64af01ddb1b0f78db165ded16fa,31,F_antenna
S1,4827,ieee_dataport/LoRa_RFFI-main/LoRa_RFFI/dataset/Test/channel_problem/F_antenna.h5,140,,51b537bd299685719dc2daf8e55abd6a9fdcf45ffddcd48ba459bb10f960f101,31,F_antenna
S1,4828,ieee_dataport/LoRa_RFFI-main/LoRa_RFFI/dataset/Test/channel_problem/F_antenna.h5,142,,3b989c222562aa91f74bc310e376898543b6ab065a59658b3459ca08b68f123f,31,F_antenna
S1,4829,ieee_dataport/LoRa_RFFI-main/LoRa_RFFI/dataset/Test/channel_problem/F_antenna.h5,150,,2c44d08e281ce55ad76a24b1b265a652d83cd58ea90a958923132e68663835c7,31,F_antenna
S1,4830,ieee_dataport/LoRa_RFFI-main/LoRa_RFFI/dataset/Test/channel_problem/F_antenna.h5,159,,012a8ee4bf341a04ddfe98610680fe8868da097a55bb9837a4469ea0a7a75ff1,31,F_antenna
S1,4831,ieee_dataport/LoRa_RFFI-main/LoRa_RFFI/dataset/Test/channel_problem/F_antenna.h5,160,,92b2ec9244d48970b4d5fe5c8334bb7467c467f7873e5528700caf43f964ca79,31,F_antenna
S1,4832,ieee_dataport/LoRa_RFFI-main/LoRa_RFFI/dataset/Test/channel_problem/F_antenna.h5,162,,ca2d6ad2b9d4549e2121a5750012c1e9cfe15b5275d853ef87cde4379eb5fc4e,31,F_antenna
S1,4833,ieee_dataport/LoRa_RFFI-main/LoRa_RFFI/dataset/Test/channel_problem/F_antenna.h5,173,,62a85aa71af11ce692ddc6eebfb54884dc5d90730489d2091c07d4fbc3871a0a,31,F_antenna
S1,4834,ieee_dataport/LoRa_RFFI-main/LoRa_RFFI/dataset/Test/channel_problem/F_antenna.h5,182,,48a01b453196cf641ab8adccdf957f47d36bb0661dac4267fb501d4f4edadc8e,31,F_antenna
S1,4835,ieee_dataport/LoRa_RFFI-main/LoRa_RFFI/dataset/Test/channel_problem/F_antenna.h5,185,,aaa7f272d3c44723202ba4c07170a444906a52c68aca6962649020999f4d84bf,31,F_antenna
S1,4836,ieee_dataport/LoRa_RFFI-main/LoRa_RFFI/dataset/Test/channel_problem/F_antenna.h5,186,,18d1beb8acc2233f934562de5402186845e02543c9322e0ad025ae24afc73a06,31,F_antenna
S1,4837,ieee_dataport/LoRa_RFFI-main/LoRa_RFFI/dataset/Test/channel_problem/F_antenna.h5,193,,32b471bb24505eac9517d43cebe4672c6fa49e312cfcc03d7e762909cc4d10cc,31,F_antenna
S1,4838,ieee_dataport/LoRa_RFFI-main/LoRa_RFFI/dataset/Test/channel_problem/F_antenna.h5,194,,50ee7fa85bbd6899edadd7b6f8e50fdcdd2a0a7c35867d50a3a80904d5dc6679,31,F_antenna
S1,4839,ieee_dataport/LoRa_RFFI-main/LoRa_RFFI/dataset/Test/channel_problem/F_antenna.h5,197,,2fc7a2c908c3c5f54acfb009b5b834c4b587219c8b6fe679ca1fe3b95d780849,31,F_antenna
S1,4840,ieee_dataport/LoRa_RFFI-main/LoRa_RFFI/dataset/Test/channel_problem/F_antenna.h5,200,,6ac632af00bbf9ce987729c937ea2a307d41359022a2ebd4c6464c0c505ab73a,32,F_antenna
S1,4841,ieee_dataport/LoRa_RFFI-main/LoRa_RFFI/dataset/Test/channel_problem/F_antenna.h5,209,,8296ed3e54e299e85406b1d3d22ddf77223485fc0fb7051c204ec2c3398c22a2,32,F_antenna
S1,4842,ieee_dataport/LoRa_RFFI-main/LoRa_RFFI/dataset/Test/channel_problem/F_antenna.h5,217,,18fd387e48494daf7df5251c629b3e0ee9ab170e881ba2447a6f27d605b83b89,32,F_antenna
S1,4843,ieee_dataport/LoRa_RFFI-main/LoRa_RFFI/dataset/Test/channel_problem/F_antenna.h5,221,,727c7bfc32c735c21489be34ffae0d24783e8dc2500bb0a165fb3383b98436ba,32,F_antenna
S1,4844,ieee_dataport/LoRa_RFFI-main/LoRa_RFFI/dataset/Test/channel_problem/F_antenna.h5,223,,6cbe48de6323c1bb1fb2719363fff905fb1cc81b2d6c341ef2179db333bbe068,32,F_antenna
S1,4845,ieee_dataport/LoRa_RFFI-main/LoRa_RFFI/dataset/Test/channel_problem/F_antenna.h5,224,,26280cf05aaf295cbf1cb598dad5ee3b2ad4d30f39fc372df0235bc9ed2ae6be,32,F_antenna
S1,4846,ieee_dataport/LoRa_RFFI-main/LoRa_RFFI/dataset/Test/channel_problem/F_antenna.h5,233,,13e44cc4d7157d2fe56c1c433dca6a1e5a802f1f258b05d84f6bc202f8cd0465,32,F_antenna
S1,4847,ieee_dataport/LoRa_RFFI-main/LoRa_RFFI/dataset/Test/channel_problem/F_antenna.h5,237,,f9b9a225c0683f2159edcfc9c2a87b40f24f50dc50f6dc7724b03560eaededff,32,F_antenna
S1,4848,ieee_dataport/LoRa_RFFI-main/LoRa_RFFI/dataset/Test/channel_problem/F_antenna.h5,238,,9b492b8f0bad48aeb8cca12ff111f25875404c259ad01c0c5d19b5647c2a3bc3,32,F_antenna
S1,4849,ieee_dataport/LoRa_RFFI-main/LoRa_RFFI/dataset/Test/channel_problem/F_antenna.h5,253,,2ebbe7f2894b5717bea5e440f066c35116255ac639f169e922f218a2c09c60cd,32,F_antenna
S1,4850,ieee_dataport/LoRa_RFFI-main/LoRa_RFFI/dataset/Test/channel_problem/F_antenna.h5,264,,4fa813aa9847068a3a4989309de9e1929b1fe36b22a2561acbad7f1f0ed82fff,32,F_antenna
S1,4851,ieee_dataport/LoRa_RFFI-main/LoRa_RFFI/dataset/Test/channel_problem/F_antenna.h5,269,,2f352c9e67dc50aeedd586696bc637272674939eb6147db9c7924673631b08a5,32,F_antenna
S1,4852,ieee_dataport/LoRa_RFFI-main/LoRa_RFFI/dataset/Test/channel_problem/F_antenna.h5,270,,d4c117d680f291769853527145e7dd6db879a6c7c20f413c249a6637f1750025,32,F_antenna
S1,4853,ieee_dataport/LoRa_RFFI-main/LoRa_RFFI/dataset/Test/channel_problem/F_antenna.h5,272,,f4416b52f6ad8da3e2500ee0d612316663962e88fed538c5e588975a0b9bf324,32,F_antenna
S1,4854,ieee_dataport/LoRa_RFFI-main/LoRa_RFFI/dataset/Test/channel_problem/F_antenna.h5,281,,13f36aa27f384f5f891b234c32a2c1153bec45cf3ab7ff4ef5ead188f4644f41,32,F_antenna
S1,4855,ieee_dataport/LoRa_RFFI-main/LoRa_RFFI/dataset/Test/channel_problem/F_antenna.h5,301,,2c2ea63a946557120dd3a92c79487278d6b694f864af03c673891be01a85d599,32,F_antenna
S1,4856,ieee_dataport/LoRa_RFFI-main/LoRa_RFFI/dataset/Test/channel_problem/F_antenna.h5,304,,07fc0100085720c675cd6af113203efdeaed95f47b6ca2b07327e5494c0c1c07,32,F_antenna
S1,4857,ieee_dataport/LoRa_RFFI-main/LoRa_RFFI/dataset/Test/channel_problem/F_antenna.h5,308,,7af77891c93da6fe0e9e5d37627b86ad654b6374eb913956e58e2ea57e983cf7,32,F_antenna
S1,4858,ieee_dataport/LoRa_RFFI-main/LoRa_RFFI/dataset/Test/channel_problem/F_antenna.h5,309,,997a3a2e9a190929cb014c4cb6a342874d52ab8568b97f3c1ac3084bce58624a,32,F_antenna
S1,4859,ieee_dataport/LoRa_RFFI-main/LoRa_RFFI/dataset/Test/channel_problem/F_antenna.h5,315,,7195c503ea1729bdff049b08cf66072dfbbe9e39e2b00458084a7625e2994a5d,32,F_antenna
S1,4860,ieee_dataport/LoRa_RFFI-main/LoRa_RFFI/dataset/Test/channel_problem/F_antenna.h5,327,,ee77890c7a98dad68a71c27fa75c72b74c9affb6cc4adda1f646c95c87474e94,32,F_antenna
S1,4861,ieee_dataport/LoRa_RFFI-main/LoRa_RFFI/dataset/Test/channel_problem/F_antenna.h5,331,,b09daf1d5d76aff86d8b87ae1d01e3c475f79b35c8dadfbe01bb658ee932e7e7,32,F_antenna
S1,4862,ieee_dataport/LoRa_RFFI-main/LoRa_RFFI/dataset/Test/channel_problem/F_antenna.h5,332,,b4c6005e97e4ae4fec086449e19d5733ac55273946dceac0d7abeeb18c24f30e,32,F_antenna
S1,4863,ieee_dataport/LoRa_RFFI-main/LoRa_RFFI/dataset/Test/channel_problem/F_antenna.h5,336,,18d3e2e715a9ad29008a3cb5717b30e3e7b3642d1f96794528d4114feb73f2d9,32,F_antenna
S1,4864,ieee_dataport/LoRa_RFFI-main/LoRa_RFFI/dataset/Test/channel_problem/F_antenna.h5,339,,4327b003180a440b71390d3d0ddce41cbd6534b1c0c45d4a3daf0401bb9ba67f,32,F_antenna
S1,4865,ieee_dataport/LoRa_RFFI-main/LoRa_RFFI/dataset/Test/channel_problem/F_antenna.h5,340,,b20433d2855ec2c9ffc5e2aa36cd02022cea12b9186469b879652766ff7d5996,32,F_antenna
S1,4866,ieee_dataport/LoRa_RFFI-main/LoRa_RFFI/dataset/Test/channel_problem/F_antenna.h5,344,,34a208784843bad6272ea755f331bd79994639fd9410235a48d99d816c0120bd,32,F_antenna
S1,4867,ieee_dataport/LoRa_RFFI-main/LoRa_RFFI/dataset/Test/channel_problem/F_antenna.h5,347,,a06c6b95dd773e371256e6bfc965cb6472c898ade39a00015605ab45dee05f77,32,F_antenna
S1,4868,ieee_dataport/LoRa_RFFI-main/LoRa_RFFI/dataset/Test/channel_problem/F_antenna.h5,350,,64e76d558980ad938a06eaee9d1ac8120b07c81c214b58eece16c488a064f1ff,32,F_antenna
S1,4869,ieee_dataport/LoRa_RFFI-main/LoRa_RFFI/dataset/Test/channel_problem/F_antenna.h5,351,,a9f6f398faaef54718f451fb3310fce17157a61f13735a393069d7913f18bcb8,32,F_antenna
S1,4870,ieee_dataport/LoRa_RFFI-main/LoRa_RFFI/dataset/Test/channel_problem/F_antenna.h5,353,,ddc78839725bb63c8eb1431ee8f27e730a067a22c762c9aab696d983a22b26f3,32,F_antenna
S1,4871,ieee_dataport/LoRa_RFFI-main/LoRa_RFFI/dataset/Test/channel_problem/F_antenna.h5,355,,6a678fd4003365a9431c0d0a910373eea25b46340facc07b123a58f745719f20,32,F_antenna
S1,4872,ieee_dataport/LoRa_RFFI-main/LoRa_RFFI/dataset/Test/channel_problem/F_antenna.h5,370,,f03320a23f7553b792783ebde8ea36194172c68aede13a114fe05b1abc086a9e,32,F_antenna
S1,4873,ieee_dataport/LoRa_RFFI-main/LoRa_RFFI/dataset/Test/channel_problem/F_antenna.h5,374,,4e1cf5cd085106dc36c11ff07b56aee29e635599c0fad349e968b7dc7adb1526,32,F_antenna
S1,4874,ieee_dataport/LoRa_RFFI-main/LoRa_RFFI/dataset/Test/channel_problem/F_antenna.h5,375,,5a3ec6733a68924be04c9933a5a23f413dec4885e029c9e26185c9699fe3943a,32,F_antenna
S1,4875,ieee_dataport/LoRa_RFFI-main/LoRa_RFFI/dataset/Test/channel_problem/F_antenna.h5,385,,f1d6f4d5c45e8c3533d06a71f4c1b97d87d2282a8eff6f6cbb0270b151e2bb81,32,F_antenna
S1,4876,ieee_dataport/LoRa_RFFI-main/LoRa_RFFI/dataset/Test/channel_problem/F_antenna.h5,389,,397a1c4241b5e27d4909a59b2ee640036d114c16d5d02ebfbf7703efaf751192,32,F_antenna
S1,4877,ieee_dataport/LoRa_RFFI-main/LoRa_RFFI/dataset/Test/channel_problem/F_antenna.h5,392,,96195f6e9c5f2f893c4fd0091fe6ab10f821dc550f6ddbfc2ed44184e334f282,32,F_antenna
S1,4878,ieee_dataport/LoRa_RFFI-main/LoRa_RFFI/dataset/Test/channel_problem/F_antenna.h5,393,,50c0db2d37fbfe63d8fa1188782a871e56e5db03eafdb1afc8b811ff1bade5b6,32,F_antenna
S1,4879,ieee_dataport/LoRa_RFFI-main/LoRa_RFFI/dataset/Test/channel_problem/F_antenna.h5,398,,2d50406d60a9c39df963cd434f95351eaa4cc9b16289b1806598cd92e3bfac3e,32,F_antenna
S1,4880,ieee_dataport/LoRa_RFFI-main/LoRa_RFFI/dataset/Test/channel_problem/F_antenna.h5,402,,43b84e907db92b0455b3454dcf236219d0b7ea9c51c2450253425c998be20f14,33,F_antenna
S1,4881,ieee_dataport/LoRa_RFFI-main/LoRa_RFFI/dataset/Test/channel_problem/F_antenna.h5,405,,b16811aeff61b57add63abd123548372b820e4aaa2c7ef3427a3bf957d2c1f89,33,F_antenna
S1,4882,ieee_dataport/LoRa_RFFI-main/LoRa_RFFI/dataset/Test/channel_problem/F_antenna.h5,411,,8167ae8d9df3043796e2b2e2bfd8623723e1b52eb5848f00c9467fb8e601151b,33,F_antenna
S1,4883,ieee_dataport/LoRa_RFFI-main/LoRa_RFFI/dataset/Test/channel_problem/F_antenna.h5,414,,6aec97ffed9e838aa1a17c7a46ab3575213710fec1c3090d2c941dba3ba23602,33,F_antenna
S1,4884,ieee_dataport/LoRa_RFFI-main/LoRa_RFFI/dataset/Test/channel_problem/F_antenna.h5,429,,e51a49c56891d521aba087c2a63fc5013fc2773e4f52137584e14b9468922137,33,F_antenna
S1,4885,ieee_dataport/LoRa_RFFI-main/LoRa_RFFI/dataset/Test/channel_problem/F_antenna.h5,443,,2c6c948fdede2fcca39310a7b4b7cc375c7fe251894ef94d9a175961413863dc,33,F_antenna
S1,4886,ieee_dataport/LoRa_RFFI-main/LoRa_RFFI/dataset/Test/channel_problem/F_antenna.h5,449,,2a746d489e1b90175e03d42405d06c33588d5958e9d11527db7cd17f88754d55,33,F_antenna
S1,4887,ieee_dataport/LoRa_RFFI-main/LoRa_RFFI/dataset/Test/channel_problem/F_antenna.h5,455,,935d2fb1bf3d8d815e87320c43d6a333100cd9637ad3ee0c472ed715274f4f61,33,F_antenna
S1,4888,ieee_dataport/LoRa_RFFI-main/LoRa_RFFI/dataset/Test/channel_problem/F_antenna.h5,461,,64fe8e19a535b5314aa1160ca04bbda22c403c7dfde3dcfab90be0f3d71a5ed2,33,F_antenna
S1,4889,ieee_dataport/LoRa_RFFI-main/LoRa_RFFI/dataset/Test/channel_problem/F_antenna.h5,464,,b4de61b67d5b8987ae32d798bb5f312238e228f80319d1331b1475efb4ad2712,33,F_antenna
S1,4890,ieee_dataport/LoRa_RFFI-main/LoRa_RFFI/dataset/Test/channel_problem/F_antenna.h5,471,,3e321c863ddf68549e1d7b877532d0f8e793a27631ba79520ec92e7af7ec1856,33,F_antenna
S1,4891,ieee_dataport/LoRa_RFFI-main/LoRa_RFFI/dataset/Test/channel_problem/F_antenna.h5,473,,e76dd3de2b2896d03ce370cdd5099b95911e752a9cb8d6c9169ff8fb2f245e3b,33,F_antenna
S1,4892,ieee_dataport/LoRa_RFFI-main/LoRa_RFFI/dataset/Test/channel_problem/F_antenna.h5,474,,a65eb499f125a2a1e06aff033035e01bd2a6f7536e5d4b903e928ab5261679c4,33,F_antenna
S1,4893,ieee_dataport/LoRa_RFFI-main/LoRa_RFFI/dataset/Test/channel_problem/F_antenna.h5,484,,1f29cb1683c7c15c6ab161bfffeff13c582cf86825f653b4ede5574735e53377,33,F_antenna
S1,4894,ieee_dataport/LoRa_RFFI-main/LoRa_RFFI/dataset/Test/channel_problem/F_antenna.h5,493,,4a4a46ac7f15994ac7c7bdb529ba63b448491df39b7556bbac7b5d524432a0bf,33,F_antenna
S1,4895,ieee_dataport/LoRa_RFFI-main/LoRa_RFFI/dataset/Test/channel_problem/F_antenna.h5,498,,5ed0c85c8510fdbf7c4a9ed0567c0b25f86d66ce6e108ef33a95edbf0c1af30a,33,F_antenna
S1,4896,ieee_dataport/LoRa_RFFI-main/LoRa_RFFI/dataset/Test/channel_problem/F_antenna.h5,500,,0526051021e978feb9fdf1dcc3dd767cbcbf026472137d94c28e74006dd2896e,33,F_antenna
S1,4897,ieee_dataport/LoRa_RFFI-main/LoRa_RFFI/dataset/Test/channel_problem/F_antenna.h5,502,,e09d7891c5477d07c24dfb31b2384bb057cda2f25c608a131f0256c1eef683ba,33,F_antenna
S1,4898,ieee_dataport/LoRa_RFFI-main/LoRa_RFFI/dataset/Test/channel_problem/F_antenna.h5,507,,1061fbd0b7de03b971c62458fae7508a96ddbafb58be48a2b8bfef983e94c399,33,F_antenna
S1,4899,ieee_dataport/LoRa_RFFI-main/LoRa_RFFI/dataset/Test/channel_problem/F_antenna.h5,514,,3aa52a5aea1e683c6f7063cbd47fee6cda39d0460834f6fa798147a70a583e73,33,F_antenna
S1,4900,ieee_dataport/LoRa_RFFI-main/LoRa_RFFI/dataset/Test/channel_problem/F_antenna.h5,520,,0f8df9d5111ea5ef21b4509aafd6c28d4e2b1cd8b4e1776705a85b95ecafb69a,33,F_antenna
S1,4901,ieee_dataport/LoRa_RFFI-main/LoRa_RFFI/dataset/Test/channel_problem/F_antenna.h5,522,,bf730c5b38bbda1cd714e23c3893f3c1d2e53077ce0edb295a0a8ab03f4cbff6,33,F_antenna
S1,4902,ieee_dataport/LoRa_RFFI-main/LoRa_RFFI/dataset/Test/channel_problem/F_antenna.h5,524,,2cda3f3ec14e831d7f39f57bd13b4c54660d9d907bf82cbc4b72c3acd39f0dc9,33,F_antenna
S1,4903,ieee_dataport/LoRa_RFFI-main/LoRa_RFFI/dataset/Test/channel_problem/F_antenna.h5,525,,88307fac3604e787774470af50154d8416e11d5a00bebeba5e9972a163e89db7,33,F_antenna
S1,4904,ieee_dataport/LoRa_RFFI-main/LoRa_RFFI/dataset/Test/channel_problem/F_antenna.h5,526,,d29a8c6993d98158951c985bc2a289ad5d89c5e3fede7ba13363e67fa9b0283d,33,F_antenna
S1,4905,ieee_dataport/LoRa_RFFI-main/LoRa_RFFI/dataset/Test/channel_problem/F_antenna.h5,531,,2524074a36777cbab7ddd57a3419f51089681a7586f6396a2bedda4b6a70419a,33,F_antenna
S1,4906,ieee_dataport/LoRa_RFFI-main/LoRa_RFFI/dataset/Test/channel_problem/F_antenna.h5,542,,314f847c274fb190f2b7ac1762d46296a664300aa705c40f63693849551fdc46,33,F_antenna
S1,4907,ieee_dataport/LoRa_RFFI-main/LoRa_RFFI/dataset/Test/channel_problem/F_antenna.h5,543,,9565178222bf68b0d920b4976e16aa544999ca8996244f268347022f94feb209,33,F_antenna
S1,4908,ieee_dataport/LoRa_RFFI-main/LoRa_RFFI/dataset/Test/channel_problem/F_antenna.h5,546,,df96fc941b91fed95443a408e822e6d04e773184941a73e23766f18dcf9cc528,33,F_antenna
S1,4909,ieee_dataport/LoRa_RFFI-main/LoRa_RFFI/dataset/Test/channel_problem/F_antenna.h5,548,,1491922f8b0e21a37a04b17ca4085864109c38842ee3a4098db0c2628c245059,33,F_antenna
S1,4910,ieee_dataport/LoRa_RFFI-main/LoRa_RFFI/dataset/Test/channel_problem/F_antenna.h5,549,,c0a6f477eb28484fffbbbccc8bf512e0faa1bb92cb358095b24e4f8fdf1acd27,33,F_antenna
S1,4911,ieee_dataport/LoRa_RFFI-main/LoRa_RFFI/dataset/Test/channel_problem/F_antenna.h5,554,,ec64b77971035800f891d43b39399c51b43faaa44637ba65f4cfedb26f5e0b35,33,F_antenna
S1,4912,ieee_dataport/LoRa_RFFI-main/LoRa_RFFI/dataset/Test/channel_problem/F_antenna.h5,558,,3b670be0d2ee19fd04bc052fe366ca343dee19ed740cf861c7b950ae16888b4e,33,F_antenna
S1,4913,ieee_dataport/LoRa_RFFI-main/LoRa_RFFI/dataset/Test/channel_problem/F_antenna.h5,560,,3bdab3fc36af0e2b1c817edf4bf534102bd06292b73d055f0f4e8488daf5d346,33,F_antenna
S1,4914,ieee_dataport/LoRa_RFFI-main/LoRa_RFFI/dataset/Test/channel_problem/F_antenna.h5,579,,b2d0d322f991b36687cb53dbfab9ddecfecb92cabdcc53d10f25868fbaa89a5d,33,F_antenna
S1,4915,ieee_dataport/LoRa_RFFI-main/LoRa_RFFI/dataset/Test/channel_problem/F_antenna.h5,588,,847d6d90f534ef31f4ee704af220674ff19116009c8fa90ef027168155dadbeb,33,F_antenna
S1,4916,ieee_dataport/LoRa_RFFI-main/LoRa_RFFI/dataset/Test/channel_problem/F_antenna.h5,590,,fe14b24146022a0c0e2cada3f29a8c1f07b31689d3057b31250d27ee23f7b0d1,33,F_antenna
S1,4917,ieee_dataport/LoRa_RFFI-main/LoRa_RFFI/dataset/Test/channel_problem/F_antenna.h5,594,,c1007f13df416a502816d1f7277a87ccf9524d7ce3f350def458454e767439b7,33,F_antenna
S1,4918,ieee_dataport/LoRa_RFFI-main/LoRa_RFFI/dataset/Test/channel_problem/F_antenna.h5,597,,69b9ebd219ecb05917e0205562518fa0d13a22931db4fccf75871094d9f63a4b,33,F_antenna
S1,4919,ieee_dataport/LoRa_RFFI-main/LoRa_RFFI/dataset/Test/channel_problem/F_antenna.h5,598,,08fd17ebc2d2a94a1bd9d92a0e4c1abdf681dd8da56fb7bb71e55e0629c42912,33,F_antenna
S1,4920,ieee_dataport/LoRa_RFFI-main/LoRa_RFFI/dataset/Test/channel_problem/F_antenna.h5,600,,eee3f8c7e2a8820a3824b091f4cfab4d3c21a239a77bda1e1aad6e6de45b157d,34,F_antenna
S1,4921,ieee_dataport/LoRa_RFFI-main/LoRa_RFFI/dataset/Test/channel_problem/F_antenna.h5,608,,6b9b995a78fae71bb7be4e075781cf8a663523176e1d7866a02db73e7b96e9b2,34,F_antenna
S1,4922,ieee_dataport/LoRa_RFFI-main/LoRa_RFFI/dataset/Test/channel_problem/F_antenna.h5,617,,05a97071812d499b20eec59da470a9da22fcbc7d314d530fc61895bf58878b3d,34,F_antenna
S1,4923,ieee_dataport/LoRa_RFFI-main/LoRa_RFFI/dataset/Test/channel_problem/F_antenna.h5,618,,6a55875368a2138513cff143fbf79133173b4ec7bae3a3d1cff5c6f2c28fcbd6,34,F_antenna
S1,4924,ieee_dataport/LoRa_RFFI-main/LoRa_RFFI/dataset/Test/channel_problem/F_antenna.h5,624,,b179c6ecd5ee664e1a966aa63d199d3706a017f84c422bc6686b37fa5bc3e0b1,34,F_antenna
S1,4925,ieee_dataport/LoRa_RFFI-main/LoRa_RFFI/dataset/Test/channel_problem/F_antenna.h5,625,,c9f5896b48a0aaff3ea9f3e12d8b0f9a672084099475620f4a1bd92d4f8f5958,34,F_antenna
S1,4926,ieee_dataport/LoRa_RFFI-main/LoRa_RFFI/dataset/Test/channel_problem/F_antenna.h5,637,,3ecc951ff77c605250afa614b0218436966b0fe874f97478ef0bcba0894de793,34,F_antenna
S1,4927,ieee_dataport/LoRa_RFFI-main/LoRa_RFFI/dataset/Test/channel_problem/F_antenna.h5,641,,f67ba72bd3b12859ce27dfe4d360b463f9cd854f81079e1fd00e490b6fb7a35c,34,F_antenna
S1,4928,ieee_dataport/LoRa_RFFI-main/LoRa_RFFI/dataset/Test/channel_problem/F_antenna.h5,645,,7032130ba2d22e27414d6dba29f2340f73f1bc8f5fd0823f97dc0fab315725e1,34,F_antenna
S1,4929,ieee_dataport/LoRa_RFFI-main/LoRa_RFFI/dataset/Test/channel_problem/F_antenna.h5,648,,d703a4339f1c57880eaf105e57b1212d02e71195334a02e956c957eb30be214a,34,F_antenna
S1,4930,ieee_dataport/LoRa_RFFI-main/LoRa_RFFI/dataset/Test/channel_problem/F_antenna.h5,649,,006951c7d3d6e388aead041339eb07e2db615e57f927f7338fe983063eb31789,34,F_antenna
S1,4931,ieee_dataport/LoRa_RFFI-main/LoRa_RFFI/dataset/Test/channel_problem/F_antenna.h5,653,,59ebdf02b2bec7b4b2b303fb0aa67c350ed57072b9a34be4fad4287fd4efc5de,34,F_antenna
S1,4932,ieee_dataport/LoRa_RFFI-main/LoRa_RFFI/dataset/Test/channel_problem/F_antenna.h5,657,,3bf7fb11ce096f249d50e748823aa0893286c502f1432418c35c904a8e0008a2,34,F_antenna
S1,4933,ieee_dataport/LoRa_RFFI-main/LoRa_RFFI/dataset/Test/channel_problem/F_antenna.h5,665,,812fc7d58589c413bc8270ff7588cd84861098354dd8d5c1d3fcf69f3fa31ba0,34,F_antenna
S1,4934,ieee_dataport/LoRa_RFFI-main/LoRa_RFFI/dataset/Test/channel_problem/F_antenna.h5,667,,7fe6f35904f9dbebd41da859a1a464dff4fe2f4151db341bc2049cb03e7f1958,34,F_antenna
S1,4935,ieee_dataport/LoRa_RFFI-main/LoRa_RFFI/dataset/Test/channel_problem/F_antenna.h5,668,,dce10a51e24dc7f920664c3170adca879ab03a77d4301198292f3c1c34debd74,34,F_antenna
S1,4936,ieee_dataport/LoRa_RFFI-main/LoRa_RFFI/dataset/Test/channel_problem/F_antenna.h5,675,,7902d9d58dd4d2b925712963981c97b3a10682f76337ce40fb1186016506e0cf,34,F_antenna
S1,4937,ieee_dataport/LoRa_RFFI-main/LoRa_RFFI/dataset/Test/channel_problem/F_antenna.h5,676,,947f78bdd2f2e0818298b46e4a1925536b9f800aa89947396bc2c21525427997,34,F_antenna
S1,4938,ieee_dataport/LoRa_RFFI-main/LoRa_RFFI/dataset/Test/channel_problem/F_antenna.h5,678,,ccd56f426701182dd05f45194fc1a4d0a4cf5553d2cf0e2c18f43bdc8556c34e,34,F_antenna
S1,4939,ieee_dataport/LoRa_RFFI-main/LoRa_RFFI/dataset/Test/channel_problem/F_antenna.h5,682,,f3f02d59e6129d3fd4d9e3a4da2c84b54d0b092727fd31dc0932f33b2228fc8c,34,F_antenna
S1,4940,ieee_dataport/LoRa_RFFI-main/LoRa_RFFI/dataset/Test/channel_problem/F_antenna.h5,701,,0bf0d9433966def07bf3ba3f03313a63945c5011e8a3d01827a5246124328d05,34,F_antenna
S1,4941,ieee_dataport/LoRa_RFFI-main/LoRa_RFFI/dataset/Test/channel_problem/F_antenna.h5,705,,47196a0dcdf0aa600c05fb92427fd7173ca9ff7d272b6007a44d97112a08bb86,34,F_antenna
S1,4942,ieee_dataport/LoRa_RFFI-main/LoRa_RFFI/dataset/Test/channel_problem/F_antenna.h5,714,,70bfe88a52da0b4a530689bf3dfa9d269b323d11c7ba8b892f44a4ba1ad86725,34,F_antenna
S1,4943,ieee_dataport/LoRa_RFFI-main/LoRa_RFFI/dataset/Test/channel_problem/F_antenna.h5,717,,1fa9f7c3ea35e0fbb10d6e359e4c8beafdccd6142c000a4d63e94670f2a843cc,34,F_antenna
S1,4944,ieee_dataport/LoRa_RFFI-main/LoRa_RFFI/dataset/Test/channel_problem/F_antenna.h5,722,,299e176170ba376b548ffea668f9ba6013b10237a37aa2a3e6aa989068d72968,34,F_antenna
S1,4945,ieee_dataport/LoRa_RFFI-main/LoRa_RFFI/dataset/Test/channel_problem/F_antenna.h5,724,,57c07484f7066baca70a711dc6cde7d4cfb8de6aba4df0c8ae5ed2ab328eb2c6,34,F_antenna
S1,4946,ieee_dataport/LoRa_RFFI-main/LoRa_RFFI/dataset/Test/channel_problem/F_antenna.h5,725,,b903b00349ac57524cf4a82ddff54fccc0d0f5fb9aa84762dd76169297576478,34,F_antenna
S1,4947,ieee_dataport/LoRa_RFFI-main/LoRa_RFFI/dataset/Test/channel_problem/F_antenna.h5,732,,c0cfb05bd405855a419387439c6d01dddf82471881e446e3a5ae48dfdc708f3a,34,F_antenna
S1,4948,ieee_dataport/LoRa_RFFI-main/LoRa_RFFI/dataset/Test/channel_problem/F_antenna.h5,736,,e899206a5c818f5f47e4bea4f44e52e8afaa8719e3deeb1ba4e369743a411246,34,F_antenna
S1,4949,ieee_dataport/LoRa_RFFI-main/LoRa_RFFI/dataset/Test/channel_problem/F_antenna.h5,745,,dc7c5c8ef9b2f0baec51b46d262f297a74cba00256c94504082dc61c4dec6539,34,F_antenna
S1,4950,ieee_dataport/LoRa_RFFI-main/LoRa_RFFI/dataset/Test/channel_problem/F_antenna.h5,750,,1d6b8dbd91973122124fd0aae55c672e7ad176f51b2c4cf41fc9d1aade50b3d2,34,F_antenna
S1,4951,ieee_dataport/LoRa_RFFI-main/LoRa_RFFI/dataset/Test/channel_problem/F_antenna.h5,757,,bf8010611dd1ef9e2efa0a0c9feb1ec1d1ea2d3a86e05fe51f7e9c4f324dbb64,34,F_antenna
S1,4952,ieee_dataport/LoRa_RFFI-main/LoRa_RFFI/dataset/Test/channel_problem/F_antenna.h5,758,,d87aeb9f28c73ffe05c5e69252102aab2a289483c02e18adb7b63080f69aae72,34,F_antenna
S1,4953,ieee_dataport/LoRa_RFFI-main/LoRa_RFFI/dataset/Test/channel_problem/F_antenna.h5,764,,fb730f554e11da171645476f3789cc1d4a79970637a6f81e868e690541355406,34,F_antenna
S1,4954,ieee_dataport/LoRa_RFFI-main/LoRa_RFFI/dataset/Test/channel_problem/F_antenna.h5,766,,7ec1c470196b67d75b4fad39ced02d94f8bec7229f2cd0a5011b4cfe258c4cac,34,F_antenna
S1,4955,ieee_dataport/LoRa_RFFI-main/LoRa_RFFI/dataset/Test/channel_problem/F_antenna.h5,767,,fe30105dc17afe4bd37780e11c42b4b9bb73afd99d4393b034e2e406b2c701ae,34,F_antenna
S1,4956,ieee_dataport/LoRa_RFFI-main/LoRa_RFFI/dataset/Test/channel_problem/F_antenna.h5,768,,a32165512e7f6c24efaa97ae4f42d0f454cf86bd7aaaaacb1ac0ab62d130845e,34,F_antenna
S1,4957,ieee_dataport/LoRa_RFFI-main/LoRa_RFFI/dataset/Test/channel_problem/F_antenna.h5,783,,cdc9e1c2c61b86d2d89c37a25c691849ea05e810d3d194ee4c2579be487b9c48,34,F_antenna
S1,4958,ieee_dataport/LoRa_RFFI-main/LoRa_RFFI/dataset/Test/channel_problem/F_antenna.h5,787,,dbb2ecd74c58bd3cc6ac286e8fe295e910ae3e87cdfb1a8c0ba09e1b41d66196,34,F_antenna
S1,4959,ieee_dataport/LoRa_RFFI-main/LoRa_RFFI/dataset/Test/channel_problem/F_antenna.h5,792,,cf3ed24ca5fb428ce0bf2354af380fbc4c9c55a7b6654309a2eef3ea01ef2138,34,F_antenna
S1,4960,ieee_dataport/LoRa_RFFI-main/LoRa_RFFI/dataset/Test/channel_problem/F_antenna.h5,807,,23e379049019291ce173b92693183145b096324bd9285de9ca793b9ebe0678fc,35,F_antenna
S1,4961,ieee_dataport/LoRa_RFFI-main/LoRa_RFFI/dataset/Test/channel_problem/F_antenna.h5,815,,a3f4545d4e53377cbfa24bb9aad16b63c602743daf5da85b006432ac89e4fdd1,35,F_antenna
S1,4962,ieee_dataport/LoRa_RFFI-main/LoRa_RFFI/dataset/Test/channel_problem/F_antenna.h5,816,,5261b3d65a33b18eddfa6c59ecaa79eceed41616c7e9c9a6e94cefcda1091bfa,35,F_antenna
S1,4963,ieee_dataport/LoRa_RFFI-main/LoRa_RFFI/dataset/Test/channel_problem/F_antenna.h5,818,,1188259c375820d458ac1364eff9fa38641824fc05d7428a2671f2b6184aa9f1,35,F_antenna
S1,4964,ieee_dataport/LoRa_RFFI-main/LoRa_RFFI/dataset/Test/channel_problem/F_antenna.h5,826,,2b8087ab2f2f957f864fec052d3dbe3ba07b7f1b575e8325de9ae7f6adc904ec,35,F_antenna
S1,4965,ieee_dataport/LoRa_RFFI-main/LoRa_RFFI/dataset/Test/channel_problem/F_antenna.h5,830,,dd8dec90e4bf179389eacd2a0d7f9d9167370046bc67a8e1aae680a2e7efa48e,35,F_antenna
S1,4966,ieee_dataport/LoRa_RFFI-main/LoRa_RFFI/dataset/Test/channel_problem/F_antenna.h5,837,,cf7f1963f2043f9de0e61a0959b33c6f8aac59574017d06a270a1a1abd22514e,35,F_antenna
S1,4967,ieee_dataport/LoRa_RFFI-main/LoRa_RFFI/dataset/Test/channel_problem/F_antenna.h5,839,,3e573e75a80e4a1521b5a08185339a1c8519f870c0e14e464cc5f2595c8b9b08,35,F_antenna
S1,4968,ieee_dataport/LoRa_RFFI-main/LoRa_RFFI/dataset/Test/channel_problem/F_antenna.h5,844,,aa08ab8b785b0d6e3e943a497e453276114227907de4ace54998101892beabc7,35,F_antenna
S1,4969,ieee_dataport/LoRa_RFFI-main/LoRa_RFFI/dataset/Test/channel_problem/F_antenna.h5,845,,57dc9d0c1977ba4ae635bfe4bb9603b33c582ec7f4dd2bc9f3e96b69ad5d64ef,35,F_antenna
S1,4970,ieee_dataport/LoRa_RFFI-main/LoRa_RFFI/dataset/Test/channel_problem/F_antenna.h5,846,,8791ac45c468f1fe1906fa004643c5bb33da27e57d35d56e593fd4b1fb173ed0,35,F_antenna
S1,4971,ieee_dataport/LoRa_RFFI-main/LoRa_RFFI/dataset/Test/channel_problem/F_antenna.h5,847,,36bd7b76877f3f0c6520e44c7b9d58ac037a33de75d35b8b44daa73c5ba20cde,35,F_antenna
S1,4972,ieee_dataport/LoRa_RFFI-main/LoRa_RFFI/dataset/Test/channel_problem/F_antenna.h5,850,,fbdf90763f4ef23175edb359e25a350826e78e5a27bad389f97f9bd9856559ec,35,F_antenna
S1,4973,ieee_dataport/LoRa_RFFI-main/LoRa_RFFI/dataset/Test/channel_problem/F_antenna.h5,854,,36a150b285d187b845e05a8a77b2adc5075ed692fd5e217c9104468c1a588f5f,35,F_antenna
S1,4974,ieee_dataport/LoRa_RFFI-main/LoRa_RFFI/dataset/Test/channel_problem/F_antenna.h5,859,,f96448b6d075c7e1786bd19c91bfb850248e503c464734bd22bbf40a423f3520,35,F_antenna
S1,4975,ieee_dataport/LoRa_RFFI-main/LoRa_RFFI/dataset/Test/channel_problem/F_antenna.h5,860,,baac0d6c75f1c48354ab22c715d96e22d301cedc551637cb139d8b19b532e1a0,35,F_antenna
S1,4976,ieee_dataport/LoRa_RFFI-main/LoRa_RFFI/dataset/Test/channel_problem/F_antenna.h5,862,,4f4eb615600e824126c0c0dfcbdcdeaf95cb3fca7a646fb4acc21c9a4992fb5f,35,F_antenna
S1,4977,ieee_dataport/LoRa_RFFI-main/LoRa_RFFI/dataset/Test/channel_problem/F_antenna.h5,864,,b51eccb42de118439f3889aa228b3f39c7a601399dd59bab9bcd622de0e71edf,35,F_antenna
S1,4978,ieee_dataport/LoRa_RFFI-main/LoRa_RFFI/dataset/Test/channel_problem/F_antenna.h5,865,,f63b4379e275b99af1c254d8de3971682cd3827deadfbd958350c24cfa87c345,35,F_antenna
S1,4979,ieee_dataport/LoRa_RFFI-main/LoRa_RFFI/dataset/Test/channel_problem/F_antenna.h5,869,,0fb9b635aa6f31822706a428353ccd560392647b4fa84410676d6a069ffaaa8e,35,F_antenna
S1,4980,ieee_dataport/LoRa_RFFI-main/LoRa_RFFI/dataset/Test/channel_problem/F_antenna.h5,872,,28605540bce23f1def6c9a6af4620e84a143ddbd8e14e1c18d64fc73dd01cf94,35,F_antenna
S1,4981,ieee_dataport/LoRa_RFFI-main/LoRa_RFFI/dataset/Test/channel_problem/F_antenna.h5,907,,79f183d458a03e8c6780b2e26e2174879ffbd4fcca4fcbc4ad274518139a8165,35,F_antenna
S1,4982,ieee_dataport/LoRa_RFFI-main/LoRa_RFFI/dataset/Test/channel_problem/F_antenna.h5,908,,df0be02725f8d644cf3b23082e49911442c6e74b198715d43b7f2ea5233df347,35,F_antenna
S1,4983,ieee_dataport/LoRa_RFFI-main/LoRa_RFFI/dataset/Test/channel_problem/F_antenna.h5,913,,7884e482666e5b805a47c63fde78b5fa78767f8d65024010f465b9f84c19802b,35,F_antenna
S1,4984,ieee_dataport/LoRa_RFFI-main/LoRa_RFFI/dataset/Test/channel_problem/F_antenna.h5,914,,257f8d360dcd287ca9416dafee5849f4985d86671827d69914f33d51002f587f,35,F_antenna
S1,4985,ieee_dataport/LoRa_RFFI-main/LoRa_RFFI/dataset/Test/channel_problem/F_antenna.h5,915,,79b4ea597e7d9db6df21dcdc693a89b8bd3e1207b1f513cbc53ed0277723439f,35,F_antenna
S1,4986,ieee_dataport/LoRa_RFFI-main/LoRa_RFFI/dataset/Test/channel_problem/F_antenna.h5,916,,a41cacf6b888d217833777c5b3f0407c457e967855882b317e969d5355998037,35,F_antenna
S1,4987,ieee_dataport/LoRa_RFFI-main/LoRa_RFFI/dataset/Test/channel_problem/F_antenna.h5,917,,8d7ef9ba62c066319b409ffb0ca70970c788848c0b4c09b2a35215fd98709d1a,35,F_antenna
S1,4988,ieee_dataport/LoRa_RFFI-main/LoRa_RFFI/dataset/Test/channel_problem/F_antenna.h5,918,,877eedf99fd3df7887315ea806159c57475539cf9691a15310909967c7668867,35,F_antenna
S1,4989,ieee_dataport/LoRa_RFFI-main/LoRa_RFFI/dataset/Test/channel_problem/F_antenna.h5,930,,840210ea8ebf2aef37695f61b2a04871612db97f15bc9cc28ae255b173bcaffb,35,F_antenna
S1,4990,ieee_dataport/LoRa_RFFI-main/LoRa_RFFI/dataset/Test/channel_problem/F_antenna.h5,933,,c73016018b90af606e6c4652316159578a3b4131c10efdb6aaf7322a3b7cf141,35,F_antenna
S1,4991,ieee_dataport/LoRa_RFFI-main/LoRa_RFFI/dataset/Test/channel_problem/F_antenna.h5,935,,41a4bfa775d83837a8a48a7013643979c5b6115c4b0471ba76e071e0b1eeec81,35,F_antenna
S1,4992,ieee_dataport/LoRa_RFFI-main/LoRa_RFFI/dataset/Test/channel_problem/F_antenna.h5,937,,70a102f962959be6aadcd428078a61a747190caf98bd9efb4258d7e39831140d,35,F_antenna
S1,4993,ieee_dataport/LoRa_RFFI-main/LoRa_RFFI/dataset/Test/channel_problem/F_antenna.h5,939,,ad8cfb9e556db092fafce0b13eae3a19c90983e37265f1eabb6d0fe712a2d4ba,35,F_antenna
S1,4994,ieee_dataport/LoRa_RFFI-main/LoRa_RFFI/dataset/Test/channel_problem/F_antenna.h5,941,,4b07d78b63caa09d685786492b0d5c4daff94c6424db90c85c67b26c5fe8d35f,35,F_antenna
S1,4995,ieee_dataport/LoRa_RFFI-main/LoRa_RFFI/dataset/Test/channel_problem/F_antenna.h5,961,,9e7591a88273e4ac2aa0bc1665973d35e76a18096e25eb18af1e2a772f5af7f8,35,F_antenna
S1,4996,ieee_dataport/LoRa_RFFI-main/LoRa_RFFI/dataset/Test/channel_problem/F_antenna.h5,971,,c26820efdb523b816edc4ecdaa584ab95af5d8dc82663163b91d43feb9792e1d,35,F_antenna
S1,4997,ieee_dataport/LoRa_RFFI-main/LoRa_RFFI/dataset/Test/channel_problem/F_antenna.h5,987,,ca1ca7d14cbe9bd3122b8b4cbca377fb8b524cb4605ee7cc0f9db95aa38a6222,35,F_antenna
S1,4998,ieee_dataport/LoRa_RFFI-main/LoRa_RFFI/dataset/Test/channel_problem/F_antenna.h5,988,,25481efa2b3914e634a912f8a5cb4aa11370a4419fb90e62bd0473b6d6620304,35,F_antenna
S1,4999,ieee_dataport/LoRa_RFFI-main/LoRa_RFFI/dataset/Test/channel_problem/F_antenna.h5,992,,986924467308e0b3a93635dbd5368ead9f8e0a63796ee090c07c9c78e7101d63,35,F_antenna
S1,5000,ieee_dataport/LoRa_RFFI-main/LoRa_RFFI/dataset/Test/channel_problem/F_antenna.h5,1000,,4fb78b9c7528da5fc96bd4b3e33886426efda0c5170be59c2df9dd9f4b176c53,36,F_antenna
S1,5001,ieee_dataport/LoRa_RFFI-main/LoRa_RFFI/dataset/Test/channel_problem/F_antenna.h5,1003,,ff3da2b18d55eb820f279343ec342223f3a347152f0d3ee2d4247e36d21b7627,36,F_antenna
S1,5002,ieee_dataport/LoRa_RFFI-main/LoRa_RFFI/dataset/Test/channel_problem/F_antenna.h5,1008,,0796d01f391c60c101504c50b8193cc2b202b1eedb9caeee859281798cf3e9c3,36,F_antenna
S1,5003,ieee_dataport/LoRa_RFFI-main/LoRa_RFFI/dataset/Test/channel_problem/F_antenna.h5,1012,,6c75103c3349001a015c27c2b4b3be885280054386d201939f61b78c45ad8f52,36,F_antenna
S1,5004,ieee_dataport/LoRa_RFFI-main/LoRa_RFFI/dataset/Test/channel_problem/F_antenna.h5,1018,,db7ba08359e743f1566f207899ccb05a4bf637cc4ba84cef1f0d15b4a7f93c28,36,F_antenna
S1,5005,ieee_dataport/LoRa_RFFI-main/LoRa_RFFI/dataset/Test/channel_problem/F_antenna.h5,1023,,57abd7ad8935bea87d97cc557b0cd96629a0b8a9738f163464b33cb588e8834a,36,F_antenna
S1,5006,ieee_dataport/LoRa_RFFI-main/LoRa_RFFI/dataset/Test/channel_problem/F_antenna.h5,1024,,bf8869f4e84de2667677ab47d996966e84e0ca75ad6dfb5d260c4d9fda84588d,36,F_antenna
S1,5007,ieee_dataport/LoRa_RFFI-main/LoRa_RFFI/dataset/Test/channel_problem/F_antenna.h5,1029,,78e4c3e30648ee4c46fc05c8a5b227d788c105ff85e811ace5b5e7d02bce23ff,36,F_antenna
S1,5008,ieee_dataport/LoRa_RFFI-main/LoRa_RFFI/dataset/Test/channel_problem/F_antenna.h5,1040,,c85d2c58eafd92fcfa4098e9a3251bc3aa48888e61f752474d79020beff69a60,36,F_antenna
S1,5009,ieee_dataport/LoRa_RFFI-main/LoRa_RFFI/dataset/Test/channel_problem/F_antenna.h5,1042,,c587d617643e5edc636baa0faf6a28744b2cc004c9dd0e592e21ba97d33a6579,36,F_antenna
S1,5010,ieee_dataport/LoRa_RFFI-main/LoRa_RFFI/dataset/Test/channel_problem/F_antenna.h5,1048,,e12a87ecad6944c0605f585766752662892dad00d2be92b37a515d96fd419dc8,36,F_antenna
S1,5011,ieee_dataport/LoRa_RFFI-main/LoRa_RFFI/dataset/Test/channel_problem/F_antenna.h5,1051,,b80a22da9a13818d4eca59b5443398967cab5f3f24bf847fb73301295dd3dbb6,36,F_antenna
S1,5012,ieee_dataport/LoRa_RFFI-main/LoRa_RFFI/dataset/Test/channel_problem/F_antenna.h5,1053,,f9c8450e6acb7926df6e8dcbe1d05af3f646332e45deffbe3b110a645452ee35,36,F_antenna
S1,5013,ieee_dataport/LoRa_RFFI-main/LoRa_RFFI/dataset/Test/channel_problem/F_antenna.h5,1058,,d04eb94c263a6fab10a67d2346c941311278ec466e83f818bb55e1fb049c91f1,36,F_antenna
S1,5014,ieee_dataport/LoRa_RFFI-main/LoRa_RFFI/dataset/Test/channel_problem/F_antenna.h5,1059,,6ffcc60c00e4200d2a172b135d8b603b5fcb39bcc9044c30af36fa5656a86090,36,F_antenna
S1,5015,ieee_dataport/LoRa_RFFI-main/LoRa_RFFI/dataset/Test/channel_problem/F_antenna.h5,1062,,85f26f702839de1318ce35503839b08f720bdc1918232131862eaecbd7f889e3,36,F_antenna
S1,5016,ieee_dataport/LoRa_RFFI-main/LoRa_RFFI/dataset/Test/channel_problem/F_antenna.h5,1066,,276dea1b56a09cbc6f442a5dc636531e17639f371b7e283a519594bf7990e49e,36,F_antenna
S1,5017,ieee_dataport/LoRa_RFFI-main/LoRa_RFFI/dataset/Test/channel_problem/F_antenna.h5,1078,,2385254c9d67484b8ff35bad17744a6fa3be02f6a24929893b4cbffca237b050,36,F_antenna
S1,5018,ieee_dataport/LoRa_RFFI-main/LoRa_RFFI/dataset/Test/channel_problem/F_antenna.h5,1081,,078a45eee18e1dd5428eda64e6736be341b99be6efca2835c9ed19e0ce92393d,36,F_antenna
S1,5019,ieee_dataport/LoRa_RFFI-main/LoRa_RFFI/dataset/Test/channel_problem/F_antenna.h5,1084,,81dcd9de6c0294eff26111d732561a80da3a11d0184903558ef7624851c0943a,36,F_antenna
S1,5020,ieee_dataport/LoRa_RFFI-main/LoRa_RFFI/dataset/Test/channel_problem/F_antenna.h5,1086,,c57f424c67011013bf607c6bb133cadeb67db4caaf29e09e6e6d6d872ed5b7ed,36,F_antenna
S1,5021,ieee_dataport/LoRa_RFFI-main/LoRa_RFFI/dataset/Test/channel_problem/F_antenna.h5,1089,,6d99619f92f4bcab3d8608d1af0ff2caaacc13b8baa3439adee91f90b8477464,36,F_antenna
S1,5022,ieee_dataport/LoRa_RFFI-main/LoRa_RFFI/dataset/Test/channel_problem/F_antenna.h5,1091,,cf714a052420ae8d953fd3307fd52238cc23526f6563d899534911b2a71d3bd7,36,F_antenna
S1,5023,ieee_dataport/LoRa_RFFI-main/LoRa_RFFI/dataset/Test/channel_problem/F_antenna.h5,1095,,e6a05ccc715117b3d1253be3ef9ab80ea66389ff3f1db0448899faec4d15f39a,36,F_antenna
S1,5024,ieee_dataport/LoRa_RFFI-main/LoRa_RFFI/dataset/Test/channel_problem/F_antenna.h5,1098,,ec244a4ae47b420fd4be8e01f76a4157e1f31cd015c0cdf5826e68eab5f130b0,36,F_antenna
S1,5025,ieee_dataport/LoRa_RFFI-main/LoRa_RFFI/dataset/Test/channel_problem/F_antenna.h5,1100,,e8af360215df8b1e2cfec8f17cf97aaa2f2b1db7ef2b203e3e0caa35848fc7e8,36,F_antenna
S1,5026,ieee_dataport/LoRa_RFFI-main/LoRa_RFFI/dataset/Test/channel_problem/F_antenna.h5,1107,,12bda9581af075c41a8bb110b745924223b9615ac948cca232c739431181b210,36,F_antenna
S1,5027,ieee_dataport/LoRa_RFFI-main/LoRa_RFFI/dataset/Test/channel_problem/F_antenna.h5,1109,,4f22c89c94025811db6962959d8d3d07ec69407679241d1851242d4b9c6d64dc,36,F_antenna
S1,5028,ieee_dataport/LoRa_RFFI-main/LoRa_RFFI/dataset/Test/channel_problem/F_antenna.h5,1120,,a6542fa0d1e4b8aa5c190595dfa43ac82fdeb9506e8f3989cd2340953ff7203d,36,F_antenna
S1,5029,ieee_dataport/LoRa_RFFI-main/LoRa_RFFI/dataset/Test/channel_problem/F_antenna.h5,1127,,c6d0b802fad243fd9a66aac1b207093bcc4e3a6d6dd908e4d15715993d3e3154,36,F_antenna
S1,5030,ieee_dataport/LoRa_RFFI-main/LoRa_RFFI/dataset/Test/channel_problem/F_antenna.h5,1133,,83e457ec7ae4e28531b47e2a72075e9c14203b4ec1fbc7ded7c248371d0401d4,36,F_antenna
S1,5031,ieee_dataport/LoRa_RFFI-main/LoRa_RFFI/dataset/Test/channel_problem/F_antenna.h5,1145,,61f2f5f4be5d7b40c5cd4c128d7346eef3e8246d7df5460534831be257718669,36,F_antenna
S1,5032,ieee_dataport/LoRa_RFFI-main/LoRa_RFFI/dataset/Test/channel_problem/F_antenna.h5,1146,,283194891b3e46b0f92c66cb8a0045910b566eb903fe0cb7b575956aa446f097,36,F_antenna
S1,5033,ieee_dataport/LoRa_RFFI-main/LoRa_RFFI/dataset/Test/channel_problem/F_antenna.h5,1150,,443f9c28137dac32acae7b7ed10b0289b592e1ea852ba640ab733024f9e08bc6,36,F_antenna
S1,5034,ieee_dataport/LoRa_RFFI-main/LoRa_RFFI/dataset/Test/channel_problem/F_antenna.h5,1156,,633cc88ae1b8b9a0aa96d1852b353e287763efc598a941aa8d28aafbe62f1c68,36,F_antenna
S1,5035,ieee_dataport/LoRa_RFFI-main/LoRa_RFFI/dataset/Test/channel_problem/F_antenna.h5,1158,,c9b5b29b5c4f65e98a366f8c342fe370b471597fd2f443bf0de6dabad65b408c,36,F_antenna
S1,5036,ieee_dataport/LoRa_RFFI-main/LoRa_RFFI/dataset/Test/channel_problem/F_antenna.h5,1168,,ddeb38d6653438a213071bbf013fb8bc17119e980178a3abc0f4618762a02e83,36,F_antenna
S1,5037,ieee_dataport/LoRa_RFFI-main/LoRa_RFFI/dataset/Test/channel_problem/F_antenna.h5,1171,,10ef5de93de2869837597911834f245d5ccaf1b4b68227138e9596d95341ecd5,36,F_antenna
S1,5038,ieee_dataport/LoRa_RFFI-main/LoRa_RFFI/dataset/Test/channel_problem/F_antenna.h5,1186,,5e9e98c37b4877d318013f7a4349472960a511467e23e64ffbe81a58d3b40ce6,36,F_antenna
S1,5039,ieee_dataport/LoRa_RFFI-main/LoRa_RFFI/dataset/Test/channel_problem/F_antenna.h5,1188,,4ca2855b126fb153864692a63593aa4393bff7245cd6e59c26358e6caf6eb7b3,36,F_antenna
S1,5040,ieee_dataport/LoRa_RFFI-main/LoRa_RFFI/dataset/Test/channel_problem/F_antenna.h5,1200,,1aaa0e935102cb4b9ce4b05ed52e9060b6fb0386ac4b4bd14e15a9c9c70d6ec7,37,F_antenna
S1,5041,ieee_dataport/LoRa_RFFI-main/LoRa_RFFI/dataset/Test/channel_problem/F_antenna.h5,1206,,d6aa9454d3513d1c91f7961d022fa68a55fdc39074766dcd828caac12055be70,37,F_antenna
S1,5042,ieee_dataport/LoRa_RFFI-main/LoRa_RFFI/dataset/Test/channel_problem/F_antenna.h5,1211,,abac964bd94295a842caac835555bb95fe9e82135b69e35480a2293600e2cad1,37,F_antenna
S1,5043,ieee_dataport/LoRa_RFFI-main/LoRa_RFFI/dataset/Test/channel_problem/F_antenna.h5,1212,,3b4da538fbdd3e24556d9e6db8ab394235d2ccc3b2b53e6dba9a57dfc881c7dd,37,F_antenna
S1,5044,ieee_dataport/LoRa_RFFI-main/LoRa_RFFI/dataset/Test/channel_problem/F_antenna.h5,1214,,ee160f431f80c0c0c7cb86f0d1b4ee10e46e003914e3d1aba4a667ea408432b6,37,F_antenna
S1,5045,ieee_dataport/LoRa_RFFI-main/LoRa_RFFI/dataset/Test/channel_problem/F_antenna.h5,1215,,d9bbfb0ebd9ff807473895cc17daf0de4654e1f67bae4dbc4120bf007c99c7a4,37,F_antenna
S1,5046,ieee_dataport/LoRa_RFFI-main/LoRa_RFFI/dataset/Test/channel_problem/F_antenna.h5,1216,,3d40137ff0d748e9520cc495b839386e75a5d36afbdf7ae7cfedfa8a831f8a8d,37,F_antenna
S1,5047,ieee_dataport/LoRa_RFFI-main/LoRa_RFFI/dataset/Test/channel_problem/F_antenna.h5,1218,,4ad9517cb1273eb22225dbafb12f07c386c91823dadf174611b093f7fa789d40,37,F_antenna
S1,5048,ieee_dataport/LoRa_RFFI-main/LoRa_RFFI/dataset/Test/channel_problem/F_antenna.h5,1222,,cdd8c54e0fac6a1c36d632945e006f475e1d606a5dc6d756db760fc2ff282c9e,37,F_antenna
S1,5049,ieee_dataport/LoRa_RFFI-main/LoRa_RFFI/dataset/Test/channel_problem/F_antenna.h5,1224,,9f43c2d4b0df8ca8ec94a0d076268c2d74ce532849d68a8c3a3fa2c3cc60ef86,37,F_antenna
S1,5050,ieee_dataport/LoRa_RFFI-main/LoRa_RFFI/dataset/Test/channel_problem/F_antenna.h5,1225,,0289e4bfd615493ce7f30bb9935e9eba448e8464b45cd79f25b9b405e1f47360,37,F_antenna
S1,5051,ieee_dataport/LoRa_RFFI-main/LoRa_RFFI/dataset/Test/channel_problem/F_antenna.h5,1234,,7c382c05bd0f0368408f1822e24e854d5b295f453bd9a19ef8e45ccf3ac98fca,37,F_antenna
S1,5052,ieee_dataport/LoRa_RFFI-main/LoRa_RFFI/dataset/Test/channel_problem/F_antenna.h5,1241,,b6bf6c56ec931419fe78559861828ab4e07849c8082cf5dc27b4af42ef592402,37,F_antenna
S1,5053,ieee_dataport/LoRa_RFFI-main/LoRa_RFFI/dataset/Test/channel_problem/F_antenna.h5,1244,,baa7b494c671010336ea6768df35977932b0d93235338148f9a68224e3efd0bd,37,F_antenna
S1,5054,ieee_dataport/LoRa_RFFI-main/LoRa_RFFI/dataset/Test/channel_problem/F_antenna.h5,1246,,6727579e608d78b6901ff8579cbaf1083faa67fef50dcfabb6b3add17a87325a,37,F_antenna
S1,5055,ieee_dataport/LoRa_RFFI-main/LoRa_RFFI/dataset/Test/channel_problem/F_antenna.h5,1257,,ef4d426a5785d25daff84af5c03cfa6cdc58d0933e65b447edfae2c01884e170,37,F_antenna
S1,5056,ieee_dataport/LoRa_RFFI-main/LoRa_RFFI/dataset/Test/channel_problem/F_antenna.h5,1258,,7e8513c8ab478bed08155b7b639728984834190d6747e590e4b93fb8560ee3d8,37,F_antenna
S1,5057,ieee_dataport/LoRa_RFFI-main/LoRa_RFFI/dataset/Test/channel_problem/F_antenna.h5,1266,,e6f174522fce2e7fc77dfbf34a59a9aee82eda464435a252c78be7b1ae4fef46,37,F_antenna
S1,5058,ieee_dataport/LoRa_RFFI-main/LoRa_RFFI/dataset/Test/channel_problem/F_antenna.h5,1270,,35d1768d31facb07db7eb50db436682d6509695cea42f90337febca8ffd11c8f,37,F_antenna
S1,5059,ieee_dataport/LoRa_RFFI-main/LoRa_RFFI/dataset/Test/channel_problem/F_antenna.h5,1278,,f0e7f2e0846c4de2fe35e6c962b7c81f63135061148918d8bdb4c3746d29d3f9,37,F_antenna
S1,5060,ieee_dataport/LoRa_RFFI-main/LoRa_RFFI/dataset/Test/channel_problem/F_antenna.h5,1293,,c04a0b048844a87fee3027d3ec4b223be8f1e7ab61f6029fa942a9554f574cf7,37,F_antenna
S1,5061,ieee_dataport/LoRa_RFFI-main/LoRa_RFFI/dataset/Test/channel_problem/F_antenna.h5,1294,,984fa761daaa701c3e865fe81ed5c9e17abdaba0102ab2adf0c20586c9df32c9,37,F_antenna
S1,5062,ieee_dataport/LoRa_RFFI-main/LoRa_RFFI/dataset/Test/channel_problem/F_antenna.h5,1301,,e3dd70654efe0cf16e55d1ab5b728ee411c95c31bd67d26ed9ba72f0047a53b3,37,F_antenna
S1,5063,ieee_dataport/LoRa_RFFI-main/LoRa_RFFI/dataset/Test/channel_problem/F_antenna.h5,1313,,9c8e78da5db0f466062f4cf9d1f43e0a69704d1afa229530595d2d3d9b0fe8e0,37,F_antenna
S1,5064,ieee_dataport/LoRa_RFFI-main/LoRa_RFFI/dataset/Test/channel_problem/F_antenna.h5,1317,,e6d994af99e805f18dff4c18c3d64d2b4b0f24611d52cd4b53d430574b42c111,37,F_antenna
S1,5065,ieee_dataport/LoRa_RFFI-main/LoRa_RFFI/dataset/Test/channel_problem/F_antenna.h5,1319,,96bc7e7fac57e5d3025b4faf49a20738897316831db2481e19e718bcc85bb1df,37,F_antenna
S1,5066,ieee_dataport/LoRa_RFFI-main/LoRa_RFFI/dataset/Test/channel_problem/F_antenna.h5,1332,,9844e125d9899c255bd8c6259ccdd9cc3c3447bfce127167ab5e246851dbf7d2,37,F_antenna
S1,5067,ieee_dataport/LoRa_RFFI-main/LoRa_RFFI/dataset/Test/channel_problem/F_antenna.h5,1340,,d87726cb44764690bd3f99e54c6f76f74432d4dd0772ce305db44ecbc176ab87,37,F_antenna
S1,5068,ieee_dataport/LoRa_RFFI-main/LoRa_RFFI/dataset/Test/channel_problem/F_antenna.h5,1342,,2a023d7deae331f98fdedb94a87aef90792388aea5785deba71777847b8a433b,37,F_antenna
S1,5069,ieee_dataport/LoRa_RFFI-main/LoRa_RFFI/dataset/Test/channel_problem/F_antenna.h5,1352,,362542d2a3b1423d1f157c78f78564706e08a55caecd5704146adc7cc4f46104,37,F_antenna
S1,5070,ieee_dataport/LoRa_RFFI-main/LoRa_RFFI/dataset/Test/channel_problem/F_antenna.h5,1357,,60393b1599ccbc658c06d6013caec36fe2d9b93bde53b9bd9265649fa8c83ac9,37,F_antenna
S1,5071,ieee_dataport/LoRa_RFFI-main/LoRa_RFFI/dataset/Test/channel_problem/F_antenna.h5,1358,,95da6d3f186e3cb1bd0b0a54ea7adb0db385b7c1d86bf70c05a07401fa13ae1b,37,F_antenna
S1,5072,ieee_dataport/LoRa_RFFI-main/LoRa_RFFI/dataset/Test/channel_problem/F_antenna.h5,1359,,6bbeac5213290098937ff8c989cc9d97bbb5180ebc8165f523ca6e1979ae29bc,37,F_antenna
S1,5073,ieee_dataport/LoRa_RFFI-main/LoRa_RFFI/dataset/Test/channel_problem/F_antenna.h5,1369,,8463621be846172fe98ee7613ebfe26cc612429264d278ec9632e5a2c79957ce,37,F_antenna
S1,5074,ieee_dataport/LoRa_RFFI-main/LoRa_RFFI/dataset/Test/channel_problem/F_antenna.h5,1371,,00818de3f545a7e074828dde5fb11170147494c9cd6cb4526e49ac022b7711dd,37,F_antenna
S1,5075,ieee_dataport/LoRa_RFFI-main/LoRa_RFFI/dataset/Test/channel_problem/F_antenna.h5,1386,,ce26e67813fb48a0da949dddccd3791b57b656526e6fc2a046c96acfb2c61423,37,F_antenna
S1,5076,ieee_dataport/LoRa_RFFI-main/LoRa_RFFI/dataset/Test/channel_problem/F_antenna.h5,1390,,578b33f299cd87b71a10c06462db97503da066c9cbaf20ed59256c84e9190d0d,37,F_antenna
S1,5077,ieee_dataport/LoRa_RFFI-main/LoRa_RFFI/dataset/Test/channel_problem/F_antenna.h5,1391,,94d755f8453c99de0a0967cd9c4e6e5f5746867a5da865d310db419668c95e13,37,F_antenna
S1,5078,ieee_dataport/LoRa_RFFI-main/LoRa_RFFI/dataset/Test/channel_problem/F_antenna.h5,1394,,a79dc1c5360fc779b96662fd1ccb1281722adecea0919885f38421f6a1e2f4d4,37,F_antenna
S1,5079,ieee_dataport/LoRa_RFFI-main/LoRa_RFFI/dataset/Test/channel_problem/F_antenna.h5,1399,,0cba4689c0f9c5a6d1a038287fa23e1d180d0b9a6fd72d309a49f6d11cdf9b49,37,F_antenna
S1,5080,ieee_dataport/LoRa_RFFI-main/LoRa_RFFI/dataset/Test/channel_problem/F_antenna.h5,1405,,e47387c67660517d92d1069823aabf7bcbe61b16fb15e2a6446ea49f34b6d23d,38,F_antenna
S1,5081,ieee_dataport/LoRa_RFFI-main/LoRa_RFFI/dataset/Test/channel_problem/F_antenna.h5,1410,,3b8e1f0bceec26cc69d3255c277734352ef30304cbdce59ea2f819921918dcc2,38,F_antenna
S1,5082,ieee_dataport/LoRa_RFFI-main/LoRa_RFFI/dataset/Test/channel_problem/F_antenna.h5,1418,,5659460ef4ac593f4bc15853657b3c12fe12ecba5939238c391c0e0acfce90d1,38,F_antenna
S1,5083,ieee_dataport/LoRa_RFFI-main/LoRa_RFFI/dataset/Test/channel_problem/F_antenna.h5,1419,,439537da8ae6f6c0834e83bbd94bfd0411763e9bd8d124f2013bb73060cfff12,38,F_antenna
S1,5084,ieee_dataport/LoRa_RFFI-main/LoRa_RFFI/dataset/Test/channel_problem/F_antenna.h5,1431,,8fa7d0bdab096c4b71e3080344dc295cd5545fc99c5ae649d514e9a7c09e4c97,38,F_antenna
S1,5085,ieee_dataport/LoRa_RFFI-main/LoRa_RFFI/dataset/Test/channel_problem/F_antenna.h5,1436,,b06b0835cbceb35ee8385feb51f782c91f70ae1f31d4317041cdaff1e61526a4,38,F_antenna
S1,5086,ieee_dataport/LoRa_RFFI-main/LoRa_RFFI/dataset/Test/channel_problem/F_antenna.h5,1437,,ccaf7dee4174a0daf489df7008bdb306fd9587118f8099cc1d741e4ddb3eeb07,38,F_antenna
S1,5087,ieee_dataport/LoRa_RFFI-main/LoRa_RFFI/dataset/Test/channel_problem/F_antenna.h5,1438,,10edda6f51467f1cd122e621a40c064405216a3db7e858b4da4ce60e2bda1e30,38,F_antenna
S1,5088,ieee_dataport/LoRa_RFFI-main/LoRa_RFFI/dataset/Test/channel_problem/F_antenna.h5,1441,,bd7a79127f2824d0497a598d60ebc9e697cbf0159d24efe5d80229f6eb15fc17,38,F_antenna
S1,5089,ieee_dataport/LoRa_RFFI-main/LoRa_RFFI/dataset/Test/channel_problem/F_antenna.h5,1446,,f9b961bf01a1449230511e916729eb4f303570b21eb29e18e140b4d2f9534fd9,38,F_antenna
S1,5090,ieee_dataport/LoRa_RFFI-main/LoRa_RFFI/dataset/Test/channel_problem/F_antenna.h5,1455,,73cdf0ca761ca5a9843821692f1e8626eeb8847ed2d205de4c651037857e8fa0,38,F_antenna
S1,5091,ieee_dataport/LoRa_RFFI-main/LoRa_RFFI/dataset/Test/channel_problem/F_antenna.h5,1456,,4d818fab616363f4b877b18db0bb93857c6e3c00891ed58df36fa16725d1b23f,38,F_antenna
S1,5092,ieee_dataport/LoRa_RFFI-main/LoRa_RFFI/dataset/Test/channel_problem/F_antenna.h5,1466,,1c8ec861021600541dd4f9e2fac5a597997b6e22eb16b246279cd5eb4c07fe3a,38,F_antenna
S1,5093,ieee_dataport/LoRa_RFFI-main/LoRa_RFFI/dataset/Test/channel_problem/F_antenna.h5,1472,,d3cbb72bd539dd35ccbb795edc578da1dc76e2873c7245212fc57e6db5ad616a,38,F_antenna
S1,5094,ieee_dataport/LoRa_RFFI-main/LoRa_RFFI/dataset/Test/channel_problem/F_antenna.h5,1476,,5c988e693ed694ecc593a32538d73bb6e4ccfe66fbd5d5cb6bcf9373e03544ad,38,F_antenna
S1,5095,ieee_dataport/LoRa_RFFI-main/LoRa_RFFI/dataset/Test/channel_problem/F_antenna.h5,1483,,96035983fab0205d8562caedd52ec0d5f5ffbbe6037d9a7ee254a2768ef08f5d,38,F_antenna
S1,5096,ieee_dataport/LoRa_RFFI-main/LoRa_RFFI/dataset/Test/channel_problem/F_antenna.h5,1485,,b03c81713d860056de5531c420aa3ce38898f8c906e0154392eb87291f5ba5c0,38,F_antenna
S1,5097,ieee_dataport/LoRa_RFFI-main/LoRa_RFFI/dataset/Test/channel_problem/F_antenna.h5,1487,,8f5eded1224248203762adf6affde4cf1e4e31109f815b3308ac2f2b01f2eb79,38,F_antenna
S1,5098,ieee_dataport/LoRa_RFFI-main/LoRa_RFFI/dataset/Test/channel_problem/F_antenna.h5,1490,,337030b07d732ecaf52a1281ed2bc2840e022b4457750fd0781d47b56796ac88,38,F_antenna
S1,5099,ieee_dataport/LoRa_RFFI-main/LoRa_RFFI/dataset/Test/channel_problem/F_antenna.h5,1491,,b1c4ee5320db3c94ed79d226b444370f4c0e6eea835b6351835091045b1b6aa6,38,F_antenna
S1,5100,ieee_dataport/LoRa_RFFI-main/LoRa_RFFI/dataset/Test/channel_problem/F_antenna.h5,1496,,2c64473f81cba5bf4298345a337d3c60e71d8f16fb1fd3d0599a20a193e637c6,38,F_antenna
S1,5101,ieee_dataport/LoRa_RFFI-main/LoRa_RFFI/dataset/Test/channel_problem/F_antenna.h5,1497,,63db4089fd8b92d979e00518ba19c5b14b1b56adc6965ba6be86604435f9b50d,38,F_antenna
S1,5102,ieee_dataport/LoRa_RFFI-main/LoRa_RFFI/dataset/Test/channel_problem/F_antenna.h5,1505,,54a9b673a39a9bb0b2949918a003b3c3d6eb6129223b7e543a93b2ebef8085de,38,F_antenna
S1,5103,ieee_dataport/LoRa_RFFI-main/LoRa_RFFI/dataset/Test/channel_problem/F_antenna.h5,1510,,badc67dc748bcb7554aac6c3e5499e80af4ab3ed9c7296af2361588447f7dcd0,38,F_antenna
S1,5104,ieee_dataport/LoRa_RFFI-main/LoRa_RFFI/dataset/Test/channel_problem/F_antenna.h5,1512,,f16774248411a058b78f8bf56fa4a8f3a7c467f13fafb0b066bb3b623c35c4a1,38,F_antenna
S1,5105,ieee_dataport/LoRa_RFFI-main/LoRa_RFFI/dataset/Test/channel_problem/F_antenna.h5,1514,,1bdbc4875072442ed33ab450cd8b42dfae60e52e0b941f9a803c1b1b088e369c,38,F_antenna
S1,5106,ieee_dataport/LoRa_RFFI-main/LoRa_RFFI/dataset/Test/channel_problem/F_antenna.h5,1517,,153d7a50dcb2e5073b42022914a9cfe5dcd497a9b856d9bf5d819ccc3c3c0d8d,38,F_antenna
S1,5107,ieee_dataport/LoRa_RFFI-main/LoRa_RFFI/dataset/Test/channel_problem/F_antenna.h5,1518,,30a12e82b6db0cb0312770b7ba6788231da978e4da027287a25ebc3dc59ca9e2,38,F_antenna
S1,5108,ieee_dataport/LoRa_RFFI-main/LoRa_RFFI/dataset/Test/channel_problem/F_antenna.h5,1522,,b4de7b684957697bea1fca700e72f6cdf127eee5531335e305046c8021401033,38,F_antenna
S1,5109,ieee_dataport/LoRa_RFFI-main/LoRa_RFFI/dataset/Test/channel_problem/F_antenna.h5,1527,,1526283bb7d56fcb3e1e78a658b53b214a3b16c57682fb41cac8e87f495ce0dc,38,F_antenna
S1,5110,ieee_dataport/LoRa_RFFI-main/LoRa_RFFI/dataset/Test/channel_problem/F_antenna.h5,1531,,bf69777db6998af1a4adf8de7c60638d95f1cd68a0777251fbfda2a0c6df37dc,38,F_antenna
S1,5111,ieee_dataport/LoRa_RFFI-main/LoRa_RFFI/dataset/Test/channel_problem/F_antenna.h5,1541,,4b72883d1bf0a7da0921b871ff4687cab596f1f145a4e2aaa26ae01bb0810ede,38,F_antenna
S1,5112,ieee_dataport/LoRa_RFFI-main/LoRa_RFFI/dataset/Test/channel_problem/F_antenna.h5,1545,,ceb07e775e171cdf4318535774cdb0e8179a5131c3ad0c5f74cfdc0360fdce89,38,F_antenna
S1,5113,ieee_dataport/LoRa_RFFI-main/LoRa_RFFI/dataset/Test/channel_problem/F_antenna.h5,1558,,ccc976be3919a72dc62b5ed0c7d625f9fd49635a16a862ac7a028cf86815b6f4,38,F_antenna
S1,5114,ieee_dataport/LoRa_RFFI-main/LoRa_RFFI/dataset/Test/channel_problem/F_antenna.h5,1564,,33815427d8d3651bf38724fddbbfea10e0509398741f9b58ae6e95da6b9d27de,38,F_antenna
S1,5115,ieee_dataport/LoRa_RFFI-main/LoRa_RFFI/dataset/Test/channel_problem/F_antenna.h5,1573,,efbe308db2a27fdf99c3fa95af8574fc5c75e5355af6c01b5c81a03b95cfd1cb,38,F_antenna
S1,5116,ieee_dataport/LoRa_RFFI-main/LoRa_RFFI/dataset/Test/channel_problem/F_antenna.h5,1579,,00b9c93ba4867352a842b5f9222e5f526acb8ef9eafc343fe6ac425657f14e62,38,F_antenna
S1,5117,ieee_dataport/LoRa_RFFI-main/LoRa_RFFI/dataset/Test/channel_problem/F_antenna.h5,1580,,c2f3cc066f09a86d2ac31cbfc5ac2c145afe0102d89944284b7cc7258dc6c338,38,F_antenna
S1,5118,ieee_dataport/LoRa_RFFI-main/LoRa_RFFI/dataset/Test/channel_problem/F_antenna.h5,1587,,6c533b0fb2e77763d41cc8f7a52dfb62ed037cb86e153ae7750f630827575a2a,38,F_antenna
S1,5119,ieee_dataport/LoRa_RFFI-main/LoRa_RFFI/dataset/Test/channel_problem/F_antenna.h5,1592,,7444c1e43d902bf69c02fa4bf48f5872f6bd79f9db64c8693aa0bfc6e1bb1558,38,F_antenna
S1,5120,ieee_dataport/LoRa_RFFI-main/LoRa_RFFI/dataset/Test/channel_problem/F_antenna.h5,1601,,d6d69a009d6093174ec702d447535b9d3dda7c5c060575707cf8006e03b339f9,39,F_antenna
S1,5121,ieee_dataport/LoRa_RFFI-main/LoRa_RFFI/dataset/Test/channel_problem/F_antenna.h5,1604,,b50cc065736e2184cf6ef392ec326f4583387f5140ced44e2a01cff2c00d3582,39,F_antenna
S1,5122,ieee_dataport/LoRa_RFFI-main/LoRa_RFFI/dataset/Test/channel_problem/F_antenna.h5,1607,,ea1bd8516d26190e0f24c81a02848ba76b023f3d83aa78315215d4b3bd695e1e,39,F_antenna
S1,5123,ieee_dataport/LoRa_RFFI-main/LoRa_RFFI/dataset/Test/channel_problem/F_antenna.h5,1626,,5cebd8ce387323c35a186354f1a8b54aecb8e8988705106b61e58bf9e8919512,39,F_antenna
S1,5124,ieee_dataport/LoRa_RFFI-main/LoRa_RFFI/dataset/Test/channel_problem/F_antenna.h5,1631,,498f04613f80a3d9fd9cfd2d9e6a4a555c9ba4c448447ae7c850ebeb5ea5098b,39,F_antenna
S1,5125,ieee_dataport/LoRa_RFFI-main/LoRa_RFFI/dataset/Test/channel_problem/F_antenna.h5,1636,,0e6c7741fd227a273ce83cf2c7befc302b0011376d57be2f9d8fc9ebac96b747,39,F_antenna
S1,5126,ieee_dataport/LoRa_RFFI-main/LoRa_RFFI/dataset/Test/channel_problem/F_antenna.h5,1641,,1825c56d0938afc8bd82421b2d6804396f346d15a8c6eff9631a8059677cffbf,39,F_antenna
S1,5127,ieee_dataport/LoRa_RFFI-main/LoRa_RFFI/dataset/Test/channel_problem/F_antenna.h5,1647,,afc495a26a225905a98c7854f9ae2ec655a8fc8a8685012458e813357866fa78,39,F_antenna
S1,5128,ieee_dataport/LoRa_RFFI-main/LoRa_RFFI/dataset/Test/channel_problem/F_antenna.h5,1654,,0fafdfa1129368c6eec1b58e0e9039dc10d7ac3d711c05c6b2d7c077101ca29c,39,F_antenna
S1,5129,ieee_dataport/LoRa_RFFI-main/LoRa_RFFI/dataset/Test/channel_problem/F_antenna.h5,1655,,e5d6c02d3381733d56e2313cca974d49ec7675e80692c41ec11f84dafa552431,39,F_antenna
S1,5130,ieee_dataport/LoRa_RFFI-main/LoRa_RFFI/dataset/Test/channel_problem/F_antenna.h5,1656,,2cfe7c4131c4815507d1cce0d9453a7a4ecaa4218f83a2d387d3ed9c63214daf,39,F_antenna
S1,5131,ieee_dataport/LoRa_RFFI-main/LoRa_RFFI/dataset/Test/channel_problem/F_antenna.h5,1658,,7e53bb2293e25ffa3d7e57094355ef3182c3b1bead912da177af46f18c1629ba,39,F_antenna
S1,5132,ieee_dataport/LoRa_RFFI-main/LoRa_RFFI/dataset/Test/channel_problem/F_antenna.h5,1661,,7633f0b433af72e4e147a910c3b64923658f39b002c7be6501b70dd4eb034177,39,F_antenna
S1,5133,ieee_dataport/LoRa_RFFI-main/LoRa_RFFI/dataset/Test/channel_problem/F_antenna.h5,1663,,554b38d875d1f764a652b2046b101ea1770836a3d4cd0bca4d0b7a2b15699646,39,F_antenna
S1,5134,ieee_dataport/LoRa_RFFI-main/LoRa_RFFI/dataset/Test/channel_problem/F_antenna.h5,1673,,31f42888d7bd96ba21b6a7562a1527018ef211cdbf86c2ac23a1b433d904ba54,39,F_antenna
S1,5135,ieee_dataport/LoRa_RFFI-main/LoRa_RFFI/dataset/Test/channel_problem/F_antenna.h5,1677,,867cd0364ddaa03bbe50b57838de9b86f0b446758b7c5ed81ecf283241d60f86,39,F_antenna
S1,5136,ieee_dataport/LoRa_RFFI-main/LoRa_RFFI/dataset/Test/channel_problem/F_antenna.h5,1692,,7101c6e98ddbf02fc78e3f31a3f68ae90b9e61b7ed203bd32190e2206102a4ce,39,F_antenna
S1,5137,ieee_dataport/LoRa_RFFI-main/LoRa_RFFI/dataset/Test/channel_problem/F_antenna.h5,1693,,8194e2bede536f48ba1de8c587eaf15601e1ff21f7c49a64b14990306e9264c2,39,F_antenna
S1,5138,ieee_dataport/LoRa_RFFI-main/LoRa_RFFI/dataset/Test/channel_problem/F_antenna.h5,1698,,ddb58ff8734ef569ab33ed763be3d37279c60a74d4cfa659171a42cad846a875,39,F_antenna
S1,5139,ieee_dataport/LoRa_RFFI-main/LoRa_RFFI/dataset/Test/channel_problem/F_antenna.h5,1699,,a384720a63c59c9a2e70c279eee317fa69314add5bac9980506fcd1f0a3e6aad,39,F_antenna
S1,5140,ieee_dataport/LoRa_RFFI-main/LoRa_RFFI/dataset/Test/channel_problem/F_antenna.h5,1704,,46d7126285da301f366872783a4b7da31ecbb5e2d6576a5b8a3f02ecff36c79c,39,F_antenna
S1,5141,ieee_dataport/LoRa_RFFI-main/LoRa_RFFI/dataset/Test/channel_problem/F_antenna.h5,1718,,bf45e3ad4eca8645673604e0ab3b183f7b2b86b0c58a4b1e5d88a9b119fddfb6,39,F_antenna
S1,5142,ieee_dataport/LoRa_RFFI-main/LoRa_RFFI/dataset/Test/channel_problem/F_antenna.h5,1720,,f629687876300a975a59cfee728b0cd1e795e00887bd9458159ae451eaa48438,39,F_antenna
S1,5143,ieee_dataport/LoRa_RFFI-main/LoRa_RFFI/dataset/Test/channel_problem/F_antenna.h5,1721,,812913756e5c7701e6f2b27c257454a9a685c3d71f5306080d0e978277b1ab4a,39,F_antenna
S1,5144,ieee_dataport/LoRa_RFFI-main/LoRa_RFFI/dataset/Test/channel_problem/F_antenna.h5,1726,,dc89e978654486c4fc1332c58514d91cbf8d055129e0e48a90413d741a773cfe,39,F_antenna
S1,5145,ieee_dataport/LoRa_RFFI-main/LoRa_RFFI/dataset/Test/channel_problem/F_antenna.h5,1727,,93a64a2750bc25011f6ee9b2cedcd5d8b54713c5b9b4e7c7d3ba82fd0a31e130,39,F_antenna
S1,5146,ieee_dataport/LoRa_RFFI-main/LoRa_RFFI/dataset/Test/channel_problem/F_antenna.h5,1730,,faf51465766dc927249b9f347d7dd6a59357477a1461f9d189b12cf31189b2af,39,F_antenna
S1,5147,ieee_dataport/LoRa_RFFI-main/LoRa_RFFI/dataset/Test/channel_problem/F_antenna.h5,1738,,f240d2679a478f0cf75e47c07f8dea42f7ef36d1bdc674f2504f48a04a8f708e,39,F_antenna
S1,5148,ieee_dataport/LoRa_RFFI-main/LoRa_RFFI/dataset/Test/channel_problem/F_antenna.h5,1745,,e941ebe994d0c5490b799eac73400c2ea6c7767a4aea163cf9378f11e4d6f6b5,39,F_antenna
S1,5149,ieee_dataport/LoRa_RFFI-main/LoRa_RFFI/dataset/Test/channel_problem/F_antenna.h5,1749,,ff58fbb46df5d79fcca090ceae30bcd283391d2824d94eda69c4724868363090,39,F_antenna
S1,5150,ieee_dataport/LoRa_RFFI-main/LoRa_RFFI/dataset/Test/channel_problem/F_antenna.h5,1760,,f8568bff8fc5e6f715032e2706e3e71877985f00a15ee302f823c2f4d6cf845c,39,F_antenna
S1,5151,ieee_dataport/LoRa_RFFI-main/LoRa_RFFI/dataset/Test/channel_problem/F_antenna.h5,1770,,59c533b5fef1db2e32c0f62a81b5a6ff8432172814160dfafd1162d89e701d47,39,F_antenna
S1,5152,ieee_dataport/LoRa_RFFI-main/LoRa_RFFI/dataset/Test/channel_problem/F_antenna.h5,1775,,270862faf8ef8518acd833d2aee48c65c98b3221e1b845974d66a9eccae34295,39,F_antenna
S1,5153,ieee_dataport/LoRa_RFFI-main/LoRa_RFFI/dataset/Test/channel_problem/F_antenna.h5,1782,,11f1a3fdd5ff8ad1071ad62b29831caa40fbb348b5e7be2ff018a04a240ac845,39,F_antenna
S1,5154,ieee_dataport/LoRa_RFFI-main/LoRa_RFFI/dataset/Test/channel_problem/F_antenna.h5,1783,,f8ffd1562495a73b62008423e2587296b7c50e76d4ef96d602314864c1e38f03,39,F_antenna
S1,5155,ieee_dataport/LoRa_RFFI-main/LoRa_RFFI/dataset/Test/channel_problem/F_antenna.h5,1787,,25d2d7db3567608001e5771654d75696705b4544314d90dcc4641f50548741d3,39,F_antenna
S1,5156,ieee_dataport/LoRa_RFFI-main/LoRa_RFFI/dataset/Test/channel_problem/F_antenna.h5,1788,,5481cb5c55446862ec0a1306e49712ae51092977f389713b0d359a137c04b820,39,F_antenna
S1,5157,ieee_dataport/LoRa_RFFI-main/LoRa_RFFI/dataset/Test/channel_problem/F_antenna.h5,1792,,b42d83c2c8b82bda3699a48b1fac10b1fa1bcc76adf99c72fec922607b195bec,39,F_antenna
S1,5158,ieee_dataport/LoRa_RFFI-main/LoRa_RFFI/dataset/Test/channel_problem/F_antenna.h5,1794,,a1e0ab2b08e5f9e027833b9c3e35c5c7e03ea01982073cd3bf01fc8a15fdc8ce,39,F_antenna
S1,5159,ieee_dataport/LoRa_RFFI-main/LoRa_RFFI/dataset/Test/channel_problem/F_antenna.h5,1797,,7be9f1bb59f2ff865515a0c068b3a433ea7d4441ab1715a0eaa772fd01d20d7a,39,F_antenna
S1,5160,ieee_dataport/LoRa_RFFI-main/LoRa_RFFI/dataset/Test/channel_problem/F_antenna.h5,1801,,cd464db580c95e43407e6ddf465865ebaa4a351809273794775c051c1f62ea98,40,F_antenna
S1,5161,ieee_dataport/LoRa_RFFI-main/LoRa_RFFI/dataset/Test/channel_problem/F_antenna.h5,1802,,a8c206a81303a17db2b69938279c54eaf597810ffc1dd0cf56870b89e0363581,40,F_antenna
S1,5162,ieee_dataport/LoRa_RFFI-main/LoRa_RFFI/dataset/Test/channel_problem/F_antenna.h5,1806,,a870db8f579922cc22a9de12ae2af522d2190d0d8987e85477dbfe6e5874aee7,40,F_antenna
S1,5163,ieee_dataport/LoRa_RFFI-main/LoRa_RFFI/dataset/Test/channel_problem/F_antenna.h5,1809,,c6d7d5503afcb1eef7aa22467a292664a94086ab4dc76d78c705d6dbc5e4c0e0,40,F_antenna
S1,5164,ieee_dataport/LoRa_RFFI-main/LoRa_RFFI/dataset/Test/channel_problem/F_antenna.h5,1818,,8d838d86f1161727165e347965989a7777e3e07bfcf704ce7e83f5d951bd7689,40,F_antenna
S1,5165,ieee_dataport/LoRa_RFFI-main/LoRa_RFFI/dataset/Test/channel_problem/F_antenna.h5,1819,,aaf7482b85c375ecdd59b85cb7fb0b0c2da31ffff68f468b28f4012aab36dfc7,40,F_antenna
S1,5166,ieee_dataport/LoRa_RFFI-main/LoRa_RFFI/dataset/Test/channel_problem/F_antenna.h5,1830,,6d1418ea98f36a8d8ddbfb1f94eb80ad95f9c5a26c1db3f8c3e695b4c3696d43,40,F_antenna
S1,5167,ieee_dataport/LoRa_RFFI-main/LoRa_RFFI/dataset/Test/channel_problem/F_antenna.h5,1831,,41b9ee9f2f77a0cb30df3c7f1a9592ba9be93d158a08ceee10bcce1a23e6ca9f,40,F_antenna
S1,5168,ieee_dataport/LoRa_RFFI-main/LoRa_RFFI/dataset/Test/channel_problem/F_antenna.h5,1832,,025ee00c0aa00ce6faa4c0cab5e810efff199c17b930b6e145c5575fe353a6bb,40,F_antenna
S1,5169,ieee_dataport/LoRa_RFFI-main/LoRa_RFFI/dataset/Test/channel_problem/F_antenna.h5,1838,,633dc0ce4ff720a9ef20dfde05ad1dd2d10d4b7f13701cf4afae523ccce4128e,40,F_antenna
S1,5170,ieee_dataport/LoRa_RFFI-main/LoRa_RFFI/dataset/Test/channel_problem/F_antenna.h5,1841,,c9f36cbc6e16100e9a2148e899045668dc732bb7f2c84ea44ee783186bad6b7d,40,F_antenna
S1,5171,ieee_dataport/LoRa_RFFI-main/LoRa_RFFI/dataset/Test/channel_problem/F_antenna.h5,1843,,d70513066a6fb236b920565c1201f665acbb21dd846968a86123286c951a083c,40,F_antenna
S1,5172,ieee_dataport/LoRa_RFFI-main/LoRa_RFFI/dataset/Test/channel_problem/F_antenna.h5,1845,,6e2ca5b0c333a1fed6885a2df41ef2967f4ee3ec7cb992bafb0eff29250406ba,40,F_antenna
S1,5173,ieee_dataport/LoRa_RFFI-main/LoRa_RFFI/dataset/Test/channel_problem/F_antenna.h5,1848,,78089269776610242c8b2c3b788bb5eab5aa5f2702a9cd0a712783e792c98c81,40,F_antenna
S1,5174,ieee_dataport/LoRa_RFFI-main/LoRa_RFFI/dataset/Test/channel_problem/F_antenna.h5,1849,,7ba6218d4e0565d312f1609771c3854a814a3aacee2207b998fb106d0b174576,40,F_antenna
S1,5175,ieee_dataport/LoRa_RFFI-main/LoRa_RFFI/dataset/Test/channel_problem/F_antenna.h5,1855,,aebc43751278f2ed366419aa0cb5c72f91e8db12ec9eb258e1b6394a05926683,40,F_antenna
S1,5176,ieee_dataport/LoRa_RFFI-main/LoRa_RFFI/dataset/Test/channel_problem/F_antenna.h5,1865,,5cedd6f39cc739f38d8e69bc1b23433e2fd586a12a1f68441f235674e1063d93,40,F_antenna
S1,5177,ieee_dataport/LoRa_RFFI-main/LoRa_RFFI/dataset/Test/channel_problem/F_antenna.h5,1867,,7545b0716e305395dbb4e6a352b5581d386286ec952f2b93fb4aa1ec5121dd73,40,F_antenna
S1,5178,ieee_dataport/LoRa_RFFI-main/LoRa_RFFI/dataset/Test/channel_problem/F_antenna.h5,1878,,09ee150cc371a2d94617af5feac754ca043132dfaf7c3f182a387511f29ad01c,40,F_antenna
S1,5179,ieee_dataport/LoRa_RFFI-main/LoRa_RFFI/dataset/Test/channel_problem/F_antenna.h5,1882,,638c212dabbecf44aa0c84796cab8b4657cfff1641b3644571e91f2455c9df59,40,F_antenna
S1,5180,ieee_dataport/LoRa_RFFI-main/LoRa_RFFI/dataset/Test/channel_problem/F_antenna.h5,1883,,c7b4979c541736835977b886950963834e4f86c0668a908648b781b670a0b771,40,F_antenna
S1,5181,ieee_dataport/LoRa_RFFI-main/LoRa_RFFI/dataset/Test/channel_problem/F_antenna.h5,1884,,2f062b60538a11671a189f0c3bf0879c53e3bd1d10fa132ecd49bf830c1b7eb7,40,F_antenna
S1,5182,ieee_dataport/LoRa_RFFI-main/LoRa_RFFI/dataset/Test/channel_problem/F_antenna.h5,1895,,c3370a717480a340e6bdad6801e432c561f00d1ffa21793bc0b8762722249ee1,40,F_antenna
S1,5183,ieee_dataport/LoRa_RFFI-main/LoRa_RFFI/dataset/Test/channel_problem/F_antenna.h5,1897,,4f0c5e648e7edf00044af797515efa51f0b1fbfcfc02127ee4ac6bef7aa06d8f,40,F_antenna
S1,5184,ieee_dataport/LoRa_RFFI-main/LoRa_RFFI/dataset/Test/channel_problem/F_antenna.h5,1899,,12ead1d2f12981d595b7faed442f02f55ee038e5326cfdd07e7c0eaf0e01ea3b,40,F_antenna
S1,5185,ieee_dataport/LoRa_RFFI-main/LoRa_RFFI/dataset/Test/channel_problem/F_antenna.h5,1902,,7caddac064550bc02d2973667e7f0349226bd048de565a4fbaa940c92a546207,40,F_antenna
S1,5186,ieee_dataport/LoRa_RFFI-main/LoRa_RFFI/dataset/Test/channel_problem/F_antenna.h5,1915,,4f14f8e9f93911ee546d9f88571626e024655e7d57bd4755e3a9dcf63c217be4,40,F_antenna
S1,5187,ieee_dataport/LoRa_RFFI-main/LoRa_RFFI/dataset/Test/channel_problem/F_antenna.h5,1917,,ccdbba6d90ef6b7447833063e8b8bf28049201e8f5b6f04504a2db500d4afe09,40,F_antenna
S1,5188,ieee_dataport/LoRa_RFFI-main/LoRa_RFFI/dataset/Test/channel_problem/F_antenna.h5,1919,,03a7ce071cf6dade48f5b35e6628bed20e5a12bf41de7940817e3f0ff62c31bc,40,F_antenna
S1,5189,ieee_dataport/LoRa_RFFI-main/LoRa_RFFI/dataset/Test/channel_problem/F_antenna.h5,1929,,534b08a72f3c9d10532d3c3bd0385cf01a81c3e010aa1a45bd076ecbceef1cc2,40,F_antenna
S1,5190,ieee_dataport/LoRa_RFFI-main/LoRa_RFFI/dataset/Test/channel_problem/F_antenna.h5,1936,,6f76e8571361dd1f3ccced3162e80d0dad6228ad408d8c28c7449a27409f3b06,40,F_antenna
S1,5191,ieee_dataport/LoRa_RFFI-main/LoRa_RFFI/dataset/Test/channel_problem/F_antenna.h5,1939,,6ae3f497afee26ea735601f0d269020106b34f9db98156f6c000fb61acdefc63,40,F_antenna
S1,5192,ieee_dataport/LoRa_RFFI-main/LoRa_RFFI/dataset/Test/channel_problem/F_antenna.h5,1943,,b7a3a528a43a55408be003a03ae63c94e13465b13a2345c0f4ebb99c1806f853,40,F_antenna
S1,5193,ieee_dataport/LoRa_RFFI-main/LoRa_RFFI/dataset/Test/channel_problem/F_antenna.h5,1947,,aa60257c10c1688535033da6c692087e9199c25469b6bb87c5b8a48223a7d398,40,F_antenna
S1,5194,ieee_dataport/LoRa_RFFI-main/LoRa_RFFI/dataset/Test/channel_problem/F_antenna.h5,1955,,c1c448b2dd3bf3c08cd50924e04ab9f02523188da9becdf1b64e5e6cc9f33b0c,40,F_antenna
S1,5195,ieee_dataport/LoRa_RFFI-main/LoRa_RFFI/dataset/Test/channel_problem/F_antenna.h5,1958,,e1910d61158b89caaeeb5966f2e219c51e5a72c56da8b95c3be00413ddde00bd,40,F_antenna
S1,5196,ieee_dataport/LoRa_RFFI-main/LoRa_RFFI/dataset/Test/channel_problem/F_antenna.h5,1965,,ba3dd43a6e6b34dc99d3edb2047e0d20c6b32fc924afb08c05e5da64b6ace9db,40,F_antenna
S1,5197,ieee_dataport/LoRa_RFFI-main/LoRa_RFFI/dataset/Test/channel_problem/F_antenna.h5,1983,,b02023b56ee58d37efbaa0d99d0a1e1a4e8c653840c62721707acd3080651462,40,F_antenna
S1,5198,ieee_dataport/LoRa_RFFI-main/LoRa_RFFI/dataset/Test/channel_problem/F_antenna.h5,1996,,f339d917ac3a73855071f22f8574512f6ca39b9564e2d85dde10d7570c25fdf1,40,F_antenna
S1,5199,ieee_dataport/LoRa_RFFI-main/LoRa_RFFI/dataset/Test/channel_problem/F_antenna.h5,1997,,b97bdc943c185c5fbbce2f0223e5d0575df12a7fb08d20407530a85ac577ec16,40,F_antenna
