source,fold,flag,device,delta,denominator,applicable,outer_bound_available,zero_resolved
S1,leave_environment_A,coordinate,31,1e-06,40,0,40,0
S1,leave_environment_A,coordinate,32,1e-06,40,0,40,0
S1,leave_environment_A,coordinate,33,1e-06,40,0,40,0
S1,leave_environment_A,coordinate,34,1e-06,40,0,40,0
S1,leave_environment_A,coordinate,35,1e-06,40,0,40,0
S1,leave_environment_A,coordinate,36,1e-06,40,0,40,0
S1,leave_environment_A,coordinate,37,1e-06,40,0,40,0
S1,leave_environment_A,coordinate,38,1e-06,40,0,40,0
S1,leave_environment_A,coordinate,39,1e-06,40,0,40,0
S1,leave_environment_A,coordinate,40,1e-06,40,0,40,0
S1,leave_environment_A,coordinate,31,3.162277660168379e-06,40,0,40,0
S1,leave_environment_A,coordinate,32,3.162277660168379e-06,40,0,40,0
S1,leave_environment_A,coordinate,33,3.162277660168379e-06,40,0,40,0
S1,leave_environment_A,coordinate,34,3.162277660168379e-06,40,0,40,0
S1,leave_environment_A,coordinate,35,3.162277660168379e-06,40,0,40,0
S1,leave_environment_A,coordinate,36,3.162277660168379e-06,40,0,40,0
S1,leave_environment_A,coordinate,37,3.162277660168379e-06,40,0,40,0
S1,leave_environment_A,coordinate,38,3.162277660168379e-06,40,0,40,0
S1,leave_environment_A,coordinate,39,3.162277660168379e-06,40,0,40,0
S1,leave_environment_A,coordinate,40,3.162277660168379e-06,40,0,40,0
S1,leave_environment_A,coordinate,31,1e-05,40,0,40,0
S1,leave_environment_A,coordinate,32,1e-05,40,0,40,0
S1,leave_environment_A,coordinate,33,1e-05,40,0,40,0
S1,leave_environment_A,coordinate,34,1e-05,40,0,40,0
S1,leave_environment_A,coordinate,35,1e-05,40,0,40,0
S1,leave_environment_A,coordinate,36,1e-05,40,0,40,0
S1,leave_environment_A,coordinate,37,1e-05,40,0,40,0
S1,leave_environment_A,coordinate,38,1e-05,40,0,40,0
S1,leave_environment_A,coordinate,39,1e-05,40,0,40,0
S1,leave_environment_A,coordinate,40,1e-05,40,0,40,0
S1,leave_environment_A,coordinate,31,3.1622776601683795e-05,40,0,40,0
S1,leave_environment_A,coordinate,32,3.1622776601683795e-05,40,0,40,0
S1,leave_environment_A,coordinate,33,3.1622776601683795e-05,40,0,40,0
S1,leave_environment_A,coordinate,34,3.1622776601683795e-05,40,0,40,0
S1,leave_environment_A,coordinate,35,3.1622776601683795e-05,40,0,40,0
S1,leave_environment_A,coordinate,36,3.1622776601683795e-05,40,0,40,0
S1,leave_environment_A,coordinate,37,3.1622776601683795e-05,40,0,40,0
S1,leave_environment_A,coordinate,38,3.1622776601683795e-05,40,0,40,0
S1,leave_environment_A,coordinate,39,3.1622776601683795e-05,40,0,40,0
S1,leave_environment_A,coordinate,40,3.1622776601683795e-05,40,0,40,0
S1,leave_environment_A,coordinate,31,0.0001,40,0,40,0
S1,leave_environment_A,coordinate,32,0.0001,40,0,40,0
S1,leave_environment_A,coordinate,33,0.0001,40,0,40,0
S1,leave_environment_A,coordinate,34,0.0001,40,0,40,0
S1,leave_environment_A,coordinate,35,0.0001,40,0,40,0
S1,leave_environment_A,coordinate,36,0.0001,40,0,40,0
S1,leave_environment_A,coordinate,37,0.0001,40,0,40,0
S1,leave_environment_A,coordinate,38,0.0001,40,0,40,0
S1,leave_environment_A,coordinate,39,0.0001,40,0,40,0
S1,leave_environment_A,coordinate,40,0.0001,40,0,40,0
S1,leave_environment_A,coordinate,31,0.00031622776601683794,40,0,40,0
S1,leave_environment_A,coordinate,32,0.00031622776601683794,40,0,40,0
S1,leave_environment_A,coordinate,33,0.00031622776601683794,40,0,40,0
S1,leave_environment_A,coordinate,34,0.00031622776601683794,40,0,40,0
S1,leave_environment_A,coordinate,35,0.00031622776601683794,40,0,40,0
S1,leave_environment_A,coordinate,36,0.00031622776601683794,40,0,40,0
S1,leave_environment_A,coordinate,37,0.00031622776601683794,40,0,40,0
S1,leave_environment_A,coordinate,38,0.00031622776601683794,40,0,40,0
S1,leave_environment_A,coordinate,39,0.00031622776601683794,40,0,40,0
S1,leave_environment_A,coordinate,40,0.00031622776601683794,40,0,40,0
S1,leave_environment_A,coordinate,31,0.001,40,0,40,0
S1,leave_environment_A,coordinate,32,0.001,40,0,40,0
S1,leave_environment_A,coordinate,33,0.001,40,0,40,0
S1,leave_environment_A,coordinate,34,0.001,40,0,40,0
S1,leave_environment_A,coordinate,35,0.001,40,0,40,0
S1,leave_environment_A,coordinate,36,0.001,40,0,40,0
S1,leave_environment_A,coordinate,37,0.001,40,0,40,0
S1,leave_environment_A,coordinate,38,0.001,40,0,40,0
S1,leave_environment_A,coordinate,39,0.001,40,0,40,0
S1,leave_environment_A,coordinate,40,0.001,40,0,40,0
S1,leave_environment_A,coordinate,31,0.0031622776601683794,40,0,40,0
S1,leave_environment_A,coordinate,32,0.0031622776601683794,40,0,40,0
S1,leave_environment_A,coordinate,33,0.0031622776601683794,40,0,40,0
S1,leave_environment_A,coordinate,34,0.0031622776601683794,40,0,40,0
S1,leave_environment_A,coordinate,35,0.0031622776601683794,40,0,40,0
S1,leave_environment_A,coordinate,36,0.0031622776601683794,40,0,40,0
S1,leave_environment_A,coordinate,37,0.0031622776601683794,40,0,40,0
S1,leave_environment_A,coordinate,38,0.0031622776601683794,40,0,40,0
S1,leave_environment_A,coordinate,39,0.0031622776601683794,40,0,40,0
S1,leave_environment_A,coordinate,40,0.0031622776601683794,40,0,40,0
S1,leave_environment_A,coordinate,31,0.01,40,0,40,0
S1,leave_environment_A,coordinate,32,0.01,40,0,40,0
S1,leave_environment_A,coordinate,33,0.01,40,0,40,0
S1,leave_environment_A,coordinate,34,0.01,40,0,40,0
S1,leave_environment_A,coordinate,35,0.01,40,0,40,0
S1,leave_environment_A,coordinate,36,0.01,40,0,40,0
S1,leave_environment_A,coordinate,37,0.01,40,0,40,0
S1,leave_environment_A,coordinate,38,0.01,40,0,40,0
S1,leave_environment_A,coordinate,39,0.01,40,0,40,0
S1,leave_environment_A,coordinate,40,0.01,40,0,40,0
S1,leave_environment_A,coordinate,31,0.03162277660168379,40,0,40,0
S1,leave_environment_A,coordinate,32,0.03162277660168379,40,0,40,0
S1,leave_environment_A,coordinate,33,0.03162277660168379,40,0,40,0
S1,leave_environment_A,coordinate,34,0.03162277660168379,40,0,40,0
S1,leave_environment_A,coordinate,35,0.03162277660168379,40,0,40,0
S1,leave_environment_A,coordinate,36,0.03162277660168379,40,0,40,0
S1,leave_environment_A,coordinate,37,0.03162277660168379,40,0,40,0
S1,leave_environment_A,coordinate,38,0.03162277660168379,40,0,40,0
S1,leave_environment_A,coordinate,39,0.03162277660168379,40,0,40,0
S1,leave_environment_A,coordinate,40,0.03162277660168379,40,0,40,0
S1,leave_environment_A,coordinate,31,0.1,40,0,0,0
S1,leave_environment_A,coordinate,32,0.1,40,0,0,0
S1,leave_environment_A,coordinate,33,0.1,40,0,0,0
S1,leave_environment_A,coordinate,34,0.1,40,0,0,0
S1,leave_environment_A,coordinate,35,0.1,40,0,0,0
S1,leave_environment_A,coordinate,36,0.1,40,0,0,0
S1,leave_environment_A,coordinate,37,0.1,40,0,0,0
S1,leave_environment_A,coordinate,38,0.1,40,0,0,0
S1,leave_environment_A,coordinate,39,0.1,40,0,0,0
S1,leave_environment_A,coordinate,40,0.1,40,0,0,0
S1,leave_environment_A,coordinate,31,0.25,40,0,0,0
S1,leave_environment_A,coordinate,32,0.25,40,0,0,0
S1,leave_environment_A,coordinate,33,0.25,40,0,0,0
S1,leave_environment_A,coordinate,34,0.25,40,0,0,0
S1,leave_environment_A,coordinate,35,0.25,40,0,0,0
S1,leave_environment_A,coordinate,36,0.25,40,0,0,0
S1,leave_environment_A,coordinate,37,0.25,40,0,0,0
S1,leave_environment_A,coordinate,38,0.25,40,0,0,0
S1,leave_environment_A,coordinate,39,0.25,40,0,0,0
S1,leave_environment_A,coordinate,40,0.25,40,0,0,0
S1,leave_environment_A,dct,31,1e-06,40,0,40,0
S1,leave_environment_A,dct,32,1e-06,40,0,40,0
S1,leave_environment_A,dct,33,1e-06,40,0,40,0
S1,leave_environment_A,dct,34,1e-06,40,0,40,0
S1,leave_environment_A,dct,35,1e-06,40,0,40,0
S1,leave_environment_A,dct,36,1e-06,40,0,40,0
S1,leave_environment_A,dct,37,1e-06,40,0,40,0
S1,leave_environment_A,dct,38,1e-06,40,0,40,0
S1,leave_environment_A,dct,39,1e-06,40,0,40,0
S1,leave_environment_A,dct,40,1e-06,40,0,40,0
S1,leave_environment_A,dct,31,3.162277660168379e-06,40,0,40,0
S1,leave_environment_A,dct,32,3.162277660168379e-06,40,0,40,0
S1,leave_environment_A,dct,33,3.162277660168379e-06,40,0,40,0
S1,leave_environment_A,dct,34,3.162277660168379e-06,40,0,40,0
S1,leave_environment_A,dct,35,3.162277660168379e-06,40,0,40,0
S1,leave_environment_A,dct,36,3.162277660168379e-06,40,0,40,0
S1,leave_environment_A,dct,37,3.162277660168379e-06,40,0,40,0
S1,leave_environment_A,dct,38,3.162277660168379e-06,40,0,40,0
S1,leave_environment_A,dct,39,3.162277660168379e-06,40,0,40,0
S1,leave_environment_A,dct,40,3.162277660168379e-06,40,0,40,0
S1,leave_environment_A,dct,31,1e-05,40,0,40,0
S1,leave_environment_A,dct,32,1e-05,40,0,40,0
S1,leave_environment_A,dct,33,1e-05,40,0,40,0
S1,leave_environment_A,dct,34,1e-05,40,0,40,0
S1,leave_environment_A,dct,35,1e-05,40,0,40,0
S1,leave_environment_A,dct,36,1e-05,40,0,40,0
S1,leave_environment_A,dct,37,1e-05,40,0,40,0
S1,leave_environment_A,dct,38,1e-05,40,0,40,0
S1,leave_environment_A,dct,39,1e-05,40,0,40,0
S1,leave_environment_A,dct,40,1e-05,40,0,40,0
S1,leave_environment_A,dct,31,3.1622776601683795e-05,40,0,40,0
S1,leave_environment_A,dct,32,3.1622776601683795e-05,40,0,40,0
S1,leave_environment_A,dct,33,3.1622776601683795e-05,40,0,40,0
S1,leave_environment_A,dct,34,3.1622776601683795e-05,40,0,40,0
S1,leave_environment_A,dct,35,3.1622776601683795e-05,40,0,40,0
S1,leave_environment_A,dct,36,3.1622776601683795e-05,40,0,40,0
S1,leave_environment_A,dct,37,3.1622776601683795e-05,40,0,40,0
S1,leave_environment_A,dct,38,3.1622776601683795e-05,40,0,40,0
S1,leave_environment_A,dct,39,3.1622776601683795e-05,40,0,40,0
S1,leave_environment_A,dct,40,3.1622776601683795e-05,40,0,40,0
S1,leave_environment_A,dct,31,0.0001,40,0,40,0
S1,leave_environment_A,dct,32,0.0001,40,0,40,0
S1,leave_environment_A,dct,33,0.0001,40,0,40,0
S1,leave_environment_A,dct,34,0.0001,40,0,40,0
S1,leave_environment_A,dct,35,0.0001,40,0,40,0
S1,leave_environment_A,dct,36,0.0001,40,0,40,0
S1,leave_environment_A,dct,37,0.0001,40,0,40,0
S1,leave_environment_A,dct,38,0.0001,40,0,40,0
S1,leave_environment_A,dct,39,0.0001,40,0,40,0
S1,leave_environment_A,dct,40,0.0001,40,0,40,0
S1,leave_environment_A,dct,31,0.00031622776601683794,40,0,40,0
S1,leave_environment_A,dct,32,0.00031622776601683794,40,0,40,0
S1,leave_environment_A,dct,33,0.00031622776601683794,40,0,40,0
S1,leave_environment_A,dct,34,0.00031622776601683794,40,0,40,0
S1,leave_environment_A,dct,35,0.00031622776601683794,40,0,40,0
S1,leave_environment_A,dct,36,0.00031622776601683794,40,0,40,0
S1,leave_environment_A,dct,37,0.00031622776601683794,40,0,40,0
S1,leave_environment_A,dct,38,0.00031622776601683794,40,0,40,0
S1,leave_environment_A,dct,39,0.00031622776601683794,40,0,40,0
S1,leave_environment_A,dct,40,0.00031622776601683794,40,0,40,0
S1,leave_environment_A,dct,31,0.001,40,0,40,0
S1,leave_environment_A,dct,32,0.001,40,0,40,0
S1,leave_environment_A,dct,33,0.001,40,0,40,0
S1,leave_environment_A,dct,34,0.001,40,0,40,0
S1,leave_environment_A,dct,35,0.001,40,0,40,0
S1,leave_environment_A,dct,36,0.001,40,0,40,0
S1,leave_environment_A,dct,37,0.001,40,0,40,0
S1,leave_environment_A,dct,38,0.001,40,0,40,0
S1,leave_environment_A,dct,39,0.001,40,0,40,0
S1,leave_environment_A,dct,40,0.001,40,0,40,0
S1,leave_environment_A,dct,31,0.0031622776601683794,40,0,40,0
S1,leave_environment_A,dct,32,0.0031622776601683794,40,0,40,0
S1,leave_environment_A,dct,33,0.0031622776601683794,40,0,40,0
S1,leave_environment_A,dct,34,0.0031622776601683794,40,0,40,0
S1,leave_environment_A,dct,35,0.0031622776601683794,40,0,40,0
S1,leave_environment_A,dct,36,0.0031622776601683794,40,0,40,0
S1,leave_environment_A,dct,37,0.0031622776601683794,40,0,40,0
S1,leave_environment_A,dct,38,0.0031622776601683794,40,0,40,0
S1,leave_environment_A,dct,39,0.0031622776601683794,40,0,40,0
S1,leave_environment_A,dct,40,0.0031622776601683794,40,0,40,0
S1,leave_environment_A,dct,31,0.01,40,40,40,0
S1,leave_environment_A,dct,32,0.01,40,40,40,0
S1,leave_environment_A,dct,33,0.01,40,40,40,0
S1,leave_environment_A,dct,34,0.01,40,40,40,0
S1,leave_environment_A,dct,35,0.01,40,40,40,0
S1,leave_environment_A,dct,36,0.01,40,40,40,0
S1,leave_environment_A,dct,37,0.01,40,40,40,0
S1,leave_environment_A,dct,38,0.01,40,40,40,0
S1,leave_environment_A,dct,39,0.01,40,40,40,0
S1,leave_environment_A,dct,40,0.01,40,40,40,0
S1,leave_environment_A,dct,31,0.03162277660168379,40,40,40,0
S1,leave_environment_A,dct,32,0.03162277660168379,40,40,40,0
S1,leave_environment_A,dct,33,0.03162277660168379,40,40,40,0
S1,leave_environment_A,dct,34,0.03162277660168379,40,40,40,0
S1,leave_environment_A,dct,35,0.03162277660168379,40,40,40,0
S1,leave_environment_A,dct,36,0.03162277660168379,40,40,40,0
S1,leave_environment_A,dct,37,0.03162277660168379,40,40,40,0
S1,leave_environment_A,dct,38,0.03162277660168379,40,40,40,0
S1,leave_environment_A,dct,39,0.03162277660168379,40,40,40,0
S1,leave_environment_A,dct,40,0.03162277660168379,40,40,40,0
S1,leave_environment_A,dct,31,0.1,40,40,40,0
S1,leave_environment_A,dct,32,0.1,40,40,40,0
S1,leave_environment_A,dct,33,0.1,40,40,40,0
S1,leave_environment_A,dct,34,0.1,40,40,40,0
S1,leave_environment_A,dct,35,0.1,40,40,40,0
S1,leave_environment_A,dct,36,0.1,40,40,40,0
S1,leave_environment_A,dct,37,0.1,40,40,40,0
S1,leave_environment_A,dct,38,0.1,40,40,40,0
S1,leave_environment_A,dct,39,0.1,40,40,40,0
S1,leave_environment_A,dct,40,0.1,40,40,40,0
S1,leave_environment_A,dct,31,0.25,40,0,0,0
S1,leave_environment_A,dct,32,0.25,40,0,0,0
S1,leave_environment_A,dct,33,0.25,40,0,0,0
S1,leave_environment_A,dct,34,0.25,40,0,0,0
S1,leave_environment_A,dct,35,0.25,40,0,0,0
S1,leave_environment_A,dct,36,0.25,40,0,0,0
S1,leave_environment_A,dct,37,0.25,40,0,0,0
S1,leave_environment_A,dct,38,0.25,40,0,0,0
S1,leave_environment_A,dct,39,0.25,40,0,0,0
S1,leave_environment_A,dct,40,0.25,40,0,0,0
S1,leave_environment_A,dft,31,1e-06,40,0,40,0
S1,leave_environment_A,dft,32,1e-06,40,0,40,0
S1,leave_environment_A,dft,33,1e-06,40,0,40,0
S1,leave_environment_A,dft,34,1e-06,40,0,40,0
S1,leave_environment_A,dft,35,1e-06,40,0,40,0
S1,leave_environment_A,dft,36,1e-06,40,0,40,0
S1,leave_environment_A,dft,37,1e-06,40,0,40,0
S1,leave_environment_A,dft,38,1e-06,40,0,40,0
S1,leave_environment_A,dft,39,1e-06,40,0,40,0
S1,leave_environment_A,dft,40,1e-06,40,0,40,0
S1,leave_environment_A,dft,31,3.162277660168379e-06,40,0,40,0
S1,leave_environment_A,dft,32,3.162277660168379e-06,40,0,40,0
S1,leave_environment_A,dft,33,3.162277660168379e-06,40,0,40,0
S1,leave_environment_A,dft,34,3.162277660168379e-06,40,0,40,0
S1,leave_environment_A,dft,35,3.162277660168379e-06,40,0,40,0
S1,leave_environment_A,dft,36,3.162277660168379e-06,40,0,40,0
S1,leave_environment_A,dft,37,3.162277660168379e-06,40,0,40,0
S1,leave_environment_A,dft,38,3.162277660168379e-06,40,0,40,0
S1,leave_environment_A,dft,39,3.162277660168379e-06,40,0,40,0
S1,leave_environment_A,dft,40,3.162277660168379e-06,40,0,40,0
S1,leave_environment_A,dft,31,1e-05,40,0,40,0
S1,leave_environment_A,dft,32,1e-05,40,0,40,0
S1,leave_environment_A,dft,33,1e-05,40,0,40,0
S1,leave_environment_A,dft,34,1e-05,40,0,40,0
S1,leave_environment_A,dft,35,1e-05,40,0,40,0
S1,leave_environment_A,dft,36,1e-05,40,0,40,0
S1,leave_environment_A,dft,37,1e-05,40,0,40,0
S1,leave_environment_A,dft,38,1e-05,40,0,40,0
S1,leave_environment_A,dft,39,1e-05,40,0,40,0
S1,leave_environment_A,dft,40,1e-05,40,0,40,0
S1,leave_environment_A,dft,31,3.1622776601683795e-05,40,0,40,0
S1,leave_environment_A,dft,32,3.1622776601683795e-05,40,0,40,0
S1,leave_environment_A,dft,33,3.1622776601683795e-05,40,0,40,0
S1,leave_environment_A,dft,34,3.1622776601683795e-05,40,0,40,0
S1,leave_environment_A,dft,35,3.1622776601683795e-05,40,0,40,0
S1,leave_environment_A,dft,36,3.1622776601683795e-05,40,0,40,0
S1,leave_environment_A,dft,37,3.1622776601683795e-05,40,0,40,0
S1,leave_environment_A,dft,38,3.1622776601683795e-05,40,0,40,0
S1,leave_environment_A,dft,39,3.1622776601683795e-05,40,0,40,0
S1,leave_environment_A,dft,40,3.1622776601683795e-05,40,0,40,0
S1,leave_environment_A,dft,31,0.0001,40,0,40,0
S1,leave_environment_A,dft,32,0.0001,40,0,40,0
S1,leave_environment_A,dft,33,0.0001,40,0,40,0
S1,leave_environment_A,dft,34,0.0001,40,0,40,0
S1,leave_environment_A,dft,35,0.0001,40,0,40,0
S1,leave_environment_A,dft,36,0.0001,40,0,40,0
S1,leave_environment_A,dft,37,0.0001,40,0,40,0
S1,leave_environment_A,dft,38,0.0001,40,0,40,0
S1,leave_environment_A,dft,39,0.0001,40,0,40,0
S1,leave_environment_A,dft,40,0.0001,40,0,40,0
S1,leave_environment_A,dft,31,0.00031622776601683794,40,0,40,0
S1,leave_environment_A,dft,32,0.00031622776601683794,40,0,40,0
S1,leave_environment_A,dft,33,0.00031622776601683794,40,0,40,0
S1,leave_environment_A,dft,34,0.00031622776601683794,40,0,40,0
S1,leave_environment_A,dft,35,0.00031622776601683794,40,0,40,0
S1,leave_environment_A,dft,36,0.00031622776601683794,40,0,40,0
S1,leave_environment_A,dft,37,0.00031622776601683794,40,0,40,0
S1,leave_environment_A,dft,38,0.00031622776601683794,40,0,40,0
S1,leave_environment_A,dft,39,0.00031622776601683794,40,0,40,0
S1,leave_environment_A,dft,40,0.00031622776601683794,40,0,40,0
S1,leave_environment_A,dft,31,0.001,40,14,40,0
S1,leave_environment_A,dft,32,0.001,40,35,40,0
S1,leave_environment_A,dft,33,0.001,40,20,40,0
S1,leave_environment_A,dft,34,0.001,40,0,40,0
S1,leave_environment_A,dft,35,0.001,40,0,40,0
S1,leave_environment_A,dft,36,0.001,40,5,40,0
S1,leave_environment_A,dft,37,0.001,40,16,40,0
S1,leave_environment_A,dft,38,0.001,40,0,40,0
S1,leave_environment_A,dft,39,0.001,40,14,40,0
S1,leave_environment_A,dft,40,0.001,40,3,40,0
S1,leave_environment_A,dft,31,0.0031622776601683794,40,40,40,0
S1,leave_environment_A,dft,32,0.0031622776601683794,40,35,40,0
S1,leave_environment_A,dft,33,0.0031622776601683794,40,23,40,0
S1,leave_environment_A,dft,34,0.0031622776601683794,40,2,40,0
S1,leave_environment_A,dft,35,0.0031622776601683794,40,0,40,0
S1,leave_environment_A,dft,36,0.0031622776601683794,40,5,40,0
S1,leave_environment_A,dft,37,0.0031622776601683794,40,19,40,0
S1,leave_environment_A,dft,38,0.0031622776601683794,40,0,40,0
S1,leave_environment_A,dft,39,0.0031622776601683794,40,17,40,0
S1,leave_environment_A,dft,40,0.0031622776601683794,40,5,40,0
S1,leave_environment_A,dft,31,0.01,40,40,40,0
S1,leave_environment_A,dft,32,0.01,40,40,40,0
S1,leave_environment_A,dft,33,0.01,40,36,40,0
S1,leave_environment_A,dft,34,0.01,40,31,40,0
S1,leave_environment_A,dft,35,0.01,40,40,40,0
S1,leave_environment_A,dft,36,0.01,40,40,40,0
S1,leave_environment_A,dft,37,0.01,40,19,40,0
S1,leave_environment_A,dft,38,0.01,40,31,40,0
S1,leave_environment_A,dft,39,0.01,40,34,40,0
S1,leave_environment_A,dft,40,0.01,40,37,40,0
S1,leave_environment_A,dft,31,0.03162277660168379,40,40,40,0
S1,leave_environment_A,dft,32,0.03162277660168379,40,40,40,0
S1,leave_environment_A,dft,33,0.03162277660168379,40,40,40,0
S1,leave_environment_A,dft,34,0.03162277660168379,40,40,40,0
S1,leave_environment_A,dft,35,0.03162277660168379,40,40,40,0
S1,leave_environment_A,dft,36,0.03162277660168379,40,40,40,0
S1,leave_environment_A,dft,37,0.03162277660168379,40,40,40,0
S1,leave_environment_A,dft,38,0.03162277660168379,40,40,40,0
S1,leave_environment_A,dft,39,0.03162277660168379,40,40,40,0
S1,leave_environment_A,dft,40,0.03162277660168379,40,40,40,0
S1,leave_environment_A,dft,31,0.1,40,40,40,0
S1,leave_environment_A,dft,32,0.1,40,40,40,0
S1,leave_environment_A,dft,33,0.1,40,40,40,0
S1,leave_environment_A,dft,34,0.1,40,40,40,0
S1,leave_environment_A,dft,35,0.1,40,40,40,0
S1,leave_environment_A,dft,36,0.1,40,40,40,0
S1,leave_environment_A,dft,37,0.1,40,40,40,0
S1,leave_environment_A,dft,38,0.1,40,40,40,0
S1,leave_environment_A,dft,39,0.1,40,40,40,0
S1,leave_environment_A,dft,40,0.1,40,40,40,0
S1,leave_environment_A,dft,31,0.25,40,0,0,0
S1,leave_environment_A,dft,32,0.25,40,0,0,0
S1,leave_environment_A,dft,33,0.25,40,0,0,0
S1,leave_environment_A,dft,34,0.25,40,0,0,0
S1,leave_environment_A,dft,35,0.25,40,0,0,0
S1,leave_environment_A,dft,36,0.25,40,0,0,0
S1,leave_environment_A,dft,37,0.25,40,0,0,0
S1,leave_environment_A,dft,38,0.25,40,0,0,0
S1,leave_environment_A,dft,39,0.25,40,0,0,0
S1,leave_environment_A,dft,40,0.25,40,0,0,0
S1,leave_environment_A,polynomial,31,1e-06,40,0,40,0
S1,leave_environment_A,polynomial,32,1e-06,40,0,40,0
S1,leave_environment_A,polynomial,33,1e-06,40,0,40,0
S1,leave_environment_A,polynomial,34,1e-06,40,0,40,0
S1,leave_environment_A,polynomial,35,1e-06,40,0,40,0
S1,leave_environment_A,polynomial,36,1e-06,40,0,40,0
S1,leave_environment_A,polynomial,37,1e-06,40,0,40,0
S1,leave_environment_A,polynomial,38,1e-06,40,0,40,0
S1,leave_environment_A,polynomial,39,1e-06,40,0,40,0
S1,leave_environment_A,polynomial,40,1e-06,40,0,40,0
S1,leave_environment_A,polynomial,31,3.162277660168379e-06,40,0,40,0
S1,leave_environment_A,polynomial,32,3.162277660168379e-06,40,0,40,0
S1,leave_environment_A,polynomial,33,3.162277660168379e-06,40,0,40,0
S1,leave_environment_A,polynomial,34,3.162277660168379e-06,40,0,40,0
S1,leave_environment_A,polynomial,35,3.162277660168379e-06,40,0,40,0
S1,leave_environment_A,polynomial,36,3.162277660168379e-06,40,0,40,0
S1,leave_environment_A,polynomial,37,3.162277660168379e-06,40,0,40,0
S1,leave_environment_A,polynomial,38,3.162277660168379e-06,40,0,40,0
S1,leave_environment_A,polynomial,39,3.162277660168379e-06,40,0,40,0
S1,leave_environment_A,polynomial,40,3.162277660168379e-06,40,0,40,0
S1,leave_environment_A,polynomial,31,1e-05,40,0,40,0
S1,leave_environment_A,polynomial,32,1e-05,40,0,40,0
S1,leave_environment_A,polynomial,33,1e-05,40,0,40,0
S1,leave_environment_A,polynomial,34,1e-05,40,0,40,0
S1,leave_environment_A,polynomial,35,1e-05,40,0,40,0
S1,leave_environment_A,polynomial,36,1e-05,40,0,40,0
S1,leave_environment_A,polynomial,37,1e-05,40,0,40,0
S1,leave_environment_A,polynomial,38,1e-05,40,0,40,0
S1,leave_environment_A,polynomial,39,1e-05,40,0,40,0
S1,leave_environment_A,polynomial,40,1e-05,40,0,40,0
S1,leave_environment_A,polynomial,31,3.1622776601683795e-05,40,4,40,0
S1,leave_environment_A,polynomial,32,3.1622776601683795e-05,40,12,40,0
S1,leave_environment_A,polynomial,33,3.1622776601683795e-05,40,18,40,0
S1,leave_environment_A,polynomial,34,3.1622776601683795e-05,40,19,40,0
S1,leave_environment_A,polynomial,35,3.1622776601683795e-05,40,22,40,0
S1,leave_environment_A,polynomial,36,3.1622776601683795e-05,40,20,40,0
S1,leave_environment_A,polynomial,37,3.1622776601683795e-05,40,18,40,0
S1,leave_environment_A,polynomial,38,3.1622776601683795e-05,40,20,40,0
S1,leave_environment_A,polynomial,39,3.1622776601683795e-05,40,20,40,0
S1,leave_environment_A,polynomial,40,3.1622776601683795e-05,40,5,40,0
S1,leave_environment_A,polynomial,31,0.0001,40,40,40,0
S1,leave_environment_A,polynomial,32,0.0001,40,40,40,0
S1,leave_environment_A,polynomial,33,0.0001,40,40,40,0
S1,leave_environment_A,polynomial,34,0.0001,40,40,40,0
S1,leave_environment_A,polynomial,35,0.0001,40,40,40,0
S1,leave_environment_A,polynomial,36,0.0001,40,40,40,0
S1,leave_environment_A,polynomial,37,0.0001,40,40,40,0
S1,leave_environment_A,polynomial,38,0.0001,40,40,40,0
S1,leave_environment_A,polynomial,39,0.0001,40,40,40,0
S1,leave_environment_A,polynomial,40,0.0001,40,40,40,0
S1,leave_environment_A,polynomial,31,0.00031622776601683794,40,40,40,0
S1,leave_environment_A,polynomial,32,0.00031622776601683794,40,40,40,0
S1,leave_environment_A,polynomial,33,0.00031622776601683794,40,40,40,0
S1,leave_environment_A,polynomial,34,0.00031622776601683794,40,40,40,0
S1,leave_environment_A,polynomial,35,0.00031622776601683794,40,40,40,0
S1,leave_environment_A,polynomial,36,0.00031622776601683794,40,40,40,0
S1,leave_environment_A,polynomial,37,0.00031622776601683794,40,40,40,0
S1,leave_environment_A,polynomial,38,0.00031622776601683794,40,40,40,0
S1,leave_environment_A,polynomial,39,0.00031622776601683794,40,40,40,0
S1,leave_environment_A,polynomial,40,0.00031622776601683794,40,40,40,0
S1,leave_environment_A,polynomial,31,0.001,40,40,40,0
S1,leave_environment_A,polynomial,32,0.001,40,40,40,0
S1,leave_environment_A,polynomial,33,0.001,40,40,40,0
S1,leave_environment_A,polynomial,34,0.001,40,40,40,0
S1,leave_environment_A,polynomial,35,0.001,40,40,40,0
S1,leave_environment_A,polynomial,36,0.001,40,40,40,0
S1,leave_environment_A,polynomial,37,0.001,40,40,40,0
S1,leave_environment_A,polynomial,38,0.001,40,40,40,0
S1,leave_environment_A,polynomial,39,0.001,40,40,40,0
S1,leave_environment_A,polynomial,40,0.001,40,40,40,0
S1,leave_environment_A,polynomial,31,0.0031622776601683794,40,40,40,0
S1,leave_environment_A,polynomial,32,0.0031622776601683794,40,40,40,0
S1,leave_environment_A,polynomial,33,0.0031622776601683794,40,40,40,0
S1,leave_environment_A,polynomial,34,0.0031622776601683794,40,40,40,0
S1,leave_environment_A,polynomial,35,0.0031622776601683794,40,40,40,0
S1,leave_environment_A,polynomial,36,0.0031622776601683794,40,40,40,0
S1,leave_environment_A,polynomial,37,0.0031622776601683794,40,40,40,0
S1,leave_environment_A,polynomial,38,0.0031622776601683794,40,40,40,0
S1,leave_environment_A,polynomial,39,0.0031622776601683794,40,40,40,0
S1,leave_environment_A,polynomial,40,0.0031622776601683794,40,40,40,0
S1,leave_environment_A,polynomial,31,0.01,40,40,40,0
S1,leave_environment_A,polynomial,32,0.01,40,40,40,0
S1,leave_environment_A,polynomial,33,0.01,40,40,40,0
S1,leave_environment_A,polynomial,34,0.01,40,40,40,0
S1,leave_environment_A,polynomial,35,0.01,40,40,40,0
S1,leave_environment_A,polynomial,36,0.01,40,40,40,0
S1,leave_environment_A,polynomial,37,0.01,40,40,40,0
S1,leave_environment_A,polynomial,38,0.01,40,40,40,0
S1,leave_environment_A,polynomial,39,0.01,40,40,40,0
S1,leave_environment_A,polynomial,40,0.01,40,40,40,0
S1,leave_environment_A,polynomial,31,0.03162277660168379,40,40,40,0
S1,leave_environment_A,polynomial,32,0.03162277660168379,40,40,40,0
S1,leave_environment_A,polynomial,33,0.03162277660168379,40,40,40,0
S1,leave_environment_A,polynomial,34,0.03162277660168379,40,40,40,0
S1,leave_environment_A,polynomial,35,0.03162277660168379,40,40,40,0
S1,leave_environment_A,polynomial,36,0.03162277660168379,40,40,40,0
S1,leave_environment_A,polynomial,37,0.03162277660168379,40,40,40,0
S1,leave_environment_A,polynomial,38,0.03162277660168379,40,40,40,0
S1,leave_environment_A,polynomial,39,0.03162277660168379,40,40,40,0
S1,leave_environment_A,polynomial,40,0.03162277660168379,40,40,40,0
S1,leave_environment_A,polynomial,31,0.1,40,40,40,0
S1,leave_environment_A,polynomial,32,0.1,40,40,40,0
S1,leave_environment_A,polynomial,33,0.1,40,40,40,0
S1,leave_environment_A,polynomial,34,0.1,40,40,40,0
S1,leave_environment_A,polynomial,35,0.1,40,40,40,0
S1,leave_environment_A,polynomial,36,0.1,40,40,40,0
S1,leave_environment_A,polynomial,37,0.1,40,40,40,0
S1,leave_environment_A,polynomial,38,0.1,40,40,40,0
S1,leave_environment_A,polynomial,39,0.1,40,40,40,0
S1,leave_environment_A,polynomial,40,0.1,40,40,40,0
S1,leave_environment_A,polynomial,31,0.25,40,0,0,0
S1,leave_environment_A,polynomial,32,0.25,40,0,0,0
S1,leave_environment_A,polynomial,33,0.25,40,0,0,0
S1,leave_environment_A,polynomial,34,0.25,40,0,0,0
S1,leave_environment_A,polynomial,35,0.25,40,0,0,0
S1,leave_environment_A,polynomial,36,0.25,40,0,0,0
S1,leave_environment_A,polynomial,37,0.25,40,0,0,0
S1,leave_environment_A,polynomial,38,0.25,40,0,0,0
S1,leave_environment_A,polynomial,39,0.25,40,0,0,0
S1,leave_environment_A,polynomial,40,0.25,40,0,0,0
S1,leave_environment_A,random_orthogonal,31,1e-06,40,0,40,0
S1,leave_environment_A,random_orthogonal,32,1e-06,40,0,40,0
S1,leave_environment_A,random_orthogonal,33,1e-06,40,0,40,0
S1,leave_environment_A,random_orthogonal,34,1e-06,40,0,40,0
S1,leave_environment_A,random_orthogonal,35,1e-06,40,0,40,0
S1,leave_environment_A,random_orthogonal,36,1e-06,40,0,40,0
S1,leave_environment_A,random_orthogonal,37,1e-06,40,0,40,0
S1,leave_environment_A,random_orthogonal,38,1e-06,40,0,40,0
S1,leave_environment_A,random_orthogonal,39,1e-06,40,0,40,0
S1,leave_environment_A,random_orthogonal,40,1e-06,40,0,40,0
S1,leave_environment_A,random_orthogonal,31,3.162277660168379e-06,40,0,40,0
S1,leave_environment_A,random_orthogonal,32,3.162277660168379e-06,40,0,40,0
S1,leave_environment_A,random_orthogonal,33,3.162277660168379e-06,40,0,40,0
S1,leave_environment_A,random_orthogonal,34,3.162277660168379e-06,40,0,40,0
S1,leave_environment_A,random_orthogonal,35,3.162277660168379e-06,40,0,40,0
S1,leave_environment_A,random_orthogonal,36,3.162277660168379e-06,40,0,40,0
S1,leave_environment_A,random_orthogonal,37,3.162277660168379e-06,40,0,40,0
S1,leave_environment_A,random_orthogonal,38,3.162277660168379e-06,40,0,40,0
S1,leave_environment_A,random_orthogonal,39,3.162277660168379e-06,40,0,40,0
S1,leave_environment_A,random_orthogonal,40,3.162277660168379e-06,40,0,40,0
S1,leave_environment_A,random_orthogonal,31,1e-05,40,0,40,0
S1,leave_environment_A,random_orthogonal,32,1e-05,40,0,40,0
S1,leave_environment_A,random_orthogonal,33,1e-05,40,0,40,0
S1,leave_environment_A,random_orthogonal,34,1e-05,40,0,40,0
S1,leave_environment_A,random_orthogonal,35,1e-05,40,0,40,0
S1,leave_environment_A,random_orthogonal,36,1e-05,40,0,40,0
S1,leave_environment_A,random_orthogonal,37,1e-05,40,0,40,0
S1,leave_environment_A,random_orthogonal,38,1e-05,40,0,40,0
S1,leave_environment_A,random_orthogonal,39,1e-05,40,0,40,0
S1,leave_environment_A,random_orthogonal,40,1e-05,40,0,40,0
S1,leave_environment_A,random_orthogonal,31,3.1622776601683795e-05,40,0,40,0
S1,leave_environment_A,random_orthogonal,32,3.1622776601683795e-05,40,0,40,0
S1,leave_environment_A,random_orthogonal,33,3.1622776601683795e-05,40,0,40,0
S1,leave_environment_A,random_orthogonal,34,3.1622776601683795e-05,40,0,40,0
S1,leave_environment_A,random_orthogonal,35,3.1622776601683795e-05,40,0,40,0
S1,leave_environment_A,random_orthogonal,36,3.1622776601683795e-05,40,0,40,0
S1,leave_environment_A,random_orthogonal,37,3.1622776601683795e-05,40,0,40,0
S1,leave_environment_A,random_orthogonal,38,3.1622776601683795e-05,40,0,40,0
S1,leave_environment_A,random_orthogonal,39,3.1622776601683795e-05,40,0,40,0
S1,leave_environment_A,random_orthogonal,40,3.1622776601683795e-05,40,0,40,0
S1,leave_environment_A,random_orthogonal,31,0.0001,40,0,40,0
S1,leave_environment_A,random_orthogonal,32,0.0001,40,0,40,0
S1,leave_environment_A,random_orthogonal,33,0.0001,40,0,40,0
S1,leave_environment_A,random_orthogonal,34,0.0001,40,0,40,0
S1,leave_environment_A,random_orthogonal,35,0.0001,40,0,40,0
S1,leave_environment_A,random_orthogonal,36,0.0001,40,0,40,0
S1,leave_environment_A,random_orthogonal,37,0.0001,40,0,40,0
S1,leave_environment_A,random_orthogonal,38,0.0001,40,0,40,0
S1,leave_environment_A,random_orthogonal,39,0.0001,40,0,40,0
S1,leave_environment_A,random_orthogonal,40,0.0001,40,0,40,0
S1,leave_environment_A,random_orthogonal,31,0.00031622776601683794,40,0,40,0
S1,leave_environment_A,random_orthogonal,32,0.00031622776601683794,40,0,40,0
S1,leave_environment_A,random_orthogonal,33,0.00031622776601683794,40,0,40,0
S1,leave_environment_A,random_orthogonal,34,0.00031622776601683794,40,0,40,0
S1,leave_environment_A,random_orthogonal,35,0.00031622776601683794,40,0,40,0
S1,leave_environment_A,random_orthogonal,36,0.00031622776601683794,40,0,40,0
S1,leave_environment_A,random_orthogonal,37,0.00031622776601683794,40,0,40,0
S1,leave_environment_A,random_orthogonal,38,0.00031622776601683794,40,0,40,0
S1,leave_environment_A,random_orthogonal,39,0.00031622776601683794,40,0,40,0
S1,leave_environment_A,random_orthogonal,40,0.00031622776601683794,40,0,40,0
S1,leave_environment_A,random_orthogonal,31,0.001,40,0,40,0
S1,leave_environment_A,random_orthogonal,32,0.001,40,0,40,0
S1,leave_environment_A,random_orthogonal,33,0.001,40,0,40,0
S1,leave_environment_A,random_orthogonal,34,0.001,40,0,40,0
S1,leave_environment_A,random_orthogonal,35,0.001,40,0,40,0
S1,leave_environment_A,random_orthogonal,36,0.001,40,0,40,0
S1,leave_environment_A,random_orthogonal,37,0.001,40,0,40,0
S1,leave_environment_A,random_orthogonal,38,0.001,40,0,40,0
S1,leave_environment_A,random_orthogonal,39,0.001,40,0,40,0
S1,leave_environment_A,random_orthogonal,40,0.001,40,0,40,0
S1,leave_environment_A,random_orthogonal,31,0.0031622776601683794,40,0,40,0
S1,leave_environment_A,random_orthogonal,32,0.0031622776601683794,40,0,40,0
S1,leave_environment_A,random_orthogonal,33,0.0031622776601683794,40,0,40,0
S1,leave_environment_A,random_orthogonal,34,0.0031622776601683794,40,0,40,0
S1,leave_environment_A,random_orthogonal,35,0.0031622776601683794,40,0,40,0
S1,leave_environment_A,random_orthogonal,36,0.0031622776601683794,40,0,40,0
S1,leave_environment_A,random_orthogonal,37,0.0031622776601683794,40,0,40,0
S1,leave_environment_A,random_orthogonal,38,0.0031622776601683794,40,0,40,0
S1,leave_environment_A,random_orthogonal,39,0.0031622776601683794,40,0,40,0
S1,leave_environment_A,random_orthogonal,40,0.0031622776601683794,40,0,40,0
S1,leave_environment_A,random_orthogonal,31,0.01,40,9,40,0
S1,leave_environment_A,random_orthogonal,32,0.01,40,0,40,0
S1,leave_environment_A,random_orthogonal,33,0.01,40,0,40,0
S1,leave_environment_A,random_orthogonal,34,0.01,40,0,40,0
S1,leave_environment_A,random_orthogonal,35,0.01,40,0,40,0
S1,leave_environment_A,random_orthogonal,36,0.01,40,0,40,0
S1,leave_environment_A,random_orthogonal,37,0.01,40,0,40,0
S1,leave_environment_A,random_orthogonal,38,0.01,40,0,40,0
S1,leave_environment_A,random_orthogonal,39,0.01,40,0,40,0
S1,leave_environment_A,random_orthogonal,40,0.01,40,0,40,0
S1,leave_environment_A,random_orthogonal,31,0.03162277660168379,40,40,40,0
S1,leave_environment_A,random_orthogonal,32,0.03162277660168379,40,40,40,0
S1,leave_environment_A,random_orthogonal,33,0.03162277660168379,40,40,40,0
S1,leave_environment_A,random_orthogonal,34,0.03162277660168379,40,40,40,0
S1,leave_environment_A,random_orthogonal,35,0.03162277660168379,40,40,40,0
S1,leave_environment_A,random_orthogonal,36,0.03162277660168379,40,40,40,0
S1,leave_environment_A,random_orthogonal,37,0.03162277660168379,40,40,40,0
S1,leave_environment_A,random_orthogonal,38,0.03162277660168379,40,40,40,0
S1,leave_environment_A,random_orthogonal,39,0.03162277660168379,40,40,40,0
S1,leave_environment_A,random_orthogonal,40,0.03162277660168379,40,40,40,0
S1,leave_environment_A,random_orthogonal,31,0.1,40,40,40,0
S1,leave_environment_A,random_orthogonal,32,0.1,40,40,40,0
S1,leave_environment_A,random_orthogonal,33,0.1,40,40,40,0
S1,leave_environment_A,random_orthogonal,34,0.1,40,40,40,0
S1,leave_environment_A,random_orthogonal,35,0.1,40,40,40,0
S1,leave_environment_A,random_orthogonal,36,0.1,40,40,40,0
S1,leave_environment_A,random_orthogonal,37,0.1,40,40,40,0
S1,leave_environment_A,random_orthogonal,38,0.1,40,40,40,0
S1,leave_environment_A,random_orthogonal,39,0.1,40,40,40,0
S1,leave_environment_A,random_orthogonal,40,0.1,40,40,40,0
S1,leave_environment_A,random_orthogonal,31,0.25,40,0,0,0
S1,leave_environment_A,random_orthogonal,32,0.25,40,0,0,0
S1,leave_environment_A,random_orthogonal,33,0.25,40,0,0,0
S1,leave_environment_A,random_orthogonal,34,0.25,40,0,0,0
S1,leave_environment_A,random_orthogonal,35,0.25,40,0,0,0
S1,leave_environment_A,random_orthogonal,36,0.25,40,0,0,0
S1,leave_environment_A,random_orthogonal,37,0.25,40,0,0,0
S1,leave_environment_A,random_orthogonal,38,0.25,40,0,0,0
S1,leave_environment_A,random_orthogonal,39,0.25,40,0,0,0
S1,leave_environment_A,random_orthogonal,40,0.25,40,0,0,0
S1,leave_environment_A,permuted_polynomial,31,1e-06,40,0,40,0
S1,leave_environment_A,permuted_polynomial,32,1e-06,40,0,40,0
S1,leave_environment_A,permuted_polynomial,33,1e-06,40,0,40,0
S1,leave_environment_A,permuted_polynomial,34,1e-06,40,0,40,0
S1,leave_environment_A,permuted_polynomial,35,1e-06,40,0,40,0
S1,leave_environment_A,permuted_polynomial,36,1e-06,40,0,40,0
S1,leave_environment_A,permuted_polynomial,37,1e-06,40,0,40,0
S1,leave_environment_A,permuted_polynomial,38,1e-06,40,0,40,0
S1,leave_environment_A,permuted_polynomial,39,1e-06,40,0,40,0
S1,leave_environment_A,permuted_polynomial,40,1e-06,40,0,40,0
S1,leave_environment_A,permuted_polynomial,31,3.162277660168379e-06,40,0,40,0
S1,leave_environment_A,permuted_polynomial,32,3.162277660168379e-06,40,0,40,0
S1,leave_environment_A,permuted_polynomial,33,3.162277660168379e-06,40,0,40,0
S1,leave_environment_A,permuted_polynomial,34,3.162277660168379e-06,40,0,40,0
S1,leave_environment_A,permuted_polynomial,35,3.162277660168379e-06,40,0,40,0
S1,leave_environment_A,permuted_polynomial,36,3.162277660168379e-06,40,0,40,0
S1,leave_environment_A,permuted_polynomial,37,3.162277660168379e-06,40,0,40,0
S1,leave_environment_A,permuted_polynomial,38,3.162277660168379e-06,40,0,40,0
S1,leave_environment_A,permuted_polynomial,39,3.162277660168379e-06,40,0,40,0
S1,leave_environment_A,permuted_polynomial,40,3.162277660168379e-06,40,0,40,0
S1,leave_environment_A,permuted_polynomial,31,1e-05,40,0,40,0
S1,leave_environment_A,permuted_polynomial,32,1e-05,40,0,40,0
S1,leave_environment_A,permuted_polynomial,33,1e-05,40,0,40,0
S1,leave_environment_A,permuted_polynomial,34,1e-05,40,0,40,0
S1,leave_environment_A,permuted_polynomial,35,1e-05,40,0,40,0
S1,leave_environment_A,permuted_polynomial,36,1e-05,40,0,40,0
S1,leave_environment_A,permuted_polynomial,37,1e-05,40,0,40,0
S1,leave_environment_A,permuted_polynomial,38,1e-05,40,0,40,0
S1,leave_environment_A,permuted_polynomial,39,1e-05,40,0,40,0
S1,leave_environment_A,permuted_polynomial,40,1e-05,40,0,40,0
S1,leave_environment_A,permuted_polynomial,31,3.1622776601683795e-05,40,0,40,0
S1,leave_environment_A,permuted_polynomial,32,3.1622776601683795e-05,40,0,40,0
S1,leave_environment_A,permuted_polynomial,33,3.1622776601683795e-05,40,0,40,0
S1,leave_environment_A,permuted_polynomial,34,3.1622776601683795e-05,40,0,40,0
S1,leave_environment_A,permuted_polynomial,35,3.1622776601683795e-05,40,0,40,0
S1,leave_environment_A,permuted_polynomial,36,3.1622776601683795e-05,40,0,40,0
S1,leave_environment_A,permuted_polynomial,37,3.1622776601683795e-05,40,0,40,0
S1,leave_environment_A,permuted_polynomial,38,3.1622776601683795e-05,40,0,40,0
S1,leave_environment_A,permuted_polynomial,39,3.1622776601683795e-05,40,0,40,0
S1,leave_environment_A,permuted_polynomial,40,3.1622776601683795e-05,40,0,40,0
S1,leave_environment_A,permuted_polynomial,31,0.0001,40,0,40,0
S1,leave_environment_A,permuted_polynomial,32,0.0001,40,0,40,0
S1,leave_environment_A,permuted_polynomial,33,0.0001,40,0,40,0
S1,leave_environment_A,permuted_polynomial,34,0.0001,40,0,40,0
S1,leave_environment_A,permuted_polynomial,35,0.0001,40,0,40,0
S1,leave_environment_A,permuted_polynomial,36,0.0001,40,0,40,0
S1,leave_environment_A,permuted_polynomial,37,0.0001,40,0,40,0
S1,leave_environment_A,permuted_polynomial,38,0.0001,40,0,40,0
S1,leave_environment_A,permuted_polynomial,39,0.0001,40,0,40,0
S1,leave_environment_A,permuted_polynomial,40,0.0001,40,0,40,0
S1,leave_environment_A,permuted_polynomial,31,0.00031622776601683794,40,0,40,0
S1,leave_environment_A,permuted_polynomial,32,0.00031622776601683794,40,0,40,0
S1,leave_environment_A,permuted_polynomial,33,0.00031622776601683794,40,0,40,0
S1,leave_environment_A,permuted_polynomial,34,0.00031622776601683794,40,0,40,0
S1,leave_environment_A,permuted_polynomial,35,0.00031622776601683794,40,0,40,0
S1,leave_environment_A,permuted_polynomial,36,0.00031622776601683794,40,0,40,0
S1,leave_environment_A,permuted_polynomial,37,0.00031622776601683794,40,0,40,0
S1,leave_environment_A,permuted_polynomial,38,0.00031622776601683794,40,0,40,0
S1,leave_environment_A,permuted_polynomial,39,0.00031622776601683794,40,0,40,0
S1,leave_environment_A,permuted_polynomial,40,0.00031622776601683794,40,0,40,0
S1,leave_environment_A,permuted_polynomial,31,0.001,40,22,40,0
S1,leave_environment_A,permuted_polynomial,32,0.001,40,28,40,0
S1,leave_environment_A,permuted_polynomial,33,0.001,40,16,40,0
S1,leave_environment_A,permuted_polynomial,34,0.001,40,2,40,0
S1,leave_environment_A,permuted_polynomial,35,0.001,40,0,40,0
S1,leave_environment_A,permuted_polynomial,36,0.001,40,5,40,0
S1,leave_environment_A,permuted_polynomial,37,0.001,40,19,40,0
S1,leave_environment_A,permuted_polynomial,38,0.001,40,0,40,0
S1,leave_environment_A,permuted_polynomial,39,0.001,40,14,40,0
S1,leave_environment_A,permuted_polynomial,40,0.001,40,5,40,0
S1,leave_environment_A,permuted_polynomial,31,0.0031622776601683794,40,40,40,0
S1,leave_environment_A,permuted_polynomial,32,0.0031622776601683794,40,35,40,0
S1,leave_environment_A,permuted_polynomial,33,0.0031622776601683794,40,23,40,0
S1,leave_environment_A,permuted_polynomial,34,0.0031622776601683794,40,2,40,0
S1,leave_environment_A,permuted_polynomial,35,0.0031622776601683794,40,0,40,0
S1,leave_environment_A,permuted_polynomial,36,0.0031622776601683794,40,5,40,0
S1,leave_environment_A,permuted_polynomial,37,0.0031622776601683794,40,19,40,0
S1,leave_environment_A,permuted_polynomial,38,0.0031622776601683794,40,0,40,0
S1,leave_environment_A,permuted_polynomial,39,0.0031622776601683794,40,17,40,0
S1,leave_environment_A,permuted_polynomial,40,0.0031622776601683794,40,5,40,0
S1,leave_environment_A,permuted_polynomial,31,0.01,40,40,40,0
S1,leave_environment_A,permuted_polynomial,32,0.01,40,40,40,0
S1,leave_environment_A,permuted_polynomial,33,0.01,40,34,40,0
S1,leave_environment_A,permuted_polynomial,34,0.01,40,31,40,0
S1,leave_environment_A,permuted_polynomial,35,0.01,40,40,40,0
S1,leave_environment_A,permuted_polynomial,36,0.01,40,40,40,0
S1,leave_environment_A,permuted_polynomial,37,0.01,40,19,40,0
S1,leave_environment_A,permuted_polynomial,38,0.01,40,16,40,0
S1,leave_environment_A,permuted_polynomial,39,0.01,40,29,40,0
S1,leave_environment_A,permuted_polynomial,40,0.01,40,31,40,0
S1,leave_environment_A,permuted_polynomial,31,0.03162277660168379,40,40,40,0
S1,leave_environment_A,permuted_polynomial,32,0.03162277660168379,40,40,40,0
S1,leave_environment_A,permuted_polynomial,33,0.03162277660168379,40,40,40,0
S1,leave_environment_A,permuted_polynomial,34,0.03162277660168379,40,40,40,0
S1,leave_environment_A,permuted_polynomial,35,0.03162277660168379,40,40,40,0
S1,leave_environment_A,permuted_polynomial,36,0.03162277660168379,40,40,40,0
S1,leave_environment_A,permuted_polynomial,37,0.03162277660168379,40,40,40,0
S1,leave_environment_A,permuted_polynomial,38,0.03162277660168379,40,40,40,0
S1,leave_environment_A,permuted_polynomial,39,0.03162277660168379,40,40,40,0
S1,leave_environment_A,permuted_polynomial,40,0.03162277660168379,40,40,40,0
S1,leave_environment_A,permuted_polynomial,31,0.1,40,40,40,0
S1,leave_environment_A,permuted_polynomial,32,0.1,40,40,40,0
S1,leave_environment_A,permuted_polynomial,33,0.1,40,40,40,0
S1,leave_environment_A,permuted_polynomial,34,0.1,40,40,40,0
S1,leave_environment_A,permuted_polynomial,35,0.1,40,40,40,0
S1,leave_environment_A,permuted_polynomial,36,0.1,40,40,40,0
S1,leave_environment_A,permuted_polynomial,37,0.1,40,40,40,0
S1,leave_environment_A,permuted_polynomial,38,0.1,40,40,40,0
S1,leave_environment_A,permuted_polynomial,39,0.1,40,40,40,0
S1,leave_environment_A,permuted_polynomial,40,0.1,40,40,40,0
S1,leave_environment_A,permuted_polynomial,31,0.25,40,0,0,0
S1,leave_environment_A,permuted_polynomial,32,0.25,40,0,0,0
S1,leave_environment_A,permuted_polynomial,33,0.25,40,0,0,0
S1,leave_environment_A,permuted_polynomial,34,0.25,40,0,0,0
S1,leave_environment_A,permuted_polynomial,35,0.25,40,0,0,0
S1,leave_environment_A,permuted_polynomial,36,0.25,40,0,0,0
S1,leave_environment_A,permuted_polynomial,37,0.25,40,0,0,0
S1,leave_environment_A,permuted_polynomial,38,0.25,40,0,0,0
S1,leave_environment_A,permuted_polynomial,39,0.25,40,0,0,0
S1,leave_environment_A,permuted_polynomial,40,0.25,40,0,0,0
S1,leave_environment_B,coordinate,31,1e-06,40,0,40,0
S1,leave_environment_B,coordinate,32,1e-06,40,0,40,0
S1,leave_environment_B,coordinate,33,1e-06,40,0,40,0
S1,leave_environment_B,coordinate,34,1e-06,40,0,40,0
S1,leave_environment_B,coordinate,35,1e-06,40,0,40,0
S1,leave_environment_B,coordinate,36,1e-06,40,0,40,0
S1,leave_environment_B,coordinate,37,1e-06,40,0,40,0
S1,leave_environment_B,coordinate,38,1e-06,40,0,40,0
S1,leave_environment_B,coordinate,39,1e-06,40,0,40,0
S1,leave_environment_B,coordinate,40,1e-06,40,0,40,0
S1,leave_environment_B,coordinate,31,3.162277660168379e-06,40,0,40,0
S1,leave_environment_B,coordinate,32,3.162277660168379e-06,40,0,40,0
S1,leave_environment_B,coordinate,33,3.162277660168379e-06,40,0,40,0
S1,leave_environment_B,coordinate,34,3.162277660168379e-06,40,0,40,0
S1,leave_environment_B,coordinate,35,3.162277660168379e-06,40,0,40,0
S1,leave_environment_B,coordinate,36,3.162277660168379e-06,40,0,40,0
S1,leave_environment_B,coordinate,37,3.162277660168379e-06,40,0,40,0
S1,leave_environment_B,coordinate,38,3.162277660168379e-06,40,0,40,0
S1,leave_environment_B,coordinate,39,3.162277660168379e-06,40,0,40,0
S1,leave_environment_B,coordinate,40,3.162277660168379e-06,40,0,40,0
S1,leave_environment_B,coordinate,31,1e-05,40,0,40,0
S1,leave_environment_B,coordinate,32,1e-05,40,0,40,0
S1,leave_environment_B,coordinate,33,1e-05,40,0,40,0
S1,leave_environment_B,coordinate,34,1e-05,40,0,40,0
S1,leave_environment_B,coordinate,35,1e-05,40,0,40,0
S1,leave_environment_B,coordinate,36,1e-05,40,0,40,0
S1,leave_environment_B,coordinate,37,1e-05,40,0,40,0
S1,leave_environment_B,coordinate,38,1e-05,40,0,40,0
S1,leave_environment_B,coordinate,39,1e-05,40,0,40,0
S1,leave_environment_B,coordinate,40,1e-05,40,0,40,0
S1,leave_environment_B,coordinate,31,3.1622776601683795e-05,40,0,40,0
S1,leave_environment_B,coordinate,32,3.1622776601683795e-05,40,0,40,0
S1,leave_environment_B,coordinate,33,3.1622776601683795e-05,40,0,40,0
S1,leave_environment_B,coordinate,34,3.1622776601683795e-05,40,0,40,0
S1,leave_environment_B,coordinate,35,3.1622776601683795e-05,40,0,40,0
S1,leave_environment_B,coordinate,36,3.1622776601683795e-05,40,0,40,0
S1,leave_environment_B,coordinate,37,3.1622776601683795e-05,40,0,40,0
S1,leave_environment_B,coordinate,38,3.1622776601683795e-05,40,0,40,0
S1,leave_environment_B,coordinate,39,3.1622776601683795e-05,40,0,40,0
S1,leave_environment_B,coordinate,40,3.1622776601683795e-05,40,0,40,0
S1,leave_environment_B,coordinate,31,0.0001,40,0,40,0
S1,leave_environment_B,coordinate,32,0.0001,40,0,40,0
S1,leave_environment_B,coordinate,33,0.0001,40,0,40,0
S1,leave_environment_B,coordinate,34,0.0001,40,0,40,0
S1,leave_environment_B,coordinate,35,0.0001,40,0,40,0
S1,leave_environment_B,coordinate,36,0.0001,40,0,40,0
S1,leave_environment_B,coordinate,37,0.0001,40,0,40,0
S1,leave_environment_B,coordinate,38,0.0001,40,0,40,0
S1,leave_environment_B,coordinate,39,0.0001,40,0,40,0
S1,leave_environment_B,coordinate,40,0.0001,40,0,40,0
S1,leave_environment_B,coordinate,31,0.00031622776601683794,40,0,40,0
S1,leave_environment_B,coordinate,32,0.00031622776601683794,40,0,40,0
S1,leave_environment_B,coordinate,33,0.00031622776601683794,40,0,40,0
S1,leave_environment_B,coordinate,34,0.00031622776601683794,40,0,40,0
S1,leave_environment_B,coordinate,35,0.00031622776601683794,40,0,40,0
S1,leave_environment_B,coordinate,36,0.00031622776601683794,40,0,40,0
S1,leave_environment_B,coordinate,37,0.00031622776601683794,40,0,40,0
S1,leave_environment_B,coordinate,38,0.00031622776601683794,40,0,40,0
S1,leave_environment_B,coordinate,39,0.00031622776601683794,40,0,40,0
S1,leave_environment_B,coordinate,40,0.00031622776601683794,40,0,40,0
S1,leave_environment_B,coordinate,31,0.001,40,0,40,0
S1,leave_environment_B,coordinate,32,0.001,40,0,40,0
S1,leave_environment_B,coordinate,33,0.001,40,0,40,0
S1,leave_environment_B,coordinate,34,0.001,40,0,40,0
S1,leave_environment_B,coordinate,35,0.001,40,0,40,0
S1,leave_environment_B,coordinate,36,0.001,40,0,40,0
S1,leave_environment_B,coordinate,37,0.001,40,0,40,0
S1,leave_environment_B,coordinate,38,0.001,40,0,40,0
S1,leave_environment_B,coordinate,39,0.001,40,0,40,0
S1,leave_environment_B,coordinate,40,0.001,40,0,40,0
S1,leave_environment_B,coordinate,31,0.0031622776601683794,40,0,40,0
S1,leave_environment_B,coordinate,32,0.0031622776601683794,40,0,40,0
S1,leave_environment_B,coordinate,33,0.0031622776601683794,40,0,40,0
S1,leave_environment_B,coordinate,34,0.0031622776601683794,40,0,40,0
S1,leave_environment_B,coordinate,35,0.0031622776601683794,40,0,40,0
S1,leave_environment_B,coordinate,36,0.0031622776601683794,40,0,40,0
S1,leave_environment_B,coordinate,37,0.0031622776601683794,40,0,40,0
S1,leave_environment_B,coordinate,38,0.0031622776601683794,40,0,40,0
S1,leave_environment_B,coordinate,39,0.0031622776601683794,40,0,40,0
S1,leave_environment_B,coordinate,40,0.0031622776601683794,40,0,40,0
S1,leave_environment_B,coordinate,31,0.01,40,0,40,0
S1,leave_environment_B,coordinate,32,0.01,40,0,40,0
S1,leave_environment_B,coordinate,33,0.01,40,0,40,0
S1,leave_environment_B,coordinate,34,0.01,40,0,40,0
S1,leave_environment_B,coordinate,35,0.01,40,0,40,0
S1,leave_environment_B,coordinate,36,0.01,40,0,40,0
S1,leave_environment_B,coordinate,37,0.01,40,0,40,0
S1,leave_environment_B,coordinate,38,0.01,40,0,40,0
S1,leave_environment_B,coordinate,39,0.01,40,0,40,0
S1,leave_environment_B,coordinate,40,0.01,40,0,40,0
S1,leave_environment_B,coordinate,31,0.03162277660168379,40,0,40,0
S1,leave_environment_B,coordinate,32,0.03162277660168379,40,0,40,0
S1,leave_environment_B,coordinate,33,0.03162277660168379,40,0,40,0
S1,leave_environment_B,coordinate,34,0.03162277660168379,40,0,40,0
S1,leave_environment_B,coordinate,35,0.03162277660168379,40,0,40,0
S1,leave_environment_B,coordinate,36,0.03162277660168379,40,0,40,0
S1,leave_environment_B,coordinate,37,0.03162277660168379,40,0,40,0
S1,leave_environment_B,coordinate,38,0.03162277660168379,40,0,40,0
S1,leave_environment_B,coordinate,39,0.03162277660168379,40,0,40,0
S1,leave_environment_B,coordinate,40,0.03162277660168379,40,0,40,0
S1,leave_environment_B,coordinate,31,0.1,40,0,0,0
S1,leave_environment_B,coordinate,32,0.1,40,0,0,0
S1,leave_environment_B,coordinate,33,0.1,40,0,0,0
S1,leave_environment_B,coordinate,34,0.1,40,0,0,0
S1,leave_environment_B,coordinate,35,0.1,40,0,0,0
S1,leave_environment_B,coordinate,36,0.1,40,0,0,0
S1,leave_environment_B,coordinate,37,0.1,40,0,0,0
S1,leave_environment_B,coordinate,38,0.1,40,0,0,0
S1,leave_environment_B,coordinate,39,0.1,40,0,0,0
S1,leave_environment_B,coordinate,40,0.1,40,0,0,0
S1,leave_environment_B,coordinate,31,0.25,40,0,0,0
S1,leave_environment_B,coordinate,32,0.25,40,0,0,0
S1,leave_environment_B,coordinate,33,0.25,40,0,0,0
S1,leave_environment_B,coordinate,34,0.25,40,0,0,0
S1,leave_environment_B,coordinate,35,0.25,40,0,0,0
S1,leave_environment_B,coordinate,36,0.25,40,0,0,0
S1,leave_environment_B,coordinate,37,0.25,40,0,0,0
S1,leave_environment_B,coordinate,38,0.25,40,0,0,0
S1,leave_environment_B,coordinate,39,0.25,40,0,0,0
S1,leave_environment_B,coordinate,40,0.25,40,0,0,0
S1,leave_environment_B,dct,31,1e-06,40,0,40,0
S1,leave_environment_B,dct,32,1e-06,40,0,40,0
S1,leave_environment_B,dct,33,1e-06,40,0,40,0
S1,leave_environment_B,dct,34,1e-06,40,0,40,0
S1,leave_environment_B,dct,35,1e-06,40,0,40,0
S1,leave_environment_B,dct,36,1e-06,40,0,40,0
S1,leave_environment_B,dct,37,1e-06,40,0,40,0
S1,leave_environment_B,dct,38,1e-06,40,0,40,0
S1,leave_environment_B,dct,39,1e-06,40,0,40,0
S1,leave_environment_B,dct,40,1e-06,40,0,40,0
S1,leave_environment_B,dct,31,3.162277660168379e-06,40,0,40,0
S1,leave_environment_B,dct,32,3.162277660168379e-06,40,0,40,0
S1,leave_environment_B,dct,33,3.162277660168379e-06,40,0,40,0
S1,leave_environment_B,dct,34,3.162277660168379e-06,40,0,40,0
S1,leave_environment_B,dct,35,3.162277660168379e-06,40,0,40,0
S1,leave_environment_B,dct,36,3.162277660168379e-06,40,0,40,0
S1,leave_environment_B,dct,37,3.162277660168379e-06,40,0,40,0
S1,leave_environment_B,dct,38,3.162277660168379e-06,40,0,40,0
S1,leave_environment_B,dct,39,3.162277660168379e-06,40,0,40,0
S1,leave_environment_B,dct,40,3.162277660168379e-06,40,0,40,0
S1,leave_environment_B,dct,31,1e-05,40,0,40,0
S1,leave_environment_B,dct,32,1e-05,40,0,40,0
S1,leave_environment_B,dct,33,1e-05,40,0,40,0
S1,leave_environment_B,dct,34,1e-05,40,0,40,0
S1,leave_environment_B,dct,35,1e-05,40,0,40,0
S1,leave_environment_B,dct,36,1e-05,40,0,40,0
S1,leave_environment_B,dct,37,1e-05,40,0,40,0
S1,leave_environment_B,dct,38,1e-05,40,0,40,0
S1,leave_environment_B,dct,39,1e-05,40,0,40,0
S1,leave_environment_B,dct,40,1e-05,40,0,40,0
S1,leave_environment_B,dct,31,3.1622776601683795e-05,40,0,40,0
S1,leave_environment_B,dct,32,3.1622776601683795e-05,40,0,40,0
S1,leave_environment_B,dct,33,3.1622776601683795e-05,40,0,40,0
S1,leave_environment_B,dct,34,3.1622776601683795e-05,40,0,40,0
S1,leave_environment_B,dct,35,3.1622776601683795e-05,40,0,40,0
S1,leave_environment_B,dct,36,3.1622776601683795e-05,40,0,40,0
S1,leave_environment_B,dct,37,3.1622776601683795e-05,40,0,40,0
S1,leave_environment_B,dct,38,3.1622776601683795e-05,40,0,40,0
S1,leave_environment_B,dct,39,3.1622776601683795e-05,40,0,40,0
S1,leave_environment_B,dct,40,3.1622776601683795e-05,40,0,40,0
S1,leave_environment_B,dct,31,0.0001,40,0,40,0
S1,leave_environment_B,dct,32,0.0001,40,0,40,0
S1,leave_environment_B,dct,33,0.0001,40,0,40,0
S1,leave_environment_B,dct,34,0.0001,40,0,40,0
S1,leave_environment_B,dct,35,0.0001,40,0,40,0
S1,leave_environment_B,dct,36,0.0001,40,0,40,0
S1,leave_environment_B,dct,37,0.0001,40,0,40,0
S1,leave_environment_B,dct,38,0.0001,40,0,40,0
S1,leave_environment_B,dct,39,0.0001,40,0,40,0
S1,leave_environment_B,dct,40,0.0001,40,0,40,0
S1,leave_environment_B,dct,31,0.00031622776601683794,40,0,40,0
S1,leave_environment_B,dct,32,0.00031622776601683794,40,0,40,0
S1,leave_environment_B,dct,33,0.00031622776601683794,40,0,40,0
S1,leave_environment_B,dct,34,0.00031622776601683794,40,0,40,0
S1,leave_environment_B,dct,35,0.00031622776601683794,40,0,40,0
S1,leave_environment_B,dct,36,0.00031622776601683794,40,0,40,0
S1,leave_environment_B,dct,37,0.00031622776601683794,40,0,40,0
S1,leave_environment_B,dct,38,0.00031622776601683794,40,0,40,0
S1,leave_environment_B,dct,39,0.00031622776601683794,40,0,40,0
S1,leave_environment_B,dct,40,0.00031622776601683794,40,0,40,0
S1,leave_environment_B,dct,31,0.001,40,0,40,0
S1,leave_environment_B,dct,32,0.001,40,0,40,0
S1,leave_environment_B,dct,33,0.001,40,0,40,0
S1,leave_environment_B,dct,34,0.001,40,0,40,0
S1,leave_environment_B,dct,35,0.001,40,0,40,0
S1,leave_environment_B,dct,36,0.001,40,0,40,0
S1,leave_environment_B,dct,37,0.001,40,0,40,0
S1,leave_environment_B,dct,38,0.001,40,0,40,0
S1,leave_environment_B,dct,39,0.001,40,0,40,0
S1,leave_environment_B,dct,40,0.001,40,0,40,0
S1,leave_environment_B,dct,31,0.0031622776601683794,40,0,40,0
S1,leave_environment_B,dct,32,0.0031622776601683794,40,0,40,0
S1,leave_environment_B,dct,33,0.0031622776601683794,40,0,40,0
S1,leave_environment_B,dct,34,0.0031622776601683794,40,0,40,0
S1,leave_environment_B,dct,35,0.0031622776601683794,40,0,40,0
S1,leave_environment_B,dct,36,0.0031622776601683794,40,0,40,0
S1,leave_environment_B,dct,37,0.0031622776601683794,40,0,40,0
S1,leave_environment_B,dct,38,0.0031622776601683794,40,0,40,0
S1,leave_environment_B,dct,39,0.0031622776601683794,40,0,40,0
S1,leave_environment_B,dct,40,0.0031622776601683794,40,0,40,0
S1,leave_environment_B,dct,31,0.01,40,40,40,0
S1,leave_environment_B,dct,32,0.01,40,40,40,0
S1,leave_environment_B,dct,33,0.01,40,40,40,0
S1,leave_environment_B,dct,34,0.01,40,40,40,0
S1,leave_environment_B,dct,35,0.01,40,40,40,0
S1,leave_environment_B,dct,36,0.01,40,40,40,0
S1,leave_environment_B,dct,37,0.01,40,40,40,0
S1,leave_environment_B,dct,38,0.01,40,40,40,0
S1,leave_environment_B,dct,39,0.01,40,40,40,0
S1,leave_environment_B,dct,40,0.01,40,40,40,0
S1,leave_environment_B,dct,31,0.03162277660168379,40,40,40,0
S1,leave_environment_B,dct,32,0.03162277660168379,40,40,40,0
S1,leave_environment_B,dct,33,0.03162277660168379,40,40,40,0
S1,leave_environment_B,dct,34,0.03162277660168379,40,40,40,0
S1,leave_environment_B,dct,35,0.03162277660168379,40,40,40,0
S1,leave_environment_B,dct,36,0.03162277660168379,40,40,40,0
S1,leave_environment_B,dct,37,0.03162277660168379,40,40,40,0
S1,leave_environment_B,dct,38,0.03162277660168379,40,40,40,0
S1,leave_environment_B,dct,39,0.03162277660168379,40,40,40,0
S1,leave_environment_B,dct,40,0.03162277660168379,40,40,40,0
S1,leave_environment_B,dct,31,0.1,40,40,40,0
S1,leave_environment_B,dct,32,0.1,40,40,40,0
S1,leave_environment_B,dct,33,0.1,40,40,40,0
S1,leave_environment_B,dct,34,0.1,40,40,40,0
S1,leave_environment_B,dct,35,0.1,40,40,40,0
S1,leave_environment_B,dct,36,0.1,40,40,40,0
S1,leave_environment_B,dct,37,0.1,40,40,40,0
S1,leave_environment_B,dct,38,0.1,40,40,40,0
S1,leave_environment_B,dct,39,0.1,40,40,40,0
S1,leave_environment_B,dct,40,0.1,40,40,40,0
S1,leave_environment_B,dct,31,0.25,40,0,0,0
S1,leave_environment_B,dct,32,0.25,40,0,0,0
S1,leave_environment_B,dct,33,0.25,40,0,0,0
S1,leave_environment_B,dct,34,0.25,40,0,0,0
S1,leave_environment_B,dct,35,0.25,40,0,0,0
S1,leave_environment_B,dct,36,0.25,40,0,0,0
S1,leave_environment_B,dct,37,0.25,40,0,0,0
S1,leave_environment_B,dct,38,0.25,40,0,0,0
S1,leave_environment_B,dct,39,0.25,40,0,0,0
S1,leave_environment_B,dct,40,0.25,40,0,0,0
S1,leave_environment_B,dft,31,1e-06,40,0,40,0
S1,leave_environment_B,dft,32,1e-06,40,0,40,0
S1,leave_environment_B,dft,33,1e-06,40,0,40,0
S1,leave_environment_B,dft,34,1e-06,40,0,40,0
S1,leave_environment_B,dft,35,1e-06,40,0,40,0
S1,leave_environment_B,dft,36,1e-06,40,0,40,0
S1,leave_environment_B,dft,37,1e-06,40,0,40,0
S1,leave_environment_B,dft,38,1e-06,40,0,40,0
S1,leave_environment_B,dft,39,1e-06,40,0,40,0
S1,leave_environment_B,dft,40,1e-06,40,0,40,0
S1,leave_environment_B,dft,31,3.162277660168379e-06,40,0,40,0
S1,leave_environment_B,dft,32,3.162277660168379e-06,40,0,40,0
S1,leave_environment_B,dft,33,3.162277660168379e-06,40,0,40,0
S1,leave_environment_B,dft,34,3.162277660168379e-06,40,0,40,0
S1,leave_environment_B,dft,35,3.162277660168379e-06,40,0,40,0
S1,leave_environment_B,dft,36,3.162277660168379e-06,40,0,40,0
S1,leave_environment_B,dft,37,3.162277660168379e-06,40,0,40,0
S1,leave_environment_B,dft,38,3.162277660168379e-06,40,0,40,0
S1,leave_environment_B,dft,39,3.162277660168379e-06,40,0,40,0
S1,leave_environment_B,dft,40,3.162277660168379e-06,40,0,40,0
S1,leave_environment_B,dft,31,1e-05,40,0,40,0
S1,leave_environment_B,dft,32,1e-05,40,0,40,0
S1,leave_environment_B,dft,33,1e-05,40,0,40,0
S1,leave_environment_B,dft,34,1e-05,40,0,40,0
S1,leave_environment_B,dft,35,1e-05,40,0,40,0
S1,leave_environment_B,dft,36,1e-05,40,0,40,0
S1,leave_environment_B,dft,37,1e-05,40,0,40,0
S1,leave_environment_B,dft,38,1e-05,40,0,40,0
S1,leave_environment_B,dft,39,1e-05,40,0,40,0
S1,leave_environment_B,dft,40,1e-05,40,0,40,0
S1,leave_environment_B,dft,31,3.1622776601683795e-05,40,0,40,0
S1,leave_environment_B,dft,32,3.1622776601683795e-05,40,0,40,0
S1,leave_environment_B,dft,33,3.1622776601683795e-05,40,0,40,0
S1,leave_environment_B,dft,34,3.1622776601683795e-05,40,0,40,0
S1,leave_environment_B,dft,35,3.1622776601683795e-05,40,0,40,0
S1,leave_environment_B,dft,36,3.1622776601683795e-05,40,0,40,0
S1,leave_environment_B,dft,37,3.1622776601683795e-05,40,0,40,0
S1,leave_environment_B,dft,38,3.1622776601683795e-05,40,0,40,0
S1,leave_environment_B,dft,39,3.1622776601683795e-05,40,0,40,0
S1,leave_environment_B,dft,40,3.1622776601683795e-05,40,0,40,0
S1,leave_environment_B,dft,31,0.0001,40,0,40,0
S1,leave_environment_B,dft,32,0.0001,40,0,40,0
S1,leave_environment_B,dft,33,0.0001,40,0,40,0
S1,leave_environment_B,dft,34,0.0001,40,0,40,0
S1,leave_environment_B,dft,35,0.0001,40,0,40,0
S1,leave_environment_B,dft,36,0.0001,40,0,40,0
S1,leave_environment_B,dft,37,0.0001,40,0,40,0
S1,leave_environment_B,dft,38,0.0001,40,0,40,0
S1,leave_environment_B,dft,39,0.0001,40,0,40,0
S1,leave_environment_B,dft,40,0.0001,40,0,40,0
S1,leave_environment_B,dft,31,0.00031622776601683794,40,0,40,0
S1,leave_environment_B,dft,32,0.00031622776601683794,40,0,40,0
S1,leave_environment_B,dft,33,0.00031622776601683794,40,0,40,0
S1,leave_environment_B,dft,34,0.00031622776601683794,40,0,40,0
S1,leave_environment_B,dft,35,0.00031622776601683794,40,0,40,0
S1,leave_environment_B,dft,36,0.00031622776601683794,40,0,40,0
S1,leave_environment_B,dft,37,0.00031622776601683794,40,0,40,0
S1,leave_environment_B,dft,38,0.00031622776601683794,40,0,40,0
S1,leave_environment_B,dft,39,0.00031622776601683794,40,0,40,0
S1,leave_environment_B,dft,40,0.00031622776601683794,40,0,40,0
S1,leave_environment_B,dft,31,0.001,40,34,40,0
S1,leave_environment_B,dft,32,0.001,40,29,40,0
S1,leave_environment_B,dft,33,0.001,40,22,40,0
S1,leave_environment_B,dft,34,0.001,40,0,40,0
S1,leave_environment_B,dft,35,0.001,40,0,40,0
S1,leave_environment_B,dft,36,0.001,40,6,40,0
S1,leave_environment_B,dft,37,0.001,40,19,40,0
S1,leave_environment_B,dft,38,0.001,40,1,40,0
S1,leave_environment_B,dft,39,0.001,40,10,40,0
S1,leave_environment_B,dft,40,0.001,40,2,40,0
S1,leave_environment_B,dft,31,0.0031622776601683794,40,40,40,0
S1,leave_environment_B,dft,32,0.0031622776601683794,40,29,40,0
S1,leave_environment_B,dft,33,0.0031622776601683794,40,26,40,0
S1,leave_environment_B,dft,34,0.0031622776601683794,40,1,40,0
S1,leave_environment_B,dft,35,0.0031622776601683794,40,0,40,0
S1,leave_environment_B,dft,36,0.0031622776601683794,40,7,40,0
S1,leave_environment_B,dft,37,0.0031622776601683794,40,19,40,0
S1,leave_environment_B,dft,38,0.0031622776601683794,40,1,40,0
S1,leave_environment_B,dft,39,0.0031622776601683794,40,11,40,0
S1,leave_environment_B,dft,40,0.0031622776601683794,40,2,40,0
S1,leave_environment_B,dft,31,0.01,40,40,40,0
S1,leave_environment_B,dft,32,0.01,40,40,40,0
S1,leave_environment_B,dft,33,0.01,40,34,40,0
S1,leave_environment_B,dft,34,0.01,40,38,40,0
S1,leave_environment_B,dft,35,0.01,40,40,40,0
S1,leave_environment_B,dft,36,0.01,40,38,40,0
S1,leave_environment_B,dft,37,0.01,40,19,40,0
S1,leave_environment_B,dft,38,0.01,40,29,40,0
S1,leave_environment_B,dft,39,0.01,40,38,40,0
S1,leave_environment_B,dft,40,0.01,40,38,40,0
S1,leave_environment_B,dft,31,0.03162277660168379,40,40,40,0
S1,leave_environment_B,dft,32,0.03162277660168379,40,40,40,0
S1,leave_environment_B,dft,33,0.03162277660168379,40,40,40,0
S1,leave_environment_B,dft,34,0.03162277660168379,40,40,40,0
S1,leave_environment_B,dft,35,0.03162277660168379,40,40,40,0
S1,leave_environment_B,dft,36,0.03162277660168379,40,40,40,0
S1,leave_environment_B,dft,37,0.03162277660168379,40,40,40,0
S1,leave_environment_B,dft,38,0.03162277660168379,40,40,40,0
S1,leave_environment_B,dft,39,0.03162277660168379,40,40,40,0
S1,leave_environment_B,dft,40,0.03162277660168379,40,40,40,0
S1,leave_environment_B,dft,31,0.1,40,40,40,0
S1,leave_environment_B,dft,32,0.1,40,40,40,0
S1,leave_environment_B,dft,33,0.1,40,40,40,0
S1,leave_environment_B,dft,34,0.1,40,40,40,0
S1,leave_environment_B,dft,35,0.1,40,40,40,0
S1,leave_environment_B,dft,36,0.1,40,40,40,0
S1,leave_environment_B,dft,37,0.1,40,40,40,0
S1,leave_environment_B,dft,38,0.1,40,40,40,0
S1,leave_environment_B,dft,39,0.1,40,40,40,0
S1,leave_environment_B,dft,40,0.1,40,40,40,0
S1,leave_environment_B,dft,31,0.25,40,0,0,0
S1,leave_environment_B,dft,32,0.25,40,0,0,0
S1,leave_environment_B,dft,33,0.25,40,0,0,0
S1,leave_environment_B,dft,34,0.25,40,0,0,0
S1,leave_environment_B,dft,35,0.25,40,0,0,0
S1,leave_environment_B,dft,36,0.25,40,0,0,0
S1,leave_environment_B,dft,37,0.25,40,0,0,0
S1,leave_environment_B,dft,38,0.25,40,0,0,0
S1,leave_environment_B,dft,39,0.25,40,0,0,0
S1,leave_environment_B,dft,40,0.25,40,0,0,0
S1,leave_environment_B,polynomial,31,1e-06,40,0,40,0
S1,leave_environment_B,polynomial,32,1e-06,40,0,40,0
S1,leave_environment_B,polynomial,33,1e-06,40,0,40,0
S1,leave_environment_B,polynomial,34,1e-06,40,0,40,0
S1,leave_environment_B,polynomial,35,1e-06,40,0,40,0
S1,leave_environment_B,polynomial,36,1e-06,40,0,40,0
S1,leave_environment_B,polynomial,37,1e-06,40,0,40,0
S1,leave_environment_B,polynomial,38,1e-06,40,0,40,0
S1,leave_environment_B,polynomial,39,1e-06,40,0,40,0
S1,leave_environment_B,polynomial,40,1e-06,40,0,40,0
S1,leave_environment_B,polynomial,31,3.162277660168379e-06,40,0,40,0
S1,leave_environment_B,polynomial,32,3.162277660168379e-06,40,0,40,0
S1,leave_environment_B,polynomial,33,3.162277660168379e-06,40,0,40,0
S1,leave_environment_B,polynomial,34,3.162277660168379e-06,40,0,40,0
S1,leave_environment_B,polynomial,35,3.162277660168379e-06,40,0,40,0
S1,leave_environment_B,polynomial,36,3.162277660168379e-06,40,0,40,0
S1,leave_environment_B,polynomial,37,3.162277660168379e-06,40,0,40,0
S1,leave_environment_B,polynomial,38,3.162277660168379e-06,40,0,40,0
S1,leave_environment_B,polynomial,39,3.162277660168379e-06,40,0,40,0
S1,leave_environment_B,polynomial,40,3.162277660168379e-06,40,0,40,0
S1,leave_environment_B,polynomial,31,1e-05,40,0,40,0
S1,leave_environment_B,polynomial,32,1e-05,40,0,40,0
S1,leave_environment_B,polynomial,33,1e-05,40,0,40,0
S1,leave_environment_B,polynomial,34,1e-05,40,0,40,0
S1,leave_environment_B,polynomial,35,1e-05,40,0,40,0
S1,leave_environment_B,polynomial,36,1e-05,40,0,40,0
S1,leave_environment_B,polynomial,37,1e-05,40,0,40,0
S1,leave_environment_B,polynomial,38,1e-05,40,0,40,0
S1,leave_environment_B,polynomial,39,1e-05,40,0,40,0
S1,leave_environment_B,polynomial,40,1e-05,40,0,40,0
S1,leave_environment_B,polynomial,31,3.1622776601683795e-05,40,8,40,0
S1,leave_environment_B,polynomial,32,3.1622776601683795e-05,40,10,40,0
S1,leave_environment_B,polynomial,33,3.1622776601683795e-05,40,15,40,0
S1,leave_environment_B,polynomial,34,3.1622776601683795e-05,40,11,40,0
S1,leave_environment_B,polynomial,35,3.1622776601683795e-05,40,22,40,0
S1,leave_environment_B,polynomial,36,3.1622776601683795e-05,40,10,40,0
S1,leave_environment_B,polynomial,37,3.1622776601683795e-05,40,8,40,0
S1,leave_environment_B,polynomial,38,3.1622776601683795e-05,40,1,40,0
S1,leave_environment_B,polynomial,39,3.1622776601683795e-05,40,26,40,0
S1,leave_environment_B,polynomial,40,3.1622776601683795e-05,40,6,40,0
S1,leave_environment_B,polynomial,31,0.0001,40,40,40,0
S1,leave_environment_B,polynomial,32,0.0001,40,40,40,0
S1,leave_environment_B,polynomial,33,0.0001,40,40,40,0
S1,leave_environment_B,polynomial,34,0.0001,40,40,40,0
S1,leave_environment_B,polynomial,35,0.0001,40,40,40,0
S1,leave_environment_B,polynomial,36,0.0001,40,40,40,0
S1,leave_environment_B,polynomial,37,0.0001,40,40,40,0
S1,leave_environment_B,polynomial,38,0.0001,40,40,40,0
S1,leave_environment_B,polynomial,39,0.0001,40,40,40,0
S1,leave_environment_B,polynomial,40,0.0001,40,40,40,0
S1,leave_environment_B,polynomial,31,0.00031622776601683794,40,40,40,0
S1,leave_environment_B,polynomial,32,0.00031622776601683794,40,40,40,0
S1,leave_environment_B,polynomial,33,0.00031622776601683794,40,40,40,0
S1,leave_environment_B,polynomial,34,0.00031622776601683794,40,40,40,0
S1,leave_environment_B,polynomial,35,0.00031622776601683794,40,40,40,0
S1,leave_environment_B,polynomial,36,0.00031622776601683794,40,40,40,0
S1,leave_environment_B,polynomial,37,0.00031622776601683794,40,40,40,0
S1,leave_environment_B,polynomial,38,0.00031622776601683794,40,40,40,0
S1,leave_environment_B,polynomial,39,0.00031622776601683794,40,40,40,0
S1,leave_environment_B,polynomial,40,0.00031622776601683794,40,40,40,0
S1,leave_environment_B,polynomial,31,0.001,40,40,40,0
S1,leave_environment_B,polynomial,32,0.001,40,40,40,0
S1,leave_environment_B,polynomial,33,0.001,40,40,40,0
S1,leave_environment_B,polynomial,34,0.001,40,40,40,0
S1,leave_environment_B,polynomial,35,0.001,40,40,40,0
S1,leave_environment_B,polynomial,36,0.001,40,40,40,0
S1,leave_environment_B,polynomial,37,0.001,40,40,40,0
S1,leave_environment_B,polynomial,38,0.001,40,40,40,0
S1,leave_environment_B,polynomial,39,0.001,40,40,40,0
S1,leave_environment_B,polynomial,40,0.001,40,40,40,0
S1,leave_environment_B,polynomial,31,0.0031622776601683794,40,40,40,0
S1,leave_environment_B,polynomial,32,0.0031622776601683794,40,40,40,0
S1,leave_environment_B,polynomial,33,0.0031622776601683794,40,40,40,0
S1,leave_environment_B,polynomial,34,0.0031622776601683794,40,40,40,0
S1,leave_environment_B,polynomial,35,0.0031622776601683794,40,40,40,0
S1,leave_environment_B,polynomial,36,0.0031622776601683794,40,40,40,0
S1,leave_environment_B,polynomial,37,0.0031622776601683794,40,40,40,0
S1,leave_environment_B,polynomial,38,0.0031622776601683794,40,40,40,0
S1,leave_environment_B,polynomial,39,0.0031622776601683794,40,40,40,0
S1,leave_environment_B,polynomial,40,0.0031622776601683794,40,40,40,0
S1,leave_environment_B,polynomial,31,0.01,40,40,40,0
S1,leave_environment_B,polynomial,32,0.01,40,40,40,0
S1,leave_environment_B,polynomial,33,0.01,40,40,40,0
S1,leave_environment_B,polynomial,34,0.01,40,40,40,0
S1,leave_environment_B,polynomial,35,0.01,40,40,40,0
S1,leave_environment_B,polynomial,36,0.01,40,40,40,0
S1,leave_environment_B,polynomial,37,0.01,40,40,40,0
S1,leave_environment_B,polynomial,38,0.01,40,40,40,0
S1,leave_environment_B,polynomial,39,0.01,40,40,40,0
S1,leave_environment_B,polynomial,40,0.01,40,40,40,0
S1,leave_environment_B,polynomial,31,0.03162277660168379,40,40,40,0
S1,leave_environment_B,polynomial,32,0.03162277660168379,40,40,40,0
S1,leave_environment_B,polynomial,33,0.03162277660168379,40,40,40,0
S1,leave_environment_B,polynomial,34,0.03162277660168379,40,40,40,0
S1,leave_environment_B,polynomial,35,0.03162277660168379,40,40,40,0
S1,leave_environment_B,polynomial,36,0.03162277660168379,40,40,40,0
S1,leave_environment_B,polynomial,37,0.03162277660168379,40,40,40,0
S1,leave_environment_B,polynomial,38,0.03162277660168379,40,40,40,0
S1,leave_environment_B,polynomial,39,0.03162277660168379,40,40,40,0
S1,leave_environment_B,polynomial,40,0.03162277660168379,40,40,40,0
S1,leave_environment_B,polynomial,31,0.1,40,40,40,0
S1,leave_environment_B,polynomial,32,0.1,40,40,40,0
S1,leave_environment_B,polynomial,33,0.1,40,40,40,0
S1,leave_environment_B,polynomial,34,0.1,40,40,40,0
S1,leave_environment_B,polynomial,35,0.1,40,40,40,0
S1,leave_environment_B,polynomial,36,0.1,40,40,40,0
S1,leave_environment_B,polynomial,37,0.1,40,40,40,0
S1,leave_environment_B,polynomial,38,0.1,40,40,40,0
S1,leave_environment_B,polynomial,39,0.1,40,40,40,0
S1,leave_environment_B,polynomial,40,0.1,40,40,40,0
S1,leave_environment_B,polynomial,31,0.25,40,0,0,0
S1,leave_environment_B,polynomial,32,0.25,40,0,0,0
S1,leave_environment_B,polynomial,33,0.25,40,0,0,0
S1,leave_environment_B,polynomial,34,0.25,40,0,0,0
S1,leave_environment_B,polynomial,35,0.25,40,0,0,0
S1,leave_environment_B,polynomial,36,0.25,40,0,0,0
S1,leave_environment_B,polynomial,37,0.25,40,0,0,0
S1,leave_environment_B,polynomial,38,0.25,40,0,0,0
S1,leave_environment_B,polynomial,39,0.25,40,0,0,0
S1,leave_environment_B,polynomial,40,0.25,40,0,0,0
S1,leave_environment_B,random_orthogonal,31,1e-06,40,0,40,0
S1,leave_environment_B,random_orthogonal,32,1e-06,40,0,40,0
S1,leave_environment_B,random_orthogonal,33,1e-06,40,0,40,0
S1,leave_environment_B,random_orthogonal,34,1e-06,40,0,40,0
S1,leave_environment_B,random_orthogonal,35,1e-06,40,0,40,0
S1,leave_environment_B,random_orthogonal,36,1e-06,40,0,40,0
S1,leave_environment_B,random_orthogonal,37,1e-06,40,0,40,0
S1,leave_environment_B,random_orthogonal,38,1e-06,40,0,40,0
S1,leave_environment_B,random_orthogonal,39,1e-06,40,0,40,0
S1,leave_environment_B,random_orthogonal,40,1e-06,40,0,40,0
S1,leave_environment_B,random_orthogonal,31,3.162277660168379e-06,40,0,40,0
S1,leave_environment_B,random_orthogonal,32,3.162277660168379e-06,40,0,40,0
S1,leave_environment_B,random_orthogonal,33,3.162277660168379e-06,40,0,40,0
S1,leave_environment_B,random_orthogonal,34,3.162277660168379e-06,40,0,40,0
S1,leave_environment_B,random_orthogonal,35,3.162277660168379e-06,40,0,40,0
S1,leave_environment_B,random_orthogonal,36,3.162277660168379e-06,40,0,40,0
S1,leave_environment_B,random_orthogonal,37,3.162277660168379e-06,40,0,40,0
S1,leave_environment_B,random_orthogonal,38,3.162277660168379e-06,40,0,40,0
S1,leave_environment_B,random_orthogonal,39,3.162277660168379e-06,40,0,40,0
S1,leave_environment_B,random_orthogonal,40,3.162277660168379e-06,40,0,40,0
S1,leave_environment_B,random_orthogonal,31,1e-05,40,0,40,0
S1,leave_environment_B,random_orthogonal,32,1e-05,40,0,40,0
S1,leave_environment_B,random_orthogonal,33,1e-05,40,0,40,0
S1,leave_environment_B,random_orthogonal,34,1e-05,40,0,40,0
S1,leave_environment_B,random_orthogonal,35,1e-05,40,0,40,0
S1,leave_environment_B,random_orthogonal,36,1e-05,40,0,40,0
S1,leave_environment_B,random_orthogonal,37,1e-05,40,0,40,0
S1,leave_environment_B,random_orthogonal,38,1e-05,40,0,40,0
S1,leave_environment_B,random_orthogonal,39,1e-05,40,0,40,0
S1,leave_environment_B,random_orthogonal,40,1e-05,40,0,40,0
S1,leave_environment_B,random_orthogonal,31,3.1622776601683795e-05,40,0,40,0
S1,leave_environment_B,random_orthogonal,32,3.1622776601683795e-05,40,0,40,0
S1,leave_environment_B,random_orthogonal,33,3.1622776601683795e-05,40,0,40,0
S1,leave_environment_B,random_orthogonal,34,3.1622776601683795e-05,40,0,40,0
S1,leave_environment_B,random_orthogonal,35,3.1622776601683795e-05,40,0,40,0
S1,leave_environment_B,random_orthogonal,36,3.1622776601683795e-05,40,0,40,0
S1,leave_environment_B,random_orthogonal,37,3.1622776601683795e-05,40,0,40,0
S1,leave_environment_B,random_orthogonal,38,3.1622776601683795e-05,40,0,40,0
S1,leave_environment_B,random_orthogonal,39,3.1622776601683795e-05,40,0,40,0
S1,leave_environment_B,random_orthogonal,40,3.1622776601683795e-05,40,0,40,0
S1,leave_environment_B,random_orthogonal,31,0.0001,40,0,40,0
S1,leave_environment_B,random_orthogonal,32,0.0001,40,0,40,0
S1,leave_environment_B,random_orthogonal,33,0.0001,40,0,40,0
S1,leave_environment_B,random_orthogonal,34,0.0001,40,0,40,0
S1,leave_environment_B,random_orthogonal,35,0.0001,40,0,40,0
S1,leave_environment_B,random_orthogonal,36,0.0001,40,0,40,0
S1,leave_environment_B,random_orthogonal,37,0.0001,40,0,40,0
S1,leave_environment_B,random_orthogonal,38,0.0001,40,0,40,0
S1,leave_environment_B,random_orthogonal,39,0.0001,40,0,40,0
S1,leave_environment_B,random_orthogonal,40,0.0001,40,0,40,0
S1,leave_environment_B,random_orthogonal,31,0.00031622776601683794,40,0,40,0
S1,leave_environment_B,random_orthogonal,32,0.00031622776601683794,40,0,40,0
S1,leave_environment_B,random_orthogonal,33,0.00031622776601683794,40,0,40,0
S1,leave_environment_B,random_orthogonal,34,0.00031622776601683794,40,0,40,0
S1,leave_environment_B,random_orthogonal,35,0.00031622776601683794,40,0,40,0
S1,leave_environment_B,random_orthogonal,36,0.00031622776601683794,40,0,40,0
S1,leave_environment_B,random_orthogonal,37,0.00031622776601683794,40,0,40,0
S1,leave_environment_B,random_orthogonal,38,0.00031622776601683794,40,0,40,0
S1,leave_environment_B,random_orthogonal,39,0.00031622776601683794,40,0,40,0
S1,leave_environment_B,random_orthogonal,40,0.00031622776601683794,40,0,40,0
S1,leave_environment_B,random_orthogonal,31,0.001,40,0,40,0
S1,leave_environment_B,random_orthogonal,32,0.001,40,0,40,0
S1,leave_environment_B,random_orthogonal,33,0.001,40,0,40,0
S1,leave_environment_B,random_orthogonal,34,0.001,40,0,40,0
S1,leave_environment_B,random_orthogonal,35,0.001,40,0,40,0
S1,leave_environment_B,random_orthogonal,36,0.001,40,0,40,0
S1,leave_environment_B,random_orthogonal,37,0.001,40,0,40,0
S1,leave_environment_B,random_orthogonal,38,0.001,40,0,40,0
S1,leave_environment_B,random_orthogonal,39,0.001,40,0,40,0
S1,leave_environment_B,random_orthogonal,40,0.001,40,0,40,0
S1,leave_environment_B,random_orthogonal,31,0.0031622776601683794,40,0,40,0
S1,leave_environment_B,random_orthogonal,32,0.0031622776601683794,40,0,40,0
S1,leave_environment_B,random_orthogonal,33,0.0031622776601683794,40,0,40,0
S1,leave_environment_B,random_orthogonal,34,0.0031622776601683794,40,0,40,0
S1,leave_environment_B,random_orthogonal,35,0.0031622776601683794,40,0,40,0
S1,leave_environment_B,random_orthogonal,36,0.0031622776601683794,40,0,40,0
S1,leave_environment_B,random_orthogonal,37,0.0031622776601683794,40,0,40,0
S1,leave_environment_B,random_orthogonal,38,0.0031622776601683794,40,0,40,0
S1,leave_environment_B,random_orthogonal,39,0.0031622776601683794,40,0,40,0
S1,leave_environment_B,random_orthogonal,40,0.0031622776601683794,40,0,40,0
S1,leave_environment_B,random_orthogonal,31,0.01,40,10,40,0
S1,leave_environment_B,random_orthogonal,32,0.01,40,0,40,0
S1,leave_environment_B,random_orthogonal,33,0.01,40,0,40,0
S1,leave_environment_B,random_orthogonal,34,0.01,40,0,40,0
S1,leave_environment_B,random_orthogonal,35,0.01,40,0,40,0
S1,leave_environment_B,random_orthogonal,36,0.01,40,0,40,0
S1,leave_environment_B,random_orthogonal,37,0.01,40,1,40,0
S1,leave_environment_B,random_orthogonal,38,0.01,40,6,40,0
S1,leave_environment_B,random_orthogonal,39,0.01,40,0,40,0
S1,leave_environment_B,random_orthogonal,40,0.01,40,0,40,0
S1,leave_environment_B,random_orthogonal,31,0.03162277660168379,40,40,40,0
S1,leave_environment_B,random_orthogonal,32,0.03162277660168379,40,40,40,0
S1,leave_environment_B,random_orthogonal,33,0.03162277660168379,40,40,40,0
S1,leave_environment_B,random_orthogonal,34,0.03162277660168379,40,40,40,0
S1,leave_environment_B,random_orthogonal,35,0.03162277660168379,40,40,40,0
S1,leave_environment_B,random_orthogonal,36,0.03162277660168379,40,40,40,0
S1,leave_environment_B,random_orthogonal,37,0.03162277660168379,40,40,40,0
S1,leave_environment_B,random_orthogonal,38,0.03162277660168379,40,40,40,0
S1,leave_environment_B,random_orthogonal,39,0.03162277660168379,40,40,40,0
S1,leave_environment_B,random_orthogonal,40,0.03162277660168379,40,40,40,0
S1,leave_environment_B,random_orthogonal,31,0.1,40,40,40,0
S1,leave_environment_B,random_orthogonal,32,0.1,40,40,40,0
S1,leave_environment_B,random_orthogonal,33,0.1,40,40,40,0
S1,leave_environment_B,random_orthogonal,34,0.1,40,40,40,0
S1,leave_environment_B,random_orthogonal,35,0.1,40,40,40,0
S1,leave_environment_B,random_orthogonal,36,0.1,40,40,40,0
S1,leave_environment_B,random_orthogonal,37,0.1,40,40,40,0
S1,leave_environment_B,random_orthogonal,38,0.1,40,40,40,0
S1,leave_environment_B,random_orthogonal,39,0.1,40,40,40,0
S1,leave_environment_B,random_orthogonal,40,0.1,40,40,40,0
S1,leave_environment_B,random_orthogonal,31,0.25,40,0,0,0
S1,leave_environment_B,random_orthogonal,32,0.25,40,0,0,0
S1,leave_environment_B,random_orthogonal,33,0.25,40,0,0,0
S1,leave_environment_B,random_orthogonal,34,0.25,40,0,0,0
S1,leave_environment_B,random_orthogonal,35,0.25,40,0,0,0
S1,leave_environment_B,random_orthogonal,36,0.25,40,0,0,0
S1,leave_environment_B,random_orthogonal,37,0.25,40,0,0,0
S1,leave_environment_B,random_orthogonal,38,0.25,40,0,0,0
S1,leave_environment_B,random_orthogonal,39,0.25,40,0,0,0
S1,leave_environment_B,random_orthogonal,40,0.25,40,0,0,0
S1,leave_environment_B,permuted_polynomial,31,1e-06,40,0,40,0
S1,leave_environment_B,permuted_polynomial,32,1e-06,40,0,40,0
S1,leave_environment_B,permuted_polynomial,33,1e-06,40,0,40,0
S1,leave_environment_B,permuted_polynomial,34,1e-06,40,0,40,0
S1,leave_environment_B,permuted_polynomial,35,1e-06,40,0,40,0
S1,leave_environment_B,permuted_polynomial,36,1e-06,40,0,40,0
S1,leave_environment_B,permuted_polynomial,37,1e-06,40,0,40,0
S1,leave_environment_B,permuted_polynomial,38,1e-06,40,0,40,0
S1,leave_environment_B,permuted_polynomial,39,1e-06,40,0,40,0
S1,leave_environment_B,permuted_polynomial,40,1e-06,40,0,40,0
S1,leave_environment_B,permuted_polynomial,31,3.162277660168379e-06,40,0,40,0
S1,leave_environment_B,permuted_polynomial,32,3.162277660168379e-06,40,0,40,0
S1,leave_environment_B,permuted_polynomial,33,3.162277660168379e-06,40,0,40,0
S1,leave_environment_B,permuted_polynomial,34,3.162277660168379e-06,40,0,40,0
S1,leave_environment_B,permuted_polynomial,35,3.162277660168379e-06,40,0,40,0
S1,leave_environment_B,permuted_polynomial,36,3.162277660168379e-06,40,0,40,0
S1,leave_environment_B,permuted_polynomial,37,3.162277660168379e-06,40,0,40,0
S1,leave_environment_B,permuted_polynomial,38,3.162277660168379e-06,40,0,40,0
S1,leave_environment_B,permuted_polynomial,39,3.162277660168379e-06,40,0,40,0
S1,leave_environment_B,permuted_polynomial,40,3.162277660168379e-06,40,0,40,0
S1,leave_environment_B,permuted_polynomial,31,1e-05,40,0,40,0
S1,leave_environment_B,permuted_polynomial,32,1e-05,40,0,40,0
S1,leave_environment_B,permuted_polynomial,33,1e-05,40,0,40,0
S1,leave_environment_B,permuted_polynomial,34,1e-05,40,0,40,0
S1,leave_environment_B,permuted_polynomial,35,1e-05,40,0,40,0
S1,leave_environment_B,permuted_polynomial,36,1e-05,40,0,40,0
S1,leave_environment_B,permuted_polynomial,37,1e-05,40,0,40,0
S1,leave_environment_B,permuted_polynomial,38,1e-05,40,0,40,0
S1,leave_environment_B,permuted_polynomial,39,1e-05,40,0,40,0
S1,leave_environment_B,permuted_polynomial,40,1e-05,40,0,40,0
S1,leave_environment_B,permuted_polynomial,31,3.1622776601683795e-05,40,0,40,0
S1,leave_environment_B,permuted_polynomial,32,3.1622776601683795e-05,40,0,40,0
S1,leave_environment_B,permuted_polynomial,33,3.1622776601683795e-05,40,0,40,0
S1,leave_environment_B,permuted_polynomial,34,3.1622776601683795e-05,40,0,40,0
S1,leave_environment_B,permuted_polynomial,35,3.1622776601683795e-05,40,0,40,0
S1,leave_environment_B,permuted_polynomial,36,3.1622776601683795e-05,40,0,40,0
S1,leave_environment_B,permuted_polynomial,37,3.1622776601683795e-05,40,0,40,0
S1,leave_environment_B,permuted_polynomial,38,3.1622776601683795e-05,40,0,40,0
S1,leave_environment_B,permuted_polynomial,39,3.1622776601683795e-05,40,0,40,0
S1,leave_environment_B,permuted_polynomial,40,3.1622776601683795e-05,40,0,40,0
S1,leave_environment_B,permuted_polynomial,31,0.0001,40,0,40,0
S1,leave_environment_B,permuted_polynomial,32,0.0001,40,0,40,0
S1,leave_environment_B,permuted_polynomial,33,0.0001,40,0,40,0
S1,leave_environment_B,permuted_polynomial,34,0.0001,40,0,40,0
S1,leave_environment_B,permuted_polynomial,35,0.0001,40,0,40,0
S1,leave_environment_B,permuted_polynomial,36,0.0001,40,0,40,0
S1,leave_environment_B,permuted_polynomial,37,0.0001,40,0,40,0
S1,leave_environment_B,permuted_polynomial,38,0.0001,40,0,40,0
S1,leave_environment_B,permuted_polynomial,39,0.0001,40,0,40,0
S1,leave_environment_B,permuted_polynomial,40,0.0001,40,0,40,0
S1,leave_environment_B,permuted_polynomial,31,0.00031622776601683794,40,0,40,0
S1,leave_environment_B,permuted_polynomial,32,0.00031622776601683794,40,0,40,0
S1,leave_environment_B,permuted_polynomial,33,0.00031622776601683794,40,0,40,0
S1,leave_environment_B,permuted_polynomial,34,0.00031622776601683794,40,0,40,0
S1,leave_environment_B,permuted_polynomial,35,0.00031622776601683794,40,0,40,0
S1,leave_environment_B,permuted_polynomial,36,0.00031622776601683794,40,0,40,0
S1,leave_environment_B,permuted_polynomial,37,0.00031622776601683794,40,0,40,0
S1,leave_environment_B,permuted_polynomial,38,0.00031622776601683794,40,0,40,0
S1,leave_environment_B,permuted_polynomial,39,0.00031622776601683794,40,0,40,0
S1,leave_environment_B,permuted_polynomial,40,0.00031622776601683794,40,0,40,0
S1,leave_environment_B,permuted_polynomial,31,0.001,40,38,40,0
S1,leave_environment_B,permuted_polynomial,32,0.001,40,25,40,0
S1,leave_environment_B,permuted_polynomial,33,0.001,40,17,40,0
S1,leave_environment_B,permuted_polynomial,34,0.001,40,0,40,0
S1,leave_environment_B,permuted_polynomial,35,0.001,40,0,40,0
S1,leave_environment_B,permuted_polynomial,36,0.001,40,4,40,0
S1,leave_environment_B,permuted_polynomial,37,0.001,40,18,40,0
S1,leave_environment_B,permuted_polynomial,38,0.001,40,0,40,0
S1,leave_environment_B,permuted_polynomial,39,0.001,40,8,40,0
S1,leave_environment_B,permuted_polynomial,40,0.001,40,2,40,0
S1,leave_environment_B,permuted_polynomial,31,0.0031622776601683794,40,40,40,0
S1,leave_environment_B,permuted_polynomial,32,0.0031622776601683794,40,29,40,0
S1,leave_environment_B,permuted_polynomial,33,0.0031622776601683794,40,26,40,0
S1,leave_environment_B,permuted_polynomial,34,0.0031622776601683794,40,1,40,0
S1,leave_environment_B,permuted_polynomial,35,0.0031622776601683794,40,0,40,0
S1,leave_environment_B,permuted_polynomial,36,0.0031622776601683794,40,7,40,0
S1,leave_environment_B,permuted_polynomial,37,0.0031622776601683794,40,19,40,0
S1,leave_environment_B,permuted_polynomial,38,0.0031622776601683794,40,1,40,0
S1,leave_environment_B,permuted_polynomial,39,0.0031622776601683794,40,11,40,0
S1,leave_environment_B,permuted_polynomial,40,0.0031622776601683794,40,2,40,0
S1,leave_environment_B,permuted_polynomial,31,0.01,40,40,40,0
S1,leave_environment_B,permuted_polynomial,32,0.01,40,40,40,0
S1,leave_environment_B,permuted_polynomial,33,0.01,40,36,40,0
S1,leave_environment_B,permuted_polynomial,34,0.01,40,38,40,0
S1,leave_environment_B,permuted_polynomial,35,0.01,40,40,40,0
S1,leave_environment_B,permuted_polynomial,36,0.01,40,39,40,0
S1,leave_environment_B,permuted_polynomial,37,0.01,40,19,40,0
S1,leave_environment_B,permuted_polynomial,38,0.01,40,27,40,0
S1,leave_environment_B,permuted_polynomial,39,0.01,40,38,40,0
S1,leave_environment_B,permuted_polynomial,40,0.01,40,36,40,0
S1,leave_environment_B,permuted_polynomial,31,0.03162277660168379,40,40,40,0
S1,leave_environment_B,permuted_polynomial,32,0.03162277660168379,40,40,40,0
S1,leave_environment_B,permuted_polynomial,33,0.03162277660168379,40,40,40,0
S1,leave_environment_B,permuted_polynomial,34,0.03162277660168379,40,40,40,0
S1,leave_environment_B,permuted_polynomial,35,0.03162277660168379,40,40,40,0
S1,leave_environment_B,permuted_polynomial,36,0.03162277660168379,40,40,40,0
S1,leave_environment_B,permuted_polynomial,37,0.03162277660168379,40,40,40,0
S1,leave_environment_B,permuted_polynomial,38,0.03162277660168379,40,40,40,0
S1,leave_environment_B,permuted_polynomial,39,0.03162277660168379,40,40,40,0
S1,leave_environment_B,permuted_polynomial,40,0.03162277660168379,40,40,40,0
S1,leave_environment_B,permuted_polynomial,31,0.1,40,40,40,0
S1,leave_environment_B,permuted_polynomial,32,0.1,40,40,40,0
S1,leave_environment_B,permuted_polynomial,33,0.1,40,40,40,0
S1,leave_environment_B,permuted_polynomial,34,0.1,40,40,40,0
S1,leave_environment_B,permuted_polynomial,35,0.1,40,40,40,0
S1,leave_environment_B,permuted_polynomial,36,0.1,40,40,40,0
S1,leave_environment_B,permuted_polynomial,37,0.1,40,40,40,0
S1,leave_environment_B,permuted_polynomial,38,0.1,40,40,40,0
S1,leave_environment_B,permuted_polynomial,39,0.1,40,40,40,0
S1,leave_environment_B,permuted_polynomial,40,0.1,40,40,40,0
S1,leave_environment_B,permuted_polynomial,31,0.25,40,0,0,0
S1,leave_environment_B,permuted_polynomial,32,0.25,40,0,0,0
S1,leave_environment_B,permuted_polynomial,33,0.25,40,0,0,0
S1,leave_environment_B,permuted_polynomial,34,0.25,40,0,0,0
S1,leave_environment_B,permuted_polynomial,35,0.25,40,0,0,0
S1,leave_environment_B,permuted_polynomial,36,0.25,40,0,0,0
S1,leave_environment_B,permuted_polynomial,37,0.25,40,0,0,0
S1,leave_environment_B,permuted_polynomial,38,0.25,40,0,0,0
S1,leave_environment_B,permuted_polynomial,39,0.25,40,0,0,0
S1,leave_environment_B,permuted_polynomial,40,0.25,40,0,0,0
S1,leave_environment_B_antenna,coordinate,31,1e-06,40,0,40,0
S1,leave_environment_B_antenna,coordinate,32,1e-06,40,0,40,0
S1,leave_environment_B_antenna,coordinate,33,1e-06,40,0,40,0
S1,leave_environment_B_antenna,coordinate,34,1e-06,40,0,40,0
S1,leave_environment_B_antenna,coordinate,35,1e-06,40,0,40,0
S1,leave_environment_B_antenna,coordinate,36,1e-06,40,0,40,0
S1,leave_environment_B_antenna,coordinate,37,1e-06,40,0,40,0
S1,leave_environment_B_antenna,coordinate,38,1e-06,40,0,40,0
S1,leave_environment_B_antenna,coordinate,39,1e-06,40,0,40,0
S1,leave_environment_B_antenna,coordinate,40,1e-06,40,0,40,0
S1,leave_environment_B_antenna,coordinate,31,3.162277660168379e-06,40,0,40,0
S1,leave_environment_B_antenna,coordinate,32,3.162277660168379e-06,40,0,40,0
S1,leave_environment_B_antenna,coordinate,33,3.162277660168379e-06,40,0,40,0
S1,leave_environment_B_antenna,coordinate,34,3.162277660168379e-06,40,0,40,0
S1,leave_environment_B_antenna,coordinate,35,3.162277660168379e-06,40,0,40,0
S1,leave_environment_B_antenna,coordinate,36,3.162277660168379e-06,40,0,40,0
S1,leave_environment_B_antenna,coordinate,37,3.162277660168379e-06,40,0,40,0
S1,leave_environment_B_antenna,coordinate,38,3.162277660168379e-06,40,0,40,0
S1,leave_environment_B_antenna,coordinate,39,3.162277660168379e-06,40,0,40,0
S1,leave_environment_B_antenna,coordinate,40,3.162277660168379e-06,40,0,40,0
S1,leave_environment_B_antenna,coordinate,31,1e-05,40,0,40,0
S1,leave_environment_B_antenna,coordinate,32,1e-05,40,0,40,0
S1,leave_environment_B_antenna,coordinate,33,1e-05,40,0,40,0
S1,leave_environment_B_antenna,coordinate,34,1e-05,40,0,40,0
S1,leave_environment_B_antenna,coordinate,35,1e-05,40,0,40,0
S1,leave_environment_B_antenna,coordinate,36,1e-05,40,0,40,0
S1,leave_environment_B_antenna,coordinate,37,1e-05,40,0,40,0
S1,leave_environment_B_antenna,coordinate,38,1e-05,40,0,40,0
S1,leave_environment_B_antenna,coordinate,39,1e-05,40,0,40,0
S1,leave_environment_B_antenna,coordinate,40,1e-05,40,0,40,0
S1,leave_environment_B_antenna,coordinate,31,3.1622776601683795e-05,40,0,40,0
S1,leave_environment_B_antenna,coordinate,32,3.1622776601683795e-05,40,0,40,0
S1,leave_environment_B_antenna,coordinate,33,3.1622776601683795e-05,40,0,40,0
S1,leave_environment_B_antenna,coordinate,34,3.1622776601683795e-05,40,0,40,0
S1,leave_environment_B_antenna,coordinate,35,3.1622776601683795e-05,40,0,40,0
S1,leave_environment_B_antenna,coordinate,36,3.1622776601683795e-05,40,0,40,0
S1,leave_environment_B_antenna,coordinate,37,3.1622776601683795e-05,40,0,40,0
S1,leave_environment_B_antenna,coordinate,38,3.1622776601683795e-05,40,0,40,0
S1,leave_environment_B_antenna,coordinate,39,3.1622776601683795e-05,40,0,40,0
S1,leave_environment_B_antenna,coordinate,40,3.1622776601683795e-05,40,0,40,0
S1,leave_environment_B_antenna,coordinate,31,0.0001,40,0,40,0
S1,leave_environment_B_antenna,coordinate,32,0.0001,40,0,40,0
S1,leave_environment_B_antenna,coordinate,33,0.0001,40,0,40,0
S1,leave_environment_B_antenna,coordinate,34,0.0001,40,0,40,0
S1,leave_environment_B_antenna,coordinate,35,0.0001,40,0,40,0
S1,leave_environment_B_antenna,coordinate,36,0.0001,40,0,40,0
S1,leave_environment_B_antenna,coordinate,37,0.0001,40,0,40,0
S1,leave_environment_B_antenna,coordinate,38,0.0001,40,0,40,0
S1,leave_environment_B_antenna,coordinate,39,0.0001,40,0,40,0
S1,leave_environment_B_antenna,coordinate,40,0.0001,40,0,40,0
S1,leave_environment_B_antenna,coordinate,31,0.00031622776601683794,40,0,40,0
S1,leave_environment_B_antenna,coordinate,32,0.00031622776601683794,40,0,40,0
S1,leave_environment_B_antenna,coordinate,33,0.00031622776601683794,40,0,40,0
S1,leave_environment_B_antenna,coordinate,34,0.00031622776601683794,40,0,40,0
S1,leave_environment_B_antenna,coordinate,35,0.00031622776601683794,40,0,40,0
S1,leave_environment_B_antenna,coordinate,36,0.00031622776601683794,40,0,40,0
S1,leave_environment_B_antenna,coordinate,37,0.00031622776601683794,40,0,40,0
S1,leave_environment_B_antenna,coordinate,38,0.00031622776601683794,40,0,40,0
S1,leave_environment_B_antenna,coordinate,39,0.00031622776601683794,40,0,40,0
S1,leave_environment_B_antenna,coordinate,40,0.00031622776601683794,40,0,40,0
S1,leave_environment_B_antenna,coordinate,31,0.001,40,0,40,0
S1,leave_environment_B_antenna,coordinate,32,0.001,40,0,40,0
S1,leave_environment_B_antenna,coordinate,33,0.001,40,0,40,0
S1,leave_environment_B_antenna,coordinate,34,0.001,40,0,40,0
S1,leave_environment_B_antenna,coordinate,35,0.001,40,0,40,0
S1,leave_environment_B_antenna,coordinate,36,0.001,40,0,40,0
S1,leave_environment_B_antenna,coordinate,37,0.001,40,0,40,0
S1,leave_environment_B_antenna,coordinate,38,0.001,40,0,40,0
S1,leave_environment_B_antenna,coordinate,39,0.001,40,0,40,0
S1,leave_environment_B_antenna,coordinate,40,0.001,40,0,40,0
S1,leave_environment_B_antenna,coordinate,31,0.0031622776601683794,40,0,40,0
S1,leave_environment_B_antenna,coordinate,32,0.0031622776601683794,40,0,40,0
S1,leave_environment_B_antenna,coordinate,33,0.0031622776601683794,40,0,40,0
S1,leave_environment_B_antenna,coordinate,34,0.0031622776601683794,40,0,40,0
S1,leave_environment_B_antenna,coordinate,35,0.0031622776601683794,40,0,40,0
S1,leave_environment_B_antenna,coordinate,36,0.0031622776601683794,40,0,40,0
S1,leave_environment_B_antenna,coordinate,37,0.0031622776601683794,40,0,40,0
S1,leave_environment_B_antenna,coordinate,38,0.0031622776601683794,40,0,40,0
S1,leave_environment_B_antenna,coordinate,39,0.0031622776601683794,40,0,40,0
S1,leave_environment_B_antenna,coordinate,40,0.0031622776601683794,40,0,40,0
S1,leave_environment_B_antenna,coordinate,31,0.01,40,0,40,0
S1,leave_environment_B_antenna,coordinate,32,0.01,40,0,40,0
S1,leave_environment_B_antenna,coordinate,33,0.01,40,0,40,0
S1,leave_environment_B_antenna,coordinate,34,0.01,40,0,40,0
S1,leave_environment_B_antenna,coordinate,35,0.01,40,0,40,0
S1,leave_environment_B_antenna,coordinate,36,0.01,40,0,40,0
S1,leave_environment_B_antenna,coordinate,37,0.01,40,0,40,0
S1,leave_environment_B_antenna,coordinate,38,0.01,40,0,40,0
S1,leave_environment_B_antenna,coordinate,39,0.01,40,0,40,0
S1,leave_environment_B_antenna,coordinate,40,0.01,40,0,40,0
S1,leave_environment_B_antenna,coordinate,31,0.03162277660168379,40,0,40,0
S1,leave_environment_B_antenna,coordinate,32,0.03162277660168379,40,0,40,0
S1,leave_environment_B_antenna,coordinate,33,0.03162277660168379,40,0,40,0
S1,leave_environment_B_antenna,coordinate,34,0.03162277660168379,40,0,40,0
S1,leave_environment_B_antenna,coordinate,35,0.03162277660168379,40,0,40,0
S1,leave_environment_B_antenna,coordinate,36,0.03162277660168379,40,0,40,0
S1,leave_environment_B_antenna,coordinate,37,0.03162277660168379,40,0,40,0
S1,leave_environment_B_antenna,coordinate,38,0.03162277660168379,40,0,40,0
S1,leave_environment_B_antenna,coordinate,39,0.03162277660168379,40,0,40,0
S1,leave_environment_B_antenna,coordinate,40,0.03162277660168379,40,0,40,0
S1,leave_environment_B_antenna,coordinate,31,0.1,40,0,0,0
S1,leave_environment_B_antenna,coordinate,32,0.1,40,0,0,0
S1,leave_environment_B_antenna,coordinate,33,0.1,40,0,0,0
S1,leave_environment_B_antenna,coordinate,34,0.1,40,0,0,0
S1,leave_environment_B_antenna,coordinate,35,0.1,40,0,0,0
S1,leave_environment_B_antenna,coordinate,36,0.1,40,0,0,0
S1,leave_environment_B_antenna,coordinate,37,0.1,40,0,0,0
S1,leave_environment_B_antenna,coordinate,38,0.1,40,0,0,0
S1,leave_environment_B_antenna,coordinate,39,0.1,40,0,0,0
S1,leave_environment_B_antenna,coordinate,40,0.1,40,0,0,0
S1,leave_environment_B_antenna,coordinate,31,0.25,40,0,0,0
S1,leave_environment_B_antenna,coordinate,32,0.25,40,0,0,0
S1,leave_environment_B_antenna,coordinate,33,0.25,40,0,0,0
S1,leave_environment_B_antenna,coordinate,34,0.25,40,0,0,0
S1,leave_environment_B_antenna,coordinate,35,0.25,40,0,0,0
S1,leave_environment_B_antenna,coordinate,36,0.25,40,0,0,0
S1,leave_environment_B_antenna,coordinate,37,0.25,40,0,0,0
S1,leave_environment_B_antenna,coordinate,38,0.25,40,0,0,0
S1,leave_environment_B_antenna,coordinate,39,0.25,40,0,0,0
S1,leave_environment_B_antenna,coordinate,40,0.25,40,0,0,0
S1,leave_environment_B_antenna,dct,31,1e-06,40,0,40,0
S1,leave_environment_B_antenna,dct,32,1e-06,40,0,40,0
S1,leave_environment_B_antenna,dct,33,1e-06,40,0,40,0
S1,leave_environment_B_antenna,dct,34,1e-06,40,0,40,0
S1,leave_environment_B_antenna,dct,35,1e-06,40,0,40,0
S1,leave_environment_B_antenna,dct,36,1e-06,40,0,40,0
S1,leave_environment_B_antenna,dct,37,1e-06,40,0,40,0
S1,leave_environment_B_antenna,dct,38,1e-06,40,0,40,0
S1,leave_environment_B_antenna,dct,39,1e-06,40,0,40,0
S1,leave_environment_B_antenna,dct,40,1e-06,40,0,40,0
S1,leave_environment_B_antenna,dct,31,3.162277660168379e-06,40,0,40,0
S1,leave_environment_B_antenna,dct,32,3.162277660168379e-06,40,0,40,0
S1,leave_environment_B_antenna,dct,33,3.162277660168379e-06,40,0,40,0
S1,leave_environment_B_antenna,dct,34,3.162277660168379e-06,40,0,40,0
S1,leave_environment_B_antenna,dct,35,3.162277660168379e-06,40,0,40,0
S1,leave_environment_B_antenna,dct,36,3.162277660168379e-06,40,0,40,0
S1,leave_environment_B_antenna,dct,37,3.162277660168379e-06,40,0,40,0
S1,leave_environment_B_antenna,dct,38,3.162277660168379e-06,40,0,40,0
S1,leave_environment_B_antenna,dct,39,3.162277660168379e-06,40,0,40,0
S1,leave_environment_B_antenna,dct,40,3.162277660168379e-06,40,0,40,0
S1,leave_environment_B_antenna,dct,31,1e-05,40,0,40,0
S1,leave_environment_B_antenna,dct,32,1e-05,40,0,40,0
S1,leave_environment_B_antenna,dct,33,1e-05,40,0,40,0
S1,leave_environment_B_antenna,dct,34,1e-05,40,0,40,0
S1,leave_environment_B_antenna,dct,35,1e-05,40,0,40,0
S1,leave_environment_B_antenna,dct,36,1e-05,40,0,40,0
S1,leave_environment_B_antenna,dct,37,1e-05,40,0,40,0
S1,leave_environment_B_antenna,dct,38,1e-05,40,0,40,0
S1,leave_environment_B_antenna,dct,39,1e-05,40,0,40,0
S1,leave_environment_B_antenna,dct,40,1e-05,40,0,40,0
S1,leave_environment_B_antenna,dct,31,3.1622776601683795e-05,40,0,40,0
S1,leave_environment_B_antenna,dct,32,3.1622776601683795e-05,40,0,40,0
S1,leave_environment_B_antenna,dct,33,3.1622776601683795e-05,40,0,40,0
S1,leave_environment_B_antenna,dct,34,3.1622776601683795e-05,40,0,40,0
S1,leave_environment_B_antenna,dct,35,3.1622776601683795e-05,40,0,40,0
S1,leave_environment_B_antenna,dct,36,3.1622776601683795e-05,40,0,40,0
S1,leave_environment_B_antenna,dct,37,3.1622776601683795e-05,40,0,40,0
S1,leave_environment_B_antenna,dct,38,3.1622776601683795e-05,40,0,40,0
S1,leave_environment_B_antenna,dct,39,3.1622776601683795e-05,40,0,40,0
S1,leave_environment_B_antenna,dct,40,3.1622776601683795e-05,40,0,40,0
S1,leave_environment_B_antenna,dct,31,0.0001,40,0,40,0
S1,leave_environment_B_antenna,dct,32,0.0001,40,0,40,0
S1,leave_environment_B_antenna,dct,33,0.0001,40,0,40,0
S1,leave_environment_B_antenna,dct,34,0.0001,40,0,40,0
S1,leave_environment_B_antenna,dct,35,0.0001,40,0,40,0
S1,leave_environment_B_antenna,dct,36,0.0001,40,0,40,0
S1,leave_environment_B_antenna,dct,37,0.0001,40,0,40,0
S1,leave_environment_B_antenna,dct,38,0.0001,40,0,40,0
S1,leave_environment_B_antenna,dct,39,0.0001,40,0,40,0
S1,leave_environment_B_antenna,dct,40,0.0001,40,0,40,0
S1,leave_environment_B_antenna,dct,31,0.00031622776601683794,40,0,40,0
S1,leave_environment_B_antenna,dct,32,0.00031622776601683794,40,0,40,0
S1,leave_environment_B_antenna,dct,33,0.00031622776601683794,40,0,40,0
S1,leave_environment_B_antenna,dct,34,0.00031622776601683794,40,0,40,0
S1,leave_environment_B_antenna,dct,35,0.00031622776601683794,40,0,40,0
S1,leave_environment_B_antenna,dct,36,0.00031622776601683794,40,0,40,0
S1,leave_environment_B_antenna,dct,37,0.00031622776601683794,40,0,40,0
S1,leave_environment_B_antenna,dct,38,0.00031622776601683794,40,0,40,0
S1,leave_environment_B_antenna,dct,39,0.00031622776601683794,40,0,40,0
S1,leave_environment_B_antenna,dct,40,0.00031622776601683794,40,0,40,0
S1,leave_environment_B_antenna,dct,31,0.001,40,0,40,0
S1,leave_environment_B_antenna,dct,32,0.001,40,0,40,0
S1,leave_environment_B_antenna,dct,33,0.001,40,0,40,0
S1,leave_environment_B_antenna,dct,34,0.001,40,0,40,0
S1,leave_environment_B_antenna,dct,35,0.001,40,0,40,0
S1,leave_environment_B_antenna,dct,36,0.001,40,0,40,0
S1,leave_environment_B_antenna,dct,37,0.001,40,0,40,0
S1,leave_environment_B_antenna,dct,38,0.001,40,0,40,0
S1,leave_environment_B_antenna,dct,39,0.001,40,0,40,0
S1,leave_environment_B_antenna,dct,40,0.001,40,0,40,0
S1,leave_environment_B_antenna,dct,31,0.0031622776601683794,40,0,40,0
S1,leave_environment_B_antenna,dct,32,0.0031622776601683794,40,0,40,0
S1,leave_environment_B_antenna,dct,33,0.0031622776601683794,40,0,40,0
S1,leave_environment_B_antenna,dct,34,0.0031622776601683794,40,0,40,0
S1,leave_environment_B_antenna,dct,35,0.0031622776601683794,40,0,40,0
S1,leave_environment_B_antenna,dct,36,0.0031622776601683794,40,0,40,0
S1,leave_environment_B_antenna,dct,37,0.0031622776601683794,40,0,40,0
S1,leave_environment_B_antenna,dct,38,0.0031622776601683794,40,0,40,0
S1,leave_environment_B_antenna,dct,39,0.0031622776601683794,40,0,40,0
S1,leave_environment_B_antenna,dct,40,0.0031622776601683794,40,0,40,0
S1,leave_environment_B_antenna,dct,31,0.01,40,40,40,0
S1,leave_environment_B_antenna,dct,32,0.01,40,40,40,0
S1,leave_environment_B_antenna,dct,33,0.01,40,40,40,0
S1,leave_environment_B_antenna,dct,34,0.01,40,40,40,0
S1,leave_environment_B_antenna,dct,35,0.01,40,40,40,0
S1,leave_environment_B_antenna,dct,36,0.01,40,40,40,0
S1,leave_environment_B_antenna,dct,37,0.01,40,40,40,0
S1,leave_environment_B_antenna,dct,38,0.01,40,40,40,0
S1,leave_environment_B_antenna,dct,39,0.01,40,40,40,0
S1,leave_environment_B_antenna,dct,40,0.01,40,40,40,0
S1,leave_environment_B_antenna,dct,31,0.03162277660168379,40,40,40,0
S1,leave_environment_B_antenna,dct,32,0.03162277660168379,40,40,40,0
S1,leave_environment_B_antenna,dct,33,0.03162277660168379,40,40,40,0
S1,leave_environment_B_antenna,dct,34,0.03162277660168379,40,40,40,0
S1,leave_environment_B_antenna,dct,35,0.03162277660168379,40,40,40,0
S1,leave_environment_B_antenna,dct,36,0.03162277660168379,40,40,40,0
S1,leave_environment_B_antenna,dct,37,0.03162277660168379,40,40,40,0
S1,leave_environment_B_antenna,dct,38,0.03162277660168379,40,40,40,0
S1,leave_environment_B_antenna,dct,39,0.03162277660168379,40,40,40,0
S1,leave_environment_B_antenna,dct,40,0.03162277660168379,40,40,40,0
S1,leave_environment_B_antenna,dct,31,0.1,40,40,40,0
S1,leave_environment_B_antenna,dct,32,0.1,40,40,40,0
S1,leave_environment_B_antenna,dct,33,0.1,40,40,40,0
S1,leave_environment_B_antenna,dct,34,0.1,40,40,40,0
S1,leave_environment_B_antenna,dct,35,0.1,40,40,40,0
S1,leave_environment_B_antenna,dct,36,0.1,40,40,40,0
S1,leave_environment_B_antenna,dct,37,0.1,40,40,40,0
S1,leave_environment_B_antenna,dct,38,0.1,40,40,40,0
S1,leave_environment_B_antenna,dct,39,0.1,40,40,40,0
S1,leave_environment_B_antenna,dct,40,0.1,40,40,40,0
S1,leave_environment_B_antenna,dct,31,0.25,40,0,0,0
S1,leave_environment_B_antenna,dct,32,0.25,40,0,0,0
S1,leave_environment_B_antenna,dct,33,0.25,40,0,0,0
S1,leave_environment_B_antenna,dct,34,0.25,40,0,0,0
S1,leave_environment_B_antenna,dct,35,0.25,40,0,0,0
S1,leave_environment_B_antenna,dct,36,0.25,40,0,0,0
S1,leave_environment_B_antenna,dct,37,0.25,40,0,0,0
S1,leave_environment_B_antenna,dct,38,0.25,40,0,0,0
S1,leave_environment_B_antenna,dct,39,0.25,40,0,0,0
S1,leave_environment_B_antenna,dct,40,0.25,40,0,0,0
S1,leave_environment_B_antenna,dft,31,1e-06,40,0,40,0
S1,leave_environment_B_antenna,dft,32,1e-06,40,0,40,0
S1,leave_environment_B_antenna,dft,33,1e-06,40,0,40,0
S1,leave_environment_B_antenna,dft,34,1e-06,40,0,40,0
S1,leave_environment_B_antenna,dft,35,1e-06,40,0,40,0
S1,leave_environment_B_antenna,dft,36,1e-06,40,0,40,0
S1,leave_environment_B_antenna,dft,37,1e-06,40,0,40,0
S1,leave_environment_B_antenna,dft,38,1e-06,40,0,40,0
S1,leave_environment_B_antenna,dft,39,1e-06,40,0,40,0
S1,leave_environment_B_antenna,dft,40,1e-06,40,0,40,0
S1,leave_environment_B_antenna,dft,31,3.162277660168379e-06,40,0,40,0
S1,leave_environment_B_antenna,dft,32,3.162277660168379e-06,40,0,40,0
S1,leave_environment_B_antenna,dft,33,3.162277660168379e-06,40,0,40,0
S1,leave_environment_B_antenna,dft,34,3.162277660168379e-06,40,0,40,0
S1,leave_environment_B_antenna,dft,35,3.162277660168379e-06,40,0,40,0
S1,leave_environment_B_antenna,dft,36,3.162277660168379e-06,40,0,40,0
S1,leave_environment_B_antenna,dft,37,3.162277660168379e-06,40,0,40,0
S1,leave_environment_B_antenna,dft,38,3.162277660168379e-06,40,0,40,0
S1,leave_environment_B_antenna,dft,39,3.162277660168379e-06,40,0,40,0
S1,leave_environment_B_antenna,dft,40,3.162277660168379e-06,40,0,40,0
S1,leave_environment_B_antenna,dft,31,1e-05,40,0,40,0
S1,leave_environment_B_antenna,dft,32,1e-05,40,0,40,0
S1,leave_environment_B_antenna,dft,33,1e-05,40,0,40,0
S1,leave_environment_B_antenna,dft,34,1e-05,40,0,40,0
S1,leave_environment_B_antenna,dft,35,1e-05,40,0,40,0
S1,leave_environment_B_antenna,dft,36,1e-05,40,0,40,0
S1,leave_environment_B_antenna,dft,37,1e-05,40,0,40,0
S1,leave_environment_B_antenna,dft,38,1e-05,40,0,40,0
S1,leave_environment_B_antenna,dft,39,1e-05,40,0,40,0
S1,leave_environment_B_antenna,dft,40,1e-05,40,0,40,0
S1,leave_environment_B_antenna,dft,31,3.1622776601683795e-05,40,0,40,0
S1,leave_environment_B_antenna,dft,32,3.1622776601683795e-05,40,0,40,0
S1,leave_environment_B_antenna,dft,33,3.1622776601683795e-05,40,0,40,0
S1,leave_environment_B_antenna,dft,34,3.1622776601683795e-05,40,0,40,0
S1,leave_environment_B_antenna,dft,35,3.1622776601683795e-05,40,0,40,0
S1,leave_environment_B_antenna,dft,36,3.1622776601683795e-05,40,0,40,0
S1,leave_environment_B_antenna,dft,37,3.1622776601683795e-05,40,0,40,0
S1,leave_environment_B_antenna,dft,38,3.1622776601683795e-05,40,0,40,0
S1,leave_environment_B_antenna,dft,39,3.1622776601683795e-05,40,0,40,0
S1,leave_environment_B_antenna,dft,40,3.1622776601683795e-05,40,0,40,0
S1,leave_environment_B_antenna,dft,31,0.0001,40,0,40,0
S1,leave_environment_B_antenna,dft,32,0.0001,40,0,40,0
S1,leave_environment_B_antenna,dft,33,0.0001,40,0,40,0
S1,leave_environment_B_antenna,dft,34,0.0001,40,0,40,0
S1,leave_environment_B_antenna,dft,35,0.0001,40,0,40,0
S1,leave_environment_B_antenna,dft,36,0.0001,40,0,40,0
S1,leave_environment_B_antenna,dft,37,0.0001,40,0,40,0
S1,leave_environment_B_antenna,dft,38,0.0001,40,0,40,0
S1,leave_environment_B_antenna,dft,39,0.0001,40,0,40,0
S1,leave_environment_B_antenna,dft,40,0.0001,40,0,40,0
S1,leave_environment_B_antenna,dft,31,0.00031622776601683794,40,0,40,0
S1,leave_environment_B_antenna,dft,32,0.00031622776601683794,40,0,40,0
S1,leave_environment_B_antenna,dft,33,0.00031622776601683794,40,0,40,0
S1,leave_environment_B_antenna,dft,34,0.00031622776601683794,40,0,40,0
S1,leave_environment_B_antenna,dft,35,0.00031622776601683794,40,0,40,0
S1,leave_environment_B_antenna,dft,36,0.00031622776601683794,40,0,40,0
S1,leave_environment_B_antenna,dft,37,0.00031622776601683794,40,0,40,0
S1,leave_environment_B_antenna,dft,38,0.00031622776601683794,40,0,40,0
S1,leave_environment_B_antenna,dft,39,0.00031622776601683794,40,0,40,0
S1,leave_environment_B_antenna,dft,40,0.00031622776601683794,40,0,40,0
S1,leave_environment_B_antenna,dft,31,0.001,40,16,40,0
S1,leave_environment_B_antenna,dft,32,0.001,40,31,40,0
S1,leave_environment_B_antenna,dft,33,0.001,40,18,40,0
S1,leave_environment_B_antenna,dft,34,0.001,40,0,40,0
S1,leave_environment_B_antenna,dft,35,0.001,40,0,40,0
S1,leave_environment_B_antenna,dft,36,0.001,40,6,40,0
S1,leave_environment_B_antenna,dft,37,0.001,40,11,40,0
S1,leave_environment_B_antenna,dft,38,0.001,40,0,40,0
S1,leave_environment_B_antenna,dft,39,0.001,40,12,40,0
S1,leave_environment_B_antenna,dft,40,0.001,40,8,40,0
S1,leave_environment_B_antenna,dft,31,0.0031622776601683794,40,40,40,0
S1,leave_environment_B_antenna,dft,32,0.0031622776601683794,40,31,40,0
S1,leave_environment_B_antenna,dft,33,0.0031622776601683794,40,22,40,0
S1,leave_environment_B_antenna,dft,34,0.0031622776601683794,40,1,40,0
S1,leave_environment_B_antenna,dft,35,0.0031622776601683794,40,0,40,0
S1,leave_environment_B_antenna,dft,36,0.0031622776601683794,40,6,40,0
S1,leave_environment_B_antenna,dft,37,0.0031622776601683794,40,14,40,0
S1,leave_environment_B_antenna,dft,38,0.0031622776601683794,40,0,40,0
S1,leave_environment_B_antenna,dft,39,0.0031622776601683794,40,14,40,0
S1,leave_environment_B_antenna,dft,40,0.0031622776601683794,40,9,40,0
S1,leave_environment_B_antenna,dft,31,0.01,40,40,40,0
S1,leave_environment_B_antenna,dft,32,0.01,40,40,40,0
S1,leave_environment_B_antenna,dft,33,0.01,40,35,40,0
S1,leave_environment_B_antenna,dft,34,0.01,40,35,40,0
S1,leave_environment_B_antenna,dft,35,0.01,40,40,40,0
S1,leave_environment_B_antenna,dft,36,0.01,40,40,40,0
S1,leave_environment_B_antenna,dft,37,0.01,40,14,40,0
S1,leave_environment_B_antenna,dft,38,0.01,40,39,40,0
S1,leave_environment_B_antenna,dft,39,0.01,40,39,40,0
S1,leave_environment_B_antenna,dft,40,0.01,40,35,40,0
S1,leave_environment_B_antenna,dft,31,0.03162277660168379,40,40,40,0
S1,leave_environment_B_antenna,dft,32,0.03162277660168379,40,40,40,0
S1,leave_environment_B_antenna,dft,33,0.03162277660168379,40,40,40,0
S1,leave_environment_B_antenna,dft,34,0.03162277660168379,40,40,40,0
S1,leave_environment_B_antenna,dft,35,0.03162277660168379,40,40,40,0
S1,leave_environment_B_antenna,dft,36,0.03162277660168379,40,40,40,0
S1,leave_environment_B_antenna,dft,37,0.03162277660168379,40,40,40,0
S1,leave_environment_B_antenna,dft,38,0.03162277660168379,40,40,40,0
S1,leave_environment_B_antenna,dft,39,0.03162277660168379,40,40,40,0
S1,leave_environment_B_antenna,dft,40,0.03162277660168379,40,40,40,0
S1,leave_environment_B_antenna,dft,31,0.1,40,40,40,0
S1,leave_environment_B_antenna,dft,32,0.1,40,40,40,0
S1,leave_environment_B_antenna,dft,33,0.1,40,40,40,0
S1,leave_environment_B_antenna,dft,34,0.1,40,40,40,0
S1,leave_environment_B_antenna,dft,35,0.1,40,40,40,0
S1,leave_environment_B_antenna,dft,36,0.1,40,40,40,0
S1,leave_environment_B_antenna,dft,37,0.1,40,40,40,0
S1,leave_environment_B_antenna,dft,38,0.1,40,40,40,0
S1,leave_environment_B_antenna,dft,39,0.1,40,40,40,0
S1,leave_environment_B_antenna,dft,40,0.1,40,40,40,0
S1,leave_environment_B_antenna,dft,31,0.25,40,0,0,0
S1,leave_environment_B_antenna,dft,32,0.25,40,0,0,0
S1,leave_environment_B_antenna,dft,33,0.25,40,0,0,0
S1,leave_environment_B_antenna,dft,34,0.25,40,0,0,0
S1,leave_environment_B_antenna,dft,35,0.25,40,0,0,0
S1,leave_environment_B_antenna,dft,36,0.25,40,0,0,0
S1,leave_environment_B_antenna,dft,37,0.25,40,0,0,0
S1,leave_environment_B_antenna,dft,38,0.25,40,0,0,0
S1,leave_environment_B_antenna,dft,39,0.25,40,0,0,0
S1,leave_environment_B_antenna,dft,40,0.25,40,0,0,0
S1,leave_environment_B_antenna,polynomial,31,1e-06,40,0,40,0
S1,leave_environment_B_antenna,polynomial,32,1e-06,40,0,40,0
S1,leave_environment_B_antenna,polynomial,33,1e-06,40,0,40,0
S1,leave_environment_B_antenna,polynomial,34,1e-06,40,0,40,0
S1,leave_environment_B_antenna,polynomial,35,1e-06,40,0,40,0
S1,leave_environment_B_antenna,polynomial,36,1e-06,40,0,40,0
S1,leave_environment_B_antenna,polynomial,37,1e-06,40,0,40,0
S1,leave_environment_B_antenna,polynomial,38,1e-06,40,0,40,0
S1,leave_environment_B_antenna,polynomial,39,1e-06,40,0,40,0
S1,leave_environment_B_antenna,polynomial,40,1e-06,40,0,40,0
S1,leave_environment_B_antenna,polynomial,31,3.162277660168379e-06,40,0,40,0
S1,leave_environment_B_antenna,polynomial,32,3.162277660168379e-06,40,0,40,0
S1,leave_environment_B_antenna,polynomial,33,3.162277660168379e-06,40,0,40,0
S1,leave_environment_B_antenna,polynomial,34,3.162277660168379e-06,40,0,40,0
S1,leave_environment_B_antenna,polynomial,35,3.162277660168379e-06,40,0,40,0
S1,leave_environment_B_antenna,polynomial,36,3.162277660168379e-06,40,0,40,0
S1,leave_environment_B_antenna,polynomial,37,3.162277660168379e-06,40,0,40,0
S1,leave_environment_B_antenna,polynomial,38,3.162277660168379e-06,40,0,40,0
S1,leave_environment_B_antenna,polynomial,39,3.162277660168379e-06,40,0,40,0
S1,leave_environment_B_antenna,polynomial,40,3.162277660168379e-06,40,0,40,0
S1,leave_environment_B_antenna,polynomial,31,1e-05,40,0,40,0
S1,leave_environment_B_antenna,polynomial,32,1e-05,40,0,40,0
S1,leave_environment_B_antenna,polynomial,33,1e-05,40,0,40,0
S1,leave_environment_B_antenna,polynomial,34,1e-05,40,0,40,0
S1,leave_environment_B_antenna,polynomial,35,1e-05,40,0,40,0
S1,leave_environment_B_antenna,polynomial,36,1e-05,40,0,40,0
S1,leave_environment_B_antenna,polynomial,37,1e-05,40,0,40,0
S1,leave_environment_B_antenna,polynomial,38,1e-05,40,0,40,0
S1,leave_environment_B_antenna,polynomial,39,1e-05,40,0,40,0
S1,leave_environment_B_antenna,polynomial,40,1e-05,40,0,40,0
S1,leave_environment_B_antenna,polynomial,31,3.1622776601683795e-05,40,0,40,0
S1,leave_environment_B_antenna,polynomial,32,3.1622776601683795e-05,40,7,40,0
S1,leave_environment_B_antenna,polynomial,33,3.1622776601683795e-05,40,7,40,0
S1,leave_environment_B_antenna,polynomial,34,3.1622776601683795e-05,40,17,40,0
S1,leave_environment_B_antenna,polynomial,35,3.1622776601683795e-05,40,21,40,0
S1,leave_environment_B_antenna,polynomial,36,3.1622776601683795e-05,40,15,40,0
S1,leave_environment_B_antenna,polynomial,37,3.1622776601683795e-05,40,5,40,0
S1,leave_environment_B_antenna,polynomial,38,3.1622776601683795e-05,40,15,40,0
S1,leave_environment_B_antenna,polynomial,39,3.1622776601683795e-05,40,20,40,0
S1,leave_environment_B_antenna,polynomial,40,3.1622776601683795e-05,40,7,40,0
S1,leave_environment_B_antenna,polynomial,31,0.0001,40,23,40,0
S1,leave_environment_B_antenna,polynomial,32,0.0001,40,40,40,0
S1,leave_environment_B_antenna,polynomial,33,0.0001,40,40,40,0
S1,leave_environment_B_antenna,polynomial,34,0.0001,40,40,40,0
S1,leave_environment_B_antenna,polynomial,35,0.0001,40,40,40,0
S1,leave_environment_B_antenna,polynomial,36,0.0001,40,40,40,0
S1,leave_environment_B_antenna,polynomial,37,0.0001,40,40,40,0
S1,leave_environment_B_antenna,polynomial,38,0.0001,40,40,40,0
S1,leave_environment_B_antenna,polynomial,39,0.0001,40,40,40,0
S1,leave_environment_B_antenna,polynomial,40,0.0001,40,40,40,0
S1,leave_environment_B_antenna,polynomial,31,0.00031622776601683794,40,40,40,0
S1,leave_environment_B_antenna,polynomial,32,0.00031622776601683794,40,40,40,0
S1,leave_environment_B_antenna,polynomial,33,0.00031622776601683794,40,40,40,0
S1,leave_environment_B_antenna,polynomial,34,0.00031622776601683794,40,40,40,0
S1,leave_environment_B_antenna,polynomial,35,0.00031622776601683794,40,40,40,0
S1,leave_environment_B_antenna,polynomial,36,0.00031622776601683794,40,40,40,0
S1,leave_environment_B_antenna,polynomial,37,0.00031622776601683794,40,40,40,0
S1,leave_environment_B_antenna,polynomial,38,0.00031622776601683794,40,40,40,0
S1,leave_environment_B_antenna,polynomial,39,0.00031622776601683794,40,40,40,0
S1,leave_environment_B_antenna,polynomial,40,0.00031622776601683794,40,40,40,0
S1,leave_environment_B_antenna,polynomial,31,0.001,40,40,40,0
S1,leave_environment_B_antenna,polynomial,32,0.001,40,40,40,0
S1,leave_environment_B_antenna,polynomial,33,0.001,40,40,40,0
S1,leave_environment_B_antenna,polynomial,34,0.001,40,40,40,0
S1,leave_environment_B_antenna,polynomial,35,0.001,40,40,40,0
S1,leave_environment_B_antenna,polynomial,36,0.001,40,40,40,0
S1,leave_environment_B_antenna,polynomial,37,0.001,40,40,40,0
S1,leave_environment_B_antenna,polynomial,38,0.001,40,40,40,0
S1,leave_environment_B_antenna,polynomial,39,0.001,40,40,40,0
S1,leave_environment_B_antenna,polynomial,40,0.001,40,40,40,0
S1,leave_environment_B_antenna,polynomial,31,0.0031622776601683794,40,40,40,0
S1,leave_environment_B_antenna,polynomial,32,0.0031622776601683794,40,40,40,0
S1,leave_environment_B_antenna,polynomial,33,0.0031622776601683794,40,40,40,0
S1,leave_environment_B_antenna,polynomial,34,0.0031622776601683794,40,40,40,0
S1,leave_environment_B_antenna,polynomial,35,0.0031622776601683794,40,40,40,0
S1,leave_environment_B_antenna,polynomial,36,0.0031622776601683794,40,40,40,0
S1,leave_environment_B_antenna,polynomial,37,0.0031622776601683794,40,40,40,0
S1,leave_environment_B_antenna,polynomial,38,0.0031622776601683794,40,40,40,0
S1,leave_environment_B_antenna,polynomial,39,0.0031622776601683794,40,40,40,0
S1,leave_environment_B_antenna,polynomial,40,0.0031622776601683794,40,40,40,0
S1,leave_environment_B_antenna,polynomial,31,0.01,40,40,40,0
S1,leave_environment_B_antenna,polynomial,32,0.01,40,40,40,0
S1,leave_environment_B_antenna,polynomial,33,0.01,40,40,40,0
S1,leave_environment_B_antenna,polynomial,34,0.01,40,40,40,0
S1,leave_environment_B_antenna,polynomial,35,0.01,40,40,40,0
S1,leave_environment_B_antenna,polynomial,36,0.01,40,40,40,0
S1,leave_environment_B_antenna,polynomial,37,0.01,40,40,40,0
S1,leave_environment_B_antenna,polynomial,38,0.01,40,40,40,0
S1,leave_environment_B_antenna,polynomial,39,0.01,40,40,40,0
S1,leave_environment_B_antenna,polynomial,40,0.01,40,40,40,0
S1,leave_environment_B_antenna,polynomial,31,0.03162277660168379,40,40,40,0
S1,leave_environment_B_antenna,polynomial,32,0.03162277660168379,40,40,40,0
S1,leave_environment_B_antenna,polynomial,33,0.03162277660168379,40,40,40,0
S1,leave_environment_B_antenna,polynomial,34,0.03162277660168379,40,40,40,0
S1,leave_environment_B_antenna,polynomial,35,0.03162277660168379,40,40,40,0
S1,leave_environment_B_antenna,polynomial,36,0.03162277660168379,40,40,40,0
S1,leave_environment_B_antenna,polynomial,37,0.03162277660168379,40,40,40,0
S1,leave_environment_B_antenna,polynomial,38,0.03162277660168379,40,40,40,0
S1,leave_environment_B_antenna,polynomial,39,0.03162277660168379,40,40,40,0
S1,leave_environment_B_antenna,polynomial,40,0.03162277660168379,40,40,40,0
S1,leave_environment_B_antenna,polynomial,31,0.1,40,40,40,0
S1,leave_environment_B_antenna,polynomial,32,0.1,40,40,40,0
S1,leave_environment_B_antenna,polynomial,33,0.1,40,40,40,0
S1,leave_environment_B_antenna,polynomial,34,0.1,40,40,40,0
S1,leave_environment_B_antenna,polynomial,35,0.1,40,40,40,0
S1,leave_environment_B_antenna,polynomial,36,0.1,40,40,40,0
S1,leave_environment_B_antenna,polynomial,37,0.1,40,40,40,0
S1,leave_environment_B_antenna,polynomial,38,0.1,40,40,40,0
S1,leave_environment_B_antenna,polynomial,39,0.1,40,40,40,0
S1,leave_environment_B_antenna,polynomial,40,0.1,40,40,40,0
S1,leave_environment_B_antenna,polynomial,31,0.25,40,0,0,0
S1,leave_environment_B_antenna,polynomial,32,0.25,40,0,0,0
S1,leave_environment_B_antenna,polynomial,33,0.25,40,0,0,0
S1,leave_environment_B_antenna,polynomial,34,0.25,40,0,0,0
S1,leave_environment_B_antenna,polynomial,35,0.25,40,0,0,0
S1,leave_environment_B_antenna,polynomial,36,0.25,40,0,0,0
S1,leave_environment_B_antenna,polynomial,37,0.25,40,0,0,0
S1,leave_environment_B_antenna,polynomial,38,0.25,40,0,0,0
S1,leave_environment_B_antenna,polynomial,39,0.25,40,0,0,0
S1,leave_environment_B_antenna,polynomial,40,0.25,40,0,0,0
S1,leave_environment_B_antenna,random_orthogonal,31,1e-06,40,0,40,0
S1,leave_environment_B_antenna,random_orthogonal,32,1e-06,40,0,40,0
S1,leave_environment_B_antenna,random_orthogonal,33,1e-06,40,0,40,0
S1,leave_environment_B_antenna,random_orthogonal,34,1e-06,40,0,40,0
S1,leave_environment_B_antenna,random_orthogonal,35,1e-06,40,0,40,0
S1,leave_environment_B_antenna,random_orthogonal,36,1e-06,40,0,40,0
S1,leave_environment_B_antenna,random_orthogonal,37,1e-06,40,0,40,0
S1,leave_environment_B_antenna,random_orthogonal,38,1e-06,40,0,40,0
S1,leave_environment_B_antenna,random_orthogonal,39,1e-06,40,0,40,0
S1,leave_environment_B_antenna,random_orthogonal,40,1e-06,40,0,40,0
S1,leave_environment_B_antenna,random_orthogonal,31,3.162277660168379e-06,40,0,40,0
S1,leave_environment_B_antenna,random_orthogonal,32,3.162277660168379e-06,40,0,40,0
S1,leave_environment_B_antenna,random_orthogonal,33,3.162277660168379e-06,40,0,40,0
S1,leave_environment_B_antenna,random_orthogonal,34,3.162277660168379e-06,40,0,40,0
S1,leave_environment_B_antenna,random_orthogonal,35,3.162277660168379e-06,40,0,40,0
S1,leave_environment_B_antenna,random_orthogonal,36,3.162277660168379e-06,40,0,40,0
S1,leave_environment_B_antenna,random_orthogonal,37,3.162277660168379e-06,40,0,40,0
S1,leave_environment_B_antenna,random_orthogonal,38,3.162277660168379e-06,40,0,40,0
S1,leave_environment_B_antenna,random_orthogonal,39,3.162277660168379e-06,40,0,40,0
S1,leave_environment_B_antenna,random_orthogonal,40,3.162277660168379e-06,40,0,40,0
S1,leave_environment_B_antenna,random_orthogonal,31,1e-05,40,0,40,0
S1,leave_environment_B_antenna,random_orthogonal,32,1e-05,40,0,40,0
S1,leave_environment_B_antenna,random_orthogonal,33,1e-05,40,0,40,0
S1,leave_environment_B_antenna,random_orthogonal,34,1e-05,40,0,40,0
S1,leave_environment_B_antenna,random_orthogonal,35,1e-05,40,0,40,0
S1,leave_environment_B_antenna,random_orthogonal,36,1e-05,40,0,40,0
S1,leave_environment_B_antenna,random_orthogonal,37,1e-05,40,0,40,0
S1,leave_environment_B_antenna,random_orthogonal,38,1e-05,40,0,40,0
S1,leave_environment_B_antenna,random_orthogonal,39,1e-05,40,0,40,0
S1,leave_environment_B_antenna,random_orthogonal,40,1e-05,40,0,40,0
S1,leave_environment_B_antenna,random_orthogonal,31,3.1622776601683795e-05,40,0,40,0
S1,leave_environment_B_antenna,random_orthogonal,32,3.1622776601683795e-05,40,0,40,0
S1,leave_environment_B_antenna,random_orthogonal,33,3.1622776601683795e-05,40,0,40,0
S1,leave_environment_B_antenna,random_orthogonal,34,3.1622776601683795e-05,40,0,40,0
S1,leave_environment_B_antenna,random_orthogonal,35,3.1622776601683795e-05,40,0,40,0
S1,leave_environment_B_antenna,random_orthogonal,36,3.1622776601683795e-05,40,0,40,0
S1,leave_environment_B_antenna,random_orthogonal,37,3.1622776601683795e-05,40,0,40,0
S1,leave_environment_B_antenna,random_orthogonal,38,3.1622776601683795e-05,40,0,40,0
S1,leave_environment_B_antenna,random_orthogonal,39,3.1622776601683795e-05,40,0,40,0
S1,leave_environment_B_antenna,random_orthogonal,40,3.1622776601683795e-05,40,0,40,0
S1,leave_environment_B_antenna,random_orthogonal,31,0.0001,40,0,40,0
S1,leave_environment_B_antenna,random_orthogonal,32,0.0001,40,0,40,0
S1,leave_environment_B_antenna,random_orthogonal,33,0.0001,40,0,40,0
S1,leave_environment_B_antenna,random_orthogonal,34,0.0001,40,0,40,0
S1,leave_environment_B_antenna,random_orthogonal,35,0.0001,40,0,40,0
S1,leave_environment_B_antenna,random_orthogonal,36,0.0001,40,0,40,0
S1,leave_environment_B_antenna,random_orthogonal,37,0.0001,40,0,40,0
S1,leave_environment_B_antenna,random_orthogonal,38,0.0001,40,0,40,0
S1,leave_environment_B_antenna,random_orthogonal,39,0.0001,40,0,40,0
S1,leave_environment_B_antenna,random_orthogonal,40,0.0001,40,0,40,0
S1,leave_environment_B_antenna,random_orthogonal,31,0.00031622776601683794,40,0,40,0
S1,leave_environment_B_antenna,random_orthogonal,32,0.00031622776601683794,40,0,40,0
S1,leave_environment_B_antenna,random_orthogonal,33,0.00031622776601683794,40,0,40,0
S1,leave_environment_B_antenna,random_orthogonal,34,0.00031622776601683794,40,0,40,0
S1,leave_environment_B_antenna,random_orthogonal,35,0.00031622776601683794,40,0,40,0
S1,leave_environment_B_antenna,random_orthogonal,36,0.00031622776601683794,40,0,40,0
S1,leave_environment_B_antenna,random_orthogonal,37,0.00031622776601683794,40,0,40,0
S1,leave_environment_B_antenna,random_orthogonal,38,0.00031622776601683794,40,0,40,0
S1,leave_environment_B_antenna,random_orthogonal,39,0.00031622776601683794,40,0,40,0
S1,leave_environment_B_antenna,random_orthogonal,40,0.00031622776601683794,40,0,40,0
S1,leave_environment_B_antenna,random_orthogonal,31,0.001,40,0,40,0
S1,leave_environment_B_antenna,random_orthogonal,32,0.001,40,0,40,0
S1,leave_environment_B_antenna,random_orthogonal,33,0.001,40,0,40,0
S1,leave_environment_B_antenna,random_orthogonal,34,0.001,40,0,40,0
S1,leave_environment_B_antenna,random_orthogonal,35,0.001,40,0,40,0
S1,leave_environment_B_antenna,random_orthogonal,36,0.001,40,0,40,0
S1,leave_environment_B_antenna,random_orthogonal,37,0.001,40,0,40,0
S1,leave_environment_B_antenna,random_orthogonal,38,0.001,40,0,40,0
S1,leave_environment_B_antenna,random_orthogonal,39,0.001,40,0,40,0
S1,leave_environment_B_antenna,random_orthogonal,40,0.001,40,0,40,0
S1,leave_environment_B_antenna,random_orthogonal,31,0.0031622776601683794,40,0,40,0
S1,leave_environment_B_antenna,random_orthogonal,32,0.0031622776601683794,40,0,40,0
S1,leave_environment_B_antenna,random_orthogonal,33,0.0031622776601683794,40,0,40,0
S1,leave_environment_B_antenna,random_orthogonal,34,0.0031622776601683794,40,0,40,0
S1,leave_environment_B_antenna,random_orthogonal,35,0.0031622776601683794,40,0,40,0
S1,leave_environment_B_antenna,random_orthogonal,36,0.0031622776601683794,40,0,40,0
S1,leave_environment_B_antenna,random_orthogonal,37,0.0031622776601683794,40,0,40,0
S1,leave_environment_B_antenna,random_orthogonal,38,0.0031622776601683794,40,0,40,0
S1,leave_environment_B_antenna,random_orthogonal,39,0.0031622776601683794,40,0,40,0
S1,leave_environment_B_antenna,random_orthogonal,40,0.0031622776601683794,40,0,40,0
S1,leave_environment_B_antenna,random_orthogonal,31,0.01,40,10,40,0
S1,leave_environment_B_antenna,random_orthogonal,32,0.01,40,0,40,0
S1,leave_environment_B_antenna,random_orthogonal,33,0.01,40,0,40,0
S1,leave_environment_B_antenna,random_orthogonal,34,0.01,40,0,40,0
S1,leave_environment_B_antenna,random_orthogonal,35,0.01,40,0,40,0
S1,leave_environment_B_antenna,random_orthogonal,36,0.01,40,0,40,0
S1,leave_environment_B_antenna,random_orthogonal,37,0.01,40,0,40,0
S1,leave_environment_B_antenna,random_orthogonal,38,0.01,40,0,40,0
S1,leave_environment_B_antenna,random_orthogonal,39,0.01,40,0,40,0
S1,leave_environment_B_antenna,random_orthogonal,40,0.01,40,2,40,0
S1,leave_environment_B_antenna,random_orthogonal,31,0.03162277660168379,40,40,40,0
S1,leave_environment_B_antenna,random_orthogonal,32,0.03162277660168379,40,40,40,0
S1,leave_environment_B_antenna,random_orthogonal,33,0.03162277660168379,40,40,40,0
S1,leave_environment_B_antenna,random_orthogonal,34,0.03162277660168379,40,40,40,0
S1,leave_environment_B_antenna,random_orthogonal,35,0.03162277660168379,40,40,40,0
S1,leave_environment_B_antenna,random_orthogonal,36,0.03162277660168379,40,40,40,0
S1,leave_environment_B_antenna,random_orthogonal,37,0.03162277660168379,40,40,40,0
S1,leave_environment_B_antenna,random_orthogonal,38,0.03162277660168379,40,40,40,0
S1,leave_environment_B_antenna,random_orthogonal,39,0.03162277660168379,40,40,40,0
S1,leave_environment_B_antenna,random_orthogonal,40,0.03162277660168379,40,40,40,0
S1,leave_environment_B_antenna,random_orthogonal,31,0.1,40,40,40,0
S1,leave_environment_B_antenna,random_orthogonal,32,0.1,40,40,40,0
S1,leave_environment_B_antenna,random_orthogonal,33,0.1,40,40,40,0
S1,leave_environment_B_antenna,random_orthogonal,34,0.1,40,40,40,0
S1,leave_environment_B_antenna,random_orthogonal,35,0.1,40,40,40,0
S1,leave_environment_B_antenna,random_orthogonal,36,0.1,40,40,40,0
S1,leave_environment_B_antenna,random_orthogonal,37,0.1,40,40,40,0
S1,leave_environment_B_antenna,random_orthogonal,38,0.1,40,40,40,0
S1,leave_environment_B_antenna,random_orthogonal,39,0.1,40,40,40,0
S1,leave_environment_B_antenna,random_orthogonal,40,0.1,40,40,40,0
S1,leave_environment_B_antenna,random_orthogonal,31,0.25,40,0,0,0
S1,leave_environment_B_antenna,random_orthogonal,32,0.25,40,0,0,0
S1,leave_environment_B_antenna,random_orthogonal,33,0.25,40,0,0,0
S1,leave_environment_B_antenna,random_orthogonal,34,0.25,40,0,0,0
S1,leave_environment_B_antenna,random_orthogonal,35,0.25,40,0,0,0
S1,leave_environment_B_antenna,random_orthogonal,36,0.25,40,0,0,0
S1,leave_environment_B_antenna,random_orthogonal,37,0.25,40,0,0,0
S1,leave_environment_B_antenna,random_orthogonal,38,0.25,40,0,0,0
S1,leave_environment_B_antenna,random_orthogonal,39,0.25,40,0,0,0
S1,leave_environment_B_antenna,random_orthogonal,40,0.25,40,0,0,0
S1,leave_environment_B_antenna,permuted_polynomial,31,1e-06,40,0,40,0
S1,leave_environment_B_antenna,permuted_polynomial,32,1e-06,40,0,40,0
S1,leave_environment_B_antenna,permuted_polynomial,33,1e-06,40,0,40,0
S1,leave_environment_B_antenna,permuted_polynomial,34,1e-06,40,0,40,0
S1,leave_environment_B_antenna,permuted_polynomial,35,1e-06,40,0,40,0
S1,leave_environment_B_antenna,permuted_polynomial,36,1e-06,40,0,40,0
S1,leave_environment_B_antenna,permuted_polynomial,37,1e-06,40,0,40,0
S1,leave_environment_B_antenna,permuted_polynomial,38,1e-06,40,0,40,0
S1,leave_environment_B_antenna,permuted_polynomial,39,1e-06,40,0,40,0
S1,leave_environment_B_antenna,permuted_polynomial,40,1e-06,40,0,40,0
S1,leave_environment_B_antenna,permuted_polynomial,31,3.162277660168379e-06,40,0,40,0
S1,leave_environment_B_antenna,permuted_polynomial,32,3.162277660168379e-06,40,0,40,0
S1,leave_environment_B_antenna,permuted_polynomial,33,3.162277660168379e-06,40,0,40,0
S1,leave_environment_B_antenna,permuted_polynomial,34,3.162277660168379e-06,40,0,40,0
S1,leave_environment_B_antenna,permuted_polynomial,35,3.162277660168379e-06,40,0,40,0
S1,leave_environment_B_antenna,permuted_polynomial,36,3.162277660168379e-06,40,0,40,0
S1,leave_environment_B_antenna,permuted_polynomial,37,3.162277660168379e-06,40,0,40,0
S1,leave_environment_B_antenna,permuted_polynomial,38,3.162277660168379e-06,40,0,40,0
S1,leave_environment_B_antenna,permuted_polynomial,39,3.162277660168379e-06,40,0,40,0
S1,leave_environment_B_antenna,permuted_polynomial,40,3.162277660168379e-06,40,0,40,0
S1,leave_environment_B_antenna,permuted_polynomial,31,1e-05,40,0,40,0
S1,leave_environment_B_antenna,permuted_polynomial,32,1e-05,40,0,40,0
S1,leave_environment_B_antenna,permuted_polynomial,33,1e-05,40,0,40,0
S1,leave_environment_B_antenna,permuted_polynomial,34,1e-05,40,0,40,0
S1,leave_environment_B_antenna,permuted_polynomial,35,1e-05,40,0,40,0
S1,leave_environment_B_antenna,permuted_polynomial,36,1e-05,40,0,40,0
S1,leave_environment_B_antenna,permuted_polynomial,37,1e-05,40,0,40,0
S1,leave_environment_B_antenna,permuted_polynomial,38,1e-05,40,0,40,0
S1,leave_environment_B_antenna,permuted_polynomial,39,1e-05,40,0,40,0
S1,leave_environment_B_antenna,permuted_polynomial,40,1e-05,40,0,40,0
S1,leave_environment_B_antenna,permuted_polynomial,31,3.1622776601683795e-05,40,0,40,0
S1,leave_environment_B_antenna,permuted_polynomial,32,3.1622776601683795e-05,40,0,40,0
S1,leave_environment_B_antenna,permuted_polynomial,33,3.1622776601683795e-05,40,0,40,0
S1,leave_environment_B_antenna,permuted_polynomial,34,3.1622776601683795e-05,40,0,40,0
S1,leave_environment_B_antenna,permuted_polynomial,35,3.1622776601683795e-05,40,0,40,0
S1,leave_environment_B_antenna,permuted_polynomial,36,3.1622776601683795e-05,40,0,40,0
S1,leave_environment_B_antenna,permuted_polynomial,37,3.1622776601683795e-05,40,0,40,0
S1,leave_environment_B_antenna,permuted_polynomial,38,3.1622776601683795e-05,40,0,40,0
S1,leave_environment_B_antenna,permuted_polynomial,39,3.1622776601683795e-05,40,0,40,0
S1,leave_environment_B_antenna,permuted_polynomial,40,3.1622776601683795e-05,40,0,40,0
S1,leave_environment_B_antenna,permuted_polynomial,31,0.0001,40,0,40,0
S1,leave_environment_B_antenna,permuted_polynomial,32,0.0001,40,0,40,0
S1,leave_environment_B_antenna,permuted_polynomial,33,0.0001,40,0,40,0
S1,leave_environment_B_antenna,permuted_polynomial,34,0.0001,40,0,40,0
S1,leave_environment_B_antenna,permuted_polynomial,35,0.0001,40,0,40,0
S1,leave_environment_B_antenna,permuted_polynomial,36,0.0001,40,0,40,0
S1,leave_environment_B_antenna,permuted_polynomial,37,0.0001,40,0,40,0
S1,leave_environment_B_antenna,permuted_polynomial,38,0.0001,40,0,40,0
S1,leave_environment_B_antenna,permuted_polynomial,39,0.0001,40,0,40,0
S1,leave_environment_B_antenna,permuted_polynomial,40,0.0001,40,0,40,0
S1,leave_environment_B_antenna,permuted_polynomial,31,0.00031622776601683794,40,0,40,0
S1,leave_environment_B_antenna,permuted_polynomial,32,0.00031622776601683794,40,0,40,0
S1,leave_environment_B_antenna,permuted_polynomial,33,0.00031622776601683794,40,0,40,0
S1,leave_environment_B_antenna,permuted_polynomial,34,0.00031622776601683794,40,0,40,0
S1,leave_environment_B_antenna,permuted_polynomial,35,0.00031622776601683794,40,0,40,0
S1,leave_environment_B_antenna,permuted_polynomial,36,0.00031622776601683794,40,0,40,0
S1,leave_environment_B_antenna,permuted_polynomial,37,0.00031622776601683794,40,0,40,0
S1,leave_environment_B_antenna,permuted_polynomial,38,0.00031622776601683794,40,0,40,0
S1,leave_environment_B_antenna,permuted_polynomial,39,0.00031622776601683794,40,0,40,0
S1,leave_environment_B_antenna,permuted_polynomial,40,0.00031622776601683794,40,0,40,0
S1,leave_environment_B_antenna,permuted_polynomial,31,0.001,40,18,40,0
S1,leave_environment_B_antenna,permuted_polynomial,32,0.001,40,23,40,0
S1,leave_environment_B_antenna,permuted_polynomial,33,0.001,40,8,40,0
S1,leave_environment_B_antenna,permuted_polynomial,34,0.001,40,1,40,0
S1,leave_environment_B_antenna,permuted_polynomial,35,0.001,40,0,40,0
S1,leave_environment_B_antenna,permuted_polynomial,36,0.001,40,5,40,0
S1,leave_environment_B_antenna,permuted_polynomial,37,0.001,40,14,40,0
S1,leave_environment_B_antenna,permuted_polynomial,38,0.001,40,0,40,0
S1,leave_environment_B_antenna,permuted_polynomial,39,0.001,40,13,40,0
S1,leave_environment_B_antenna,permuted_polynomial,40,0.001,40,7,40,0
S1,leave_environment_B_antenna,permuted_polynomial,31,0.0031622776601683794,40,35,40,0
S1,leave_environment_B_antenna,permuted_polynomial,32,0.0031622776601683794,40,31,40,0
S1,leave_environment_B_antenna,permuted_polynomial,33,0.0031622776601683794,40,22,40,0
S1,leave_environment_B_antenna,permuted_polynomial,34,0.0031622776601683794,40,1,40,0
S1,leave_environment_B_antenna,permuted_polynomial,35,0.0031622776601683794,40,0,40,0
S1,leave_environment_B_antenna,permuted_polynomial,36,0.0031622776601683794,40,6,40,0
S1,leave_environment_B_antenna,permuted_polynomial,37,0.0031622776601683794,40,14,40,0
S1,leave_environment_B_antenna,permuted_polynomial,38,0.0031622776601683794,40,0,40,0
S1,leave_environment_B_antenna,permuted_polynomial,39,0.0031622776601683794,40,14,40,0
S1,leave_environment_B_antenna,permuted_polynomial,40,0.0031622776601683794,40,9,40,0
S1,leave_environment_B_antenna,permuted_polynomial,31,0.01,40,40,40,0
S1,leave_environment_B_antenna,permuted_polynomial,32,0.01,40,40,40,0
S1,leave_environment_B_antenna,permuted_polynomial,33,0.01,40,35,40,0
S1,leave_environment_B_antenna,permuted_polynomial,34,0.01,40,36,40,0
S1,leave_environment_B_antenna,permuted_polynomial,35,0.01,40,40,40,0
S1,leave_environment_B_antenna,permuted_polynomial,36,0.01,40,40,40,0
S1,leave_environment_B_antenna,permuted_polynomial,37,0.01,40,14,40,0
S1,leave_environment_B_antenna,permuted_polynomial,38,0.01,40,37,40,0
S1,leave_environment_B_antenna,permuted_polynomial,39,0.01,40,39,40,0
S1,leave_environment_B_antenna,permuted_polynomial,40,0.01,40,37,40,0
S1,leave_environment_B_antenna,permuted_polynomial,31,0.03162277660168379,40,40,40,0
S1,leave_environment_B_antenna,permuted_polynomial,32,0.03162277660168379,40,40,40,0
S1,leave_environment_B_antenna,permuted_polynomial,33,0.03162277660168379,40,40,40,0
S1,leave_environment_B_antenna,permuted_polynomial,34,0.03162277660168379,40,40,40,0
S1,leave_environment_B_antenna,permuted_polynomial,35,0.03162277660168379,40,40,40,0
S1,leave_environment_B_antenna,permuted_polynomial,36,0.03162277660168379,40,40,40,0
S1,leave_environment_B_antenna,permuted_polynomial,37,0.03162277660168379,40,40,40,0
S1,leave_environment_B_antenna,permuted_polynomial,38,0.03162277660168379,40,40,40,0
S1,leave_environment_B_antenna,permuted_polynomial,39,0.03162277660168379,40,40,40,0
S1,leave_environment_B_antenna,permuted_polynomial,40,0.03162277660168379,40,40,40,0
S1,leave_environment_B_antenna,permuted_polynomial,31,0.1,40,40,40,0
S1,leave_environment_B_antenna,permuted_polynomial,32,0.1,40,40,40,0
S1,leave_environment_B_antenna,permuted_polynomial,33,0.1,40,40,40,0
S1,leave_environment_B_antenna,permuted_polynomial,34,0.1,40,40,40,0
S1,leave_environment_B_antenna,permuted_polynomial,35,0.1,40,40,40,0
S1,leave_environment_B_antenna,permuted_polynomial,36,0.1,40,40,40,0
S1,leave_environment_B_antenna,permuted_polynomial,37,0.1,40,40,40,0
S1,leave_environment_B_antenna,permuted_polynomial,38,0.1,40,40,40,0
S1,leave_environment_B_antenna,permuted_polynomial,39,0.1,40,40,40,0
S1,leave_environment_B_antenna,permuted_polynomial,40,0.1,40,40,40,0
S1,leave_environment_B_antenna,permuted_polynomial,31,0.25,40,0,0,0
S1,leave_environment_B_antenna,permuted_polynomial,32,0.25,40,0,0,0
S1,leave_environment_B_antenna,permuted_polynomial,33,0.25,40,0,0,0
S1,leave_environment_B_antenna,permuted_polynomial,34,0.25,40,0,0,0
S1,leave_environment_B_antenna,permuted_polynomial,35,0.25,40,0,0,0
S1,leave_environment_B_antenna,permuted_polynomial,36,0.25,40,0,0,0
S1,leave_environment_B_antenna,permuted_polynomial,37,0.25,40,0,0,0
S1,leave_environment_B_antenna,permuted_polynomial,38,0.25,40,0,0,0
S1,leave_environment_B_antenna,permuted_polynomial,39,0.25,40,0,0,0
S1,leave_environment_B_antenna,permuted_polynomial,40,0.25,40,0,0,0
S1,leave_environment_B_walk,coordinate,31,1e-06,40,0,40,0
S1,leave_environment_B_walk,coordinate,32,1e-06,40,0,40,0
S1,leave_environment_B_walk,coordinate,33,1e-06,40,0,40,0
S1,leave_environment_B_walk,coordinate,34,1e-06,40,0,40,0
S1,leave_environment_B_walk,coordinate,35,1e-06,40,0,40,0
S1,leave_environment_B_walk,coordinate,36,1e-06,40,0,40,0
S1,leave_environment_B_walk,coordinate,37,1e-06,40,0,40,0
S1,leave_environment_B_walk,coordinate,38,1e-06,40,0,40,0
S1,leave_environment_B_walk,coordinate,39,1e-06,40,0,40,0
S1,leave_environment_B_walk,coordinate,40,1e-06,40,0,40,0
S1,leave_environment_B_walk,coordinate,31,3.162277660168379e-06,40,0,40,0
S1,leave_environment_B_walk,coordinate,32,3.162277660168379e-06,40,0,40,0
S1,leave_environment_B_walk,coordinate,33,3.162277660168379e-06,40,0,40,0
S1,leave_environment_B_walk,coordinate,34,3.162277660168379e-06,40,0,40,0
S1,leave_environment_B_walk,coordinate,35,3.162277660168379e-06,40,0,40,0
S1,leave_environment_B_walk,coordinate,36,3.162277660168379e-06,40,0,40,0
S1,leave_environment_B_walk,coordinate,37,3.162277660168379e-06,40,0,40,0
S1,leave_environment_B_walk,coordinate,38,3.162277660168379e-06,40,0,40,0
S1,leave_environment_B_walk,coordinate,39,3.162277660168379e-06,40,0,40,0
S1,leave_environment_B_walk,coordinate,40,3.162277660168379e-06,40,0,40,0
S1,leave_environment_B_walk,coordinate,31,1e-05,40,0,40,0
S1,leave_environment_B_walk,coordinate,32,1e-05,40,0,40,0
S1,leave_environment_B_walk,coordinate,33,1e-05,40,0,40,0
S1,leave_environment_B_walk,coordinate,34,1e-05,40,0,40,0
S1,leave_environment_B_walk,coordinate,35,1e-05,40,0,40,0
S1,leave_environment_B_walk,coordinate,36,1e-05,40,0,40,0
S1,leave_environment_B_walk,coordinate,37,1e-05,40,0,40,0
S1,leave_environment_B_walk,coordinate,38,1e-05,40,0,40,0
S1,leave_environment_B_walk,coordinate,39,1e-05,40,0,40,0
S1,leave_environment_B_walk,coordinate,40,1e-05,40,0,40,0
S1,leave_environment_B_walk,coordinate,31,3.1622776601683795e-05,40,0,40,0
S1,leave_environment_B_walk,coordinate,32,3.1622776601683795e-05,40,0,40,0
S1,leave_environment_B_walk,coordinate,33,3.1622776601683795e-05,40,0,40,0
S1,leave_environment_B_walk,coordinate,34,3.1622776601683795e-05,40,0,40,0
S1,leave_environment_B_walk,coordinate,35,3.1622776601683795e-05,40,0,40,0
S1,leave_environment_B_walk,coordinate,36,3.1622776601683795e-05,40,0,40,0
S1,leave_environment_B_walk,coordinate,37,3.1622776601683795e-05,40,0,40,0
S1,leave_environment_B_walk,coordinate,38,3.1622776601683795e-05,40,0,40,0
S1,leave_environment_B_walk,coordinate,39,3.1622776601683795e-05,40,0,40,0
S1,leave_environment_B_walk,coordinate,40,3.1622776601683795e-05,40,0,40,0
S1,leave_environment_B_walk,coordinate,31,0.0001,40,0,40,0
S1,leave_environment_B_walk,coordinate,32,0.0001,40,0,40,0
S1,leave_environment_B_walk,coordinate,33,0.0001,40,0,40,0
S1,leave_environment_B_walk,coordinate,34,0.0001,40,0,40,0
S1,leave_environment_B_walk,coordinate,35,0.0001,40,0,40,0
S1,leave_environment_B_walk,coordinate,36,0.0001,40,0,40,0
S1,leave_environment_B_walk,coordinate,37,0.0001,40,0,40,0
S1,leave_environment_B_walk,coordinate,38,0.0001,40,0,40,0
S1,leave_environment_B_walk,coordinate,39,0.0001,40,0,40,0
S1,leave_environment_B_walk,coordinate,40,0.0001,40,0,40,0
S1,leave_environment_B_walk,coordinate,31,0.00031622776601683794,40,0,40,0
S1,leave_environment_B_walk,coordinate,32,0.00031622776601683794,40,0,40,0
S1,leave_environment_B_walk,coordinate,33,0.00031622776601683794,40,0,40,0
S1,leave_environment_B_walk,coordinate,34,0.00031622776601683794,40,0,40,0
S1,leave_environment_B_walk,coordinate,35,0.00031622776601683794,40,0,40,0
S1,leave_environment_B_walk,coordinate,36,0.00031622776601683794,40,0,40,0
S1,leave_environment_B_walk,coordinate,37,0.00031622776601683794,40,0,40,0
S1,leave_environment_B_walk,coordinate,38,0.00031622776601683794,40,0,40,0
S1,leave_environment_B_walk,coordinate,39,0.00031622776601683794,40,0,40,0
S1,leave_environment_B_walk,coordinate,40,0.00031622776601683794,40,0,40,0
S1,leave_environment_B_walk,coordinate,31,0.001,40,0,40,0
S1,leave_environment_B_walk,coordinate,32,0.001,40,0,40,0
S1,leave_environment_B_walk,coordinate,33,0.001,40,0,40,0
S1,leave_environment_B_walk,coordinate,34,0.001,40,0,40,0
S1,leave_environment_B_walk,coordinate,35,0.001,40,0,40,0
S1,leave_environment_B_walk,coordinate,36,0.001,40,0,40,0
S1,leave_environment_B_walk,coordinate,37,0.001,40,0,40,0
S1,leave_environment_B_walk,coordinate,38,0.001,40,0,40,0
S1,leave_environment_B_walk,coordinate,39,0.001,40,0,40,0
S1,leave_environment_B_walk,coordinate,40,0.001,40,0,40,0
S1,leave_environment_B_walk,coordinate,31,0.0031622776601683794,40,0,40,0
S1,leave_environment_B_walk,coordinate,32,0.0031622776601683794,40,0,40,0
S1,leave_environment_B_walk,coordinate,33,0.0031622776601683794,40,0,40,0
S1,leave_environment_B_walk,coordinate,34,0.0031622776601683794,40,0,40,0
S1,leave_environment_B_walk,coordinate,35,0.0031622776601683794,40,0,40,0
S1,leave_environment_B_walk,coordinate,36,0.0031622776601683794,40,0,40,0
S1,leave_environment_B_walk,coordinate,37,0.0031622776601683794,40,0,40,0
S1,leave_environment_B_walk,coordinate,38,0.0031622776601683794,40,0,40,0
S1,leave_environment_B_walk,coordinate,39,0.0031622776601683794,40,0,40,0
S1,leave_environment_B_walk,coordinate,40,0.0031622776601683794,40,0,40,0
S1,leave_environment_B_walk,coordinate,31,0.01,40,0,40,0
S1,leave_environment_B_walk,coordinate,32,0.01,40,0,40,0
S1,leave_environment_B_walk,coordinate,33,0.01,40,0,40,0
S1,leave_environment_B_walk,coordinate,34,0.01,40,0,40,0
S1,leave_environment_B_walk,coordinate,35,0.01,40,0,40,0
S1,leave_environment_B_walk,coordinate,36,0.01,40,0,40,0
S1,leave_environment_B_walk,coordinate,37,0.01,40,0,40,0
S1,leave_environment_B_walk,coordinate,38,0.01,40,0,40,0
S1,leave_environment_B_walk,coordinate,39,0.01,40,0,40,0
S1,leave_environment_B_walk,coordinate,40,0.01,40,0,40,0
S1,leave_environment_B_walk,coordinate,31,0.03162277660168379,40,0,40,0
S1,leave_environment_B_walk,coordinate,32,0.03162277660168379,40,0,40,0
S1,leave_environment_B_walk,coordinate,33,0.03162277660168379,40,0,40,0
S1,leave_environment_B_walk,coordinate,34,0.03162277660168379,40,0,40,0
S1,leave_environment_B_walk,coordinate,35,0.03162277660168379,40,0,40,0
S1,leave_environment_B_walk,coordinate,36,0.03162277660168379,40,0,40,0
S1,leave_environment_B_walk,coordinate,37,0.03162277660168379,40,0,40,0
S1,leave_environment_B_walk,coordinate,38,0.03162277660168379,40,0,40,0
S1,leave_environment_B_walk,coordinate,39,0.03162277660168379,40,0,40,0
S1,leave_environment_B_walk,coordinate,40,0.03162277660168379,40,0,40,0
S1,leave_environment_B_walk,coordinate,31,0.1,40,0,0,0
S1,leave_environment_B_walk,coordinate,32,0.1,40,0,1,0
S1,leave_environment_B_walk,coordinate,33,0.1,40,0,1,0
S1,leave_environment_B_walk,coordinate,34,0.1,40,0,1,0
S1,leave_environment_B_walk,coordinate,35,0.1,40,0,0,0
S1,leave_environment_B_walk,coordinate,36,0.1,40,0,2,0
S1,leave_environment_B_walk,coordinate,37,0.1,40,0,0,0
S1,leave_environment_B_walk,coordinate,38,0.1,40,0,1,0
S1,leave_environment_B_walk,coordinate,39,0.1,40,0,1,0
S1,leave_environment_B_walk,coordinate,40,0.1,40,0,0,0
S1,leave_environment_B_walk,coordinate,31,0.25,40,0,0,0
S1,leave_environment_B_walk,coordinate,32,0.25,40,0,0,0
S1,leave_environment_B_walk,coordinate,33,0.25,40,0,0,0
S1,leave_environment_B_walk,coordinate,34,0.25,40,0,0,0
S1,leave_environment_B_walk,coordinate,35,0.25,40,0,0,0
S1,leave_environment_B_walk,coordinate,36,0.25,40,0,0,0
S1,leave_environment_B_walk,coordinate,37,0.25,40,0,0,0
S1,leave_environment_B_walk,coordinate,38,0.25,40,0,0,0
S1,leave_environment_B_walk,coordinate,39,0.25,40,0,0,0
S1,leave_environment_B_walk,coordinate,40,0.25,40,0,0,0
S1,leave_environment_B_walk,dct,31,1e-06,40,0,40,0
S1,leave_environment_B_walk,dct,32,1e-06,40,0,40,0
S1,leave_environment_B_walk,dct,33,1e-06,40,0,40,0
S1,leave_environment_B_walk,dct,34,1e-06,40,0,40,0
S1,leave_environment_B_walk,dct,35,1e-06,40,0,40,0
S1,leave_environment_B_walk,dct,36,1e-06,40,0,40,0
S1,leave_environment_B_walk,dct,37,1e-06,40,0,40,0
S1,leave_environment_B_walk,dct,38,1e-06,40,0,40,0
S1,leave_environment_B_walk,dct,39,1e-06,40,0,40,0
S1,leave_environment_B_walk,dct,40,1e-06,40,0,40,0
S1,leave_environment_B_walk,dct,31,3.162277660168379e-06,40,0,40,0
S1,leave_environment_B_walk,dct,32,3.162277660168379e-06,40,0,40,0
S1,leave_environment_B_walk,dct,33,3.162277660168379e-06,40,0,40,0
S1,leave_environment_B_walk,dct,34,3.162277660168379e-06,40,0,40,0
S1,leave_environment_B_walk,dct,35,3.162277660168379e-06,40,0,40,0
S1,leave_environment_B_walk,dct,36,3.162277660168379e-06,40,0,40,0
S1,leave_environment_B_walk,dct,37,3.162277660168379e-06,40,0,40,0
S1,leave_environment_B_walk,dct,38,3.162277660168379e-06,40,0,40,0
S1,leave_environment_B_walk,dct,39,3.162277660168379e-06,40,0,40,0
S1,leave_environment_B_walk,dct,40,3.162277660168379e-06,40,0,40,0
S1,leave_environment_B_walk,dct,31,1e-05,40,0,40,0
S1,leave_environment_B_walk,dct,32,1e-05,40,0,40,0
S1,leave_environment_B_walk,dct,33,1e-05,40,0,40,0
S1,leave_environment_B_walk,dct,34,1e-05,40,0,40,0
S1,leave_environment_B_walk,dct,35,1e-05,40,0,40,0
S1,leave_environment_B_walk,dct,36,1e-05,40,0,40,0
S1,leave_environment_B_walk,dct,37,1e-05,40,0,40,0
S1,leave_environment_B_walk,dct,38,1e-05,40,0,40,0
S1,leave_environment_B_walk,dct,39,1e-05,40,0,40,0
S1,leave_environment_B_walk,dct,40,1e-05,40,0,40,0
S1,leave_environment_B_walk,dct,31,3.1622776601683795e-05,40,0,40,0
S1,leave_environment_B_walk,dct,32,3.1622776601683795e-05,40,0,40,0
S1,leave_environment_B_walk,dct,33,3.1622776601683795e-05,40,0,40,0
S1,leave_environment_B_walk,dct,34,3.1622776601683795e-05,40,0,40,0
S1,leave_environment_B_walk,dct,35,3.1622776601683795e-05,40,0,40,0
S1,leave_environment_B_walk,dct,36,3.1622776601683795e-05,40,0,40,0
S1,leave_environment_B_walk,dct,37,3.1622776601683795e-05,40,0,40,0
S1,leave_environment_B_walk,dct,38,3.1622776601683795e-05,40,0,40,0
S1,leave_environment_B_walk,dct,39,3.1622776601683795e-05,40,0,40,0
S1,leave_environment_B_walk,dct,40,3.1622776601683795e-05,40,0,40,0
S1,leave_environment_B_walk,dct,31,0.0001,40,0,40,0
S1,leave_environment_B_walk,dct,32,0.0001,40,0,40,0
S1,leave_environment_B_walk,dct,33,0.0001,40,0,40,0
S1,leave_environment_B_walk,dct,34,0.0001,40,0,40,0
S1,leave_environment_B_walk,dct,35,0.0001,40,0,40,0
S1,leave_environment_B_walk,dct,36,0.0001,40,0,40,0
S1,leave_environment_B_walk,dct,37,0.0001,40,0,40,0
S1,leave_environment_B_walk,dct,38,0.0001,40,0,40,0
S1,leave_environment_B_walk,dct,39,0.0001,40,0,40,0
S1,leave_environment_B_walk,dct,40,0.0001,40,0,40,0
S1,leave_environment_B_walk,dct,31,0.00031622776601683794,40,0,40,0
S1,leave_environment_B_walk,dct,32,0.00031622776601683794,40,0,40,0
S1,leave_environment_B_walk,dct,33,0.00031622776601683794,40,0,40,0
S1,leave_environment_B_walk,dct,34,0.00031622776601683794,40,0,40,0
S1,leave_environment_B_walk,dct,35,0.00031622776601683794,40,0,40,0
S1,leave_environment_B_walk,dct,36,0.00031622776601683794,40,0,40,0
S1,leave_environment_B_walk,dct,37,0.00031622776601683794,40,0,40,0
S1,leave_environment_B_walk,dct,38,0.00031622776601683794,40,0,40,0
S1,leave_environment_B_walk,dct,39,0.00031622776601683794,40,0,40,0
S1,leave_environment_B_walk,dct,40,0.00031622776601683794,40,0,40,0
S1,leave_environment_B_walk,dct,31,0.001,40,0,40,0
S1,leave_environment_B_walk,dct,32,0.001,40,0,40,0
S1,leave_environment_B_walk,dct,33,0.001,40,0,40,0
S1,leave_environment_B_walk,dct,34,0.001,40,0,40,0
S1,leave_environment_B_walk,dct,35,0.001,40,0,40,0
S1,leave_environment_B_walk,dct,36,0.001,40,0,40,0
S1,leave_environment_B_walk,dct,37,0.001,40,0,40,0
S1,leave_environment_B_walk,dct,38,0.001,40,0,40,0
S1,leave_environment_B_walk,dct,39,0.001,40,0,40,0
S1,leave_environment_B_walk,dct,40,0.001,40,0,40,0
S1,leave_environment_B_walk,dct,31,0.0031622776601683794,40,0,40,0
S1,leave_environment_B_walk,dct,32,0.0031622776601683794,40,0,40,0
S1,leave_environment_B_walk,dct,33,0.0031622776601683794,40,0,40,0
S1,leave_environment_B_walk,dct,34,0.0031622776601683794,40,0,40,0
S1,leave_environment_B_walk,dct,35,0.0031622776601683794,40,0,40,0
S1,leave_environment_B_walk,dct,36,0.0031622776601683794,40,0,40,0
S1,leave_environment_B_walk,dct,37,0.0031622776601683794,40,0,40,0
S1,leave_environment_B_walk,dct,38,0.0031622776601683794,40,0,40,0
S1,leave_environment_B_walk,dct,39,0.0031622776601683794,40,0,40,0
S1,leave_environment_B_walk,dct,40,0.0031622776601683794,40,0,40,0
S1,leave_environment_B_walk,dct,31,0.01,40,40,40,0
S1,leave_environment_B_walk,dct,32,0.01,40,40,40,0
S1,leave_environment_B_walk,dct,33,0.01,40,40,40,0
S1,leave_environment_B_walk,dct,34,0.01,40,40,40,0
S1,leave_environment_B_walk,dct,35,0.01,40,40,40,0
S1,leave_environment_B_walk,dct,36,0.01,40,40,40,0
S1,leave_environment_B_walk,dct,37,0.01,40,40,40,0
S1,leave_environment_B_walk,dct,38,0.01,40,40,40,0
S1,leave_environment_B_walk,dct,39,0.01,40,40,40,0
S1,leave_environment_B_walk,dct,40,0.01,40,40,40,0
S1,leave_environment_B_walk,dct,31,0.03162277660168379,40,40,40,0
S1,leave_environment_B_walk,dct,32,0.03162277660168379,40,40,40,0
S1,leave_environment_B_walk,dct,33,0.03162277660168379,40,40,40,0
S1,leave_environment_B_walk,dct,34,0.03162277660168379,40,40,40,0
S1,leave_environment_B_walk,dct,35,0.03162277660168379,40,40,40,0
S1,leave_environment_B_walk,dct,36,0.03162277660168379,40,40,40,0
S1,leave_environment_B_walk,dct,37,0.03162277660168379,40,40,40,0
S1,leave_environment_B_walk,dct,38,0.03162277660168379,40,40,40,0
S1,leave_environment_B_walk,dct,39,0.03162277660168379,40,40,40,0
S1,leave_environment_B_walk,dct,40,0.03162277660168379,40,40,40,0
S1,leave_environment_B_walk,dct,31,0.1,40,40,40,0
S1,leave_environment_B_walk,dct,32,0.1,40,40,40,0
S1,leave_environment_B_walk,dct,33,0.1,40,40,40,0
S1,leave_environment_B_walk,dct,34,0.1,40,40,40,0
S1,leave_environment_B_walk,dct,35,0.1,40,40,40,0
S1,leave_environment_B_walk,dct,36,0.1,40,40,40,0
S1,leave_environment_B_walk,dct,37,0.1,40,40,40,0
S1,leave_environment_B_walk,dct,38,0.1,40,40,40,0
S1,leave_environment_B_walk,dct,39,0.1,40,40,40,0
S1,leave_environment_B_walk,dct,40,0.1,40,40,40,0
S1,leave_environment_B_walk,dct,31,0.25,40,0,0,0
S1,leave_environment_B_walk,dct,32,0.25,40,0,0,0
S1,leave_environment_B_walk,dct,33,0.25,40,0,0,0
S1,leave_environment_B_walk,dct,34,0.25,40,0,0,0
S1,leave_environment_B_walk,dct,35,0.25,40,0,0,0
S1,leave_environment_B_walk,dct,36,0.25,40,0,0,0
S1,leave_environment_B_walk,dct,37,0.25,40,0,0,0
S1,leave_environment_B_walk,dct,38,0.25,40,0,0,0
S1,leave_environment_B_walk,dct,39,0.25,40,0,0,0
S1,leave_environment_B_walk,dct,40,0.25,40,0,0,0
S1,leave_environment_B_walk,dft,31,1e-06,40,0,40,0
S1,leave_environment_B_walk,dft,32,1e-06,40,0,40,0
S1,leave_environment_B_walk,dft,33,1e-06,40,0,40,0
S1,leave_environment_B_walk,dft,34,1e-06,40,0,40,0
S1,leave_environment_B_walk,dft,35,1e-06,40,0,40,0
S1,leave_environment_B_walk,dft,36,1e-06,40,0,40,0
S1,leave_environment_B_walk,dft,37,1e-06,40,0,40,0
S1,leave_environment_B_walk,dft,38,1e-06,40,0,40,0
S1,leave_environment_B_walk,dft,39,1e-06,40,0,40,0
S1,leave_environment_B_walk,dft,40,1e-06,40,0,40,0
S1,leave_environment_B_walk,dft,31,3.162277660168379e-06,40,0,40,0
S1,leave_environment_B_walk,dft,32,3.162277660168379e-06,40,0,40,0
S1,leave_environment_B_walk,dft,33,3.162277660168379e-06,40,0,40,0
S1,leave_environment_B_walk,dft,34,3.162277660168379e-06,40,0,40,0
S1,leave_environment_B_walk,dft,35,3.162277660168379e-06,40,0,40,0
S1,leave_environment_B_walk,dft,36,3.162277660168379e-06,40,0,40,0
S1,leave_environment_B_walk,dft,37,3.162277660168379e-06,40,0,40,0
S1,leave_environment_B_walk,dft,38,3.162277660168379e-06,40,0,40,0
S1,leave_environment_B_walk,dft,39,3.162277660168379e-06,40,0,40,0
S1,leave_environment_B_walk,dft,40,3.162277660168379e-06,40,0,40,0
S1,leave_environment_B_walk,dft,31,1e-05,40,0,40,0
S1,leave_environment_B_walk,dft,32,1e-05,40,0,40,0
S1,leave_environment_B_walk,dft,33,1e-05,40,0,40,0
S1,leave_environment_B_walk,dft,34,1e-05,40,0,40,0
S1,leave_environment_B_walk,dft,35,1e-05,40,0,40,0
S1,leave_environment_B_walk,dft,36,1e-05,40,0,40,0
S1,leave_environment_B_walk,dft,37,1e-05,40,0,40,0
S1,leave_environment_B_walk,dft,38,1e-05,40,0,40,0
S1,leave_environment_B_walk,dft,39,1e-05,40,0,40,0
S1,leave_environment_B_walk,dft,40,1e-05,40,0,40,0
S1,leave_environment_B_walk,dft,31,3.1622776601683795e-05,40,0,40,0
S1,leave_environment_B_walk,dft,32,3.1622776601683795e-05,40,0,40,0
S1,leave_environment_B_walk,dft,33,3.1622776601683795e-05,40,0,40,0
S1,leave_environment_B_walk,dft,34,3.1622776601683795e-05,40,0,40,0
S1,leave_environment_B_walk,dft,35,3.1622776601683795e-05,40,0,40,0
S1,leave_environment_B_walk,dft,36,3.1622776601683795e-05,40,0,40,0
S1,leave_environment_B_walk,dft,37,3.1622776601683795e-05,40,0,40,0
S1,leave_environment_B_walk,dft,38,3.1622776601683795e-05,40,0,40,0
S1,leave_environment_B_walk,dft,39,3.1622776601683795e-05,40,0,40,0
S1,leave_environment_B_walk,dft,40,3.1622776601683795e-05,40,0,40,0
S1,leave_environment_B_walk,dft,31,0.0001,40,0,40,0
S1,leave_environment_B_walk,dft,32,0.0001,40,0,40,0
S1,leave_environment_B_walk,dft,33,0.0001,40,0,40,0
S1,leave_environment_B_walk,dft,34,0.0001,40,0,40,0
S1,leave_environment_B_walk,dft,35,0.0001,40,0,40,0
S1,leave_environment_B_walk,dft,36,0.0001,40,0,40,0
S1,leave_environment_B_walk,dft,37,0.0001,40,0,40,0
S1,leave_environment_B_walk,dft,38,0.0001,40,0,40,0
S1,leave_environment_B_walk,dft,39,0.0001,40,0,40,0
S1,leave_environment_B_walk,dft,40,0.0001,40,0,40,0
S1,leave_environment_B_walk,dft,31,0.00031622776601683794,40,0,40,0
S1,leave_environment_B_walk,dft,32,0.00031622776601683794,40,0,40,0
S1,leave_environment_B_walk,dft,33,0.00031622776601683794,40,0,40,0
S1,leave_environment_B_walk,dft,34,0.00031622776601683794,40,0,40,0
S1,leave_environment_B_walk,dft,35,0.00031622776601683794,40,0,40,0
S1,leave_environment_B_walk,dft,36,0.00031622776601683794,40,0,40,0
S1,leave_environment_B_walk,dft,37,0.00031622776601683794,40,0,40,0
S1,leave_environment_B_walk,dft,38,0.00031622776601683794,40,0,40,0
S1,leave_environment_B_walk,dft,39,0.00031622776601683794,40,0,40,0
S1,leave_environment_B_walk,dft,40,0.00031622776601683794,40,0,40,0
S1,leave_environment_B_walk,dft,31,0.001,40,26,40,0
S1,leave_environment_B_walk,dft,32,0.001,40,25,40,0
S1,leave_environment_B_walk,dft,33,0.001,40,20,40,0
S1,leave_environment_B_walk,dft,34,0.001,40,0,40,0
S1,leave_environment_B_walk,dft,35,0.001,40,0,40,0
S1,leave_environment_B_walk,dft,36,0.001,40,6,40,0
S1,leave_environment_B_walk,dft,37,0.001,40,15,40,0
S1,leave_environment_B_walk,dft,38,0.001,40,0,40,0
S1,leave_environment_B_walk,dft,39,0.001,40,11,40,0
S1,leave_environment_B_walk,dft,40,0.001,40,4,40,0
S1,leave_environment_B_walk,dft,31,0.0031622776601683794,40,40,40,0
S1,leave_environment_B_walk,dft,32,0.0031622776601683794,40,32,40,0
S1,leave_environment_B_walk,dft,33,0.0031622776601683794,40,26,40,0
S1,leave_environment_B_walk,dft,34,0.0031622776601683794,40,0,40,0
S1,leave_environment_B_walk,dft,35,0.0031622776601683794,40,0,40,0
S1,leave_environment_B_walk,dft,36,0.0031622776601683794,40,9,40,0
S1,leave_environment_B_walk,dft,37,0.0031622776601683794,40,21,40,0
S1,leave_environment_B_walk,dft,38,0.0031622776601683794,40,0,40,0
S1,leave_environment_B_walk,dft,39,0.0031622776601683794,40,16,40,0
S1,leave_environment_B_walk,dft,40,0.0031622776601683794,40,7,40,0
S1,leave_environment_B_walk,dft,31,0.01,40,40,40,0
S1,leave_environment_B_walk,dft,32,0.01,40,40,40,0
S1,leave_environment_B_walk,dft,33,0.01,40,38,40,0
S1,leave_environment_B_walk,dft,34,0.01,40,32,40,0
S1,leave_environment_B_walk,dft,35,0.01,40,40,40,0
S1,leave_environment_B_walk,dft,36,0.01,40,37,40,0
S1,leave_environment_B_walk,dft,37,0.01,40,21,40,0
S1,leave_environment_B_walk,dft,38,0.01,40,36,40,0
S1,leave_environment_B_walk,dft,39,0.01,40,36,40,0
S1,leave_environment_B_walk,dft,40,0.01,40,29,40,0
S1,leave_environment_B_walk,dft,31,0.03162277660168379,40,40,40,0
S1,leave_environment_B_walk,dft,32,0.03162277660168379,40,40,40,0
S1,leave_environment_B_walk,dft,33,0.03162277660168379,40,40,40,0
S1,leave_environment_B_walk,dft,34,0.03162277660168379,40,40,40,0
S1,leave_environment_B_walk,dft,35,0.03162277660168379,40,40,40,0
S1,leave_environment_B_walk,dft,36,0.03162277660168379,40,39,40,0
S1,leave_environment_B_walk,dft,37,0.03162277660168379,40,40,40,0
S1,leave_environment_B_walk,dft,38,0.03162277660168379,40,40,40,0
S1,leave_environment_B_walk,dft,39,0.03162277660168379,40,40,40,0
S1,leave_environment_B_walk,dft,40,0.03162277660168379,40,40,40,0
S1,leave_environment_B_walk,dft,31,0.1,40,40,40,0
S1,leave_environment_B_walk,dft,32,0.1,40,40,40,0
S1,leave_environment_B_walk,dft,33,0.1,40,40,40,0
S1,leave_environment_B_walk,dft,34,0.1,40,40,40,0
S1,leave_environment_B_walk,dft,35,0.1,40,40,40,0
S1,leave_environment_B_walk,dft,36,0.1,40,40,40,0
S1,leave_environment_B_walk,dft,37,0.1,40,40,40,0
S1,leave_environment_B_walk,dft,38,0.1,40,40,40,0
S1,leave_environment_B_walk,dft,39,0.1,40,40,40,0
S1,leave_environment_B_walk,dft,40,0.1,40,40,40,0
S1,leave_environment_B_walk,dft,31,0.25,40,0,0,0
S1,leave_environment_B_walk,dft,32,0.25,40,0,0,0
S1,leave_environment_B_walk,dft,33,0.25,40,0,0,0
S1,leave_environment_B_walk,dft,34,0.25,40,0,0,0
S1,leave_environment_B_walk,dft,35,0.25,40,0,0,0
S1,leave_environment_B_walk,dft,36,0.25,40,0,0,0
S1,leave_environment_B_walk,dft,37,0.25,40,0,0,0
S1,leave_environment_B_walk,dft,38,0.25,40,0,0,0
S1,leave_environment_B_walk,dft,39,0.25,40,0,0,0
S1,leave_environment_B_walk,dft,40,0.25,40,0,0,0
S1,leave_environment_B_walk,polynomial,31,1e-06,40,0,40,0
S1,leave_environment_B_walk,polynomial,32,1e-06,40,0,40,0
S1,leave_environment_B_walk,polynomial,33,1e-06,40,0,40,0
S1,leave_environment_B_walk,polynomial,34,1e-06,40,0,40,0
S1,leave_environment_B_walk,polynomial,35,1e-06,40,0,40,0
S1,leave_environment_B_walk,polynomial,36,1e-06,40,0,40,0
S1,leave_environment_B_walk,polynomial,37,1e-06,40,0,40,0
S1,leave_environment_B_walk,polynomial,38,1e-06,40,0,40,0
S1,leave_environment_B_walk,polynomial,39,1e-06,40,0,40,0
S1,leave_environment_B_walk,polynomial,40,1e-06,40,0,40,0
S1,leave_environment_B_walk,polynomial,31,3.162277660168379e-06,40,0,40,0
S1,leave_environment_B_walk,polynomial,32,3.162277660168379e-06,40,0,40,0
S1,leave_environment_B_walk,polynomial,33,3.162277660168379e-06,40,0,40,0
S1,leave_environment_B_walk,polynomial,34,3.162277660168379e-06,40,0,40,0
S1,leave_environment_B_walk,polynomial,35,3.162277660168379e-06,40,0,40,0
S1,leave_environment_B_walk,polynomial,36,3.162277660168379e-06,40,0,40,0
S1,leave_environment_B_walk,polynomial,37,3.162277660168379e-06,40,0,40,0
S1,leave_environment_B_walk,polynomial,38,3.162277660168379e-06,40,0,40,0
S1,leave_environment_B_walk,polynomial,39,3.162277660168379e-06,40,0,40,0
S1,leave_environment_B_walk,polynomial,40,3.162277660168379e-06,40,0,40,0
S1,leave_environment_B_walk,polynomial,31,1e-05,40,0,40,0
S1,leave_environment_B_walk,polynomial,32,1e-05,40,0,40,0
S1,leave_environment_B_walk,polynomial,33,1e-05,40,0,40,0
S1,leave_environment_B_walk,polynomial,34,1e-05,40,0,40,0
S1,leave_environment_B_walk,polynomial,35,1e-05,40,0,40,0
S1,leave_environment_B_walk,polynomial,36,1e-05,40,0,40,0
S1,leave_environment_B_walk,polynomial,37,1e-05,40,0,40,0
S1,leave_environment_B_walk,polynomial,38,1e-05,40,0,40,0
S1,leave_environment_B_walk,polynomial,39,1e-05,40,0,40,0
S1,leave_environment_B_walk,polynomial,40,1e-05,40,0,40,0
S1,leave_environment_B_walk,polynomial,31,3.1622776601683795e-05,40,14,40,0
S1,leave_environment_B_walk,polynomial,32,3.1622776601683795e-05,40,8,40,0
S1,leave_environment_B_walk,polynomial,33,3.1622776601683795e-05,40,13,40,0
S1,leave_environment_B_walk,polynomial,34,3.1622776601683795e-05,40,16,40,0
S1,leave_environment_B_walk,polynomial,35,3.1622776601683795e-05,40,15,40,0
S1,leave_environment_B_walk,polynomial,36,3.1622776601683795e-05,40,19,40,0
S1,leave_environment_B_walk,polynomial,37,3.1622776601683795e-05,40,5,40,0
S1,leave_environment_B_walk,polynomial,38,3.1622776601683795e-05,40,18,40,0
S1,leave_environment_B_walk,polynomial,39,3.1622776601683795e-05,40,12,40,0
S1,leave_environment_B_walk,polynomial,40,3.1622776601683795e-05,40,14,40,0
S1,leave_environment_B_walk,polynomial,31,0.0001,40,40,40,0
S1,leave_environment_B_walk,polynomial,32,0.0001,40,40,40,0
S1,leave_environment_B_walk,polynomial,33,0.0001,40,40,40,0
S1,leave_environment_B_walk,polynomial,34,0.0001,40,40,40,0
S1,leave_environment_B_walk,polynomial,35,0.0001,40,40,40,0
S1,leave_environment_B_walk,polynomial,36,0.0001,40,39,40,0
S1,leave_environment_B_walk,polynomial,37,0.0001,40,40,40,0
S1,leave_environment_B_walk,polynomial,38,0.0001,40,39,40,0
S1,leave_environment_B_walk,polynomial,39,0.0001,40,40,40,0
S1,leave_environment_B_walk,polynomial,40,0.0001,40,40,40,0
S1,leave_environment_B_walk,polynomial,31,0.00031622776601683794,40,40,40,0
S1,leave_environment_B_walk,polynomial,32,0.00031622776601683794,40,40,40,0
S1,leave_environment_B_walk,polynomial,33,0.00031622776601683794,40,40,40,0
S1,leave_environment_B_walk,polynomial,34,0.00031622776601683794,40,40,40,0
S1,leave_environment_B_walk,polynomial,35,0.00031622776601683794,40,40,40,0
S1,leave_environment_B_walk,polynomial,36,0.00031622776601683794,40,40,40,0
S1,leave_environment_B_walk,polynomial,37,0.00031622776601683794,40,40,40,0
S1,leave_environment_B_walk,polynomial,38,0.00031622776601683794,40,40,40,0
S1,leave_environment_B_walk,polynomial,39,0.00031622776601683794,40,40,40,0
S1,leave_environment_B_walk,polynomial,40,0.00031622776601683794,40,40,40,0
S1,leave_environment_B_walk,polynomial,31,0.001,40,40,40,0
S1,leave_environment_B_walk,polynomial,32,0.001,40,40,40,0
S1,leave_environment_B_walk,polynomial,33,0.001,40,40,40,0
S1,leave_environment_B_walk,polynomial,34,0.001,40,40,40,0
S1,leave_environment_B_walk,polynomial,35,0.001,40,40,40,0
S1,leave_environment_B_walk,polynomial,36,0.001,40,40,40,0
S1,leave_environment_B_walk,polynomial,37,0.001,40,40,40,0
S1,leave_environment_B_walk,polynomial,38,0.001,40,40,40,0
S1,leave_environment_B_walk,polynomial,39,0.001,40,40,40,0
S1,leave_environment_B_walk,polynomial,40,0.001,40,40,40,0
S1,leave_environment_B_walk,polynomial,31,0.0031622776601683794,40,40,40,0
S1,leave_environment_B_walk,polynomial,32,0.0031622776601683794,40,40,40,0
S1,leave_environment_B_walk,polynomial,33,0.0031622776601683794,40,40,40,0
S1,leave_environment_B_walk,polynomial,34,0.0031622776601683794,40,40,40,0
S1,leave_environment_B_walk,polynomial,35,0.0031622776601683794,40,40,40,0
S1,leave_environment_B_walk,polynomial,36,0.0031622776601683794,40,40,40,0
S1,leave_environment_B_walk,polynomial,37,0.0031622776601683794,40,40,40,0
S1,leave_environment_B_walk,polynomial,38,0.0031622776601683794,40,40,40,0
S1,leave_environment_B_walk,polynomial,39,0.0031622776601683794,40,40,40,0
S1,leave_environment_B_walk,polynomial,40,0.0031622776601683794,40,40,40,0
S1,leave_environment_B_walk,polynomial,31,0.01,40,40,40,0
S1,leave_environment_B_walk,polynomial,32,0.01,40,40,40,0
S1,leave_environment_B_walk,polynomial,33,0.01,40,40,40,0
S1,leave_environment_B_walk,polynomial,34,0.01,40,40,40,0
S1,leave_environment_B_walk,polynomial,35,0.01,40,40,40,0
S1,leave_environment_B_walk,polynomial,36,0.01,40,40,40,0
S1,leave_environment_B_walk,polynomial,37,0.01,40,40,40,0
S1,leave_environment_B_walk,polynomial,38,0.01,40,40,40,0
S1,leave_environment_B_walk,polynomial,39,0.01,40,40,40,0
S1,leave_environment_B_walk,polynomial,40,0.01,40,40,40,0
S1,leave_environment_B_walk,polynomial,31,0.03162277660168379,40,40,40,0
S1,leave_environment_B_walk,polynomial,32,0.03162277660168379,40,40,40,0
S1,leave_environment_B_walk,polynomial,33,0.03162277660168379,40,40,40,0
S1,leave_environment_B_walk,polynomial,34,0.03162277660168379,40,40,40,0
S1,leave_environment_B_walk,polynomial,35,0.03162277660168379,40,40,40,0
S1,leave_environment_B_walk,polynomial,36,0.03162277660168379,40,40,40,0
S1,leave_environment_B_walk,polynomial,37,0.03162277660168379,40,40,40,0
S1,leave_environment_B_walk,polynomial,38,0.03162277660168379,40,40,40,0
S1,leave_environment_B_walk,polynomial,39,0.03162277660168379,40,40,40,0
S1,leave_environment_B_walk,polynomial,40,0.03162277660168379,40,40,40,0
S1,leave_environment_B_walk,polynomial,31,0.1,40,40,40,0
S1,leave_environment_B_walk,polynomial,32,0.1,40,40,40,0
S1,leave_environment_B_walk,polynomial,33,0.1,40,40,40,0
S1,leave_environment_B_walk,polynomial,34,0.1,40,40,40,0
S1,leave_environment_B_walk,polynomial,35,0.1,40,40,40,0
S1,leave_environment_B_walk,polynomial,36,0.1,40,40,40,0
S1,leave_environment_B_walk,polynomial,37,0.1,40,40,40,0
S1,leave_environment_B_walk,polynomial,38,0.1,40,40,40,0
S1,leave_environment_B_walk,polynomial,39,0.1,40,40,40,0
S1,leave_environment_B_walk,polynomial,40,0.1,40,40,40,0
S1,leave_environment_B_walk,polynomial,31,0.25,40,0,0,0
S1,leave_environment_B_walk,polynomial,32,0.25,40,0,0,0
S1,leave_environment_B_walk,polynomial,33,0.25,40,0,0,0
S1,leave_environment_B_walk,polynomial,34,0.25,40,0,0,0
S1,leave_environment_B_walk,polynomial,35,0.25,40,0,0,0
S1,leave_environment_B_walk,polynomial,36,0.25,40,0,0,0
S1,leave_environment_B_walk,polynomial,37,0.25,40,0,0,0
S1,leave_environment_B_walk,polynomial,38,0.25,40,0,0,0
S1,leave_environment_B_walk,polynomial,39,0.25,40,0,0,0
S1,leave_environment_B_walk,polynomial,40,0.25,40,0,0,0
S1,leave_environment_B_walk,random_orthogonal,31,1e-06,40,0,40,0
S1,leave_environment_B_walk,random_orthogonal,32,1e-06,40,0,40,0
S1,leave_environment_B_walk,random_orthogonal,33,1e-06,40,0,40,0
S1,leave_environment_B_walk,random_orthogonal,34,1e-06,40,0,40,0
S1,leave_environment_B_walk,random_orthogonal,35,1e-06,40,0,40,0
S1,leave_environment_B_walk,random_orthogonal,36,1e-06,40,0,40,0
S1,leave_environment_B_walk,random_orthogonal,37,1e-06,40,0,40,0
S1,leave_environment_B_walk,random_orthogonal,38,1e-06,40,0,40,0
S1,leave_environment_B_walk,random_orthogonal,39,1e-06,40,0,40,0
S1,leave_environment_B_walk,random_orthogonal,40,1e-06,40,0,40,0
S1,leave_environment_B_walk,random_orthogonal,31,3.162277660168379e-06,40,0,40,0
S1,leave_environment_B_walk,random_orthogonal,32,3.162277660168379e-06,40,0,40,0
S1,leave_environment_B_walk,random_orthogonal,33,3.162277660168379e-06,40,0,40,0
S1,leave_environment_B_walk,random_orthogonal,34,3.162277660168379e-06,40,0,40,0
S1,leave_environment_B_walk,random_orthogonal,35,3.162277660168379e-06,40,0,40,0
S1,leave_environment_B_walk,random_orthogonal,36,3.162277660168379e-06,40,0,40,0
S1,leave_environment_B_walk,random_orthogonal,37,3.162277660168379e-06,40,0,40,0
S1,leave_environment_B_walk,random_orthogonal,38,3.162277660168379e-06,40,0,40,0
S1,leave_environment_B_walk,random_orthogonal,39,3.162277660168379e-06,40,0,40,0
S1,leave_environment_B_walk,random_orthogonal,40,3.162277660168379e-06,40,0,40,0
S1,leave_environment_B_walk,random_orthogonal,31,1e-05,40,0,40,0
S1,leave_environment_B_walk,random_orthogonal,32,1e-05,40,0,40,0
S1,leave_environment_B_walk,random_orthogonal,33,1e-05,40,0,40,0
S1,leave_environment_B_walk,random_orthogonal,34,1e-05,40,0,40,0
S1,leave_environment_B_walk,random_orthogonal,35,1e-05,40,0,40,0
S1,leave_environment_B_walk,random_orthogonal,36,1e-05,40,0,40,0
S1,leave_environment_B_walk,random_orthogonal,37,1e-05,40,0,40,0
S1,leave_environment_B_walk,random_orthogonal,38,1e-05,40,0,40,0
S1,leave_environment_B_walk,random_orthogonal,39,1e-05,40,0,40,0
S1,leave_environment_B_walk,random_orthogonal,40,1e-05,40,0,40,0
S1,leave_environment_B_walk,random_orthogonal,31,3.1622776601683795e-05,40,0,40,0
S1,leave_environment_B_walk,random_orthogonal,32,3.1622776601683795e-05,40,0,40,0
S1,leave_environment_B_walk,random_orthogonal,33,3.1622776601683795e-05,40,0,40,0
S1,leave_environment_B_walk,random_orthogonal,34,3.1622776601683795e-05,40,0,40,0
S1,leave_environment_B_walk,random_orthogonal,35,3.1622776601683795e-05,40,0,40,0
S1,leave_environment_B_walk,random_orthogonal,36,3.1622776601683795e-05,40,0,40,0
S1,leave_environment_B_walk,random_orthogonal,37,3.1622776601683795e-05,40,0,40,0
S1,leave_environment_B_walk,random_orthogonal,38,3.1622776601683795e-05,40,0,40,0
S1,leave_environment_B_walk,random_orthogonal,39,3.1622776601683795e-05,40,0,40,0
S1,leave_environment_B_walk,random_orthogonal,40,3.1622776601683795e-05,40,0,40,0
S1,leave_environment_B_walk,random_orthogonal,31,0.0001,40,0,40,0
S1,leave_environment_B_walk,random_orthogonal,32,0.0001,40,0,40,0
S1,leave_environment_B_walk,random_orthogonal,33,0.0001,40,0,40,0
S1,leave_environment_B_walk,random_orthogonal,34,0.0001,40,0,40,0
S1,leave_environment_B_walk,random_orthogonal,35,0.0001,40,0,40,0
S1,leave_environment_B_walk,random_orthogonal,36,0.0001,40,0,40,0
S1,leave_environment_B_walk,random_orthogonal,37,0.0001,40,0,40,0
S1,leave_environment_B_walk,random_orthogonal,38,0.0001,40,0,40,0
S1,leave_environment_B_walk,random_orthogonal,39,0.0001,40,0,40,0
S1,leave_environment_B_walk,random_orthogonal,40,0.0001,40,0,40,0
S1,leave_environment_B_walk,random_orthogonal,31,0.00031622776601683794,40,0,40,0
S1,leave_environment_B_walk,random_orthogonal,32,0.00031622776601683794,40,0,40,0
S1,leave_environment_B_walk,random_orthogonal,33,0.00031622776601683794,40,0,40,0
S1,leave_environment_B_walk,random_orthogonal,34,0.00031622776601683794,40,0,40,0
S1,leave_environment_B_walk,random_orthogonal,35,0.00031622776601683794,40,0,40,0
S1,leave_environment_B_walk,random_orthogonal,36,0.00031622776601683794,40,0,40,0
S1,leave_environment_B_walk,random_orthogonal,37,0.00031622776601683794,40,0,40,0
S1,leave_environment_B_walk,random_orthogonal,38,0.00031622776601683794,40,0,40,0
S1,leave_environment_B_walk,random_orthogonal,39,0.00031622776601683794,40,0,40,0
S1,leave_environment_B_walk,random_orthogonal,40,0.00031622776601683794,40,0,40,0
S1,leave_environment_B_walk,random_orthogonal,31,0.001,40,0,40,0
S1,leave_environment_B_walk,random_orthogonal,32,0.001,40,0,40,0
S1,leave_environment_B_walk,random_orthogonal,33,0.001,40,0,40,0
S1,leave_environment_B_walk,random_orthogonal,34,0.001,40,0,40,0
S1,leave_environment_B_walk,random_orthogonal,35,0.001,40,0,40,0
S1,leave_environment_B_walk,random_orthogonal,36,0.001,40,0,40,0
S1,leave_environment_B_walk,random_orthogonal,37,0.001,40,0,40,0
S1,leave_environment_B_walk,random_orthogonal,38,0.001,40,0,40,0
S1,leave_environment_B_walk,random_orthogonal,39,0.001,40,0,40,0
S1,leave_environment_B_walk,random_orthogonal,40,0.001,40,0,40,0
S1,leave_environment_B_walk,random_orthogonal,31,0.0031622776601683794,40,0,40,0
S1,leave_environment_B_walk,random_orthogonal,32,0.0031622776601683794,40,0,40,0
S1,leave_environment_B_walk,random_orthogonal,33,0.0031622776601683794,40,0,40,0
S1,leave_environment_B_walk,random_orthogonal,34,0.0031622776601683794,40,0,40,0
S1,leave_environment_B_walk,random_orthogonal,35,0.0031622776601683794,40,0,40,0
S1,leave_environment_B_walk,random_orthogonal,36,0.0031622776601683794,40,0,40,0
S1,leave_environment_B_walk,random_orthogonal,37,0.0031622776601683794,40,0,40,0
S1,leave_environment_B_walk,random_orthogonal,38,0.0031622776601683794,40,0,40,0
S1,leave_environment_B_walk,random_orthogonal,39,0.0031622776601683794,40,0,40,0
S1,leave_environment_B_walk,random_orthogonal,40,0.0031622776601683794,40,0,40,0
S1,leave_environment_B_walk,random_orthogonal,31,0.01,40,15,40,0
S1,leave_environment_B_walk,random_orthogonal,32,0.01,40,4,40,0
S1,leave_environment_B_walk,random_orthogonal,33,0.01,40,5,40,0
S1,leave_environment_B_walk,random_orthogonal,34,0.01,40,6,40,0
S1,leave_environment_B_walk,random_orthogonal,35,0.01,40,9,40,0
S1,leave_environment_B_walk,random_orthogonal,36,0.01,40,9,40,0
S1,leave_environment_B_walk,random_orthogonal,37,0.01,40,7,40,0
S1,leave_environment_B_walk,random_orthogonal,38,0.01,40,8,40,0
S1,leave_environment_B_walk,random_orthogonal,39,0.01,40,7,40,0
S1,leave_environment_B_walk,random_orthogonal,40,0.01,40,4,40,0
S1,leave_environment_B_walk,random_orthogonal,31,0.03162277660168379,40,40,40,0
S1,leave_environment_B_walk,random_orthogonal,32,0.03162277660168379,40,40,40,0
S1,leave_environment_B_walk,random_orthogonal,33,0.03162277660168379,40,40,40,0
S1,leave_environment_B_walk,random_orthogonal,34,0.03162277660168379,40,40,40,0
S1,leave_environment_B_walk,random_orthogonal,35,0.03162277660168379,40,40,40,0
S1,leave_environment_B_walk,random_orthogonal,36,0.03162277660168379,40,40,40,0
S1,leave_environment_B_walk,random_orthogonal,37,0.03162277660168379,40,40,40,0
S1,leave_environment_B_walk,random_orthogonal,38,0.03162277660168379,40,40,40,0
S1,leave_environment_B_walk,random_orthogonal,39,0.03162277660168379,40,40,40,0
S1,leave_environment_B_walk,random_orthogonal,40,0.03162277660168379,40,40,40,0
S1,leave_environment_B_walk,random_orthogonal,31,0.1,40,40,40,0
S1,leave_environment_B_walk,random_orthogonal,32,0.1,40,40,40,0
S1,leave_environment_B_walk,random_orthogonal,33,0.1,40,40,40,0
S1,leave_environment_B_walk,random_orthogonal,34,0.1,40,40,40,0
S1,leave_environment_B_walk,random_orthogonal,35,0.1,40,40,40,0
S1,leave_environment_B_walk,random_orthogonal,36,0.1,40,40,40,0
S1,leave_environment_B_walk,random_orthogonal,37,0.1,40,40,40,0
S1,leave_environment_B_walk,random_orthogonal,38,0.1,40,40,40,0
S1,leave_environment_B_walk,random_orthogonal,39,0.1,40,40,40,0
S1,leave_environment_B_walk,random_orthogonal,40,0.1,40,40,40,0
S1,leave_environment_B_walk,random_orthogonal,31,0.25,40,0,0,0
S1,leave_environment_B_walk,random_orthogonal,32,0.25,40,0,0,0
S1,leave_environment_B_walk,random_orthogonal,33,0.25,40,0,0,0
S1,leave_environment_B_walk,random_orthogonal,34,0.25,40,0,0,0
S1,leave_environment_B_walk,random_orthogonal,35,0.25,40,0,0,0
S1,leave_environment_B_walk,random_orthogonal,36,0.25,40,0,0,0
S1,leave_environment_B_walk,random_orthogonal,37,0.25,40,0,0,0
S1,leave_environment_B_walk,random_orthogonal,38,0.25,40,0,0,0
S1,leave_environment_B_walk,random_orthogonal,39,0.25,40,0,0,0
S1,leave_environment_B_walk,random_orthogonal,40,0.25,40,0,0,0
S1,leave_environment_B_walk,permuted_polynomial,31,1e-06,40,0,40,0
S1,leave_environment_B_walk,permuted_polynomial,32,1e-06,40,0,40,0
S1,leave_environment_B_walk,permuted_polynomial,33,1e-06,40,0,40,0
S1,leave_environment_B_walk,permuted_polynomial,34,1e-06,40,0,40,0
S1,leave_environment_B_walk,permuted_polynomial,35,1e-06,40,0,40,0
S1,leave_environment_B_walk,permuted_polynomial,36,1e-06,40,0,40,0
S1,leave_environment_B_walk,permuted_polynomial,37,1e-06,40,0,40,0
S1,leave_environment_B_walk,permuted_polynomial,38,1e-06,40,0,40,0
S1,leave_environment_B_walk,permuted_polynomial,39,1e-06,40,0,40,0
S1,leave_environment_B_walk,permuted_polynomial,40,1e-06,40,0,40,0
S1,leave_environment_B_walk,permuted_polynomial,31,3.162277660168379e-06,40,0,40,0
S1,leave_environment_B_walk,permuted_polynomial,32,3.162277660168379e-06,40,0,40,0
S1,leave_environment_B_walk,permuted_polynomial,33,3.162277660168379e-06,40,0,40,0
S1,leave_environment_B_walk,permuted_polynomial,34,3.162277660168379e-06,40,0,40,0
S1,leave_environment_B_walk,permuted_polynomial,35,3.162277660168379e-06,40,0,40,0
S1,leave_environment_B_walk,permuted_polynomial,36,3.162277660168379e-06,40,0,40,0
S1,leave_environment_B_walk,permuted_polynomial,37,3.162277660168379e-06,40,0,40,0
S1,leave_environment_B_walk,permuted_polynomial,38,3.162277660168379e-06,40,0,40,0
S1,leave_environment_B_walk,permuted_polynomial,39,3.162277660168379e-06,40,0,40,0
S1,leave_environment_B_walk,permuted_polynomial,40,3.162277660168379e-06,40,0,40,0
S1,leave_environment_B_walk,permuted_polynomial,31,1e-05,40,0,40,0
S1,leave_environment_B_walk,permuted_polynomial,32,1e-05,40,0,40,0
S1,leave_environment_B_walk,permuted_polynomial,33,1e-05,40,0,40,0
S1,leave_environment_B_walk,permuted_polynomial,34,1e-05,40,0,40,0
S1,leave_environment_B_walk,permuted_polynomial,35,1e-05,40,0,40,0
S1,leave_environment_B_walk,permuted_polynomial,36,1e-05,40,0,40,0
S1,leave_environment_B_walk,permuted_polynomial,37,1e-05,40,0,40,0
S1,leave_environment_B_walk,permuted_polynomial,38,1e-05,40,0,40,0
S1,leave_environment_B_walk,permuted_polynomial,39,1e-05,40,0,40,0
S1,leave_environment_B_walk,permuted_polynomial,40,1e-05,40,0,40,0
S1,leave_environment_B_walk,permuted_polynomial,31,3.1622776601683795e-05,40,0,40,0
S1,leave_environment_B_walk,permuted_polynomial,32,3.1622776601683795e-05,40,0,40,0
S1,leave_environment_B_walk,permuted_polynomial,33,3.1622776601683795e-05,40,0,40,0
S1,leave_environment_B_walk,permuted_polynomial,34,3.1622776601683795e-05,40,0,40,0
S1,leave_environment_B_walk,permuted_polynomial,35,3.1622776601683795e-05,40,0,40,0
S1,leave_environment_B_walk,permuted_polynomial,36,3.1622776601683795e-05,40,0,40,0
S1,leave_environment_B_walk,permuted_polynomial,37,3.1622776601683795e-05,40,0,40,0
S1,leave_environment_B_walk,permuted_polynomial,38,3.1622776601683795e-05,40,0,40,0
S1,leave_environment_B_walk,permuted_polynomial,39,3.1622776601683795e-05,40,0,40,0
S1,leave_environment_B_walk,permuted_polynomial,40,3.1622776601683795e-05,40,0,40,0
S1,leave_environment_B_walk,permuted_polynomial,31,0.0001,40,0,40,0
S1,leave_environment_B_walk,permuted_polynomial,32,0.0001,40,0,40,0
S1,leave_environment_B_walk,permuted_polynomial,33,0.0001,40,0,40,0
S1,leave_environment_B_walk,permuted_polynomial,34,0.0001,40,0,40,0
S1,leave_environment_B_walk,permuted_polynomial,35,0.0001,40,0,40,0
S1,leave_environment_B_walk,permuted_polynomial,36,0.0001,40,0,40,0
S1,leave_environment_B_walk,permuted_polynomial,37,0.0001,40,0,40,0
S1,leave_environment_B_walk,permuted_polynomial,38,0.0001,40,0,40,0
S1,leave_environment_B_walk,permuted_polynomial,39,0.0001,40,0,40,0
S1,leave_environment_B_walk,permuted_polynomial,40,0.0001,40,0,40,0
S1,leave_environment_B_walk,permuted_polynomial,31,0.00031622776601683794,40,0,40,0
S1,leave_environment_B_walk,permuted_polynomial,32,0.00031622776601683794,40,0,40,0
S1,leave_environment_B_walk,permuted_polynomial,33,0.00031622776601683794,40,0,40,0
S1,leave_environment_B_walk,permuted_polynomial,34,0.00031622776601683794,40,0,40,0
S1,leave_environment_B_walk,permuted_polynomial,35,0.00031622776601683794,40,0,40,0
S1,leave_environment_B_walk,permuted_polynomial,36,0.00031622776601683794,40,0,40,0
S1,leave_environment_B_walk,permuted_polynomial,37,0.00031622776601683794,40,0,40,0
S1,leave_environment_B_walk,permuted_polynomial,38,0.00031622776601683794,40,0,40,0
S1,leave_environment_B_walk,permuted_polynomial,39,0.00031622776601683794,40,0,40,0
S1,leave_environment_B_walk,permuted_polynomial,40,0.00031622776601683794,40,0,40,0
S1,leave_environment_B_walk,permuted_polynomial,31,0.001,40,26,40,0
S1,leave_environment_B_walk,permuted_polynomial,32,0.001,40,13,40,0
S1,leave_environment_B_walk,permuted_polynomial,33,0.001,40,15,40,0
S1,leave_environment_B_walk,permuted_polynomial,34,0.001,40,0,40,0
S1,leave_environment_B_walk,permuted_polynomial,35,0.001,40,0,40,0
S1,leave_environment_B_walk,permuted_polynomial,36,0.001,40,6,40,0
S1,leave_environment_B_walk,permuted_polynomial,37,0.001,40,13,40,0
S1,leave_environment_B_walk,permuted_polynomial,38,0.001,40,0,40,0
S1,leave_environment_B_walk,permuted_polynomial,39,0.001,40,6,40,0
S1,leave_environment_B_walk,permuted_polynomial,40,0.001,40,5,40,0
S1,leave_environment_B_walk,permuted_polynomial,31,0.0031622776601683794,40,40,40,0
S1,leave_environment_B_walk,permuted_polynomial,32,0.0031622776601683794,40,29,40,0
S1,leave_environment_B_walk,permuted_polynomial,33,0.0031622776601683794,40,27,40,0
S1,leave_environment_B_walk,permuted_polynomial,34,0.0031622776601683794,40,0,40,0
S1,leave_environment_B_walk,permuted_polynomial,35,0.0031622776601683794,40,0,40,0
S1,leave_environment_B_walk,permuted_polynomial,36,0.0031622776601683794,40,7,40,0
S1,leave_environment_B_walk,permuted_polynomial,37,0.0031622776601683794,40,20,40,0
S1,leave_environment_B_walk,permuted_polynomial,38,0.0031622776601683794,40,0,40,0
S1,leave_environment_B_walk,permuted_polynomial,39,0.0031622776601683794,40,14,40,0
S1,leave_environment_B_walk,permuted_polynomial,40,0.0031622776601683794,40,7,40,0
S1,leave_environment_B_walk,permuted_polynomial,31,0.01,40,40,40,0
S1,leave_environment_B_walk,permuted_polynomial,32,0.01,40,40,40,0
S1,leave_environment_B_walk,permuted_polynomial,33,0.01,40,35,40,0
S1,leave_environment_B_walk,permuted_polynomial,34,0.01,40,32,40,0
S1,leave_environment_B_walk,permuted_polynomial,35,0.01,40,40,40,0
S1,leave_environment_B_walk,permuted_polynomial,36,0.01,40,35,40,0
S1,leave_environment_B_walk,permuted_polynomial,37,0.01,40,21,40,0
S1,leave_environment_B_walk,permuted_polynomial,38,0.01,40,32,40,0
S1,leave_environment_B_walk,permuted_polynomial,39,0.01,40,35,40,0
S1,leave_environment_B_walk,permuted_polynomial,40,0.01,40,26,40,0
S1,leave_environment_B_walk,permuted_polynomial,31,0.03162277660168379,40,40,40,0
S1,leave_environment_B_walk,permuted_polynomial,32,0.03162277660168379,40,40,40,0
S1,leave_environment_B_walk,permuted_polynomial,33,0.03162277660168379,40,39,40,0
S1,leave_environment_B_walk,permuted_polynomial,34,0.03162277660168379,40,40,40,0
S1,leave_environment_B_walk,permuted_polynomial,35,0.03162277660168379,40,40,40,0
S1,leave_environment_B_walk,permuted_polynomial,36,0.03162277660168379,40,39,40,0
S1,leave_environment_B_walk,permuted_polynomial,37,0.03162277660168379,40,40,40,0
S1,leave_environment_B_walk,permuted_polynomial,38,0.03162277660168379,40,40,40,0
S1,leave_environment_B_walk,permuted_polynomial,39,0.03162277660168379,40,40,40,0
S1,leave_environment_B_walk,permuted_polynomial,40,0.03162277660168379,40,40,40,0
S1,leave_environment_B_walk,permuted_polynomial,31,0.1,40,40,40,0
S1,leave_environment_B_walk,permuted_polynomial,32,0.1,40,40,40,0
S1,leave_environment_B_walk,permuted_polynomial,33,0.1,40,40,40,0
S1,leave_environment_B_walk,permuted_polynomial,34,0.1,40,40,40,0
S1,leave_environment_B_walk,permuted_polynomial,35,0.1,40,40,40,0
S1,leave_environment_B_walk,permuted_polynomial,36,0.1,40,40,40,0
S1,leave_environment_B_walk,permuted_polynomial,37,0.1,40,40,40,0
S1,leave_environment_B_walk,permuted_polynomial,38,0.1,40,40,40,0
S1,leave_environment_B_walk,permuted_polynomial,39,0.1,40,40,40,0
S1,leave_environment_B_walk,permuted_polynomial,40,0.1,40,40,40,0
S1,leave_environment_B_walk,permuted_polynomial,31,0.25,40,0,0,0
S1,leave_environment_B_walk,permuted_polynomial,32,0.25,40,0,0,0
S1,leave_environment_B_walk,permuted_polynomial,33,0.25,40,0,0,0
S1,leave_environment_B_walk,permuted_polynomial,34,0.25,40,0,0,0
S1,leave_environment_B_walk,permuted_polynomial,35,0.25,40,0,0,0
S1,leave_environment_B_walk,permuted_polynomial,36,0.25,40,0,0,0
S1,leave_environment_B_walk,permuted_polynomial,37,0.25,40,0,0,0
S1,leave_environment_B_walk,permuted_polynomial,38,0.25,40,0,0,0
S1,leave_environment_B_walk,permuted_polynomial,39,0.25,40,0,0,0
S1,leave_environment_B_walk,permuted_polynomial,40,0.25,40,0,0,0
S1,leave_environment_C,coordinate,31,1e-06,40,0,40,0
S1,leave_environment_C,coordinate,32,1e-06,40,0,40,0
S1,leave_environment_C,coordinate,33,1e-06,40,0,40,0
S1,leave_environment_C,coordinate,34,1e-06,40,0,40,0
S1,leave_environment_C,coordinate,35,1e-06,40,0,40,0
S1,leave_environment_C,coordinate,36,1e-06,40,0,40,0
S1,leave_environment_C,coordinate,37,1e-06,40,0,40,0
S1,leave_environment_C,coordinate,38,1e-06,40,0,40,0
S1,leave_environment_C,coordinate,39,1e-06,40,0,40,0
S1,leave_environment_C,coordinate,40,1e-06,40,0,40,0
S1,leave_environment_C,coordinate,31,3.162277660168379e-06,40,0,40,0
S1,leave_environment_C,coordinate,32,3.162277660168379e-06,40,0,40,0
S1,leave_environment_C,coordinate,33,3.162277660168379e-06,40,0,40,0
S1,leave_environment_C,coordinate,34,3.162277660168379e-06,40,0,40,0
S1,leave_environment_C,coordinate,35,3.162277660168379e-06,40,0,40,0
S1,leave_environment_C,coordinate,36,3.162277660168379e-06,40,0,40,0
S1,leave_environment_C,coordinate,37,3.162277660168379e-06,40,0,40,0
S1,leave_environment_C,coordinate,38,3.162277660168379e-06,40,0,40,0
S1,leave_environment_C,coordinate,39,3.162277660168379e-06,40,0,40,0
S1,leave_environment_C,coordinate,40,3.162277660168379e-06,40,0,40,0
S1,leave_environment_C,coordinate,31,1e-05,40,0,40,0
S1,leave_environment_C,coordinate,32,1e-05,40,0,40,0
S1,leave_environment_C,coordinate,33,1e-05,40,0,40,0
S1,leave_environment_C,coordinate,34,1e-05,40,0,40,0
S1,leave_environment_C,coordinate,35,1e-05,40,0,40,0
S1,leave_environment_C,coordinate,36,1e-05,40,0,40,0
S1,leave_environment_C,coordinate,37,1e-05,40,0,40,0
S1,leave_environment_C,coordinate,38,1e-05,40,0,40,0
S1,leave_environment_C,coordinate,39,1e-05,40,0,40,0
S1,leave_environment_C,coordinate,40,1e-05,40,0,40,0
S1,leave_environment_C,coordinate,31,3.1622776601683795e-05,40,0,40,0
S1,leave_environment_C,coordinate,32,3.1622776601683795e-05,40,0,40,0
S1,leave_environment_C,coordinate,33,3.1622776601683795e-05,40,0,40,0
S1,leave_environment_C,coordinate,34,3.1622776601683795e-05,40,0,40,0
S1,leave_environment_C,coordinate,35,3.1622776601683795e-05,40,0,40,0
S1,leave_environment_C,coordinate,36,3.1622776601683795e-05,40,0,40,0
S1,leave_environment_C,coordinate,37,3.1622776601683795e-05,40,0,40,0
S1,leave_environment_C,coordinate,38,3.1622776601683795e-05,40,0,40,0
S1,leave_environment_C,coordinate,39,3.1622776601683795e-05,40,0,40,0
S1,leave_environment_C,coordinate,40,3.1622776601683795e-05,40,0,40,0
S1,leave_environment_C,coordinate,31,0.0001,40,0,40,0
S1,leave_environment_C,coordinate,32,0.0001,40,0,40,0
S1,leave_environment_C,coordinate,33,0.0001,40,0,40,0
S1,leave_environment_C,coordinate,34,0.0001,40,0,40,0
S1,leave_environment_C,coordinate,35,0.0001,40,0,40,0
S1,leave_environment_C,coordinate,36,0.0001,40,0,40,0
S1,leave_environment_C,coordinate,37,0.0001,40,0,40,0
S1,leave_environment_C,coordinate,38,0.0001,40,0,40,0
S1,leave_environment_C,coordinate,39,0.0001,40,0,40,0
S1,leave_environment_C,coordinate,40,0.0001,40,0,40,0
S1,leave_environment_C,coordinate,31,0.00031622776601683794,40,0,40,0
S1,leave_environment_C,coordinate,32,0.00031622776601683794,40,0,40,0
S1,leave_environment_C,coordinate,33,0.00031622776601683794,40,0,40,0
S1,leave_environment_C,coordinate,34,0.00031622776601683794,40,0,40,0
S1,leave_environment_C,coordinate,35,0.00031622776601683794,40,0,40,0
S1,leave_environment_C,coordinate,36,0.00031622776601683794,40,0,40,0
S1,leave_environment_C,coordinate,37,0.00031622776601683794,40,0,40,0
S1,leave_environment_C,coordinate,38,0.00031622776601683794,40,0,40,0
S1,leave_environment_C,coordinate,39,0.00031622776601683794,40,0,40,0
S1,leave_environment_C,coordinate,40,0.00031622776601683794,40,0,40,0
S1,leave_environment_C,coordinate,31,0.001,40,0,40,0
S1,leave_environment_C,coordinate,32,0.001,40,0,40,0
S1,leave_environment_C,coordinate,33,0.001,40,0,40,0
S1,leave_environment_C,coordinate,34,0.001,40,0,40,0
S1,leave_environment_C,coordinate,35,0.001,40,0,40,0
S1,leave_environment_C,coordinate,36,0.001,40,0,40,0
S1,leave_environment_C,coordinate,37,0.001,40,0,40,0
S1,leave_environment_C,coordinate,38,0.001,40,0,40,0
S1,leave_environment_C,coordinate,39,0.001,40,0,40,0
S1,leave_environment_C,coordinate,40,0.001,40,0,40,0
S1,leave_environment_C,coordinate,31,0.0031622776601683794,40,0,40,0
S1,leave_environment_C,coordinate,32,0.0031622776601683794,40,0,40,0
S1,leave_environment_C,coordinate,33,0.0031622776601683794,40,0,40,0
S1,leave_environment_C,coordinate,34,0.0031622776601683794,40,0,40,0
S1,leave_environment_C,coordinate,35,0.0031622776601683794,40,0,40,0
S1,leave_environment_C,coordinate,36,0.0031622776601683794,40,0,40,0
S1,leave_environment_C,coordinate,37,0.0031622776601683794,40,0,40,0
S1,leave_environment_C,coordinate,38,0.0031622776601683794,40,0,40,0
S1,leave_environment_C,coordinate,39,0.0031622776601683794,40,0,40,0
S1,leave_environment_C,coordinate,40,0.0031622776601683794,40,0,40,0
S1,leave_environment_C,coordinate,31,0.01,40,0,40,0
S1,leave_environment_C,coordinate,32,0.01,40,0,40,0
S1,leave_environment_C,coordinate,33,0.01,40,0,40,0
S1,leave_environment_C,coordinate,34,0.01,40,0,40,0
S1,leave_environment_C,coordinate,35,0.01,40,0,40,0
S1,leave_environment_C,coordinate,36,0.01,40,0,40,0
S1,leave_environment_C,coordinate,37,0.01,40,0,40,0
S1,leave_environment_C,coordinate,38,0.01,40,0,40,0
S1,leave_environment_C,coordinate,39,0.01,40,0,40,0
S1,leave_environment_C,coordinate,40,0.01,40,0,40,0
S1,leave_environment_C,coordinate,31,0.03162277660168379,40,0,40,0
S1,leave_environment_C,coordinate,32,0.03162277660168379,40,0,40,0
S1,leave_environment_C,coordinate,33,0.03162277660168379,40,0,40,0
S1,leave_environment_C,coordinate,34,0.03162277660168379,40,0,40,0
S1,leave_environment_C,coordinate,35,0.03162277660168379,40,0,40,0
S1,leave_environment_C,coordinate,36,0.03162277660168379,40,0,40,0
S1,leave_environment_C,coordinate,37,0.03162277660168379,40,0,40,0
S1,leave_environment_C,coordinate,38,0.03162277660168379,40,0,40,0
S1,leave_environment_C,coordinate,39,0.03162277660168379,40,0,40,0
S1,leave_environment_C,coordinate,40,0.03162277660168379,40,0,40,0
S1,leave_environment_C,coordinate,31,0.1,40,0,0,0
S1,leave_environment_C,coordinate,32,0.1,40,0,0,0
S1,leave_environment_C,coordinate,33,0.1,40,0,0,0
S1,leave_environment_C,coordinate,34,0.1,40,0,0,0
S1,leave_environment_C,coordinate,35,0.1,40,0,0,0
S1,leave_environment_C,coordinate,36,0.1,40,0,0,0
S1,leave_environment_C,coordinate,37,0.1,40,0,0,0
S1,leave_environment_C,coordinate,38,0.1,40,0,0,0
S1,leave_environment_C,coordinate,39,0.1,40,0,0,0
S1,leave_environment_C,coordinate,40,0.1,40,0,0,0
S1,leave_environment_C,coordinate,31,0.25,40,0,0,0
S1,leave_environment_C,coordinate,32,0.25,40,0,0,0
S1,leave_environment_C,coordinate,33,0.25,40,0,0,0
S1,leave_environment_C,coordinate,34,0.25,40,0,0,0
S1,leave_environment_C,coordinate,35,0.25,40,0,0,0
S1,leave_environment_C,coordinate,36,0.25,40,0,0,0
S1,leave_environment_C,coordinate,37,0.25,40,0,0,0
S1,leave_environment_C,coordinate,38,0.25,40,0,0,0
S1,leave_environment_C,coordinate,39,0.25,40,0,0,0
S1,leave_environment_C,coordinate,40,0.25,40,0,0,0
S1,leave_environment_C,dct,31,1e-06,40,0,40,0
S1,leave_environment_C,dct,32,1e-06,40,0,40,0
S1,leave_environment_C,dct,33,1e-06,40,0,40,0
S1,leave_environment_C,dct,34,1e-06,40,0,40,0
S1,leave_environment_C,dct,35,1e-06,40,0,40,0
S1,leave_environment_C,dct,36,1e-06,40,0,40,0
S1,leave_environment_C,dct,37,1e-06,40,0,40,0
S1,leave_environment_C,dct,38,1e-06,40,0,40,0
S1,leave_environment_C,dct,39,1e-06,40,0,40,0
S1,leave_environment_C,dct,40,1e-06,40,0,40,0
S1,leave_environment_C,dct,31,3.162277660168379e-06,40,0,40,0
S1,leave_environment_C,dct,32,3.162277660168379e-06,40,0,40,0
S1,leave_environment_C,dct,33,3.162277660168379e-06,40,0,40,0
S1,leave_environment_C,dct,34,3.162277660168379e-06,40,0,40,0
S1,leave_environment_C,dct,35,3.162277660168379e-06,40,0,40,0
S1,leave_environment_C,dct,36,3.162277660168379e-06,40,0,40,0
S1,leave_environment_C,dct,37,3.162277660168379e-06,40,0,40,0
S1,leave_environment_C,dct,38,3.162277660168379e-06,40,0,40,0
S1,leave_environment_C,dct,39,3.162277660168379e-06,40,0,40,0
S1,leave_environment_C,dct,40,3.162277660168379e-06,40,0,40,0
S1,leave_environment_C,dct,31,1e-05,40,0,40,0
S1,leave_environment_C,dct,32,1e-05,40,0,40,0
S1,leave_environment_C,dct,33,1e-05,40,0,40,0
S1,leave_environment_C,dct,34,1e-05,40,0,40,0
S1,leave_environment_C,dct,35,1e-05,40,0,40,0
S1,leave_environment_C,dct,36,1e-05,40,0,40,0
S1,leave_environment_C,dct,37,1e-05,40,0,40,0
S1,leave_environment_C,dct,38,1e-05,40,0,40,0
S1,leave_environment_C,dct,39,1e-05,40,0,40,0
S1,leave_environment_C,dct,40,1e-05,40,0,40,0
S1,leave_environment_C,dct,31,3.1622776601683795e-05,40,0,40,0
S1,leave_environment_C,dct,32,3.1622776601683795e-05,40,0,40,0
S1,leave_environment_C,dct,33,3.1622776601683795e-05,40,0,40,0
S1,leave_environment_C,dct,34,3.1622776601683795e-05,40,0,40,0
S1,leave_environment_C,dct,35,3.1622776601683795e-05,40,0,40,0
S1,leave_environment_C,dct,36,3.1622776601683795e-05,40,0,40,0
S1,leave_environment_C,dct,37,3.1622776601683795e-05,40,0,40,0
S1,leave_environment_C,dct,38,3.1622776601683795e-05,40,0,40,0
S1,leave_environment_C,dct,39,3.1622776601683795e-05,40,0,40,0
S1,leave_environment_C,dct,40,3.1622776601683795e-05,40,0,40,0
S1,leave_environment_C,dct,31,0.0001,40,0,40,0
S1,leave_environment_C,dct,32,0.0001,40,0,40,0
S1,leave_environment_C,dct,33,0.0001,40,0,40,0
S1,leave_environment_C,dct,34,0.0001,40,0,40,0
S1,leave_environment_C,dct,35,0.0001,40,0,40,0
S1,leave_environment_C,dct,36,0.0001,40,0,40,0
S1,leave_environment_C,dct,37,0.0001,40,0,40,0
S1,leave_environment_C,dct,38,0.0001,40,0,40,0
S1,leave_environment_C,dct,39,0.0001,40,0,40,0
S1,leave_environment_C,dct,40,0.0001,40,0,40,0
S1,leave_environment_C,dct,31,0.00031622776601683794,40,0,40,0
S1,leave_environment_C,dct,32,0.00031622776601683794,40,0,40,0
S1,leave_environment_C,dct,33,0.00031622776601683794,40,0,40,0
S1,leave_environment_C,dct,34,0.00031622776601683794,40,0,40,0
S1,leave_environment_C,dct,35,0.00031622776601683794,40,0,40,0
S1,leave_environment_C,dct,36,0.00031622776601683794,40,0,40,0
S1,leave_environment_C,dct,37,0.00031622776601683794,40,0,40,0
S1,leave_environment_C,dct,38,0.00031622776601683794,40,0,40,0
S1,leave_environment_C,dct,39,0.00031622776601683794,40,0,40,0
S1,leave_environment_C,dct,40,0.00031622776601683794,40,0,40,0
S1,leave_environment_C,dct,31,0.001,40,0,40,0
S1,leave_environment_C,dct,32,0.001,40,0,40,0
S1,leave_environment_C,dct,33,0.001,40,0,40,0
S1,leave_environment_C,dct,34,0.001,40,0,40,0
S1,leave_environment_C,dct,35,0.001,40,0,40,0
S1,leave_environment_C,dct,36,0.001,40,0,40,0
S1,leave_environment_C,dct,37,0.001,40,0,40,0
S1,leave_environment_C,dct,38,0.001,40,0,40,0
S1,leave_environment_C,dct,39,0.001,40,0,40,0
S1,leave_environment_C,dct,40,0.001,40,0,40,0
S1,leave_environment_C,dct,31,0.0031622776601683794,40,0,40,0
S1,leave_environment_C,dct,32,0.0031622776601683794,40,0,40,0
S1,leave_environment_C,dct,33,0.0031622776601683794,40,0,40,0
S1,leave_environment_C,dct,34,0.0031622776601683794,40,0,40,0
S1,leave_environment_C,dct,35,0.0031622776601683794,40,0,40,0
S1,leave_environment_C,dct,36,0.0031622776601683794,40,0,40,0
S1,leave_environment_C,dct,37,0.0031622776601683794,40,0,40,0
S1,leave_environment_C,dct,38,0.0031622776601683794,40,0,40,0
S1,leave_environment_C,dct,39,0.0031622776601683794,40,0,40,0
S1,leave_environment_C,dct,40,0.0031622776601683794,40,0,40,0
S1,leave_environment_C,dct,31,0.01,40,40,40,0
S1,leave_environment_C,dct,32,0.01,40,40,40,0
S1,leave_environment_C,dct,33,0.01,40,40,40,0
S1,leave_environment_C,dct,34,0.01,40,40,40,0
S1,leave_environment_C,dct,35,0.01,40,40,40,0
S1,leave_environment_C,dct,36,0.01,40,40,40,0
S1,leave_environment_C,dct,37,0.01,40,40,40,0
S1,leave_environment_C,dct,38,0.01,40,40,40,0
S1,leave_environment_C,dct,39,0.01,40,40,40,0
S1,leave_environment_C,dct,40,0.01,40,40,40,0
S1,leave_environment_C,dct,31,0.03162277660168379,40,40,40,0
S1,leave_environment_C,dct,32,0.03162277660168379,40,40,40,0
S1,leave_environment_C,dct,33,0.03162277660168379,40,40,40,0
S1,leave_environment_C,dct,34,0.03162277660168379,40,40,40,0
S1,leave_environment_C,dct,35,0.03162277660168379,40,40,40,0
S1,leave_environment_C,dct,36,0.03162277660168379,40,40,40,0
S1,leave_environment_C,dct,37,0.03162277660168379,40,40,40,0
S1,leave_environment_C,dct,38,0.03162277660168379,40,40,40,0
S1,leave_environment_C,dct,39,0.03162277660168379,40,40,40,0
S1,leave_environment_C,dct,40,0.03162277660168379,40,40,40,0
S1,leave_environment_C,dct,31,0.1,40,40,40,0
S1,leave_environment_C,dct,32,0.1,40,40,40,0
S1,leave_environment_C,dct,33,0.1,40,40,40,0
S1,leave_environment_C,dct,34,0.1,40,40,40,0
S1,leave_environment_C,dct,35,0.1,40,40,40,0
S1,leave_environment_C,dct,36,0.1,40,40,40,0
S1,leave_environment_C,dct,37,0.1,40,40,40,0
S1,leave_environment_C,dct,38,0.1,40,40,40,0
S1,leave_environment_C,dct,39,0.1,40,40,40,0
S1,leave_environment_C,dct,40,0.1,40,40,40,0
S1,leave_environment_C,dct,31,0.25,40,0,0,0
S1,leave_environment_C,dct,32,0.25,40,0,0,0
S1,leave_environment_C,dct,33,0.25,40,0,0,0
S1,leave_environment_C,dct,34,0.25,40,0,0,0
S1,leave_environment_C,dct,35,0.25,40,0,0,0
S1,leave_environment_C,dct,36,0.25,40,0,0,0
S1,leave_environment_C,dct,37,0.25,40,0,0,0
S1,leave_environment_C,dct,38,0.25,40,0,0,0
S1,leave_environment_C,dct,39,0.25,40,0,0,0
S1,leave_environment_C,dct,40,0.25,40,0,0,0
S1,leave_environment_C,dft,31,1e-06,40,0,40,0
S1,leave_environment_C,dft,32,1e-06,40,0,40,0
S1,leave_environment_C,dft,33,1e-06,40,0,40,0
S1,leave_environment_C,dft,34,1e-06,40,0,40,0
S1,leave_environment_C,dft,35,1e-06,40,0,40,0
S1,leave_environment_C,dft,36,1e-06,40,0,40,0
S1,leave_environment_C,dft,37,1e-06,40,0,40,0
S1,leave_environment_C,dft,38,1e-06,40,0,40,0
S1,leave_environment_C,dft,39,1e-06,40,0,40,0
S1,leave_environment_C,dft,40,1e-06,40,0,40,0
S1,leave_environment_C,dft,31,3.162277660168379e-06,40,0,40,0
S1,leave_environment_C,dft,32,3.162277660168379e-06,40,0,40,0
S1,leave_environment_C,dft,33,3.162277660168379e-06,40,0,40,0
S1,leave_environment_C,dft,34,3.162277660168379e-06,40,0,40,0
S1,leave_environment_C,dft,35,3.162277660168379e-06,40,0,40,0
S1,leave_environment_C,dft,36,3.162277660168379e-06,40,0,40,0
S1,leave_environment_C,dft,37,3.162277660168379e-06,40,0,40,0
S1,leave_environment_C,dft,38,3.162277660168379e-06,40,0,40,0
S1,leave_environment_C,dft,39,3.162277660168379e-06,40,0,40,0
S1,leave_environment_C,dft,40,3.162277660168379e-06,40,0,40,0
S1,leave_environment_C,dft,31,1e-05,40,0,40,0
S1,leave_environment_C,dft,32,1e-05,40,0,40,0
S1,leave_environment_C,dft,33,1e-05,40,0,40,0
S1,leave_environment_C,dft,34,1e-05,40,0,40,0
S1,leave_environment_C,dft,35,1e-05,40,0,40,0
S1,leave_environment_C,dft,36,1e-05,40,0,40,0
S1,leave_environment_C,dft,37,1e-05,40,0,40,0
S1,leave_environment_C,dft,38,1e-05,40,0,40,0
S1,leave_environment_C,dft,39,1e-05,40,0,40,0
S1,leave_environment_C,dft,40,1e-05,40,0,40,0
S1,leave_environment_C,dft,31,3.1622776601683795e-05,40,0,40,0
S1,leave_environment_C,dft,32,3.1622776601683795e-05,40,0,40,0
S1,leave_environment_C,dft,33,3.1622776601683795e-05,40,0,40,0
S1,leave_environment_C,dft,34,3.1622776601683795e-05,40,0,40,0
S1,leave_environment_C,dft,35,3.1622776601683795e-05,40,0,40,0
S1,leave_environment_C,dft,36,3.1622776601683795e-05,40,0,40,0
S1,leave_environment_C,dft,37,3.1622776601683795e-05,40,0,40,0
S1,leave_environment_C,dft,38,3.1622776601683795e-05,40,0,40,0
S1,leave_environment_C,dft,39,3.1622776601683795e-05,40,0,40,0
S1,leave_environment_C,dft,40,3.1622776601683795e-05,40,0,40,0
S1,leave_environment_C,dft,31,0.0001,40,0,40,0
S1,leave_environment_C,dft,32,0.0001,40,0,40,0
S1,leave_environment_C,dft,33,0.0001,40,0,40,0
S1,leave_environment_C,dft,34,0.0001,40,0,40,0
S1,leave_environment_C,dft,35,0.0001,40,0,40,0
S1,leave_environment_C,dft,36,0.0001,40,0,40,0
S1,leave_environment_C,dft,37,0.0001,40,0,40,0
S1,leave_environment_C,dft,38,0.0001,40,0,40,0
S1,leave_environment_C,dft,39,0.0001,40,0,40,0
S1,leave_environment_C,dft,40,0.0001,40,0,40,0
S1,leave_environment_C,dft,31,0.00031622776601683794,40,0,40,0
S1,leave_environment_C,dft,32,0.00031622776601683794,40,0,40,0
S1,leave_environment_C,dft,33,0.00031622776601683794,40,0,40,0
S1,leave_environment_C,dft,34,0.00031622776601683794,40,0,40,0
S1,leave_environment_C,dft,35,0.00031622776601683794,40,0,40,0
S1,leave_environment_C,dft,36,0.00031622776601683794,40,0,40,0
S1,leave_environment_C,dft,37,0.00031622776601683794,40,0,40,0
S1,leave_environment_C,dft,38,0.00031622776601683794,40,0,40,0
S1,leave_environment_C,dft,39,0.00031622776601683794,40,0,40,0
S1,leave_environment_C,dft,40,0.00031622776601683794,40,0,40,0
S1,leave_environment_C,dft,31,0.001,40,39,40,0
S1,leave_environment_C,dft,32,0.001,40,37,40,0
S1,leave_environment_C,dft,33,0.001,40,24,40,0
S1,leave_environment_C,dft,34,0.001,40,0,40,0
S1,leave_environment_C,dft,35,0.001,40,0,40,0
S1,leave_environment_C,dft,36,0.001,40,10,40,0
S1,leave_environment_C,dft,37,0.001,40,19,40,0
S1,leave_environment_C,dft,38,0.001,40,2,40,0
S1,leave_environment_C,dft,39,0.001,40,10,40,0
S1,leave_environment_C,dft,40,0.001,40,6,40,0
S1,leave_environment_C,dft,31,0.0031622776601683794,40,40,40,0
S1,leave_environment_C,dft,32,0.0031622776601683794,40,37,40,0
S1,leave_environment_C,dft,33,0.0031622776601683794,40,25,40,0
S1,leave_environment_C,dft,34,0.0031622776601683794,40,0,40,0
S1,leave_environment_C,dft,35,0.0031622776601683794,40,5,40,0
S1,leave_environment_C,dft,36,0.0031622776601683794,40,10,40,0
S1,leave_environment_C,dft,37,0.0031622776601683794,40,20,40,0
S1,leave_environment_C,dft,38,0.0031622776601683794,40,2,40,0
S1,leave_environment_C,dft,39,0.0031622776601683794,40,16,40,0
S1,leave_environment_C,dft,40,0.0031622776601683794,40,6,40,0
S1,leave_environment_C,dft,31,0.01,40,40,40,0
S1,leave_environment_C,dft,32,0.01,40,40,40,0
S1,leave_environment_C,dft,33,0.01,40,40,40,0
S1,leave_environment_C,dft,34,0.01,40,34,40,0
S1,leave_environment_C,dft,35,0.01,40,40,40,0
S1,leave_environment_C,dft,36,0.01,40,40,40,0
S1,leave_environment_C,dft,37,0.01,40,20,40,0
S1,leave_environment_C,dft,38,0.01,40,40,40,0
S1,leave_environment_C,dft,39,0.01,40,33,40,0
S1,leave_environment_C,dft,40,0.01,40,40,40,0
S1,leave_environment_C,dft,31,0.03162277660168379,40,40,40,0
S1,leave_environment_C,dft,32,0.03162277660168379,40,40,40,0
S1,leave_environment_C,dft,33,0.03162277660168379,40,40,40,0
S1,leave_environment_C,dft,34,0.03162277660168379,40,40,40,0
S1,leave_environment_C,dft,35,0.03162277660168379,40,40,40,0
S1,leave_environment_C,dft,36,0.03162277660168379,40,40,40,0
S1,leave_environment_C,dft,37,0.03162277660168379,40,40,40,0
S1,leave_environment_C,dft,38,0.03162277660168379,40,40,40,0
S1,leave_environment_C,dft,39,0.03162277660168379,40,40,40,0
S1,leave_environment_C,dft,40,0.03162277660168379,40,40,40,0
S1,leave_environment_C,dft,31,0.1,40,40,40,0
S1,leave_environment_C,dft,32,0.1,40,40,40,0
S1,leave_environment_C,dft,33,0.1,40,40,40,0
S1,leave_environment_C,dft,34,0.1,40,40,40,0
S1,leave_environment_C,dft,35,0.1,40,40,40,0
S1,leave_environment_C,dft,36,0.1,40,40,40,0
S1,leave_environment_C,dft,37,0.1,40,40,40,0
S1,leave_environment_C,dft,38,0.1,40,40,40,0
S1,leave_environment_C,dft,39,0.1,40,40,40,0
S1,leave_environment_C,dft,40,0.1,40,40,40,0
S1,leave_environment_C,dft,31,0.25,40,0,0,0
S1,leave_environment_C,dft,32,0.25,40,0,0,0
S1,leave_environment_C,dft,33,0.25,40,0,0,0
S1,leave_environment_C,dft,34,0.25,40,0,0,0
S1,leave_environment_C,dft,35,0.25,40,0,0,0
S1,leave_environment_C,dft,36,0.25,40,0,0,0
S1,leave_environment_C,dft,37,0.25,40,0,0,0
S1,leave_environment_C,dft,38,0.25,40,0,0,0
S1,leave_environment_C,dft,39,0.25,40,0,0,0
S1,leave_environment_C,dft,40,0.25,40,0,0,0
S1,leave_environment_C,polynomial,31,1e-06,40,0,40,0
S1,leave_environment_C,polynomial,32,1e-06,40,0,40,0
S1,leave_environment_C,polynomial,33,1e-06,40,0,40,0
S1,leave_environment_C,polynomial,34,1e-06,40,0,40,0
S1,leave_environment_C,polynomial,35,1e-06,40,0,40,0
S1,leave_environment_C,polynomial,36,1e-06,40,0,40,0
S1,leave_environment_C,polynomial,37,1e-06,40,0,40,0
S1,leave_environment_C,polynomial,38,1e-06,40,0,40,0
S1,leave_environment_C,polynomial,39,1e-06,40,0,40,0
S1,leave_environment_C,polynomial,40,1e-06,40,0,40,0
S1,leave_environment_C,polynomial,31,3.162277660168379e-06,40,0,40,0
S1,leave_environment_C,polynomial,32,3.162277660168379e-06,40,0,40,0
S1,leave_environment_C,polynomial,33,3.162277660168379e-06,40,0,40,0
S1,leave_environment_C,polynomial,34,3.162277660168379e-06,40,0,40,0
S1,leave_environment_C,polynomial,35,3.162277660168379e-06,40,0,40,0
S1,leave_environment_C,polynomial,36,3.162277660168379e-06,40,0,40,0
S1,leave_environment_C,polynomial,37,3.162277660168379e-06,40,0,40,0
S1,leave_environment_C,polynomial,38,3.162277660168379e-06,40,0,40,0
S1,leave_environment_C,polynomial,39,3.162277660168379e-06,40,0,40,0
S1,leave_environment_C,polynomial,40,3.162277660168379e-06,40,0,40,0
S1,leave_environment_C,polynomial,31,1e-05,40,0,40,0
S1,leave_environment_C,polynomial,32,1e-05,40,0,40,0
S1,leave_environment_C,polynomial,33,1e-05,40,0,40,0
S1,leave_environment_C,polynomial,34,1e-05,40,0,40,0
S1,leave_environment_C,polynomial,35,1e-05,40,0,40,0
S1,leave_environment_C,polynomial,36,1e-05,40,0,40,0
S1,leave_environment_C,polynomial,37,1e-05,40,0,40,0
S1,leave_environment_C,polynomial,38,1e-05,40,0,40,0
S1,leave_environment_C,polynomial,39,1e-05,40,0,40,0
S1,leave_environment_C,polynomial,40,1e-05,40,0,40,0
S1,leave_environment_C,polynomial,31,3.1622776601683795e-05,40,9,40,0
S1,leave_environment_C,polynomial,32,3.1622776601683795e-05,40,3,40,0
S1,leave_environment_C,polynomial,33,3.1622776601683795e-05,40,20,40,0
S1,leave_environment_C,polynomial,34,3.1622776601683795e-05,40,19,40,0
S1,leave_environment_C,polynomial,35,3.1622776601683795e-05,40,23,40,0
S1,leave_environment_C,polynomial,36,3.1622776601683795e-05,40,19,40,0
S1,leave_environment_C,polynomial,37,3.1622776601683795e-05,40,12,40,0
S1,leave_environment_C,polynomial,38,3.1622776601683795e-05,40,13,40,0
S1,leave_environment_C,polynomial,39,3.1622776601683795e-05,40,17,40,0
S1,leave_environment_C,polynomial,40,3.1622776601683795e-05,40,21,40,0
S1,leave_environment_C,polynomial,31,0.0001,40,40,40,0
S1,leave_environment_C,polynomial,32,0.0001,40,40,40,0
S1,leave_environment_C,polynomial,33,0.0001,40,40,40,0
S1,leave_environment_C,polynomial,34,0.0001,40,40,40,0
S1,leave_environment_C,polynomial,35,0.0001,40,40,40,0
S1,leave_environment_C,polynomial,36,0.0001,40,40,40,0
S1,leave_environment_C,polynomial,37,0.0001,40,40,40,0
S1,leave_environment_C,polynomial,38,0.0001,40,40,40,0
S1,leave_environment_C,polynomial,39,0.0001,40,40,40,0
S1,leave_environment_C,polynomial,40,0.0001,40,40,40,0
S1,leave_environment_C,polynomial,31,0.00031622776601683794,40,40,40,0
S1,leave_environment_C,polynomial,32,0.00031622776601683794,40,40,40,0
S1,leave_environment_C,polynomial,33,0.00031622776601683794,40,40,40,0
S1,leave_environment_C,polynomial,34,0.00031622776601683794,40,40,40,0
S1,leave_environment_C,polynomial,35,0.00031622776601683794,40,40,40,0
S1,leave_environment_C,polynomial,36,0.00031622776601683794,40,40,40,0
S1,leave_environment_C,polynomial,37,0.00031622776601683794,40,40,40,0
S1,leave_environment_C,polynomial,38,0.00031622776601683794,40,40,40,0
S1,leave_environment_C,polynomial,39,0.00031622776601683794,40,40,40,0
S1,leave_environment_C,polynomial,40,0.00031622776601683794,40,40,40,0
S1,leave_environment_C,polynomial,31,0.001,40,40,40,0
S1,leave_environment_C,polynomial,32,0.001,40,40,40,0
S1,leave_environment_C,polynomial,33,0.001,40,40,40,0
S1,leave_environment_C,polynomial,34,0.001,40,40,40,0
S1,leave_environment_C,polynomial,35,0.001,40,40,40,0
S1,leave_environment_C,polynomial,36,0.001,40,40,40,0
S1,leave_environment_C,polynomial,37,0.001,40,40,40,0
S1,leave_environment_C,polynomial,38,0.001,40,40,40,0
S1,leave_environment_C,polynomial,39,0.001,40,40,40,0
S1,leave_environment_C,polynomial,40,0.001,40,40,40,0
S1,leave_environment_C,polynomial,31,0.0031622776601683794,40,40,40,0
S1,leave_environment_C,polynomial,32,0.0031622776601683794,40,40,40,0
S1,leave_environment_C,polynomial,33,0.0031622776601683794,40,40,40,0
S1,leave_environment_C,polynomial,34,0.0031622776601683794,40,40,40,0
S1,leave_environment_C,polynomial,35,0.0031622776601683794,40,40,40,0
S1,leave_environment_C,polynomial,36,0.0031622776601683794,40,40,40,0
S1,leave_environment_C,polynomial,37,0.0031622776601683794,40,40,40,0
S1,leave_environment_C,polynomial,38,0.0031622776601683794,40,40,40,0
S1,leave_environment_C,polynomial,39,0.0031622776601683794,40,40,40,0
S1,leave_environment_C,polynomial,40,0.0031622776601683794,40,40,40,0
S1,leave_environment_C,polynomial,31,0.01,40,40,40,0
S1,leave_environment_C,polynomial,32,0.01,40,40,40,0
S1,leave_environment_C,polynomial,33,0.01,40,40,40,0
S1,leave_environment_C,polynomial,34,0.01,40,40,40,0
S1,leave_environment_C,polynomial,35,0.01,40,40,40,0
S1,leave_environment_C,polynomial,36,0.01,40,40,40,0
S1,leave_environment_C,polynomial,37,0.01,40,40,40,0
S1,leave_environment_C,polynomial,38,0.01,40,40,40,0
S1,leave_environment_C,polynomial,39,0.01,40,40,40,0
S1,leave_environment_C,polynomial,40,0.01,40,40,40,0
S1,leave_environment_C,polynomial,31,0.03162277660168379,40,40,40,0
S1,leave_environment_C,polynomial,32,0.03162277660168379,40,40,40,0
S1,leave_environment_C,polynomial,33,0.03162277660168379,40,40,40,0
S1,leave_environment_C,polynomial,34,0.03162277660168379,40,40,40,0
S1,leave_environment_C,polynomial,35,0.03162277660168379,40,40,40,0
S1,leave_environment_C,polynomial,36,0.03162277660168379,40,40,40,0
S1,leave_environment_C,polynomial,37,0.03162277660168379,40,40,40,0
S1,leave_environment_C,polynomial,38,0.03162277660168379,40,40,40,0
S1,leave_environment_C,polynomial,39,0.03162277660168379,40,40,40,0
S1,leave_environment_C,polynomial,40,0.03162277660168379,40,40,40,0
S1,leave_environment_C,polynomial,31,0.1,40,40,40,0
S1,leave_environment_C,polynomial,32,0.1,40,40,40,0
S1,leave_environment_C,polynomial,33,0.1,40,40,40,0
S1,leave_environment_C,polynomial,34,0.1,40,40,40,0
S1,leave_environment_C,polynomial,35,0.1,40,40,40,0
S1,leave_environment_C,polynomial,36,0.1,40,40,40,0
S1,leave_environment_C,polynomial,37,0.1,40,40,40,0
S1,leave_environment_C,polynomial,38,0.1,40,40,40,0
S1,leave_environment_C,polynomial,39,0.1,40,40,40,0
S1,leave_environment_C,polynomial,40,0.1,40,40,40,0
S1,leave_environment_C,polynomial,31,0.25,40,0,0,0
S1,leave_environment_C,polynomial,32,0.25,40,0,0,0
S1,leave_environment_C,polynomial,33,0.25,40,0,0,0
S1,leave_environment_C,polynomial,34,0.25,40,0,0,0
S1,leave_environment_C,polynomial,35,0.25,40,0,0,0
S1,leave_environment_C,polynomial,36,0.25,40,0,0,0
S1,leave_environment_C,polynomial,37,0.25,40,0,0,0
S1,leave_environment_C,polynomial,38,0.25,40,0,0,0
S1,leave_environment_C,polynomial,39,0.25,40,0,0,0
S1,leave_environment_C,polynomial,40,0.25,40,0,0,0
S1,leave_environment_C,random_orthogonal,31,1e-06,40,0,40,0
S1,leave_environment_C,random_orthogonal,32,1e-06,40,0,40,0
S1,leave_environment_C,random_orthogonal,33,1e-06,40,0,40,0
S1,leave_environment_C,random_orthogonal,34,1e-06,40,0,40,0
S1,leave_environment_C,random_orthogonal,35,1e-06,40,0,40,0
S1,leave_environment_C,random_orthogonal,36,1e-06,40,0,40,0
S1,leave_environment_C,random_orthogonal,37,1e-06,40,0,40,0
S1,leave_environment_C,random_orthogonal,38,1e-06,40,0,40,0
S1,leave_environment_C,random_orthogonal,39,1e-06,40,0,40,0
S1,leave_environment_C,random_orthogonal,40,1e-06,40,0,40,0
S1,leave_environment_C,random_orthogonal,31,3.162277660168379e-06,40,0,40,0
S1,leave_environment_C,random_orthogonal,32,3.162277660168379e-06,40,0,40,0
S1,leave_environment_C,random_orthogonal,33,3.162277660168379e-06,40,0,40,0
S1,leave_environment_C,random_orthogonal,34,3.162277660168379e-06,40,0,40,0
S1,leave_environment_C,random_orthogonal,35,3.162277660168379e-06,40,0,40,0
S1,leave_environment_C,random_orthogonal,36,3.162277660168379e-06,40,0,40,0
S1,leave_environment_C,random_orthogonal,37,3.162277660168379e-06,40,0,40,0
S1,leave_environment_C,random_orthogonal,38,3.162277660168379e-06,40,0,40,0
S1,leave_environment_C,random_orthogonal,39,3.162277660168379e-06,40,0,40,0
S1,leave_environment_C,random_orthogonal,40,3.162277660168379e-06,40,0,40,0
S1,leave_environment_C,random_orthogonal,31,1e-05,40,0,40,0
S1,leave_environment_C,random_orthogonal,32,1e-05,40,0,40,0
S1,leave_environment_C,random_orthogonal,33,1e-05,40,0,40,0
S1,leave_environment_C,random_orthogonal,34,1e-05,40,0,40,0
S1,leave_environment_C,random_orthogonal,35,1e-05,40,0,40,0
S1,leave_environment_C,random_orthogonal,36,1e-05,40,0,40,0
S1,leave_environment_C,random_orthogonal,37,1e-05,40,0,40,0
S1,leave_environment_C,random_orthogonal,38,1e-05,40,0,40,0
S1,leave_environment_C,random_orthogonal,39,1e-05,40,0,40,0
S1,leave_environment_C,random_orthogonal,40,1e-05,40,0,40,0
S1,leave_environment_C,random_orthogonal,31,3.1622776601683795e-05,40,0,40,0
S1,leave_environment_C,random_orthogonal,32,3.1622776601683795e-05,40,0,40,0
S1,leave_environment_C,random_orthogonal,33,3.1622776601683795e-05,40,0,40,0
S1,leave_environment_C,random_orthogonal,34,3.1622776601683795e-05,40,0,40,0
S1,leave_environment_C,random_orthogonal,35,3.1622776601683795e-05,40,0,40,0
S1,leave_environment_C,random_orthogonal,36,3.1622776601683795e-05,40,0,40,0
S1,leave_environment_C,random_orthogonal,37,3.1622776601683795e-05,40,0,40,0
S1,leave_environment_C,random_orthogonal,38,3.1622776601683795e-05,40,0,40,0
S1,leave_environment_C,random_orthogonal,39,3.1622776601683795e-05,40,0,40,0
S1,leave_environment_C,random_orthogonal,40,3.1622776601683795e-05,40,0,40,0
S1,leave_environment_C,random_orthogonal,31,0.0001,40,0,40,0
S1,leave_environment_C,random_orthogonal,32,0.0001,40,0,40,0
S1,leave_environment_C,random_orthogonal,33,0.0001,40,0,40,0
S1,leave_environment_C,random_orthogonal,34,0.0001,40,0,40,0
S1,leave_environment_C,random_orthogonal,35,0.0001,40,0,40,0
S1,leave_environment_C,random_orthogonal,36,0.0001,40,0,40,0
S1,leave_environment_C,random_orthogonal,37,0.0001,40,0,40,0
S1,leave_environment_C,random_orthogonal,38,0.0001,40,0,40,0
S1,leave_environment_C,random_orthogonal,39,0.0001,40,0,40,0
S1,leave_environment_C,random_orthogonal,40,0.0001,40,0,40,0
S1,leave_environment_C,random_orthogonal,31,0.00031622776601683794,40,0,40,0
S1,leave_environment_C,random_orthogonal,32,0.00031622776601683794,40,0,40,0
S1,leave_environment_C,random_orthogonal,33,0.00031622776601683794,40,0,40,0
S1,leave_environment_C,random_orthogonal,34,0.00031622776601683794,40,0,40,0
S1,leave_environment_C,random_orthogonal,35,0.00031622776601683794,40,0,40,0
S1,leave_environment_C,random_orthogonal,36,0.00031622776601683794,40,0,40,0
S1,leave_environment_C,random_orthogonal,37,0.00031622776601683794,40,0,40,0
S1,leave_environment_C,random_orthogonal,38,0.00031622776601683794,40,0,40,0
S1,leave_environment_C,random_orthogonal,39,0.00031622776601683794,40,0,40,0
S1,leave_environment_C,random_orthogonal,40,0.00031622776601683794,40,0,40,0
S1,leave_environment_C,random_orthogonal,31,0.001,40,0,40,0
S1,leave_environment_C,random_orthogonal,32,0.001,40,0,40,0
S1,leave_environment_C,random_orthogonal,33,0.001,40,0,40,0
S1,leave_environment_C,random_orthogonal,34,0.001,40,0,40,0
S1,leave_environment_C,random_orthogonal,35,0.001,40,0,40,0
S1,leave_environment_C,random_orthogonal,36,0.001,40,0,40,0
S1,leave_environment_C,random_orthogonal,37,0.001,40,0,40,0
S1,leave_environment_C,random_orthogonal,38,0.001,40,0,40,0
S1,leave_environment_C,random_orthogonal,39,0.001,40,0,40,0
S1,leave_environment_C,random_orthogonal,40,0.001,40,0,40,0
S1,leave_environment_C,random_orthogonal,31,0.0031622776601683794,40,0,40,0
S1,leave_environment_C,random_orthogonal,32,0.0031622776601683794,40,0,40,0
S1,leave_environment_C,random_orthogonal,33,0.0031622776601683794,40,0,40,0
S1,leave_environment_C,random_orthogonal,34,0.0031622776601683794,40,0,40,0
S1,leave_environment_C,random_orthogonal,35,0.0031622776601683794,40,0,40,0
S1,leave_environment_C,random_orthogonal,36,0.0031622776601683794,40,0,40,0
S1,leave_environment_C,random_orthogonal,37,0.0031622776601683794,40,0,40,0
S1,leave_environment_C,random_orthogonal,38,0.0031622776601683794,40,0,40,0
S1,leave_environment_C,random_orthogonal,39,0.0031622776601683794,40,0,40,0
S1,leave_environment_C,random_orthogonal,40,0.0031622776601683794,40,0,40,0
S1,leave_environment_C,random_orthogonal,31,0.01,40,8,40,0
S1,leave_environment_C,random_orthogonal,32,0.01,40,0,40,0
S1,leave_environment_C,random_orthogonal,33,0.01,40,1,40,0
S1,leave_environment_C,random_orthogonal,34,0.01,40,0,40,0
S1,leave_environment_C,random_orthogonal,35,0.01,40,0,40,0
S1,leave_environment_C,random_orthogonal,36,0.01,40,0,40,0
S1,leave_environment_C,random_orthogonal,37,0.01,40,0,40,0
S1,leave_environment_C,random_orthogonal,38,0.01,40,1,40,0
S1,leave_environment_C,random_orthogonal,39,0.01,40,0,40,0
S1,leave_environment_C,random_orthogonal,40,0.01,40,0,40,0
S1,leave_environment_C,random_orthogonal,31,0.03162277660168379,40,40,40,0
S1,leave_environment_C,random_orthogonal,32,0.03162277660168379,40,40,40,0
S1,leave_environment_C,random_orthogonal,33,0.03162277660168379,40,40,40,0
S1,leave_environment_C,random_orthogonal,34,0.03162277660168379,40,40,40,0
S1,leave_environment_C,random_orthogonal,35,0.03162277660168379,40,40,40,0
S1,leave_environment_C,random_orthogonal,36,0.03162277660168379,40,40,40,0
S1,leave_environment_C,random_orthogonal,37,0.03162277660168379,40,40,40,0
S1,leave_environment_C,random_orthogonal,38,0.03162277660168379,40,40,40,0
S1,leave_environment_C,random_orthogonal,39,0.03162277660168379,40,40,40,0
S1,leave_environment_C,random_orthogonal,40,0.03162277660168379,40,40,40,0
S1,leave_environment_C,random_orthogonal,31,0.1,40,40,40,0
S1,leave_environment_C,random_orthogonal,32,0.1,40,40,40,0
S1,leave_environment_C,random_orthogonal,33,0.1,40,40,40,0
S1,leave_environment_C,random_orthogonal,34,0.1,40,40,40,0
S1,leave_environment_C,random_orthogonal,35,0.1,40,40,40,0
S1,leave_environment_C,random_orthogonal,36,0.1,40,40,40,0
S1,leave_environment_C,random_orthogonal,37,0.1,40,40,40,0
S1,leave_environment_C,random_orthogonal,38,0.1,40,40,40,0
S1,leave_environment_C,random_orthogonal,39,0.1,40,40,40,0
S1,leave_environment_C,random_orthogonal,40,0.1,40,40,40,0
S1,leave_environment_C,random_orthogonal,31,0.25,40,0,0,0
S1,leave_environment_C,random_orthogonal,32,0.25,40,0,0,0
S1,leave_environment_C,random_orthogonal,33,0.25,40,0,0,0
S1,leave_environment_C,random_orthogonal,34,0.25,40,0,0,0
S1,leave_environment_C,random_orthogonal,35,0.25,40,0,0,0
S1,leave_environment_C,random_orthogonal,36,0.25,40,0,0,0
S1,leave_environment_C,random_orthogonal,37,0.25,40,0,0,0
S1,leave_environment_C,random_orthogonal,38,0.25,40,0,0,0
S1,leave_environment_C,random_orthogonal,39,0.25,40,0,0,0
S1,leave_environment_C,random_orthogonal,40,0.25,40,0,0,0
S1,leave_environment_C,permuted_polynomial,31,1e-06,40,0,40,0
S1,leave_environment_C,permuted_polynomial,32,1e-06,40,0,40,0
S1,leave_environment_C,permuted_polynomial,33,1e-06,40,0,40,0
S1,leave_environment_C,permuted_polynomial,34,1e-06,40,0,40,0
S1,leave_environment_C,permuted_polynomial,35,1e-06,40,0,40,0
S1,leave_environment_C,permuted_polynomial,36,1e-06,40,0,40,0
S1,leave_environment_C,permuted_polynomial,37,1e-06,40,0,40,0
S1,leave_environment_C,permuted_polynomial,38,1e-06,40,0,40,0
S1,leave_environment_C,permuted_polynomial,39,1e-06,40,0,40,0
S1,leave_environment_C,permuted_polynomial,40,1e-06,40,0,40,0
S1,leave_environment_C,permuted_polynomial,31,3.162277660168379e-06,40,0,40,0
S1,leave_environment_C,permuted_polynomial,32,3.162277660168379e-06,40,0,40,0
S1,leave_environment_C,permuted_polynomial,33,3.162277660168379e-06,40,0,40,0
S1,leave_environment_C,permuted_polynomial,34,3.162277660168379e-06,40,0,40,0
S1,leave_environment_C,permuted_polynomial,35,3.162277660168379e-06,40,0,40,0
S1,leave_environment_C,permuted_polynomial,36,3.162277660168379e-06,40,0,40,0
S1,leave_environment_C,permuted_polynomial,37,3.162277660168379e-06,40,0,40,0
S1,leave_environment_C,permuted_polynomial,38,3.162277660168379e-06,40,0,40,0
S1,leave_environment_C,permuted_polynomial,39,3.162277660168379e-06,40,0,40,0
S1,leave_environment_C,permuted_polynomial,40,3.162277660168379e-06,40,0,40,0
S1,leave_environment_C,permuted_polynomial,31,1e-05,40,0,40,0
S1,leave_environment_C,permuted_polynomial,32,1e-05,40,0,40,0
S1,leave_environment_C,permuted_polynomial,33,1e-05,40,0,40,0
S1,leave_environment_C,permuted_polynomial,34,1e-05,40,0,40,0
S1,leave_environment_C,permuted_polynomial,35,1e-05,40,0,40,0
S1,leave_environment_C,permuted_polynomial,36,1e-05,40,0,40,0
S1,leave_environment_C,permuted_polynomial,37,1e-05,40,0,40,0
S1,leave_environment_C,permuted_polynomial,38,1e-05,40,0,40,0
S1,leave_environment_C,permuted_polynomial,39,1e-05,40,0,40,0
S1,leave_environment_C,permuted_polynomial,40,1e-05,40,0,40,0
S1,leave_environment_C,permuted_polynomial,31,3.1622776601683795e-05,40,0,40,0
S1,leave_environment_C,permuted_polynomial,32,3.1622776601683795e-05,40,0,40,0
S1,leave_environment_C,permuted_polynomial,33,3.1622776601683795e-05,40,0,40,0
S1,leave_environment_C,permuted_polynomial,34,3.1622776601683795e-05,40,0,40,0
S1,leave_environment_C,permuted_polynomial,35,3.1622776601683795e-05,40,0,40,0
S1,leave_environment_C,permuted_polynomial,36,3.1622776601683795e-05,40,0,40,0
S1,leave_environment_C,permuted_polynomial,37,3.1622776601683795e-05,40,0,40,0
S1,leave_environment_C,permuted_polynomial,38,3.1622776601683795e-05,40,0,40,0
S1,leave_environment_C,permuted_polynomial,39,3.1622776601683795e-05,40,0,40,0
S1,leave_environment_C,permuted_polynomial,40,3.1622776601683795e-05,40,0,40,0
S1,leave_environment_C,permuted_polynomial,31,0.0001,40,0,40,0
S1,leave_environment_C,permuted_polynomial,32,0.0001,40,0,40,0
S1,leave_environment_C,permuted_polynomial,33,0.0001,40,0,40,0
S1,leave_environment_C,permuted_polynomial,34,0.0001,40,0,40,0
S1,leave_environment_C,permuted_polynomial,35,0.0001,40,0,40,0
S1,leave_environment_C,permuted_polynomial,36,0.0001,40,0,40,0
S1,leave_environment_C,permuted_polynomial,37,0.0001,40,0,40,0
S1,leave_environment_C,permuted_polynomial,38,0.0001,40,0,40,0
S1,leave_environment_C,permuted_polynomial,39,0.0001,40,0,40,0
S1,leave_environment_C,permuted_polynomial,40,0.0001,40,0,40,0
S1,leave_environment_C,permuted_polynomial,31,0.00031622776601683794,40,0,40,0
S1,leave_environment_C,permuted_polynomial,32,0.00031622776601683794,40,0,40,0
S1,leave_environment_C,permuted_polynomial,33,0.00031622776601683794,40,0,40,0
S1,leave_environment_C,permuted_polynomial,34,0.00031622776601683794,40,0,40,0
S1,leave_environment_C,permuted_polynomial,35,0.00031622776601683794,40,0,40,0
S1,leave_environment_C,permuted_polynomial,36,0.00031622776601683794,40,0,40,0
S1,leave_environment_C,permuted_polynomial,37,0.00031622776601683794,40,0,40,0
S1,leave_environment_C,permuted_polynomial,38,0.00031622776601683794,40,0,40,0
S1,leave_environment_C,permuted_polynomial,39,0.00031622776601683794,40,0,40,0
S1,leave_environment_C,permuted_polynomial,40,0.00031622776601683794,40,0,40,0
S1,leave_environment_C,permuted_polynomial,31,0.001,40,39,40,0
S1,leave_environment_C,permuted_polynomial,32,0.001,40,35,40,0
S1,leave_environment_C,permuted_polynomial,33,0.001,40,20,40,0
S1,leave_environment_C,permuted_polynomial,34,0.001,40,0,40,0
S1,leave_environment_C,permuted_polynomial,35,0.001,40,0,40,0
S1,leave_environment_C,permuted_polynomial,36,0.001,40,10,40,0
S1,leave_environment_C,permuted_polynomial,37,0.001,40,19,40,0
S1,leave_environment_C,permuted_polynomial,38,0.001,40,2,40,0
S1,leave_environment_C,permuted_polynomial,39,0.001,40,11,40,0
S1,leave_environment_C,permuted_polynomial,40,0.001,40,5,40,0
S1,leave_environment_C,permuted_polynomial,31,0.0031622776601683794,40,40,40,0
S1,leave_environment_C,permuted_polynomial,32,0.0031622776601683794,40,37,40,0
S1,leave_environment_C,permuted_polynomial,33,0.0031622776601683794,40,25,40,0
S1,leave_environment_C,permuted_polynomial,34,0.0031622776601683794,40,0,40,0
S1,leave_environment_C,permuted_polynomial,35,0.0031622776601683794,40,34,40,0
S1,leave_environment_C,permuted_polynomial,36,0.0031622776601683794,40,10,40,0
S1,leave_environment_C,permuted_polynomial,37,0.0031622776601683794,40,20,40,0
S1,leave_environment_C,permuted_polynomial,38,0.0031622776601683794,40,3,40,0
S1,leave_environment_C,permuted_polynomial,39,0.0031622776601683794,40,16,40,0
S1,leave_environment_C,permuted_polynomial,40,0.0031622776601683794,40,6,40,0
S1,leave_environment_C,permuted_polynomial,31,0.01,40,40,40,0
S1,leave_environment_C,permuted_polynomial,32,0.01,40,40,40,0
S1,leave_environment_C,permuted_polynomial,33,0.01,40,40,40,0
S1,leave_environment_C,permuted_polynomial,34,0.01,40,33,40,0
S1,leave_environment_C,permuted_polynomial,35,0.01,40,40,40,0
S1,leave_environment_C,permuted_polynomial,36,0.01,40,40,40,0
S1,leave_environment_C,permuted_polynomial,37,0.01,40,20,40,0
S1,leave_environment_C,permuted_polynomial,38,0.01,40,40,40,0
S1,leave_environment_C,permuted_polynomial,39,0.01,40,32,40,0
S1,leave_environment_C,permuted_polynomial,40,0.01,40,39,40,0
S1,leave_environment_C,permuted_polynomial,31,0.03162277660168379,40,40,40,0
S1,leave_environment_C,permuted_polynomial,32,0.03162277660168379,40,40,40,0
S1,leave_environment_C,permuted_polynomial,33,0.03162277660168379,40,40,40,0
S1,leave_environment_C,permuted_polynomial,34,0.03162277660168379,40,40,40,0
S1,leave_environment_C,permuted_polynomial,35,0.03162277660168379,40,40,40,0
S1,leave_environment_C,permuted_polynomial,36,0.03162277660168379,40,40,40,0
S1,leave_environment_C,permuted_polynomial,37,0.03162277660168379,40,40,40,0
S1,leave_environment_C,permuted_polynomial,38,0.03162277660168379,40,40,40,0
S1,leave_environment_C,permuted_polynomial,39,0.03162277660168379,40,40,40,0
S1,leave_environment_C,permuted_polynomial,40,0.03162277660168379,40,40,40,0
S1,leave_environment_C,permuted_polynomial,31,0.1,40,40,40,0
S1,leave_environment_C,permuted_polynomial,32,0.1,40,40,40,0
S1,leave_environment_C,permuted_polynomial,33,0.1,40,40,40,0
S1,leave_environment_C,permuted_polynomial,34,0.1,40,40,40,0
S1,leave_environment_C,permuted_polynomial,35,0.1,40,40,40,0
S1,leave_environment_C,permuted_polynomial,36,0.1,40,40,40,0
S1,leave_environment_C,permuted_polynomial,37,0.1,40,40,40,0
S1,leave_environment_C,permuted_polynomial,38,0.1,40,40,40,0
S1,leave_environment_C,permuted_polynomial,39,0.1,40,40,40,0
S1,leave_environment_C,permuted_polynomial,40,0.1,40,40,40,0
S1,leave_environment_C,permuted_polynomial,31,0.25,40,0,0,0
S1,leave_environment_C,permuted_polynomial,32,0.25,40,0,0,0
S1,leave_environment_C,permuted_polynomial,33,0.25,40,0,0,0
S1,leave_environment_C,permuted_polynomial,34,0.25,40,0,0,0
S1,leave_environment_C,permuted_polynomial,35,0.25,40,0,0,0
S1,leave_environment_C,permuted_polynomial,36,0.25,40,0,0,0
S1,leave_environment_C,permuted_polynomial,37,0.25,40,0,0,0
S1,leave_environment_C,permuted_polynomial,38,0.25,40,0,0,0
S1,leave_environment_C,permuted_polynomial,39,0.25,40,0,0,0
S1,leave_environment_C,permuted_polynomial,40,0.25,40,0,0,0
S1,leave_environment_D,coordinate,31,1e-06,40,0,40,0
S1,leave_environment_D,coordinate,32,1e-06,40,0,40,0
S1,leave_environment_D,coordinate,33,1e-06,40,0,40,0
S1,leave_environment_D,coordinate,34,1e-06,40,0,40,0
S1,leave_environment_D,coordinate,35,1e-06,40,0,40,0
S1,leave_environment_D,coordinate,36,1e-06,40,0,40,0
S1,leave_environment_D,coordinate,37,1e-06,40,0,40,0
S1,leave_environment_D,coordinate,38,1e-06,40,0,40,0
S1,leave_environment_D,coordinate,39,1e-06,40,0,40,0
S1,leave_environment_D,coordinate,40,1e-06,40,0,40,0
S1,leave_environment_D,coordinate,31,3.162277660168379e-06,40,0,40,0
S1,leave_environment_D,coordinate,32,3.162277660168379e-06,40,0,40,0
S1,leave_environment_D,coordinate,33,3.162277660168379e-06,40,0,40,0
S1,leave_environment_D,coordinate,34,3.162277660168379e-06,40,0,40,0
S1,leave_environment_D,coordinate,35,3.162277660168379e-06,40,0,40,0
S1,leave_environment_D,coordinate,36,3.162277660168379e-06,40,0,40,0
S1,leave_environment_D,coordinate,37,3.162277660168379e-06,40,0,40,0
S1,leave_environment_D,coordinate,38,3.162277660168379e-06,40,0,40,0
S1,leave_environment_D,coordinate,39,3.162277660168379e-06,40,0,40,0
S1,leave_environment_D,coordinate,40,3.162277660168379e-06,40,0,40,0
S1,leave_environment_D,coordinate,31,1e-05,40,0,40,0
S1,leave_environment_D,coordinate,32,1e-05,40,0,40,0
S1,leave_environment_D,coordinate,33,1e-05,40,0,40,0
S1,leave_environment_D,coordinate,34,1e-05,40,0,40,0
S1,leave_environment_D,coordinate,35,1e-05,40,0,40,0
S1,leave_environment_D,coordinate,36,1e-05,40,0,40,0
S1,leave_environment_D,coordinate,37,1e-05,40,0,40,0
S1,leave_environment_D,coordinate,38,1e-05,40,0,40,0
S1,leave_environment_D,coordinate,39,1e-05,40,0,40,0
S1,leave_environment_D,coordinate,40,1e-05,40,0,40,0
S1,leave_environment_D,coordinate,31,3.1622776601683795e-05,40,0,40,0
S1,leave_environment_D,coordinate,32,3.1622776601683795e-05,40,0,40,0
S1,leave_environment_D,coordinate,33,3.1622776601683795e-05,40,0,40,0
S1,leave_environment_D,coordinate,34,3.1622776601683795e-05,40,0,40,0
S1,leave_environment_D,coordinate,35,3.1622776601683795e-05,40,0,40,0
S1,leave_environment_D,coordinate,36,3.1622776601683795e-05,40,0,40,0
S1,leave_environment_D,coordinate,37,3.1622776601683795e-05,40,0,40,0
S1,leave_environment_D,coordinate,38,3.1622776601683795e-05,40,0,40,0
S1,leave_environment_D,coordinate,39,3.1622776601683795e-05,40,0,40,0
S1,leave_environment_D,coordinate,40,3.1622776601683795e-05,40,0,40,0
S1,leave_environment_D,coordinate,31,0.0001,40,0,40,0
S1,leave_environment_D,coordinate,32,0.0001,40,0,40,0
S1,leave_environment_D,coordinate,33,0.0001,40,0,40,0
S1,leave_environment_D,coordinate,34,0.0001,40,0,40,0
S1,leave_environment_D,coordinate,35,0.0001,40,0,40,0
S1,leave_environment_D,coordinate,36,0.0001,40,0,40,0
S1,leave_environment_D,coordinate,37,0.0001,40,0,40,0
S1,leave_environment_D,coordinate,38,0.0001,40,0,40,0
S1,leave_environment_D,coordinate,39,0.0001,40,0,40,0
S1,leave_environment_D,coordinate,40,0.0001,40,0,40,0
S1,leave_environment_D,coordinate,31,0.00031622776601683794,40,0,40,0
S1,leave_environment_D,coordinate,32,0.00031622776601683794,40,0,40,0
S1,leave_environment_D,coordinate,33,0.00031622776601683794,40,0,40,0
S1,leave_environment_D,coordinate,34,0.00031622776601683794,40,0,40,0
S1,leave_environment_D,coordinate,35,0.00031622776601683794,40,0,40,0
S1,leave_environment_D,coordinate,36,0.00031622776601683794,40,0,40,0
S1,leave_environment_D,coordinate,37,0.00031622776601683794,40,0,40,0
S1,leave_environment_D,coordinate,38,0.00031622776601683794,40,0,40,0
S1,leave_environment_D,coordinate,39,0.00031622776601683794,40,0,40,0
S1,leave_environment_D,coordinate,40,0.00031622776601683794,40,0,40,0
S1,leave_environment_D,coordinate,31,0.001,40,0,40,0
S1,leave_environment_D,coordinate,32,0.001,40,0,40,0
S1,leave_environment_D,coordinate,33,0.001,40,0,40,0
S1,leave_environment_D,coordinate,34,0.001,40,0,40,0
S1,leave_environment_D,coordinate,35,0.001,40,0,40,0
S1,leave_environment_D,coordinate,36,0.001,40,0,40,0
S1,leave_environment_D,coordinate,37,0.001,40,0,40,0
S1,leave_environment_D,coordinate,38,0.001,40,0,40,0
S1,leave_environment_D,coordinate,39,0.001,40,0,40,0
S1,leave_environment_D,coordinate,40,0.001,40,0,40,0
S1,leave_environment_D,coordinate,31,0.0031622776601683794,40,0,40,0
S1,leave_environment_D,coordinate,32,0.0031622776601683794,40,0,40,0
S1,leave_environment_D,coordinate,33,0.0031622776601683794,40,0,40,0
S1,leave_environment_D,coordinate,34,0.0031622776601683794,40,0,40,0
S1,leave_environment_D,coordinate,35,0.0031622776601683794,40,0,40,0
S1,leave_environment_D,coordinate,36,0.0031622776601683794,40,0,40,0
S1,leave_environment_D,coordinate,37,0.0031622776601683794,40,0,40,0
S1,leave_environment_D,coordinate,38,0.0031622776601683794,40,0,40,0
S1,leave_environment_D,coordinate,39,0.0031622776601683794,40,0,40,0
S1,leave_environment_D,coordinate,40,0.0031622776601683794,40,0,40,0
S1,leave_environment_D,coordinate,31,0.01,40,0,40,0
S1,leave_environment_D,coordinate,32,0.01,40,0,40,0
S1,leave_environment_D,coordinate,33,0.01,40,0,40,0
S1,leave_environment_D,coordinate,34,0.01,40,0,40,0
S1,leave_environment_D,coordinate,35,0.01,40,0,40,0
S1,leave_environment_D,coordinate,36,0.01,40,0,40,0
S1,leave_environment_D,coordinate,37,0.01,40,0,40,0
S1,leave_environment_D,coordinate,38,0.01,40,0,40,0
S1,leave_environment_D,coordinate,39,0.01,40,0,40,0
S1,leave_environment_D,coordinate,40,0.01,40,0,40,0
S1,leave_environment_D,coordinate,31,0.03162277660168379,40,0,40,0
S1,leave_environment_D,coordinate,32,0.03162277660168379,40,0,40,0
S1,leave_environment_D,coordinate,33,0.03162277660168379,40,0,40,0
S1,leave_environment_D,coordinate,34,0.03162277660168379,40,0,40,0
S1,leave_environment_D,coordinate,35,0.03162277660168379,40,0,40,0
S1,leave_environment_D,coordinate,36,0.03162277660168379,40,0,40,0
S1,leave_environment_D,coordinate,37,0.03162277660168379,40,0,40,0
S1,leave_environment_D,coordinate,38,0.03162277660168379,40,0,40,0
S1,leave_environment_D,coordinate,39,0.03162277660168379,40,0,40,0
S1,leave_environment_D,coordinate,40,0.03162277660168379,40,0,40,0
S1,leave_environment_D,coordinate,31,0.1,40,0,0,0
S1,leave_environment_D,coordinate,32,0.1,40,0,0,0
S1,leave_environment_D,coordinate,33,0.1,40,0,0,0
S1,leave_environment_D,coordinate,34,0.1,40,0,0,0
S1,leave_environment_D,coordinate,35,0.1,40,0,0,0
S1,leave_environment_D,coordinate,36,0.1,40,0,0,0
S1,leave_environment_D,coordinate,37,0.1,40,0,0,0
S1,leave_environment_D,coordinate,38,0.1,40,0,0,0
S1,leave_environment_D,coordinate,39,0.1,40,0,0,0
S1,leave_environment_D,coordinate,40,0.1,40,0,0,0
S1,leave_environment_D,coordinate,31,0.25,40,0,0,0
S1,leave_environment_D,coordinate,32,0.25,40,0,0,0
S1,leave_environment_D,coordinate,33,0.25,40,0,0,0
S1,leave_environment_D,coordinate,34,0.25,40,0,0,0
S1,leave_environment_D,coordinate,35,0.25,40,0,0,0
S1,leave_environment_D,coordinate,36,0.25,40,0,0,0
S1,leave_environment_D,coordinate,37,0.25,40,0,0,0
S1,leave_environment_D,coordinate,38,0.25,40,0,0,0
S1,leave_environment_D,coordinate,39,0.25,40,0,0,0
S1,leave_environment_D,coordinate,40,0.25,40,0,0,0
S1,leave_environment_D,dct,31,1e-06,40,0,40,0
S1,leave_environment_D,dct,32,1e-06,40,0,40,0
S1,leave_environment_D,dct,33,1e-06,40,0,40,0
S1,leave_environment_D,dct,34,1e-06,40,0,40,0
S1,leave_environment_D,dct,35,1e-06,40,0,40,0
S1,leave_environment_D,dct,36,1e-06,40,0,40,0
S1,leave_environment_D,dct,37,1e-06,40,0,40,0
S1,leave_environment_D,dct,38,1e-06,40,0,40,0
S1,leave_environment_D,dct,39,1e-06,40,0,40,0
S1,leave_environment_D,dct,40,1e-06,40,0,40,0
S1,leave_environment_D,dct,31,3.162277660168379e-06,40,0,40,0
S1,leave_environment_D,dct,32,3.162277660168379e-06,40,0,40,0
S1,leave_environment_D,dct,33,3.162277660168379e-06,40,0,40,0
S1,leave_environment_D,dct,34,3.162277660168379e-06,40,0,40,0
S1,leave_environment_D,dct,35,3.162277660168379e-06,40,0,40,0
S1,leave_environment_D,dct,36,3.162277660168379e-06,40,0,40,0
S1,leave_environment_D,dct,37,3.162277660168379e-06,40,0,40,0
S1,leave_environment_D,dct,38,3.162277660168379e-06,40,0,40,0
S1,leave_environment_D,dct,39,3.162277660168379e-06,40,0,40,0
S1,leave_environment_D,dct,40,3.162277660168379e-06,40,0,40,0
S1,leave_environment_D,dct,31,1e-05,40,0,40,0
S1,leave_environment_D,dct,32,1e-05,40,0,40,0
S1,leave_environment_D,dct,33,1e-05,40,0,40,0
S1,leave_environment_D,dct,34,1e-05,40,0,40,0
S1,leave_environment_D,dct,35,1e-05,40,0,40,0
S1,leave_environment_D,dct,36,1e-05,40,0,40,0
S1,leave_environment_D,dct,37,1e-05,40,0,40,0
S1,leave_environment_D,dct,38,1e-05,40,0,40,0
S1,leave_environment_D,dct,39,1e-05,40,0,40,0
S1,leave_environment_D,dct,40,1e-05,40,0,40,0
S1,leave_environment_D,dct,31,3.1622776601683795e-05,40,0,40,0
S1,leave_environment_D,dct,32,3.1622776601683795e-05,40,0,40,0
S1,leave_environment_D,dct,33,3.1622776601683795e-05,40,0,40,0
S1,leave_environment_D,dct,34,3.1622776601683795e-05,40,0,40,0
S1,leave_environment_D,dct,35,3.1622776601683795e-05,40,0,40,0
S1,leave_environment_D,dct,36,3.1622776601683795e-05,40,0,40,0
S1,leave_environment_D,dct,37,3.1622776601683795e-05,40,0,40,0
S1,leave_environment_D,dct,38,3.1622776601683795e-05,40,0,40,0
S1,leave_environment_D,dct,39,3.1622776601683795e-05,40,0,40,0
S1,leave_environment_D,dct,40,3.1622776601683795e-05,40,0,40,0
S1,leave_environment_D,dct,31,0.0001,40,0,40,0
S1,leave_environment_D,dct,32,0.0001,40,0,40,0
S1,leave_environment_D,dct,33,0.0001,40,0,40,0
S1,leave_environment_D,dct,34,0.0001,40,0,40,0
S1,leave_environment_D,dct,35,0.0001,40,0,40,0
S1,leave_environment_D,dct,36,0.0001,40,0,40,0
S1,leave_environment_D,dct,37,0.0001,40,0,40,0
S1,leave_environment_D,dct,38,0.0001,40,0,40,0
S1,leave_environment_D,dct,39,0.0001,40,0,40,0
S1,leave_environment_D,dct,40,0.0001,40,0,40,0
S1,leave_environment_D,dct,31,0.00031622776601683794,40,0,40,0
S1,leave_environment_D,dct,32,0.00031622776601683794,40,0,40,0
S1,leave_environment_D,dct,33,0.00031622776601683794,40,0,40,0
S1,leave_environment_D,dct,34,0.00031622776601683794,40,0,40,0
S1,leave_environment_D,dct,35,0.00031622776601683794,40,0,40,0
S1,leave_environment_D,dct,36,0.00031622776601683794,40,0,40,0
S1,leave_environment_D,dct,37,0.00031622776601683794,40,0,40,0
S1,leave_environment_D,dct,38,0.00031622776601683794,40,0,40,0
S1,leave_environment_D,dct,39,0.00031622776601683794,40,0,40,0
S1,leave_environment_D,dct,40,0.00031622776601683794,40,0,40,0
S1,leave_environment_D,dct,31,0.001,40,0,40,0
S1,leave_environment_D,dct,32,0.001,40,0,40,0
S1,leave_environment_D,dct,33,0.001,40,0,40,0
S1,leave_environment_D,dct,34,0.001,40,0,40,0
S1,leave_environment_D,dct,35,0.001,40,0,40,0
S1,leave_environment_D,dct,36,0.001,40,0,40,0
S1,leave_environment_D,dct,37,0.001,40,0,40,0
S1,leave_environment_D,dct,38,0.001,40,0,40,0
S1,leave_environment_D,dct,39,0.001,40,0,40,0
S1,leave_environment_D,dct,40,0.001,40,0,40,0
S1,leave_environment_D,dct,31,0.0031622776601683794,40,0,40,0
S1,leave_environment_D,dct,32,0.0031622776601683794,40,0,40,0
S1,leave_environment_D,dct,33,0.0031622776601683794,40,0,40,0
S1,leave_environment_D,dct,34,0.0031622776601683794,40,0,40,0
S1,leave_environment_D,dct,35,0.0031622776601683794,40,0,40,0
S1,leave_environment_D,dct,36,0.0031622776601683794,40,0,40,0
S1,leave_environment_D,dct,37,0.0031622776601683794,40,0,40,0
S1,leave_environment_D,dct,38,0.0031622776601683794,40,0,40,0
S1,leave_environment_D,dct,39,0.0031622776601683794,40,0,40,0
S1,leave_environment_D,dct,40,0.0031622776601683794,40,0,40,0
S1,leave_environment_D,dct,31,0.01,40,40,40,0
S1,leave_environment_D,dct,32,0.01,40,40,40,0
S1,leave_environment_D,dct,33,0.01,40,40,40,0
S1,leave_environment_D,dct,34,0.01,40,40,40,0
S1,leave_environment_D,dct,35,0.01,40,40,40,0
S1,leave_environment_D,dct,36,0.01,40,40,40,0
S1,leave_environment_D,dct,37,0.01,40,40,40,0
S1,leave_environment_D,dct,38,0.01,40,40,40,0
S1,leave_environment_D,dct,39,0.01,40,40,40,0
S1,leave_environment_D,dct,40,0.01,40,40,40,0
S1,leave_environment_D,dct,31,0.03162277660168379,40,40,40,0
S1,leave_environment_D,dct,32,0.03162277660168379,40,40,40,0
S1,leave_environment_D,dct,33,0.03162277660168379,40,40,40,0
S1,leave_environment_D,dct,34,0.03162277660168379,40,40,40,0
S1,leave_environment_D,dct,35,0.03162277660168379,40,40,40,0
S1,leave_environment_D,dct,36,0.03162277660168379,40,40,40,0
S1,leave_environment_D,dct,37,0.03162277660168379,40,40,40,0
S1,leave_environment_D,dct,38,0.03162277660168379,40,40,40,0
S1,leave_environment_D,dct,39,0.03162277660168379,40,40,40,0
S1,leave_environment_D,dct,40,0.03162277660168379,40,40,40,0
S1,leave_environment_D,dct,31,0.1,40,40,40,0
S1,leave_environment_D,dct,32,0.1,40,40,40,0
S1,leave_environment_D,dct,33,0.1,40,40,40,0
S1,leave_environment_D,dct,34,0.1,40,40,40,0
S1,leave_environment_D,dct,35,0.1,40,40,40,0
S1,leave_environment_D,dct,36,0.1,40,40,40,0
S1,leave_environment_D,dct,37,0.1,40,40,40,0
S1,leave_environment_D,dct,38,0.1,40,40,40,0
S1,leave_environment_D,dct,39,0.1,40,40,40,0
S1,leave_environment_D,dct,40,0.1,40,40,40,0
S1,leave_environment_D,dct,31,0.25,40,0,0,0
S1,leave_environment_D,dct,32,0.25,40,0,0,0
S1,leave_environment_D,dct,33,0.25,40,0,0,0
S1,leave_environment_D,dct,34,0.25,40,0,0,0
S1,leave_environment_D,dct,35,0.25,40,0,0,0
S1,leave_environment_D,dct,36,0.25,40,0,0,0
S1,leave_environment_D,dct,37,0.25,40,0,0,0
S1,leave_environment_D,dct,38,0.25,40,0,0,0
S1,leave_environment_D,dct,39,0.25,40,0,0,0
S1,leave_environment_D,dct,40,0.25,40,0,0,0
S1,leave_environment_D,dft,31,1e-06,40,0,40,0
S1,leave_environment_D,dft,32,1e-06,40,0,40,0
S1,leave_environment_D,dft,33,1e-06,40,0,40,0
S1,leave_environment_D,dft,34,1e-06,40,0,40,0
S1,leave_environment_D,dft,35,1e-06,40,0,40,0
S1,leave_environment_D,dft,36,1e-06,40,0,40,0
S1,leave_environment_D,dft,37,1e-06,40,0,40,0
S1,leave_environment_D,dft,38,1e-06,40,0,40,0
S1,leave_environment_D,dft,39,1e-06,40,0,40,0
S1,leave_environment_D,dft,40,1e-06,40,0,40,0
S1,leave_environment_D,dft,31,3.162277660168379e-06,40,0,40,0
S1,leave_environment_D,dft,32,3.162277660168379e-06,40,0,40,0
S1,leave_environment_D,dft,33,3.162277660168379e-06,40,0,40,0
S1,leave_environment_D,dft,34,3.162277660168379e-06,40,0,40,0
S1,leave_environment_D,dft,35,3.162277660168379e-06,40,0,40,0
S1,leave_environment_D,dft,36,3.162277660168379e-06,40,0,40,0
S1,leave_environment_D,dft,37,3.162277660168379e-06,40,0,40,0
S1,leave_environment_D,dft,38,3.162277660168379e-06,40,0,40,0
S1,leave_environment_D,dft,39,3.162277660168379e-06,40,0,40,0
S1,leave_environment_D,dft,40,3.162277660168379e-06,40,0,40,0
S1,leave_environment_D,dft,31,1e-05,40,0,40,0
S1,leave_environment_D,dft,32,1e-05,40,0,40,0
S1,leave_environment_D,dft,33,1e-05,40,0,40,0
S1,leave_environment_D,dft,34,1e-05,40,0,40,0
S1,leave_environment_D,dft,35,1e-05,40,0,40,0
S1,leave_environment_D,dft,36,1e-05,40,0,40,0
S1,leave_environment_D,dft,37,1e-05,40,0,40,0
S1,leave_environment_D,dft,38,1e-05,40,0,40,0
S1,leave_environment_D,dft,39,1e-05,40,0,40,0
S1,leave_environment_D,dft,40,1e-05,40,0,40,0
S1,leave_environment_D,dft,31,3.1622776601683795e-05,40,0,40,0
S1,leave_environment_D,dft,32,3.1622776601683795e-05,40,0,40,0
S1,leave_environment_D,dft,33,3.1622776601683795e-05,40,0,40,0
S1,leave_environment_D,dft,34,3.1622776601683795e-05,40,0,40,0
S1,leave_environment_D,dft,35,3.1622776601683795e-05,40,0,40,0
S1,leave_environment_D,dft,36,3.1622776601683795e-05,40,0,40,0
S1,leave_environment_D,dft,37,3.1622776601683795e-05,40,0,40,0
S1,leave_environment_D,dft,38,3.1622776601683795e-05,40,0,40,0
S1,leave_environment_D,dft,39,3.1622776601683795e-05,40,0,40,0
S1,leave_environment_D,dft,40,3.1622776601683795e-05,40,0,40,0
S1,leave_environment_D,dft,31,0.0001,40,0,40,0
S1,leave_environment_D,dft,32,0.0001,40,0,40,0
S1,leave_environment_D,dft,33,0.0001,40,0,40,0
S1,leave_environment_D,dft,34,0.0001,40,0,40,0
S1,leave_environment_D,dft,35,0.0001,40,0,40,0
S1,leave_environment_D,dft,36,0.0001,40,0,40,0
S1,leave_environment_D,dft,37,0.0001,40,0,40,0
S1,leave_environment_D,dft,38,0.0001,40,0,40,0
S1,leave_environment_D,dft,39,0.0001,40,0,40,0
S1,leave_environment_D,dft,40,0.0001,40,0,40,0
S1,leave_environment_D,dft,31,0.00031622776601683794,40,0,40,0
S1,leave_environment_D,dft,32,0.00031622776601683794,40,0,40,0
S1,leave_environment_D,dft,33,0.00031622776601683794,40,0,40,0
S1,leave_environment_D,dft,34,0.00031622776601683794,40,0,40,0
S1,leave_environment_D,dft,35,0.00031622776601683794,40,0,40,0
S1,leave_environment_D,dft,36,0.00031622776601683794,40,0,40,0
S1,leave_environment_D,dft,37,0.00031622776601683794,40,0,40,0
S1,leave_environment_D,dft,38,0.00031622776601683794,40,0,40,0
S1,leave_environment_D,dft,39,0.00031622776601683794,40,0,40,0
S1,leave_environment_D,dft,40,0.00031622776601683794,40,0,40,0
S1,leave_environment_D,dft,31,0.001,40,25,40,0
S1,leave_environment_D,dft,32,0.001,40,29,40,0
S1,leave_environment_D,dft,33,0.001,40,13,40,0
S1,leave_environment_D,dft,34,0.001,40,0,40,0
S1,leave_environment_D,dft,35,0.001,40,0,40,0
S1,leave_environment_D,dft,36,0.001,40,9,40,0
S1,leave_environment_D,dft,37,0.001,40,15,40,0
S1,leave_environment_D,dft,38,0.001,40,1,40,0
S1,leave_environment_D,dft,39,0.001,40,12,40,0
S1,leave_environment_D,dft,40,0.001,40,4,40,0
S1,leave_environment_D,dft,31,0.0031622776601683794,40,40,40,0
S1,leave_environment_D,dft,32,0.0031622776601683794,40,29,40,0
S1,leave_environment_D,dft,33,0.0031622776601683794,40,14,40,0
S1,leave_environment_D,dft,34,0.0031622776601683794,40,1,40,0
S1,leave_environment_D,dft,35,0.0031622776601683794,40,0,40,0
S1,leave_environment_D,dft,36,0.0031622776601683794,40,9,40,0
S1,leave_environment_D,dft,37,0.0031622776601683794,40,19,40,0
S1,leave_environment_D,dft,38,0.0031622776601683794,40,1,40,0
S1,leave_environment_D,dft,39,0.0031622776601683794,40,14,40,0
S1,leave_environment_D,dft,40,0.0031622776601683794,40,6,40,0
S1,leave_environment_D,dft,31,0.01,40,40,40,0
S1,leave_environment_D,dft,32,0.01,40,40,40,0
S1,leave_environment_D,dft,33,0.01,40,40,40,0
S1,leave_environment_D,dft,34,0.01,40,35,40,0
S1,leave_environment_D,dft,35,0.01,40,40,40,0
S1,leave_environment_D,dft,36,0.01,40,40,40,0
S1,leave_environment_D,dft,37,0.01,40,19,40,0
S1,leave_environment_D,dft,38,0.01,40,40,40,0
S1,leave_environment_D,dft,39,0.01,40,30,40,0
S1,leave_environment_D,dft,40,0.01,40,37,40,0
S1,leave_environment_D,dft,31,0.03162277660168379,40,40,40,0
S1,leave_environment_D,dft,32,0.03162277660168379,40,40,40,0
S1,leave_environment_D,dft,33,0.03162277660168379,40,40,40,0
S1,leave_environment_D,dft,34,0.03162277660168379,40,40,40,0
S1,leave_environment_D,dft,35,0.03162277660168379,40,40,40,0
S1,leave_environment_D,dft,36,0.03162277660168379,40,40,40,0
S1,leave_environment_D,dft,37,0.03162277660168379,40,40,40,0
S1,leave_environment_D,dft,38,0.03162277660168379,40,40,40,0
S1,leave_environment_D,dft,39,0.03162277660168379,40,40,40,0
S1,leave_environment_D,dft,40,0.03162277660168379,40,40,40,0
S1,leave_environment_D,dft,31,0.1,40,40,40,0
S1,leave_environment_D,dft,32,0.1,40,40,40,0
S1,leave_environment_D,dft,33,0.1,40,40,40,0
S1,leave_environment_D,dft,34,0.1,40,40,40,0
S1,leave_environment_D,dft,35,0.1,40,40,40,0
S1,leave_environment_D,dft,36,0.1,40,40,40,0
S1,leave_environment_D,dft,37,0.1,40,40,40,0
S1,leave_environment_D,dft,38,0.1,40,40,40,0
S1,leave_environment_D,dft,39,0.1,40,40,40,0
S1,leave_environment_D,dft,40,0.1,40,40,40,0
S1,leave_environment_D,dft,31,0.25,40,0,0,0
S1,leave_environment_D,dft,32,0.25,40,0,0,0
S1,leave_environment_D,dft,33,0.25,40,0,0,0
S1,leave_environment_D,dft,34,0.25,40,0,0,0
S1,leave_environment_D,dft,35,0.25,40,0,0,0
S1,leave_environment_D,dft,36,0.25,40,0,0,0
S1,leave_environment_D,dft,37,0.25,40,0,0,0
S1,leave_environment_D,dft,38,0.25,40,0,0,0
S1,leave_environment_D,dft,39,0.25,40,0,0,0
S1,leave_environment_D,dft,40,0.25,40,0,0,0
S1,leave_environment_D,polynomial,31,1e-06,40,0,40,0
S1,leave_environment_D,polynomial,32,1e-06,40,0,40,0
S1,leave_environment_D,polynomial,33,1e-06,40,0,40,0
S1,leave_environment_D,polynomial,34,1e-06,40,0,40,0
S1,leave_environment_D,polynomial,35,1e-06,40,0,40,0
S1,leave_environment_D,polynomial,36,1e-06,40,0,40,0
S1,leave_environment_D,polynomial,37,1e-06,40,0,40,0
S1,leave_environment_D,polynomial,38,1e-06,40,0,40,0
S1,leave_environment_D,polynomial,39,1e-06,40,0,40,0
S1,leave_environment_D,polynomial,40,1e-06,40,0,40,0
S1,leave_environment_D,polynomial,31,3.162277660168379e-06,40,0,40,0
S1,leave_environment_D,polynomial,32,3.162277660168379e-06,40,0,40,0
S1,leave_environment_D,polynomial,33,3.162277660168379e-06,40,0,40,0
S1,leave_environment_D,polynomial,34,3.162277660168379e-06,40,0,40,0
S1,leave_environment_D,polynomial,35,3.162277660168379e-06,40,0,40,0
S1,leave_environment_D,polynomial,36,3.162277660168379e-06,40,0,40,0
S1,leave_environment_D,polynomial,37,3.162277660168379e-06,40,0,40,0
S1,leave_environment_D,polynomial,38,3.162277660168379e-06,40,0,40,0
S1,leave_environment_D,polynomial,39,3.162277660168379e-06,40,0,40,0
S1,leave_environment_D,polynomial,40,3.162277660168379e-06,40,0,40,0
S1,leave_environment_D,polynomial,31,1e-05,40,0,40,0
S1,leave_environment_D,polynomial,32,1e-05,40,0,40,0
S1,leave_environment_D,polynomial,33,1e-05,40,0,40,0
S1,leave_environment_D,polynomial,34,1e-05,40,0,40,0
S1,leave_environment_D,polynomial,35,1e-05,40,0,40,0
S1,leave_environment_D,polynomial,36,1e-05,40,0,40,0
S1,leave_environment_D,polynomial,37,1e-05,40,0,40,0
S1,leave_environment_D,polynomial,38,1e-05,40,0,40,0
S1,leave_environment_D,polynomial,39,1e-05,40,0,40,0
S1,leave_environment_D,polynomial,40,1e-05,40,0,40,0
S1,leave_environment_D,polynomial,31,3.1622776601683795e-05,40,2,40,0
S1,leave_environment_D,polynomial,32,3.1622776601683795e-05,40,2,40,0
S1,leave_environment_D,polynomial,33,3.1622776601683795e-05,40,5,40,0
S1,leave_environment_D,polynomial,34,3.1622776601683795e-05,40,11,40,0
S1,leave_environment_D,polynomial,35,3.1622776601683795e-05,40,11,40,0
S1,leave_environment_D,polynomial,36,3.1622776601683795e-05,40,14,40,0
S1,leave_environment_D,polynomial,37,3.1622776601683795e-05,40,3,40,0
S1,leave_environment_D,polynomial,38,3.1622776601683795e-05,40,16,40,0
S1,leave_environment_D,polynomial,39,3.1622776601683795e-05,40,9,40,0
S1,leave_environment_D,polynomial,40,3.1622776601683795e-05,40,2,40,0
S1,leave_environment_D,polynomial,31,0.0001,40,40,40,0
S1,leave_environment_D,polynomial,32,0.0001,40,40,40,0
S1,leave_environment_D,polynomial,33,0.0001,40,40,40,0
S1,leave_environment_D,polynomial,34,0.0001,40,40,40,0
S1,leave_environment_D,polynomial,35,0.0001,40,40,40,0
S1,leave_environment_D,polynomial,36,0.0001,40,40,40,0
S1,leave_environment_D,polynomial,37,0.0001,40,40,40,0
S1,leave_environment_D,polynomial,38,0.0001,40,40,40,0
S1,leave_environment_D,polynomial,39,0.0001,40,40,40,0
S1,leave_environment_D,polynomial,40,0.0001,40,39,40,0
S1,leave_environment_D,polynomial,31,0.00031622776601683794,40,40,40,0
S1,leave_environment_D,polynomial,32,0.00031622776601683794,40,40,40,0
S1,leave_environment_D,polynomial,33,0.00031622776601683794,40,40,40,0
S1,leave_environment_D,polynomial,34,0.00031622776601683794,40,40,40,0
S1,leave_environment_D,polynomial,35,0.00031622776601683794,40,40,40,0
S1,leave_environment_D,polynomial,36,0.00031622776601683794,40,40,40,0
S1,leave_environment_D,polynomial,37,0.00031622776601683794,40,40,40,0
S1,leave_environment_D,polynomial,38,0.00031622776601683794,40,40,40,0
S1,leave_environment_D,polynomial,39,0.00031622776601683794,40,40,40,0
S1,leave_environment_D,polynomial,40,0.00031622776601683794,40,40,40,0
S1,leave_environment_D,polynomial,31,0.001,40,40,40,0
S1,leave_environment_D,polynomial,32,0.001,40,40,40,0
S1,leave_environment_D,polynomial,33,0.001,40,40,40,0
S1,leave_environment_D,polynomial,34,0.001,40,40,40,0
S1,leave_environment_D,polynomial,35,0.001,40,40,40,0
S1,leave_environment_D,polynomial,36,0.001,40,40,40,0
S1,leave_environment_D,polynomial,37,0.001,40,40,40,0
S1,leave_environment_D,polynomial,38,0.001,40,40,40,0
S1,leave_environment_D,polynomial,39,0.001,40,40,40,0
S1,leave_environment_D,polynomial,40,0.001,40,40,40,0
S1,leave_environment_D,polynomial,31,0.0031622776601683794,40,40,40,0
S1,leave_environment_D,polynomial,32,0.0031622776601683794,40,40,40,0
S1,leave_environment_D,polynomial,33,0.0031622776601683794,40,40,40,0
S1,leave_environment_D,polynomial,34,0.0031622776601683794,40,40,40,0
S1,leave_environment_D,polynomial,35,0.0031622776601683794,40,40,40,0
S1,leave_environment_D,polynomial,36,0.0031622776601683794,40,40,40,0
S1,leave_environment_D,polynomial,37,0.0031622776601683794,40,40,40,0
S1,leave_environment_D,polynomial,38,0.0031622776601683794,40,40,40,0
S1,leave_environment_D,polynomial,39,0.0031622776601683794,40,40,40,0
S1,leave_environment_D,polynomial,40,0.0031622776601683794,40,40,40,0
S1,leave_environment_D,polynomial,31,0.01,40,40,40,0
S1,leave_environment_D,polynomial,32,0.01,40,40,40,0
S1,leave_environment_D,polynomial,33,0.01,40,40,40,0
S1,leave_environment_D,polynomial,34,0.01,40,40,40,0
S1,leave_environment_D,polynomial,35,0.01,40,40,40,0
S1,leave_environment_D,polynomial,36,0.01,40,40,40,0
S1,leave_environment_D,polynomial,37,0.01,40,40,40,0
S1,leave_environment_D,polynomial,38,0.01,40,40,40,0
S1,leave_environment_D,polynomial,39,0.01,40,40,40,0
S1,leave_environment_D,polynomial,40,0.01,40,40,40,0
S1,leave_environment_D,polynomial,31,0.03162277660168379,40,40,40,0
S1,leave_environment_D,polynomial,32,0.03162277660168379,40,40,40,0
S1,leave_environment_D,polynomial,33,0.03162277660168379,40,40,40,0
S1,leave_environment_D,polynomial,34,0.03162277660168379,40,40,40,0
S1,leave_environment_D,polynomial,35,0.03162277660168379,40,40,40,0
S1,leave_environment_D,polynomial,36,0.03162277660168379,40,40,40,0
S1,leave_environment_D,polynomial,37,0.03162277660168379,40,40,40,0
S1,leave_environment_D,polynomial,38,0.03162277660168379,40,40,40,0
S1,leave_environment_D,polynomial,39,0.03162277660168379,40,40,40,0
S1,leave_environment_D,polynomial,40,0.03162277660168379,40,40,40,0
S1,leave_environment_D,polynomial,31,0.1,40,40,40,0
S1,leave_environment_D,polynomial,32,0.1,40,40,40,0
S1,leave_environment_D,polynomial,33,0.1,40,40,40,0
S1,leave_environment_D,polynomial,34,0.1,40,40,40,0
S1,leave_environment_D,polynomial,35,0.1,40,40,40,0
S1,leave_environment_D,polynomial,36,0.1,40,40,40,0
S1,leave_environment_D,polynomial,37,0.1,40,40,40,0
S1,leave_environment_D,polynomial,38,0.1,40,40,40,0
S1,leave_environment_D,polynomial,39,0.1,40,40,40,0
S1,leave_environment_D,polynomial,40,0.1,40,40,40,0
S1,leave_environment_D,polynomial,31,0.25,40,0,0,0
S1,leave_environment_D,polynomial,32,0.25,40,0,0,0
S1,leave_environment_D,polynomial,33,0.25,40,0,0,0
S1,leave_environment_D,polynomial,34,0.25,40,0,0,0
S1,leave_environment_D,polynomial,35,0.25,40,0,0,0
S1,leave_environment_D,polynomial,36,0.25,40,0,0,0
S1,leave_environment_D,polynomial,37,0.25,40,0,0,0
S1,leave_environment_D,polynomial,38,0.25,40,0,0,0
S1,leave_environment_D,polynomial,39,0.25,40,0,0,0
S1,leave_environment_D,polynomial,40,0.25,40,0,0,0
S1,leave_environment_D,random_orthogonal,31,1e-06,40,0,40,0
S1,leave_environment_D,random_orthogonal,32,1e-06,40,0,40,0
S1,leave_environment_D,random_orthogonal,33,1e-06,40,0,40,0
S1,leave_environment_D,random_orthogonal,34,1e-06,40,0,40,0
S1,leave_environment_D,random_orthogonal,35,1e-06,40,0,40,0
S1,leave_environment_D,random_orthogonal,36,1e-06,40,0,40,0
S1,leave_environment_D,random_orthogonal,37,1e-06,40,0,40,0
S1,leave_environment_D,random_orthogonal,38,1e-06,40,0,40,0
S1,leave_environment_D,random_orthogonal,39,1e-06,40,0,40,0
S1,leave_environment_D,random_orthogonal,40,1e-06,40,0,40,0
S1,leave_environment_D,random_orthogonal,31,3.162277660168379e-06,40,0,40,0
S1,leave_environment_D,random_orthogonal,32,3.162277660168379e-06,40,0,40,0
S1,leave_environment_D,random_orthogonal,33,3.162277660168379e-06,40,0,40,0
S1,leave_environment_D,random_orthogonal,34,3.162277660168379e-06,40,0,40,0
S1,leave_environment_D,random_orthogonal,35,3.162277660168379e-06,40,0,40,0
S1,leave_environment_D,random_orthogonal,36,3.162277660168379e-06,40,0,40,0
S1,leave_environment_D,random_orthogonal,37,3.162277660168379e-06,40,0,40,0
S1,leave_environment_D,random_orthogonal,38,3.162277660168379e-06,40,0,40,0
S1,leave_environment_D,random_orthogonal,39,3.162277660168379e-06,40,0,40,0
S1,leave_environment_D,random_orthogonal,40,3.162277660168379e-06,40,0,40,0
S1,leave_environment_D,random_orthogonal,31,1e-05,40,0,40,0
S1,leave_environment_D,random_orthogonal,32,1e-05,40,0,40,0
S1,leave_environment_D,random_orthogonal,33,1e-05,40,0,40,0
S1,leave_environment_D,random_orthogonal,34,1e-05,40,0,40,0
S1,leave_environment_D,random_orthogonal,35,1e-05,40,0,40,0
S1,leave_environment_D,random_orthogonal,36,1e-05,40,0,40,0
S1,leave_environment_D,random_orthogonal,37,1e-05,40,0,40,0
S1,leave_environment_D,random_orthogonal,38,1e-05,40,0,40,0
S1,leave_environment_D,random_orthogonal,39,1e-05,40,0,40,0
S1,leave_environment_D,random_orthogonal,40,1e-05,40,0,40,0
S1,leave_environment_D,random_orthogonal,31,3.1622776601683795e-05,40,0,40,0
S1,leave_environment_D,random_orthogonal,32,3.1622776601683795e-05,40,0,40,0
S1,leave_environment_D,random_orthogonal,33,3.1622776601683795e-05,40,0,40,0
S1,leave_environment_D,random_orthogonal,34,3.1622776601683795e-05,40,0,40,0
S1,leave_environment_D,random_orthogonal,35,3.1622776601683795e-05,40,0,40,0
S1,leave_environment_D,random_orthogonal,36,3.1622776601683795e-05,40,0,40,0
S1,leave_environment_D,random_orthogonal,37,3.1622776601683795e-05,40,0,40,0
S1,leave_environment_D,random_orthogonal,38,3.1622776601683795e-05,40,0,40,0
S1,leave_environment_D,random_orthogonal,39,3.1622776601683795e-05,40,0,40,0
S1,leave_environment_D,random_orthogonal,40,3.1622776601683795e-05,40,0,40,0
S1,leave_environment_D,random_orthogonal,31,0.0001,40,0,40,0
S1,leave_environment_D,random_orthogonal,32,0.0001,40,0,40,0
S1,leave_environment_D,random_orthogonal,33,0.0001,40,0,40,0
S1,leave_environment_D,random_orthogonal,34,0.0001,40,0,40,0
S1,leave_environment_D,random_orthogonal,35,0.0001,40,0,40,0
S1,leave_environment_D,random_orthogonal,36,0.0001,40,0,40,0
S1,leave_environment_D,random_orthogonal,37,0.0001,40,0,40,0
S1,leave_environment_D,random_orthogonal,38,0.0001,40,0,40,0
S1,leave_environment_D,random_orthogonal,39,0.0001,40,0,40,0
S1,leave_environment_D,random_orthogonal,40,0.0001,40,0,40,0
S1,leave_environment_D,random_orthogonal,31,0.00031622776601683794,40,0,40,0
S1,leave_environment_D,random_orthogonal,32,0.00031622776601683794,40,0,40,0
S1,leave_environment_D,random_orthogonal,33,0.00031622776601683794,40,0,40,0
S1,leave_environment_D,random_orthogonal,34,0.00031622776601683794,40,0,40,0
S1,leave_environment_D,random_orthogonal,35,0.00031622776601683794,40,0,40,0
S1,leave_environment_D,random_orthogonal,36,0.00031622776601683794,40,0,40,0
S1,leave_environment_D,random_orthogonal,37,0.00031622776601683794,40,0,40,0
S1,leave_environment_D,random_orthogonal,38,0.00031622776601683794,40,0,40,0
S1,leave_environment_D,random_orthogonal,39,0.00031622776601683794,40,0,40,0
S1,leave_environment_D,random_orthogonal,40,0.00031622776601683794,40,0,40,0
S1,leave_environment_D,random_orthogonal,31,0.001,40,0,40,0
S1,leave_environment_D,random_orthogonal,32,0.001,40,0,40,0
S1,leave_environment_D,random_orthogonal,33,0.001,40,0,40,0
S1,leave_environment_D,random_orthogonal,34,0.001,40,0,40,0
S1,leave_environment_D,random_orthogonal,35,0.001,40,0,40,0
S1,leave_environment_D,random_orthogonal,36,0.001,40,0,40,0
S1,leave_environment_D,random_orthogonal,37,0.001,40,0,40,0
S1,leave_environment_D,random_orthogonal,38,0.001,40,0,40,0
S1,leave_environment_D,random_orthogonal,39,0.001,40,0,40,0
S1,leave_environment_D,random_orthogonal,40,0.001,40,0,40,0
S1,leave_environment_D,random_orthogonal,31,0.0031622776601683794,40,0,40,0
S1,leave_environment_D,random_orthogonal,32,0.0031622776601683794,40,0,40,0
S1,leave_environment_D,random_orthogonal,33,0.0031622776601683794,40,0,40,0
S1,leave_environment_D,random_orthogonal,34,0.0031622776601683794,40,0,40,0
S1,leave_environment_D,random_orthogonal,35,0.0031622776601683794,40,0,40,0
S1,leave_environment_D,random_orthogonal,36,0.0031622776601683794,40,0,40,0
S1,leave_environment_D,random_orthogonal,37,0.0031622776601683794,40,0,40,0
S1,leave_environment_D,random_orthogonal,38,0.0031622776601683794,40,0,40,0
S1,leave_environment_D,random_orthogonal,39,0.0031622776601683794,40,0,40,0
S1,leave_environment_D,random_orthogonal,40,0.0031622776601683794,40,0,40,0
S1,leave_environment_D,random_orthogonal,31,0.01,40,2,40,0
S1,leave_environment_D,random_orthogonal,32,0.01,40,0,40,0
S1,leave_environment_D,random_orthogonal,33,0.01,40,0,40,0
S1,leave_environment_D,random_orthogonal,34,0.01,40,0,40,0
S1,leave_environment_D,random_orthogonal,35,0.01,40,0,40,0
S1,leave_environment_D,random_orthogonal,36,0.01,40,0,40,0
S1,leave_environment_D,random_orthogonal,37,0.01,40,0,40,0
S1,leave_environment_D,random_orthogonal,38,0.01,40,0,40,0
S1,leave_environment_D,random_orthogonal,39,0.01,40,0,40,0
S1,leave_environment_D,random_orthogonal,40,0.01,40,0,40,0
S1,leave_environment_D,random_orthogonal,31,0.03162277660168379,40,40,40,0
S1,leave_environment_D,random_orthogonal,32,0.03162277660168379,40,40,40,0
S1,leave_environment_D,random_orthogonal,33,0.03162277660168379,40,40,40,0
S1,leave_environment_D,random_orthogonal,34,0.03162277660168379,40,40,40,0
S1,leave_environment_D,random_orthogonal,35,0.03162277660168379,40,40,40,0
S1,leave_environment_D,random_orthogonal,36,0.03162277660168379,40,40,40,0
S1,leave_environment_D,random_orthogonal,37,0.03162277660168379,40,40,40,0
S1,leave_environment_D,random_orthogonal,38,0.03162277660168379,40,40,40,0
S1,leave_environment_D,random_orthogonal,39,0.03162277660168379,40,40,40,0
S1,leave_environment_D,random_orthogonal,40,0.03162277660168379,40,40,40,0
S1,leave_environment_D,random_orthogonal,31,0.1,40,40,40,0
S1,leave_environment_D,random_orthogonal,32,0.1,40,40,40,0
S1,leave_environment_D,random_orthogonal,33,0.1,40,40,40,0
S1,leave_environment_D,random_orthogonal,34,0.1,40,40,40,0
S1,leave_environment_D,random_orthogonal,35,0.1,40,40,40,0
S1,leave_environment_D,random_orthogonal,36,0.1,40,40,40,0
S1,leave_environment_D,random_orthogonal,37,0.1,40,40,40,0
S1,leave_environment_D,random_orthogonal,38,0.1,40,40,40,0
S1,leave_environment_D,random_orthogonal,39,0.1,40,40,40,0
S1,leave_environment_D,random_orthogonal,40,0.1,40,40,40,0
S1,leave_environment_D,random_orthogonal,31,0.25,40,0,0,0
S1,leave_environment_D,random_orthogonal,32,0.25,40,0,0,0
S1,leave_environment_D,random_orthogonal,33,0.25,40,0,0,0
S1,leave_environment_D,random_orthogonal,34,0.25,40,0,0,0
S1,leave_environment_D,random_orthogonal,35,0.25,40,0,0,0
S1,leave_environment_D,random_orthogonal,36,0.25,40,0,0,0
S1,leave_environment_D,random_orthogonal,37,0.25,40,0,0,0
S1,leave_environment_D,random_orthogonal,38,0.25,40,0,0,0
S1,leave_environment_D,random_orthogonal,39,0.25,40,0,0,0
S1,leave_environment_D,random_orthogonal,40,0.25,40,0,0,0
S1,leave_environment_D,permuted_polynomial,31,1e-06,40,0,40,0
S1,leave_environment_D,permuted_polynomial,32,1e-06,40,0,40,0
S1,leave_environment_D,permuted_polynomial,33,1e-06,40,0,40,0
S1,leave_environment_D,permuted_polynomial,34,1e-06,40,0,40,0
S1,leave_environment_D,permuted_polynomial,35,1e-06,40,0,40,0
S1,leave_environment_D,permuted_polynomial,36,1e-06,40,0,40,0
S1,leave_environment_D,permuted_polynomial,37,1e-06,40,0,40,0
S1,leave_environment_D,permuted_polynomial,38,1e-06,40,0,40,0
S1,leave_environment_D,permuted_polynomial,39,1e-06,40,0,40,0
S1,leave_environment_D,permuted_polynomial,40,1e-06,40,0,40,0
S1,leave_environment_D,permuted_polynomial,31,3.162277660168379e-06,40,0,40,0
S1,leave_environment_D,permuted_polynomial,32,3.162277660168379e-06,40,0,40,0
S1,leave_environment_D,permuted_polynomial,33,3.162277660168379e-06,40,0,40,0
S1,leave_environment_D,permuted_polynomial,34,3.162277660168379e-06,40,0,40,0
S1,leave_environment_D,permuted_polynomial,35,3.162277660168379e-06,40,0,40,0
S1,leave_environment_D,permuted_polynomial,36,3.162277660168379e-06,40,0,40,0
S1,leave_environment_D,permuted_polynomial,37,3.162277660168379e-06,40,0,40,0
S1,leave_environment_D,permuted_polynomial,38,3.162277660168379e-06,40,0,40,0
S1,leave_environment_D,permuted_polynomial,39,3.162277660168379e-06,40,0,40,0
S1,leave_environment_D,permuted_polynomial,40,3.162277660168379e-06,40,0,40,0
S1,leave_environment_D,permuted_polynomial,31,1e-05,40,0,40,0
S1,leave_environment_D,permuted_polynomial,32,1e-05,40,0,40,0
S1,leave_environment_D,permuted_polynomial,33,1e-05,40,0,40,0
S1,leave_environment_D,permuted_polynomial,34,1e-05,40,0,40,0
S1,leave_environment_D,permuted_polynomial,35,1e-05,40,0,40,0
S1,leave_environment_D,permuted_polynomial,36,1e-05,40,0,40,0
S1,leave_environment_D,permuted_polynomial,37,1e-05,40,0,40,0
S1,leave_environment_D,permuted_polynomial,38,1e-05,40,0,40,0
S1,leave_environment_D,permuted_polynomial,39,1e-05,40,0,40,0
S1,leave_environment_D,permuted_polynomial,40,1e-05,40,0,40,0
S1,leave_environment_D,permuted_polynomial,31,3.1622776601683795e-05,40,0,40,0
S1,leave_environment_D,permuted_polynomial,32,3.1622776601683795e-05,40,0,40,0
S1,leave_environment_D,permuted_polynomial,33,3.1622776601683795e-05,40,0,40,0
S1,leave_environment_D,permuted_polynomial,34,3.1622776601683795e-05,40,0,40,0
S1,leave_environment_D,permuted_polynomial,35,3.1622776601683795e-05,40,0,40,0
S1,leave_environment_D,permuted_polynomial,36,3.1622776601683795e-05,40,0,40,0
S1,leave_environment_D,permuted_polynomial,37,3.1622776601683795e-05,40,0,40,0
S1,leave_environment_D,permuted_polynomial,38,3.1622776601683795e-05,40,0,40,0
S1,leave_environment_D,permuted_polynomial,39,3.1622776601683795e-05,40,0,40,0
S1,leave_environment_D,permuted_polynomial,40,3.1622776601683795e-05,40,0,40,0
S1,leave_environment_D,permuted_polynomial,31,0.0001,40,0,40,0
S1,leave_environment_D,permuted_polynomial,32,0.0001,40,0,40,0
S1,leave_environment_D,permuted_polynomial,33,0.0001,40,0,40,0
S1,leave_environment_D,permuted_polynomial,34,0.0001,40,0,40,0
S1,leave_environment_D,permuted_polynomial,35,0.0001,40,0,40,0
S1,leave_environment_D,permuted_polynomial,36,0.0001,40,0,40,0
S1,leave_environment_D,permuted_polynomial,37,0.0001,40,0,40,0
S1,leave_environment_D,permuted_polynomial,38,0.0001,40,0,40,0
S1,leave_environment_D,permuted_polynomial,39,0.0001,40,0,40,0
S1,leave_environment_D,permuted_polynomial,40,0.0001,40,0,40,0
S1,leave_environment_D,permuted_polynomial,31,0.00031622776601683794,40,0,40,0
S1,leave_environment_D,permuted_polynomial,32,0.00031622776601683794,40,0,40,0
S1,leave_environment_D,permuted_polynomial,33,0.00031622776601683794,40,0,40,0
S1,leave_environment_D,permuted_polynomial,34,0.00031622776601683794,40,0,40,0
S1,leave_environment_D,permuted_polynomial,35,0.00031622776601683794,40,0,40,0
S1,leave_environment_D,permuted_polynomial,36,0.00031622776601683794,40,0,40,0
S1,leave_environment_D,permuted_polynomial,37,0.00031622776601683794,40,0,40,0
S1,leave_environment_D,permuted_polynomial,38,0.00031622776601683794,40,0,40,0
S1,leave_environment_D,permuted_polynomial,39,0.00031622776601683794,40,0,40,0
S1,leave_environment_D,permuted_polynomial,40,0.00031622776601683794,40,0,40,0
S1,leave_environment_D,permuted_polynomial,31,0.001,40,27,40,0
S1,leave_environment_D,permuted_polynomial,32,0.001,40,24,40,0
S1,leave_environment_D,permuted_polynomial,33,0.001,40,10,40,0
S1,leave_environment_D,permuted_polynomial,34,0.001,40,0,40,0
S1,leave_environment_D,permuted_polynomial,35,0.001,40,0,40,0
S1,leave_environment_D,permuted_polynomial,36,0.001,40,8,40,0
S1,leave_environment_D,permuted_polynomial,37,0.001,40,19,40,0
S1,leave_environment_D,permuted_polynomial,38,0.001,40,1,40,0
S1,leave_environment_D,permuted_polynomial,39,0.001,40,9,40,0
S1,leave_environment_D,permuted_polynomial,40,0.001,40,5,40,0
S1,leave_environment_D,permuted_polynomial,31,0.0031622776601683794,40,40,40,0
S1,leave_environment_D,permuted_polynomial,32,0.0031622776601683794,40,29,40,0
S1,leave_environment_D,permuted_polynomial,33,0.0031622776601683794,40,14,40,0
S1,leave_environment_D,permuted_polynomial,34,0.0031622776601683794,40,1,40,0
S1,leave_environment_D,permuted_polynomial,35,0.0031622776601683794,40,0,40,0
S1,leave_environment_D,permuted_polynomial,36,0.0031622776601683794,40,9,40,0
S1,leave_environment_D,permuted_polynomial,37,0.0031622776601683794,40,19,40,0
S1,leave_environment_D,permuted_polynomial,38,0.0031622776601683794,40,1,40,0
S1,leave_environment_D,permuted_polynomial,39,0.0031622776601683794,40,14,40,0
S1,leave_environment_D,permuted_polynomial,40,0.0031622776601683794,40,6,40,0
S1,leave_environment_D,permuted_polynomial,31,0.01,40,40,40,0
S1,leave_environment_D,permuted_polynomial,32,0.01,40,40,40,0
S1,leave_environment_D,permuted_polynomial,33,0.01,40,37,40,0
S1,leave_environment_D,permuted_polynomial,34,0.01,40,35,40,0
S1,leave_environment_D,permuted_polynomial,35,0.01,40,40,40,0
S1,leave_environment_D,permuted_polynomial,36,0.01,40,40,40,0
S1,leave_environment_D,permuted_polynomial,37,0.01,40,19,40,0
S1,leave_environment_D,permuted_polynomial,38,0.01,40,40,40,0
S1,leave_environment_D,permuted_polynomial,39,0.01,40,27,40,0
S1,leave_environment_D,permuted_polynomial,40,0.01,40,35,40,0
S1,leave_environment_D,permuted_polynomial,31,0.03162277660168379,40,40,40,0
S1,leave_environment_D,permuted_polynomial,32,0.03162277660168379,40,40,40,0
S1,leave_environment_D,permuted_polynomial,33,0.03162277660168379,40,40,40,0
S1,leave_environment_D,permuted_polynomial,34,0.03162277660168379,40,40,40,0
S1,leave_environment_D,permuted_polynomial,35,0.03162277660168379,40,40,40,0
S1,leave_environment_D,permuted_polynomial,36,0.03162277660168379,40,40,40,0
S1,leave_environment_D,permuted_polynomial,37,0.03162277660168379,40,40,40,0
S1,leave_environment_D,permuted_polynomial,38,0.03162277660168379,40,40,40,0
S1,leave_environment_D,permuted_polynomial,39,0.03162277660168379,40,40,40,0
S1,leave_environment_D,permuted_polynomial,40,0.03162277660168379,40,40,40,0
S1,leave_environment_D,permuted_polynomial,31,0.1,40,40,40,0
S1,leave_environment_D,permuted_polynomial,32,0.1,40,40,40,0
S1,leave_environment_D,permuted_polynomial,33,0.1,40,40,40,0
S1,leave_environment_D,permuted_polynomial,34,0.1,40,40,40,0
S1,leave_environment_D,permuted_polynomial,35,0.1,40,40,40,0
S1,leave_environment_D,permuted_polynomial,36,0.1,40,40,40,0
S1,leave_environment_D,permuted_polynomial,37,0.1,40,40,40,0
S1,leave_environment_D,permuted_polynomial,38,0.1,40,40,40,0
S1,leave_environment_D,permuted_polynomial,39,0.1,40,40,40,0
S1,leave_environment_D,permuted_polynomial,40,0.1,40,40,40,0
S1,leave_environment_D,permuted_polynomial,31,0.25,40,0,0,0
S1,leave_environment_D,permuted_polynomial,32,0.25,40,0,0,0
S1,leave_environment_D,permuted_polynomial,33,0.25,40,0,0,0
S1,leave_environment_D,permuted_polynomial,34,0.25,40,0,0,0
S1,leave_environment_D,permuted_polynomial,35,0.25,40,0,0,0
S1,leave_environment_D,permuted_polynomial,36,0.25,40,0,0,0
S1,leave_environment_D,permuted_polynomial,37,0.25,40,0,0,0
S1,leave_environment_D,permuted_polynomial,38,0.25,40,0,0,0
S1,leave_environment_D,permuted_polynomial,39,0.25,40,0,0,0
S1,leave_environment_D,permuted_polynomial,40,0.25,40,0,0,0
S1,leave_environment_E,coordinate,31,1e-06,40,0,40,0
S1,leave_environment_E,coordinate,32,1e-06,40,0,40,0
S1,leave_environment_E,coordinate,33,1e-06,40,0,40,0
S1,leave_environment_E,coordinate,34,1e-06,40,0,40,0
S1,leave_environment_E,coordinate,35,1e-06,40,0,40,0
S1,leave_environment_E,coordinate,36,1e-06,40,0,40,0
S1,leave_environment_E,coordinate,37,1e-06,40,0,40,0
S1,leave_environment_E,coordinate,38,1e-06,40,0,40,0
S1,leave_environment_E,coordinate,39,1e-06,40,0,40,0
S1,leave_environment_E,coordinate,40,1e-06,40,0,40,0
S1,leave_environment_E,coordinate,31,3.162277660168379e-06,40,0,40,0
S1,leave_environment_E,coordinate,32,3.162277660168379e-06,40,0,40,0
S1,leave_environment_E,coordinate,33,3.162277660168379e-06,40,0,40,0
S1,leave_environment_E,coordinate,34,3.162277660168379e-06,40,0,40,0
S1,leave_environment_E,coordinate,35,3.162277660168379e-06,40,0,40,0
S1,leave_environment_E,coordinate,36,3.162277660168379e-06,40,0,40,0
S1,leave_environment_E,coordinate,37,3.162277660168379e-06,40,0,40,0
S1,leave_environment_E,coordinate,38,3.162277660168379e-06,40,0,40,0
S1,leave_environment_E,coordinate,39,3.162277660168379e-06,40,0,40,0
S1,leave_environment_E,coordinate,40,3.162277660168379e-06,40,0,40,0
S1,leave_environment_E,coordinate,31,1e-05,40,0,40,0
S1,leave_environment_E,coordinate,32,1e-05,40,0,40,0
S1,leave_environment_E,coordinate,33,1e-05,40,0,40,0
S1,leave_environment_E,coordinate,34,1e-05,40,0,40,0
S1,leave_environment_E,coordinate,35,1e-05,40,0,40,0
S1,leave_environment_E,coordinate,36,1e-05,40,0,40,0
S1,leave_environment_E,coordinate,37,1e-05,40,0,40,0
S1,leave_environment_E,coordinate,38,1e-05,40,0,40,0
S1,leave_environment_E,coordinate,39,1e-05,40,0,40,0
S1,leave_environment_E,coordinate,40,1e-05,40,0,40,0
S1,leave_environment_E,coordinate,31,3.1622776601683795e-05,40,0,40,0
S1,leave_environment_E,coordinate,32,3.1622776601683795e-05,40,0,40,0
S1,leave_environment_E,coordinate,33,3.1622776601683795e-05,40,0,40,0
S1,leave_environment_E,coordinate,34,3.1622776601683795e-05,40,0,40,0
S1,leave_environment_E,coordinate,35,3.1622776601683795e-05,40,0,40,0
S1,leave_environment_E,coordinate,36,3.1622776601683795e-05,40,0,40,0
S1,leave_environment_E,coordinate,37,3.1622776601683795e-05,40,0,40,0
S1,leave_environment_E,coordinate,38,3.1622776601683795e-05,40,0,40,0
S1,leave_environment_E,coordinate,39,3.1622776601683795e-05,40,0,40,0
S1,leave_environment_E,coordinate,40,3.1622776601683795e-05,40,0,40,0
S1,leave_environment_E,coordinate,31,0.0001,40,0,40,0
S1,leave_environment_E,coordinate,32,0.0001,40,0,40,0
S1,leave_environment_E,coordinate,33,0.0001,40,0,40,0
S1,leave_environment_E,coordinate,34,0.0001,40,0,40,0
S1,leave_environment_E,coordinate,35,0.0001,40,0,40,0
S1,leave_environment_E,coordinate,36,0.0001,40,0,40,0
S1,leave_environment_E,coordinate,37,0.0001,40,0,40,0
S1,leave_environment_E,coordinate,38,0.0001,40,0,40,0
S1,leave_environment_E,coordinate,39,0.0001,40,0,40,0
S1,leave_environment_E,coordinate,40,0.0001,40,0,40,0
S1,leave_environment_E,coordinate,31,0.00031622776601683794,40,0,40,0
S1,leave_environment_E,coordinate,32,0.00031622776601683794,40,0,40,0
S1,leave_environment_E,coordinate,33,0.00031622776601683794,40,0,40,0
S1,leave_environment_E,coordinate,34,0.00031622776601683794,40,0,40,0
S1,leave_environment_E,coordinate,35,0.00031622776601683794,40,0,40,0
S1,leave_environment_E,coordinate,36,0.00031622776601683794,40,0,40,0
S1,leave_environment_E,coordinate,37,0.00031622776601683794,40,0,40,0
S1,leave_environment_E,coordinate,38,0.00031622776601683794,40,0,40,0
S1,leave_environment_E,coordinate,39,0.00031622776601683794,40,0,40,0
S1,leave_environment_E,coordinate,40,0.00031622776601683794,40,0,40,0
S1,leave_environment_E,coordinate,31,0.001,40,0,40,0
S1,leave_environment_E,coordinate,32,0.001,40,0,40,0
S1,leave_environment_E,coordinate,33,0.001,40,0,40,0
S1,leave_environment_E,coordinate,34,0.001,40,0,40,0
S1,leave_environment_E,coordinate,35,0.001,40,0,40,0
S1,leave_environment_E,coordinate,36,0.001,40,0,40,0
S1,leave_environment_E,coordinate,37,0.001,40,0,40,0
S1,leave_environment_E,coordinate,38,0.001,40,0,40,0
S1,leave_environment_E,coordinate,39,0.001,40,0,40,0
S1,leave_environment_E,coordinate,40,0.001,40,0,40,0
S1,leave_environment_E,coordinate,31,0.0031622776601683794,40,0,40,0
S1,leave_environment_E,coordinate,32,0.0031622776601683794,40,0,40,0
S1,leave_environment_E,coordinate,33,0.0031622776601683794,40,0,40,0
S1,leave_environment_E,coordinate,34,0.0031622776601683794,40,0,40,0
S1,leave_environment_E,coordinate,35,0.0031622776601683794,40,0,40,0
S1,leave_environment_E,coordinate,36,0.0031622776601683794,40,0,40,0
S1,leave_environment_E,coordinate,37,0.0031622776601683794,40,0,40,0
S1,leave_environment_E,coordinate,38,0.0031622776601683794,40,0,40,0
S1,leave_environment_E,coordinate,39,0.0031622776601683794,40,0,40,0
S1,leave_environment_E,coordinate,40,0.0031622776601683794,40,0,40,0
S1,leave_environment_E,coordinate,31,0.01,40,0,40,0
S1,leave_environment_E,coordinate,32,0.01,40,0,40,0
S1,leave_environment_E,coordinate,33,0.01,40,0,40,0
S1,leave_environment_E,coordinate,34,0.01,40,0,40,0
S1,leave_environment_E,coordinate,35,0.01,40,0,40,0
S1,leave_environment_E,coordinate,36,0.01,40,0,40,0
S1,leave_environment_E,coordinate,37,0.01,40,0,40,0
S1,leave_environment_E,coordinate,38,0.01,40,0,40,0
S1,leave_environment_E,coordinate,39,0.01,40,0,40,0
S1,leave_environment_E,coordinate,40,0.01,40,0,40,0
S1,leave_environment_E,coordinate,31,0.03162277660168379,40,0,40,0
S1,leave_environment_E,coordinate,32,0.03162277660168379,40,0,40,0
S1,leave_environment_E,coordinate,33,0.03162277660168379,40,0,40,0
S1,leave_environment_E,coordinate,34,0.03162277660168379,40,0,40,0
S1,leave_environment_E,coordinate,35,0.03162277660168379,40,0,40,0
S1,leave_environment_E,coordinate,36,0.03162277660168379,40,0,40,0
S1,leave_environment_E,coordinate,37,0.03162277660168379,40,0,40,0
S1,leave_environment_E,coordinate,38,0.03162277660168379,40,0,40,0
S1,leave_environment_E,coordinate,39,0.03162277660168379,40,0,40,0
S1,leave_environment_E,coordinate,40,0.03162277660168379,40,0,40,0
S1,leave_environment_E,coordinate,31,0.1,40,0,0,0
S1,leave_environment_E,coordinate,32,0.1,40,0,0,0
S1,leave_environment_E,coordinate,33,0.1,40,0,0,0
S1,leave_environment_E,coordinate,34,0.1,40,0,0,0
S1,leave_environment_E,coordinate,35,0.1,40,0,0,0
S1,leave_environment_E,coordinate,36,0.1,40,0,0,0
S1,leave_environment_E,coordinate,37,0.1,40,0,0,0
S1,leave_environment_E,coordinate,38,0.1,40,0,0,0
S1,leave_environment_E,coordinate,39,0.1,40,0,0,0
S1,leave_environment_E,coordinate,40,0.1,40,0,0,0
S1,leave_environment_E,coordinate,31,0.25,40,0,0,0
S1,leave_environment_E,coordinate,32,0.25,40,0,0,0
S1,leave_environment_E,coordinate,33,0.25,40,0,0,0
S1,leave_environment_E,coordinate,34,0.25,40,0,0,0
S1,leave_environment_E,coordinate,35,0.25,40,0,0,0
S1,leave_environment_E,coordinate,36,0.25,40,0,0,0
S1,leave_environment_E,coordinate,37,0.25,40,0,0,0
S1,leave_environment_E,coordinate,38,0.25,40,0,0,0
S1,leave_environment_E,coordinate,39,0.25,40,0,0,0
S1,leave_environment_E,coordinate,40,0.25,40,0,0,0
S1,leave_environment_E,dct,31,1e-06,40,0,40,0
S1,leave_environment_E,dct,32,1e-06,40,0,40,0
S1,leave_environment_E,dct,33,1e-06,40,0,40,0
S1,leave_environment_E,dct,34,1e-06,40,0,40,0
S1,leave_environment_E,dct,35,1e-06,40,0,40,0
S1,leave_environment_E,dct,36,1e-06,40,0,40,0
S1,leave_environment_E,dct,37,1e-06,40,0,40,0
S1,leave_environment_E,dct,38,1e-06,40,0,40,0
S1,leave_environment_E,dct,39,1e-06,40,0,40,0
S1,leave_environment_E,dct,40,1e-06,40,0,40,0
S1,leave_environment_E,dct,31,3.162277660168379e-06,40,0,40,0
S1,leave_environment_E,dct,32,3.162277660168379e-06,40,0,40,0
S1,leave_environment_E,dct,33,3.162277660168379e-06,40,0,40,0
S1,leave_environment_E,dct,34,3.162277660168379e-06,40,0,40,0
S1,leave_environment_E,dct,35,3.162277660168379e-06,40,0,40,0
S1,leave_environment_E,dct,36,3.162277660168379e-06,40,0,40,0
S1,leave_environment_E,dct,37,3.162277660168379e-06,40,0,40,0
S1,leave_environment_E,dct,38,3.162277660168379e-06,40,0,40,0
S1,leave_environment_E,dct,39,3.162277660168379e-06,40,0,40,0
S1,leave_environment_E,dct,40,3.162277660168379e-06,40,0,40,0
S1,leave_environment_E,dct,31,1e-05,40,0,40,0
S1,leave_environment_E,dct,32,1e-05,40,0,40,0
S1,leave_environment_E,dct,33,1e-05,40,0,40,0
S1,leave_environment_E,dct,34,1e-05,40,0,40,0
S1,leave_environment_E,dct,35,1e-05,40,0,40,0
S1,leave_environment_E,dct,36,1e-05,40,0,40,0
S1,leave_environment_E,dct,37,1e-05,40,0,40,0
S1,leave_environment_E,dct,38,1e-05,40,0,40,0
S1,leave_environment_E,dct,39,1e-05,40,0,40,0
S1,leave_environment_E,dct,40,1e-05,40,0,40,0
S1,leave_environment_E,dct,31,3.1622776601683795e-05,40,0,40,0
S1,leave_environment_E,dct,32,3.1622776601683795e-05,40,0,40,0
S1,leave_environment_E,dct,33,3.1622776601683795e-05,40,0,40,0
S1,leave_environment_E,dct,34,3.1622776601683795e-05,40,0,40,0
S1,leave_environment_E,dct,35,3.1622776601683795e-05,40,0,40,0
S1,leave_environment_E,dct,36,3.1622776601683795e-05,40,0,40,0
S1,leave_environment_E,dct,37,3.1622776601683795e-05,40,0,40,0
S1,leave_environment_E,dct,38,3.1622776601683795e-05,40,0,40,0
S1,leave_environment_E,dct,39,3.1622776601683795e-05,40,0,40,0
S1,leave_environment_E,dct,40,3.1622776601683795e-05,40,0,40,0
S1,leave_environment_E,dct,31,0.0001,40,0,40,0
S1,leave_environment_E,dct,32,0.0001,40,0,40,0
S1,leave_environment_E,dct,33,0.0001,40,0,40,0
S1,leave_environment_E,dct,34,0.0001,40,0,40,0
S1,leave_environment_E,dct,35,0.0001,40,0,40,0
S1,leave_environment_E,dct,36,0.0001,40,0,40,0
S1,leave_environment_E,dct,37,0.0001,40,0,40,0
S1,leave_environment_E,dct,38,0.0001,40,0,40,0
S1,leave_environment_E,dct,39,0.0001,40,0,40,0
S1,leave_environment_E,dct,40,0.0001,40,0,40,0
S1,leave_environment_E,dct,31,0.00031622776601683794,40,0,40,0
S1,leave_environment_E,dct,32,0.00031622776601683794,40,0,40,0
S1,leave_environment_E,dct,33,0.00031622776601683794,40,0,40,0
S1,leave_environment_E,dct,34,0.00031622776601683794,40,0,40,0
S1,leave_environment_E,dct,35,0.00031622776601683794,40,0,40,0
S1,leave_environment_E,dct,36,0.00031622776601683794,40,0,40,0
S1,leave_environment_E,dct,37,0.00031622776601683794,40,0,40,0
S1,leave_environment_E,dct,38,0.00031622776601683794,40,0,40,0
S1,leave_environment_E,dct,39,0.00031622776601683794,40,0,40,0
S1,leave_environment_E,dct,40,0.00031622776601683794,40,0,40,0
S1,leave_environment_E,dct,31,0.001,40,0,40,0
S1,leave_environment_E,dct,32,0.001,40,0,40,0
S1,leave_environment_E,dct,33,0.001,40,0,40,0
S1,leave_environment_E,dct,34,0.001,40,0,40,0
S1,leave_environment_E,dct,35,0.001,40,0,40,0
S1,leave_environment_E,dct,36,0.001,40,0,40,0
S1,leave_environment_E,dct,37,0.001,40,0,40,0
S1,leave_environment_E,dct,38,0.001,40,0,40,0
S1,leave_environment_E,dct,39,0.001,40,0,40,0
S1,leave_environment_E,dct,40,0.001,40,0,40,0
S1,leave_environment_E,dct,31,0.0031622776601683794,40,0,40,0
S1,leave_environment_E,dct,32,0.0031622776601683794,40,0,40,0
S1,leave_environment_E,dct,33,0.0031622776601683794,40,0,40,0
S1,leave_environment_E,dct,34,0.0031622776601683794,40,0,40,0
S1,leave_environment_E,dct,35,0.0031622776601683794,40,0,40,0
S1,leave_environment_E,dct,36,0.0031622776601683794,40,0,40,0
S1,leave_environment_E,dct,37,0.0031622776601683794,40,0,40,0
S1,leave_environment_E,dct,38,0.0031622776601683794,40,0,40,0
S1,leave_environment_E,dct,39,0.0031622776601683794,40,0,40,0
S1,leave_environment_E,dct,40,0.0031622776601683794,40,0,40,0
S1,leave_environment_E,dct,31,0.01,40,40,40,0
S1,leave_environment_E,dct,32,0.01,40,40,40,0
S1,leave_environment_E,dct,33,0.01,40,40,40,0
S1,leave_environment_E,dct,34,0.01,40,40,40,0
S1,leave_environment_E,dct,35,0.01,40,40,40,0
S1,leave_environment_E,dct,36,0.01,40,40,40,0
S1,leave_environment_E,dct,37,0.01,40,40,40,0
S1,leave_environment_E,dct,38,0.01,40,40,40,0
S1,leave_environment_E,dct,39,0.01,40,40,40,0
S1,leave_environment_E,dct,40,0.01,40,40,40,0
S1,leave_environment_E,dct,31,0.03162277660168379,40,40,40,0
S1,leave_environment_E,dct,32,0.03162277660168379,40,40,40,0
S1,leave_environment_E,dct,33,0.03162277660168379,40,40,40,0
S1,leave_environment_E,dct,34,0.03162277660168379,40,40,40,0
S1,leave_environment_E,dct,35,0.03162277660168379,40,40,40,0
S1,leave_environment_E,dct,36,0.03162277660168379,40,40,40,0
S1,leave_environment_E,dct,37,0.03162277660168379,40,40,40,0
S1,leave_environment_E,dct,38,0.03162277660168379,40,40,40,0
S1,leave_environment_E,dct,39,0.03162277660168379,40,40,40,0
S1,leave_environment_E,dct,40,0.03162277660168379,40,40,40,0
S1,leave_environment_E,dct,31,0.1,40,40,40,0
S1,leave_environment_E,dct,32,0.1,40,40,40,0
S1,leave_environment_E,dct,33,0.1,40,40,40,0
S1,leave_environment_E,dct,34,0.1,40,40,40,0
S1,leave_environment_E,dct,35,0.1,40,40,40,0
S1,leave_environment_E,dct,36,0.1,40,40,40,0
S1,leave_environment_E,dct,37,0.1,40,40,40,0
S1,leave_environment_E,dct,38,0.1,40,40,40,0
S1,leave_environment_E,dct,39,0.1,40,40,40,0
S1,leave_environment_E,dct,40,0.1,40,40,40,0
S1,leave_environment_E,dct,31,0.25,40,0,0,0
S1,leave_environment_E,dct,32,0.25,40,0,0,0
S1,leave_environment_E,dct,33,0.25,40,0,0,0
S1,leave_environment_E,dct,34,0.25,40,0,0,0
S1,leave_environment_E,dct,35,0.25,40,0,0,0
S1,leave_environment_E,dct,36,0.25,40,0,0,0
S1,leave_environment_E,dct,37,0.25,40,0,0,0
S1,leave_environment_E,dct,38,0.25,40,0,0,0
S1,leave_environment_E,dct,39,0.25,40,0,0,0
S1,leave_environment_E,dct,40,0.25,40,0,0,0
S1,leave_environment_E,dft,31,1e-06,40,0,40,0
S1,leave_environment_E,dft,32,1e-06,40,0,40,0
S1,leave_environment_E,dft,33,1e-06,40,0,40,0
S1,leave_environment_E,dft,34,1e-06,40,0,40,0
S1,leave_environment_E,dft,35,1e-06,40,0,40,0
S1,leave_environment_E,dft,36,1e-06,40,0,40,0
S1,leave_environment_E,dft,37,1e-06,40,0,40,0
S1,leave_environment_E,dft,38,1e-06,40,0,40,0
S1,leave_environment_E,dft,39,1e-06,40,0,40,0
S1,leave_environment_E,dft,40,1e-06,40,0,40,0
S1,leave_environment_E,dft,31,3.162277660168379e-06,40,0,40,0
S1,leave_environment_E,dft,32,3.162277660168379e-06,40,0,40,0
S1,leave_environment_E,dft,33,3.162277660168379e-06,40,0,40,0
S1,leave_environment_E,dft,34,3.162277660168379e-06,40,0,40,0
S1,leave_environment_E,dft,35,3.162277660168379e-06,40,0,40,0
S1,leave_environment_E,dft,36,3.162277660168379e-06,40,0,40,0
S1,leave_environment_E,dft,37,3.162277660168379e-06,40,0,40,0
S1,leave_environment_E,dft,38,3.162277660168379e-06,40,0,40,0
S1,leave_environment_E,dft,39,3.162277660168379e-06,40,0,40,0
S1,leave_environment_E,dft,40,3.162277660168379e-06,40,0,40,0
S1,leave_environment_E,dft,31,1e-05,40,0,40,0
S1,leave_environment_E,dft,32,1e-05,40,0,40,0
S1,leave_environment_E,dft,33,1e-05,40,0,40,0
S1,leave_environment_E,dft,34,1e-05,40,0,40,0
S1,leave_environment_E,dft,35,1e-05,40,0,40,0
S1,leave_environment_E,dft,36,1e-05,40,0,40,0
S1,leave_environment_E,dft,37,1e-05,40,0,40,0
S1,leave_environment_E,dft,38,1e-05,40,0,40,0
S1,leave_environment_E,dft,39,1e-05,40,0,40,0
S1,leave_environment_E,dft,40,1e-05,40,0,40,0
S1,leave_environment_E,dft,31,3.1622776601683795e-05,40,0,40,0
S1,leave_environment_E,dft,32,3.1622776601683795e-05,40,0,40,0
S1,leave_environment_E,dft,33,3.1622776601683795e-05,40,0,40,0
S1,leave_environment_E,dft,34,3.1622776601683795e-05,40,0,40,0
S1,leave_environment_E,dft,35,3.1622776601683795e-05,40,0,40,0
S1,leave_environment_E,dft,36,3.1622776601683795e-05,40,0,40,0
S1,leave_environment_E,dft,37,3.1622776601683795e-05,40,0,40,0
S1,leave_environment_E,dft,38,3.1622776601683795e-05,40,0,40,0
S1,leave_environment_E,dft,39,3.1622776601683795e-05,40,0,40,0
S1,leave_environment_E,dft,40,3.1622776601683795e-05,40,0,40,0
S1,leave_environment_E,dft,31,0.0001,40,0,40,0
S1,leave_environment_E,dft,32,0.0001,40,0,40,0
S1,leave_environment_E,dft,33,0.0001,40,0,40,0
S1,leave_environment_E,dft,34,0.0001,40,0,40,0
S1,leave_environment_E,dft,35,0.0001,40,0,40,0
S1,leave_environment_E,dft,36,0.0001,40,0,40,0
S1,leave_environment_E,dft,37,0.0001,40,0,40,0
S1,leave_environment_E,dft,38,0.0001,40,0,40,0
S1,leave_environment_E,dft,39,0.0001,40,0,40,0
S1,leave_environment_E,dft,40,0.0001,40,0,40,0
S1,leave_environment_E,dft,31,0.00031622776601683794,40,0,40,0
S1,leave_environment_E,dft,32,0.00031622776601683794,40,0,40,0
S1,leave_environment_E,dft,33,0.00031622776601683794,40,0,40,0
S1,leave_environment_E,dft,34,0.00031622776601683794,40,0,40,0
S1,leave_environment_E,dft,35,0.00031622776601683794,40,0,40,0
S1,leave_environment_E,dft,36,0.00031622776601683794,40,0,40,0
S1,leave_environment_E,dft,37,0.00031622776601683794,40,0,40,0
S1,leave_environment_E,dft,38,0.00031622776601683794,40,0,40,0
S1,leave_environment_E,dft,39,0.00031622776601683794,40,0,40,0
S1,leave_environment_E,dft,40,0.00031622776601683794,40,0,40,0
S1,leave_environment_E,dft,31,0.001,40,5,40,0
S1,leave_environment_E,dft,32,0.001,40,29,40,0
S1,leave_environment_E,dft,33,0.001,40,22,40,0
S1,leave_environment_E,dft,34,0.001,40,0,40,0
S1,leave_environment_E,dft,35,0.001,40,0,40,0
S1,leave_environment_E,dft,36,0.001,40,6,40,0
S1,leave_environment_E,dft,37,0.001,40,8,40,0
S1,leave_environment_E,dft,38,0.001,40,0,40,0
S1,leave_environment_E,dft,39,0.001,40,2,40,0
S1,leave_environment_E,dft,40,0.001,40,6,40,0
S1,leave_environment_E,dft,31,0.0031622776601683794,40,40,40,0
S1,leave_environment_E,dft,32,0.0031622776601683794,40,32,40,0
S1,leave_environment_E,dft,33,0.0031622776601683794,40,24,40,0
S1,leave_environment_E,dft,34,0.0031622776601683794,40,0,40,0
S1,leave_environment_E,dft,35,0.0031622776601683794,40,0,40,0
S1,leave_environment_E,dft,36,0.0031622776601683794,40,8,40,0
S1,leave_environment_E,dft,37,0.0031622776601683794,40,14,40,0
S1,leave_environment_E,dft,38,0.0031622776601683794,40,0,40,0
S1,leave_environment_E,dft,39,0.0031622776601683794,40,3,40,0
S1,leave_environment_E,dft,40,0.0031622776601683794,40,8,40,0
S1,leave_environment_E,dft,31,0.01,40,40,40,0
S1,leave_environment_E,dft,32,0.01,40,40,40,0
S1,leave_environment_E,dft,33,0.01,40,35,40,0
S1,leave_environment_E,dft,34,0.01,40,37,40,0
S1,leave_environment_E,dft,35,0.01,40,40,40,0
S1,leave_environment_E,dft,36,0.01,40,38,40,0
S1,leave_environment_E,dft,37,0.01,40,17,40,0
S1,leave_environment_E,dft,38,0.01,40,25,40,0
S1,leave_environment_E,dft,39,0.01,40,7,40,0
S1,leave_environment_E,dft,40,0.01,40,37,40,0
S1,leave_environment_E,dft,31,0.03162277660168379,40,40,40,0
S1,leave_environment_E,dft,32,0.03162277660168379,40,40,40,0
S1,leave_environment_E,dft,33,0.03162277660168379,40,40,40,0
S1,leave_environment_E,dft,34,0.03162277660168379,40,40,40,0
S1,leave_environment_E,dft,35,0.03162277660168379,40,40,40,0
S1,leave_environment_E,dft,36,0.03162277660168379,40,40,40,0
S1,leave_environment_E,dft,37,0.03162277660168379,40,40,40,0
S1,leave_environment_E,dft,38,0.03162277660168379,40,40,40,0
S1,leave_environment_E,dft,39,0.03162277660168379,40,40,40,0
S1,leave_environment_E,dft,40,0.03162277660168379,40,40,40,0
S1,leave_environment_E,dft,31,0.1,40,40,40,0
S1,leave_environment_E,dft,32,0.1,40,40,40,0
S1,leave_environment_E,dft,33,0.1,40,40,40,0
S1,leave_environment_E,dft,34,0.1,40,40,40,0
S1,leave_environment_E,dft,35,0.1,40,40,40,0
S1,leave_environment_E,dft,36,0.1,40,40,40,0
S1,leave_environment_E,dft,37,0.1,40,40,40,0
S1,leave_environment_E,dft,38,0.1,40,40,40,0
S1,leave_environment_E,dft,39,0.1,40,40,40,0
S1,leave_environment_E,dft,40,0.1,40,40,40,0
S1,leave_environment_E,dft,31,0.25,40,0,0,0
S1,leave_environment_E,dft,32,0.25,40,0,0,0
S1,leave_environment_E,dft,33,0.25,40,0,0,0
S1,leave_environment_E,dft,34,0.25,40,0,0,0
S1,leave_environment_E,dft,35,0.25,40,0,0,0
S1,leave_environment_E,dft,36,0.25,40,0,0,0
S1,leave_environment_E,dft,37,0.25,40,0,0,0
S1,leave_environment_E,dft,38,0.25,40,0,0,0
S1,leave_environment_E,dft,39,0.25,40,0,0,0
S1,leave_environment_E,dft,40,0.25,40,0,0,0
S1,leave_environment_E,polynomial,31,1e-06,40,0,40,0
S1,leave_environment_E,polynomial,32,1e-06,40,0,40,0
S1,leave_environment_E,polynomial,33,1e-06,40,0,40,0
S1,leave_environment_E,polynomial,34,1e-06,40,0,40,0
S1,leave_environment_E,polynomial,35,1e-06,40,0,40,0
S1,leave_environment_E,polynomial,36,1e-06,40,0,40,0
S1,leave_environment_E,polynomial,37,1e-06,40,0,40,0
S1,leave_environment_E,polynomial,38,1e-06,40,0,40,0
S1,leave_environment_E,polynomial,39,1e-06,40,0,40,0
S1,leave_environment_E,polynomial,40,1e-06,40,0,40,0
S1,leave_environment_E,polynomial,31,3.162277660168379e-06,40,0,40,0
S1,leave_environment_E,polynomial,32,3.162277660168379e-06,40,0,40,0
S1,leave_environment_E,polynomial,33,3.162277660168379e-06,40,0,40,0
S1,leave_environment_E,polynomial,34,3.162277660168379e-06,40,0,40,0
S1,leave_environment_E,polynomial,35,3.162277660168379e-06,40,0,40,0
S1,leave_environment_E,polynomial,36,3.162277660168379e-06,40,0,40,0
S1,leave_environment_E,polynomial,37,3.162277660168379e-06,40,0,40,0
S1,leave_environment_E,polynomial,38,3.162277660168379e-06,40,0,40,0
S1,leave_environment_E,polynomial,39,3.162277660168379e-06,40,0,40,0
S1,leave_environment_E,polynomial,40,3.162277660168379e-06,40,0,40,0
S1,leave_environment_E,polynomial,31,1e-05,40,0,40,0
S1,leave_environment_E,polynomial,32,1e-05,40,0,40,0
S1,leave_environment_E,polynomial,33,1e-05,40,0,40,0
S1,leave_environment_E,polynomial,34,1e-05,40,0,40,0
S1,leave_environment_E,polynomial,35,1e-05,40,0,40,0
S1,leave_environment_E,polynomial,36,1e-05,40,0,40,0
S1,leave_environment_E,polynomial,37,1e-05,40,0,40,0
S1,leave_environment_E,polynomial,38,1e-05,40,0,40,0
S1,leave_environment_E,polynomial,39,1e-05,40,0,40,0
S1,leave_environment_E,polynomial,40,1e-05,40,0,40,0
S1,leave_environment_E,polynomial,31,3.1622776601683795e-05,40,0,40,0
S1,leave_environment_E,polynomial,32,3.1622776601683795e-05,40,3,40,0
S1,leave_environment_E,polynomial,33,3.1622776601683795e-05,40,1,40,0
S1,leave_environment_E,polynomial,34,3.1622776601683795e-05,40,2,40,0
S1,leave_environment_E,polynomial,35,3.1622776601683795e-05,40,9,40,0
S1,leave_environment_E,polynomial,36,3.1622776601683795e-05,40,0,40,0
S1,leave_environment_E,polynomial,37,3.1622776601683795e-05,40,0,40,0
S1,leave_environment_E,polynomial,38,3.1622776601683795e-05,40,0,40,0
S1,leave_environment_E,polynomial,39,3.1622776601683795e-05,40,0,40,0
S1,leave_environment_E,polynomial,40,3.1622776601683795e-05,40,6,40,0
S1,leave_environment_E,polynomial,31,0.0001,40,0,40,0
S1,leave_environment_E,polynomial,32,0.0001,40,40,40,0
S1,leave_environment_E,polynomial,33,0.0001,40,39,40,0
S1,leave_environment_E,polynomial,34,0.0001,40,40,40,0
S1,leave_environment_E,polynomial,35,0.0001,40,40,40,0
S1,leave_environment_E,polynomial,36,0.0001,40,17,40,0
S1,leave_environment_E,polynomial,37,0.0001,40,1,40,0
S1,leave_environment_E,polynomial,38,0.0001,40,23,40,0
S1,leave_environment_E,polynomial,39,0.0001,40,29,40,0
S1,leave_environment_E,polynomial,40,0.0001,40,40,40,0
S1,leave_environment_E,polynomial,31,0.00031622776601683794,40,35,40,0
S1,leave_environment_E,polynomial,32,0.00031622776601683794,40,40,40,0
S1,leave_environment_E,polynomial,33,0.00031622776601683794,40,40,40,0
S1,leave_environment_E,polynomial,34,0.00031622776601683794,40,40,40,0
S1,leave_environment_E,polynomial,35,0.00031622776601683794,40,40,40,0
S1,leave_environment_E,polynomial,36,0.00031622776601683794,40,39,40,0
S1,leave_environment_E,polynomial,37,0.00031622776601683794,40,40,40,0
S1,leave_environment_E,polynomial,38,0.00031622776601683794,40,40,40,0
S1,leave_environment_E,polynomial,39,0.00031622776601683794,40,40,40,0
S1,leave_environment_E,polynomial,40,0.00031622776601683794,40,40,40,0
S1,leave_environment_E,polynomial,31,0.001,40,40,40,0
S1,leave_environment_E,polynomial,32,0.001,40,40,40,0
S1,leave_environment_E,polynomial,33,0.001,40,40,40,0
S1,leave_environment_E,polynomial,34,0.001,40,40,40,0
S1,leave_environment_E,polynomial,35,0.001,40,40,40,0
S1,leave_environment_E,polynomial,36,0.001,40,40,40,0
S1,leave_environment_E,polynomial,37,0.001,40,40,40,0
S1,leave_environment_E,polynomial,38,0.001,40,40,40,0
S1,leave_environment_E,polynomial,39,0.001,40,40,40,0
S1,leave_environment_E,polynomial,40,0.001,40,40,40,0
S1,leave_environment_E,polynomial,31,0.0031622776601683794,40,40,40,0
S1,leave_environment_E,polynomial,32,0.0031622776601683794,40,40,40,0
S1,leave_environment_E,polynomial,33,0.0031622776601683794,40,40,40,0
S1,leave_environment_E,polynomial,34,0.0031622776601683794,40,40,40,0
S1,leave_environment_E,polynomial,35,0.0031622776601683794,40,40,40,0
S1,leave_environment_E,polynomial,36,0.0031622776601683794,40,40,40,0
S1,leave_environment_E,polynomial,37,0.0031622776601683794,40,40,40,0
S1,leave_environment_E,polynomial,38,0.0031622776601683794,40,40,40,0
S1,leave_environment_E,polynomial,39,0.0031622776601683794,40,40,40,0
S1,leave_environment_E,polynomial,40,0.0031622776601683794,40,40,40,0
S1,leave_environment_E,polynomial,31,0.01,40,40,40,0
S1,leave_environment_E,polynomial,32,0.01,40,40,40,0
S1,leave_environment_E,polynomial,33,0.01,40,40,40,0
S1,leave_environment_E,polynomial,34,0.01,40,40,40,0
S1,leave_environment_E,polynomial,35,0.01,40,40,40,0
S1,leave_environment_E,polynomial,36,0.01,40,40,40,0
S1,leave_environment_E,polynomial,37,0.01,40,40,40,0
S1,leave_environment_E,polynomial,38,0.01,40,40,40,0
S1,leave_environment_E,polynomial,39,0.01,40,40,40,0
S1,leave_environment_E,polynomial,40,0.01,40,40,40,0
S1,leave_environment_E,polynomial,31,0.03162277660168379,40,40,40,0
S1,leave_environment_E,polynomial,32,0.03162277660168379,40,40,40,0
S1,leave_environment_E,polynomial,33,0.03162277660168379,40,40,40,0
S1,leave_environment_E,polynomial,34,0.03162277660168379,40,40,40,0
S1,leave_environment_E,polynomial,35,0.03162277660168379,40,40,40,0
S1,leave_environment_E,polynomial,36,0.03162277660168379,40,40,40,0
S1,leave_environment_E,polynomial,37,0.03162277660168379,40,40,40,0
S1,leave_environment_E,polynomial,38,0.03162277660168379,40,40,40,0
S1,leave_environment_E,polynomial,39,0.03162277660168379,40,40,40,0
S1,leave_environment_E,polynomial,40,0.03162277660168379,40,40,40,0
S1,leave_environment_E,polynomial,31,0.1,40,40,40,0
S1,leave_environment_E,polynomial,32,0.1,40,40,40,0
S1,leave_environment_E,polynomial,33,0.1,40,40,40,0
S1,leave_environment_E,polynomial,34,0.1,40,40,40,0
S1,leave_environment_E,polynomial,35,0.1,40,40,40,0
S1,leave_environment_E,polynomial,36,0.1,40,40,40,0
S1,leave_environment_E,polynomial,37,0.1,40,40,40,0
S1,leave_environment_E,polynomial,38,0.1,40,40,40,0
S1,leave_environment_E,polynomial,39,0.1,40,40,40,0
S1,leave_environment_E,polynomial,40,0.1,40,40,40,0
S1,leave_environment_E,polynomial,31,0.25,40,0,0,0
S1,leave_environment_E,polynomial,32,0.25,40,0,0,0
S1,leave_environment_E,polynomial,33,0.25,40,0,0,0
S1,leave_environment_E,polynomial,34,0.25,40,0,0,0
S1,leave_environment_E,polynomial,35,0.25,40,0,0,0
S1,leave_environment_E,polynomial,36,0.25,40,0,0,0
S1,leave_environment_E,polynomial,37,0.25,40,0,0,0
S1,leave_environment_E,polynomial,38,0.25,40,0,0,0
S1,leave_environment_E,polynomial,39,0.25,40,0,0,0
S1,leave_environment_E,polynomial,40,0.25,40,0,0,0
S1,leave_environment_E,random_orthogonal,31,1e-06,40,0,40,0
S1,leave_environment_E,random_orthogonal,32,1e-06,40,0,40,0
S1,leave_environment_E,random_orthogonal,33,1e-06,40,0,40,0
S1,leave_environment_E,random_orthogonal,34,1e-06,40,0,40,0
S1,leave_environment_E,random_orthogonal,35,1e-06,40,0,40,0
S1,leave_environment_E,random_orthogonal,36,1e-06,40,0,40,0
S1,leave_environment_E,random_orthogonal,37,1e-06,40,0,40,0
S1,leave_environment_E,random_orthogonal,38,1e-06,40,0,40,0
S1,leave_environment_E,random_orthogonal,39,1e-06,40,0,40,0
S1,leave_environment_E,random_orthogonal,40,1e-06,40,0,40,0
S1,leave_environment_E,random_orthogonal,31,3.162277660168379e-06,40,0,40,0
S1,leave_environment_E,random_orthogonal,32,3.162277660168379e-06,40,0,40,0
S1,leave_environment_E,random_orthogonal,33,3.162277660168379e-06,40,0,40,0
S1,leave_environment_E,random_orthogonal,34,3.162277660168379e-06,40,0,40,0
S1,leave_environment_E,random_orthogonal,35,3.162277660168379e-06,40,0,40,0
S1,leave_environment_E,random_orthogonal,36,3.162277660168379e-06,40,0,40,0
S1,leave_environment_E,random_orthogonal,37,3.162277660168379e-06,40,0,40,0
S1,leave_environment_E,random_orthogonal,38,3.162277660168379e-06,40,0,40,0
S1,leave_environment_E,random_orthogonal,39,3.162277660168379e-06,40,0,40,0
S1,leave_environment_E,random_orthogonal,40,3.162277660168379e-06,40,0,40,0
S1,leave_environment_E,random_orthogonal,31,1e-05,40,0,40,0
S1,leave_environment_E,random_orthogonal,32,1e-05,40,0,40,0
S1,leave_environment_E,random_orthogonal,33,1e-05,40,0,40,0
S1,leave_environment_E,random_orthogonal,34,1e-05,40,0,40,0
S1,leave_environment_E,random_orthogonal,35,1e-05,40,0,40,0
S1,leave_environment_E,random_orthogonal,36,1e-05,40,0,40,0
S1,leave_environment_E,random_orthogonal,37,1e-05,40,0,40,0
S1,leave_environment_E,random_orthogonal,38,1e-05,40,0,40,0
S1,leave_environment_E,random_orthogonal,39,1e-05,40,0,40,0
S1,leave_environment_E,random_orthogonal,40,1e-05,40,0,40,0
S1,leave_environment_E,random_orthogonal,31,3.1622776601683795e-05,40,0,40,0
S1,leave_environment_E,random_orthogonal,32,3.1622776601683795e-05,40,0,40,0
S1,leave_environment_E,random_orthogonal,33,3.1622776601683795e-05,40,0,40,0
S1,leave_environment_E,random_orthogonal,34,3.1622776601683795e-05,40,0,40,0
S1,leave_environment_E,random_orthogonal,35,3.1622776601683795e-05,40,0,40,0
S1,leave_environment_E,random_orthogonal,36,3.1622776601683795e-05,40,0,40,0
S1,leave_environment_E,random_orthogonal,37,3.1622776601683795e-05,40,0,40,0
S1,leave_environment_E,random_orthogonal,38,3.1622776601683795e-05,40,0,40,0
S1,leave_environment_E,random_orthogonal,39,3.1622776601683795e-05,40,0,40,0
S1,leave_environment_E,random_orthogonal,40,3.1622776601683795e-05,40,0,40,0
S1,leave_environment_E,random_orthogonal,31,0.0001,40,0,40,0
S1,leave_environment_E,random_orthogonal,32,0.0001,40,0,40,0
S1,leave_environment_E,random_orthogonal,33,0.0001,40,0,40,0
S1,leave_environment_E,random_orthogonal,34,0.0001,40,0,40,0
S1,leave_environment_E,random_orthogonal,35,0.0001,40,0,40,0
S1,leave_environment_E,random_orthogonal,36,0.0001,40,0,40,0
S1,leave_environment_E,random_orthogonal,37,0.0001,40,0,40,0
S1,leave_environment_E,random_orthogonal,38,0.0001,40,0,40,0
S1,leave_environment_E,random_orthogonal,39,0.0001,40,0,40,0
S1,leave_environment_E,random_orthogonal,40,0.0001,40,0,40,0
S1,leave_environment_E,random_orthogonal,31,0.00031622776601683794,40,0,40,0
S1,leave_environment_E,random_orthogonal,32,0.00031622776601683794,40,0,40,0
S1,leave_environment_E,random_orthogonal,33,0.00031622776601683794,40,0,40,0
S1,leave_environment_E,random_orthogonal,34,0.00031622776601683794,40,0,40,0
S1,leave_environment_E,random_orthogonal,35,0.00031622776601683794,40,0,40,0
S1,leave_environment_E,random_orthogonal,36,0.00031622776601683794,40,0,40,0
S1,leave_environment_E,random_orthogonal,37,0.00031622776601683794,40,0,40,0
S1,leave_environment_E,random_orthogonal,38,0.00031622776601683794,40,0,40,0
S1,leave_environment_E,random_orthogonal,39,0.00031622776601683794,40,0,40,0
S1,leave_environment_E,random_orthogonal,40,0.00031622776601683794,40,0,40,0
S1,leave_environment_E,random_orthogonal,31,0.001,40,0,40,0
S1,leave_environment_E,random_orthogonal,32,0.001,40,0,40,0
S1,leave_environment_E,random_orthogonal,33,0.001,40,0,40,0
S1,leave_environment_E,random_orthogonal,34,0.001,40,0,40,0
S1,leave_environment_E,random_orthogonal,35,0.001,40,0,40,0
S1,leave_environment_E,random_orthogonal,36,0.001,40,0,40,0
S1,leave_environment_E,random_orthogonal,37,0.001,40,0,40,0
S1,leave_environment_E,random_orthogonal,38,0.001,40,0,40,0
S1,leave_environment_E,random_orthogonal,39,0.001,40,0,40,0
S1,leave_environment_E,random_orthogonal,40,0.001,40,0,40,0
S1,leave_environment_E,random_orthogonal,31,0.0031622776601683794,40,0,40,0
S1,leave_environment_E,random_orthogonal,32,0.0031622776601683794,40,0,40,0
S1,leave_environment_E,random_orthogonal,33,0.0031622776601683794,40,0,40,0
S1,leave_environment_E,random_orthogonal,34,0.0031622776601683794,40,0,40,0
S1,leave_environment_E,random_orthogonal,35,0.0031622776601683794,40,0,40,0
S1,leave_environment_E,random_orthogonal,36,0.0031622776601683794,40,0,40,0
S1,leave_environment_E,random_orthogonal,37,0.0031622776601683794,40,0,40,0
S1,leave_environment_E,random_orthogonal,38,0.0031622776601683794,40,0,40,0
S1,leave_environment_E,random_orthogonal,39,0.0031622776601683794,40,0,40,0
S1,leave_environment_E,random_orthogonal,40,0.0031622776601683794,40,0,40,0
S1,leave_environment_E,random_orthogonal,31,0.01,40,18,40,0
S1,leave_environment_E,random_orthogonal,32,0.01,40,0,40,0
S1,leave_environment_E,random_orthogonal,33,0.01,40,0,40,0
S1,leave_environment_E,random_orthogonal,34,0.01,40,0,40,0
S1,leave_environment_E,random_orthogonal,35,0.01,40,0,40,0
S1,leave_environment_E,random_orthogonal,36,0.01,40,0,40,0
S1,leave_environment_E,random_orthogonal,37,0.01,40,0,40,0
S1,leave_environment_E,random_orthogonal,38,0.01,40,0,40,0
S1,leave_environment_E,random_orthogonal,39,0.01,40,1,40,0
S1,leave_environment_E,random_orthogonal,40,0.01,40,0,40,0
S1,leave_environment_E,random_orthogonal,31,0.03162277660168379,40,40,40,0
S1,leave_environment_E,random_orthogonal,32,0.03162277660168379,40,40,40,0
S1,leave_environment_E,random_orthogonal,33,0.03162277660168379,40,40,40,0
S1,leave_environment_E,random_orthogonal,34,0.03162277660168379,40,40,40,0
S1,leave_environment_E,random_orthogonal,35,0.03162277660168379,40,40,40,0
S1,leave_environment_E,random_orthogonal,36,0.03162277660168379,40,40,40,0
S1,leave_environment_E,random_orthogonal,37,0.03162277660168379,40,40,40,0
S1,leave_environment_E,random_orthogonal,38,0.03162277660168379,40,40,40,0
S1,leave_environment_E,random_orthogonal,39,0.03162277660168379,40,40,40,0
S1,leave_environment_E,random_orthogonal,40,0.03162277660168379,40,40,40,0
S1,leave_environment_E,random_orthogonal,31,0.1,40,40,40,0
S1,leave_environment_E,random_orthogonal,32,0.1,40,40,40,0
S1,leave_environment_E,random_orthogonal,33,0.1,40,40,40,0
S1,leave_environment_E,random_orthogonal,34,0.1,40,40,40,0
S1,leave_environment_E,random_orthogonal,35,0.1,40,40,40,0
S1,leave_environment_E,random_orthogonal,36,0.1,40,40,40,0
S1,leave_environment_E,random_orthogonal,37,0.1,40,40,40,0
S1,leave_environment_E,random_orthogonal,38,0.1,40,40,40,0
S1,leave_environment_E,random_orthogonal,39,0.1,40,40,40,0
S1,leave_environment_E,random_orthogonal,40,0.1,40,40,40,0
S1,leave_environment_E,random_orthogonal,31,0.25,40,0,0,0
S1,leave_environment_E,random_orthogonal,32,0.25,40,0,0,0
S1,leave_environment_E,random_orthogonal,33,0.25,40,0,0,0
S1,leave_environment_E,random_orthogonal,34,0.25,40,0,0,0
S1,leave_environment_E,random_orthogonal,35,0.25,40,0,0,0
S1,leave_environment_E,random_orthogonal,36,0.25,40,0,0,0
S1,leave_environment_E,random_orthogonal,37,0.25,40,0,0,0
S1,leave_environment_E,random_orthogonal,38,0.25,40,0,0,0
S1,leave_environment_E,random_orthogonal,39,0.25,40,0,0,0
S1,leave_environment_E,random_orthogonal,40,0.25,40,0,0,0
S1,leave_environment_E,permuted_polynomial,31,1e-06,40,0,40,0
S1,leave_environment_E,permuted_polynomial,32,1e-06,40,0,40,0
S1,leave_environment_E,permuted_polynomial,33,1e-06,40,0,40,0
S1,leave_environment_E,permuted_polynomial,34,1e-06,40,0,40,0
S1,leave_environment_E,permuted_polynomial,35,1e-06,40,0,40,0
S1,leave_environment_E,permuted_polynomial,36,1e-06,40,0,40,0
S1,leave_environment_E,permuted_polynomial,37,1e-06,40,0,40,0
S1,leave_environment_E,permuted_polynomial,38,1e-06,40,0,40,0
S1,leave_environment_E,permuted_polynomial,39,1e-06,40,0,40,0
S1,leave_environment_E,permuted_polynomial,40,1e-06,40,0,40,0
S1,leave_environment_E,permuted_polynomial,31,3.162277660168379e-06,40,0,40,0
S1,leave_environment_E,permuted_polynomial,32,3.162277660168379e-06,40,0,40,0
S1,leave_environment_E,permuted_polynomial,33,3.162277660168379e-06,40,0,40,0
S1,leave_environment_E,permuted_polynomial,34,3.162277660168379e-06,40,0,40,0
S1,leave_environment_E,permuted_polynomial,35,3.162277660168379e-06,40,0,40,0
S1,leave_environment_E,permuted_polynomial,36,3.162277660168379e-06,40,0,40,0
S1,leave_environment_E,permuted_polynomial,37,3.162277660168379e-06,40,0,40,0
S1,leave_environment_E,permuted_polynomial,38,3.162277660168379e-06,40,0,40,0
S1,leave_environment_E,permuted_polynomial,39,3.162277660168379e-06,40,0,40,0
S1,leave_environment_E,permuted_polynomial,40,3.162277660168379e-06,40,0,40,0
S1,leave_environment_E,permuted_polynomial,31,1e-05,40,0,40,0
S1,leave_environment_E,permuted_polynomial,32,1e-05,40,0,40,0
S1,leave_environment_E,permuted_polynomial,33,1e-05,40,0,40,0
S1,leave_environment_E,permuted_polynomial,34,1e-05,40,0,40,0
S1,leave_environment_E,permuted_polynomial,35,1e-05,40,0,40,0
S1,leave_environment_E,permuted_polynomial,36,1e-05,40,0,40,0
S1,leave_environment_E,permuted_polynomial,37,1e-05,40,0,40,0
S1,leave_environment_E,permuted_polynomial,38,1e-05,40,0,40,0
S1,leave_environment_E,permuted_polynomial,39,1e-05,40,0,40,0
S1,leave_environment_E,permuted_polynomial,40,1e-05,40,0,40,0
S1,leave_environment_E,permuted_polynomial,31,3.1622776601683795e-05,40,0,40,0
S1,leave_environment_E,permuted_polynomial,32,3.1622776601683795e-05,40,0,40,0
S1,leave_environment_E,permuted_polynomial,33,3.1622776601683795e-05,40,0,40,0
S1,leave_environment_E,permuted_polynomial,34,3.1622776601683795e-05,40,0,40,0
S1,leave_environment_E,permuted_polynomial,35,3.1622776601683795e-05,40,0,40,0
S1,leave_environment_E,permuted_polynomial,36,3.1622776601683795e-05,40,0,40,0
S1,leave_environment_E,permuted_polynomial,37,3.1622776601683795e-05,40,0,40,0
S1,leave_environment_E,permuted_polynomial,38,3.1622776601683795e-05,40,0,40,0
S1,leave_environment_E,permuted_polynomial,39,3.1622776601683795e-05,40,0,40,0
S1,leave_environment_E,permuted_polynomial,40,3.1622776601683795e-05,40,0,40,0
S1,leave_environment_E,permuted_polynomial,31,0.0001,40,0,40,0
S1,leave_environment_E,permuted_polynomial,32,0.0001,40,0,40,0
S1,leave_environment_E,permuted_polynomial,33,0.0001,40,0,40,0
S1,leave_environment_E,permuted_polynomial,34,0.0001,40,0,40,0
S1,leave_environment_E,permuted_polynomial,35,0.0001,40,0,40,0
S1,leave_environment_E,permuted_polynomial,36,0.0001,40,0,40,0
S1,leave_environment_E,permuted_polynomial,37,0.0001,40,0,40,0
S1,leave_environment_E,permuted_polynomial,38,0.0001,40,0,40,0
S1,leave_environment_E,permuted_polynomial,39,0.0001,40,0,40,0
S1,leave_environment_E,permuted_polynomial,40,0.0001,40,0,40,0
S1,leave_environment_E,permuted_polynomial,31,0.00031622776601683794,40,0,40,0
S1,leave_environment_E,permuted_polynomial,32,0.00031622776601683794,40,0,40,0
S1,leave_environment_E,permuted_polynomial,33,0.00031622776601683794,40,0,40,0
S1,leave_environment_E,permuted_polynomial,34,0.00031622776601683794,40,0,40,0
S1,leave_environment_E,permuted_polynomial,35,0.00031622776601683794,40,0,40,0
S1,leave_environment_E,permuted_polynomial,36,0.00031622776601683794,40,0,40,0
S1,leave_environment_E,permuted_polynomial,37,0.00031622776601683794,40,0,40,0
S1,leave_environment_E,permuted_polynomial,38,0.00031622776601683794,40,0,40,0
S1,leave_environment_E,permuted_polynomial,39,0.00031622776601683794,40,0,40,0
S1,leave_environment_E,permuted_polynomial,40,0.00031622776601683794,40,0,40,0
S1,leave_environment_E,permuted_polynomial,31,0.001,40,6,40,0
S1,leave_environment_E,permuted_polynomial,32,0.001,40,30,40,0
S1,leave_environment_E,permuted_polynomial,33,0.001,40,9,40,0
S1,leave_environment_E,permuted_polynomial,34,0.001,40,0,40,0
S1,leave_environment_E,permuted_polynomial,35,0.001,40,0,40,0
S1,leave_environment_E,permuted_polynomial,36,0.001,40,3,40,0
S1,leave_environment_E,permuted_polynomial,37,0.001,40,4,40,0
S1,leave_environment_E,permuted_polynomial,38,0.001,40,0,40,0
S1,leave_environment_E,permuted_polynomial,39,0.001,40,2,40,0
S1,leave_environment_E,permuted_polynomial,40,0.001,40,7,40,0
S1,leave_environment_E,permuted_polynomial,31,0.0031622776601683794,40,40,40,0
S1,leave_environment_E,permuted_polynomial,32,0.0031622776601683794,40,32,40,0
S1,leave_environment_E,permuted_polynomial,33,0.0031622776601683794,40,24,40,0
S1,leave_environment_E,permuted_polynomial,34,0.0031622776601683794,40,0,40,0
S1,leave_environment_E,permuted_polynomial,35,0.0031622776601683794,40,0,40,0
S1,leave_environment_E,permuted_polynomial,36,0.0031622776601683794,40,8,40,0
S1,leave_environment_E,permuted_polynomial,37,0.0031622776601683794,40,15,40,0
S1,leave_environment_E,permuted_polynomial,38,0.0031622776601683794,40,0,40,0
S1,leave_environment_E,permuted_polynomial,39,0.0031622776601683794,40,3,40,0
S1,leave_environment_E,permuted_polynomial,40,0.0031622776601683794,40,8,40,0
S1,leave_environment_E,permuted_polynomial,31,0.01,40,40,40,0
S1,leave_environment_E,permuted_polynomial,32,0.01,40,40,40,0
S1,leave_environment_E,permuted_polynomial,33,0.01,40,32,40,0
S1,leave_environment_E,permuted_polynomial,34,0.01,40,38,40,0
S1,leave_environment_E,permuted_polynomial,35,0.01,40,40,40,0
S1,leave_environment_E,permuted_polynomial,36,0.01,40,37,40,0
S1,leave_environment_E,permuted_polynomial,37,0.01,40,17,40,0
S1,leave_environment_E,permuted_polynomial,38,0.01,40,20,40,0
S1,leave_environment_E,permuted_polynomial,39,0.01,40,7,40,0
S1,leave_environment_E,permuted_polynomial,40,0.01,40,36,40,0
S1,leave_environment_E,permuted_polynomial,31,0.03162277660168379,40,40,40,0
S1,leave_environment_E,permuted_polynomial,32,0.03162277660168379,40,40,40,0
S1,leave_environment_E,permuted_polynomial,33,0.03162277660168379,40,40,40,0
S1,leave_environment_E,permuted_polynomial,34,0.03162277660168379,40,40,40,0
S1,leave_environment_E,permuted_polynomial,35,0.03162277660168379,40,40,40,0
S1,leave_environment_E,permuted_polynomial,36,0.03162277660168379,40,40,40,0
S1,leave_environment_E,permuted_polynomial,37,0.03162277660168379,40,40,40,0
S1,leave_environment_E,permuted_polynomial,38,0.03162277660168379,40,40,40,0
S1,leave_environment_E,permuted_polynomial,39,0.03162277660168379,40,40,40,0
S1,leave_environment_E,permuted_polynomial,40,0.03162277660168379,40,40,40,0
S1,leave_environment_E,permuted_polynomial,31,0.1,40,40,40,0
S1,leave_environment_E,permuted_polynomial,32,0.1,40,40,40,0
S1,leave_environment_E,permuted_polynomial,33,0.1,40,40,40,0
S1,leave_environment_E,permuted_polynomial,34,0.1,40,40,40,0
S1,leave_environment_E,permuted_polynomial,35,0.1,40,40,40,0
S1,leave_environment_E,permuted_polynomial,36,0.1,40,40,40,0
S1,leave_environment_E,permuted_polynomial,37,0.1,40,40,40,0
S1,leave_environment_E,permuted_polynomial,38,0.1,40,40,40,0
S1,leave_environment_E,permuted_polynomial,39,0.1,40,40,40,0
S1,leave_environment_E,permuted_polynomial,40,0.1,40,40,40,0
S1,leave_environment_E,permuted_polynomial,31,0.25,40,0,0,0
S1,leave_environment_E,permuted_polynomial,32,0.25,40,0,0,0
S1,leave_environment_E,permuted_polynomial,33,0.25,40,0,0,0
S1,leave_environment_E,permuted_polynomial,34,0.25,40,0,0,0
S1,leave_environment_E,permuted_polynomial,35,0.25,40,0,0,0
S1,leave_environment_E,permuted_polynomial,36,0.25,40,0,0,0
S1,leave_environment_E,permuted_polynomial,37,0.25,40,0,0,0
S1,leave_environment_E,permuted_polynomial,38,0.25,40,0,0,0
S1,leave_environment_E,permuted_polynomial,39,0.25,40,0,0,0
S1,leave_environment_E,permuted_polynomial,40,0.25,40,0,0,0
S1,leave_environment_F,coordinate,31,1e-06,40,0,40,0
S1,leave_environment_F,coordinate,32,1e-06,40,0,40,0
S1,leave_environment_F,coordinate,33,1e-06,40,0,40,0
S1,leave_environment_F,coordinate,34,1e-06,40,0,40,0
S1,leave_environment_F,coordinate,35,1e-06,40,0,40,0
S1,leave_environment_F,coordinate,36,1e-06,40,0,40,0
S1,leave_environment_F,coordinate,37,1e-06,40,0,40,0
S1,leave_environment_F,coordinate,38,1e-06,40,0,40,0
S1,leave_environment_F,coordinate,39,1e-06,40,0,40,0
S1,leave_environment_F,coordinate,40,1e-06,40,0,40,0
S1,leave_environment_F,coordinate,31,3.162277660168379e-06,40,0,40,0
S1,leave_environment_F,coordinate,32,3.162277660168379e-06,40,0,40,0
S1,leave_environment_F,coordinate,33,3.162277660168379e-06,40,0,40,0
S1,leave_environment_F,coordinate,34,3.162277660168379e-06,40,0,40,0
S1,leave_environment_F,coordinate,35,3.162277660168379e-06,40,0,40,0
S1,leave_environment_F,coordinate,36,3.162277660168379e-06,40,0,40,0
S1,leave_environment_F,coordinate,37,3.162277660168379e-06,40,0,40,0
S1,leave_environment_F,coordinate,38,3.162277660168379e-06,40,0,40,0
S1,leave_environment_F,coordinate,39,3.162277660168379e-06,40,0,40,0
S1,leave_environment_F,coordinate,40,3.162277660168379e-06,40,0,40,0
S1,leave_environment_F,coordinate,31,1e-05,40,0,40,0
S1,leave_environment_F,coordinate,32,1e-05,40,0,40,0
S1,leave_environment_F,coordinate,33,1e-05,40,0,40,0
S1,leave_environment_F,coordinate,34,1e-05,40,0,40,0
S1,leave_environment_F,coordinate,35,1e-05,40,0,40,0
S1,leave_environment_F,coordinate,36,1e-05,40,0,40,0
S1,leave_environment_F,coordinate,37,1e-05,40,0,40,0
S1,leave_environment_F,coordinate,38,1e-05,40,0,40,0
S1,leave_environment_F,coordinate,39,1e-05,40,0,40,0
S1,leave_environment_F,coordinate,40,1e-05,40,0,40,0
S1,leave_environment_F,coordinate,31,3.1622776601683795e-05,40,0,40,0
S1,leave_environment_F,coordinate,32,3.1622776601683795e-05,40,0,40,0
S1,leave_environment_F,coordinate,33,3.1622776601683795e-05,40,0,40,0
S1,leave_environment_F,coordinate,34,3.1622776601683795e-05,40,0,40,0
S1,leave_environment_F,coordinate,35,3.1622776601683795e-05,40,0,40,0
S1,leave_environment_F,coordinate,36,3.1622776601683795e-05,40,0,40,0
S1,leave_environment_F,coordinate,37,3.1622776601683795e-05,40,0,40,0
S1,leave_environment_F,coordinate,38,3.1622776601683795e-05,40,0,40,0
S1,leave_environment_F,coordinate,39,3.1622776601683795e-05,40,0,40,0
S1,leave_environment_F,coordinate,40,3.1622776601683795e-05,40,0,40,0
S1,leave_environment_F,coordinate,31,0.0001,40,0,40,0
S1,leave_environment_F,coordinate,32,0.0001,40,0,40,0
S1,leave_environment_F,coordinate,33,0.0001,40,0,40,0
S1,leave_environment_F,coordinate,34,0.0001,40,0,40,0
S1,leave_environment_F,coordinate,35,0.0001,40,0,40,0
S1,leave_environment_F,coordinate,36,0.0001,40,0,40,0
S1,leave_environment_F,coordinate,37,0.0001,40,0,40,0
S1,leave_environment_F,coordinate,38,0.0001,40,0,40,0
S1,leave_environment_F,coordinate,39,0.0001,40,0,40,0
S1,leave_environment_F,coordinate,40,0.0001,40,0,40,0
S1,leave_environment_F,coordinate,31,0.00031622776601683794,40,0,40,0
S1,leave_environment_F,coordinate,32,0.00031622776601683794,40,0,40,0
S1,leave_environment_F,coordinate,33,0.00031622776601683794,40,0,40,0
S1,leave_environment_F,coordinate,34,0.00031622776601683794,40,0,40,0
S1,leave_environment_F,coordinate,35,0.00031622776601683794,40,0,40,0
S1,leave_environment_F,coordinate,36,0.00031622776601683794,40,0,40,0
S1,leave_environment_F,coordinate,37,0.00031622776601683794,40,0,40,0
S1,leave_environment_F,coordinate,38,0.00031622776601683794,40,0,40,0
S1,leave_environment_F,coordinate,39,0.00031622776601683794,40,0,40,0
S1,leave_environment_F,coordinate,40,0.00031622776601683794,40,0,40,0
S1,leave_environment_F,coordinate,31,0.001,40,0,40,0
S1,leave_environment_F,coordinate,32,0.001,40,0,40,0
S1,leave_environment_F,coordinate,33,0.001,40,0,40,0
S1,leave_environment_F,coordinate,34,0.001,40,0,40,0
S1,leave_environment_F,coordinate,35,0.001,40,0,40,0
S1,leave_environment_F,coordinate,36,0.001,40,0,40,0
S1,leave_environment_F,coordinate,37,0.001,40,0,40,0
S1,leave_environment_F,coordinate,38,0.001,40,0,40,0
S1,leave_environment_F,coordinate,39,0.001,40,0,40,0
S1,leave_environment_F,coordinate,40,0.001,40,0,40,0
S1,leave_environment_F,coordinate,31,0.0031622776601683794,40,0,40,0
S1,leave_environment_F,coordinate,32,0.0031622776601683794,40,0,40,0
S1,leave_environment_F,coordinate,33,0.0031622776601683794,40,0,40,0
S1,leave_environment_F,coordinate,34,0.0031622776601683794,40,0,40,0
S1,leave_environment_F,coordinate,35,0.0031622776601683794,40,0,40,0
S1,leave_environment_F,coordinate,36,0.0031622776601683794,40,0,40,0
S1,leave_environment_F,coordinate,37,0.0031622776601683794,40,0,40,0
S1,leave_environment_F,coordinate,38,0.0031622776601683794,40,0,40,0
S1,leave_environment_F,coordinate,39,0.0031622776601683794,40,0,40,0
S1,leave_environment_F,coordinate,40,0.0031622776601683794,40,0,40,0
S1,leave_environment_F,coordinate,31,0.01,40,0,40,0
S1,leave_environment_F,coordinate,32,0.01,40,0,40,0
S1,leave_environment_F,coordinate,33,0.01,40,0,40,0
S1,leave_environment_F,coordinate,34,0.01,40,0,40,0
S1,leave_environment_F,coordinate,35,0.01,40,0,40,0
S1,leave_environment_F,coordinate,36,0.01,40,0,40,0
S1,leave_environment_F,coordinate,37,0.01,40,0,40,0
S1,leave_environment_F,coordinate,38,0.01,40,0,40,0
S1,leave_environment_F,coordinate,39,0.01,40,0,40,0
S1,leave_environment_F,coordinate,40,0.01,40,0,40,0
S1,leave_environment_F,coordinate,31,0.03162277660168379,40,0,40,0
S1,leave_environment_F,coordinate,32,0.03162277660168379,40,0,40,0
S1,leave_environment_F,coordinate,33,0.03162277660168379,40,0,40,0
S1,leave_environment_F,coordinate,34,0.03162277660168379,40,0,40,0
S1,leave_environment_F,coordinate,35,0.03162277660168379,40,0,40,0
S1,leave_environment_F,coordinate,36,0.03162277660168379,40,0,40,0
S1,leave_environment_F,coordinate,37,0.03162277660168379,40,0,40,0
S1,leave_environment_F,coordinate,38,0.03162277660168379,40,0,40,0
S1,leave_environment_F,coordinate,39,0.03162277660168379,40,0,40,0
S1,leave_environment_F,coordinate,40,0.03162277660168379,40,0,40,0
S1,leave_environment_F,coordinate,31,0.1,40,0,0,0
S1,leave_environment_F,coordinate,32,0.1,40,0,0,0
S1,leave_environment_F,coordinate,33,0.1,40,0,0,0
S1,leave_environment_F,coordinate,34,0.1,40,0,0,0
S1,leave_environment_F,coordinate,35,0.1,40,0,0,0
S1,leave_environment_F,coordinate,36,0.1,40,0,0,0
S1,leave_environment_F,coordinate,37,0.1,40,0,0,0
S1,leave_environment_F,coordinate,38,0.1,40,0,0,0
S1,leave_environment_F,coordinate,39,0.1,40,0,0,0
S1,leave_environment_F,coordinate,40,0.1,40,0,0,0
S1,leave_environment_F,coordinate,31,0.25,40,0,0,0
S1,leave_environment_F,coordinate,32,0.25,40,0,0,0
S1,leave_environment_F,coordinate,33,0.25,40,0,0,0
S1,leave_environment_F,coordinate,34,0.25,40,0,0,0
S1,leave_environment_F,coordinate,35,0.25,40,0,0,0
S1,leave_environment_F,coordinate,36,0.25,40,0,0,0
S1,leave_environment_F,coordinate,37,0.25,40,0,0,0
S1,leave_environment_F,coordinate,38,0.25,40,0,0,0
S1,leave_environment_F,coordinate,39,0.25,40,0,0,0
S1,leave_environment_F,coordinate,40,0.25,40,0,0,0
S1,leave_environment_F,dct,31,1e-06,40,0,40,0
S1,leave_environment_F,dct,32,1e-06,40,0,40,0
S1,leave_environment_F,dct,33,1e-06,40,0,40,0
S1,leave_environment_F,dct,34,1e-06,40,0,40,0
S1,leave_environment_F,dct,35,1e-06,40,0,40,0
S1,leave_environment_F,dct,36,1e-06,40,0,40,0
S1,leave_environment_F,dct,37,1e-06,40,0,40,0
S1,leave_environment_F,dct,38,1e-06,40,0,40,0
S1,leave_environment_F,dct,39,1e-06,40,0,40,0
S1,leave_environment_F,dct,40,1e-06,40,0,40,0
S1,leave_environment_F,dct,31,3.162277660168379e-06,40,0,40,0
S1,leave_environment_F,dct,32,3.162277660168379e-06,40,0,40,0
S1,leave_environment_F,dct,33,3.162277660168379e-06,40,0,40,0
S1,leave_environment_F,dct,34,3.162277660168379e-06,40,0,40,0
S1,leave_environment_F,dct,35,3.162277660168379e-06,40,0,40,0
S1,leave_environment_F,dct,36,3.162277660168379e-06,40,0,40,0
S1,leave_environment_F,dct,37,3.162277660168379e-06,40,0,40,0
S1,leave_environment_F,dct,38,3.162277660168379e-06,40,0,40,0
S1,leave_environment_F,dct,39,3.162277660168379e-06,40,0,40,0
S1,leave_environment_F,dct,40,3.162277660168379e-06,40,0,40,0
S1,leave_environment_F,dct,31,1e-05,40,0,40,0
S1,leave_environment_F,dct,32,1e-05,40,0,40,0
S1,leave_environment_F,dct,33,1e-05,40,0,40,0
S1,leave_environment_F,dct,34,1e-05,40,0,40,0
S1,leave_environment_F,dct,35,1e-05,40,0,40,0
S1,leave_environment_F,dct,36,1e-05,40,0,40,0
S1,leave_environment_F,dct,37,1e-05,40,0,40,0
S1,leave_environment_F,dct,38,1e-05,40,0,40,0
S1,leave_environment_F,dct,39,1e-05,40,0,40,0
S1,leave_environment_F,dct,40,1e-05,40,0,40,0
S1,leave_environment_F,dct,31,3.1622776601683795e-05,40,0,40,0
S1,leave_environment_F,dct,32,3.1622776601683795e-05,40,0,40,0
S1,leave_environment_F,dct,33,3.1622776601683795e-05,40,0,40,0
S1,leave_environment_F,dct,34,3.1622776601683795e-05,40,0,40,0
S1,leave_environment_F,dct,35,3.1622776601683795e-05,40,0,40,0
S1,leave_environment_F,dct,36,3.1622776601683795e-05,40,0,40,0
S1,leave_environment_F,dct,37,3.1622776601683795e-05,40,0,40,0
S1,leave_environment_F,dct,38,3.1622776601683795e-05,40,0,40,0
S1,leave_environment_F,dct,39,3.1622776601683795e-05,40,0,40,0
S1,leave_environment_F,dct,40,3.1622776601683795e-05,40,0,40,0
S1,leave_environment_F,dct,31,0.0001,40,0,40,0
S1,leave_environment_F,dct,32,0.0001,40,0,40,0
S1,leave_environment_F,dct,33,0.0001,40,0,40,0
S1,leave_environment_F,dct,34,0.0001,40,0,40,0
S1,leave_environment_F,dct,35,0.0001,40,0,40,0
S1,leave_environment_F,dct,36,0.0001,40,0,40,0
S1,leave_environment_F,dct,37,0.0001,40,0,40,0
S1,leave_environment_F,dct,38,0.0001,40,0,40,0
S1,leave_environment_F,dct,39,0.0001,40,0,40,0
S1,leave_environment_F,dct,40,0.0001,40,0,40,0
S1,leave_environment_F,dct,31,0.00031622776601683794,40,0,40,0
S1,leave_environment_F,dct,32,0.00031622776601683794,40,0,40,0
S1,leave_environment_F,dct,33,0.00031622776601683794,40,0,40,0
S1,leave_environment_F,dct,34,0.00031622776601683794,40,0,40,0
S1,leave_environment_F,dct,35,0.00031622776601683794,40,0,40,0
S1,leave_environment_F,dct,36,0.00031622776601683794,40,0,40,0
S1,leave_environment_F,dct,37,0.00031622776601683794,40,0,40,0
S1,leave_environment_F,dct,38,0.00031622776601683794,40,0,40,0
S1,leave_environment_F,dct,39,0.00031622776601683794,40,0,40,0
S1,leave_environment_F,dct,40,0.00031622776601683794,40,0,40,0
S1,leave_environment_F,dct,31,0.001,40,0,40,0
S1,leave_environment_F,dct,32,0.001,40,0,40,0
S1,leave_environment_F,dct,33,0.001,40,0,40,0
S1,leave_environment_F,dct,34,0.001,40,0,40,0
S1,leave_environment_F,dct,35,0.001,40,0,40,0
S1,leave_environment_F,dct,36,0.001,40,0,40,0
S1,leave_environment_F,dct,37,0.001,40,0,40,0
S1,leave_environment_F,dct,38,0.001,40,0,40,0
S1,leave_environment_F,dct,39,0.001,40,0,40,0
S1,leave_environment_F,dct,40,0.001,40,0,40,0
S1,leave_environment_F,dct,31,0.0031622776601683794,40,0,40,0
S1,leave_environment_F,dct,32,0.0031622776601683794,40,0,40,0
S1,leave_environment_F,dct,33,0.0031622776601683794,40,0,40,0
S1,leave_environment_F,dct,34,0.0031622776601683794,40,0,40,0
S1,leave_environment_F,dct,35,0.0031622776601683794,40,0,40,0
S1,leave_environment_F,dct,36,0.0031622776601683794,40,0,40,0
S1,leave_environment_F,dct,37,0.0031622776601683794,40,0,40,0
S1,leave_environment_F,dct,38,0.0031622776601683794,40,0,40,0
S1,leave_environment_F,dct,39,0.0031622776601683794,40,0,40,0
S1,leave_environment_F,dct,40,0.0031622776601683794,40,0,40,0
S1,leave_environment_F,dct,31,0.01,40,40,40,0
S1,leave_environment_F,dct,32,0.01,40,40,40,0
S1,leave_environment_F,dct,33,0.01,40,40,40,0
S1,leave_environment_F,dct,34,0.01,40,40,40,0
S1,leave_environment_F,dct,35,0.01,40,40,40,0
S1,leave_environment_F,dct,36,0.01,40,40,40,0
S1,leave_environment_F,dct,37,0.01,40,40,40,0
S1,leave_environment_F,dct,38,0.01,40,40,40,0
S1,leave_environment_F,dct,39,0.01,40,40,40,0
S1,leave_environment_F,dct,40,0.01,40,40,40,0
S1,leave_environment_F,dct,31,0.03162277660168379,40,40,40,0
S1,leave_environment_F,dct,32,0.03162277660168379,40,40,40,0
S1,leave_environment_F,dct,33,0.03162277660168379,40,40,40,0
S1,leave_environment_F,dct,34,0.03162277660168379,40,40,40,0
S1,leave_environment_F,dct,35,0.03162277660168379,40,40,40,0
S1,leave_environment_F,dct,36,0.03162277660168379,40,40,40,0
S1,leave_environment_F,dct,37,0.03162277660168379,40,40,40,0
S1,leave_environment_F,dct,38,0.03162277660168379,40,40,40,0
S1,leave_environment_F,dct,39,0.03162277660168379,40,40,40,0
S1,leave_environment_F,dct,40,0.03162277660168379,40,40,40,0
S1,leave_environment_F,dct,31,0.1,40,40,40,0
S1,leave_environment_F,dct,32,0.1,40,40,40,0
S1,leave_environment_F,dct,33,0.1,40,40,40,0
S1,leave_environment_F,dct,34,0.1,40,40,40,0
S1,leave_environment_F,dct,35,0.1,40,40,40,0
S1,leave_environment_F,dct,36,0.1,40,40,40,0
S1,leave_environment_F,dct,37,0.1,40,40,40,0
S1,leave_environment_F,dct,38,0.1,40,40,40,0
S1,leave_environment_F,dct,39,0.1,40,40,40,0
S1,leave_environment_F,dct,40,0.1,40,40,40,0
S1,leave_environment_F,dct,31,0.25,40,0,0,0
S1,leave_environment_F,dct,32,0.25,40,0,0,0
S1,leave_environment_F,dct,33,0.25,40,0,0,0
S1,leave_environment_F,dct,34,0.25,40,0,0,0
S1,leave_environment_F,dct,35,0.25,40,0,0,0
S1,leave_environment_F,dct,36,0.25,40,0,0,0
S1,leave_environment_F,dct,37,0.25,40,0,0,0
S1,leave_environment_F,dct,38,0.25,40,0,0,0
S1,leave_environment_F,dct,39,0.25,40,0,0,0
S1,leave_environment_F,dct,40,0.25,40,0,0,0
S1,leave_environment_F,dft,31,1e-06,40,0,40,0
S1,leave_environment_F,dft,32,1e-06,40,0,40,0
S1,leave_environment_F,dft,33,1e-06,40,0,40,0
S1,leave_environment_F,dft,34,1e-06,40,0,40,0
S1,leave_environment_F,dft,35,1e-06,40,0,40,0
S1,leave_environment_F,dft,36,1e-06,40,0,40,0
S1,leave_environment_F,dft,37,1e-06,40,0,40,0
S1,leave_environment_F,dft,38,1e-06,40,0,40,0
S1,leave_environment_F,dft,39,1e-06,40,0,40,0
S1,leave_environment_F,dft,40,1e-06,40,0,40,0
S1,leave_environment_F,dft,31,3.162277660168379e-06,40,0,40,0
S1,leave_environment_F,dft,32,3.162277660168379e-06,40,0,40,0
S1,leave_environment_F,dft,33,3.162277660168379e-06,40,0,40,0
S1,leave_environment_F,dft,34,3.162277660168379e-06,40,0,40,0
S1,leave_environment_F,dft,35,3.162277660168379e-06,40,0,40,0
S1,leave_environment_F,dft,36,3.162277660168379e-06,40,0,40,0
S1,leave_environment_F,dft,37,3.162277660168379e-06,40,0,40,0
S1,leave_environment_F,dft,38,3.162277660168379e-06,40,0,40,0
S1,leave_environment_F,dft,39,3.162277660168379e-06,40,0,40,0
S1,leave_environment_F,dft,40,3.162277660168379e-06,40,0,40,0
S1,leave_environment_F,dft,31,1e-05,40,0,40,0
S1,leave_environment_F,dft,32,1e-05,40,0,40,0
S1,leave_environment_F,dft,33,1e-05,40,0,40,0
S1,leave_environment_F,dft,34,1e-05,40,0,40,0
S1,leave_environment_F,dft,35,1e-05,40,0,40,0
S1,leave_environment_F,dft,36,1e-05,40,0,40,0
S1,leave_environment_F,dft,37,1e-05,40,0,40,0
S1,leave_environment_F,dft,38,1e-05,40,0,40,0
S1,leave_environment_F,dft,39,1e-05,40,0,40,0
S1,leave_environment_F,dft,40,1e-05,40,0,40,0
S1,leave_environment_F,dft,31,3.1622776601683795e-05,40,0,40,0
S1,leave_environment_F,dft,32,3.1622776601683795e-05,40,0,40,0
S1,leave_environment_F,dft,33,3.1622776601683795e-05,40,0,40,0
S1,leave_environment_F,dft,34,3.1622776601683795e-05,40,0,40,0
S1,leave_environment_F,dft,35,3.1622776601683795e-05,40,0,40,0
S1,leave_environment_F,dft,36,3.1622776601683795e-05,40,0,40,0
S1,leave_environment_F,dft,37,3.1622776601683795e-05,40,0,40,0
S1,leave_environment_F,dft,38,3.1622776601683795e-05,40,0,40,0
S1,leave_environment_F,dft,39,3.1622776601683795e-05,40,0,40,0
S1,leave_environment_F,dft,40,3.1622776601683795e-05,40,0,40,0
S1,leave_environment_F,dft,31,0.0001,40,0,40,0
S1,leave_environment_F,dft,32,0.0001,40,0,40,0
S1,leave_environment_F,dft,33,0.0001,40,0,40,0
S1,leave_environment_F,dft,34,0.0001,40,0,40,0
S1,leave_environment_F,dft,35,0.0001,40,0,40,0
S1,leave_environment_F,dft,36,0.0001,40,0,40,0
S1,leave_environment_F,dft,37,0.0001,40,0,40,0
S1,leave_environment_F,dft,38,0.0001,40,0,40,0
S1,leave_environment_F,dft,39,0.0001,40,0,40,0
S1,leave_environment_F,dft,40,0.0001,40,0,40,0
S1,leave_environment_F,dft,31,0.00031622776601683794,40,0,40,0
S1,leave_environment_F,dft,32,0.00031622776601683794,40,0,40,0
S1,leave_environment_F,dft,33,0.00031622776601683794,40,0,40,0
S1,leave_environment_F,dft,34,0.00031622776601683794,40,0,40,0
S1,leave_environment_F,dft,35,0.00031622776601683794,40,0,40,0
S1,leave_environment_F,dft,36,0.00031622776601683794,40,0,40,0
S1,leave_environment_F,dft,37,0.00031622776601683794,40,0,40,0
S1,leave_environment_F,dft,38,0.00031622776601683794,40,0,40,0
S1,leave_environment_F,dft,39,0.00031622776601683794,40,0,40,0
S1,leave_environment_F,dft,40,0.00031622776601683794,40,0,40,0
S1,leave_environment_F,dft,31,0.001,40,9,40,0
S1,leave_environment_F,dft,32,0.001,40,29,40,0
S1,leave_environment_F,dft,33,0.001,40,23,40,0
S1,leave_environment_F,dft,34,0.001,40,0,40,0
S1,leave_environment_F,dft,35,0.001,40,0,40,0
S1,leave_environment_F,dft,36,0.001,40,12,40,0
S1,leave_environment_F,dft,37,0.001,40,17,40,0
S1,leave_environment_F,dft,38,0.001,40,0,40,0
S1,leave_environment_F,dft,39,0.001,40,7,40,0
S1,leave_environment_F,dft,40,0.001,40,6,40,0
S1,leave_environment_F,dft,31,0.0031622776601683794,40,40,40,0
S1,leave_environment_F,dft,32,0.0031622776601683794,40,30,40,0
S1,leave_environment_F,dft,33,0.0031622776601683794,40,24,40,0
S1,leave_environment_F,dft,34,0.0031622776601683794,40,0,40,0
S1,leave_environment_F,dft,35,0.0031622776601683794,40,0,40,0
S1,leave_environment_F,dft,36,0.0031622776601683794,40,12,40,0
S1,leave_environment_F,dft,37,0.0031622776601683794,40,17,40,0
S1,leave_environment_F,dft,38,0.0031622776601683794,40,0,40,0
S1,leave_environment_F,dft,39,0.0031622776601683794,40,8,40,0
S1,leave_environment_F,dft,40,0.0031622776601683794,40,6,40,0
S1,leave_environment_F,dft,31,0.01,40,40,40,0
S1,leave_environment_F,dft,32,0.01,40,39,40,0
S1,leave_environment_F,dft,33,0.01,40,39,40,0
S1,leave_environment_F,dft,34,0.01,40,40,40,0
S1,leave_environment_F,dft,35,0.01,40,40,40,0
S1,leave_environment_F,dft,36,0.01,40,40,40,0
S1,leave_environment_F,dft,37,0.01,40,19,40,0
S1,leave_environment_F,dft,38,0.01,40,10,40,0
S1,leave_environment_F,dft,39,0.01,40,11,40,0
S1,leave_environment_F,dft,40,0.01,40,40,40,0
S1,leave_environment_F,dft,31,0.03162277660168379,40,40,40,0
S1,leave_environment_F,dft,32,0.03162277660168379,40,40,40,0
S1,leave_environment_F,dft,33,0.03162277660168379,40,40,40,0
S1,leave_environment_F,dft,34,0.03162277660168379,40,40,40,0
S1,leave_environment_F,dft,35,0.03162277660168379,40,40,40,0
S1,leave_environment_F,dft,36,0.03162277660168379,40,40,40,0
S1,leave_environment_F,dft,37,0.03162277660168379,40,40,40,0
S1,leave_environment_F,dft,38,0.03162277660168379,40,40,40,0
S1,leave_environment_F,dft,39,0.03162277660168379,40,40,40,0
S1,leave_environment_F,dft,40,0.03162277660168379,40,40,40,0
S1,leave_environment_F,dft,31,0.1,40,40,40,0
S1,leave_environment_F,dft,32,0.1,40,40,40,0
S1,leave_environment_F,dft,33,0.1,40,40,40,0
S1,leave_environment_F,dft,34,0.1,40,40,40,0
S1,leave_environment_F,dft,35,0.1,40,40,40,0
S1,leave_environment_F,dft,36,0.1,40,40,40,0
S1,leave_environment_F,dft,37,0.1,40,40,40,0
S1,leave_environment_F,dft,38,0.1,40,40,40,0
S1,leave_environment_F,dft,39,0.1,40,40,40,0
S1,leave_environment_F,dft,40,0.1,40,40,40,0
S1,leave_environment_F,dft,31,0.25,40,0,0,0
S1,leave_environment_F,dft,32,0.25,40,0,0,0
S1,leave_environment_F,dft,33,0.25,40,0,0,0
S1,leave_environment_F,dft,34,0.25,40,0,0,0
S1,leave_environment_F,dft,35,0.25,40,0,0,0
S1,leave_environment_F,dft,36,0.25,40,0,0,0
S1,leave_environment_F,dft,37,0.25,40,0,0,0
S1,leave_environment_F,dft,38,0.25,40,0,0,0
S1,leave_environment_F,dft,39,0.25,40,0,0,0
S1,leave_environment_F,dft,40,0.25,40,0,0,0
S1,leave_environment_F,polynomial,31,1e-06,40,0,40,0
S1,leave_environment_F,polynomial,32,1e-06,40,0,40,0
S1,leave_environment_F,polynomial,33,1e-06,40,0,40,0
S1,leave_environment_F,polynomial,34,1e-06,40,0,40,0
S1,leave_environment_F,polynomial,35,1e-06,40,0,40,0
S1,leave_environment_F,polynomial,36,1e-06,40,0,40,0
S1,leave_environment_F,polynomial,37,1e-06,40,0,40,0
S1,leave_environment_F,polynomial,38,1e-06,40,0,40,0
S1,leave_environment_F,polynomial,39,1e-06,40,0,40,0
S1,leave_environment_F,polynomial,40,1e-06,40,0,40,0
S1,leave_environment_F,polynomial,31,3.162277660168379e-06,40,0,40,0
S1,leave_environment_F,polynomial,32,3.162277660168379e-06,40,0,40,0
S1,leave_environment_F,polynomial,33,3.162277660168379e-06,40,0,40,0
S1,leave_environment_F,polynomial,34,3.162277660168379e-06,40,0,40,0
S1,leave_environment_F,polynomial,35,3.162277660168379e-06,40,0,40,0
S1,leave_environment_F,polynomial,36,3.162277660168379e-06,40,0,40,0
S1,leave_environment_F,polynomial,37,3.162277660168379e-06,40,0,40,0
S1,leave_environment_F,polynomial,38,3.162277660168379e-06,40,0,40,0
S1,leave_environment_F,polynomial,39,3.162277660168379e-06,40,0,40,0
S1,leave_environment_F,polynomial,40,3.162277660168379e-06,40,0,40,0
S1,leave_environment_F,polynomial,31,1e-05,40,0,40,0
S1,leave_environment_F,polynomial,32,1e-05,40,0,40,0
S1,leave_environment_F,polynomial,33,1e-05,40,0,40,0
S1,leave_environment_F,polynomial,34,1e-05,40,0,40,0
S1,leave_environment_F,polynomial,35,1e-05,40,0,40,0
S1,leave_environment_F,polynomial,36,1e-05,40,0,40,0
S1,leave_environment_F,polynomial,37,1e-05,40,0,40,0
S1,leave_environment_F,polynomial,38,1e-05,40,0,40,0
S1,leave_environment_F,polynomial,39,1e-05,40,0,40,0
S1,leave_environment_F,polynomial,40,1e-05,40,0,40,0
S1,leave_environment_F,polynomial,31,3.1622776601683795e-05,40,5,40,0
S1,leave_environment_F,polynomial,32,3.1622776601683795e-05,40,4,40,0
S1,leave_environment_F,polynomial,33,3.1622776601683795e-05,40,15,40,0
S1,leave_environment_F,polynomial,34,3.1622776601683795e-05,40,15,40,0
S1,leave_environment_F,polynomial,35,3.1622776601683795e-05,40,16,40,0
S1,leave_environment_F,polynomial,36,3.1622776601683795e-05,40,18,40,0
S1,leave_environment_F,polynomial,37,3.1622776601683795e-05,40,2,40,0
S1,leave_environment_F,polynomial,38,3.1622776601683795e-05,40,12,40,0
S1,leave_environment_F,polynomial,39,3.1622776601683795e-05,40,12,40,0
S1,leave_environment_F,polynomial,40,3.1622776601683795e-05,40,14,40,0
S1,leave_environment_F,polynomial,31,0.0001,40,40,40,0
S1,leave_environment_F,polynomial,32,0.0001,40,40,40,0
S1,leave_environment_F,polynomial,33,0.0001,40,40,40,0
S1,leave_environment_F,polynomial,34,0.0001,40,40,40,0
S1,leave_environment_F,polynomial,35,0.0001,40,40,40,0
S1,leave_environment_F,polynomial,36,0.0001,40,40,40,0
S1,leave_environment_F,polynomial,37,0.0001,40,40,40,0
S1,leave_environment_F,polynomial,38,0.0001,40,40,40,0
S1,leave_environment_F,polynomial,39,0.0001,40,40,40,0
S1,leave_environment_F,polynomial,40,0.0001,40,40,40,0
S1,leave_environment_F,polynomial,31,0.00031622776601683794,40,40,40,0
S1,leave_environment_F,polynomial,32,0.00031622776601683794,40,40,40,0
S1,leave_environment_F,polynomial,33,0.00031622776601683794,40,40,40,0
S1,leave_environment_F,polynomial,34,0.00031622776601683794,40,40,40,0
S1,leave_environment_F,polynomial,35,0.00031622776601683794,40,40,40,0
S1,leave_environment_F,polynomial,36,0.00031622776601683794,40,40,40,0
S1,leave_environment_F,polynomial,37,0.00031622776601683794,40,40,40,0
S1,leave_environment_F,polynomial,38,0.00031622776601683794,40,40,40,0
S1,leave_environment_F,polynomial,39,0.00031622776601683794,40,40,40,0
S1,leave_environment_F,polynomial,40,0.00031622776601683794,40,40,40,0
S1,leave_environment_F,polynomial,31,0.001,40,40,40,0
S1,leave_environment_F,polynomial,32,0.001,40,40,40,0
S1,leave_environment_F,polynomial,33,0.001,40,40,40,0
S1,leave_environment_F,polynomial,34,0.001,40,40,40,0
S1,leave_environment_F,polynomial,35,0.001,40,40,40,0
S1,leave_environment_F,polynomial,36,0.001,40,40,40,0
S1,leave_environment_F,polynomial,37,0.001,40,40,40,0
S1,leave_environment_F,polynomial,38,0.001,40,40,40,0
S1,leave_environment_F,polynomial,39,0.001,40,40,40,0
S1,leave_environment_F,polynomial,40,0.001,40,40,40,0
S1,leave_environment_F,polynomial,31,0.0031622776601683794,40,40,40,0
S1,leave_environment_F,polynomial,32,0.0031622776601683794,40,40,40,0
S1,leave_environment_F,polynomial,33,0.0031622776601683794,40,40,40,0
S1,leave_environment_F,polynomial,34,0.0031622776601683794,40,40,40,0
S1,leave_environment_F,polynomial,35,0.0031622776601683794,40,40,40,0
S1,leave_environment_F,polynomial,36,0.0031622776601683794,40,40,40,0
S1,leave_environment_F,polynomial,37,0.0031622776601683794,40,40,40,0
S1,leave_environment_F,polynomial,38,0.0031622776601683794,40,40,40,0
S1,leave_environment_F,polynomial,39,0.0031622776601683794,40,40,40,0
S1,leave_environment_F,polynomial,40,0.0031622776601683794,40,40,40,0
S1,leave_environment_F,polynomial,31,0.01,40,40,40,0
S1,leave_environment_F,polynomial,32,0.01,40,40,40,0
S1,leave_environment_F,polynomial,33,0.01,40,40,40,0
S1,leave_environment_F,polynomial,34,0.01,40,40,40,0
S1,leave_environment_F,polynomial,35,0.01,40,40,40,0
S1,leave_environment_F,polynomial,36,0.01,40,40,40,0
S1,leave_environment_F,polynomial,37,0.01,40,40,40,0
S1,leave_environment_F,polynomial,38,0.01,40,40,40,0
S1,leave_environment_F,polynomial,39,0.01,40,40,40,0
S1,leave_environment_F,polynomial,40,0.01,40,40,40,0
S1,leave_environment_F,polynomial,31,0.03162277660168379,40,40,40,0
S1,leave_environment_F,polynomial,32,0.03162277660168379,40,40,40,0
S1,leave_environment_F,polynomial,33,0.03162277660168379,40,40,40,0
S1,leave_environment_F,polynomial,34,0.03162277660168379,40,40,40,0
S1,leave_environment_F,polynomial,35,0.03162277660168379,40,40,40,0
S1,leave_environment_F,polynomial,36,0.03162277660168379,40,40,40,0
S1,leave_environment_F,polynomial,37,0.03162277660168379,40,40,40,0
S1,leave_environment_F,polynomial,38,0.03162277660168379,40,40,40,0
S1,leave_environment_F,polynomial,39,0.03162277660168379,40,40,40,0
S1,leave_environment_F,polynomial,40,0.03162277660168379,40,40,40,0
S1,leave_environment_F,polynomial,31,0.1,40,40,40,0
S1,leave_environment_F,polynomial,32,0.1,40,40,40,0
S1,leave_environment_F,polynomial,33,0.1,40,40,40,0
S1,leave_environment_F,polynomial,34,0.1,40,40,40,0
S1,leave_environment_F,polynomial,35,0.1,40,40,40,0
S1,leave_environment_F,polynomial,36,0.1,40,40,40,0
S1,leave_environment_F,polynomial,37,0.1,40,40,40,0
S1,leave_environment_F,polynomial,38,0.1,40,40,40,0
S1,leave_environment_F,polynomial,39,0.1,40,40,40,0
S1,leave_environment_F,polynomial,40,0.1,40,40,40,0
S1,leave_environment_F,polynomial,31,0.25,40,0,0,0
S1,leave_environment_F,polynomial,32,0.25,40,0,0,0
S1,leave_environment_F,polynomial,33,0.25,40,0,0,0
S1,leave_environment_F,polynomial,34,0.25,40,0,0,0
S1,leave_environment_F,polynomial,35,0.25,40,0,0,0
S1,leave_environment_F,polynomial,36,0.25,40,0,0,0
S1,leave_environment_F,polynomial,37,0.25,40,0,0,0
S1,leave_environment_F,polynomial,38,0.25,40,0,0,0
S1,leave_environment_F,polynomial,39,0.25,40,0,0,0
S1,leave_environment_F,polynomial,40,0.25,40,0,0,0
S1,leave_environment_F,random_orthogonal,31,1e-06,40,0,40,0
S1,leave_environment_F,random_orthogonal,32,1e-06,40,0,40,0
S1,leave_environment_F,random_orthogonal,33,1e-06,40,0,40,0
S1,leave_environment_F,random_orthogonal,34,1e-06,40,0,40,0
S1,leave_environment_F,random_orthogonal,35,1e-06,40,0,40,0
S1,leave_environment_F,random_orthogonal,36,1e-06,40,0,40,0
S1,leave_environment_F,random_orthogonal,37,1e-06,40,0,40,0
S1,leave_environment_F,random_orthogonal,38,1e-06,40,0,40,0
S1,leave_environment_F,random_orthogonal,39,1e-06,40,0,40,0
S1,leave_environment_F,random_orthogonal,40,1e-06,40,0,40,0
S1,leave_environment_F,random_orthogonal,31,3.162277660168379e-06,40,0,40,0
S1,leave_environment_F,random_orthogonal,32,3.162277660168379e-06,40,0,40,0
S1,leave_environment_F,random_orthogonal,33,3.162277660168379e-06,40,0,40,0
S1,leave_environment_F,random_orthogonal,34,3.162277660168379e-06,40,0,40,0
S1,leave_environment_F,random_orthogonal,35,3.162277660168379e-06,40,0,40,0
S1,leave_environment_F,random_orthogonal,36,3.162277660168379e-06,40,0,40,0
S1,leave_environment_F,random_orthogonal,37,3.162277660168379e-06,40,0,40,0
S1,leave_environment_F,random_orthogonal,38,3.162277660168379e-06,40,0,40,0
S1,leave_environment_F,random_orthogonal,39,3.162277660168379e-06,40,0,40,0
S1,leave_environment_F,random_orthogonal,40,3.162277660168379e-06,40,0,40,0
S1,leave_environment_F,random_orthogonal,31,1e-05,40,0,40,0
S1,leave_environment_F,random_orthogonal,32,1e-05,40,0,40,0
S1,leave_environment_F,random_orthogonal,33,1e-05,40,0,40,0
S1,leave_environment_F,random_orthogonal,34,1e-05,40,0,40,0
S1,leave_environment_F,random_orthogonal,35,1e-05,40,0,40,0
S1,leave_environment_F,random_orthogonal,36,1e-05,40,0,40,0
S1,leave_environment_F,random_orthogonal,37,1e-05,40,0,40,0
S1,leave_environment_F,random_orthogonal,38,1e-05,40,0,40,0
S1,leave_environment_F,random_orthogonal,39,1e-05,40,0,40,0
S1,leave_environment_F,random_orthogonal,40,1e-05,40,0,40,0
S1,leave_environment_F,random_orthogonal,31,3.1622776601683795e-05,40,0,40,0
S1,leave_environment_F,random_orthogonal,32,3.1622776601683795e-05,40,0,40,0
S1,leave_environment_F,random_orthogonal,33,3.1622776601683795e-05,40,0,40,0
S1,leave_environment_F,random_orthogonal,34,3.1622776601683795e-05,40,0,40,0
S1,leave_environment_F,random_orthogonal,35,3.1622776601683795e-05,40,0,40,0
S1,leave_environment_F,random_orthogonal,36,3.1622776601683795e-05,40,0,40,0
S1,leave_environment_F,random_orthogonal,37,3.1622776601683795e-05,40,0,40,0
S1,leave_environment_F,random_orthogonal,38,3.1622776601683795e-05,40,0,40,0
S1,leave_environment_F,random_orthogonal,39,3.1622776601683795e-05,40,0,40,0
S1,leave_environment_F,random_orthogonal,40,3.1622776601683795e-05,40,0,40,0
S1,leave_environment_F,random_orthogonal,31,0.0001,40,0,40,0
S1,leave_environment_F,random_orthogonal,32,0.0001,40,0,40,0
S1,leave_environment_F,random_orthogonal,33,0.0001,40,0,40,0
S1,leave_environment_F,random_orthogonal,34,0.0001,40,0,40,0
S1,leave_environment_F,random_orthogonal,35,0.0001,40,0,40,0
S1,leave_environment_F,random_orthogonal,36,0.0001,40,0,40,0
S1,leave_environment_F,random_orthogonal,37,0.0001,40,0,40,0
S1,leave_environment_F,random_orthogonal,38,0.0001,40,0,40,0
S1,leave_environment_F,random_orthogonal,39,0.0001,40,0,40,0
S1,leave_environment_F,random_orthogonal,40,0.0001,40,0,40,0
S1,leave_environment_F,random_orthogonal,31,0.00031622776601683794,40,0,40,0
S1,leave_environment_F,random_orthogonal,32,0.00031622776601683794,40,0,40,0
S1,leave_environment_F,random_orthogonal,33,0.00031622776601683794,40,0,40,0
S1,leave_environment_F,random_orthogonal,34,0.00031622776601683794,40,0,40,0
S1,leave_environment_F,random_orthogonal,35,0.00031622776601683794,40,0,40,0
S1,leave_environment_F,random_orthogonal,36,0.00031622776601683794,40,0,40,0
S1,leave_environment_F,random_orthogonal,37,0.00031622776601683794,40,0,40,0
S1,leave_environment_F,random_orthogonal,38,0.00031622776601683794,40,0,40,0
S1,leave_environment_F,random_orthogonal,39,0.00031622776601683794,40,0,40,0
S1,leave_environment_F,random_orthogonal,40,0.00031622776601683794,40,0,40,0
S1,leave_environment_F,random_orthogonal,31,0.001,40,0,40,0
S1,leave_environment_F,random_orthogonal,32,0.001,40,0,40,0
S1,leave_environment_F,random_orthogonal,33,0.001,40,0,40,0
S1,leave_environment_F,random_orthogonal,34,0.001,40,0,40,0
S1,leave_environment_F,random_orthogonal,35,0.001,40,0,40,0
S1,leave_environment_F,random_orthogonal,36,0.001,40,0,40,0
S1,leave_environment_F,random_orthogonal,37,0.001,40,0,40,0
S1,leave_environment_F,random_orthogonal,38,0.001,40,0,40,0
S1,leave_environment_F,random_orthogonal,39,0.001,40,0,40,0
S1,leave_environment_F,random_orthogonal,40,0.001,40,0,40,0
S1,leave_environment_F,random_orthogonal,31,0.0031622776601683794,40,0,40,0
S1,leave_environment_F,random_orthogonal,32,0.0031622776601683794,40,0,40,0
S1,leave_environment_F,random_orthogonal,33,0.0031622776601683794,40,0,40,0
S1,leave_environment_F,random_orthogonal,34,0.0031622776601683794,40,0,40,0
S1,leave_environment_F,random_orthogonal,35,0.0031622776601683794,40,0,40,0
S1,leave_environment_F,random_orthogonal,36,0.0031622776601683794,40,0,40,0
S1,leave_environment_F,random_orthogonal,37,0.0031622776601683794,40,0,40,0
S1,leave_environment_F,random_orthogonal,38,0.0031622776601683794,40,0,40,0
S1,leave_environment_F,random_orthogonal,39,0.0031622776601683794,40,0,40,0
S1,leave_environment_F,random_orthogonal,40,0.0031622776601683794,40,0,40,0
S1,leave_environment_F,random_orthogonal,31,0.01,40,6,40,0
S1,leave_environment_F,random_orthogonal,32,0.01,40,0,40,0
S1,leave_environment_F,random_orthogonal,33,0.01,40,0,40,0
S1,leave_environment_F,random_orthogonal,34,0.01,40,0,40,0
S1,leave_environment_F,random_orthogonal,35,0.01,40,1,40,0
S1,leave_environment_F,random_orthogonal,36,0.01,40,0,40,0
S1,leave_environment_F,random_orthogonal,37,0.01,40,0,40,0
S1,leave_environment_F,random_orthogonal,38,0.01,40,0,40,0
S1,leave_environment_F,random_orthogonal,39,0.01,40,0,40,0
S1,leave_environment_F,random_orthogonal,40,0.01,40,1,40,0
S1,leave_environment_F,random_orthogonal,31,0.03162277660168379,40,40,40,0
S1,leave_environment_F,random_orthogonal,32,0.03162277660168379,40,40,40,0
S1,leave_environment_F,random_orthogonal,33,0.03162277660168379,40,40,40,0
S1,leave_environment_F,random_orthogonal,34,0.03162277660168379,40,40,40,0
S1,leave_environment_F,random_orthogonal,35,0.03162277660168379,40,40,40,0
S1,leave_environment_F,random_orthogonal,36,0.03162277660168379,40,40,40,0
S1,leave_environment_F,random_orthogonal,37,0.03162277660168379,40,40,40,0
S1,leave_environment_F,random_orthogonal,38,0.03162277660168379,40,40,40,0
S1,leave_environment_F,random_orthogonal,39,0.03162277660168379,40,40,40,0
S1,leave_environment_F,random_orthogonal,40,0.03162277660168379,40,40,40,0
S1,leave_environment_F,random_orthogonal,31,0.1,40,40,40,0
S1,leave_environment_F,random_orthogonal,32,0.1,40,40,40,0
S1,leave_environment_F,random_orthogonal,33,0.1,40,40,40,0
S1,leave_environment_F,random_orthogonal,34,0.1,40,40,40,0
S1,leave_environment_F,random_orthogonal,35,0.1,40,40,40,0
S1,leave_environment_F,random_orthogonal,36,0.1,40,40,40,0
S1,leave_environment_F,random_orthogonal,37,0.1,40,40,40,0
S1,leave_environment_F,random_orthogonal,38,0.1,40,40,40,0
S1,leave_environment_F,random_orthogonal,39,0.1,40,40,40,0
S1,leave_environment_F,random_orthogonal,40,0.1,40,40,40,0
S1,leave_environment_F,random_orthogonal,31,0.25,40,0,0,0
S1,leave_environment_F,random_orthogonal,32,0.25,40,0,0,0
S1,leave_environment_F,random_orthogonal,33,0.25,40,0,0,0
S1,leave_environment_F,random_orthogonal,34,0.25,40,0,0,0
S1,leave_environment_F,random_orthogonal,35,0.25,40,0,0,0
S1,leave_environment_F,random_orthogonal,36,0.25,40,0,0,0
S1,leave_environment_F,random_orthogonal,37,0.25,40,0,0,0
S1,leave_environment_F,random_orthogonal,38,0.25,40,0,0,0
S1,leave_environment_F,random_orthogonal,39,0.25,40,0,0,0
S1,leave_environment_F,random_orthogonal,40,0.25,40,0,0,0
S1,leave_environment_F,permuted_polynomial,31,1e-06,40,0,40,0
S1,leave_environment_F,permuted_polynomial,32,1e-06,40,0,40,0
S1,leave_environment_F,permuted_polynomial,33,1e-06,40,0,40,0
S1,leave_environment_F,permuted_polynomial,34,1e-06,40,0,40,0
S1,leave_environment_F,permuted_polynomial,35,1e-06,40,0,40,0
S1,leave_environment_F,permuted_polynomial,36,1e-06,40,0,40,0
S1,leave_environment_F,permuted_polynomial,37,1e-06,40,0,40,0
S1,leave_environment_F,permuted_polynomial,38,1e-06,40,0,40,0
S1,leave_environment_F,permuted_polynomial,39,1e-06,40,0,40,0
S1,leave_environment_F,permuted_polynomial,40,1e-06,40,0,40,0
S1,leave_environment_F,permuted_polynomial,31,3.162277660168379e-06,40,0,40,0
S1,leave_environment_F,permuted_polynomial,32,3.162277660168379e-06,40,0,40,0
S1,leave_environment_F,permuted_polynomial,33,3.162277660168379e-06,40,0,40,0
S1,leave_environment_F,permuted_polynomial,34,3.162277660168379e-06,40,0,40,0
S1,leave_environment_F,permuted_polynomial,35,3.162277660168379e-06,40,0,40,0
S1,leave_environment_F,permuted_polynomial,36,3.162277660168379e-06,40,0,40,0
S1,leave_environment_F,permuted_polynomial,37,3.162277660168379e-06,40,0,40,0
S1,leave_environment_F,permuted_polynomial,38,3.162277660168379e-06,40,0,40,0
S1,leave_environment_F,permuted_polynomial,39,3.162277660168379e-06,40,0,40,0
S1,leave_environment_F,permuted_polynomial,40,3.162277660168379e-06,40,0,40,0
S1,leave_environment_F,permuted_polynomial,31,1e-05,40,0,40,0
S1,leave_environment_F,permuted_polynomial,32,1e-05,40,0,40,0
S1,leave_environment_F,permuted_polynomial,33,1e-05,40,0,40,0
S1,leave_environment_F,permuted_polynomial,34,1e-05,40,0,40,0
S1,leave_environment_F,permuted_polynomial,35,1e-05,40,0,40,0
S1,leave_environment_F,permuted_polynomial,36,1e-05,40,0,40,0
S1,leave_environment_F,permuted_polynomial,37,1e-05,40,0,40,0
S1,leave_environment_F,permuted_polynomial,38,1e-05,40,0,40,0
S1,leave_environment_F,permuted_polynomial,39,1e-05,40,0,40,0
S1,leave_environment_F,permuted_polynomial,40,1e-05,40,0,40,0
S1,leave_environment_F,permuted_polynomial,31,3.1622776601683795e-05,40,0,40,0
S1,leave_environment_F,permuted_polynomial,32,3.1622776601683795e-05,40,0,40,0
S1,leave_environment_F,permuted_polynomial,33,3.1622776601683795e-05,40,0,40,0
S1,leave_environment_F,permuted_polynomial,34,3.1622776601683795e-05,40,0,40,0
S1,leave_environment_F,permuted_polynomial,35,3.1622776601683795e-05,40,0,40,0
S1,leave_environment_F,permuted_polynomial,36,3.1622776601683795e-05,40,0,40,0
S1,leave_environment_F,permuted_polynomial,37,3.1622776601683795e-05,40,0,40,0
S1,leave_environment_F,permuted_polynomial,38,3.1622776601683795e-05,40,0,40,0
S1,leave_environment_F,permuted_polynomial,39,3.1622776601683795e-05,40,0,40,0
S1,leave_environment_F,permuted_polynomial,40,3.1622776601683795e-05,40,0,40,0
S1,leave_environment_F,permuted_polynomial,31,0.0001,40,0,40,0
S1,leave_environment_F,permuted_polynomial,32,0.0001,40,0,40,0
S1,leave_environment_F,permuted_polynomial,33,0.0001,40,0,40,0
S1,leave_environment_F,permuted_polynomial,34,0.0001,40,0,40,0
S1,leave_environment_F,permuted_polynomial,35,0.0001,40,0,40,0
S1,leave_environment_F,permuted_polynomial,36,0.0001,40,0,40,0
S1,leave_environment_F,permuted_polynomial,37,0.0001,40,0,40,0
S1,leave_environment_F,permuted_polynomial,38,0.0001,40,0,40,0
S1,leave_environment_F,permuted_polynomial,39,0.0001,40,0,40,0
S1,leave_environment_F,permuted_polynomial,40,0.0001,40,0,40,0
S1,leave_environment_F,permuted_polynomial,31,0.00031622776601683794,40,0,40,0
S1,leave_environment_F,permuted_polynomial,32,0.00031622776601683794,40,0,40,0
S1,leave_environment_F,permuted_polynomial,33,0.00031622776601683794,40,0,40,0
S1,leave_environment_F,permuted_polynomial,34,0.00031622776601683794,40,0,40,0
S1,leave_environment_F,permuted_polynomial,35,0.00031622776601683794,40,0,40,0
S1,leave_environment_F,permuted_polynomial,36,0.00031622776601683794,40,0,40,0
S1,leave_environment_F,permuted_polynomial,37,0.00031622776601683794,40,0,40,0
S1,leave_environment_F,permuted_polynomial,38,0.00031622776601683794,40,0,40,0
S1,leave_environment_F,permuted_polynomial,39,0.00031622776601683794,40,0,40,0
S1,leave_environment_F,permuted_polynomial,40,0.00031622776601683794,40,0,40,0
S1,leave_environment_F,permuted_polynomial,31,0.001,40,11,40,0
S1,leave_environment_F,permuted_polynomial,32,0.001,40,29,40,0
S1,leave_environment_F,permuted_polynomial,33,0.001,40,16,40,0
S1,leave_environment_F,permuted_polynomial,34,0.001,40,0,40,0
S1,leave_environment_F,permuted_polynomial,35,0.001,40,0,40,0
S1,leave_environment_F,permuted_polynomial,36,0.001,40,12,40,0
S1,leave_environment_F,permuted_polynomial,37,0.001,40,16,40,0
S1,leave_environment_F,permuted_polynomial,38,0.001,40,0,40,0
S1,leave_environment_F,permuted_polynomial,39,0.001,40,8,40,0
S1,leave_environment_F,permuted_polynomial,40,0.001,40,6,40,0
S1,leave_environment_F,permuted_polynomial,31,0.0031622776601683794,40,40,40,0
S1,leave_environment_F,permuted_polynomial,32,0.0031622776601683794,40,30,40,0
S1,leave_environment_F,permuted_polynomial,33,0.0031622776601683794,40,24,40,0
S1,leave_environment_F,permuted_polynomial,34,0.0031622776601683794,40,0,40,0
S1,leave_environment_F,permuted_polynomial,35,0.0031622776601683794,40,0,40,0
S1,leave_environment_F,permuted_polynomial,36,0.0031622776601683794,40,12,40,0
S1,leave_environment_F,permuted_polynomial,37,0.0031622776601683794,40,17,40,0
S1,leave_environment_F,permuted_polynomial,38,0.0031622776601683794,40,0,40,0
S1,leave_environment_F,permuted_polynomial,39,0.0031622776601683794,40,8,40,0
S1,leave_environment_F,permuted_polynomial,40,0.0031622776601683794,40,6,40,0
S1,leave_environment_F,permuted_polynomial,31,0.01,40,40,40,0
S1,leave_environment_F,permuted_polynomial,32,0.01,40,39,40,0
S1,leave_environment_F,permuted_polynomial,33,0.01,40,37,40,0
S1,leave_environment_F,permuted_polynomial,34,0.01,40,40,40,0
S1,leave_environment_F,permuted_polynomial,35,0.01,40,40,40,0
S1,leave_environment_F,permuted_polynomial,36,0.01,40,40,40,0
S1,leave_environment_F,permuted_polynomial,37,0.01,40,18,40,0
S1,leave_environment_F,permuted_polynomial,38,0.01,40,3,40,0
S1,leave_environment_F,permuted_polynomial,39,0.01,40,10,40,0
S1,leave_environment_F,permuted_polynomial,40,0.01,40,40,40,0
S1,leave_environment_F,permuted_polynomial,31,0.03162277660168379,40,40,40,0
S1,leave_environment_F,permuted_polynomial,32,0.03162277660168379,40,40,40,0
S1,leave_environment_F,permuted_polynomial,33,0.03162277660168379,40,40,40,0
S1,leave_environment_F,permuted_polynomial,34,0.03162277660168379,40,40,40,0
S1,leave_environment_F,permuted_polynomial,35,0.03162277660168379,40,40,40,0
S1,leave_environment_F,permuted_polynomial,36,0.03162277660168379,40,40,40,0
S1,leave_environment_F,permuted_polynomial,37,0.03162277660168379,40,40,40,0
S1,leave_environment_F,permuted_polynomial,38,0.03162277660168379,40,40,40,0
S1,leave_environment_F,permuted_polynomial,39,0.03162277660168379,40,40,40,0
S1,leave_environment_F,permuted_polynomial,40,0.03162277660168379,40,40,40,0
S1,leave_environment_F,permuted_polynomial,31,0.1,40,40,40,0
S1,leave_environment_F,permuted_polynomial,32,0.1,40,40,40,0
S1,leave_environment_F,permuted_polynomial,33,0.1,40,40,40,0
S1,leave_environment_F,permuted_polynomial,34,0.1,40,40,40,0
S1,leave_environment_F,permuted_polynomial,35,0.1,40,40,40,0
S1,leave_environment_F,permuted_polynomial,36,0.1,40,40,40,0
S1,leave_environment_F,permuted_polynomial,37,0.1,40,40,40,0
S1,leave_environment_F,permuted_polynomial,38,0.1,40,40,40,0
S1,leave_environment_F,permuted_polynomial,39,0.1,40,40,40,0
S1,leave_environment_F,permuted_polynomial,40,0.1,40,40,40,0
S1,leave_environment_F,permuted_polynomial,31,0.25,40,0,0,0
S1,leave_environment_F,permuted_polynomial,32,0.25,40,0,0,0
S1,leave_environment_F,permuted_polynomial,33,0.25,40,0,0,0
S1,leave_environment_F,permuted_polynomial,34,0.25,40,0,0,0
S1,leave_environment_F,permuted_polynomial,35,0.25,40,0,0,0
S1,leave_environment_F,permuted_polynomial,36,0.25,40,0,0,0
S1,leave_environment_F,permuted_polynomial,37,0.25,40,0,0,0
S1,leave_environment_F,permuted_polynomial,38,0.25,40,0,0,0
S1,leave_environment_F,permuted_polynomial,39,0.25,40,0,0,0
S1,leave_environment_F,permuted_polynomial,40,0.25,40,0,0,0
S1,leave_environment_F_antenna,coordinate,31,1e-06,40,0,40,0
S1,leave_environment_F_antenna,coordinate,32,1e-06,40,0,40,0
S1,leave_environment_F_antenna,coordinate,33,1e-06,40,0,40,0
S1,leave_environment_F_antenna,coordinate,34,1e-06,40,0,40,0
S1,leave_environment_F_antenna,coordinate,35,1e-06,40,0,40,0
S1,leave_environment_F_antenna,coordinate,36,1e-06,40,0,40,0
S1,leave_environment_F_antenna,coordinate,37,1e-06,40,0,40,0
S1,leave_environment_F_antenna,coordinate,38,1e-06,40,0,40,0
S1,leave_environment_F_antenna,coordinate,39,1e-06,40,0,40,0
S1,leave_environment_F_antenna,coordinate,40,1e-06,40,0,40,0
S1,leave_environment_F_antenna,coordinate,31,3.162277660168379e-06,40,0,40,0
S1,leave_environment_F_antenna,coordinate,32,3.162277660168379e-06,40,0,40,0
S1,leave_environment_F_antenna,coordinate,33,3.162277660168379e-06,40,0,40,0
S1,leave_environment_F_antenna,coordinate,34,3.162277660168379e-06,40,0,40,0
S1,leave_environment_F_antenna,coordinate,35,3.162277660168379e-06,40,0,40,0
S1,leave_environment_F_antenna,coordinate,36,3.162277660168379e-06,40,0,40,0
S1,leave_environment_F_antenna,coordinate,37,3.162277660168379e-06,40,0,40,0
S1,leave_environment_F_antenna,coordinate,38,3.162277660168379e-06,40,0,40,0
S1,leave_environment_F_antenna,coordinate,39,3.162277660168379e-06,40,0,40,0
S1,leave_environment_F_antenna,coordinate,40,3.162277660168379e-06,40,0,40,0
S1,leave_environment_F_antenna,coordinate,31,1e-05,40,0,40,0
S1,leave_environment_F_antenna,coordinate,32,1e-05,40,0,40,0
S1,leave_environment_F_antenna,coordinate,33,1e-05,40,0,40,0
S1,leave_environment_F_antenna,coordinate,34,1e-05,40,0,40,0
S1,leave_environment_F_antenna,coordinate,35,1e-05,40,0,40,0
S1,leave_environment_F_antenna,coordinate,36,1e-05,40,0,40,0
S1,leave_environment_F_antenna,coordinate,37,1e-05,40,0,40,0
S1,leave_environment_F_antenna,coordinate,38,1e-05,40,0,40,0
S1,leave_environment_F_antenna,coordinate,39,1e-05,40,0,40,0
S1,leave_environment_F_antenna,coordinate,40,1e-05,40,0,40,0
S1,leave_environment_F_antenna,coordinate,31,3.1622776601683795e-05,40,0,40,0
S1,leave_environment_F_antenna,coordinate,32,3.1622776601683795e-05,40,0,40,0
S1,leave_environment_F_antenna,coordinate,33,3.1622776601683795e-05,40,0,40,0
S1,leave_environment_F_antenna,coordinate,34,3.1622776601683795e-05,40,0,40,0
S1,leave_environment_F_antenna,coordinate,35,3.1622776601683795e-05,40,0,40,0
S1,leave_environment_F_antenna,coordinate,36,3.1622776601683795e-05,40,0,40,0
S1,leave_environment_F_antenna,coordinate,37,3.1622776601683795e-05,40,0,40,0
S1,leave_environment_F_antenna,coordinate,38,3.1622776601683795e-05,40,0,40,0
S1,leave_environment_F_antenna,coordinate,39,3.1622776601683795e-05,40,0,40,0
S1,leave_environment_F_antenna,coordinate,40,3.1622776601683795e-05,40,0,40,0
S1,leave_environment_F_antenna,coordinate,31,0.0001,40,0,40,0
S1,leave_environment_F_antenna,coordinate,32,0.0001,40,0,40,0
S1,leave_environment_F_antenna,coordinate,33,0.0001,40,0,40,0
S1,leave_environment_F_antenna,coordinate,34,0.0001,40,0,40,0
S1,leave_environment_F_antenna,coordinate,35,0.0001,40,0,40,0
S1,leave_environment_F_antenna,coordinate,36,0.0001,40,0,40,0
S1,leave_environment_F_antenna,coordinate,37,0.0001,40,0,40,0
S1,leave_environment_F_antenna,coordinate,38,0.0001,40,0,40,0
S1,leave_environment_F_antenna,coordinate,39,0.0001,40,0,40,0
S1,leave_environment_F_antenna,coordinate,40,0.0001,40,0,40,0
S1,leave_environment_F_antenna,coordinate,31,0.00031622776601683794,40,0,40,0
S1,leave_environment_F_antenna,coordinate,32,0.00031622776601683794,40,0,40,0
S1,leave_environment_F_antenna,coordinate,33,0.00031622776601683794,40,0,40,0
S1,leave_environment_F_antenna,coordinate,34,0.00031622776601683794,40,0,40,0
S1,leave_environment_F_antenna,coordinate,35,0.00031622776601683794,40,0,40,0
S1,leave_environment_F_antenna,coordinate,36,0.00031622776601683794,40,0,40,0
S1,leave_environment_F_antenna,coordinate,37,0.00031622776601683794,40,0,40,0
S1,leave_environment_F_antenna,coordinate,38,0.00031622776601683794,40,0,40,0
S1,leave_environment_F_antenna,coordinate,39,0.00031622776601683794,40,0,40,0
S1,leave_environment_F_antenna,coordinate,40,0.00031622776601683794,40,0,40,0
S1,leave_environment_F_antenna,coordinate,31,0.001,40,0,40,0
S1,leave_environment_F_antenna,coordinate,32,0.001,40,0,40,0
S1,leave_environment_F_antenna,coordinate,33,0.001,40,0,40,0
S1,leave_environment_F_antenna,coordinate,34,0.001,40,0,40,0
S1,leave_environment_F_antenna,coordinate,35,0.001,40,0,40,0
S1,leave_environment_F_antenna,coordinate,36,0.001,40,0,40,0
S1,leave_environment_F_antenna,coordinate,37,0.001,40,0,40,0
S1,leave_environment_F_antenna,coordinate,38,0.001,40,0,40,0
S1,leave_environment_F_antenna,coordinate,39,0.001,40,0,40,0
S1,leave_environment_F_antenna,coordinate,40,0.001,40,0,40,0
S1,leave_environment_F_antenna,coordinate,31,0.0031622776601683794,40,0,40,0
S1,leave_environment_F_antenna,coordinate,32,0.0031622776601683794,40,0,40,0
S1,leave_environment_F_antenna,coordinate,33,0.0031622776601683794,40,0,40,0
S1,leave_environment_F_antenna,coordinate,34,0.0031622776601683794,40,0,40,0
S1,leave_environment_F_antenna,coordinate,35,0.0031622776601683794,40,0,40,0
S1,leave_environment_F_antenna,coordinate,36,0.0031622776601683794,40,0,40,0
S1,leave_environment_F_antenna,coordinate,37,0.0031622776601683794,40,0,40,0
S1,leave_environment_F_antenna,coordinate,38,0.0031622776601683794,40,0,40,0
S1,leave_environment_F_antenna,coordinate,39,0.0031622776601683794,40,0,40,0
S1,leave_environment_F_antenna,coordinate,40,0.0031622776601683794,40,0,40,0
S1,leave_environment_F_antenna,coordinate,31,0.01,40,0,40,0
S1,leave_environment_F_antenna,coordinate,32,0.01,40,0,40,0
S1,leave_environment_F_antenna,coordinate,33,0.01,40,0,40,0
S1,leave_environment_F_antenna,coordinate,34,0.01,40,0,40,0
S1,leave_environment_F_antenna,coordinate,35,0.01,40,0,40,0
S1,leave_environment_F_antenna,coordinate,36,0.01,40,0,40,0
S1,leave_environment_F_antenna,coordinate,37,0.01,40,0,40,0
S1,leave_environment_F_antenna,coordinate,38,0.01,40,0,40,0
S1,leave_environment_F_antenna,coordinate,39,0.01,40,0,40,0
S1,leave_environment_F_antenna,coordinate,40,0.01,40,0,40,0
S1,leave_environment_F_antenna,coordinate,31,0.03162277660168379,40,0,40,0
S1,leave_environment_F_antenna,coordinate,32,0.03162277660168379,40,0,40,0
S1,leave_environment_F_antenna,coordinate,33,0.03162277660168379,40,0,40,0
S1,leave_environment_F_antenna,coordinate,34,0.03162277660168379,40,0,40,0
S1,leave_environment_F_antenna,coordinate,35,0.03162277660168379,40,0,40,0
S1,leave_environment_F_antenna,coordinate,36,0.03162277660168379,40,0,40,0
S1,leave_environment_F_antenna,coordinate,37,0.03162277660168379,40,0,40,0
S1,leave_environment_F_antenna,coordinate,38,0.03162277660168379,40,0,40,0
S1,leave_environment_F_antenna,coordinate,39,0.03162277660168379,40,0,40,0
S1,leave_environment_F_antenna,coordinate,40,0.03162277660168379,40,0,40,0
S1,leave_environment_F_antenna,coordinate,31,0.1,40,0,0,0
S1,leave_environment_F_antenna,coordinate,32,0.1,40,0,0,0
S1,leave_environment_F_antenna,coordinate,33,0.1,40,0,0,0
S1,leave_environment_F_antenna,coordinate,34,0.1,40,0,0,0
S1,leave_environment_F_antenna,coordinate,35,0.1,40,0,0,0
S1,leave_environment_F_antenna,coordinate,36,0.1,40,0,0,0
S1,leave_environment_F_antenna,coordinate,37,0.1,40,0,0,0
S1,leave_environment_F_antenna,coordinate,38,0.1,40,0,0,0
S1,leave_environment_F_antenna,coordinate,39,0.1,40,0,0,0
S1,leave_environment_F_antenna,coordinate,40,0.1,40,0,0,0
S1,leave_environment_F_antenna,coordinate,31,0.25,40,0,0,0
S1,leave_environment_F_antenna,coordinate,32,0.25,40,0,0,0
S1,leave_environment_F_antenna,coordinate,33,0.25,40,0,0,0
S1,leave_environment_F_antenna,coordinate,34,0.25,40,0,0,0
S1,leave_environment_F_antenna,coordinate,35,0.25,40,0,0,0
S1,leave_environment_F_antenna,coordinate,36,0.25,40,0,0,0
S1,leave_environment_F_antenna,coordinate,37,0.25,40,0,0,0
S1,leave_environment_F_antenna,coordinate,38,0.25,40,0,0,0
S1,leave_environment_F_antenna,coordinate,39,0.25,40,0,0,0
S1,leave_environment_F_antenna,coordinate,40,0.25,40,0,0,0
S1,leave_environment_F_antenna,dct,31,1e-06,40,0,40,0
S1,leave_environment_F_antenna,dct,32,1e-06,40,0,40,0
S1,leave_environment_F_antenna,dct,33,1e-06,40,0,40,0
S1,leave_environment_F_antenna,dct,34,1e-06,40,0,40,0
S1,leave_environment_F_antenna,dct,35,1e-06,40,0,40,0
S1,leave_environment_F_antenna,dct,36,1e-06,40,0,40,0
S1,leave_environment_F_antenna,dct,37,1e-06,40,0,40,0
S1,leave_environment_F_antenna,dct,38,1e-06,40,0,40,0
S1,leave_environment_F_antenna,dct,39,1e-06,40,0,40,0
S1,leave_environment_F_antenna,dct,40,1e-06,40,0,40,0
S1,leave_environment_F_antenna,dct,31,3.162277660168379e-06,40,0,40,0
S1,leave_environment_F_antenna,dct,32,3.162277660168379e-06,40,0,40,0
S1,leave_environment_F_antenna,dct,33,3.162277660168379e-06,40,0,40,0
S1,leave_environment_F_antenna,dct,34,3.162277660168379e-06,40,0,40,0
S1,leave_environment_F_antenna,dct,35,3.162277660168379e-06,40,0,40,0
S1,leave_environment_F_antenna,dct,36,3.162277660168379e-06,40,0,40,0
S1,leave_environment_F_antenna,dct,37,3.162277660168379e-06,40,0,40,0
S1,leave_environment_F_antenna,dct,38,3.162277660168379e-06,40,0,40,0
S1,leave_environment_F_antenna,dct,39,3.162277660168379e-06,40,0,40,0
S1,leave_environment_F_antenna,dct,40,3.162277660168379e-06,40,0,40,0
S1,leave_environment_F_antenna,dct,31,1e-05,40,0,40,0
S1,leave_environment_F_antenna,dct,32,1e-05,40,0,40,0
S1,leave_environment_F_antenna,dct,33,1e-05,40,0,40,0
S1,leave_environment_F_antenna,dct,34,1e-05,40,0,40,0
S1,leave_environment_F_antenna,dct,35,1e-05,40,0,40,0
S1,leave_environment_F_antenna,dct,36,1e-05,40,0,40,0
S1,leave_environment_F_antenna,dct,37,1e-05,40,0,40,0
S1,leave_environment_F_antenna,dct,38,1e-05,40,0,40,0
S1,leave_environment_F_antenna,dct,39,1e-05,40,0,40,0
S1,leave_environment_F_antenna,dct,40,1e-05,40,0,40,0
S1,leave_environment_F_antenna,dct,31,3.1622776601683795e-05,40,0,40,0
S1,leave_environment_F_antenna,dct,32,3.1622776601683795e-05,40,0,40,0
S1,leave_environment_F_antenna,dct,33,3.1622776601683795e-05,40,0,40,0
S1,leave_environment_F_antenna,dct,34,3.1622776601683795e-05,40,0,40,0
S1,leave_environment_F_antenna,dct,35,3.1622776601683795e-05,40,0,40,0
S1,leave_environment_F_antenna,dct,36,3.1622776601683795e-05,40,0,40,0
S1,leave_environment_F_antenna,dct,37,3.1622776601683795e-05,40,0,40,0
S1,leave_environment_F_antenna,dct,38,3.1622776601683795e-05,40,0,40,0
S1,leave_environment_F_antenna,dct,39,3.1622776601683795e-05,40,0,40,0
S1,leave_environment_F_antenna,dct,40,3.1622776601683795e-05,40,0,40,0
S1,leave_environment_F_antenna,dct,31,0.0001,40,0,40,0
S1,leave_environment_F_antenna,dct,32,0.0001,40,0,40,0
S1,leave_environment_F_antenna,dct,33,0.0001,40,0,40,0
S1,leave_environment_F_antenna,dct,34,0.0001,40,0,40,0
S1,leave_environment_F_antenna,dct,35,0.0001,40,0,40,0
S1,leave_environment_F_antenna,dct,36,0.0001,40,0,40,0
S1,leave_environment_F_antenna,dct,37,0.0001,40,0,40,0
S1,leave_environment_F_antenna,dct,38,0.0001,40,0,40,0
S1,leave_environment_F_antenna,dct,39,0.0001,40,0,40,0
S1,leave_environment_F_antenna,dct,40,0.0001,40,0,40,0
S1,leave_environment_F_antenna,dct,31,0.00031622776601683794,40,0,40,0
S1,leave_environment_F_antenna,dct,32,0.00031622776601683794,40,0,40,0
S1,leave_environment_F_antenna,dct,33,0.00031622776601683794,40,0,40,0
S1,leave_environment_F_antenna,dct,34,0.00031622776601683794,40,0,40,0
S1,leave_environment_F_antenna,dct,35,0.00031622776601683794,40,0,40,0
S1,leave_environment_F_antenna,dct,36,0.00031622776601683794,40,0,40,0
S1,leave_environment_F_antenna,dct,37,0.00031622776601683794,40,0,40,0
S1,leave_environment_F_antenna,dct,38,0.00031622776601683794,40,0,40,0
S1,leave_environment_F_antenna,dct,39,0.00031622776601683794,40,0,40,0
S1,leave_environment_F_antenna,dct,40,0.00031622776601683794,40,0,40,0
S1,leave_environment_F_antenna,dct,31,0.001,40,0,40,0
S1,leave_environment_F_antenna,dct,32,0.001,40,0,40,0
S1,leave_environment_F_antenna,dct,33,0.001,40,0,40,0
S1,leave_environment_F_antenna,dct,34,0.001,40,0,40,0
S1,leave_environment_F_antenna,dct,35,0.001,40,0,40,0
S1,leave_environment_F_antenna,dct,36,0.001,40,0,40,0
S1,leave_environment_F_antenna,dct,37,0.001,40,0,40,0
S1,leave_environment_F_antenna,dct,38,0.001,40,0,40,0
S1,leave_environment_F_antenna,dct,39,0.001,40,0,40,0
S1,leave_environment_F_antenna,dct,40,0.001,40,0,40,0
S1,leave_environment_F_antenna,dct,31,0.0031622776601683794,40,0,40,0
S1,leave_environment_F_antenna,dct,32,0.0031622776601683794,40,0,40,0
S1,leave_environment_F_antenna,dct,33,0.0031622776601683794,40,0,40,0
S1,leave_environment_F_antenna,dct,34,0.0031622776601683794,40,0,40,0
S1,leave_environment_F_antenna,dct,35,0.0031622776601683794,40,0,40,0
S1,leave_environment_F_antenna,dct,36,0.0031622776601683794,40,0,40,0
S1,leave_environment_F_antenna,dct,37,0.0031622776601683794,40,0,40,0
S1,leave_environment_F_antenna,dct,38,0.0031622776601683794,40,0,40,0
S1,leave_environment_F_antenna,dct,39,0.0031622776601683794,40,0,40,0
S1,leave_environment_F_antenna,dct,40,0.0031622776601683794,40,0,40,0
S1,leave_environment_F_antenna,dct,31,0.01,40,40,40,0
S1,leave_environment_F_antenna,dct,32,0.01,40,40,40,0
S1,leave_environment_F_antenna,dct,33,0.01,40,40,40,0
S1,leave_environment_F_antenna,dct,34,0.01,40,40,40,0
S1,leave_environment_F_antenna,dct,35,0.01,40,40,40,0
S1,leave_environment_F_antenna,dct,36,0.01,40,40,40,0
S1,leave_environment_F_antenna,dct,37,0.01,40,40,40,0
S1,leave_environment_F_antenna,dct,38,0.01,40,40,40,0
S1,leave_environment_F_antenna,dct,39,0.01,40,40,40,0
S1,leave_environment_F_antenna,dct,40,0.01,40,40,40,0
S1,leave_environment_F_antenna,dct,31,0.03162277660168379,40,40,40,0
S1,leave_environment_F_antenna,dct,32,0.03162277660168379,40,40,40,0
S1,leave_environment_F_antenna,dct,33,0.03162277660168379,40,40,40,0
S1,leave_environment_F_antenna,dct,34,0.03162277660168379,40,40,40,0
S1,leave_environment_F_antenna,dct,35,0.03162277660168379,40,40,40,0
S1,leave_environment_F_antenna,dct,36,0.03162277660168379,40,40,40,0
S1,leave_environment_F_antenna,dct,37,0.03162277660168379,40,40,40,0
S1,leave_environment_F_antenna,dct,38,0.03162277660168379,40,40,40,0
S1,leave_environment_F_antenna,dct,39,0.03162277660168379,40,40,40,0
S1,leave_environment_F_antenna,dct,40,0.03162277660168379,40,40,40,0
S1,leave_environment_F_antenna,dct,31,0.1,40,40,40,0
S1,leave_environment_F_antenna,dct,32,0.1,40,40,40,0
S1,leave_environment_F_antenna,dct,33,0.1,40,40,40,0
S1,leave_environment_F_antenna,dct,34,0.1,40,40,40,0
S1,leave_environment_F_antenna,dct,35,0.1,40,40,40,0
S1,leave_environment_F_antenna,dct,36,0.1,40,40,40,0
S1,leave_environment_F_antenna,dct,37,0.1,40,40,40,0
S1,leave_environment_F_antenna,dct,38,0.1,40,40,40,0
S1,leave_environment_F_antenna,dct,39,0.1,40,40,40,0
S1,leave_environment_F_antenna,dct,40,0.1,40,40,40,0
S1,leave_environment_F_antenna,dct,31,0.25,40,0,0,0
S1,leave_environment_F_antenna,dct,32,0.25,40,0,0,0
S1,leave_environment_F_antenna,dct,33,0.25,40,0,0,0
S1,leave_environment_F_antenna,dct,34,0.25,40,0,0,0
S1,leave_environment_F_antenna,dct,35,0.25,40,0,0,0
S1,leave_environment_F_antenna,dct,36,0.25,40,0,0,0
S1,leave_environment_F_antenna,dct,37,0.25,40,0,0,0
S1,leave_environment_F_antenna,dct,38,0.25,40,0,0,0
S1,leave_environment_F_antenna,dct,39,0.25,40,0,0,0
S1,leave_environment_F_antenna,dct,40,0.25,40,0,0,0
S1,leave_environment_F_antenna,dft,31,1e-06,40,0,40,0
S1,leave_environment_F_antenna,dft,32,1e-06,40,0,40,0
S1,leave_environment_F_antenna,dft,33,1e-06,40,0,40,0
S1,leave_environment_F_antenna,dft,34,1e-06,40,0,40,0
S1,leave_environment_F_antenna,dft,35,1e-06,40,0,40,0
S1,leave_environment_F_antenna,dft,36,1e-06,40,0,40,0
S1,leave_environment_F_antenna,dft,37,1e-06,40,0,40,0
S1,leave_environment_F_antenna,dft,38,1e-06,40,0,40,0
S1,leave_environment_F_antenna,dft,39,1e-06,40,0,40,0
S1,leave_environment_F_antenna,dft,40,1e-06,40,0,40,0
S1,leave_environment_F_antenna,dft,31,3.162277660168379e-06,40,0,40,0
S1,leave_environment_F_antenna,dft,32,3.162277660168379e-06,40,0,40,0
S1,leave_environment_F_antenna,dft,33,3.162277660168379e-06,40,0,40,0
S1,leave_environment_F_antenna,dft,34,3.162277660168379e-06,40,0,40,0
S1,leave_environment_F_antenna,dft,35,3.162277660168379e-06,40,0,40,0
S1,leave_environment_F_antenna,dft,36,3.162277660168379e-06,40,0,40,0
S1,leave_environment_F_antenna,dft,37,3.162277660168379e-06,40,0,40,0
S1,leave_environment_F_antenna,dft,38,3.162277660168379e-06,40,0,40,0
S1,leave_environment_F_antenna,dft,39,3.162277660168379e-06,40,0,40,0
S1,leave_environment_F_antenna,dft,40,3.162277660168379e-06,40,0,40,0
S1,leave_environment_F_antenna,dft,31,1e-05,40,0,40,0
S1,leave_environment_F_antenna,dft,32,1e-05,40,0,40,0
S1,leave_environment_F_antenna,dft,33,1e-05,40,0,40,0
S1,leave_environment_F_antenna,dft,34,1e-05,40,0,40,0
S1,leave_environment_F_antenna,dft,35,1e-05,40,0,40,0
S1,leave_environment_F_antenna,dft,36,1e-05,40,0,40,0
S1,leave_environment_F_antenna,dft,37,1e-05,40,0,40,0
S1,leave_environment_F_antenna,dft,38,1e-05,40,0,40,0
S1,leave_environment_F_antenna,dft,39,1e-05,40,0,40,0
S1,leave_environment_F_antenna,dft,40,1e-05,40,0,40,0
S1,leave_environment_F_antenna,dft,31,3.1622776601683795e-05,40,0,40,0
S1,leave_environment_F_antenna,dft,32,3.1622776601683795e-05,40,0,40,0
S1,leave_environment_F_antenna,dft,33,3.1622776601683795e-05,40,0,40,0
S1,leave_environment_F_antenna,dft,34,3.1622776601683795e-05,40,0,40,0
S1,leave_environment_F_antenna,dft,35,3.1622776601683795e-05,40,0,40,0
S1,leave_environment_F_antenna,dft,36,3.1622776601683795e-05,40,0,40,0
S1,leave_environment_F_antenna,dft,37,3.1622776601683795e-05,40,0,40,0
S1,leave_environment_F_antenna,dft,38,3.1622776601683795e-05,40,0,40,0
S1,leave_environment_F_antenna,dft,39,3.1622776601683795e-05,40,0,40,0
S1,leave_environment_F_antenna,dft,40,3.1622776601683795e-05,40,0,40,0
S1,leave_environment_F_antenna,dft,31,0.0001,40,0,40,0
S1,leave_environment_F_antenna,dft,32,0.0001,40,0,40,0
S1,leave_environment_F_antenna,dft,33,0.0001,40,0,40,0
S1,leave_environment_F_antenna,dft,34,0.0001,40,0,40,0
S1,leave_environment_F_antenna,dft,35,0.0001,40,0,40,0
S1,leave_environment_F_antenna,dft,36,0.0001,40,0,40,0
S1,leave_environment_F_antenna,dft,37,0.0001,40,0,40,0
S1,leave_environment_F_antenna,dft,38,0.0001,40,0,40,0
S1,leave_environment_F_antenna,dft,39,0.0001,40,0,40,0
S1,leave_environment_F_antenna,dft,40,0.0001,40,0,40,0
S1,leave_environment_F_antenna,dft,31,0.00031622776601683794,40,0,40,0
S1,leave_environment_F_antenna,dft,32,0.00031622776601683794,40,0,40,0
S1,leave_environment_F_antenna,dft,33,0.00031622776601683794,40,0,40,0
S1,leave_environment_F_antenna,dft,34,0.00031622776601683794,40,0,40,0
S1,leave_environment_F_antenna,dft,35,0.00031622776601683794,40,0,40,0
S1,leave_environment_F_antenna,dft,36,0.00031622776601683794,40,0,40,0
S1,leave_environment_F_antenna,dft,37,0.00031622776601683794,40,0,40,0
S1,leave_environment_F_antenna,dft,38,0.00031622776601683794,40,0,40,0
S1,leave_environment_F_antenna,dft,39,0.00031622776601683794,40,0,40,0
S1,leave_environment_F_antenna,dft,40,0.00031622776601683794,40,0,40,0
S1,leave_environment_F_antenna,dft,31,0.001,40,7,40,0
S1,leave_environment_F_antenna,dft,32,0.001,40,23,40,0
S1,leave_environment_F_antenna,dft,33,0.001,40,20,40,0
S1,leave_environment_F_antenna,dft,34,0.001,40,0,40,0
S1,leave_environment_F_antenna,dft,35,0.001,40,0,40,0
S1,leave_environment_F_antenna,dft,36,0.001,40,13,40,0
S1,leave_environment_F_antenna,dft,37,0.001,40,18,40,0
S1,leave_environment_F_antenna,dft,38,0.001,40,0,40,0
S1,leave_environment_F_antenna,dft,39,0.001,40,5,40,0
S1,leave_environment_F_antenna,dft,40,0.001,40,2,40,0
S1,leave_environment_F_antenna,dft,31,0.0031622776601683794,40,20,40,0
S1,leave_environment_F_antenna,dft,32,0.0031622776601683794,40,23,40,0
S1,leave_environment_F_antenna,dft,33,0.0031622776601683794,40,21,40,0
S1,leave_environment_F_antenna,dft,34,0.0031622776601683794,40,0,40,0
S1,leave_environment_F_antenna,dft,35,0.0031622776601683794,40,0,40,0
S1,leave_environment_F_antenna,dft,36,0.0031622776601683794,40,13,40,0
S1,leave_environment_F_antenna,dft,37,0.0031622776601683794,40,21,40,0
S1,leave_environment_F_antenna,dft,38,0.0031622776601683794,40,0,40,0
S1,leave_environment_F_antenna,dft,39,0.0031622776601683794,40,7,40,0
S1,leave_environment_F_antenna,dft,40,0.0031622776601683794,40,7,40,0
S1,leave_environment_F_antenna,dft,31,0.01,40,40,40,0
S1,leave_environment_F_antenna,dft,32,0.01,40,40,40,0
S1,leave_environment_F_antenna,dft,33,0.01,40,38,40,0
S1,leave_environment_F_antenna,dft,34,0.01,40,40,40,0
S1,leave_environment_F_antenna,dft,35,0.01,40,35,40,0
S1,leave_environment_F_antenna,dft,36,0.01,40,40,40,0
S1,leave_environment_F_antenna,dft,37,0.01,40,21,40,0
S1,leave_environment_F_antenna,dft,38,0.01,40,4,40,0
S1,leave_environment_F_antenna,dft,39,0.01,40,17,40,0
S1,leave_environment_F_antenna,dft,40,0.01,40,40,40,0
S1,leave_environment_F_antenna,dft,31,0.03162277660168379,40,40,40,0
S1,leave_environment_F_antenna,dft,32,0.03162277660168379,40,40,40,0
S1,leave_environment_F_antenna,dft,33,0.03162277660168379,40,40,40,0
S1,leave_environment_F_antenna,dft,34,0.03162277660168379,40,40,40,0
S1,leave_environment_F_antenna,dft,35,0.03162277660168379,40,40,40,0
S1,leave_environment_F_antenna,dft,36,0.03162277660168379,40,40,40,0
S1,leave_environment_F_antenna,dft,37,0.03162277660168379,40,39,40,0
S1,leave_environment_F_antenna,dft,38,0.03162277660168379,40,40,40,0
S1,leave_environment_F_antenna,dft,39,0.03162277660168379,40,40,40,0
S1,leave_environment_F_antenna,dft,40,0.03162277660168379,40,40,40,0
S1,leave_environment_F_antenna,dft,31,0.1,40,40,40,0
S1,leave_environment_F_antenna,dft,32,0.1,40,40,40,0
S1,leave_environment_F_antenna,dft,33,0.1,40,40,40,0
S1,leave_environment_F_antenna,dft,34,0.1,40,40,40,0
S1,leave_environment_F_antenna,dft,35,0.1,40,40,40,0
S1,leave_environment_F_antenna,dft,36,0.1,40,40,40,0
S1,leave_environment_F_antenna,dft,37,0.1,40,40,40,0
S1,leave_environment_F_antenna,dft,38,0.1,40,40,40,0
S1,leave_environment_F_antenna,dft,39,0.1,40,40,40,0
S1,leave_environment_F_antenna,dft,40,0.1,40,40,40,0
S1,leave_environment_F_antenna,dft,31,0.25,40,0,0,0
S1,leave_environment_F_antenna,dft,32,0.25,40,0,0,0
S1,leave_environment_F_antenna,dft,33,0.25,40,0,0,0
S1,leave_environment_F_antenna,dft,34,0.25,40,0,0,0
S1,leave_environment_F_antenna,dft,35,0.25,40,0,0,0
S1,leave_environment_F_antenna,dft,36,0.25,40,0,0,0
S1,leave_environment_F_antenna,dft,37,0.25,40,0,0,0
S1,leave_environment_F_antenna,dft,38,0.25,40,0,0,0
S1,leave_environment_F_antenna,dft,39,0.25,40,0,0,0
S1,leave_environment_F_antenna,dft,40,0.25,40,0,0,0
S1,leave_environment_F_antenna,polynomial,31,1e-06,40,0,40,0
S1,leave_environment_F_antenna,polynomial,32,1e-06,40,0,40,0
S1,leave_environment_F_antenna,polynomial,33,1e-06,40,0,40,0
S1,leave_environment_F_antenna,polynomial,34,1e-06,40,0,40,0
S1,leave_environment_F_antenna,polynomial,35,1e-06,40,0,40,0
S1,leave_environment_F_antenna,polynomial,36,1e-06,40,0,40,0
S1,leave_environment_F_antenna,polynomial,37,1e-06,40,0,40,0
S1,leave_environment_F_antenna,polynomial,38,1e-06,40,0,40,0
S1,leave_environment_F_antenna,polynomial,39,1e-06,40,0,40,0
S1,leave_environment_F_antenna,polynomial,40,1e-06,40,0,40,0
S1,leave_environment_F_antenna,polynomial,31,3.162277660168379e-06,40,0,40,0
S1,leave_environment_F_antenna,polynomial,32,3.162277660168379e-06,40,0,40,0
S1,leave_environment_F_antenna,polynomial,33,3.162277660168379e-06,40,0,40,0
S1,leave_environment_F_antenna,polynomial,34,3.162277660168379e-06,40,0,40,0
S1,leave_environment_F_antenna,polynomial,35,3.162277660168379e-06,40,0,40,0
S1,leave_environment_F_antenna,polynomial,36,3.162277660168379e-06,40,0,40,0
S1,leave_environment_F_antenna,polynomial,37,3.162277660168379e-06,40,0,40,0
S1,leave_environment_F_antenna,polynomial,38,3.162277660168379e-06,40,0,40,0
S1,leave_environment_F_antenna,polynomial,39,3.162277660168379e-06,40,0,40,0
S1,leave_environment_F_antenna,polynomial,40,3.162277660168379e-06,40,0,40,0
S1,leave_environment_F_antenna,polynomial,31,1e-05,40,0,40,0
S1,leave_environment_F_antenna,polynomial,32,1e-05,40,0,40,0
S1,leave_environment_F_antenna,polynomial,33,1e-05,40,0,40,0
S1,leave_environment_F_antenna,polynomial,34,1e-05,40,0,40,0
S1,leave_environment_F_antenna,polynomial,35,1e-05,40,0,40,0
S1,leave_environment_F_antenna,polynomial,36,1e-05,40,0,40,0
S1,leave_environment_F_antenna,polynomial,37,1e-05,40,0,40,0
S1,leave_environment_F_antenna,polynomial,38,1e-05,40,0,40,0
S1,leave_environment_F_antenna,polynomial,39,1e-05,40,0,40,0
S1,leave_environment_F_antenna,polynomial,40,1e-05,40,0,40,0
S1,leave_environment_F_antenna,polynomial,31,3.1622776601683795e-05,40,0,40,0
S1,leave_environment_F_antenna,polynomial,32,3.1622776601683795e-05,40,0,40,0
S1,leave_environment_F_antenna,polynomial,33,3.1622776601683795e-05,40,1,40,0
S1,leave_environment_F_antenna,polynomial,34,3.1622776601683795e-05,40,0,40,0
S1,leave_environment_F_antenna,polynomial,35,3.1622776601683795e-05,40,0,40,0
S1,leave_environment_F_antenna,polynomial,36,3.1622776601683795e-05,40,0,40,0
S1,leave_environment_F_antenna,polynomial,37,3.1622776601683795e-05,40,0,40,0
S1,leave_environment_F_antenna,polynomial,38,3.1622776601683795e-05,40,0,40,0
S1,leave_environment_F_antenna,polynomial,39,3.1622776601683795e-05,40,0,40,0
S1,leave_environment_F_antenna,polynomial,40,3.1622776601683795e-05,40,0,40,0
S1,leave_environment_F_antenna,polynomial,31,0.0001,40,38,40,0
S1,leave_environment_F_antenna,polynomial,32,0.0001,40,36,40,0
S1,leave_environment_F_antenna,polynomial,33,0.0001,40,39,40,0
S1,leave_environment_F_antenna,polynomial,34,0.0001,40,36,40,0
S1,leave_environment_F_antenna,polynomial,35,0.0001,40,3,40,0
S1,leave_environment_F_antenna,polynomial,36,0.0001,40,36,40,0
S1,leave_environment_F_antenna,polynomial,37,0.0001,40,40,40,0
S1,leave_environment_F_antenna,polynomial,38,0.0001,40,40,40,0
S1,leave_environment_F_antenna,polynomial,39,0.0001,40,38,40,0
S1,leave_environment_F_antenna,polynomial,40,0.0001,40,25,40,0
S1,leave_environment_F_antenna,polynomial,31,0.00031622776601683794,40,40,40,0
S1,leave_environment_F_antenna,polynomial,32,0.00031622776601683794,40,40,40,0
S1,leave_environment_F_antenna,polynomial,33,0.00031622776601683794,40,40,40,0
S1,leave_environment_F_antenna,polynomial,34,0.00031622776601683794,40,40,40,0
S1,leave_environment_F_antenna,polynomial,35,0.00031622776601683794,40,40,40,0
S1,leave_environment_F_antenna,polynomial,36,0.00031622776601683794,40,40,40,0
S1,leave_environment_F_antenna,polynomial,37,0.00031622776601683794,40,40,40,0
S1,leave_environment_F_antenna,polynomial,38,0.00031622776601683794,40,40,40,0
S1,leave_environment_F_antenna,polynomial,39,0.00031622776601683794,40,40,40,0
S1,leave_environment_F_antenna,polynomial,40,0.00031622776601683794,40,40,40,0
S1,leave_environment_F_antenna,polynomial,31,0.001,40,40,40,0
S1,leave_environment_F_antenna,polynomial,32,0.001,40,40,40,0
S1,leave_environment_F_antenna,polynomial,33,0.001,40,40,40,0
S1,leave_environment_F_antenna,polynomial,34,0.001,40,40,40,0
S1,leave_environment_F_antenna,polynomial,35,0.001,40,40,40,0
S1,leave_environment_F_antenna,polynomial,36,0.001,40,40,40,0
S1,leave_environment_F_antenna,polynomial,37,0.001,40,40,40,0
S1,leave_environment_F_antenna,polynomial,38,0.001,40,40,40,0
S1,leave_environment_F_antenna,polynomial,39,0.001,40,40,40,0
S1,leave_environment_F_antenna,polynomial,40,0.001,40,40,40,0
S1,leave_environment_F_antenna,polynomial,31,0.0031622776601683794,40,40,40,0
S1,leave_environment_F_antenna,polynomial,32,0.0031622776601683794,40,40,40,0
S1,leave_environment_F_antenna,polynomial,33,0.0031622776601683794,40,40,40,0
S1,leave_environment_F_antenna,polynomial,34,0.0031622776601683794,40,40,40,0
S1,leave_environment_F_antenna,polynomial,35,0.0031622776601683794,40,40,40,0
S1,leave_environment_F_antenna,polynomial,36,0.0031622776601683794,40,40,40,0
S1,leave_environment_F_antenna,polynomial,37,0.0031622776601683794,40,40,40,0
S1,leave_environment_F_antenna,polynomial,38,0.0031622776601683794,40,40,40,0
S1,leave_environment_F_antenna,polynomial,39,0.0031622776601683794,40,40,40,0
S1,leave_environment_F_antenna,polynomial,40,0.0031622776601683794,40,40,40,0
S1,leave_environment_F_antenna,polynomial,31,0.01,40,40,40,0
S1,leave_environment_F_antenna,polynomial,32,0.01,40,40,40,0
S1,leave_environment_F_antenna,polynomial,33,0.01,40,40,40,0
S1,leave_environment_F_antenna,polynomial,34,0.01,40,40,40,0
S1,leave_environment_F_antenna,polynomial,35,0.01,40,40,40,0
S1,leave_environment_F_antenna,polynomial,36,0.01,40,40,40,0
S1,leave_environment_F_antenna,polynomial,37,0.01,40,40,40,0
S1,leave_environment_F_antenna,polynomial,38,0.01,40,40,40,0
S1,leave_environment_F_antenna,polynomial,39,0.01,40,40,40,0
S1,leave_environment_F_antenna,polynomial,40,0.01,40,40,40,0
S1,leave_environment_F_antenna,polynomial,31,0.03162277660168379,40,40,40,0
S1,leave_environment_F_antenna,polynomial,32,0.03162277660168379,40,40,40,0
S1,leave_environment_F_antenna,polynomial,33,0.03162277660168379,40,40,40,0
S1,leave_environment_F_antenna,polynomial,34,0.03162277660168379,40,40,40,0
S1,leave_environment_F_antenna,polynomial,35,0.03162277660168379,40,40,40,0
S1,leave_environment_F_antenna,polynomial,36,0.03162277660168379,40,40,40,0
S1,leave_environment_F_antenna,polynomial,37,0.03162277660168379,40,40,40,0
S1,leave_environment_F_antenna,polynomial,38,0.03162277660168379,40,40,40,0
S1,leave_environment_F_antenna,polynomial,39,0.03162277660168379,40,40,40,0
S1,leave_environment_F_antenna,polynomial,40,0.03162277660168379,40,40,40,0
S1,leave_environment_F_antenna,polynomial,31,0.1,40,40,40,0
S1,leave_environment_F_antenna,polynomial,32,0.1,40,40,40,0
S1,leave_environment_F_antenna,polynomial,33,0.1,40,40,40,0
S1,leave_environment_F_antenna,polynomial,34,0.1,40,40,40,0
S1,leave_environment_F_antenna,polynomial,35,0.1,40,40,40,0
S1,leave_environment_F_antenna,polynomial,36,0.1,40,40,40,0
S1,leave_environment_F_antenna,polynomial,37,0.1,40,40,40,0
S1,leave_environment_F_antenna,polynomial,38,0.1,40,40,40,0
S1,leave_environment_F_antenna,polynomial,39,0.1,40,40,40,0
S1,leave_environment_F_antenna,polynomial,40,0.1,40,40,40,0
S1,leave_environment_F_antenna,polynomial,31,0.25,40,0,0,0
S1,leave_environment_F_antenna,polynomial,32,0.25,40,0,0,0
S1,leave_environment_F_antenna,polynomial,33,0.25,40,0,0,0
S1,leave_environment_F_antenna,polynomial,34,0.25,40,0,0,0
S1,leave_environment_F_antenna,polynomial,35,0.25,40,0,0,0
S1,leave_environment_F_antenna,polynomial,36,0.25,40,0,0,0
S1,leave_environment_F_antenna,polynomial,37,0.25,40,0,0,0
S1,leave_environment_F_antenna,polynomial,38,0.25,40,0,0,0
S1,leave_environment_F_antenna,polynomial,39,0.25,40,0,0,0
S1,leave_environment_F_antenna,polynomial,40,0.25,40,0,0,0
S1,leave_environment_F_antenna,random_orthogonal,31,1e-06,40,0,40,0
S1,leave_environment_F_antenna,random_orthogonal,32,1e-06,40,0,40,0
S1,leave_environment_F_antenna,random_orthogonal,33,1e-06,40,0,40,0
S1,leave_environment_F_antenna,random_orthogonal,34,1e-06,40,0,40,0
S1,leave_environment_F_antenna,random_orthogonal,35,1e-06,40,0,40,0
S1,leave_environment_F_antenna,random_orthogonal,36,1e-06,40,0,40,0
S1,leave_environment_F_antenna,random_orthogonal,37,1e-06,40,0,40,0
S1,leave_environment_F_antenna,random_orthogonal,38,1e-06,40,0,40,0
S1,leave_environment_F_antenna,random_orthogonal,39,1e-06,40,0,40,0
S1,leave_environment_F_antenna,random_orthogonal,40,1e-06,40,0,40,0
S1,leave_environment_F_antenna,random_orthogonal,31,3.162277660168379e-06,40,0,40,0
S1,leave_environment_F_antenna,random_orthogonal,32,3.162277660168379e-06,40,0,40,0
S1,leave_environment_F_antenna,random_orthogonal,33,3.162277660168379e-06,40,0,40,0
S1,leave_environment_F_antenna,random_orthogonal,34,3.162277660168379e-06,40,0,40,0
S1,leave_environment_F_antenna,random_orthogonal,35,3.162277660168379e-06,40,0,40,0
S1,leave_environment_F_antenna,random_orthogonal,36,3.162277660168379e-06,40,0,40,0
S1,leave_environment_F_antenna,random_orthogonal,37,3.162277660168379e-06,40,0,40,0
S1,leave_environment_F_antenna,random_orthogonal,38,3.162277660168379e-06,40,0,40,0
S1,leave_environment_F_antenna,random_orthogonal,39,3.162277660168379e-06,40,0,40,0
S1,leave_environment_F_antenna,random_orthogonal,40,3.162277660168379e-06,40,0,40,0
S1,leave_environment_F_antenna,random_orthogonal,31,1e-05,40,0,40,0
S1,leave_environment_F_antenna,random_orthogonal,32,1e-05,40,0,40,0
S1,leave_environment_F_antenna,random_orthogonal,33,1e-05,40,0,40,0
S1,leave_environment_F_antenna,random_orthogonal,34,1e-05,40,0,40,0
S1,leave_environment_F_antenna,random_orthogonal,35,1e-05,40,0,40,0
S1,leave_environment_F_antenna,random_orthogonal,36,1e-05,40,0,40,0
S1,leave_environment_F_antenna,random_orthogonal,37,1e-05,40,0,40,0
S1,leave_environment_F_antenna,random_orthogonal,38,1e-05,40,0,40,0
S1,leave_environment_F_antenna,random_orthogonal,39,1e-05,40,0,40,0
S1,leave_environment_F_antenna,random_orthogonal,40,1e-05,40,0,40,0
S1,leave_environment_F_antenna,random_orthogonal,31,3.1622776601683795e-05,40,0,40,0
S1,leave_environment_F_antenna,random_orthogonal,32,3.1622776601683795e-05,40,0,40,0
S1,leave_environment_F_antenna,random_orthogonal,33,3.1622776601683795e-05,40,0,40,0
S1,leave_environment_F_antenna,random_orthogonal,34,3.1622776601683795e-05,40,0,40,0
S1,leave_environment_F_antenna,random_orthogonal,35,3.1622776601683795e-05,40,0,40,0
S1,leave_environment_F_antenna,random_orthogonal,36,3.1622776601683795e-05,40,0,40,0
S1,leave_environment_F_antenna,random_orthogonal,37,3.1622776601683795e-05,40,0,40,0
S1,leave_environment_F_antenna,random_orthogonal,38,3.1622776601683795e-05,40,0,40,0
S1,leave_environment_F_antenna,random_orthogonal,39,3.1622776601683795e-05,40,0,40,0
S1,leave_environment_F_antenna,random_orthogonal,40,3.1622776601683795e-05,40,0,40,0
S1,leave_environment_F_antenna,random_orthogonal,31,0.0001,40,0,40,0
S1,leave_environment_F_antenna,random_orthogonal,32,0.0001,40,0,40,0
S1,leave_environment_F_antenna,random_orthogonal,33,0.0001,40,0,40,0
S1,leave_environment_F_antenna,random_orthogonal,34,0.0001,40,0,40,0
S1,leave_environment_F_antenna,random_orthogonal,35,0.0001,40,0,40,0
S1,leave_environment_F_antenna,random_orthogonal,36,0.0001,40,0,40,0
S1,leave_environment_F_antenna,random_orthogonal,37,0.0001,40,0,40,0
S1,leave_environment_F_antenna,random_orthogonal,38,0.0001,40,0,40,0
S1,leave_environment_F_antenna,random_orthogonal,39,0.0001,40,0,40,0
S1,leave_environment_F_antenna,random_orthogonal,40,0.0001,40,0,40,0
S1,leave_environment_F_antenna,random_orthogonal,31,0.00031622776601683794,40,0,40,0
S1,leave_environment_F_antenna,random_orthogonal,32,0.00031622776601683794,40,0,40,0
S1,leave_environment_F_antenna,random_orthogonal,33,0.00031622776601683794,40,0,40,0
S1,leave_environment_F_antenna,random_orthogonal,34,0.00031622776601683794,40,0,40,0
S1,leave_environment_F_antenna,random_orthogonal,35,0.00031622776601683794,40,0,40,0
S1,leave_environment_F_antenna,random_orthogonal,36,0.00031622776601683794,40,0,40,0
S1,leave_environment_F_antenna,random_orthogonal,37,0.00031622776601683794,40,0,40,0
S1,leave_environment_F_antenna,random_orthogonal,38,0.00031622776601683794,40,0,40,0
S1,leave_environment_F_antenna,random_orthogonal,39,0.00031622776601683794,40,0,40,0
S1,leave_environment_F_antenna,random_orthogonal,40,0.00031622776601683794,40,0,40,0
S1,leave_environment_F_antenna,random_orthogonal,31,0.001,40,0,40,0
S1,leave_environment_F_antenna,random_orthogonal,32,0.001,40,0,40,0
S1,leave_environment_F_antenna,random_orthogonal,33,0.001,40,0,40,0
S1,leave_environment_F_antenna,random_orthogonal,34,0.001,40,0,40,0
S1,leave_environment_F_antenna,random_orthogonal,35,0.001,40,0,40,0
S1,leave_environment_F_antenna,random_orthogonal,36,0.001,40,0,40,0
S1,leave_environment_F_antenna,random_orthogonal,37,0.001,40,0,40,0
S1,leave_environment_F_antenna,random_orthogonal,38,0.001,40,0,40,0
S1,leave_environment_F_antenna,random_orthogonal,39,0.001,40,0,40,0
S1,leave_environment_F_antenna,random_orthogonal,40,0.001,40,0,40,0
S1,leave_environment_F_antenna,random_orthogonal,31,0.0031622776601683794,40,0,40,0
S1,leave_environment_F_antenna,random_orthogonal,32,0.0031622776601683794,40,0,40,0
S1,leave_environment_F_antenna,random_orthogonal,33,0.0031622776601683794,40,0,40,0
S1,leave_environment_F_antenna,random_orthogonal,34,0.0031622776601683794,40,0,40,0
S1,leave_environment_F_antenna,random_orthogonal,35,0.0031622776601683794,40,0,40,0
S1,leave_environment_F_antenna,random_orthogonal,36,0.0031622776601683794,40,0,40,0
S1,leave_environment_F_antenna,random_orthogonal,37,0.0031622776601683794,40,0,40,0
S1,leave_environment_F_antenna,random_orthogonal,38,0.0031622776601683794,40,0,40,0
S1,leave_environment_F_antenna,random_orthogonal,39,0.0031622776601683794,40,0,40,0
S1,leave_environment_F_antenna,random_orthogonal,40,0.0031622776601683794,40,0,40,0
S1,leave_environment_F_antenna,random_orthogonal,31,0.01,40,0,40,0
S1,leave_environment_F_antenna,random_orthogonal,32,0.01,40,0,40,0
S1,leave_environment_F_antenna,random_orthogonal,33,0.01,40,0,40,0
S1,leave_environment_F_antenna,random_orthogonal,34,0.01,40,0,40,0
S1,leave_environment_F_antenna,random_orthogonal,35,0.01,40,4,40,0
S1,leave_environment_F_antenna,random_orthogonal,36,0.01,40,0,40,0
S1,leave_environment_F_antenna,random_orthogonal,37,0.01,40,1,40,0
S1,leave_environment_F_antenna,random_orthogonal,38,0.01,40,1,40,0
S1,leave_environment_F_antenna,random_orthogonal,39,0.01,40,0,40,0
S1,leave_environment_F_antenna,random_orthogonal,40,0.01,40,3,40,0
S1,leave_environment_F_antenna,random_orthogonal,31,0.03162277660168379,40,40,40,0
S1,leave_environment_F_antenna,random_orthogonal,32,0.03162277660168379,40,40,40,0
S1,leave_environment_F_antenna,random_orthogonal,33,0.03162277660168379,40,40,40,0
S1,leave_environment_F_antenna,random_orthogonal,34,0.03162277660168379,40,40,40,0
S1,leave_environment_F_antenna,random_orthogonal,35,0.03162277660168379,40,40,40,0
S1,leave_environment_F_antenna,random_orthogonal,36,0.03162277660168379,40,40,40,0
S1,leave_environment_F_antenna,random_orthogonal,37,0.03162277660168379,40,40,40,0
S1,leave_environment_F_antenna,random_orthogonal,38,0.03162277660168379,40,40,40,0
S1,leave_environment_F_antenna,random_orthogonal,39,0.03162277660168379,40,40,40,0
S1,leave_environment_F_antenna,random_orthogonal,40,0.03162277660168379,40,40,40,0
S1,leave_environment_F_antenna,random_orthogonal,31,0.1,40,40,40,0
S1,leave_environment_F_antenna,random_orthogonal,32,0.1,40,40,40,0
S1,leave_environment_F_antenna,random_orthogonal,33,0.1,40,40,40,0
S1,leave_environment_F_antenna,random_orthogonal,34,0.1,40,40,40,0
S1,leave_environment_F_antenna,random_orthogonal,35,0.1,40,40,40,0
S1,leave_environment_F_antenna,random_orthogonal,36,0.1,40,40,40,0
S1,leave_environment_F_antenna,random_orthogonal,37,0.1,40,40,40,0
S1,leave_environment_F_antenna,random_orthogonal,38,0.1,40,40,40,0
S1,leave_environment_F_antenna,random_orthogonal,39,0.1,40,40,40,0
S1,leave_environment_F_antenna,random_orthogonal,40,0.1,40,40,40,0
S1,leave_environment_F_antenna,random_orthogonal,31,0.25,40,0,0,0
S1,leave_environment_F_antenna,random_orthogonal,32,0.25,40,0,0,0
S1,leave_environment_F_antenna,random_orthogonal,33,0.25,40,0,0,0
S1,leave_environment_F_antenna,random_orthogonal,34,0.25,40,0,0,0
S1,leave_environment_F_antenna,random_orthogonal,35,0.25,40,0,0,0
S1,leave_environment_F_antenna,random_orthogonal,36,0.25,40,0,0,0
S1,leave_environment_F_antenna,random_orthogonal,37,0.25,40,0,0,0
S1,leave_environment_F_antenna,random_orthogonal,38,0.25,40,0,0,0
S1,leave_environment_F_antenna,random_orthogonal,39,0.25,40,0,0,0
S1,leave_environment_F_antenna,random_orthogonal,40,0.25,40,0,0,0
S1,leave_environment_F_antenna,permuted_polynomial,31,1e-06,40,0,40,0
S1,leave_environment_F_antenna,permuted_polynomial,32,1e-06,40,0,40,0
S1,leave_environment_F_antenna,permuted_polynomial,33,1e-06,40,0,40,0
S1,leave_environment_F_antenna,permuted_polynomial,34,1e-06,40,0,40,0
S1,leave_environment_F_antenna,permuted_polynomial,35,1e-06,40,0,40,0
S1,leave_environment_F_antenna,permuted_polynomial,36,1e-06,40,0,40,0
S1,leave_environment_F_antenna,permuted_polynomial,37,1e-06,40,0,40,0
S1,leave_environment_F_antenna,permuted_polynomial,38,1e-06,40,0,40,0
S1,leave_environment_F_antenna,permuted_polynomial,39,1e-06,40,0,40,0
S1,leave_environment_F_antenna,permuted_polynomial,40,1e-06,40,0,40,0
S1,leave_environment_F_antenna,permuted_polynomial,31,3.162277660168379e-06,40,0,40,0
S1,leave_environment_F_antenna,permuted_polynomial,32,3.162277660168379e-06,40,0,40,0
S1,leave_environment_F_antenna,permuted_polynomial,33,3.162277660168379e-06,40,0,40,0
S1,leave_environment_F_antenna,permuted_polynomial,34,3.162277660168379e-06,40,0,40,0
S1,leave_environment_F_antenna,permuted_polynomial,35,3.162277660168379e-06,40,0,40,0
S1,leave_environment_F_antenna,permuted_polynomial,36,3.162277660168379e-06,40,0,40,0
S1,leave_environment_F_antenna,permuted_polynomial,37,3.162277660168379e-06,40,0,40,0
S1,leave_environment_F_antenna,permuted_polynomial,38,3.162277660168379e-06,40,0,40,0
S1,leave_environment_F_antenna,permuted_polynomial,39,3.162277660168379e-06,40,0,40,0
S1,leave_environment_F_antenna,permuted_polynomial,40,3.162277660168379e-06,40,0,40,0
S1,leave_environment_F_antenna,permuted_polynomial,31,1e-05,40,0,40,0
S1,leave_environment_F_antenna,permuted_polynomial,32,1e-05,40,0,40,0
S1,leave_environment_F_antenna,permuted_polynomial,33,1e-05,40,0,40,0
S1,leave_environment_F_antenna,permuted_polynomial,34,1e-05,40,0,40,0
S1,leave_environment_F_antenna,permuted_polynomial,35,1e-05,40,0,40,0
S1,leave_environment_F_antenna,permuted_polynomial,36,1e-05,40,0,40,0
S1,leave_environment_F_antenna,permuted_polynomial,37,1e-05,40,0,40,0
S1,leave_environment_F_antenna,permuted_polynomial,38,1e-05,40,0,40,0
S1,leave_environment_F_antenna,permuted_polynomial,39,1e-05,40,0,40,0
S1,leave_environment_F_antenna,permuted_polynomial,40,1e-05,40,0,40,0
S1,leave_environment_F_antenna,permuted_polynomial,31,3.1622776601683795e-05,40,0,40,0
S1,leave_environment_F_antenna,permuted_polynomial,32,3.1622776601683795e-05,40,0,40,0
S1,leave_environment_F_antenna,permuted_polynomial,33,3.1622776601683795e-05,40,0,40,0
S1,leave_environment_F_antenna,permuted_polynomial,34,3.1622776601683795e-05,40,0,40,0
S1,leave_environment_F_antenna,permuted_polynomial,35,3.1622776601683795e-05,40,0,40,0
S1,leave_environment_F_antenna,permuted_polynomial,36,3.1622776601683795e-05,40,0,40,0
S1,leave_environment_F_antenna,permuted_polynomial,37,3.1622776601683795e-05,40,0,40,0
S1,leave_environment_F_antenna,permuted_polynomial,38,3.1622776601683795e-05,40,0,40,0
S1,leave_environment_F_antenna,permuted_polynomial,39,3.1622776601683795e-05,40,0,40,0
S1,leave_environment_F_antenna,permuted_polynomial,40,3.1622776601683795e-05,40,0,40,0
S1,leave_environment_F_antenna,permuted_polynomial,31,0.0001,40,0,40,0
S1,leave_environment_F_antenna,permuted_polynomial,32,0.0001,40,0,40,0
S1,leave_environment_F_antenna,permuted_polynomial,33,0.0001,40,0,40,0
S1,leave_environment_F_antenna,permuted_polynomial,34,0.0001,40,0,40,0
S1,leave_environment_F_antenna,permuted_polynomial,35,0.0001,40,0,40,0
S1,leave_environment_F_antenna,permuted_polynomial,36,0.0001,40,0,40,0
S1,leave_environment_F_antenna,permuted_polynomial,37,0.0001,40,0,40,0
S1,leave_environment_F_antenna,permuted_polynomial,38,0.0001,40,0,40,0
S1,leave_environment_F_antenna,permuted_polynomial,39,0.0001,40,0,40,0
S1,leave_environment_F_antenna,permuted_polynomial,40,0.0001,40,0,40,0
S1,leave_environment_F_antenna,permuted_polynomial,31,0.00031622776601683794,40,0,40,0
S1,leave_environment_F_antenna,permuted_polynomial,32,0.00031622776601683794,40,0,40,0
S1,leave_environment_F_antenna,permuted_polynomial,33,0.00031622776601683794,40,0,40,0
S1,leave_environment_F_antenna,permuted_polynomial,34,0.00031622776601683794,40,0,40,0
S1,leave_environment_F_antenna,permuted_polynomial,35,0.00031622776601683794,40,0,40,0
S1,leave_environment_F_antenna,permuted_polynomial,36,0.00031622776601683794,40,0,40,0
S1,leave_environment_F_antenna,permuted_polynomial,37,0.00031622776601683794,40,0,40,0
S1,leave_environment_F_antenna,permuted_polynomial,38,0.00031622776601683794,40,0,40,0
S1,leave_environment_F_antenna,permuted_polynomial,39,0.00031622776601683794,40,0,40,0
S1,leave_environment_F_antenna,permuted_polynomial,40,0.00031622776601683794,40,0,40,0
S1,leave_environment_F_antenna,permuted_polynomial,31,0.001,40,6,40,0
S1,leave_environment_F_antenna,permuted_polynomial,32,0.001,40,20,40,0
S1,leave_environment_F_antenna,permuted_polynomial,33,0.001,40,16,40,0
S1,leave_environment_F_antenna,permuted_polynomial,34,0.001,40,0,40,0
S1,leave_environment_F_antenna,permuted_polynomial,35,0.001,40,0,40,0
S1,leave_environment_F_antenna,permuted_polynomial,36,0.001,40,7,40,0
S1,leave_environment_F_antenna,permuted_polynomial,37,0.001,40,14,40,0
S1,leave_environment_F_antenna,permuted_polynomial,38,0.001,40,0,40,0
S1,leave_environment_F_antenna,permuted_polynomial,39,0.001,40,5,40,0
S1,leave_environment_F_antenna,permuted_polynomial,40,0.001,40,5,40,0
S1,leave_environment_F_antenna,permuted_polynomial,31,0.0031622776601683794,40,38,40,0
S1,leave_environment_F_antenna,permuted_polynomial,32,0.0031622776601683794,40,23,40,0
S1,leave_environment_F_antenna,permuted_polynomial,33,0.0031622776601683794,40,21,40,0
S1,leave_environment_F_antenna,permuted_polynomial,34,0.0031622776601683794,40,0,40,0
S1,leave_environment_F_antenna,permuted_polynomial,35,0.0031622776601683794,40,0,40,0
S1,leave_environment_F_antenna,permuted_polynomial,36,0.0031622776601683794,40,13,40,0
S1,leave_environment_F_antenna,permuted_polynomial,37,0.0031622776601683794,40,21,40,0
S1,leave_environment_F_antenna,permuted_polynomial,38,0.0031622776601683794,40,0,40,0
S1,leave_environment_F_antenna,permuted_polynomial,39,0.0031622776601683794,40,7,40,0
S1,leave_environment_F_antenna,permuted_polynomial,40,0.0031622776601683794,40,7,40,0
S1,leave_environment_F_antenna,permuted_polynomial,31,0.01,40,40,40,0
S1,leave_environment_F_antenna,permuted_polynomial,32,0.01,40,40,40,0
S1,leave_environment_F_antenna,permuted_polynomial,33,0.01,40,38,40,0
S1,leave_environment_F_antenna,permuted_polynomial,34,0.01,40,40,40,0
S1,leave_environment_F_antenna,permuted_polynomial,35,0.01,40,35,40,0
S1,leave_environment_F_antenna,permuted_polynomial,36,0.01,40,40,40,0
S1,leave_environment_F_antenna,permuted_polynomial,37,0.01,40,21,40,0
S1,leave_environment_F_antenna,permuted_polynomial,38,0.01,40,0,40,0
S1,leave_environment_F_antenna,permuted_polynomial,39,0.01,40,14,40,0
S1,leave_environment_F_antenna,permuted_polynomial,40,0.01,40,40,40,0
S1,leave_environment_F_antenna,permuted_polynomial,31,0.03162277660168379,40,40,40,0
S1,leave_environment_F_antenna,permuted_polynomial,32,0.03162277660168379,40,40,40,0
S1,leave_environment_F_antenna,permuted_polynomial,33,0.03162277660168379,40,40,40,0
S1,leave_environment_F_antenna,permuted_polynomial,34,0.03162277660168379,40,40,40,0
S1,leave_environment_F_antenna,permuted_polynomial,35,0.03162277660168379,40,40,40,0
S1,leave_environment_F_antenna,permuted_polynomial,36,0.03162277660168379,40,40,40,0
S1,leave_environment_F_antenna,permuted_polynomial,37,0.03162277660168379,40,39,40,0
S1,leave_environment_F_antenna,permuted_polynomial,38,0.03162277660168379,40,40,40,0
S1,leave_environment_F_antenna,permuted_polynomial,39,0.03162277660168379,40,40,40,0
S1,leave_environment_F_antenna,permuted_polynomial,40,0.03162277660168379,40,40,40,0
S1,leave_environment_F_antenna,permuted_polynomial,31,0.1,40,40,40,0
S1,leave_environment_F_antenna,permuted_polynomial,32,0.1,40,40,40,0
S1,leave_environment_F_antenna,permuted_polynomial,33,0.1,40,40,40,0
S1,leave_environment_F_antenna,permuted_polynomial,34,0.1,40,40,40,0
S1,leave_environment_F_antenna,permuted_polynomial,35,0.1,40,40,40,0
S1,leave_environment_F_antenna,permuted_polynomial,36,0.1,40,40,40,0
S1,leave_environment_F_antenna,permuted_polynomial,37,0.1,40,39,40,0
S1,leave_environment_F_antenna,permuted_polynomial,38,0.1,40,40,40,0
S1,leave_environment_F_antenna,permuted_polynomial,39,0.1,40,40,40,0
S1,leave_environment_F_antenna,permuted_polynomial,40,0.1,40,40,40,0
S1,leave_environment_F_antenna,permuted_polynomial,31,0.25,40,0,0,0
S1,leave_environment_F_antenna,permuted_polynomial,32,0.25,40,0,0,0
S1,leave_environment_F_antenna,permuted_polynomial,33,0.25,40,0,0,0
S1,leave_environment_F_antenna,permuted_polynomial,34,0.25,40,0,0,0
S1,leave_environment_F_antenna,permuted_polynomial,35,0.25,40,0,0,0
S1,leave_environment_F_antenna,permuted_polynomial,36,0.25,40,0,0,0
S1,leave_environment_F_antenna,permuted_polynomial,37,0.25,40,0,0,0
S1,leave_environment_F_antenna,permuted_polynomial,38,0.25,40,0,0,0
S1,leave_environment_F_antenna,permuted_polynomial,39,0.25,40,0,0,0
S1,leave_environment_F_antenna,permuted_polynomial,40,0.25,40,0,0,0
S1,leave_environment_F_walk,coordinate,31,1e-06,40,0,40,0
S1,leave_environment_F_walk,coordinate,32,1e-06,40,0,40,0
S1,leave_environment_F_walk,coordinate,33,1e-06,40,0,40,0
S1,leave_environment_F_walk,coordinate,34,1e-06,40,0,40,0
S1,leave_environment_F_walk,coordinate,35,1e-06,40,0,40,0
S1,leave_environment_F_walk,coordinate,36,1e-06,40,0,40,0
S1,leave_environment_F_walk,coordinate,37,1e-06,40,0,40,0
S1,leave_environment_F_walk,coordinate,38,1e-06,40,0,40,0
S1,leave_environment_F_walk,coordinate,39,1e-06,40,0,40,0
S1,leave_environment_F_walk,coordinate,40,1e-06,40,0,40,0
S1,leave_environment_F_walk,coordinate,31,3.162277660168379e-06,40,0,40,0
S1,leave_environment_F_walk,coordinate,32,3.162277660168379e-06,40,0,40,0
S1,leave_environment_F_walk,coordinate,33,3.162277660168379e-06,40,0,40,0
S1,leave_environment_F_walk,coordinate,34,3.162277660168379e-06,40,0,40,0
S1,leave_environment_F_walk,coordinate,35,3.162277660168379e-06,40,0,40,0
S1,leave_environment_F_walk,coordinate,36,3.162277660168379e-06,40,0,40,0
S1,leave_environment_F_walk,coordinate,37,3.162277660168379e-06,40,0,40,0
S1,leave_environment_F_walk,coordinate,38,3.162277660168379e-06,40,0,40,0
S1,leave_environment_F_walk,coordinate,39,3.162277660168379e-06,40,0,40,0
S1,leave_environment_F_walk,coordinate,40,3.162277660168379e-06,40,0,40,0
S1,leave_environment_F_walk,coordinate,31,1e-05,40,0,40,0
S1,leave_environment_F_walk,coordinate,32,1e-05,40,0,40,0
S1,leave_environment_F_walk,coordinate,33,1e-05,40,0,40,0
S1,leave_environment_F_walk,coordinate,34,1e-05,40,0,40,0
S1,leave_environment_F_walk,coordinate,35,1e-05,40,0,40,0
S1,leave_environment_F_walk,coordinate,36,1e-05,40,0,40,0
S1,leave_environment_F_walk,coordinate,37,1e-05,40,0,40,0
S1,leave_environment_F_walk,coordinate,38,1e-05,40,0,40,0
S1,leave_environment_F_walk,coordinate,39,1e-05,40,0,40,0
S1,leave_environment_F_walk,coordinate,40,1e-05,40,0,40,0
S1,leave_environment_F_walk,coordinate,31,3.1622776601683795e-05,40,0,40,0
S1,leave_environment_F_walk,coordinate,32,3.1622776601683795e-05,40,0,40,0
S1,leave_environment_F_walk,coordinate,33,3.1622776601683795e-05,40,0,40,0
S1,leave_environment_F_walk,coordinate,34,3.1622776601683795e-05,40,0,40,0
S1,leave_environment_F_walk,coordinate,35,3.1622776601683795e-05,40,0,40,0
S1,leave_environment_F_walk,coordinate,36,3.1622776601683795e-05,40,0,40,0
S1,leave_environment_F_walk,coordinate,37,3.1622776601683795e-05,40,0,40,0
S1,leave_environment_F_walk,coordinate,38,3.1622776601683795e-05,40,0,40,0
S1,leave_environment_F_walk,coordinate,39,3.1622776601683795e-05,40,0,40,0
S1,leave_environment_F_walk,coordinate,40,3.1622776601683795e-05,40,0,40,0
S1,leave_environment_F_walk,coordinate,31,0.0001,40,0,40,0
S1,leave_environment_F_walk,coordinate,32,0.0001,40,0,40,0
S1,leave_environment_F_walk,coordinate,33,0.0001,40,0,40,0
S1,leave_environment_F_walk,coordinate,34,0.0001,40,0,40,0
S1,leave_environment_F_walk,coordinate,35,0.0001,40,0,40,0
S1,leave_environment_F_walk,coordinate,36,0.0001,40,0,40,0
S1,leave_environment_F_walk,coordinate,37,0.0001,40,0,40,0
S1,leave_environment_F_walk,coordinate,38,0.0001,40,0,40,0
S1,leave_environment_F_walk,coordinate,39,0.0001,40,0,40,0
S1,leave_environment_F_walk,coordinate,40,0.0001,40,0,40,0
S1,leave_environment_F_walk,coordinate,31,0.00031622776601683794,40,0,40,0
S1,leave_environment_F_walk,coordinate,32,0.00031622776601683794,40,0,40,0
S1,leave_environment_F_walk,coordinate,33,0.00031622776601683794,40,0,40,0
S1,leave_environment_F_walk,coordinate,34,0.00031622776601683794,40,0,40,0
S1,leave_environment_F_walk,coordinate,35,0.00031622776601683794,40,0,40,0
S1,leave_environment_F_walk,coordinate,36,0.00031622776601683794,40,0,40,0
S1,leave_environment_F_walk,coordinate,37,0.00031622776601683794,40,0,40,0
S1,leave_environment_F_walk,coordinate,38,0.00031622776601683794,40,0,40,0
S1,leave_environment_F_walk,coordinate,39,0.00031622776601683794,40,0,40,0
S1,leave_environment_F_walk,coordinate,40,0.00031622776601683794,40,0,40,0
S1,leave_environment_F_walk,coordinate,31,0.001,40,0,40,0
S1,leave_environment_F_walk,coordinate,32,0.001,40,0,40,0
S1,leave_environment_F_walk,coordinate,33,0.001,40,0,40,0
S1,leave_environment_F_walk,coordinate,34,0.001,40,0,40,0
S1,leave_environment_F_walk,coordinate,35,0.001,40,0,40,0
S1,leave_environment_F_walk,coordinate,36,0.001,40,0,40,0
S1,leave_environment_F_walk,coordinate,37,0.001,40,0,40,0
S1,leave_environment_F_walk,coordinate,38,0.001,40,0,40,0
S1,leave_environment_F_walk,coordinate,39,0.001,40,0,40,0
S1,leave_environment_F_walk,coordinate,40,0.001,40,0,40,0
S1,leave_environment_F_walk,coordinate,31,0.0031622776601683794,40,0,40,0
S1,leave_environment_F_walk,coordinate,32,0.0031622776601683794,40,0,40,0
S1,leave_environment_F_walk,coordinate,33,0.0031622776601683794,40,0,40,0
S1,leave_environment_F_walk,coordinate,34,0.0031622776601683794,40,0,40,0
S1,leave_environment_F_walk,coordinate,35,0.0031622776601683794,40,0,40,0
S1,leave_environment_F_walk,coordinate,36,0.0031622776601683794,40,0,40,0
S1,leave_environment_F_walk,coordinate,37,0.0031622776601683794,40,0,40,0
S1,leave_environment_F_walk,coordinate,38,0.0031622776601683794,40,0,40,0
S1,leave_environment_F_walk,coordinate,39,0.0031622776601683794,40,0,40,0
S1,leave_environment_F_walk,coordinate,40,0.0031622776601683794,40,0,40,0
S1,leave_environment_F_walk,coordinate,31,0.01,40,0,40,0
S1,leave_environment_F_walk,coordinate,32,0.01,40,0,40,0
S1,leave_environment_F_walk,coordinate,33,0.01,40,0,40,0
S1,leave_environment_F_walk,coordinate,34,0.01,40,0,40,0
S1,leave_environment_F_walk,coordinate,35,0.01,40,0,40,0
S1,leave_environment_F_walk,coordinate,36,0.01,40,0,40,0
S1,leave_environment_F_walk,coordinate,37,0.01,40,0,40,0
S1,leave_environment_F_walk,coordinate,38,0.01,40,0,40,0
S1,leave_environment_F_walk,coordinate,39,0.01,40,0,40,0
S1,leave_environment_F_walk,coordinate,40,0.01,40,0,40,0
S1,leave_environment_F_walk,coordinate,31,0.03162277660168379,40,0,40,0
S1,leave_environment_F_walk,coordinate,32,0.03162277660168379,40,0,40,0
S1,leave_environment_F_walk,coordinate,33,0.03162277660168379,40,0,40,0
S1,leave_environment_F_walk,coordinate,34,0.03162277660168379,40,0,40,0
S1,leave_environment_F_walk,coordinate,35,0.03162277660168379,40,0,40,0
S1,leave_environment_F_walk,coordinate,36,0.03162277660168379,40,0,40,0
S1,leave_environment_F_walk,coordinate,37,0.03162277660168379,40,0,40,0
S1,leave_environment_F_walk,coordinate,38,0.03162277660168379,40,0,40,0
S1,leave_environment_F_walk,coordinate,39,0.03162277660168379,40,0,40,0
S1,leave_environment_F_walk,coordinate,40,0.03162277660168379,40,0,40,0
S1,leave_environment_F_walk,coordinate,31,0.1,40,0,0,0
S1,leave_environment_F_walk,coordinate,32,0.1,40,0,0,0
S1,leave_environment_F_walk,coordinate,33,0.1,40,0,0,0
S1,leave_environment_F_walk,coordinate,34,0.1,40,0,0,0
S1,leave_environment_F_walk,coordinate,35,0.1,40,0,0,0
S1,leave_environment_F_walk,coordinate,36,0.1,40,0,0,0
S1,leave_environment_F_walk,coordinate,37,0.1,40,0,0,0
S1,leave_environment_F_walk,coordinate,38,0.1,40,0,0,0
S1,leave_environment_F_walk,coordinate,39,0.1,40,0,0,0
S1,leave_environment_F_walk,coordinate,40,0.1,40,0,0,0
S1,leave_environment_F_walk,coordinate,31,0.25,40,0,0,0
S1,leave_environment_F_walk,coordinate,32,0.25,40,0,0,0
S1,leave_environment_F_walk,coordinate,33,0.25,40,0,0,0
S1,leave_environment_F_walk,coordinate,34,0.25,40,0,0,0
S1,leave_environment_F_walk,coordinate,35,0.25,40,0,0,0
S1,leave_environment_F_walk,coordinate,36,0.25,40,0,0,0
S1,leave_environment_F_walk,coordinate,37,0.25,40,0,0,0
S1,leave_environment_F_walk,coordinate,38,0.25,40,0,0,0
S1,leave_environment_F_walk,coordinate,39,0.25,40,0,0,0
S1,leave_environment_F_walk,coordinate,40,0.25,40,0,0,0
S1,leave_environment_F_walk,dct,31,1e-06,40,0,40,0
S1,leave_environment_F_walk,dct,32,1e-06,40,0,40,0
S1,leave_environment_F_walk,dct,33,1e-06,40,0,40,0
S1,leave_environment_F_walk,dct,34,1e-06,40,0,40,0
S1,leave_environment_F_walk,dct,35,1e-06,40,0,40,0
S1,leave_environment_F_walk,dct,36,1e-06,40,0,40,0
S1,leave_environment_F_walk,dct,37,1e-06,40,0,40,0
S1,leave_environment_F_walk,dct,38,1e-06,40,0,40,0
S1,leave_environment_F_walk,dct,39,1e-06,40,0,40,0
S1,leave_environment_F_walk,dct,40,1e-06,40,0,40,0
S1,leave_environment_F_walk,dct,31,3.162277660168379e-06,40,0,40,0
S1,leave_environment_F_walk,dct,32,3.162277660168379e-06,40,0,40,0
S1,leave_environment_F_walk,dct,33,3.162277660168379e-06,40,0,40,0
S1,leave_environment_F_walk,dct,34,3.162277660168379e-06,40,0,40,0
S1,leave_environment_F_walk,dct,35,3.162277660168379e-06,40,0,40,0
S1,leave_environment_F_walk,dct,36,3.162277660168379e-06,40,0,40,0
S1,leave_environment_F_walk,dct,37,3.162277660168379e-06,40,0,40,0
S1,leave_environment_F_walk,dct,38,3.162277660168379e-06,40,0,40,0
S1,leave_environment_F_walk,dct,39,3.162277660168379e-06,40,0,40,0
S1,leave_environment_F_walk,dct,40,3.162277660168379e-06,40,0,40,0
S1,leave_environment_F_walk,dct,31,1e-05,40,0,40,0
S1,leave_environment_F_walk,dct,32,1e-05,40,0,40,0
S1,leave_environment_F_walk,dct,33,1e-05,40,0,40,0
S1,leave_environment_F_walk,dct,34,1e-05,40,0,40,0
S1,leave_environment_F_walk,dct,35,1e-05,40,0,40,0
S1,leave_environment_F_walk,dct,36,1e-05,40,0,40,0
S1,leave_environment_F_walk,dct,37,1e-05,40,0,40,0
S1,leave_environment_F_walk,dct,38,1e-05,40,0,40,0
S1,leave_environment_F_walk,dct,39,1e-05,40,0,40,0
S1,leave_environment_F_walk,dct,40,1e-05,40,0,40,0
S1,leave_environment_F_walk,dct,31,3.1622776601683795e-05,40,0,40,0
S1,leave_environment_F_walk,dct,32,3.1622776601683795e-05,40,0,40,0
S1,leave_environment_F_walk,dct,33,3.1622776601683795e-05,40,0,40,0
S1,leave_environment_F_walk,dct,34,3.1622776601683795e-05,40,0,40,0
S1,leave_environment_F_walk,dct,35,3.1622776601683795e-05,40,0,40,0
S1,leave_environment_F_walk,dct,36,3.1622776601683795e-05,40,0,40,0
S1,leave_environment_F_walk,dct,37,3.1622776601683795e-05,40,0,40,0
S1,leave_environment_F_walk,dct,38,3.1622776601683795e-05,40,0,40,0
S1,leave_environment_F_walk,dct,39,3.1622776601683795e-05,40,0,40,0
S1,leave_environment_F_walk,dct,40,3.1622776601683795e-05,40,0,40,0
S1,leave_environment_F_walk,dct,31,0.0001,40,0,40,0
S1,leave_environment_F_walk,dct,32,0.0001,40,0,40,0
S1,leave_environment_F_walk,dct,33,0.0001,40,0,40,0
S1,leave_environment_F_walk,dct,34,0.0001,40,0,40,0
S1,leave_environment_F_walk,dct,35,0.0001,40,0,40,0
S1,leave_environment_F_walk,dct,36,0.0001,40,0,40,0
S1,leave_environment_F_walk,dct,37,0.0001,40,0,40,0
S1,leave_environment_F_walk,dct,38,0.0001,40,0,40,0
S1,leave_environment_F_walk,dct,39,0.0001,40,0,40,0
S1,leave_environment_F_walk,dct,40,0.0001,40,0,40,0
S1,leave_environment_F_walk,dct,31,0.00031622776601683794,40,0,40,0
S1,leave_environment_F_walk,dct,32,0.00031622776601683794,40,0,40,0
S1,leave_environment_F_walk,dct,33,0.00031622776601683794,40,0,40,0
S1,leave_environment_F_walk,dct,34,0.00031622776601683794,40,0,40,0
S1,leave_environment_F_walk,dct,35,0.00031622776601683794,40,0,40,0
S1,leave_environment_F_walk,dct,36,0.00031622776601683794,40,0,40,0
S1,leave_environment_F_walk,dct,37,0.00031622776601683794,40,0,40,0
S1,leave_environment_F_walk,dct,38,0.00031622776601683794,40,0,40,0
S1,leave_environment_F_walk,dct,39,0.00031622776601683794,40,0,40,0
S1,leave_environment_F_walk,dct,40,0.00031622776601683794,40,0,40,0
S1,leave_environment_F_walk,dct,31,0.001,40,0,40,0
S1,leave_environment_F_walk,dct,32,0.001,40,0,40,0
S1,leave_environment_F_walk,dct,33,0.001,40,0,40,0
S1,leave_environment_F_walk,dct,34,0.001,40,0,40,0
S1,leave_environment_F_walk,dct,35,0.001,40,0,40,0
S1,leave_environment_F_walk,dct,36,0.001,40,0,40,0
S1,leave_environment_F_walk,dct,37,0.001,40,0,40,0
S1,leave_environment_F_walk,dct,38,0.001,40,0,40,0
S1,leave_environment_F_walk,dct,39,0.001,40,0,40,0
S1,leave_environment_F_walk,dct,40,0.001,40,0,40,0
S1,leave_environment_F_walk,dct,31,0.0031622776601683794,40,0,40,0
S1,leave_environment_F_walk,dct,32,0.0031622776601683794,40,0,40,0
S1,leave_environment_F_walk,dct,33,0.0031622776601683794,40,0,40,0
S1,leave_environment_F_walk,dct,34,0.0031622776601683794,40,0,40,0
S1,leave_environment_F_walk,dct,35,0.0031622776601683794,40,0,40,0
S1,leave_environment_F_walk,dct,36,0.0031622776601683794,40,0,40,0
S1,leave_environment_F_walk,dct,37,0.0031622776601683794,40,0,40,0
S1,leave_environment_F_walk,dct,38,0.0031622776601683794,40,0,40,0
S1,leave_environment_F_walk,dct,39,0.0031622776601683794,40,0,40,0
S1,leave_environment_F_walk,dct,40,0.0031622776601683794,40,0,40,0
S1,leave_environment_F_walk,dct,31,0.01,40,40,40,0
S1,leave_environment_F_walk,dct,32,0.01,40,40,40,0
S1,leave_environment_F_walk,dct,33,0.01,40,40,40,0
S1,leave_environment_F_walk,dct,34,0.01,40,40,40,0
S1,leave_environment_F_walk,dct,35,0.01,40,40,40,0
S1,leave_environment_F_walk,dct,36,0.01,40,40,40,0
S1,leave_environment_F_walk,dct,37,0.01,40,40,40,0
S1,leave_environment_F_walk,dct,38,0.01,40,40,40,0
S1,leave_environment_F_walk,dct,39,0.01,40,40,40,0
S1,leave_environment_F_walk,dct,40,0.01,40,40,40,0
S1,leave_environment_F_walk,dct,31,0.03162277660168379,40,40,40,0
S1,leave_environment_F_walk,dct,32,0.03162277660168379,40,40,40,0
S1,leave_environment_F_walk,dct,33,0.03162277660168379,40,40,40,0
S1,leave_environment_F_walk,dct,34,0.03162277660168379,40,40,40,0
S1,leave_environment_F_walk,dct,35,0.03162277660168379,40,40,40,0
S1,leave_environment_F_walk,dct,36,0.03162277660168379,40,40,40,0
S1,leave_environment_F_walk,dct,37,0.03162277660168379,40,40,40,0
S1,leave_environment_F_walk,dct,38,0.03162277660168379,40,40,40,0
S1,leave_environment_F_walk,dct,39,0.03162277660168379,40,40,40,0
S1,leave_environment_F_walk,dct,40,0.03162277660168379,40,40,40,0
S1,leave_environment_F_walk,dct,31,0.1,40,40,40,0
S1,leave_environment_F_walk,dct,32,0.1,40,40,40,0
S1,leave_environment_F_walk,dct,33,0.1,40,40,40,0
S1,leave_environment_F_walk,dct,34,0.1,40,40,40,0
S1,leave_environment_F_walk,dct,35,0.1,40,40,40,0
S1,leave_environment_F_walk,dct,36,0.1,40,40,40,0
S1,leave_environment_F_walk,dct,37,0.1,40,40,40,0
S1,leave_environment_F_walk,dct,38,0.1,40,40,40,0
S1,leave_environment_F_walk,dct,39,0.1,40,40,40,0
S1,leave_environment_F_walk,dct,40,0.1,40,40,40,0
S1,leave_environment_F_walk,dct,31,0.25,40,0,0,0
S1,leave_environment_F_walk,dct,32,0.25,40,0,0,0
S1,leave_environment_F_walk,dct,33,0.25,40,0,0,0
S1,leave_environment_F_walk,dct,34,0.25,40,0,0,0
S1,leave_environment_F_walk,dct,35,0.25,40,0,0,0
S1,leave_environment_F_walk,dct,36,0.25,40,0,0,0
S1,leave_environment_F_walk,dct,37,0.25,40,0,0,0
S1,leave_environment_F_walk,dct,38,0.25,40,0,0,0
S1,leave_environment_F_walk,dct,39,0.25,40,0,0,0
S1,leave_environment_F_walk,dct,40,0.25,40,0,0,0
S1,leave_environment_F_walk,dft,31,1e-06,40,0,40,0
S1,leave_environment_F_walk,dft,32,1e-06,40,0,40,0
S1,leave_environment_F_walk,dft,33,1e-06,40,0,40,0
S1,leave_environment_F_walk,dft,34,1e-06,40,0,40,0
S1,leave_environment_F_walk,dft,35,1e-06,40,0,40,0
S1,leave_environment_F_walk,dft,36,1e-06,40,0,40,0
S1,leave_environment_F_walk,dft,37,1e-06,40,0,40,0
S1,leave_environment_F_walk,dft,38,1e-06,40,0,40,0
S1,leave_environment_F_walk,dft,39,1e-06,40,0,40,0
S1,leave_environment_F_walk,dft,40,1e-06,40,0,40,0
S1,leave_environment_F_walk,dft,31,3.162277660168379e-06,40,0,40,0
S1,leave_environment_F_walk,dft,32,3.162277660168379e-06,40,0,40,0
S1,leave_environment_F_walk,dft,33,3.162277660168379e-06,40,0,40,0
S1,leave_environment_F_walk,dft,34,3.162277660168379e-06,40,0,40,0
S1,leave_environment_F_walk,dft,35,3.162277660168379e-06,40,0,40,0
S1,leave_environment_F_walk,dft,36,3.162277660168379e-06,40,0,40,0
S1,leave_environment_F_walk,dft,37,3.162277660168379e-06,40,0,40,0
S1,leave_environment_F_walk,dft,38,3.162277660168379e-06,40,0,40,0
S1,leave_environment_F_walk,dft,39,3.162277660168379e-06,40,0,40,0
S1,leave_environment_F_walk,dft,40,3.162277660168379e-06,40,0,40,0
S1,leave_environment_F_walk,dft,31,1e-05,40,0,40,0
S1,leave_environment_F_walk,dft,32,1e-05,40,0,40,0
S1,leave_environment_F_walk,dft,33,1e-05,40,0,40,0
S1,leave_environment_F_walk,dft,34,1e-05,40,0,40,0
S1,leave_environment_F_walk,dft,35,1e-05,40,0,40,0
S1,leave_environment_F_walk,dft,36,1e-05,40,0,40,0
S1,leave_environment_F_walk,dft,37,1e-05,40,0,40,0
S1,leave_environment_F_walk,dft,38,1e-05,40,0,40,0
S1,leave_environment_F_walk,dft,39,1e-05,40,0,40,0
S1,leave_environment_F_walk,dft,40,1e-05,40,0,40,0
S1,leave_environment_F_walk,dft,31,3.1622776601683795e-05,40,0,40,0
S1,leave_environment_F_walk,dft,32,3.1622776601683795e-05,40,0,40,0
S1,leave_environment_F_walk,dft,33,3.1622776601683795e-05,40,0,40,0
S1,leave_environment_F_walk,dft,34,3.1622776601683795e-05,40,0,40,0
S1,leave_environment_F_walk,dft,35,3.1622776601683795e-05,40,0,40,0
S1,leave_environment_F_walk,dft,36,3.1622776601683795e-05,40,0,40,0
S1,leave_environment_F_walk,dft,37,3.1622776601683795e-05,40,0,40,0
S1,leave_environment_F_walk,dft,38,3.1622776601683795e-05,40,0,40,0
S1,leave_environment_F_walk,dft,39,3.1622776601683795e-05,40,0,40,0
S1,leave_environment_F_walk,dft,40,3.1622776601683795e-05,40,0,40,0
S1,leave_environment_F_walk,dft,31,0.0001,40,0,40,0
S1,leave_environment_F_walk,dft,32,0.0001,40,0,40,0
S1,leave_environment_F_walk,dft,33,0.0001,40,0,40,0
S1,leave_environment_F_walk,dft,34,0.0001,40,0,40,0
S1,leave_environment_F_walk,dft,35,0.0001,40,0,40,0
S1,leave_environment_F_walk,dft,36,0.0001,40,0,40,0
S1,leave_environment_F_walk,dft,37,0.0001,40,0,40,0
S1,leave_environment_F_walk,dft,38,0.0001,40,0,40,0
S1,leave_environment_F_walk,dft,39,0.0001,40,0,40,0
S1,leave_environment_F_walk,dft,40,0.0001,40,0,40,0
S1,leave_environment_F_walk,dft,31,0.00031622776601683794,40,0,40,0
S1,leave_environment_F_walk,dft,32,0.00031622776601683794,40,0,40,0
S1,leave_environment_F_walk,dft,33,0.00031622776601683794,40,0,40,0
S1,leave_environment_F_walk,dft,34,0.00031622776601683794,40,0,40,0
S1,leave_environment_F_walk,dft,35,0.00031622776601683794,40,0,40,0
S1,leave_environment_F_walk,dft,36,0.00031622776601683794,40,0,40,0
S1,leave_environment_F_walk,dft,37,0.00031622776601683794,40,0,40,0
S1,leave_environment_F_walk,dft,38,0.00031622776601683794,40,0,40,0
S1,leave_environment_F_walk,dft,39,0.00031622776601683794,40,0,40,0
S1,leave_environment_F_walk,dft,40,0.00031622776601683794,40,0,40,0
S1,leave_environment_F_walk,dft,31,0.001,40,4,40,0
S1,leave_environment_F_walk,dft,32,0.001,40,28,40,0
S1,leave_environment_F_walk,dft,33,0.001,40,16,40,0
S1,leave_environment_F_walk,dft,34,0.001,40,0,40,0
S1,leave_environment_F_walk,dft,35,0.001,40,0,40,0
S1,leave_environment_F_walk,dft,36,0.001,40,15,40,0
S1,leave_environment_F_walk,dft,37,0.001,40,12,40,0
S1,leave_environment_F_walk,dft,38,0.001,40,0,40,0
S1,leave_environment_F_walk,dft,39,0.001,40,7,40,0
S1,leave_environment_F_walk,dft,40,0.001,40,3,40,0
S1,leave_environment_F_walk,dft,31,0.0031622776601683794,40,39,40,0
S1,leave_environment_F_walk,dft,32,0.0031622776601683794,40,30,40,0
S1,leave_environment_F_walk,dft,33,0.0031622776601683794,40,24,40,0
S1,leave_environment_F_walk,dft,34,0.0031622776601683794,40,0,40,0
S1,leave_environment_F_walk,dft,35,0.0031622776601683794,40,0,40,0
S1,leave_environment_F_walk,dft,36,0.0031622776601683794,40,15,40,0
S1,leave_environment_F_walk,dft,37,0.0031622776601683794,40,18,40,0
S1,leave_environment_F_walk,dft,38,0.0031622776601683794,40,0,40,0
S1,leave_environment_F_walk,dft,39,0.0031622776601683794,40,8,40,0
S1,leave_environment_F_walk,dft,40,0.0031622776601683794,40,4,40,0
S1,leave_environment_F_walk,dft,31,0.01,40,40,40,0
S1,leave_environment_F_walk,dft,32,0.01,40,40,40,0
S1,leave_environment_F_walk,dft,33,0.01,40,40,40,0
S1,leave_environment_F_walk,dft,34,0.01,40,39,40,0
S1,leave_environment_F_walk,dft,35,0.01,40,39,40,0
S1,leave_environment_F_walk,dft,36,0.01,40,40,40,0
S1,leave_environment_F_walk,dft,37,0.01,40,21,40,0
S1,leave_environment_F_walk,dft,38,0.01,40,0,40,0
S1,leave_environment_F_walk,dft,39,0.01,40,22,40,0
S1,leave_environment_F_walk,dft,40,0.01,40,40,40,0
S1,leave_environment_F_walk,dft,31,0.03162277660168379,40,40,40,0
S1,leave_environment_F_walk,dft,32,0.03162277660168379,40,40,40,0
S1,leave_environment_F_walk,dft,33,0.03162277660168379,40,40,40,0
S1,leave_environment_F_walk,dft,34,0.03162277660168379,40,39,40,0
S1,leave_environment_F_walk,dft,35,0.03162277660168379,40,40,40,0
S1,leave_environment_F_walk,dft,36,0.03162277660168379,40,40,40,0
S1,leave_environment_F_walk,dft,37,0.03162277660168379,40,40,40,0
S1,leave_environment_F_walk,dft,38,0.03162277660168379,40,40,40,0
S1,leave_environment_F_walk,dft,39,0.03162277660168379,40,40,40,0
S1,leave_environment_F_walk,dft,40,0.03162277660168379,40,40,40,0
S1,leave_environment_F_walk,dft,31,0.1,40,40,40,0
S1,leave_environment_F_walk,dft,32,0.1,40,40,40,0
S1,leave_environment_F_walk,dft,33,0.1,40,40,40,0
S1,leave_environment_F_walk,dft,34,0.1,40,40,40,0
S1,leave_environment_F_walk,dft,35,0.1,40,40,40,0
S1,leave_environment_F_walk,dft,36,0.1,40,40,40,0
S1,leave_environment_F_walk,dft,37,0.1,40,40,40,0
S1,leave_environment_F_walk,dft,38,0.1,40,40,40,0
S1,leave_environment_F_walk,dft,39,0.1,40,40,40,0
S1,leave_environment_F_walk,dft,40,0.1,40,40,40,0
S1,leave_environment_F_walk,dft,31,0.25,40,0,0,0
S1,leave_environment_F_walk,dft,32,0.25,40,0,0,0
S1,leave_environment_F_walk,dft,33,0.25,40,0,0,0
S1,leave_environment_F_walk,dft,34,0.25,40,0,0,0
S1,leave_environment_F_walk,dft,35,0.25,40,0,0,0
S1,leave_environment_F_walk,dft,36,0.25,40,0,0,0
S1,leave_environment_F_walk,dft,37,0.25,40,0,0,0
S1,leave_environment_F_walk,dft,38,0.25,40,0,0,0
S1,leave_environment_F_walk,dft,39,0.25,40,0,0,0
S1,leave_environment_F_walk,dft,40,0.25,40,0,0,0
S1,leave_environment_F_walk,polynomial,31,1e-06,40,0,40,0
S1,leave_environment_F_walk,polynomial,32,1e-06,40,0,40,0
S1,leave_environment_F_walk,polynomial,33,1e-06,40,0,40,0
S1,leave_environment_F_walk,polynomial,34,1e-06,40,0,40,0
S1,leave_environment_F_walk,polynomial,35,1e-06,40,0,40,0
S1,leave_environment_F_walk,polynomial,36,1e-06,40,0,40,0
S1,leave_environment_F_walk,polynomial,37,1e-06,40,0,40,0
S1,leave_environment_F_walk,polynomial,38,1e-06,40,0,40,0
S1,leave_environment_F_walk,polynomial,39,1e-06,40,0,40,0
S1,leave_environment_F_walk,polynomial,40,1e-06,40,0,40,0
S1,leave_environment_F_walk,polynomial,31,3.162277660168379e-06,40,0,40,0
S1,leave_environment_F_walk,polynomial,32,3.162277660168379e-06,40,0,40,0
S1,leave_environment_F_walk,polynomial,33,3.162277660168379e-06,40,0,40,0
S1,leave_environment_F_walk,polynomial,34,3.162277660168379e-06,40,0,40,0
S1,leave_environment_F_walk,polynomial,35,3.162277660168379e-06,40,0,40,0
S1,leave_environment_F_walk,polynomial,36,3.162277660168379e-06,40,0,40,0
S1,leave_environment_F_walk,polynomial,37,3.162277660168379e-06,40,0,40,0
S1,leave_environment_F_walk,polynomial,38,3.162277660168379e-06,40,0,40,0
S1,leave_environment_F_walk,polynomial,39,3.162277660168379e-06,40,0,40,0
S1,leave_environment_F_walk,polynomial,40,3.162277660168379e-06,40,0,40,0
S1,leave_environment_F_walk,polynomial,31,1e-05,40,0,40,0
S1,leave_environment_F_walk,polynomial,32,1e-05,40,0,40,0
S1,leave_environment_F_walk,polynomial,33,1e-05,40,0,40,0
S1,leave_environment_F_walk,polynomial,34,1e-05,40,0,40,0
S1,leave_environment_F_walk,polynomial,35,1e-05,40,0,40,0
S1,leave_environment_F_walk,polynomial,36,1e-05,40,0,40,0
S1,leave_environment_F_walk,polynomial,37,1e-05,40,0,40,0
S1,leave_environment_F_walk,polynomial,38,1e-05,40,0,40,0
S1,leave_environment_F_walk,polynomial,39,1e-05,40,0,40,0
S1,leave_environment_F_walk,polynomial,40,1e-05,40,0,40,0
S1,leave_environment_F_walk,polynomial,31,3.1622776601683795e-05,40,6,40,0
S1,leave_environment_F_walk,polynomial,32,3.1622776601683795e-05,40,4,40,0
S1,leave_environment_F_walk,polynomial,33,3.1622776601683795e-05,40,1,40,0
S1,leave_environment_F_walk,polynomial,34,3.1622776601683795e-05,40,17,40,0
S1,leave_environment_F_walk,polynomial,35,3.1622776601683795e-05,40,9,40,0
S1,leave_environment_F_walk,polynomial,36,3.1622776601683795e-05,40,23,40,0
S1,leave_environment_F_walk,polynomial,37,3.1622776601683795e-05,40,0,40,0
S1,leave_environment_F_walk,polynomial,38,3.1622776601683795e-05,40,9,40,0
S1,leave_environment_F_walk,polynomial,39,3.1622776601683795e-05,40,11,40,0
S1,leave_environment_F_walk,polynomial,40,3.1622776601683795e-05,40,4,40,0
S1,leave_environment_F_walk,polynomial,31,0.0001,40,40,40,0
S1,leave_environment_F_walk,polynomial,32,0.0001,40,40,40,0
S1,leave_environment_F_walk,polynomial,33,0.0001,40,36,40,0
S1,leave_environment_F_walk,polynomial,34,0.0001,40,40,40,0
S1,leave_environment_F_walk,polynomial,35,0.0001,40,40,40,0
S1,leave_environment_F_walk,polynomial,36,0.0001,40,40,40,0
S1,leave_environment_F_walk,polynomial,37,0.0001,40,36,40,0
S1,leave_environment_F_walk,polynomial,38,0.0001,40,40,40,0
S1,leave_environment_F_walk,polynomial,39,0.0001,40,40,40,0
S1,leave_environment_F_walk,polynomial,40,0.0001,40,39,40,0
S1,leave_environment_F_walk,polynomial,31,0.00031622776601683794,40,40,40,0
S1,leave_environment_F_walk,polynomial,32,0.00031622776601683794,40,40,40,0
S1,leave_environment_F_walk,polynomial,33,0.00031622776601683794,40,38,40,0
S1,leave_environment_F_walk,polynomial,34,0.00031622776601683794,40,40,40,0
S1,leave_environment_F_walk,polynomial,35,0.00031622776601683794,40,40,40,0
S1,leave_environment_F_walk,polynomial,36,0.00031622776601683794,40,40,40,0
S1,leave_environment_F_walk,polynomial,37,0.00031622776601683794,40,40,40,0
S1,leave_environment_F_walk,polynomial,38,0.00031622776601683794,40,40,40,0
S1,leave_environment_F_walk,polynomial,39,0.00031622776601683794,40,40,40,0
S1,leave_environment_F_walk,polynomial,40,0.00031622776601683794,40,40,40,0
S1,leave_environment_F_walk,polynomial,31,0.001,40,40,40,0
S1,leave_environment_F_walk,polynomial,32,0.001,40,40,40,0
S1,leave_environment_F_walk,polynomial,33,0.001,40,40,40,0
S1,leave_environment_F_walk,polynomial,34,0.001,40,40,40,0
S1,leave_environment_F_walk,polynomial,35,0.001,40,40,40,0
S1,leave_environment_F_walk,polynomial,36,0.001,40,40,40,0
S1,leave_environment_F_walk,polynomial,37,0.001,40,40,40,0
S1,leave_environment_F_walk,polynomial,38,0.001,40,40,40,0
S1,leave_environment_F_walk,polynomial,39,0.001,40,40,40,0
S1,leave_environment_F_walk,polynomial,40,0.001,40,40,40,0
S1,leave_environment_F_walk,polynomial,31,0.0031622776601683794,40,40,40,0
S1,leave_environment_F_walk,polynomial,32,0.0031622776601683794,40,40,40,0
S1,leave_environment_F_walk,polynomial,33,0.0031622776601683794,40,40,40,0
S1,leave_environment_F_walk,polynomial,34,0.0031622776601683794,40,40,40,0
S1,leave_environment_F_walk,polynomial,35,0.0031622776601683794,40,40,40,0
S1,leave_environment_F_walk,polynomial,36,0.0031622776601683794,40,40,40,0
S1,leave_environment_F_walk,polynomial,37,0.0031622776601683794,40,40,40,0
S1,leave_environment_F_walk,polynomial,38,0.0031622776601683794,40,40,40,0
S1,leave_environment_F_walk,polynomial,39,0.0031622776601683794,40,40,40,0
S1,leave_environment_F_walk,polynomial,40,0.0031622776601683794,40,40,40,0
S1,leave_environment_F_walk,polynomial,31,0.01,40,40,40,0
S1,leave_environment_F_walk,polynomial,32,0.01,40,40,40,0
S1,leave_environment_F_walk,polynomial,33,0.01,40,40,40,0
S1,leave_environment_F_walk,polynomial,34,0.01,40,40,40,0
S1,leave_environment_F_walk,polynomial,35,0.01,40,40,40,0
S1,leave_environment_F_walk,polynomial,36,0.01,40,40,40,0
S1,leave_environment_F_walk,polynomial,37,0.01,40,40,40,0
S1,leave_environment_F_walk,polynomial,38,0.01,40,40,40,0
S1,leave_environment_F_walk,polynomial,39,0.01,40,40,40,0
S1,leave_environment_F_walk,polynomial,40,0.01,40,40,40,0
S1,leave_environment_F_walk,polynomial,31,0.03162277660168379,40,40,40,0
S1,leave_environment_F_walk,polynomial,32,0.03162277660168379,40,40,40,0
S1,leave_environment_F_walk,polynomial,33,0.03162277660168379,40,40,40,0
S1,leave_environment_F_walk,polynomial,34,0.03162277660168379,40,40,40,0
S1,leave_environment_F_walk,polynomial,35,0.03162277660168379,40,40,40,0
S1,leave_environment_F_walk,polynomial,36,0.03162277660168379,40,40,40,0
S1,leave_environment_F_walk,polynomial,37,0.03162277660168379,40,40,40,0
S1,leave_environment_F_walk,polynomial,38,0.03162277660168379,40,40,40,0
S1,leave_environment_F_walk,polynomial,39,0.03162277660168379,40,40,40,0
S1,leave_environment_F_walk,polynomial,40,0.03162277660168379,40,40,40,0
S1,leave_environment_F_walk,polynomial,31,0.1,40,40,40,0
S1,leave_environment_F_walk,polynomial,32,0.1,40,40,40,0
S1,leave_environment_F_walk,polynomial,33,0.1,40,40,40,0
S1,leave_environment_F_walk,polynomial,34,0.1,40,40,40,0
S1,leave_environment_F_walk,polynomial,35,0.1,40,40,40,0
S1,leave_environment_F_walk,polynomial,36,0.1,40,40,40,0
S1,leave_environment_F_walk,polynomial,37,0.1,40,40,40,0
S1,leave_environment_F_walk,polynomial,38,0.1,40,40,40,0
S1,leave_environment_F_walk,polynomial,39,0.1,40,40,40,0
S1,leave_environment_F_walk,polynomial,40,0.1,40,40,40,0
S1,leave_environment_F_walk,polynomial,31,0.25,40,0,0,0
S1,leave_environment_F_walk,polynomial,32,0.25,40,0,0,0
S1,leave_environment_F_walk,polynomial,33,0.25,40,0,0,0
S1,leave_environment_F_walk,polynomial,34,0.25,40,0,0,0
S1,leave_environment_F_walk,polynomial,35,0.25,40,0,0,0
S1,leave_environment_F_walk,polynomial,36,0.25,40,0,0,0
S1,leave_environment_F_walk,polynomial,37,0.25,40,0,0,0
S1,leave_environment_F_walk,polynomial,38,0.25,40,0,0,0
S1,leave_environment_F_walk,polynomial,39,0.25,40,0,0,0
S1,leave_environment_F_walk,polynomial,40,0.25,40,0,0,0
S1,leave_environment_F_walk,random_orthogonal,31,1e-06,40,0,40,0
S1,leave_environment_F_walk,random_orthogonal,32,1e-06,40,0,40,0
S1,leave_environment_F_walk,random_orthogonal,33,1e-06,40,0,40,0
S1,leave_environment_F_walk,random_orthogonal,34,1e-06,40,0,40,0
S1,leave_environment_F_walk,random_orthogonal,35,1e-06,40,0,40,0
S1,leave_environment_F_walk,random_orthogonal,36,1e-06,40,0,40,0
S1,leave_environment_F_walk,random_orthogonal,37,1e-06,40,0,40,0
S1,leave_environment_F_walk,random_orthogonal,38,1e-06,40,0,40,0
S1,leave_environment_F_walk,random_orthogonal,39,1e-06,40,0,40,0
S1,leave_environment_F_walk,random_orthogonal,40,1e-06,40,0,40,0
S1,leave_environment_F_walk,random_orthogonal,31,3.162277660168379e-06,40,0,40,0
S1,leave_environment_F_walk,random_orthogonal,32,3.162277660168379e-06,40,0,40,0
S1,leave_environment_F_walk,random_orthogonal,33,3.162277660168379e-06,40,0,40,0
S1,leave_environment_F_walk,random_orthogonal,34,3.162277660168379e-06,40,0,40,0
S1,leave_environment_F_walk,random_orthogonal,35,3.162277660168379e-06,40,0,40,0
S1,leave_environment_F_walk,random_orthogonal,36,3.162277660168379e-06,40,0,40,0
S1,leave_environment_F_walk,random_orthogonal,37,3.162277660168379e-06,40,0,40,0
S1,leave_environment_F_walk,random_orthogonal,38,3.162277660168379e-06,40,0,40,0
S1,leave_environment_F_walk,random_orthogonal,39,3.162277660168379e-06,40,0,40,0
S1,leave_environment_F_walk,random_orthogonal,40,3.162277660168379e-06,40,0,40,0
S1,leave_environment_F_walk,random_orthogonal,31,1e-05,40,0,40,0
S1,leave_environment_F_walk,random_orthogonal,32,1e-05,40,0,40,0
S1,leave_environment_F_walk,random_orthogonal,33,1e-05,40,0,40,0
S1,leave_environment_F_walk,random_orthogonal,34,1e-05,40,0,40,0
S1,leave_environment_F_walk,random_orthogonal,35,1e-05,40,0,40,0
S1,leave_environment_F_walk,random_orthogonal,36,1e-05,40,0,40,0
S1,leave_environment_F_walk,random_orthogonal,37,1e-05,40,0,40,0
S1,leave_environment_F_walk,random_orthogonal,38,1e-05,40,0,40,0
S1,leave_environment_F_walk,random_orthogonal,39,1e-05,40,0,40,0
S1,leave_environment_F_walk,random_orthogonal,40,1e-05,40,0,40,0
S1,leave_environment_F_walk,random_orthogonal,31,3.1622776601683795e-05,40,0,40,0
S1,leave_environment_F_walk,random_orthogonal,32,3.1622776601683795e-05,40,0,40,0
S1,leave_environment_F_walk,random_orthogonal,33,3.1622776601683795e-05,40,0,40,0
S1,leave_environment_F_walk,random_orthogonal,34,3.1622776601683795e-05,40,0,40,0
S1,leave_environment_F_walk,random_orthogonal,35,3.1622776601683795e-05,40,0,40,0
S1,leave_environment_F_walk,random_orthogonal,36,3.1622776601683795e-05,40,0,40,0
S1,leave_environment_F_walk,random_orthogonal,37,3.1622776601683795e-05,40,0,40,0
S1,leave_environment_F_walk,random_orthogonal,38,3.1622776601683795e-05,40,0,40,0
S1,leave_environment_F_walk,random_orthogonal,39,3.1622776601683795e-05,40,0,40,0
S1,leave_environment_F_walk,random_orthogonal,40,3.1622776601683795e-05,40,0,40,0
S1,leave_environment_F_walk,random_orthogonal,31,0.0001,40,0,40,0
S1,leave_environment_F_walk,random_orthogonal,32,0.0001,40,0,40,0
S1,leave_environment_F_walk,random_orthogonal,33,0.0001,40,0,40,0
S1,leave_environment_F_walk,random_orthogonal,34,0.0001,40,0,40,0
S1,leave_environment_F_walk,random_orthogonal,35,0.0001,40,0,40,0
S1,leave_environment_F_walk,random_orthogonal,36,0.0001,40,0,40,0
S1,leave_environment_F_walk,random_orthogonal,37,0.0001,40,0,40,0
S1,leave_environment_F_walk,random_orthogonal,38,0.0001,40,0,40,0
S1,leave_environment_F_walk,random_orthogonal,39,0.0001,40,0,40,0
S1,leave_environment_F_walk,random_orthogonal,40,0.0001,40,0,40,0
S1,leave_environment_F_walk,random_orthogonal,31,0.00031622776601683794,40,0,40,0
S1,leave_environment_F_walk,random_orthogonal,32,0.00031622776601683794,40,0,40,0
S1,leave_environment_F_walk,random_orthogonal,33,0.00031622776601683794,40,0,40,0
S1,leave_environment_F_walk,random_orthogonal,34,0.00031622776601683794,40,0,40,0
S1,leave_environment_F_walk,random_orthogonal,35,0.00031622776601683794,40,0,40,0
S1,leave_environment_F_walk,random_orthogonal,36,0.00031622776601683794,40,0,40,0
S1,leave_environment_F_walk,random_orthogonal,37,0.00031622776601683794,40,0,40,0
S1,leave_environment_F_walk,random_orthogonal,38,0.00031622776601683794,40,0,40,0
S1,leave_environment_F_walk,random_orthogonal,39,0.00031622776601683794,40,0,40,0
S1,leave_environment_F_walk,random_orthogonal,40,0.00031622776601683794,40,0,40,0
S1,leave_environment_F_walk,random_orthogonal,31,0.001,40,0,40,0
S1,leave_environment_F_walk,random_orthogonal,32,0.001,40,0,40,0
S1,leave_environment_F_walk,random_orthogonal,33,0.001,40,0,40,0
S1,leave_environment_F_walk,random_orthogonal,34,0.001,40,0,40,0
S1,leave_environment_F_walk,random_orthogonal,35,0.001,40,0,40,0
S1,leave_environment_F_walk,random_orthogonal,36,0.001,40,0,40,0
S1,leave_environment_F_walk,random_orthogonal,37,0.001,40,0,40,0
S1,leave_environment_F_walk,random_orthogonal,38,0.001,40,0,40,0
S1,leave_environment_F_walk,random_orthogonal,39,0.001,40,0,40,0
S1,leave_environment_F_walk,random_orthogonal,40,0.001,40,0,40,0
S1,leave_environment_F_walk,random_orthogonal,31,0.0031622776601683794,40,0,40,0
S1,leave_environment_F_walk,random_orthogonal,32,0.0031622776601683794,40,0,40,0
S1,leave_environment_F_walk,random_orthogonal,33,0.0031622776601683794,40,0,40,0
S1,leave_environment_F_walk,random_orthogonal,34,0.0031622776601683794,40,0,40,0
S1,leave_environment_F_walk,random_orthogonal,35,0.0031622776601683794,40,0,40,0
S1,leave_environment_F_walk,random_orthogonal,36,0.0031622776601683794,40,0,40,0
S1,leave_environment_F_walk,random_orthogonal,37,0.0031622776601683794,40,0,40,0
S1,leave_environment_F_walk,random_orthogonal,38,0.0031622776601683794,40,0,40,0
S1,leave_environment_F_walk,random_orthogonal,39,0.0031622776601683794,40,0,40,0
S1,leave_environment_F_walk,random_orthogonal,40,0.0031622776601683794,40,0,40,0
S1,leave_environment_F_walk,random_orthogonal,31,0.01,40,7,40,0
S1,leave_environment_F_walk,random_orthogonal,32,0.01,40,1,40,0
S1,leave_environment_F_walk,random_orthogonal,33,0.01,40,6,40,0
S1,leave_environment_F_walk,random_orthogonal,34,0.01,40,1,40,0
S1,leave_environment_F_walk,random_orthogonal,35,0.01,40,6,40,0
S1,leave_environment_F_walk,random_orthogonal,36,0.01,40,0,40,0
S1,leave_environment_F_walk,random_orthogonal,37,0.01,40,7,40,0
S1,leave_environment_F_walk,random_orthogonal,38,0.01,40,1,40,0
S1,leave_environment_F_walk,random_orthogonal,39,0.01,40,4,40,0
S1,leave_environment_F_walk,random_orthogonal,40,0.01,40,8,40,0
S1,leave_environment_F_walk,random_orthogonal,31,0.03162277660168379,40,40,40,0
S1,leave_environment_F_walk,random_orthogonal,32,0.03162277660168379,40,40,40,0
S1,leave_environment_F_walk,random_orthogonal,33,0.03162277660168379,40,40,40,0
S1,leave_environment_F_walk,random_orthogonal,34,0.03162277660168379,40,40,40,0
S1,leave_environment_F_walk,random_orthogonal,35,0.03162277660168379,40,40,40,0
S1,leave_environment_F_walk,random_orthogonal,36,0.03162277660168379,40,40,40,0
S1,leave_environment_F_walk,random_orthogonal,37,0.03162277660168379,40,40,40,0
S1,leave_environment_F_walk,random_orthogonal,38,0.03162277660168379,40,40,40,0
S1,leave_environment_F_walk,random_orthogonal,39,0.03162277660168379,40,40,40,0
S1,leave_environment_F_walk,random_orthogonal,40,0.03162277660168379,40,40,40,0
S1,leave_environment_F_walk,random_orthogonal,31,0.1,40,40,40,0
S1,leave_environment_F_walk,random_orthogonal,32,0.1,40,40,40,0
S1,leave_environment_F_walk,random_orthogonal,33,0.1,40,40,40,0
S1,leave_environment_F_walk,random_orthogonal,34,0.1,40,40,40,0
S1,leave_environment_F_walk,random_orthogonal,35,0.1,40,40,40,0
S1,leave_environment_F_walk,random_orthogonal,36,0.1,40,40,40,0
S1,leave_environment_F_walk,random_orthogonal,37,0.1,40,40,40,0
S1,leave_environment_F_walk,random_orthogonal,38,0.1,40,40,40,0
S1,leave_environment_F_walk,random_orthogonal,39,0.1,40,40,40,0
S1,leave_environment_F_walk,random_orthogonal,40,0.1,40,40,40,0
S1,leave_environment_F_walk,random_orthogonal,31,0.25,40,0,0,0
S1,leave_environment_F_walk,random_orthogonal,32,0.25,40,0,0,0
S1,leave_environment_F_walk,random_orthogonal,33,0.25,40,0,0,0
S1,leave_environment_F_walk,random_orthogonal,34,0.25,40,0,0,0
S1,leave_environment_F_walk,random_orthogonal,35,0.25,40,0,0,0
S1,leave_environment_F_walk,random_orthogonal,36,0.25,40,0,0,0
S1,leave_environment_F_walk,random_orthogonal,37,0.25,40,0,0,0
S1,leave_environment_F_walk,random_orthogonal,38,0.25,40,0,0,0
S1,leave_environment_F_walk,random_orthogonal,39,0.25,40,0,0,0
S1,leave_environment_F_walk,random_orthogonal,40,0.25,40,0,0,0
S1,leave_environment_F_walk,permuted_polynomial,31,1e-06,40,0,40,0
S1,leave_environment_F_walk,permuted_polynomial,32,1e-06,40,0,40,0
S1,leave_environment_F_walk,permuted_polynomial,33,1e-06,40,0,40,0
S1,leave_environment_F_walk,permuted_polynomial,34,1e-06,40,0,40,0
S1,leave_environment_F_walk,permuted_polynomial,35,1e-06,40,0,40,0
S1,leave_environment_F_walk,permuted_polynomial,36,1e-06,40,0,40,0
S1,leave_environment_F_walk,permuted_polynomial,37,1e-06,40,0,40,0
S1,leave_environment_F_walk,permuted_polynomial,38,1e-06,40,0,40,0
S1,leave_environment_F_walk,permuted_polynomial,39,1e-06,40,0,40,0
S1,leave_environment_F_walk,permuted_polynomial,40,1e-06,40,0,40,0
S1,leave_environment_F_walk,permuted_polynomial,31,3.162277660168379e-06,40,0,40,0
S1,leave_environment_F_walk,permuted_polynomial,32,3.162277660168379e-06,40,0,40,0
S1,leave_environment_F_walk,permuted_polynomial,33,3.162277660168379e-06,40,0,40,0
S1,leave_environment_F_walk,permuted_polynomial,34,3.162277660168379e-06,40,0,40,0
S1,leave_environment_F_walk,permuted_polynomial,35,3.162277660168379e-06,40,0,40,0
S1,leave_environment_F_walk,permuted_polynomial,36,3.162277660168379e-06,40,0,40,0
S1,leave_environment_F_walk,permuted_polynomial,37,3.162277660168379e-06,40,0,40,0
S1,leave_environment_F_walk,permuted_polynomial,38,3.162277660168379e-06,40,0,40,0
S1,leave_environment_F_walk,permuted_polynomial,39,3.162277660168379e-06,40,0,40,0
S1,leave_environment_F_walk,permuted_polynomial,40,3.162277660168379e-06,40,0,40,0
S1,leave_environment_F_walk,permuted_polynomial,31,1e-05,40,0,40,0
S1,leave_environment_F_walk,permuted_polynomial,32,1e-05,40,0,40,0
S1,leave_environment_F_walk,permuted_polynomial,33,1e-05,40,0,40,0
S1,leave_environment_F_walk,permuted_polynomial,34,1e-05,40,0,40,0
S1,leave_environment_F_walk,permuted_polynomial,35,1e-05,40,0,40,0
S1,leave_environment_F_walk,permuted_polynomial,36,1e-05,40,0,40,0
S1,leave_environment_F_walk,permuted_polynomial,37,1e-05,40,0,40,0
S1,leave_environment_F_walk,permuted_polynomial,38,1e-05,40,0,40,0
S1,leave_environment_F_walk,permuted_polynomial,39,1e-05,40,0,40,0
S1,leave_environment_F_walk,permuted_polynomial,40,1e-05,40,0,40,0
S1,leave_environment_F_walk,permuted_polynomial,31,3.1622776601683795e-05,40,0,40,0
S1,leave_environment_F_walk,permuted_polynomial,32,3.1622776601683795e-05,40,0,40,0
S1,leave_environment_F_walk,permuted_polynomial,33,3.1622776601683795e-05,40,0,40,0
S1,leave_environment_F_walk,permuted_polynomial,34,3.1622776601683795e-05,40,0,40,0
S1,leave_environment_F_walk,permuted_polynomial,35,3.1622776601683795e-05,40,0,40,0
S1,leave_environment_F_walk,permuted_polynomial,36,3.1622776601683795e-05,40,0,40,0
S1,leave_environment_F_walk,permuted_polynomial,37,3.1622776601683795e-05,40,0,40,0
S1,leave_environment_F_walk,permuted_polynomial,38,3.1622776601683795e-05,40,0,40,0
S1,leave_environment_F_walk,permuted_polynomial,39,3.1622776601683795e-05,40,0,40,0
S1,leave_environment_F_walk,permuted_polynomial,40,3.1622776601683795e-05,40,0,40,0
S1,leave_environment_F_walk,permuted_polynomial,31,0.0001,40,0,40,0
S1,leave_environment_F_walk,permuted_polynomial,32,0.0001,40,0,40,0
S1,leave_environment_F_walk,permuted_polynomial,33,0.0001,40,0,40,0
S1,leave_environment_F_walk,permuted_polynomial,34,0.0001,40,0,40,0
S1,leave_environment_F_walk,permuted_polynomial,35,0.0001,40,0,40,0
S1,leave_environment_F_walk,permuted_polynomial,36,0.0001,40,0,40,0
S1,leave_environment_F_walk,permuted_polynomial,37,0.0001,40,0,40,0
S1,leave_environment_F_walk,permuted_polynomial,38,0.0001,40,0,40,0
S1,leave_environment_F_walk,permuted_polynomial,39,0.0001,40,0,40,0
S1,leave_environment_F_walk,permuted_polynomial,40,0.0001,40,0,40,0
S1,leave_environment_F_walk,permuted_polynomial,31,0.00031622776601683794,40,0,40,0
S1,leave_environment_F_walk,permuted_polynomial,32,0.00031622776601683794,40,0,40,0
S1,leave_environment_F_walk,permuted_polynomial,33,0.00031622776601683794,40,0,40,0
S1,leave_environment_F_walk,permuted_polynomial,34,0.00031622776601683794,40,0,40,0
S1,leave_environment_F_walk,permuted_polynomial,35,0.00031622776601683794,40,0,40,0
S1,leave_environment_F_walk,permuted_polynomial,36,0.00031622776601683794,40,0,40,0
S1,leave_environment_F_walk,permuted_polynomial,37,0.00031622776601683794,40,0,40,0
S1,leave_environment_F_walk,permuted_polynomial,38,0.00031622776601683794,40,0,40,0
S1,leave_environment_F_walk,permuted_polynomial,39,0.00031622776601683794,40,0,40,0
S1,leave_environment_F_walk,permuted_polynomial,40,0.00031622776601683794,40,0,40,0
S1,leave_environment_F_walk,permuted_polynomial,31,0.001,40,4,40,0
S1,leave_environment_F_walk,permuted_polynomial,32,0.001,40,20,40,0
S1,leave_environment_F_walk,permuted_polynomial,33,0.001,40,17,40,0
S1,leave_environment_F_walk,permuted_polynomial,34,0.001,40,0,40,0
S1,leave_environment_F_walk,permuted_polynomial,35,0.001,40,0,40,0
S1,leave_environment_F_walk,permuted_polynomial,36,0.001,40,11,40,0
S1,leave_environment_F_walk,permuted_polynomial,37,0.001,40,8,40,0
S1,leave_environment_F_walk,permuted_polynomial,38,0.001,40,0,40,0
S1,leave_environment_F_walk,permuted_polynomial,39,0.001,40,4,40,0
S1,leave_environment_F_walk,permuted_polynomial,40,0.001,40,3,40,0
S1,leave_environment_F_walk,permuted_polynomial,31,0.0031622776601683794,40,40,40,0
S1,leave_environment_F_walk,permuted_polynomial,32,0.0031622776601683794,40,30,40,0
S1,leave_environment_F_walk,permuted_polynomial,33,0.0031622776601683794,40,23,40,0
S1,leave_environment_F_walk,permuted_polynomial,34,0.0031622776601683794,40,0,40,0
S1,leave_environment_F_walk,permuted_polynomial,35,0.0031622776601683794,40,0,40,0
S1,leave_environment_F_walk,permuted_polynomial,36,0.0031622776601683794,40,15,40,0
S1,leave_environment_F_walk,permuted_polynomial,37,0.0031622776601683794,40,17,40,0
S1,leave_environment_F_walk,permuted_polynomial,38,0.0031622776601683794,40,0,40,0
S1,leave_environment_F_walk,permuted_polynomial,39,0.0031622776601683794,40,8,40,0
S1,leave_environment_F_walk,permuted_polynomial,40,0.0031622776601683794,40,4,40,0
S1,leave_environment_F_walk,permuted_polynomial,31,0.01,40,40,40,0
S1,leave_environment_F_walk,permuted_polynomial,32,0.01,40,40,40,0
S1,leave_environment_F_walk,permuted_polynomial,33,0.01,40,39,40,0
S1,leave_environment_F_walk,permuted_polynomial,34,0.01,40,39,40,0
S1,leave_environment_F_walk,permuted_polynomial,35,0.01,40,39,40,0
S1,leave_environment_F_walk,permuted_polynomial,36,0.01,40,40,40,0
S1,leave_environment_F_walk,permuted_polynomial,37,0.01,40,19,40,0
S1,leave_environment_F_walk,permuted_polynomial,38,0.01,40,0,40,0
S1,leave_environment_F_walk,permuted_polynomial,39,0.01,40,21,40,0
S1,leave_environment_F_walk,permuted_polynomial,40,0.01,40,40,40,0
S1,leave_environment_F_walk,permuted_polynomial,31,0.03162277660168379,40,40,40,0
S1,leave_environment_F_walk,permuted_polynomial,32,0.03162277660168379,40,40,40,0
S1,leave_environment_F_walk,permuted_polynomial,33,0.03162277660168379,40,40,40,0
S1,leave_environment_F_walk,permuted_polynomial,34,0.03162277660168379,40,39,40,0
S1,leave_environment_F_walk,permuted_polynomial,35,0.03162277660168379,40,40,40,0
S1,leave_environment_F_walk,permuted_polynomial,36,0.03162277660168379,40,40,40,0
S1,leave_environment_F_walk,permuted_polynomial,37,0.03162277660168379,40,40,40,0
S1,leave_environment_F_walk,permuted_polynomial,38,0.03162277660168379,40,40,40,0
S1,leave_environment_F_walk,permuted_polynomial,39,0.03162277660168379,40,40,40,0
S1,leave_environment_F_walk,permuted_polynomial,40,0.03162277660168379,40,40,40,0
S1,leave_environment_F_walk,permuted_polynomial,31,0.1,40,40,40,0
S1,leave_environment_F_walk,permuted_polynomial,32,0.1,40,40,40,0
S1,leave_environment_F_walk,permuted_polynomial,33,0.1,40,40,40,0
S1,leave_environment_F_walk,permuted_polynomial,34,0.1,40,40,40,0
S1,leave_environment_F_walk,permuted_polynomial,35,0.1,40,40,40,0
S1,leave_environment_F_walk,permuted_polynomial,36,0.1,40,40,40,0
S1,leave_environment_F_walk,permuted_polynomial,37,0.1,40,40,40,0
S1,leave_environment_F_walk,permuted_polynomial,38,0.1,40,40,40,0
S1,leave_environment_F_walk,permuted_polynomial,39,0.1,40,40,40,0
S1,leave_environment_F_walk,permuted_polynomial,40,0.1,40,40,40,0
S1,leave_environment_F_walk,permuted_polynomial,31,0.25,40,0,0,0
S1,leave_environment_F_walk,permuted_polynomial,32,0.25,40,0,0,0
S1,leave_environment_F_walk,permuted_polynomial,33,0.25,40,0,0,0
S1,leave_environment_F_walk,permuted_polynomial,34,0.25,40,0,0,0
S1,leave_environment_F_walk,permuted_polynomial,35,0.25,40,0,0,0
S1,leave_environment_F_walk,permuted_polynomial,36,0.25,40,0,0,0
S1,leave_environment_F_walk,permuted_polynomial,37,0.25,40,0,0,0
S1,leave_environment_F_walk,permuted_polynomial,38,0.25,40,0,0,0
S1,leave_environment_F_walk,permuted_polynomial,39,0.25,40,0,0,0
S1,leave_environment_F_walk,permuted_polynomial,40,0.25,40,0,0,0
S1,leave_environment_moving_meeting_room,coordinate,31,1e-06,40,0,40,0
S1,leave_environment_moving_meeting_room,coordinate,32,1e-06,40,0,40,0
S1,leave_environment_moving_meeting_room,coordinate,33,1e-06,40,0,40,0
S1,leave_environment_moving_meeting_room,coordinate,34,1e-06,40,0,40,0
S1,leave_environment_moving_meeting_room,coordinate,35,1e-06,40,0,40,0
S1,leave_environment_moving_meeting_room,coordinate,36,1e-06,40,0,40,0
S1,leave_environment_moving_meeting_room,coordinate,37,1e-06,40,0,40,0
S1,leave_environment_moving_meeting_room,coordinate,38,1e-06,40,0,40,0
S1,leave_environment_moving_meeting_room,coordinate,39,1e-06,40,0,40,0
S1,leave_environment_moving_meeting_room,coordinate,40,1e-06,40,0,40,0
S1,leave_environment_moving_meeting_room,coordinate,31,3.162277660168379e-06,40,0,40,0
S1,leave_environment_moving_meeting_room,coordinate,32,3.162277660168379e-06,40,0,40,0
S1,leave_environment_moving_meeting_room,coordinate,33,3.162277660168379e-06,40,0,40,0
S1,leave_environment_moving_meeting_room,coordinate,34,3.162277660168379e-06,40,0,40,0
S1,leave_environment_moving_meeting_room,coordinate,35,3.162277660168379e-06,40,0,40,0
S1,leave_environment_moving_meeting_room,coordinate,36,3.162277660168379e-06,40,0,40,0
S1,leave_environment_moving_meeting_room,coordinate,37,3.162277660168379e-06,40,0,40,0
S1,leave_environment_moving_meeting_room,coordinate,38,3.162277660168379e-06,40,0,40,0
S1,leave_environment_moving_meeting_room,coordinate,39,3.162277660168379e-06,40,0,40,0
S1,leave_environment_moving_meeting_room,coordinate,40,3.162277660168379e-06,40,0,40,0
S1,leave_environment_moving_meeting_room,coordinate,31,1e-05,40,0,40,0
S1,leave_environment_moving_meeting_room,coordinate,32,1e-05,40,0,40,0
S1,leave_environment_moving_meeting_room,coordinate,33,1e-05,40,0,40,0
S1,leave_environment_moving_meeting_room,coordinate,34,1e-05,40,0,40,0
S1,leave_environment_moving_meeting_room,coordinate,35,1e-05,40,0,40,0
S1,leave_environment_moving_meeting_room,coordinate,36,1e-05,40,0,40,0
S1,leave_environment_moving_meeting_room,coordinate,37,1e-05,40,0,40,0
S1,leave_environment_moving_meeting_room,coordinate,38,1e-05,40,0,40,0
S1,leave_environment_moving_meeting_room,coordinate,39,1e-05,40,0,40,0
S1,leave_environment_moving_meeting_room,coordinate,40,1e-05,40,0,40,0
S1,leave_environment_moving_meeting_room,coordinate,31,3.1622776601683795e-05,40,0,40,0
S1,leave_environment_moving_meeting_room,coordinate,32,3.1622776601683795e-05,40,0,40,0
S1,leave_environment_moving_meeting_room,coordinate,33,3.1622776601683795e-05,40,0,40,0
S1,leave_environment_moving_meeting_room,coordinate,34,3.1622776601683795e-05,40,0,40,0
S1,leave_environment_moving_meeting_room,coordinate,35,3.1622776601683795e-05,40,0,40,0
S1,leave_environment_moving_meeting_room,coordinate,36,3.1622776601683795e-05,40,0,40,0
S1,leave_environment_moving_meeting_room,coordinate,37,3.1622776601683795e-05,40,0,40,0
S1,leave_environment_moving_meeting_room,coordinate,38,3.1622776601683795e-05,40,0,40,0
S1,leave_environment_moving_meeting_room,coordinate,39,3.1622776601683795e-05,40,0,40,0
S1,leave_environment_moving_meeting_room,coordinate,40,3.1622776601683795e-05,40,0,40,0
S1,leave_environment_moving_meeting_room,coordinate,31,0.0001,40,0,40,0
S1,leave_environment_moving_meeting_room,coordinate,32,0.0001,40,0,40,0
S1,leave_environment_moving_meeting_room,coordinate,33,0.0001,40,0,40,0
S1,leave_environment_moving_meeting_room,coordinate,34,0.0001,40,0,40,0
S1,leave_environment_moving_meeting_room,coordinate,35,0.0001,40,0,40,0
S1,leave_environment_moving_meeting_room,coordinate,36,0.0001,40,0,40,0
S1,leave_environment_moving_meeting_room,coordinate,37,0.0001,40,0,40,0
S1,leave_environment_moving_meeting_room,coordinate,38,0.0001,40,0,40,0
S1,leave_environment_moving_meeting_room,coordinate,39,0.0001,40,0,40,0
S1,leave_environment_moving_meeting_room,coordinate,40,0.0001,40,0,40,0
S1,leave_environment_moving_meeting_room,coordinate,31,0.00031622776601683794,40,0,40,0
S1,leave_environment_moving_meeting_room,coordinate,32,0.00031622776601683794,40,0,40,0
S1,leave_environment_moving_meeting_room,coordinate,33,0.00031622776601683794,40,0,40,0
S1,leave_environment_moving_meeting_room,coordinate,34,0.00031622776601683794,40,0,40,0
S1,leave_environment_moving_meeting_room,coordinate,35,0.00031622776601683794,40,0,40,0
S1,leave_environment_moving_meeting_room,coordinate,36,0.00031622776601683794,40,0,40,0
S1,leave_environment_moving_meeting_room,coordinate,37,0.00031622776601683794,40,0,40,0
S1,leave_environment_moving_meeting_room,coordinate,38,0.00031622776601683794,40,0,40,0
S1,leave_environment_moving_meeting_room,coordinate,39,0.00031622776601683794,40,0,40,0
S1,leave_environment_moving_meeting_room,coordinate,40,0.00031622776601683794,40,0,40,0
S1,leave_environment_moving_meeting_room,coordinate,31,0.001,40,0,40,0
S1,leave_environment_moving_meeting_room,coordinate,32,0.001,40,0,40,0
S1,leave_environment_moving_meeting_room,coordinate,33,0.001,40,0,40,0
S1,leave_environment_moving_meeting_room,coordinate,34,0.001,40,0,40,0
S1,leave_environment_moving_meeting_room,coordinate,35,0.001,40,0,40,0
S1,leave_environment_moving_meeting_room,coordinate,36,0.001,40,0,40,0
S1,leave_environment_moving_meeting_room,coordinate,37,0.001,40,0,40,0
S1,leave_environment_moving_meeting_room,coordinate,38,0.001,40,0,40,0
S1,leave_environment_moving_meeting_room,coordinate,39,0.001,40,0,40,0
S1,leave_environment_moving_meeting_room,coordinate,40,0.001,40,0,40,0
S1,leave_environment_moving_meeting_room,coordinate,31,0.0031622776601683794,40,0,40,0
S1,leave_environment_moving_meeting_room,coordinate,32,0.0031622776601683794,40,0,40,0
S1,leave_environment_moving_meeting_room,coordinate,33,0.0031622776601683794,40,0,40,0
S1,leave_environment_moving_meeting_room,coordinate,34,0.0031622776601683794,40,0,40,0
S1,leave_environment_moving_meeting_room,coordinate,35,0.0031622776601683794,40,0,40,0
S1,leave_environment_moving_meeting_room,coordinate,36,0.0031622776601683794,40,0,40,0
S1,leave_environment_moving_meeting_room,coordinate,37,0.0031622776601683794,40,0,40,0
S1,leave_environment_moving_meeting_room,coordinate,38,0.0031622776601683794,40,0,40,0
S1,leave_environment_moving_meeting_room,coordinate,39,0.0031622776601683794,40,0,40,0
S1,leave_environment_moving_meeting_room,coordinate,40,0.0031622776601683794,40,0,40,0
S1,leave_environment_moving_meeting_room,coordinate,31,0.01,40,0,40,0
S1,leave_environment_moving_meeting_room,coordinate,32,0.01,40,0,40,0
S1,leave_environment_moving_meeting_room,coordinate,33,0.01,40,0,40,0
S1,leave_environment_moving_meeting_room,coordinate,34,0.01,40,0,40,0
S1,leave_environment_moving_meeting_room,coordinate,35,0.01,40,0,40,0
S1,leave_environment_moving_meeting_room,coordinate,36,0.01,40,0,40,0
S1,leave_environment_moving_meeting_room,coordinate,37,0.01,40,0,40,0
S1,leave_environment_moving_meeting_room,coordinate,38,0.01,40,0,40,0
S1,leave_environment_moving_meeting_room,coordinate,39,0.01,40,0,40,0
S1,leave_environment_moving_meeting_room,coordinate,40,0.01,40,0,40,0
S1,leave_environment_moving_meeting_room,coordinate,31,0.03162277660168379,40,0,40,0
S1,leave_environment_moving_meeting_room,coordinate,32,0.03162277660168379,40,0,40,0
S1,leave_environment_moving_meeting_room,coordinate,33,0.03162277660168379,40,0,40,0
S1,leave_environment_moving_meeting_room,coordinate,34,0.03162277660168379,40,0,40,0
S1,leave_environment_moving_meeting_room,coordinate,35,0.03162277660168379,40,0,39,0
S1,leave_environment_moving_meeting_room,coordinate,36,0.03162277660168379,40,0,39,0
S1,leave_environment_moving_meeting_room,coordinate,37,0.03162277660168379,40,0,40,0
S1,leave_environment_moving_meeting_room,coordinate,38,0.03162277660168379,40,0,40,0
S1,leave_environment_moving_meeting_room,coordinate,39,0.03162277660168379,40,0,40,0
S1,leave_environment_moving_meeting_room,coordinate,40,0.03162277660168379,40,0,40,0
S1,leave_environment_moving_meeting_room,coordinate,31,0.1,40,0,5,0
S1,leave_environment_moving_meeting_room,coordinate,32,0.1,40,0,3,0
S1,leave_environment_moving_meeting_room,coordinate,33,0.1,40,0,3,0
S1,leave_environment_moving_meeting_room,coordinate,34,0.1,40,0,3,0
S1,leave_environment_moving_meeting_room,coordinate,35,0.1,40,0,2,0
S1,leave_environment_moving_meeting_room,coordinate,36,0.1,40,0,3,0
S1,leave_environment_moving_meeting_room,coordinate,37,0.1,40,0,4,0
S1,leave_environment_moving_meeting_room,coordinate,38,0.1,40,0,3,0
S1,leave_environment_moving_meeting_room,coordinate,39,0.1,40,0,6,0
S1,leave_environment_moving_meeting_room,coordinate,40,0.1,40,0,0,0
S1,leave_environment_moving_meeting_room,coordinate,31,0.25,40,0,0,0
S1,leave_environment_moving_meeting_room,coordinate,32,0.25,40,0,0,0
S1,leave_environment_moving_meeting_room,coordinate,33,0.25,40,0,0,0
S1,leave_environment_moving_meeting_room,coordinate,34,0.25,40,0,0,0
S1,leave_environment_moving_meeting_room,coordinate,35,0.25,40,0,0,0
S1,leave_environment_moving_meeting_room,coordinate,36,0.25,40,0,0,0
S1,leave_environment_moving_meeting_room,coordinate,37,0.25,40,0,0,0
S1,leave_environment_moving_meeting_room,coordinate,38,0.25,40,0,0,0
S1,leave_environment_moving_meeting_room,coordinate,39,0.25,40,0,0,0
S1,leave_environment_moving_meeting_room,coordinate,40,0.25,40,0,0,0
S1,leave_environment_moving_meeting_room,dct,31,1e-06,40,0,40,0
S1,leave_environment_moving_meeting_room,dct,32,1e-06,40,0,40,0
S1,leave_environment_moving_meeting_room,dct,33,1e-06,40,0,40,0
S1,leave_environment_moving_meeting_room,dct,34,1e-06,40,0,40,0
S1,leave_environment_moving_meeting_room,dct,35,1e-06,40,0,40,0
S1,leave_environment_moving_meeting_room,dct,36,1e-06,40,0,40,0
S1,leave_environment_moving_meeting_room,dct,37,1e-06,40,0,40,0
S1,leave_environment_moving_meeting_room,dct,38,1e-06,40,0,40,0
S1,leave_environment_moving_meeting_room,dct,39,1e-06,40,0,40,0
S1,leave_environment_moving_meeting_room,dct,40,1e-06,40,0,40,0
S1,leave_environment_moving_meeting_room,dct,31,3.162277660168379e-06,40,0,40,0
S1,leave_environment_moving_meeting_room,dct,32,3.162277660168379e-06,40,0,40,0
S1,leave_environment_moving_meeting_room,dct,33,3.162277660168379e-06,40,0,40,0
S1,leave_environment_moving_meeting_room,dct,34,3.162277660168379e-06,40,0,40,0
S1,leave_environment_moving_meeting_room,dct,35,3.162277660168379e-06,40,0,40,0
S1,leave_environment_moving_meeting_room,dct,36,3.162277660168379e-06,40,0,40,0
S1,leave_environment_moving_meeting_room,dct,37,3.162277660168379e-06,40,0,40,0
S1,leave_environment_moving_meeting_room,dct,38,3.162277660168379e-06,40,0,40,0
S1,leave_environment_moving_meeting_room,dct,39,3.162277660168379e-06,40,0,40,0
S1,leave_environment_moving_meeting_room,dct,40,3.162277660168379e-06,40,0,40,0
S1,leave_environment_moving_meeting_room,dct,31,1e-05,40,0,40,0
S1,leave_environment_moving_meeting_room,dct,32,1e-05,40,0,40,0
S1,leave_environment_moving_meeting_room,dct,33,1e-05,40,0,40,0
S1,leave_environment_moving_meeting_room,dct,34,1e-05,40,0,40,0
S1,leave_environment_moving_meeting_room,dct,35,1e-05,40,0,40,0
S1,leave_environment_moving_meeting_room,dct,36,1e-05,40,0,40,0
S1,leave_environment_moving_meeting_room,dct,37,1e-05,40,0,40,0
S1,leave_environment_moving_meeting_room,dct,38,1e-05,40,0,40,0
S1,leave_environment_moving_meeting_room,dct,39,1e-05,40,0,40,0
S1,leave_environment_moving_meeting_room,dct,40,1e-05,40,0,40,0
S1,leave_environment_moving_meeting_room,dct,31,3.1622776601683795e-05,40,0,40,0
S1,leave_environment_moving_meeting_room,dct,32,3.1622776601683795e-05,40,0,40,0
S1,leave_environment_moving_meeting_room,dct,33,3.1622776601683795e-05,40,0,40,0
S1,leave_environment_moving_meeting_room,dct,34,3.1622776601683795e-05,40,0,40,0
S1,leave_environment_moving_meeting_room,dct,35,3.1622776601683795e-05,40,0,40,0
S1,leave_environment_moving_meeting_room,dct,36,3.1622776601683795e-05,40,0,40,0
S1,leave_environment_moving_meeting_room,dct,37,3.1622776601683795e-05,40,0,40,0
S1,leave_environment_moving_meeting_room,dct,38,3.1622776601683795e-05,40,0,40,0
S1,leave_environment_moving_meeting_room,dct,39,3.1622776601683795e-05,40,0,40,0
S1,leave_environment_moving_meeting_room,dct,40,3.1622776601683795e-05,40,0,40,0
S1,leave_environment_moving_meeting_room,dct,31,0.0001,40,0,40,0
S1,leave_environment_moving_meeting_room,dct,32,0.0001,40,0,40,0
S1,leave_environment_moving_meeting_room,dct,33,0.0001,40,0,40,0
S1,leave_environment_moving_meeting_room,dct,34,0.0001,40,0,40,0
S1,leave_environment_moving_meeting_room,dct,35,0.0001,40,0,40,0
S1,leave_environment_moving_meeting_room,dct,36,0.0001,40,0,40,0
S1,leave_environment_moving_meeting_room,dct,37,0.0001,40,0,40,0
S1,leave_environment_moving_meeting_room,dct,38,0.0001,40,0,40,0
S1,leave_environment_moving_meeting_room,dct,39,0.0001,40,0,40,0
S1,leave_environment_moving_meeting_room,dct,40,0.0001,40,0,40,0
S1,leave_environment_moving_meeting_room,dct,31,0.00031622776601683794,40,0,40,0
S1,leave_environment_moving_meeting_room,dct,32,0.00031622776601683794,40,0,40,0
S1,leave_environment_moving_meeting_room,dct,33,0.00031622776601683794,40,0,40,0
S1,leave_environment_moving_meeting_room,dct,34,0.00031622776601683794,40,0,40,0
S1,leave_environment_moving_meeting_room,dct,35,0.00031622776601683794,40,0,40,0
S1,leave_environment_moving_meeting_room,dct,36,0.00031622776601683794,40,0,40,0
S1,leave_environment_moving_meeting_room,dct,37,0.00031622776601683794,40,0,40,0
S1,leave_environment_moving_meeting_room,dct,38,0.00031622776601683794,40,0,40,0
S1,leave_environment_moving_meeting_room,dct,39,0.00031622776601683794,40,0,40,0
S1,leave_environment_moving_meeting_room,dct,40,0.00031622776601683794,40,0,40,0
S1,leave_environment_moving_meeting_room,dct,31,0.001,40,0,40,0
S1,leave_environment_moving_meeting_room,dct,32,0.001,40,0,40,0
S1,leave_environment_moving_meeting_room,dct,33,0.001,40,0,40,0
S1,leave_environment_moving_meeting_room,dct,34,0.001,40,0,40,0
S1,leave_environment_moving_meeting_room,dct,35,0.001,40,0,40,0
S1,leave_environment_moving_meeting_room,dct,36,0.001,40,0,40,0
S1,leave_environment_moving_meeting_room,dct,37,0.001,40,0,40,0
S1,leave_environment_moving_meeting_room,dct,38,0.001,40,0,40,0
S1,leave_environment_moving_meeting_room,dct,39,0.001,40,0,40,0
S1,leave_environment_moving_meeting_room,dct,40,0.001,40,0,40,0
S1,leave_environment_moving_meeting_room,dct,31,0.0031622776601683794,40,0,40,0
S1,leave_environment_moving_meeting_room,dct,32,0.0031622776601683794,40,0,40,0
S1,leave_environment_moving_meeting_room,dct,33,0.0031622776601683794,40,0,40,0
S1,leave_environment_moving_meeting_room,dct,34,0.0031622776601683794,40,0,40,0
S1,leave_environment_moving_meeting_room,dct,35,0.0031622776601683794,40,1,40,0
S1,leave_environment_moving_meeting_room,dct,36,0.0031622776601683794,40,0,40,0
S1,leave_environment_moving_meeting_room,dct,37,0.0031622776601683794,40,0,40,0
S1,leave_environment_moving_meeting_room,dct,38,0.0031622776601683794,40,0,40,0
S1,leave_environment_moving_meeting_room,dct,39,0.0031622776601683794,40,0,40,0
S1,leave_environment_moving_meeting_room,dct,40,0.0031622776601683794,40,0,40,0
S1,leave_environment_moving_meeting_room,dct,31,0.01,40,40,40,0
S1,leave_environment_moving_meeting_room,dct,32,0.01,40,40,40,0
S1,leave_environment_moving_meeting_room,dct,33,0.01,40,39,40,0
S1,leave_environment_moving_meeting_room,dct,34,0.01,40,39,40,0
S1,leave_environment_moving_meeting_room,dct,35,0.01,40,38,40,0
S1,leave_environment_moving_meeting_room,dct,36,0.01,40,40,40,0
S1,leave_environment_moving_meeting_room,dct,37,0.01,40,39,40,0
S1,leave_environment_moving_meeting_room,dct,38,0.01,40,40,40,0
S1,leave_environment_moving_meeting_room,dct,39,0.01,40,40,40,0
S1,leave_environment_moving_meeting_room,dct,40,0.01,40,40,40,0
S1,leave_environment_moving_meeting_room,dct,31,0.03162277660168379,40,40,40,0
S1,leave_environment_moving_meeting_room,dct,32,0.03162277660168379,40,40,40,0
S1,leave_environment_moving_meeting_room,dct,33,0.03162277660168379,40,40,40,0
S1,leave_environment_moving_meeting_room,dct,34,0.03162277660168379,40,40,40,0
S1,leave_environment_moving_meeting_room,dct,35,0.03162277660168379,40,40,40,0
S1,leave_environment_moving_meeting_room,dct,36,0.03162277660168379,40,40,40,0
S1,leave_environment_moving_meeting_room,dct,37,0.03162277660168379,40,40,40,0
S1,leave_environment_moving_meeting_room,dct,38,0.03162277660168379,40,40,40,0
S1,leave_environment_moving_meeting_room,dct,39,0.03162277660168379,40,40,40,0
S1,leave_environment_moving_meeting_room,dct,40,0.03162277660168379,40,40,40,0
S1,leave_environment_moving_meeting_room,dct,31,0.1,40,40,40,0
S1,leave_environment_moving_meeting_room,dct,32,0.1,40,40,40,0
S1,leave_environment_moving_meeting_room,dct,33,0.1,40,40,40,0
S1,leave_environment_moving_meeting_room,dct,34,0.1,40,40,40,0
S1,leave_environment_moving_meeting_room,dct,35,0.1,40,40,40,0
S1,leave_environment_moving_meeting_room,dct,36,0.1,40,40,40,0
S1,leave_environment_moving_meeting_room,dct,37,0.1,40,40,40,0
S1,leave_environment_moving_meeting_room,dct,38,0.1,40,40,40,0
S1,leave_environment_moving_meeting_room,dct,39,0.1,40,40,40,0
S1,leave_environment_moving_meeting_room,dct,40,0.1,40,40,40,0
S1,leave_environment_moving_meeting_room,dct,31,0.25,40,0,0,0
S1,leave_environment_moving_meeting_room,dct,32,0.25,40,0,0,0
S1,leave_environment_moving_meeting_room,dct,33,0.25,40,0,0,0
S1,leave_environment_moving_meeting_room,dct,34,0.25,40,0,0,0
S1,leave_environment_moving_meeting_room,dct,35,0.25,40,0,0,0
S1,leave_environment_moving_meeting_room,dct,36,0.25,40,0,0,0
S1,leave_environment_moving_meeting_room,dct,37,0.25,40,0,0,0
S1,leave_environment_moving_meeting_room,dct,38,0.25,40,0,0,0
S1,leave_environment_moving_meeting_room,dct,39,0.25,40,0,0,0
S1,leave_environment_moving_meeting_room,dct,40,0.25,40,0,0,0
S1,leave_environment_moving_meeting_room,dft,31,1e-06,40,0,40,0
S1,leave_environment_moving_meeting_room,dft,32,1e-06,40,0,40,0
S1,leave_environment_moving_meeting_room,dft,33,1e-06,40,0,40,0
S1,leave_environment_moving_meeting_room,dft,34,1e-06,40,0,40,0
S1,leave_environment_moving_meeting_room,dft,35,1e-06,40,0,40,0
S1,leave_environment_moving_meeting_room,dft,36,1e-06,40,0,40,0
S1,leave_environment_moving_meeting_room,dft,37,1e-06,40,0,40,0
S1,leave_environment_moving_meeting_room,dft,38,1e-06,40,0,40,0
S1,leave_environment_moving_meeting_room,dft,39,1e-06,40,0,40,0
S1,leave_environment_moving_meeting_room,dft,40,1e-06,40,0,40,0
S1,leave_environment_moving_meeting_room,dft,31,3.162277660168379e-06,40,0,40,0
S1,leave_environment_moving_meeting_room,dft,32,3.162277660168379e-06,40,0,40,0
S1,leave_environment_moving_meeting_room,dft,33,3.162277660168379e-06,40,0,40,0
S1,leave_environment_moving_meeting_room,dft,34,3.162277660168379e-06,40,0,40,0
S1,leave_environment_moving_meeting_room,dft,35,3.162277660168379e-06,40,0,40,0
S1,leave_environment_moving_meeting_room,dft,36,3.162277660168379e-06,40,0,40,0
S1,leave_environment_moving_meeting_room,dft,37,3.162277660168379e-06,40,0,40,0
S1,leave_environment_moving_meeting_room,dft,38,3.162277660168379e-06,40,0,40,0
S1,leave_environment_moving_meeting_room,dft,39,3.162277660168379e-06,40,0,40,0
S1,leave_environment_moving_meeting_room,dft,40,3.162277660168379e-06,40,0,40,0
S1,leave_environment_moving_meeting_room,dft,31,1e-05,40,0,40,0
S1,leave_environment_moving_meeting_room,dft,32,1e-05,40,0,40,0
S1,leave_environment_moving_meeting_room,dft,33,1e-05,40,0,40,0
S1,leave_environment_moving_meeting_room,dft,34,1e-05,40,0,40,0
S1,leave_environment_moving_meeting_room,dft,35,1e-05,40,0,40,0
S1,leave_environment_moving_meeting_room,dft,36,1e-05,40,0,40,0
S1,leave_environment_moving_meeting_room,dft,37,1e-05,40,0,40,0
S1,leave_environment_moving_meeting_room,dft,38,1e-05,40,0,40,0
S1,leave_environment_moving_meeting_room,dft,39,1e-05,40,0,40,0
S1,leave_environment_moving_meeting_room,dft,40,1e-05,40,0,40,0
S1,leave_environment_moving_meeting_room,dft,31,3.1622776601683795e-05,40,0,40,0
S1,leave_environment_moving_meeting_room,dft,32,3.1622776601683795e-05,40,0,40,0
S1,leave_environment_moving_meeting_room,dft,33,3.1622776601683795e-05,40,0,40,0
S1,leave_environment_moving_meeting_room,dft,34,3.1622776601683795e-05,40,0,40,0
S1,leave_environment_moving_meeting_room,dft,35,3.1622776601683795e-05,40,0,40,0
S1,leave_environment_moving_meeting_room,dft,36,3.1622776601683795e-05,40,0,40,0
S1,leave_environment_moving_meeting_room,dft,37,3.1622776601683795e-05,40,0,40,0
S1,leave_environment_moving_meeting_room,dft,38,3.1622776601683795e-05,40,0,40,0
S1,leave_environment_moving_meeting_room,dft,39,3.1622776601683795e-05,40,0,40,0
S1,leave_environment_moving_meeting_room,dft,40,3.1622776601683795e-05,40,0,40,0
S1,leave_environment_moving_meeting_room,dft,31,0.0001,40,0,40,0
S1,leave_environment_moving_meeting_room,dft,32,0.0001,40,0,40,0
S1,leave_environment_moving_meeting_room,dft,33,0.0001,40,0,40,0
S1,leave_environment_moving_meeting_room,dft,34,0.0001,40,0,40,0
S1,leave_environment_moving_meeting_room,dft,35,0.0001,40,0,40,0
S1,leave_environment_moving_meeting_room,dft,36,0.0001,40,0,40,0
S1,leave_environment_moving_meeting_room,dft,37,0.0001,40,0,40,0
S1,leave_environment_moving_meeting_room,dft,38,0.0001,40,0,40,0
S1,leave_environment_moving_meeting_room,dft,39,0.0001,40,0,40,0
S1,leave_environment_moving_meeting_room,dft,40,0.0001,40,0,40,0
S1,leave_environment_moving_meeting_room,dft,31,0.00031622776601683794,40,0,40,0
S1,leave_environment_moving_meeting_room,dft,32,0.00031622776601683794,40,0,40,0
S1,leave_environment_moving_meeting_room,dft,33,0.00031622776601683794,40,0,40,0
S1,leave_environment_moving_meeting_room,dft,34,0.00031622776601683794,40,0,40,0
S1,leave_environment_moving_meeting_room,dft,35,0.00031622776601683794,40,0,40,0
S1,leave_environment_moving_meeting_room,dft,36,0.00031622776601683794,40,0,40,0
S1,leave_environment_moving_meeting_room,dft,37,0.00031622776601683794,40,0,40,0
S1,leave_environment_moving_meeting_room,dft,38,0.00031622776601683794,40,0,40,0
S1,leave_environment_moving_meeting_room,dft,39,0.00031622776601683794,40,0,40,0
S1,leave_environment_moving_meeting_room,dft,40,0.00031622776601683794,40,0,40,0
S1,leave_environment_moving_meeting_room,dft,31,0.001,40,17,40,0
S1,leave_environment_moving_meeting_room,dft,32,0.001,40,19,40,0
S1,leave_environment_moving_meeting_room,dft,33,0.001,40,11,40,0
S1,leave_environment_moving_meeting_room,dft,34,0.001,40,0,40,0
S1,leave_environment_moving_meeting_room,dft,35,0.001,40,0,40,0
S1,leave_environment_moving_meeting_room,dft,36,0.001,40,10,40,0
S1,leave_environment_moving_meeting_room,dft,37,0.001,40,5,40,0
S1,leave_environment_moving_meeting_room,dft,38,0.001,40,0,40,0
S1,leave_environment_moving_meeting_room,dft,39,0.001,40,3,40,0
S1,leave_environment_moving_meeting_room,dft,40,0.001,40,1,40,0
S1,leave_environment_moving_meeting_room,dft,31,0.0031622776601683794,40,35,40,0
S1,leave_environment_moving_meeting_room,dft,32,0.0031622776601683794,40,26,40,0
S1,leave_environment_moving_meeting_room,dft,33,0.0031622776601683794,40,18,40,0
S1,leave_environment_moving_meeting_room,dft,34,0.0031622776601683794,40,0,40,0
S1,leave_environment_moving_meeting_room,dft,35,0.0031622776601683794,40,0,40,0
S1,leave_environment_moving_meeting_room,dft,36,0.0031622776601683794,40,12,40,0
S1,leave_environment_moving_meeting_room,dft,37,0.0031622776601683794,40,14,40,0
S1,leave_environment_moving_meeting_room,dft,38,0.0031622776601683794,40,1,40,0
S1,leave_environment_moving_meeting_room,dft,39,0.0031622776601683794,40,6,40,0
S1,leave_environment_moving_meeting_room,dft,40,0.0031622776601683794,40,3,40,0
S1,leave_environment_moving_meeting_room,dft,31,0.01,40,38,40,0
S1,leave_environment_moving_meeting_room,dft,32,0.01,40,40,40,0
S1,leave_environment_moving_meeting_room,dft,33,0.01,40,36,40,0
S1,leave_environment_moving_meeting_room,dft,34,0.01,40,30,40,0
S1,leave_environment_moving_meeting_room,dft,35,0.01,40,36,40,0
S1,leave_environment_moving_meeting_room,dft,36,0.01,40,34,40,0
S1,leave_environment_moving_meeting_room,dft,37,0.01,40,20,40,0
S1,leave_environment_moving_meeting_room,dft,38,0.01,40,31,40,0
S1,leave_environment_moving_meeting_room,dft,39,0.01,40,11,40,0
S1,leave_environment_moving_meeting_room,dft,40,0.01,40,32,40,0
S1,leave_environment_moving_meeting_room,dft,31,0.03162277660168379,40,40,40,0
S1,leave_environment_moving_meeting_room,dft,32,0.03162277660168379,40,40,40,0
S1,leave_environment_moving_meeting_room,dft,33,0.03162277660168379,40,39,40,0
S1,leave_environment_moving_meeting_room,dft,34,0.03162277660168379,40,39,40,0
S1,leave_environment_moving_meeting_room,dft,35,0.03162277660168379,40,39,40,0
S1,leave_environment_moving_meeting_room,dft,36,0.03162277660168379,40,40,40,0
S1,leave_environment_moving_meeting_room,dft,37,0.03162277660168379,40,38,40,0
S1,leave_environment_moving_meeting_room,dft,38,0.03162277660168379,40,40,40,0
S1,leave_environment_moving_meeting_room,dft,39,0.03162277660168379,40,40,40,0
S1,leave_environment_moving_meeting_room,dft,40,0.03162277660168379,40,40,40,0
S1,leave_environment_moving_meeting_room,dft,31,0.1,40,40,40,0
S1,leave_environment_moving_meeting_room,dft,32,0.1,40,40,40,0
S1,leave_environment_moving_meeting_room,dft,33,0.1,40,40,40,0
S1,leave_environment_moving_meeting_room,dft,34,0.1,40,40,40,0
S1,leave_environment_moving_meeting_room,dft,35,0.1,40,40,40,0
S1,leave_environment_moving_meeting_room,dft,36,0.1,40,40,40,0
S1,leave_environment_moving_meeting_room,dft,37,0.1,40,39,40,0
S1,leave_environment_moving_meeting_room,dft,38,0.1,40,40,40,0
S1,leave_environment_moving_meeting_room,dft,39,0.1,40,40,40,0
S1,leave_environment_moving_meeting_room,dft,40,0.1,40,40,40,0
S1,leave_environment_moving_meeting_room,dft,31,0.25,40,0,0,0
S1,leave_environment_moving_meeting_room,dft,32,0.25,40,0,0,0
S1,leave_environment_moving_meeting_room,dft,33,0.25,40,0,0,0
S1,leave_environment_moving_meeting_room,dft,34,0.25,40,0,0,0
S1,leave_environment_moving_meeting_room,dft,35,0.25,40,0,0,0
S1,leave_environment_moving_meeting_room,dft,36,0.25,40,0,0,0
S1,leave_environment_moving_meeting_room,dft,37,0.25,40,0,0,0
S1,leave_environment_moving_meeting_room,dft,38,0.25,40,0,0,0
S1,leave_environment_moving_meeting_room,dft,39,0.25,40,0,0,0
S1,leave_environment_moving_meeting_room,dft,40,0.25,40,0,0,0
S1,leave_environment_moving_meeting_room,polynomial,31,1e-06,40,0,40,0
S1,leave_environment_moving_meeting_room,polynomial,32,1e-06,40,0,40,0
S1,leave_environment_moving_meeting_room,polynomial,33,1e-06,40,0,40,0
S1,leave_environment_moving_meeting_room,polynomial,34,1e-06,40,0,40,0
S1,leave_environment_moving_meeting_room,polynomial,35,1e-06,40,0,40,0
S1,leave_environment_moving_meeting_room,polynomial,36,1e-06,40,0,40,0
S1,leave_environment_moving_meeting_room,polynomial,37,1e-06,40,0,40,0
S1,leave_environment_moving_meeting_room,polynomial,38,1e-06,40,0,40,0
S1,leave_environment_moving_meeting_room,polynomial,39,1e-06,40,0,40,0
S1,leave_environment_moving_meeting_room,polynomial,40,1e-06,40,0,40,0
S1,leave_environment_moving_meeting_room,polynomial,31,3.162277660168379e-06,40,0,40,0
S1,leave_environment_moving_meeting_room,polynomial,32,3.162277660168379e-06,40,0,40,0
S1,leave_environment_moving_meeting_room,polynomial,33,3.162277660168379e-06,40,0,40,0
S1,leave_environment_moving_meeting_room,polynomial,34,3.162277660168379e-06,40,0,40,0
S1,leave_environment_moving_meeting_room,polynomial,35,3.162277660168379e-06,40,0,40,0
S1,leave_environment_moving_meeting_room,polynomial,36,3.162277660168379e-06,40,0,40,0
S1,leave_environment_moving_meeting_room,polynomial,37,3.162277660168379e-06,40,0,40,0
S1,leave_environment_moving_meeting_room,polynomial,38,3.162277660168379e-06,40,0,40,0
S1,leave_environment_moving_meeting_room,polynomial,39,3.162277660168379e-06,40,0,40,0
S1,leave_environment_moving_meeting_room,polynomial,40,3.162277660168379e-06,40,0,40,0
S1,leave_environment_moving_meeting_room,polynomial,31,1e-05,40,0,40,0
S1,leave_environment_moving_meeting_room,polynomial,32,1e-05,40,0,40,0
S1,leave_environment_moving_meeting_room,polynomial,33,1e-05,40,0,40,0
S1,leave_environment_moving_meeting_room,polynomial,34,1e-05,40,0,40,0
S1,leave_environment_moving_meeting_room,polynomial,35,1e-05,40,0,40,0
S1,leave_environment_moving_meeting_room,polynomial,36,1e-05,40,0,40,0
S1,leave_environment_moving_meeting_room,polynomial,37,1e-05,40,0,40,0
S1,leave_environment_moving_meeting_room,polynomial,38,1e-05,40,0,40,0
S1,leave_environment_moving_meeting_room,polynomial,39,1e-05,40,0,40,0
S1,leave_environment_moving_meeting_room,polynomial,40,1e-05,40,0,40,0
S1,leave_environment_moving_meeting_room,polynomial,31,3.1622776601683795e-05,40,1,40,0
S1,leave_environment_moving_meeting_room,polynomial,32,3.1622776601683795e-05,40,0,40,0
S1,leave_environment_moving_meeting_room,polynomial,33,3.1622776601683795e-05,40,0,40,0
S1,leave_environment_moving_meeting_room,polynomial,34,3.1622776601683795e-05,40,1,40,0
S1,leave_environment_moving_meeting_room,polynomial,35,3.1622776601683795e-05,40,5,40,0
S1,leave_environment_moving_meeting_room,polynomial,36,3.1622776601683795e-05,40,9,40,0
S1,leave_environment_moving_meeting_room,polynomial,37,3.1622776601683795e-05,40,0,40,0
S1,leave_environment_moving_meeting_room,polynomial,38,3.1622776601683795e-05,40,8,40,0
S1,leave_environment_moving_meeting_room,polynomial,39,3.1622776601683795e-05,40,2,40,0
S1,leave_environment_moving_meeting_room,polynomial,40,3.1622776601683795e-05,40,2,40,0
S1,leave_environment_moving_meeting_room,polynomial,31,0.0001,40,28,40,0
S1,leave_environment_moving_meeting_room,polynomial,32,0.0001,40,35,40,0
S1,leave_environment_moving_meeting_room,polynomial,33,0.0001,40,35,40,0
S1,leave_environment_moving_meeting_room,polynomial,34,0.0001,40,30,40,0
S1,leave_environment_moving_meeting_room,polynomial,35,0.0001,40,33,40,0
S1,leave_environment_moving_meeting_room,polynomial,36,0.0001,40,38,40,0
S1,leave_environment_moving_meeting_room,polynomial,37,0.0001,40,31,40,0
S1,leave_environment_moving_meeting_room,polynomial,38,0.0001,40,38,40,0
S1,leave_environment_moving_meeting_room,polynomial,39,0.0001,40,29,40,0
S1,leave_environment_moving_meeting_room,polynomial,40,0.0001,40,29,40,0
S1,leave_environment_moving_meeting_room,polynomial,31,0.00031622776601683794,40,39,40,0
S1,leave_environment_moving_meeting_room,polynomial,32,0.00031622776601683794,40,40,40,0
S1,leave_environment_moving_meeting_room,polynomial,33,0.00031622776601683794,40,39,40,0
S1,leave_environment_moving_meeting_room,polynomial,34,0.00031622776601683794,40,38,40,0
S1,leave_environment_moving_meeting_room,polynomial,35,0.00031622776601683794,40,37,40,0
S1,leave_environment_moving_meeting_room,polynomial,36,0.00031622776601683794,40,39,40,0
S1,leave_environment_moving_meeting_room,polynomial,37,0.00031622776601683794,40,39,40,0
S1,leave_environment_moving_meeting_room,polynomial,38,0.00031622776601683794,40,39,40,0
S1,leave_environment_moving_meeting_room,polynomial,39,0.00031622776601683794,40,38,40,0
S1,leave_environment_moving_meeting_room,polynomial,40,0.00031622776601683794,40,38,40,0
S1,leave_environment_moving_meeting_room,polynomial,31,0.001,40,40,40,0
S1,leave_environment_moving_meeting_room,polynomial,32,0.001,40,40,40,0
S1,leave_environment_moving_meeting_room,polynomial,33,0.001,40,40,40,0
S1,leave_environment_moving_meeting_room,polynomial,34,0.001,40,39,40,0
S1,leave_environment_moving_meeting_room,polynomial,35,0.001,40,38,40,0
S1,leave_environment_moving_meeting_room,polynomial,36,0.001,40,40,40,0
S1,leave_environment_moving_meeting_room,polynomial,37,0.001,40,40,40,0
S1,leave_environment_moving_meeting_room,polynomial,38,0.001,40,40,40,0
S1,leave_environment_moving_meeting_room,polynomial,39,0.001,40,40,40,0
S1,leave_environment_moving_meeting_room,polynomial,40,0.001,40,39,40,0
S1,leave_environment_moving_meeting_room,polynomial,31,0.0031622776601683794,40,40,40,0
S1,leave_environment_moving_meeting_room,polynomial,32,0.0031622776601683794,40,40,40,0
S1,leave_environment_moving_meeting_room,polynomial,33,0.0031622776601683794,40,40,40,0
S1,leave_environment_moving_meeting_room,polynomial,34,0.0031622776601683794,40,40,40,0
S1,leave_environment_moving_meeting_room,polynomial,35,0.0031622776601683794,40,39,40,0
S1,leave_environment_moving_meeting_room,polynomial,36,0.0031622776601683794,40,40,40,0
S1,leave_environment_moving_meeting_room,polynomial,37,0.0031622776601683794,40,40,40,0
S1,leave_environment_moving_meeting_room,polynomial,38,0.0031622776601683794,40,40,40,0
S1,leave_environment_moving_meeting_room,polynomial,39,0.0031622776601683794,40,40,40,0
S1,leave_environment_moving_meeting_room,polynomial,40,0.0031622776601683794,40,40,40,0
S1,leave_environment_moving_meeting_room,polynomial,31,0.01,40,40,40,0
S1,leave_environment_moving_meeting_room,polynomial,32,0.01,40,40,40,0
S1,leave_environment_moving_meeting_room,polynomial,33,0.01,40,40,40,0
S1,leave_environment_moving_meeting_room,polynomial,34,0.01,40,40,40,0
S1,leave_environment_moving_meeting_room,polynomial,35,0.01,40,40,40,0
S1,leave_environment_moving_meeting_room,polynomial,36,0.01,40,40,40,0
S1,leave_environment_moving_meeting_room,polynomial,37,0.01,40,40,40,0
S1,leave_environment_moving_meeting_room,polynomial,38,0.01,40,40,40,0
S1,leave_environment_moving_meeting_room,polynomial,39,0.01,40,40,40,0
S1,leave_environment_moving_meeting_room,polynomial,40,0.01,40,40,40,0
S1,leave_environment_moving_meeting_room,polynomial,31,0.03162277660168379,40,40,40,0
S1,leave_environment_moving_meeting_room,polynomial,32,0.03162277660168379,40,40,40,0
S1,leave_environment_moving_meeting_room,polynomial,33,0.03162277660168379,40,40,40,0
S1,leave_environment_moving_meeting_room,polynomial,34,0.03162277660168379,40,40,40,0
S1,leave_environment_moving_meeting_room,polynomial,35,0.03162277660168379,40,40,40,0
S1,leave_environment_moving_meeting_room,polynomial,36,0.03162277660168379,40,40,40,0
S1,leave_environment_moving_meeting_room,polynomial,37,0.03162277660168379,40,40,40,0
S1,leave_environment_moving_meeting_room,polynomial,38,0.03162277660168379,40,40,40,0
S1,leave_environment_moving_meeting_room,polynomial,39,0.03162277660168379,40,40,40,0
S1,leave_environment_moving_meeting_room,polynomial,40,0.03162277660168379,40,40,40,0
S1,leave_environment_moving_meeting_room,polynomial,31,0.1,40,40,40,0
S1,leave_environment_moving_meeting_room,polynomial,32,0.1,40,40,40,0
S1,leave_environment_moving_meeting_room,polynomial,33,0.1,40,40,40,0
S1,leave_environment_moving_meeting_room,polynomial,34,0.1,40,40,40,0
S1,leave_environment_moving_meeting_room,polynomial,35,0.1,40,40,40,0
S1,leave_environment_moving_meeting_room,polynomial,36,0.1,40,40,40,0
S1,leave_environment_moving_meeting_room,polynomial,37,0.1,40,40,40,0
S1,leave_environment_moving_meeting_room,polynomial,38,0.1,40,40,40,0
S1,leave_environment_moving_meeting_room,polynomial,39,0.1,40,40,40,0
S1,leave_environment_moving_meeting_room,polynomial,40,0.1,40,40,40,0
S1,leave_environment_moving_meeting_room,polynomial,31,0.25,40,0,0,0
S1,leave_environment_moving_meeting_room,polynomial,32,0.25,40,0,0,0
S1,leave_environment_moving_meeting_room,polynomial,33,0.25,40,0,0,0
S1,leave_environment_moving_meeting_room,polynomial,34,0.25,40,0,0,0
S1,leave_environment_moving_meeting_room,polynomial,35,0.25,40,0,0,0
S1,leave_environment_moving_meeting_room,polynomial,36,0.25,40,0,0,0
S1,leave_environment_moving_meeting_room,polynomial,37,0.25,40,0,0,0
S1,leave_environment_moving_meeting_room,polynomial,38,0.25,40,0,0,0
S1,leave_environment_moving_meeting_room,polynomial,39,0.25,40,0,0,0
S1,leave_environment_moving_meeting_room,polynomial,40,0.25,40,0,0,0
S1,leave_environment_moving_meeting_room,random_orthogonal,31,1e-06,40,0,40,0
S1,leave_environment_moving_meeting_room,random_orthogonal,32,1e-06,40,0,40,0
S1,leave_environment_moving_meeting_room,random_orthogonal,33,1e-06,40,0,40,0
S1,leave_environment_moving_meeting_room,random_orthogonal,34,1e-06,40,0,40,0
S1,leave_environment_moving_meeting_room,random_orthogonal,35,1e-06,40,0,40,0
S1,leave_environment_moving_meeting_room,random_orthogonal,36,1e-06,40,0,40,0
S1,leave_environment_moving_meeting_room,random_orthogonal,37,1e-06,40,0,40,0
S1,leave_environment_moving_meeting_room,random_orthogonal,38,1e-06,40,0,40,0
S1,leave_environment_moving_meeting_room,random_orthogonal,39,1e-06,40,0,40,0
S1,leave_environment_moving_meeting_room,random_orthogonal,40,1e-06,40,0,40,0
S1,leave_environment_moving_meeting_room,random_orthogonal,31,3.162277660168379e-06,40,0,40,0
S1,leave_environment_moving_meeting_room,random_orthogonal,32,3.162277660168379e-06,40,0,40,0
S1,leave_environment_moving_meeting_room,random_orthogonal,33,3.162277660168379e-06,40,0,40,0
S1,leave_environment_moving_meeting_room,random_orthogonal,34,3.162277660168379e-06,40,0,40,0
S1,leave_environment_moving_meeting_room,random_orthogonal,35,3.162277660168379e-06,40,0,40,0
S1,leave_environment_moving_meeting_room,random_orthogonal,36,3.162277660168379e-06,40,0,40,0
S1,leave_environment_moving_meeting_room,random_orthogonal,37,3.162277660168379e-06,40,0,40,0
S1,leave_environment_moving_meeting_room,random_orthogonal,38,3.162277660168379e-06,40,0,40,0
S1,leave_environment_moving_meeting_room,random_orthogonal,39,3.162277660168379e-06,40,0,40,0
S1,leave_environment_moving_meeting_room,random_orthogonal,40,3.162277660168379e-06,40,0,40,0
S1,leave_environment_moving_meeting_room,random_orthogonal,31,1e-05,40,0,40,0
S1,leave_environment_moving_meeting_room,random_orthogonal,32,1e-05,40,0,40,0
S1,leave_environment_moving_meeting_room,random_orthogonal,33,1e-05,40,0,40,0
S1,leave_environment_moving_meeting_room,random_orthogonal,34,1e-05,40,0,40,0
S1,leave_environment_moving_meeting_room,random_orthogonal,35,1e-05,40,0,40,0
S1,leave_environment_moving_meeting_room,random_orthogonal,36,1e-05,40,0,40,0
S1,leave_environment_moving_meeting_room,random_orthogonal,37,1e-05,40,0,40,0
S1,leave_environment_moving_meeting_room,random_orthogonal,38,1e-05,40,0,40,0
S1,leave_environment_moving_meeting_room,random_orthogonal,39,1e-05,40,0,40,0
S1,leave_environment_moving_meeting_room,random_orthogonal,40,1e-05,40,0,40,0
S1,leave_environment_moving_meeting_room,random_orthogonal,31,3.1622776601683795e-05,40,0,40,0
S1,leave_environment_moving_meeting_room,random_orthogonal,32,3.1622776601683795e-05,40,0,40,0
S1,leave_environment_moving_meeting_room,random_orthogonal,33,3.1622776601683795e-05,40,0,40,0
S1,leave_environment_moving_meeting_room,random_orthogonal,34,3.1622776601683795e-05,40,0,40,0
S1,leave_environment_moving_meeting_room,random_orthogonal,35,3.1622776601683795e-05,40,0,40,0
S1,leave_environment_moving_meeting_room,random_orthogonal,36,3.1622776601683795e-05,40,0,40,0
S1,leave_environment_moving_meeting_room,random_orthogonal,37,3.1622776601683795e-05,40,0,40,0
S1,leave_environment_moving_meeting_room,random_orthogonal,38,3.1622776601683795e-05,40,0,40,0
S1,leave_environment_moving_meeting_room,random_orthogonal,39,3.1622776601683795e-05,40,0,40,0
S1,leave_environment_moving_meeting_room,random_orthogonal,40,3.1622776601683795e-05,40,0,40,0
S1,leave_environment_moving_meeting_room,random_orthogonal,31,0.0001,40,0,40,0
S1,leave_environment_moving_meeting_room,random_orthogonal,32,0.0001,40,0,40,0
S1,leave_environment_moving_meeting_room,random_orthogonal,33,0.0001,40,0,40,0
S1,leave_environment_moving_meeting_room,random_orthogonal,34,0.0001,40,0,40,0
S1,leave_environment_moving_meeting_room,random_orthogonal,35,0.0001,40,0,40,0
S1,leave_environment_moving_meeting_room,random_orthogonal,36,0.0001,40,0,40,0
S1,leave_environment_moving_meeting_room,random_orthogonal,37,0.0001,40,0,40,0
S1,leave_environment_moving_meeting_room,random_orthogonal,38,0.0001,40,0,40,0
S1,leave_environment_moving_meeting_room,random_orthogonal,39,0.0001,40,0,40,0
S1,leave_environment_moving_meeting_room,random_orthogonal,40,0.0001,40,0,40,0
S1,leave_environment_moving_meeting_room,random_orthogonal,31,0.00031622776601683794,40,0,40,0
S1,leave_environment_moving_meeting_room,random_orthogonal,32,0.00031622776601683794,40,0,40,0
S1,leave_environment_moving_meeting_room,random_orthogonal,33,0.00031622776601683794,40,0,40,0
S1,leave_environment_moving_meeting_room,random_orthogonal,34,0.00031622776601683794,40,0,40,0
S1,leave_environment_moving_meeting_room,random_orthogonal,35,0.00031622776601683794,40,0,40,0
S1,leave_environment_moving_meeting_room,random_orthogonal,36,0.00031622776601683794,40,0,40,0
S1,leave_environment_moving_meeting_room,random_orthogonal,37,0.00031622776601683794,40,0,40,0
S1,leave_environment_moving_meeting_room,random_orthogonal,38,0.00031622776601683794,40,0,40,0
S1,leave_environment_moving_meeting_room,random_orthogonal,39,0.00031622776601683794,40,0,40,0
S1,leave_environment_moving_meeting_room,random_orthogonal,40,0.00031622776601683794,40,0,40,0
S1,leave_environment_moving_meeting_room,random_orthogonal,31,0.001,40,0,40,0
S1,leave_environment_moving_meeting_room,random_orthogonal,32,0.001,40,0,40,0
S1,leave_environment_moving_meeting_room,random_orthogonal,33,0.001,40,0,40,0
S1,leave_environment_moving_meeting_room,random_orthogonal,34,0.001,40,0,40,0
S1,leave_environment_moving_meeting_room,random_orthogonal,35,0.001,40,0,40,0
S1,leave_environment_moving_meeting_room,random_orthogonal,36,0.001,40,0,40,0
S1,leave_environment_moving_meeting_room,random_orthogonal,37,0.001,40,0,40,0
S1,leave_environment_moving_meeting_room,random_orthogonal,38,0.001,40,0,40,0
S1,leave_environment_moving_meeting_room,random_orthogonal,39,0.001,40,0,40,0
S1,leave_environment_moving_meeting_room,random_orthogonal,40,0.001,40,0,40,0
S1,leave_environment_moving_meeting_room,random_orthogonal,31,0.0031622776601683794,40,0,40,0
S1,leave_environment_moving_meeting_room,random_orthogonal,32,0.0031622776601683794,40,0,40,0
S1,leave_environment_moving_meeting_room,random_orthogonal,33,0.0031622776601683794,40,0,40,0
S1,leave_environment_moving_meeting_room,random_orthogonal,34,0.0031622776601683794,40,0,40,0
S1,leave_environment_moving_meeting_room,random_orthogonal,35,0.0031622776601683794,40,0,40,0
S1,leave_environment_moving_meeting_room,random_orthogonal,36,0.0031622776601683794,40,0,40,0
S1,leave_environment_moving_meeting_room,random_orthogonal,37,0.0031622776601683794,40,0,40,0
S1,leave_environment_moving_meeting_room,random_orthogonal,38,0.0031622776601683794,40,0,40,0
S1,leave_environment_moving_meeting_room,random_orthogonal,39,0.0031622776601683794,40,0,40,0
S1,leave_environment_moving_meeting_room,random_orthogonal,40,0.0031622776601683794,40,0,40,0
S1,leave_environment_moving_meeting_room,random_orthogonal,31,0.01,40,13,40,0
S1,leave_environment_moving_meeting_room,random_orthogonal,32,0.01,40,11,40,0
S1,leave_environment_moving_meeting_room,random_orthogonal,33,0.01,40,9,40,0
S1,leave_environment_moving_meeting_room,random_orthogonal,34,0.01,40,10,40,0
S1,leave_environment_moving_meeting_room,random_orthogonal,35,0.01,40,15,40,0
S1,leave_environment_moving_meeting_room,random_orthogonal,36,0.01,40,8,40,0
S1,leave_environment_moving_meeting_room,random_orthogonal,37,0.01,40,13,40,0
S1,leave_environment_moving_meeting_room,random_orthogonal,38,0.01,40,11,40,0
S1,leave_environment_moving_meeting_room,random_orthogonal,39,0.01,40,14,40,0
S1,leave_environment_moving_meeting_room,random_orthogonal,40,0.01,40,19,40,0
S1,leave_environment_moving_meeting_room,random_orthogonal,31,0.03162277660168379,40,40,40,0
S1,leave_environment_moving_meeting_room,random_orthogonal,32,0.03162277660168379,40,40,40,0
S1,leave_environment_moving_meeting_room,random_orthogonal,33,0.03162277660168379,40,39,40,0
S1,leave_environment_moving_meeting_room,random_orthogonal,34,0.03162277660168379,40,40,40,0
S1,leave_environment_moving_meeting_room,random_orthogonal,35,0.03162277660168379,40,39,40,0
S1,leave_environment_moving_meeting_room,random_orthogonal,36,0.03162277660168379,40,40,40,0
S1,leave_environment_moving_meeting_room,random_orthogonal,37,0.03162277660168379,40,39,40,0
S1,leave_environment_moving_meeting_room,random_orthogonal,38,0.03162277660168379,40,40,40,0
S1,leave_environment_moving_meeting_room,random_orthogonal,39,0.03162277660168379,40,40,40,0
S1,leave_environment_moving_meeting_room,random_orthogonal,40,0.03162277660168379,40,40,40,0
S1,leave_environment_moving_meeting_room,random_orthogonal,31,0.1,40,40,40,0
S1,leave_environment_moving_meeting_room,random_orthogonal,32,0.1,40,40,40,0
S1,leave_environment_moving_meeting_room,random_orthogonal,33,0.1,40,40,40,0
S1,leave_environment_moving_meeting_room,random_orthogonal,34,0.1,40,40,40,0
S1,leave_environment_moving_meeting_room,random_orthogonal,35,0.1,40,40,40,0
S1,leave_environment_moving_meeting_room,random_orthogonal,36,0.1,40,40,40,0
S1,leave_environment_moving_meeting_room,random_orthogonal,37,0.1,40,40,40,0
S1,leave_environment_moving_meeting_room,random_orthogonal,38,0.1,40,40,40,0
S1,leave_environment_moving_meeting_room,random_orthogonal,39,0.1,40,40,40,0
S1,leave_environment_moving_meeting_room,random_orthogonal,40,0.1,40,40,40,0
S1,leave_environment_moving_meeting_room,random_orthogonal,31,0.25,40,0,0,0
S1,leave_environment_moving_meeting_room,random_orthogonal,32,0.25,40,0,0,0
S1,leave_environment_moving_meeting_room,random_orthogonal,33,0.25,40,0,0,0
S1,leave_environment_moving_meeting_room,random_orthogonal,34,0.25,40,0,0,0
S1,leave_environment_moving_meeting_room,random_orthogonal,35,0.25,40,0,0,0
S1,leave_environment_moving_meeting_room,random_orthogonal,36,0.25,40,0,0,0
S1,leave_environment_moving_meeting_room,random_orthogonal,37,0.25,40,0,0,0
S1,leave_environment_moving_meeting_room,random_orthogonal,38,0.25,40,0,0,0
S1,leave_environment_moving_meeting_room,random_orthogonal,39,0.25,40,0,0,0
S1,leave_environment_moving_meeting_room,random_orthogonal,40,0.25,40,0,0,0
S1,leave_environment_moving_meeting_room,permuted_polynomial,31,1e-06,40,0,40,0
S1,leave_environment_moving_meeting_room,permuted_polynomial,32,1e-06,40,0,40,0
S1,leave_environment_moving_meeting_room,permuted_polynomial,33,1e-06,40,0,40,0
S1,leave_environment_moving_meeting_room,permuted_polynomial,34,1e-06,40,0,40,0
S1,leave_environment_moving_meeting_room,permuted_polynomial,35,1e-06,40,0,40,0
S1,leave_environment_moving_meeting_room,permuted_polynomial,36,1e-06,40,0,40,0
S1,leave_environment_moving_meeting_room,permuted_polynomial,37,1e-06,40,0,40,0
S1,leave_environment_moving_meeting_room,permuted_polynomial,38,1e-06,40,0,40,0
S1,leave_environment_moving_meeting_room,permuted_polynomial,39,1e-06,40,0,40,0
S1,leave_environment_moving_meeting_room,permuted_polynomial,40,1e-06,40,0,40,0
S1,leave_environment_moving_meeting_room,permuted_polynomial,31,3.162277660168379e-06,40,0,40,0
S1,leave_environment_moving_meeting_room,permuted_polynomial,32,3.162277660168379e-06,40,0,40,0
S1,leave_environment_moving_meeting_room,permuted_polynomial,33,3.162277660168379e-06,40,0,40,0
S1,leave_environment_moving_meeting_room,permuted_polynomial,34,3.162277660168379e-06,40,0,40,0
S1,leave_environment_moving_meeting_room,permuted_polynomial,35,3.162277660168379e-06,40,0,40,0
S1,leave_environment_moving_meeting_room,permuted_polynomial,36,3.162277660168379e-06,40,0,40,0
S1,leave_environment_moving_meeting_room,permuted_polynomial,37,3.162277660168379e-06,40,0,40,0
S1,leave_environment_moving_meeting_room,permuted_polynomial,38,3.162277660168379e-06,40,0,40,0
S1,leave_environment_moving_meeting_room,permuted_polynomial,39,3.162277660168379e-06,40,0,40,0
S1,leave_environment_moving_meeting_room,permuted_polynomial,40,3.162277660168379e-06,40,0,40,0
S1,leave_environment_moving_meeting_room,permuted_polynomial,31,1e-05,40,0,40,0
S1,leave_environment_moving_meeting_room,permuted_polynomial,32,1e-05,40,0,40,0
S1,leave_environment_moving_meeting_room,permuted_polynomial,33,1e-05,40,0,40,0
S1,leave_environment_moving_meeting_room,permuted_polynomial,34,1e-05,40,0,40,0
S1,leave_environment_moving_meeting_room,permuted_polynomial,35,1e-05,40,0,40,0
S1,leave_environment_moving_meeting_room,permuted_polynomial,36,1e-05,40,0,40,0
S1,leave_environment_moving_meeting_room,permuted_polynomial,37,1e-05,40,0,40,0
S1,leave_environment_moving_meeting_room,permuted_polynomial,38,1e-05,40,0,40,0
S1,leave_environment_moving_meeting_room,permuted_polynomial,39,1e-05,40,0,40,0
S1,leave_environment_moving_meeting_room,permuted_polynomial,40,1e-05,40,0,40,0
S1,leave_environment_moving_meeting_room,permuted_polynomial,31,3.1622776601683795e-05,40,0,40,0
S1,leave_environment_moving_meeting_room,permuted_polynomial,32,3.1622776601683795e-05,40,0,40,0
S1,leave_environment_moving_meeting_room,permuted_polynomial,33,3.1622776601683795e-05,40,0,40,0
S1,leave_environment_moving_meeting_room,permuted_polynomial,34,3.1622776601683795e-05,40,0,40,0
S1,leave_environment_moving_meeting_room,permuted_polynomial,35,3.1622776601683795e-05,40,0,40,0
S1,leave_environment_moving_meeting_room,permuted_polynomial,36,3.1622776601683795e-05,40,0,40,0
S1,leave_environment_moving_meeting_room,permuted_polynomial,37,3.1622776601683795e-05,40,0,40,0
S1,leave_environment_moving_meeting_room,permuted_polynomial,38,3.1622776601683795e-05,40,0,40,0
S1,leave_environment_moving_meeting_room,permuted_polynomial,39,3.1622776601683795e-05,40,0,40,0
S1,leave_environment_moving_meeting_room,permuted_polynomial,40,3.1622776601683795e-05,40,0,40,0
S1,leave_environment_moving_meeting_room,permuted_polynomial,31,0.0001,40,0,40,0
S1,leave_environment_moving_meeting_room,permuted_polynomial,32,0.0001,40,0,40,0
S1,leave_environment_moving_meeting_room,permuted_polynomial,33,0.0001,40,0,40,0
S1,leave_environment_moving_meeting_room,permuted_polynomial,34,0.0001,40,0,40,0
S1,leave_environment_moving_meeting_room,permuted_polynomial,35,0.0001,40,0,40,0
S1,leave_environment_moving_meeting_room,permuted_polynomial,36,0.0001,40,0,40,0
S1,leave_environment_moving_meeting_room,permuted_polynomial,37,0.0001,40,0,40,0
S1,leave_environment_moving_meeting_room,permuted_polynomial,38,0.0001,40,0,40,0
S1,leave_environment_moving_meeting_room,permuted_polynomial,39,0.0001,40,0,40,0
S1,leave_environment_moving_meeting_room,permuted_polynomial,40,0.0001,40,0,40,0
S1,leave_environment_moving_meeting_room,permuted_polynomial,31,0.00031622776601683794,40,0,40,0
S1,leave_environment_moving_meeting_room,permuted_polynomial,32,0.00031622776601683794,40,0,40,0
S1,leave_environment_moving_meeting_room,permuted_polynomial,33,0.00031622776601683794,40,0,40,0
S1,leave_environment_moving_meeting_room,permuted_polynomial,34,0.00031622776601683794,40,0,40,0
S1,leave_environment_moving_meeting_room,permuted_polynomial,35,0.00031622776601683794,40,0,40,0
S1,leave_environment_moving_meeting_room,permuted_polynomial,36,0.00031622776601683794,40,0,40,0
S1,leave_environment_moving_meeting_room,permuted_polynomial,37,0.00031622776601683794,40,0,40,0
S1,leave_environment_moving_meeting_room,permuted_polynomial,38,0.00031622776601683794,40,0,40,0
S1,leave_environment_moving_meeting_room,permuted_polynomial,39,0.00031622776601683794,40,0,40,0
S1,leave_environment_moving_meeting_room,permuted_polynomial,40,0.00031622776601683794,40,0,40,0
S1,leave_environment_moving_meeting_room,permuted_polynomial,31,0.001,40,17,40,0
S1,leave_environment_moving_meeting_room,permuted_polynomial,32,0.001,40,14,40,0
S1,leave_environment_moving_meeting_room,permuted_polynomial,33,0.001,40,10,40,0
S1,leave_environment_moving_meeting_room,permuted_polynomial,34,0.001,40,0,40,0
S1,leave_environment_moving_meeting_room,permuted_polynomial,35,0.001,40,0,40,0
S1,leave_environment_moving_meeting_room,permuted_polynomial,36,0.001,40,8,40,0
S1,leave_environment_moving_meeting_room,permuted_polynomial,37,0.001,40,7,40,0
S1,leave_environment_moving_meeting_room,permuted_polynomial,38,0.001,40,0,40,0
S1,leave_environment_moving_meeting_room,permuted_polynomial,39,0.001,40,3,40,0
S1,leave_environment_moving_meeting_room,permuted_polynomial,40,0.001,40,0,40,0
S1,leave_environment_moving_meeting_room,permuted_polynomial,31,0.0031622776601683794,40,33,40,0
S1,leave_environment_moving_meeting_room,permuted_polynomial,32,0.0031622776601683794,40,26,40,0
S1,leave_environment_moving_meeting_room,permuted_polynomial,33,0.0031622776601683794,40,18,40,0
S1,leave_environment_moving_meeting_room,permuted_polynomial,34,0.0031622776601683794,40,0,40,0
S1,leave_environment_moving_meeting_room,permuted_polynomial,35,0.0031622776601683794,40,0,40,0
S1,leave_environment_moving_meeting_room,permuted_polynomial,36,0.0031622776601683794,40,12,40,0
S1,leave_environment_moving_meeting_room,permuted_polynomial,37,0.0031622776601683794,40,10,40,0
S1,leave_environment_moving_meeting_room,permuted_polynomial,38,0.0031622776601683794,40,1,40,0
S1,leave_environment_moving_meeting_room,permuted_polynomial,39,0.0031622776601683794,40,6,40,0
S1,leave_environment_moving_meeting_room,permuted_polynomial,40,0.0031622776601683794,40,2,40,0
S1,leave_environment_moving_meeting_room,permuted_polynomial,31,0.01,40,38,40,0
S1,leave_environment_moving_meeting_room,permuted_polynomial,32,0.01,40,37,40,0
S1,leave_environment_moving_meeting_room,permuted_polynomial,33,0.01,40,34,40,0
S1,leave_environment_moving_meeting_room,permuted_polynomial,34,0.01,40,30,40,0
S1,leave_environment_moving_meeting_room,permuted_polynomial,35,0.01,40,35,40,0
S1,leave_environment_moving_meeting_room,permuted_polynomial,36,0.01,40,33,40,0
S1,leave_environment_moving_meeting_room,permuted_polynomial,37,0.01,40,19,40,0
S1,leave_environment_moving_meeting_room,permuted_polynomial,38,0.01,40,19,40,0
S1,leave_environment_moving_meeting_room,permuted_polynomial,39,0.01,40,8,40,0
S1,leave_environment_moving_meeting_room,permuted_polynomial,40,0.01,40,31,40,0
S1,leave_environment_moving_meeting_room,permuted_polynomial,31,0.03162277660168379,40,39,40,0
S1,leave_environment_moving_meeting_room,permuted_polynomial,32,0.03162277660168379,40,40,40,0
S1,leave_environment_moving_meeting_room,permuted_polynomial,33,0.03162277660168379,40,39,40,0
S1,leave_environment_moving_meeting_room,permuted_polynomial,34,0.03162277660168379,40,39,40,0
S1,leave_environment_moving_meeting_room,permuted_polynomial,35,0.03162277660168379,40,38,40,0
S1,leave_environment_moving_meeting_room,permuted_polynomial,36,0.03162277660168379,40,39,40,0
S1,leave_environment_moving_meeting_room,permuted_polynomial,37,0.03162277660168379,40,38,40,0
S1,leave_environment_moving_meeting_room,permuted_polynomial,38,0.03162277660168379,40,40,40,0
S1,leave_environment_moving_meeting_room,permuted_polynomial,39,0.03162277660168379,40,40,40,0
S1,leave_environment_moving_meeting_room,permuted_polynomial,40,0.03162277660168379,40,40,40,0
S1,leave_environment_moving_meeting_room,permuted_polynomial,31,0.1,40,40,40,0
S1,leave_environment_moving_meeting_room,permuted_polynomial,32,0.1,40,40,40,0
S1,leave_environment_moving_meeting_room,permuted_polynomial,33,0.1,40,40,40,0
S1,leave_environment_moving_meeting_room,permuted_polynomial,34,0.1,40,40,40,0
S1,leave_environment_moving_meeting_room,permuted_polynomial,35,0.1,40,39,40,0
S1,leave_environment_moving_meeting_room,permuted_polynomial,36,0.1,40,40,40,0
S1,leave_environment_moving_meeting_room,permuted_polynomial,37,0.1,40,38,40,0
S1,leave_environment_moving_meeting_room,permuted_polynomial,38,0.1,40,40,40,0
S1,leave_environment_moving_meeting_room,permuted_polynomial,39,0.1,40,40,40,0
S1,leave_environment_moving_meeting_room,permuted_polynomial,40,0.1,40,40,40,0
S1,leave_environment_moving_meeting_room,permuted_polynomial,31,0.25,40,0,0,0
S1,leave_environment_moving_meeting_room,permuted_polynomial,32,0.25,40,0,0,0
S1,leave_environment_moving_meeting_room,permuted_polynomial,33,0.25,40,0,0,0
S1,leave_environment_moving_meeting_room,permuted_polynomial,34,0.25,40,0,0,0
S1,leave_environment_moving_meeting_room,permuted_polynomial,35,0.25,40,0,0,0
S1,leave_environment_moving_meeting_room,permuted_polynomial,36,0.25,40,0,0,0
S1,leave_environment_moving_meeting_room,permuted_polynomial,37,0.25,40,0,0,0
S1,leave_environment_moving_meeting_room,permuted_polynomial,38,0.25,40,0,0,0
S1,leave_environment_moving_meeting_room,permuted_polynomial,39,0.25,40,0,0,0
S1,leave_environment_moving_meeting_room,permuted_polynomial,40,0.25,40,0,0,0
S1,leave_environment_moving_office,coordinate,31,1e-06,40,0,40,0
S1,leave_environment_moving_office,coordinate,32,1e-06,40,0,40,0
S1,leave_environment_moving_office,coordinate,33,1e-06,40,0,40,0
S1,leave_environment_moving_office,coordinate,34,1e-06,40,0,40,0
S1,leave_environment_moving_office,coordinate,35,1e-06,40,0,40,0
S1,leave_environment_moving_office,coordinate,36,1e-06,40,0,40,0
S1,leave_environment_moving_office,coordinate,37,1e-06,40,0,40,0
S1,leave_environment_moving_office,coordinate,38,1e-06,40,0,40,0
S1,leave_environment_moving_office,coordinate,39,1e-06,40,0,40,0
S1,leave_environment_moving_office,coordinate,40,1e-06,40,0,40,0
S1,leave_environment_moving_office,coordinate,31,3.162277660168379e-06,40,0,40,0
S1,leave_environment_moving_office,coordinate,32,3.162277660168379e-06,40,0,40,0
S1,leave_environment_moving_office,coordinate,33,3.162277660168379e-06,40,0,40,0
S1,leave_environment_moving_office,coordinate,34,3.162277660168379e-06,40,0,40,0
S1,leave_environment_moving_office,coordinate,35,3.162277660168379e-06,40,0,40,0
S1,leave_environment_moving_office,coordinate,36,3.162277660168379e-06,40,0,40,0
S1,leave_environment_moving_office,coordinate,37,3.162277660168379e-06,40,0,40,0
S1,leave_environment_moving_office,coordinate,38,3.162277660168379e-06,40,0,40,0
S1,leave_environment_moving_office,coordinate,39,3.162277660168379e-06,40,0,40,0
S1,leave_environment_moving_office,coordinate,40,3.162277660168379e-06,40,0,40,0
S1,leave_environment_moving_office,coordinate,31,1e-05,40,0,40,0
S1,leave_environment_moving_office,coordinate,32,1e-05,40,0,40,0
S1,leave_environment_moving_office,coordinate,33,1e-05,40,0,40,0
S1,leave_environment_moving_office,coordinate,34,1e-05,40,0,40,0
S1,leave_environment_moving_office,coordinate,35,1e-05,40,0,40,0
S1,leave_environment_moving_office,coordinate,36,1e-05,40,0,40,0
S1,leave_environment_moving_office,coordinate,37,1e-05,40,0,40,0
S1,leave_environment_moving_office,coordinate,38,1e-05,40,0,40,0
S1,leave_environment_moving_office,coordinate,39,1e-05,40,0,40,0
S1,leave_environment_moving_office,coordinate,40,1e-05,40,0,40,0
S1,leave_environment_moving_office,coordinate,31,3.1622776601683795e-05,40,0,40,0
S1,leave_environment_moving_office,coordinate,32,3.1622776601683795e-05,40,0,40,0
S1,leave_environment_moving_office,coordinate,33,3.1622776601683795e-05,40,0,40,0
S1,leave_environment_moving_office,coordinate,34,3.1622776601683795e-05,40,0,40,0
S1,leave_environment_moving_office,coordinate,35,3.1622776601683795e-05,40,0,40,0
S1,leave_environment_moving_office,coordinate,36,3.1622776601683795e-05,40,0,40,0
S1,leave_environment_moving_office,coordinate,37,3.1622776601683795e-05,40,0,40,0
S1,leave_environment_moving_office,coordinate,38,3.1622776601683795e-05,40,0,40,0
S1,leave_environment_moving_office,coordinate,39,3.1622776601683795e-05,40,0,40,0
S1,leave_environment_moving_office,coordinate,40,3.1622776601683795e-05,40,0,40,0
S1,leave_environment_moving_office,coordinate,31,0.0001,40,0,40,0
S1,leave_environment_moving_office,coordinate,32,0.0001,40,0,40,0
S1,leave_environment_moving_office,coordinate,33,0.0001,40,0,40,0
S1,leave_environment_moving_office,coordinate,34,0.0001,40,0,40,0
S1,leave_environment_moving_office,coordinate,35,0.0001,40,0,40,0
S1,leave_environment_moving_office,coordinate,36,0.0001,40,0,40,0
S1,leave_environment_moving_office,coordinate,37,0.0001,40,0,40,0
S1,leave_environment_moving_office,coordinate,38,0.0001,40,0,40,0
S1,leave_environment_moving_office,coordinate,39,0.0001,40,0,40,0
S1,leave_environment_moving_office,coordinate,40,0.0001,40,0,40,0
S1,leave_environment_moving_office,coordinate,31,0.00031622776601683794,40,0,40,0
S1,leave_environment_moving_office,coordinate,32,0.00031622776601683794,40,0,40,0
S1,leave_environment_moving_office,coordinate,33,0.00031622776601683794,40,0,40,0
S1,leave_environment_moving_office,coordinate,34,0.00031622776601683794,40,0,40,0
S1,leave_environment_moving_office,coordinate,35,0.00031622776601683794,40,0,40,0
S1,leave_environment_moving_office,coordinate,36,0.00031622776601683794,40,0,40,0
S1,leave_environment_moving_office,coordinate,37,0.00031622776601683794,40,0,40,0
S1,leave_environment_moving_office,coordinate,38,0.00031622776601683794,40,0,40,0
S1,leave_environment_moving_office,coordinate,39,0.00031622776601683794,40,0,40,0
S1,leave_environment_moving_office,coordinate,40,0.00031622776601683794,40,0,40,0
S1,leave_environment_moving_office,coordinate,31,0.001,40,0,40,0
S1,leave_environment_moving_office,coordinate,32,0.001,40,0,40,0
S1,leave_environment_moving_office,coordinate,33,0.001,40,0,40,0
S1,leave_environment_moving_office,coordinate,34,0.001,40,0,40,0
S1,leave_environment_moving_office,coordinate,35,0.001,40,0,40,0
S1,leave_environment_moving_office,coordinate,36,0.001,40,0,40,0
S1,leave_environment_moving_office,coordinate,37,0.001,40,0,40,0
S1,leave_environment_moving_office,coordinate,38,0.001,40,0,40,0
S1,leave_environment_moving_office,coordinate,39,0.001,40,0,40,0
S1,leave_environment_moving_office,coordinate,40,0.001,40,0,40,0
S1,leave_environment_moving_office,coordinate,31,0.0031622776601683794,40,0,40,0
S1,leave_environment_moving_office,coordinate,32,0.0031622776601683794,40,0,40,0
S1,leave_environment_moving_office,coordinate,33,0.0031622776601683794,40,0,40,0
S1,leave_environment_moving_office,coordinate,34,0.0031622776601683794,40,0,40,0
S1,leave_environment_moving_office,coordinate,35,0.0031622776601683794,40,0,40,0
S1,leave_environment_moving_office,coordinate,36,0.0031622776601683794,40,0,40,0
S1,leave_environment_moving_office,coordinate,37,0.0031622776601683794,40,0,40,0
S1,leave_environment_moving_office,coordinate,38,0.0031622776601683794,40,0,40,0
S1,leave_environment_moving_office,coordinate,39,0.0031622776601683794,40,0,40,0
S1,leave_environment_moving_office,coordinate,40,0.0031622776601683794,40,0,40,0
S1,leave_environment_moving_office,coordinate,31,0.01,40,0,40,0
S1,leave_environment_moving_office,coordinate,32,0.01,40,0,40,0
S1,leave_environment_moving_office,coordinate,33,0.01,40,0,40,0
S1,leave_environment_moving_office,coordinate,34,0.01,40,0,40,0
S1,leave_environment_moving_office,coordinate,35,0.01,40,0,40,0
S1,leave_environment_moving_office,coordinate,36,0.01,40,0,40,0
S1,leave_environment_moving_office,coordinate,37,0.01,40,0,40,0
S1,leave_environment_moving_office,coordinate,38,0.01,40,0,40,0
S1,leave_environment_moving_office,coordinate,39,0.01,40,0,40,0
S1,leave_environment_moving_office,coordinate,40,0.01,40,0,40,0
S1,leave_environment_moving_office,coordinate,31,0.03162277660168379,40,0,40,0
S1,leave_environment_moving_office,coordinate,32,0.03162277660168379,40,0,40,0
S1,leave_environment_moving_office,coordinate,33,0.03162277660168379,40,0,40,0
S1,leave_environment_moving_office,coordinate,34,0.03162277660168379,40,0,39,0
S1,leave_environment_moving_office,coordinate,35,0.03162277660168379,40,0,40,0
S1,leave_environment_moving_office,coordinate,36,0.03162277660168379,40,0,40,0
S1,leave_environment_moving_office,coordinate,37,0.03162277660168379,40,0,38,0
S1,leave_environment_moving_office,coordinate,38,0.03162277660168379,40,0,39,0
S1,leave_environment_moving_office,coordinate,39,0.03162277660168379,40,0,40,0
S1,leave_environment_moving_office,coordinate,40,0.03162277660168379,40,0,40,0
S1,leave_environment_moving_office,coordinate,31,0.1,40,0,0,0
S1,leave_environment_moving_office,coordinate,32,0.1,40,0,2,0
S1,leave_environment_moving_office,coordinate,33,0.1,40,0,3,0
S1,leave_environment_moving_office,coordinate,34,0.1,40,0,2,0
S1,leave_environment_moving_office,coordinate,35,0.1,40,0,2,0
S1,leave_environment_moving_office,coordinate,36,0.1,40,0,1,0
S1,leave_environment_moving_office,coordinate,37,0.1,40,0,3,0
S1,leave_environment_moving_office,coordinate,38,0.1,40,0,1,0
S1,leave_environment_moving_office,coordinate,39,0.1,40,0,1,0
S1,leave_environment_moving_office,coordinate,40,0.1,40,0,2,0
S1,leave_environment_moving_office,coordinate,31,0.25,40,0,0,0
S1,leave_environment_moving_office,coordinate,32,0.25,40,0,0,0
S1,leave_environment_moving_office,coordinate,33,0.25,40,0,0,0
S1,leave_environment_moving_office,coordinate,34,0.25,40,0,0,0
S1,leave_environment_moving_office,coordinate,35,0.25,40,0,0,0
S1,leave_environment_moving_office,coordinate,36,0.25,40,0,0,0
S1,leave_environment_moving_office,coordinate,37,0.25,40,0,0,0
S1,leave_environment_moving_office,coordinate,38,0.25,40,0,0,0
S1,leave_environment_moving_office,coordinate,39,0.25,40,0,0,0
S1,leave_environment_moving_office,coordinate,40,0.25,40,0,0,0
S1,leave_environment_moving_office,dct,31,1e-06,40,0,40,0
S1,leave_environment_moving_office,dct,32,1e-06,40,0,40,0
S1,leave_environment_moving_office,dct,33,1e-06,40,0,40,0
S1,leave_environment_moving_office,dct,34,1e-06,40,0,40,0
S1,leave_environment_moving_office,dct,35,1e-06,40,0,40,0
S1,leave_environment_moving_office,dct,36,1e-06,40,0,40,0
S1,leave_environment_moving_office,dct,37,1e-06,40,0,40,0
S1,leave_environment_moving_office,dct,38,1e-06,40,0,40,0
S1,leave_environment_moving_office,dct,39,1e-06,40,0,40,0
S1,leave_environment_moving_office,dct,40,1e-06,40,0,40,0
S1,leave_environment_moving_office,dct,31,3.162277660168379e-06,40,0,40,0
S1,leave_environment_moving_office,dct,32,3.162277660168379e-06,40,0,40,0
S1,leave_environment_moving_office,dct,33,3.162277660168379e-06,40,0,40,0
S1,leave_environment_moving_office,dct,34,3.162277660168379e-06,40,0,40,0
S1,leave_environment_moving_office,dct,35,3.162277660168379e-06,40,0,40,0
S1,leave_environment_moving_office,dct,36,3.162277660168379e-06,40,0,40,0
S1,leave_environment_moving_office,dct,37,3.162277660168379e-06,40,0,40,0
S1,leave_environment_moving_office,dct,38,3.162277660168379e-06,40,0,40,0
S1,leave_environment_moving_office,dct,39,3.162277660168379e-06,40,0,40,0
S1,leave_environment_moving_office,dct,40,3.162277660168379e-06,40,0,40,0
S1,leave_environment_moving_office,dct,31,1e-05,40,0,40,0
S1,leave_environment_moving_office,dct,32,1e-05,40,0,40,0
S1,leave_environment_moving_office,dct,33,1e-05,40,0,40,0
S1,leave_environment_moving_office,dct,34,1e-05,40,0,40,0
S1,leave_environment_moving_office,dct,35,1e-05,40,0,40,0
S1,leave_environment_moving_office,dct,36,1e-05,40,0,40,0
S1,leave_environment_moving_office,dct,37,1e-05,40,0,40,0
S1,leave_environment_moving_office,dct,38,1e-05,40,0,40,0
S1,leave_environment_moving_office,dct,39,1e-05,40,0,40,0
S1,leave_environment_moving_office,dct,40,1e-05,40,0,40,0
S1,leave_environment_moving_office,dct,31,3.1622776601683795e-05,40,0,40,0
S1,leave_environment_moving_office,dct,32,3.1622776601683795e-05,40,0,40,0
S1,leave_environment_moving_office,dct,33,3.1622776601683795e-05,40,0,40,0
S1,leave_environment_moving_office,dct,34,3.1622776601683795e-05,40,0,40,0
S1,leave_environment_moving_office,dct,35,3.1622776601683795e-05,40,0,40,0
S1,leave_environment_moving_office,dct,36,3.1622776601683795e-05,40,0,40,0
S1,leave_environment_moving_office,dct,37,3.1622776601683795e-05,40,0,40,0
S1,leave_environment_moving_office,dct,38,3.1622776601683795e-05,40,0,40,0
S1,leave_environment_moving_office,dct,39,3.1622776601683795e-05,40,0,40,0
S1,leave_environment_moving_office,dct,40,3.1622776601683795e-05,40,0,40,0
S1,leave_environment_moving_office,dct,31,0.0001,40,0,40,0
S1,leave_environment_moving_office,dct,32,0.0001,40,0,40,0
S1,leave_environment_moving_office,dct,33,0.0001,40,0,40,0
S1,leave_environment_moving_office,dct,34,0.0001,40,0,40,0
S1,leave_environment_moving_office,dct,35,0.0001,40,0,40,0
S1,leave_environment_moving_office,dct,36,0.0001,40,0,40,0
S1,leave_environment_moving_office,dct,37,0.0001,40,0,40,0
S1,leave_environment_moving_office,dct,38,0.0001,40,0,40,0
S1,leave_environment_moving_office,dct,39,0.0001,40,0,40,0
S1,leave_environment_moving_office,dct,40,0.0001,40,0,40,0
S1,leave_environment_moving_office,dct,31,0.00031622776601683794,40,0,40,0
S1,leave_environment_moving_office,dct,32,0.00031622776601683794,40,0,40,0
S1,leave_environment_moving_office,dct,33,0.00031622776601683794,40,0,40,0
S1,leave_environment_moving_office,dct,34,0.00031622776601683794,40,0,40,0
S1,leave_environment_moving_office,dct,35,0.00031622776601683794,40,0,40,0
S1,leave_environment_moving_office,dct,36,0.00031622776601683794,40,0,40,0
S1,leave_environment_moving_office,dct,37,0.00031622776601683794,40,0,40,0
S1,leave_environment_moving_office,dct,38,0.00031622776601683794,40,0,40,0
S1,leave_environment_moving_office,dct,39,0.00031622776601683794,40,0,40,0
S1,leave_environment_moving_office,dct,40,0.00031622776601683794,40,0,40,0
S1,leave_environment_moving_office,dct,31,0.001,40,0,40,0
S1,leave_environment_moving_office,dct,32,0.001,40,0,40,0
S1,leave_environment_moving_office,dct,33,0.001,40,0,40,0
S1,leave_environment_moving_office,dct,34,0.001,40,0,40,0
S1,leave_environment_moving_office,dct,35,0.001,40,0,40,0
S1,leave_environment_moving_office,dct,36,0.001,40,0,40,0
S1,leave_environment_moving_office,dct,37,0.001,40,0,40,0
S1,leave_environment_moving_office,dct,38,0.001,40,0,40,0
S1,leave_environment_moving_office,dct,39,0.001,40,0,40,0
S1,leave_environment_moving_office,dct,40,0.001,40,0,40,0
S1,leave_environment_moving_office,dct,31,0.0031622776601683794,40,0,40,0
S1,leave_environment_moving_office,dct,32,0.0031622776601683794,40,1,40,0
S1,leave_environment_moving_office,dct,33,0.0031622776601683794,40,0,40,0
S1,leave_environment_moving_office,dct,34,0.0031622776601683794,40,0,40,0
S1,leave_environment_moving_office,dct,35,0.0031622776601683794,40,1,40,0
S1,leave_environment_moving_office,dct,36,0.0031622776601683794,40,0,40,0
S1,leave_environment_moving_office,dct,37,0.0031622776601683794,40,1,40,0
S1,leave_environment_moving_office,dct,38,0.0031622776601683794,40,1,40,0
S1,leave_environment_moving_office,dct,39,0.0031622776601683794,40,0,40,0
S1,leave_environment_moving_office,dct,40,0.0031622776601683794,40,0,40,0
S1,leave_environment_moving_office,dct,31,0.01,40,40,40,0
S1,leave_environment_moving_office,dct,32,0.01,40,40,40,0
S1,leave_environment_moving_office,dct,33,0.01,40,40,40,0
S1,leave_environment_moving_office,dct,34,0.01,40,40,40,0
S1,leave_environment_moving_office,dct,35,0.01,40,40,40,0
S1,leave_environment_moving_office,dct,36,0.01,40,40,40,0
S1,leave_environment_moving_office,dct,37,0.01,40,39,40,0
S1,leave_environment_moving_office,dct,38,0.01,40,40,40,0
S1,leave_environment_moving_office,dct,39,0.01,40,40,40,0
S1,leave_environment_moving_office,dct,40,0.01,40,40,40,0
S1,leave_environment_moving_office,dct,31,0.03162277660168379,40,40,40,0
S1,leave_environment_moving_office,dct,32,0.03162277660168379,40,40,40,0
S1,leave_environment_moving_office,dct,33,0.03162277660168379,40,40,40,0
S1,leave_environment_moving_office,dct,34,0.03162277660168379,40,40,40,0
S1,leave_environment_moving_office,dct,35,0.03162277660168379,40,40,40,0
S1,leave_environment_moving_office,dct,36,0.03162277660168379,40,40,40,0
S1,leave_environment_moving_office,dct,37,0.03162277660168379,40,40,40,0
S1,leave_environment_moving_office,dct,38,0.03162277660168379,40,40,40,0
S1,leave_environment_moving_office,dct,39,0.03162277660168379,40,40,40,0
S1,leave_environment_moving_office,dct,40,0.03162277660168379,40,40,40,0
S1,leave_environment_moving_office,dct,31,0.1,40,40,40,0
S1,leave_environment_moving_office,dct,32,0.1,40,40,40,0
S1,leave_environment_moving_office,dct,33,0.1,40,40,40,0
S1,leave_environment_moving_office,dct,34,0.1,40,40,40,0
S1,leave_environment_moving_office,dct,35,0.1,40,40,40,0
S1,leave_environment_moving_office,dct,36,0.1,40,40,40,0
S1,leave_environment_moving_office,dct,37,0.1,40,40,40,0
S1,leave_environment_moving_office,dct,38,0.1,40,40,40,0
S1,leave_environment_moving_office,dct,39,0.1,40,40,40,0
S1,leave_environment_moving_office,dct,40,0.1,40,40,40,0
S1,leave_environment_moving_office,dct,31,0.25,40,0,0,0
S1,leave_environment_moving_office,dct,32,0.25,40,0,0,0
S1,leave_environment_moving_office,dct,33,0.25,40,0,0,0
S1,leave_environment_moving_office,dct,34,0.25,40,0,0,0
S1,leave_environment_moving_office,dct,35,0.25,40,0,0,0
S1,leave_environment_moving_office,dct,36,0.25,40,0,0,0
S1,leave_environment_moving_office,dct,37,0.25,40,0,0,0
S1,leave_environment_moving_office,dct,38,0.25,40,0,0,0
S1,leave_environment_moving_office,dct,39,0.25,40,0,0,0
S1,leave_environment_moving_office,dct,40,0.25,40,0,0,0
S1,leave_environment_moving_office,dft,31,1e-06,40,0,40,0
S1,leave_environment_moving_office,dft,32,1e-06,40,0,40,0
S1,leave_environment_moving_office,dft,33,1e-06,40,0,40,0
S1,leave_environment_moving_office,dft,34,1e-06,40,0,40,0
S1,leave_environment_moving_office,dft,35,1e-06,40,0,40,0
S1,leave_environment_moving_office,dft,36,1e-06,40,0,40,0
S1,leave_environment_moving_office,dft,37,1e-06,40,0,40,0
S1,leave_environment_moving_office,dft,38,1e-06,40,0,40,0
S1,leave_environment_moving_office,dft,39,1e-06,40,0,40,0
S1,leave_environment_moving_office,dft,40,1e-06,40,0,40,0
S1,leave_environment_moving_office,dft,31,3.162277660168379e-06,40,0,40,0
S1,leave_environment_moving_office,dft,32,3.162277660168379e-06,40,0,40,0
S1,leave_environment_moving_office,dft,33,3.162277660168379e-06,40,0,40,0
S1,leave_environment_moving_office,dft,34,3.162277660168379e-06,40,0,40,0
S1,leave_environment_moving_office,dft,35,3.162277660168379e-06,40,0,40,0
S1,leave_environment_moving_office,dft,36,3.162277660168379e-06,40,0,40,0
S1,leave_environment_moving_office,dft,37,3.162277660168379e-06,40,0,40,0
S1,leave_environment_moving_office,dft,38,3.162277660168379e-06,40,0,40,0
S1,leave_environment_moving_office,dft,39,3.162277660168379e-06,40,0,40,0
S1,leave_environment_moving_office,dft,40,3.162277660168379e-06,40,0,40,0
S1,leave_environment_moving_office,dft,31,1e-05,40,0,40,0
S1,leave_environment_moving_office,dft,32,1e-05,40,0,40,0
S1,leave_environment_moving_office,dft,33,1e-05,40,0,40,0
S1,leave_environment_moving_office,dft,34,1e-05,40,0,40,0
S1,leave_environment_moving_office,dft,35,1e-05,40,0,40,0
S1,leave_environment_moving_office,dft,36,1e-05,40,0,40,0
S1,leave_environment_moving_office,dft,37,1e-05,40,0,40,0
S1,leave_environment_moving_office,dft,38,1e-05,40,0,40,0
S1,leave_environment_moving_office,dft,39,1e-05,40,0,40,0
S1,leave_environment_moving_office,dft,40,1e-05,40,0,40,0
S1,leave_environment_moving_office,dft,31,3.1622776601683795e-05,40,0,40,0
S1,leave_environment_moving_office,dft,32,3.1622776601683795e-05,40,0,40,0
S1,leave_environment_moving_office,dft,33,3.1622776601683795e-05,40,0,40,0
S1,leave_environment_moving_office,dft,34,3.1622776601683795e-05,40,0,40,0
S1,leave_environment_moving_office,dft,35,3.1622776601683795e-05,40,0,40,0
S1,leave_environment_moving_office,dft,36,3.1622776601683795e-05,40,0,40,0
S1,leave_environment_moving_office,dft,37,3.1622776601683795e-05,40,0,40,0
S1,leave_environment_moving_office,dft,38,3.1622776601683795e-05,40,0,40,0
S1,leave_environment_moving_office,dft,39,3.1622776601683795e-05,40,0,40,0
S1,leave_environment_moving_office,dft,40,3.1622776601683795e-05,40,0,40,0
S1,leave_environment_moving_office,dft,31,0.0001,40,0,40,0
S1,leave_environment_moving_office,dft,32,0.0001,40,0,40,0
S1,leave_environment_moving_office,dft,33,0.0001,40,0,40,0
S1,leave_environment_moving_office,dft,34,0.0001,40,0,40,0
S1,leave_environment_moving_office,dft,35,0.0001,40,0,40,0
S1,leave_environment_moving_office,dft,36,0.0001,40,0,40,0
S1,leave_environment_moving_office,dft,37,0.0001,40,0,40,0
S1,leave_environment_moving_office,dft,38,0.0001,40,0,40,0
S1,leave_environment_moving_office,dft,39,0.0001,40,0,40,0
S1,leave_environment_moving_office,dft,40,0.0001,40,0,40,0
S1,leave_environment_moving_office,dft,31,0.00031622776601683794,40,0,40,0
S1,leave_environment_moving_office,dft,32,0.00031622776601683794,40,0,40,0
S1,leave_environment_moving_office,dft,33,0.00031622776601683794,40,0,40,0
S1,leave_environment_moving_office,dft,34,0.00031622776601683794,40,0,40,0
S1,leave_environment_moving_office,dft,35,0.00031622776601683794,40,0,40,0
S1,leave_environment_moving_office,dft,36,0.00031622776601683794,40,0,40,0
S1,leave_environment_moving_office,dft,37,0.00031622776601683794,40,0,40,0
S1,leave_environment_moving_office,dft,38,0.00031622776601683794,40,0,40,0
S1,leave_environment_moving_office,dft,39,0.00031622776601683794,40,0,40,0
S1,leave_environment_moving_office,dft,40,0.00031622776601683794,40,0,40,0
S1,leave_environment_moving_office,dft,31,0.001,40,37,40,0
S1,leave_environment_moving_office,dft,32,0.001,40,23,40,0
S1,leave_environment_moving_office,dft,33,0.001,40,12,40,0
S1,leave_environment_moving_office,dft,34,0.001,40,2,40,0
S1,leave_environment_moving_office,dft,35,0.001,40,2,40,0
S1,leave_environment_moving_office,dft,36,0.001,40,2,40,0
S1,leave_environment_moving_office,dft,37,0.001,40,7,40,0
S1,leave_environment_moving_office,dft,38,0.001,40,0,40,0
S1,leave_environment_moving_office,dft,39,0.001,40,9,40,0
S1,leave_environment_moving_office,dft,40,0.001,40,1,40,0
S1,leave_environment_moving_office,dft,31,0.0031622776601683794,40,40,40,0
S1,leave_environment_moving_office,dft,32,0.0031622776601683794,40,37,40,0
S1,leave_environment_moving_office,dft,33,0.0031622776601683794,40,18,40,0
S1,leave_environment_moving_office,dft,34,0.0031622776601683794,40,2,40,0
S1,leave_environment_moving_office,dft,35,0.0031622776601683794,40,31,40,0
S1,leave_environment_moving_office,dft,36,0.0031622776601683794,40,6,40,0
S1,leave_environment_moving_office,dft,37,0.0031622776601683794,40,14,40,0
S1,leave_environment_moving_office,dft,38,0.0031622776601683794,40,25,40,0
S1,leave_environment_moving_office,dft,39,0.0031622776601683794,40,23,40,0
S1,leave_environment_moving_office,dft,40,0.0031622776601683794,40,3,40,0
S1,leave_environment_moving_office,dft,31,0.01,40,40,40,0
S1,leave_environment_moving_office,dft,32,0.01,40,40,40,0
S1,leave_environment_moving_office,dft,33,0.01,40,37,40,0
S1,leave_environment_moving_office,dft,34,0.01,40,36,40,0
S1,leave_environment_moving_office,dft,35,0.01,40,40,40,0
S1,leave_environment_moving_office,dft,36,0.01,40,40,40,0
S1,leave_environment_moving_office,dft,37,0.01,40,39,40,0
S1,leave_environment_moving_office,dft,38,0.01,40,39,40,0
S1,leave_environment_moving_office,dft,39,0.01,40,40,40,0
S1,leave_environment_moving_office,dft,40,0.01,40,38,40,0
S1,leave_environment_moving_office,dft,31,0.03162277660168379,40,40,40,0
S1,leave_environment_moving_office,dft,32,0.03162277660168379,40,40,40,0
S1,leave_environment_moving_office,dft,33,0.03162277660168379,40,40,40,0
S1,leave_environment_moving_office,dft,34,0.03162277660168379,40,40,40,0
S1,leave_environment_moving_office,dft,35,0.03162277660168379,40,40,40,0
S1,leave_environment_moving_office,dft,36,0.03162277660168379,40,40,40,0
S1,leave_environment_moving_office,dft,37,0.03162277660168379,40,40,40,0
S1,leave_environment_moving_office,dft,38,0.03162277660168379,40,40,40,0
S1,leave_environment_moving_office,dft,39,0.03162277660168379,40,40,40,0
S1,leave_environment_moving_office,dft,40,0.03162277660168379,40,40,40,0
S1,leave_environment_moving_office,dft,31,0.1,40,40,40,0
S1,leave_environment_moving_office,dft,32,0.1,40,40,40,0
S1,leave_environment_moving_office,dft,33,0.1,40,40,40,0
S1,leave_environment_moving_office,dft,34,0.1,40,40,40,0
S1,leave_environment_moving_office,dft,35,0.1,40,40,40,0
S1,leave_environment_moving_office,dft,36,0.1,40,40,40,0
S1,leave_environment_moving_office,dft,37,0.1,40,40,40,0
S1,leave_environment_moving_office,dft,38,0.1,40,40,40,0
S1,leave_environment_moving_office,dft,39,0.1,40,40,40,0
S1,leave_environment_moving_office,dft,40,0.1,40,40,40,0
S1,leave_environment_moving_office,dft,31,0.25,40,0,0,0
S1,leave_environment_moving_office,dft,32,0.25,40,0,0,0
S1,leave_environment_moving_office,dft,33,0.25,40,0,0,0
S1,leave_environment_moving_office,dft,34,0.25,40,0,0,0
S1,leave_environment_moving_office,dft,35,0.25,40,0,0,0
S1,leave_environment_moving_office,dft,36,0.25,40,0,0,0
S1,leave_environment_moving_office,dft,37,0.25,40,0,0,0
S1,leave_environment_moving_office,dft,38,0.25,40,0,0,0
S1,leave_environment_moving_office,dft,39,0.25,40,0,0,0
S1,leave_environment_moving_office,dft,40,0.25,40,0,0,0
S1,leave_environment_moving_office,polynomial,31,1e-06,40,0,40,0
S1,leave_environment_moving_office,polynomial,32,1e-06,40,0,40,0
S1,leave_environment_moving_office,polynomial,33,1e-06,40,0,40,0
S1,leave_environment_moving_office,polynomial,34,1e-06,40,0,40,0
S1,leave_environment_moving_office,polynomial,35,1e-06,40,0,40,0
S1,leave_environment_moving_office,polynomial,36,1e-06,40,0,40,0
S1,leave_environment_moving_office,polynomial,37,1e-06,40,0,40,0
S1,leave_environment_moving_office,polynomial,38,1e-06,40,0,40,0
S1,leave_environment_moving_office,polynomial,39,1e-06,40,0,40,0
S1,leave_environment_moving_office,polynomial,40,1e-06,40,0,40,0
S1,leave_environment_moving_office,polynomial,31,3.162277660168379e-06,40,0,40,0
S1,leave_environment_moving_office,polynomial,32,3.162277660168379e-06,40,0,40,0
S1,leave_environment_moving_office,polynomial,33,3.162277660168379e-06,40,0,40,0
S1,leave_environment_moving_office,polynomial,34,3.162277660168379e-06,40,0,40,0
S1,leave_environment_moving_office,polynomial,35,3.162277660168379e-06,40,0,40,0
S1,leave_environment_moving_office,polynomial,36,3.162277660168379e-06,40,0,40,0
S1,leave_environment_moving_office,polynomial,37,3.162277660168379e-06,40,0,40,0
S1,leave_environment_moving_office,polynomial,38,3.162277660168379e-06,40,0,40,0
S1,leave_environment_moving_office,polynomial,39,3.162277660168379e-06,40,0,40,0
S1,leave_environment_moving_office,polynomial,40,3.162277660168379e-06,40,0,40,0
S1,leave_environment_moving_office,polynomial,31,1e-05,40,0,40,0
S1,leave_environment_moving_office,polynomial,32,1e-05,40,0,40,0
S1,leave_environment_moving_office,polynomial,33,1e-05,40,0,40,0
S1,leave_environment_moving_office,polynomial,34,1e-05,40,0,40,0
S1,leave_environment_moving_office,polynomial,35,1e-05,40,0,40,0
S1,leave_environment_moving_office,polynomial,36,1e-05,40,0,40,0
S1,leave_environment_moving_office,polynomial,37,1e-05,40,0,40,0
S1,leave_environment_moving_office,polynomial,38,1e-05,40,0,40,0
S1,leave_environment_moving_office,polynomial,39,1e-05,40,0,40,0
S1,leave_environment_moving_office,polynomial,40,1e-05,40,0,40,0
S1,leave_environment_moving_office,polynomial,31,3.1622776601683795e-05,40,2,40,0
S1,leave_environment_moving_office,polynomial,32,3.1622776601683795e-05,40,2,40,0
S1,leave_environment_moving_office,polynomial,33,3.1622776601683795e-05,40,7,40,0
S1,leave_environment_moving_office,polynomial,34,3.1622776601683795e-05,40,17,40,0
S1,leave_environment_moving_office,polynomial,35,3.1622776601683795e-05,40,12,40,0
S1,leave_environment_moving_office,polynomial,36,3.1622776601683795e-05,40,21,40,0
S1,leave_environment_moving_office,polynomial,37,3.1622776601683795e-05,40,0,40,0
S1,leave_environment_moving_office,polynomial,38,3.1622776601683795e-05,40,18,40,0
S1,leave_environment_moving_office,polynomial,39,3.1622776601683795e-05,40,24,40,0
S1,leave_environment_moving_office,polynomial,40,3.1622776601683795e-05,40,20,40,0
S1,leave_environment_moving_office,polynomial,31,0.0001,40,40,40,0
S1,leave_environment_moving_office,polynomial,32,0.0001,40,40,40,0
S1,leave_environment_moving_office,polynomial,33,0.0001,40,39,40,0
S1,leave_environment_moving_office,polynomial,34,0.0001,40,40,40,0
S1,leave_environment_moving_office,polynomial,35,0.0001,40,40,40,0
S1,leave_environment_moving_office,polynomial,36,0.0001,40,40,40,0
S1,leave_environment_moving_office,polynomial,37,0.0001,40,39,40,0
S1,leave_environment_moving_office,polynomial,38,0.0001,40,40,40,0
S1,leave_environment_moving_office,polynomial,39,0.0001,40,40,40,0
S1,leave_environment_moving_office,polynomial,40,0.0001,40,40,40,0
S1,leave_environment_moving_office,polynomial,31,0.00031622776601683794,40,40,40,0
S1,leave_environment_moving_office,polynomial,32,0.00031622776601683794,40,40,40,0
S1,leave_environment_moving_office,polynomial,33,0.00031622776601683794,40,40,40,0
S1,leave_environment_moving_office,polynomial,34,0.00031622776601683794,40,40,40,0
S1,leave_environment_moving_office,polynomial,35,0.00031622776601683794,40,40,40,0
S1,leave_environment_moving_office,polynomial,36,0.00031622776601683794,40,40,40,0
S1,leave_environment_moving_office,polynomial,37,0.00031622776601683794,40,40,40,0
S1,leave_environment_moving_office,polynomial,38,0.00031622776601683794,40,40,40,0
S1,leave_environment_moving_office,polynomial,39,0.00031622776601683794,40,40,40,0
S1,leave_environment_moving_office,polynomial,40,0.00031622776601683794,40,40,40,0
S1,leave_environment_moving_office,polynomial,31,0.001,40,40,40,0
S1,leave_environment_moving_office,polynomial,32,0.001,40,40,40,0
S1,leave_environment_moving_office,polynomial,33,0.001,40,40,40,0
S1,leave_environment_moving_office,polynomial,34,0.001,40,40,40,0
S1,leave_environment_moving_office,polynomial,35,0.001,40,40,40,0
S1,leave_environment_moving_office,polynomial,36,0.001,40,40,40,0
S1,leave_environment_moving_office,polynomial,37,0.001,40,40,40,0
S1,leave_environment_moving_office,polynomial,38,0.001,40,40,40,0
S1,leave_environment_moving_office,polynomial,39,0.001,40,40,40,0
S1,leave_environment_moving_office,polynomial,40,0.001,40,40,40,0
S1,leave_environment_moving_office,polynomial,31,0.0031622776601683794,40,40,40,0
S1,leave_environment_moving_office,polynomial,32,0.0031622776601683794,40,40,40,0
S1,leave_environment_moving_office,polynomial,33,0.0031622776601683794,40,40,40,0
S1,leave_environment_moving_office,polynomial,34,0.0031622776601683794,40,40,40,0
S1,leave_environment_moving_office,polynomial,35,0.0031622776601683794,40,40,40,0
S1,leave_environment_moving_office,polynomial,36,0.0031622776601683794,40,40,40,0
S1,leave_environment_moving_office,polynomial,37,0.0031622776601683794,40,40,40,0
S1,leave_environment_moving_office,polynomial,38,0.0031622776601683794,40,40,40,0
S1,leave_environment_moving_office,polynomial,39,0.0031622776601683794,40,40,40,0
S1,leave_environment_moving_office,polynomial,40,0.0031622776601683794,40,40,40,0
S1,leave_environment_moving_office,polynomial,31,0.01,40,40,40,0
S1,leave_environment_moving_office,polynomial,32,0.01,40,40,40,0
S1,leave_environment_moving_office,polynomial,33,0.01,40,40,40,0
S1,leave_environment_moving_office,polynomial,34,0.01,40,40,40,0
S1,leave_environment_moving_office,polynomial,35,0.01,40,40,40,0
S1,leave_environment_moving_office,polynomial,36,0.01,40,40,40,0
S1,leave_environment_moving_office,polynomial,37,0.01,40,40,40,0
S1,leave_environment_moving_office,polynomial,38,0.01,40,40,40,0
S1,leave_environment_moving_office,polynomial,39,0.01,40,40,40,0
S1,leave_environment_moving_office,polynomial,40,0.01,40,40,40,0
S1,leave_environment_moving_office,polynomial,31,0.03162277660168379,40,40,40,0
S1,leave_environment_moving_office,polynomial,32,0.03162277660168379,40,40,40,0
S1,leave_environment_moving_office,polynomial,33,0.03162277660168379,40,40,40,0
S1,leave_environment_moving_office,polynomial,34,0.03162277660168379,40,40,40,0
S1,leave_environment_moving_office,polynomial,35,0.03162277660168379,40,40,40,0
S1,leave_environment_moving_office,polynomial,36,0.03162277660168379,40,40,40,0
S1,leave_environment_moving_office,polynomial,37,0.03162277660168379,40,40,40,0
S1,leave_environment_moving_office,polynomial,38,0.03162277660168379,40,40,40,0
S1,leave_environment_moving_office,polynomial,39,0.03162277660168379,40,40,40,0
S1,leave_environment_moving_office,polynomial,40,0.03162277660168379,40,40,40,0
S1,leave_environment_moving_office,polynomial,31,0.1,40,40,40,0
S1,leave_environment_moving_office,polynomial,32,0.1,40,40,40,0
S1,leave_environment_moving_office,polynomial,33,0.1,40,40,40,0
S1,leave_environment_moving_office,polynomial,34,0.1,40,40,40,0
S1,leave_environment_moving_office,polynomial,35,0.1,40,40,40,0
S1,leave_environment_moving_office,polynomial,36,0.1,40,40,40,0
S1,leave_environment_moving_office,polynomial,37,0.1,40,40,40,0
S1,leave_environment_moving_office,polynomial,38,0.1,40,40,40,0
S1,leave_environment_moving_office,polynomial,39,0.1,40,40,40,0
S1,leave_environment_moving_office,polynomial,40,0.1,40,40,40,0
S1,leave_environment_moving_office,polynomial,31,0.25,40,0,0,0
S1,leave_environment_moving_office,polynomial,32,0.25,40,0,0,0
S1,leave_environment_moving_office,polynomial,33,0.25,40,0,0,0
S1,leave_environment_moving_office,polynomial,34,0.25,40,0,0,0
S1,leave_environment_moving_office,polynomial,35,0.25,40,0,0,0
S1,leave_environment_moving_office,polynomial,36,0.25,40,0,0,0
S1,leave_environment_moving_office,polynomial,37,0.25,40,0,0,0
S1,leave_environment_moving_office,polynomial,38,0.25,40,0,0,0
S1,leave_environment_moving_office,polynomial,39,0.25,40,0,0,0
S1,leave_environment_moving_office,polynomial,40,0.25,40,0,0,0
S1,leave_environment_moving_office,random_orthogonal,31,1e-06,40,0,40,0
S1,leave_environment_moving_office,random_orthogonal,32,1e-06,40,0,40,0
S1,leave_environment_moving_office,random_orthogonal,33,1e-06,40,0,40,0
S1,leave_environment_moving_office,random_orthogonal,34,1e-06,40,0,40,0
S1,leave_environment_moving_office,random_orthogonal,35,1e-06,40,0,40,0
S1,leave_environment_moving_office,random_orthogonal,36,1e-06,40,0,40,0
S1,leave_environment_moving_office,random_orthogonal,37,1e-06,40,0,40,0
S1,leave_environment_moving_office,random_orthogonal,38,1e-06,40,0,40,0
S1,leave_environment_moving_office,random_orthogonal,39,1e-06,40,0,40,0
S1,leave_environment_moving_office,random_orthogonal,40,1e-06,40,0,40,0
S1,leave_environment_moving_office,random_orthogonal,31,3.162277660168379e-06,40,0,40,0
S1,leave_environment_moving_office,random_orthogonal,32,3.162277660168379e-06,40,0,40,0
S1,leave_environment_moving_office,random_orthogonal,33,3.162277660168379e-06,40,0,40,0
S1,leave_environment_moving_office,random_orthogonal,34,3.162277660168379e-06,40,0,40,0
S1,leave_environment_moving_office,random_orthogonal,35,3.162277660168379e-06,40,0,40,0
S1,leave_environment_moving_office,random_orthogonal,36,3.162277660168379e-06,40,0,40,0
S1,leave_environment_moving_office,random_orthogonal,37,3.162277660168379e-06,40,0,40,0
S1,leave_environment_moving_office,random_orthogonal,38,3.162277660168379e-06,40,0,40,0
S1,leave_environment_moving_office,random_orthogonal,39,3.162277660168379e-06,40,0,40,0
S1,leave_environment_moving_office,random_orthogonal,40,3.162277660168379e-06,40,0,40,0
S1,leave_environment_moving_office,random_orthogonal,31,1e-05,40,0,40,0
S1,leave_environment_moving_office,random_orthogonal,32,1e-05,40,0,40,0
S1,leave_environment_moving_office,random_orthogonal,33,1e-05,40,0,40,0
S1,leave_environment_moving_office,random_orthogonal,34,1e-05,40,0,40,0
S1,leave_environment_moving_office,random_orthogonal,35,1e-05,40,0,40,0
S1,leave_environment_moving_office,random_orthogonal,36,1e-05,40,0,40,0
S1,leave_environment_moving_office,random_orthogonal,37,1e-05,40,0,40,0
S1,leave_environment_moving_office,random_orthogonal,38,1e-05,40,0,40,0
S1,leave_environment_moving_office,random_orthogonal,39,1e-05,40,0,40,0
S1,leave_environment_moving_office,random_orthogonal,40,1e-05,40,0,40,0
S1,leave_environment_moving_office,random_orthogonal,31,3.1622776601683795e-05,40,0,40,0
S1,leave_environment_moving_office,random_orthogonal,32,3.1622776601683795e-05,40,0,40,0
S1,leave_environment_moving_office,random_orthogonal,33,3.1622776601683795e-05,40,0,40,0
S1,leave_environment_moving_office,random_orthogonal,34,3.1622776601683795e-05,40,0,40,0
S1,leave_environment_moving_office,random_orthogonal,35,3.1622776601683795e-05,40,0,40,0
S1,leave_environment_moving_office,random_orthogonal,36,3.1622776601683795e-05,40,0,40,0
S1,leave_environment_moving_office,random_orthogonal,37,3.1622776601683795e-05,40,0,40,0
S1,leave_environment_moving_office,random_orthogonal,38,3.1622776601683795e-05,40,0,40,0
S1,leave_environment_moving_office,random_orthogonal,39,3.1622776601683795e-05,40,0,40,0
S1,leave_environment_moving_office,random_orthogonal,40,3.1622776601683795e-05,40,0,40,0
S1,leave_environment_moving_office,random_orthogonal,31,0.0001,40,0,40,0
S1,leave_environment_moving_office,random_orthogonal,32,0.0001,40,0,40,0
S1,leave_environment_moving_office,random_orthogonal,33,0.0001,40,0,40,0
S1,leave_environment_moving_office,random_orthogonal,34,0.0001,40,0,40,0
S1,leave_environment_moving_office,random_orthogonal,35,0.0001,40,0,40,0
S1,leave_environment_moving_office,random_orthogonal,36,0.0001,40,0,40,0
S1,leave_environment_moving_office,random_orthogonal,37,0.0001,40,0,40,0
S1,leave_environment_moving_office,random_orthogonal,38,0.0001,40,0,40,0
S1,leave_environment_moving_office,random_orthogonal,39,0.0001,40,0,40,0
S1,leave_environment_moving_office,random_orthogonal,40,0.0001,40,0,40,0
S1,leave_environment_moving_office,random_orthogonal,31,0.00031622776601683794,40,0,40,0
S1,leave_environment_moving_office,random_orthogonal,32,0.00031622776601683794,40,0,40,0
S1,leave_environment_moving_office,random_orthogonal,33,0.00031622776601683794,40,0,40,0
S1,leave_environment_moving_office,random_orthogonal,34,0.00031622776601683794,40,0,40,0
S1,leave_environment_moving_office,random_orthogonal,35,0.00031622776601683794,40,0,40,0
S1,leave_environment_moving_office,random_orthogonal,36,0.00031622776601683794,40,0,40,0
S1,leave_environment_moving_office,random_orthogonal,37,0.00031622776601683794,40,0,40,0
S1,leave_environment_moving_office,random_orthogonal,38,0.00031622776601683794,40,0,40,0
S1,leave_environment_moving_office,random_orthogonal,39,0.00031622776601683794,40,0,40,0
S1,leave_environment_moving_office,random_orthogonal,40,0.00031622776601683794,40,0,40,0
S1,leave_environment_moving_office,random_orthogonal,31,0.001,40,0,40,0
S1,leave_environment_moving_office,random_orthogonal,32,0.001,40,0,40,0
S1,leave_environment_moving_office,random_orthogonal,33,0.001,40,0,40,0
S1,leave_environment_moving_office,random_orthogonal,34,0.001,40,0,40,0
S1,leave_environment_moving_office,random_orthogonal,35,0.001,40,0,40,0
S1,leave_environment_moving_office,random_orthogonal,36,0.001,40,0,40,0
S1,leave_environment_moving_office,random_orthogonal,37,0.001,40,0,40,0
S1,leave_environment_moving_office,random_orthogonal,38,0.001,40,0,40,0
S1,leave_environment_moving_office,random_orthogonal,39,0.001,40,0,40,0
S1,leave_environment_moving_office,random_orthogonal,40,0.001,40,0,40,0
S1,leave_environment_moving_office,random_orthogonal,31,0.0031622776601683794,40,0,40,0
S1,leave_environment_moving_office,random_orthogonal,32,0.0031622776601683794,40,0,40,0
S1,leave_environment_moving_office,random_orthogonal,33,0.0031622776601683794,40,0,40,0
S1,leave_environment_moving_office,random_orthogonal,34,0.0031622776601683794,40,0,40,0
S1,leave_environment_moving_office,random_orthogonal,35,0.0031622776601683794,40,0,40,0
S1,leave_environment_moving_office,random_orthogonal,36,0.0031622776601683794,40,0,40,0
S1,leave_environment_moving_office,random_orthogonal,37,0.0031622776601683794,40,0,40,0
S1,leave_environment_moving_office,random_orthogonal,38,0.0031622776601683794,40,0,40,0
S1,leave_environment_moving_office,random_orthogonal,39,0.0031622776601683794,40,0,40,0
S1,leave_environment_moving_office,random_orthogonal,40,0.0031622776601683794,40,0,40,0
S1,leave_environment_moving_office,random_orthogonal,31,0.01,40,14,40,0
S1,leave_environment_moving_office,random_orthogonal,32,0.01,40,8,40,0
S1,leave_environment_moving_office,random_orthogonal,33,0.01,40,7,40,0
S1,leave_environment_moving_office,random_orthogonal,34,0.01,40,11,40,0
S1,leave_environment_moving_office,random_orthogonal,35,0.01,40,14,40,0
S1,leave_environment_moving_office,random_orthogonal,36,0.01,40,10,40,0
S1,leave_environment_moving_office,random_orthogonal,37,0.01,40,12,40,0
S1,leave_environment_moving_office,random_orthogonal,38,0.01,40,12,40,0
S1,leave_environment_moving_office,random_orthogonal,39,0.01,40,11,40,0
S1,leave_environment_moving_office,random_orthogonal,40,0.01,40,11,40,0
S1,leave_environment_moving_office,random_orthogonal,31,0.03162277660168379,40,40,40,0
S1,leave_environment_moving_office,random_orthogonal,32,0.03162277660168379,40,40,40,0
S1,leave_environment_moving_office,random_orthogonal,33,0.03162277660168379,40,40,40,0
S1,leave_environment_moving_office,random_orthogonal,34,0.03162277660168379,40,40,40,0
S1,leave_environment_moving_office,random_orthogonal,35,0.03162277660168379,40,40,40,0
S1,leave_environment_moving_office,random_orthogonal,36,0.03162277660168379,40,40,40,0
S1,leave_environment_moving_office,random_orthogonal,37,0.03162277660168379,40,39,40,0
S1,leave_environment_moving_office,random_orthogonal,38,0.03162277660168379,40,40,40,0
S1,leave_environment_moving_office,random_orthogonal,39,0.03162277660168379,40,40,40,0
S1,leave_environment_moving_office,random_orthogonal,40,0.03162277660168379,40,40,40,0
S1,leave_environment_moving_office,random_orthogonal,31,0.1,40,40,40,0
S1,leave_environment_moving_office,random_orthogonal,32,0.1,40,40,40,0
S1,leave_environment_moving_office,random_orthogonal,33,0.1,40,40,40,0
S1,leave_environment_moving_office,random_orthogonal,34,0.1,40,40,40,0
S1,leave_environment_moving_office,random_orthogonal,35,0.1,40,40,40,0
S1,leave_environment_moving_office,random_orthogonal,36,0.1,40,40,40,0
S1,leave_environment_moving_office,random_orthogonal,37,0.1,40,40,40,0
S1,leave_environment_moving_office,random_orthogonal,38,0.1,40,40,40,0
S1,leave_environment_moving_office,random_orthogonal,39,0.1,40,40,40,0
S1,leave_environment_moving_office,random_orthogonal,40,0.1,40,40,40,0
S1,leave_environment_moving_office,random_orthogonal,31,0.25,40,0,0,0
S1,leave_environment_moving_office,random_orthogonal,32,0.25,40,0,0,0
S1,leave_environment_moving_office,random_orthogonal,33,0.25,40,0,0,0
S1,leave_environment_moving_office,random_orthogonal,34,0.25,40,0,0,0
S1,leave_environment_moving_office,random_orthogonal,35,0.25,40,0,0,0
S1,leave_environment_moving_office,random_orthogonal,36,0.25,40,0,0,0
S1,leave_environment_moving_office,random_orthogonal,37,0.25,40,0,0,0
S1,leave_environment_moving_office,random_orthogonal,38,0.25,40,0,0,0
S1,leave_environment_moving_office,random_orthogonal,39,0.25,40,0,0,0
S1,leave_environment_moving_office,random_orthogonal,40,0.25,40,0,0,0
S1,leave_environment_moving_office,permuted_polynomial,31,1e-06,40,0,40,0
S1,leave_environment_moving_office,permuted_polynomial,32,1e-06,40,0,40,0
S1,leave_environment_moving_office,permuted_polynomial,33,1e-06,40,0,40,0
S1,leave_environment_moving_office,permuted_polynomial,34,1e-06,40,0,40,0
S1,leave_environment_moving_office,permuted_polynomial,35,1e-06,40,0,40,0
S1,leave_environment_moving_office,permuted_polynomial,36,1e-06,40,0,40,0
S1,leave_environment_moving_office,permuted_polynomial,37,1e-06,40,0,40,0
S1,leave_environment_moving_office,permuted_polynomial,38,1e-06,40,0,40,0
S1,leave_environment_moving_office,permuted_polynomial,39,1e-06,40,0,40,0
S1,leave_environment_moving_office,permuted_polynomial,40,1e-06,40,0,40,0
S1,leave_environment_moving_office,permuted_polynomial,31,3.162277660168379e-06,40,0,40,0
S1,leave_environment_moving_office,permuted_polynomial,32,3.162277660168379e-06,40,0,40,0
S1,leave_environment_moving_office,permuted_polynomial,33,3.162277660168379e-06,40,0,40,0
S1,leave_environment_moving_office,permuted_polynomial,34,3.162277660168379e-06,40,0,40,0
S1,leave_environment_moving_office,permuted_polynomial,35,3.162277660168379e-06,40,0,40,0
S1,leave_environment_moving_office,permuted_polynomial,36,3.162277660168379e-06,40,0,40,0
S1,leave_environment_moving_office,permuted_polynomial,37,3.162277660168379e-06,40,0,40,0
S1,leave_environment_moving_office,permuted_polynomial,38,3.162277660168379e-06,40,0,40,0
S1,leave_environment_moving_office,permuted_polynomial,39,3.162277660168379e-06,40,0,40,0
S1,leave_environment_moving_office,permuted_polynomial,40,3.162277660168379e-06,40,0,40,0
S1,leave_environment_moving_office,permuted_polynomial,31,1e-05,40,0,40,0
S1,leave_environment_moving_office,permuted_polynomial,32,1e-05,40,0,40,0
S1,leave_environment_moving_office,permuted_polynomial,33,1e-05,40,0,40,0
S1,leave_environment_moving_office,permuted_polynomial,34,1e-05,40,0,40,0
S1,leave_environment_moving_office,permuted_polynomial,35,1e-05,40,0,40,0
S1,leave_environment_moving_office,permuted_polynomial,36,1e-05,40,0,40,0
S1,leave_environment_moving_office,permuted_polynomial,37,1e-05,40,0,40,0
S1,leave_environment_moving_office,permuted_polynomial,38,1e-05,40,0,40,0
S1,leave_environment_moving_office,permuted_polynomial,39,1e-05,40,0,40,0
S1,leave_environment_moving_office,permuted_polynomial,40,1e-05,40,0,40,0
S1,leave_environment_moving_office,permuted_polynomial,31,3.1622776601683795e-05,40,0,40,0
S1,leave_environment_moving_office,permuted_polynomial,32,3.1622776601683795e-05,40,0,40,0
S1,leave_environment_moving_office,permuted_polynomial,33,3.1622776601683795e-05,40,0,40,0
S1,leave_environment_moving_office,permuted_polynomial,34,3.1622776601683795e-05,40,0,40,0
S1,leave_environment_moving_office,permuted_polynomial,35,3.1622776601683795e-05,40,0,40,0
S1,leave_environment_moving_office,permuted_polynomial,36,3.1622776601683795e-05,40,0,40,0
S1,leave_environment_moving_office,permuted_polynomial,37,3.1622776601683795e-05,40,0,40,0
S1,leave_environment_moving_office,permuted_polynomial,38,3.1622776601683795e-05,40,0,40,0
S1,leave_environment_moving_office,permuted_polynomial,39,3.1622776601683795e-05,40,0,40,0
S1,leave_environment_moving_office,permuted_polynomial,40,3.1622776601683795e-05,40,0,40,0
S1,leave_environment_moving_office,permuted_polynomial,31,0.0001,40,0,40,0
S1,leave_environment_moving_office,permuted_polynomial,32,0.0001,40,0,40,0
S1,leave_environment_moving_office,permuted_polynomial,33,0.0001,40,0,40,0
S1,leave_environment_moving_office,permuted_polynomial,34,0.0001,40,0,40,0
S1,leave_environment_moving_office,permuted_polynomial,35,0.0001,40,0,40,0
S1,leave_environment_moving_office,permuted_polynomial,36,0.0001,40,0,40,0
S1,leave_environment_moving_office,permuted_polynomial,37,0.0001,40,0,40,0
S1,leave_environment_moving_office,permuted_polynomial,38,0.0001,40,0,40,0
S1,leave_environment_moving_office,permuted_polynomial,39,0.0001,40,0,40,0
S1,leave_environment_moving_office,permuted_polynomial,40,0.0001,40,0,40,0
S1,leave_environment_moving_office,permuted_polynomial,31,0.00031622776601683794,40,0,40,0
S1,leave_environment_moving_office,permuted_polynomial,32,0.00031622776601683794,40,0,40,0
S1,leave_environment_moving_office,permuted_polynomial,33,0.00031622776601683794,40,0,40,0
S1,leave_environment_moving_office,permuted_polynomial,34,0.00031622776601683794,40,0,40,0
S1,leave_environment_moving_office,permuted_polynomial,35,0.00031622776601683794,40,0,40,0
S1,leave_environment_moving_office,permuted_polynomial,36,0.00031622776601683794,40,0,40,0
S1,leave_environment_moving_office,permuted_polynomial,37,0.00031622776601683794,40,0,40,0
S1,leave_environment_moving_office,permuted_polynomial,38,0.00031622776601683794,40,0,40,0
S1,leave_environment_moving_office,permuted_polynomial,39,0.00031622776601683794,40,0,40,0
S1,leave_environment_moving_office,permuted_polynomial,40,0.00031622776601683794,40,0,40,0
S1,leave_environment_moving_office,permuted_polynomial,31,0.001,40,22,40,0
S1,leave_environment_moving_office,permuted_polynomial,32,0.001,40,14,40,0
S1,leave_environment_moving_office,permuted_polynomial,33,0.001,40,12,40,0
S1,leave_environment_moving_office,permuted_polynomial,34,0.001,40,2,40,0
S1,leave_environment_moving_office,permuted_polynomial,35,0.001,40,10,40,0
S1,leave_environment_moving_office,permuted_polynomial,36,0.001,40,3,40,0
S1,leave_environment_moving_office,permuted_polynomial,37,0.001,40,5,40,0
S1,leave_environment_moving_office,permuted_polynomial,38,0.001,40,1,40,0
S1,leave_environment_moving_office,permuted_polynomial,39,0.001,40,9,40,0
S1,leave_environment_moving_office,permuted_polynomial,40,0.001,40,0,40,0
S1,leave_environment_moving_office,permuted_polynomial,31,0.0031622776601683794,40,40,40,0
S1,leave_environment_moving_office,permuted_polynomial,32,0.0031622776601683794,40,36,40,0
S1,leave_environment_moving_office,permuted_polynomial,33,0.0031622776601683794,40,16,40,0
S1,leave_environment_moving_office,permuted_polynomial,34,0.0031622776601683794,40,4,40,0
S1,leave_environment_moving_office,permuted_polynomial,35,0.0031622776601683794,40,32,40,0
S1,leave_environment_moving_office,permuted_polynomial,36,0.0031622776601683794,40,5,40,0
S1,leave_environment_moving_office,permuted_polynomial,37,0.0031622776601683794,40,12,40,0
S1,leave_environment_moving_office,permuted_polynomial,38,0.0031622776601683794,40,29,40,0
S1,leave_environment_moving_office,permuted_polynomial,39,0.0031622776601683794,40,27,40,0
S1,leave_environment_moving_office,permuted_polynomial,40,0.0031622776601683794,40,3,40,0
S1,leave_environment_moving_office,permuted_polynomial,31,0.01,40,40,40,0
S1,leave_environment_moving_office,permuted_polynomial,32,0.01,40,39,40,0
S1,leave_environment_moving_office,permuted_polynomial,33,0.01,40,36,40,0
S1,leave_environment_moving_office,permuted_polynomial,34,0.01,40,36,40,0
S1,leave_environment_moving_office,permuted_polynomial,35,0.01,40,40,40,0
S1,leave_environment_moving_office,permuted_polynomial,36,0.01,40,40,40,0
S1,leave_environment_moving_office,permuted_polynomial,37,0.01,40,39,40,0
S1,leave_environment_moving_office,permuted_polynomial,38,0.01,40,39,40,0
S1,leave_environment_moving_office,permuted_polynomial,39,0.01,40,39,40,0
S1,leave_environment_moving_office,permuted_polynomial,40,0.01,40,38,40,0
S1,leave_environment_moving_office,permuted_polynomial,31,0.03162277660168379,40,40,40,0
S1,leave_environment_moving_office,permuted_polynomial,32,0.03162277660168379,40,40,40,0
S1,leave_environment_moving_office,permuted_polynomial,33,0.03162277660168379,40,40,40,0
S1,leave_environment_moving_office,permuted_polynomial,34,0.03162277660168379,40,40,40,0
S1,leave_environment_moving_office,permuted_polynomial,35,0.03162277660168379,40,40,40,0
S1,leave_environment_moving_office,permuted_polynomial,36,0.03162277660168379,40,40,40,0
S1,leave_environment_moving_office,permuted_polynomial,37,0.03162277660168379,40,40,40,0
S1,leave_environment_moving_office,permuted_polynomial,38,0.03162277660168379,40,40,40,0
S1,leave_environment_moving_office,permuted_polynomial,39,0.03162277660168379,40,40,40,0
S1,leave_environment_moving_office,permuted_polynomial,40,0.03162277660168379,40,40,40,0
S1,leave_environment_moving_office,permuted_polynomial,31,0.1,40,40,40,0
S1,leave_environment_moving_office,permuted_polynomial,32,0.1,40,40,40,0
S1,leave_environment_moving_office,permuted_polynomial,33,0.1,40,40,40,0
S1,leave_environment_moving_office,permuted_polynomial,34,0.1,40,40,40,0
S1,leave_environment_moving_office,permuted_polynomial,35,0.1,40,40,40,0
S1,leave_environment_moving_office,permuted_polynomial,36,0.1,40,40,40,0
S1,leave_environment_moving_office,permuted_polynomial,37,0.1,40,40,40,0
S1,leave_environment_moving_office,permuted_polynomial,38,0.1,40,40,40,0
S1,leave_environment_moving_office,permuted_polynomial,39,0.1,40,40,40,0
S1,leave_environment_moving_office,permuted_polynomial,40,0.1,40,40,40,0
S1,leave_environment_moving_office,permuted_polynomial,31,0.25,40,0,0,0
S1,leave_environment_moving_office,permuted_polynomial,32,0.25,40,0,0,0
S1,leave_environment_moving_office,permuted_polynomial,33,0.25,40,0,0,0
S1,leave_environment_moving_office,permuted_polynomial,34,0.25,40,0,0,0
S1,leave_environment_moving_office,permuted_polynomial,35,0.25,40,0,0,0
S1,leave_environment_moving_office,permuted_polynomial,36,0.25,40,0,0,0
S1,leave_environment_moving_office,permuted_polynomial,37,0.25,40,0,0,0
S1,leave_environment_moving_office,permuted_polynomial,38,0.25,40,0,0,0
S1,leave_environment_moving_office,permuted_polynomial,39,0.25,40,0,0,0
S1,leave_environment_moving_office,permuted_polynomial,40,0.25,40,0,0,0
S1,leave_environment_residential,coordinate,31,1e-06,40,0,40,0
S1,leave_environment_residential,coordinate,32,1e-06,40,0,40,0
S1,leave_environment_residential,coordinate,33,1e-06,40,0,40,0
S1,leave_environment_residential,coordinate,34,1e-06,40,0,40,0
S1,leave_environment_residential,coordinate,35,1e-06,40,0,40,0
S1,leave_environment_residential,coordinate,36,1e-06,40,0,40,0
S1,leave_environment_residential,coordinate,37,1e-06,40,0,40,0
S1,leave_environment_residential,coordinate,38,1e-06,40,0,40,0
S1,leave_environment_residential,coordinate,39,1e-06,40,0,40,0
S1,leave_environment_residential,coordinate,40,1e-06,40,0,40,0
S1,leave_environment_residential,coordinate,31,3.162277660168379e-06,40,0,40,0
S1,leave_environment_residential,coordinate,32,3.162277660168379e-06,40,0,40,0
S1,leave_environment_residential,coordinate,33,3.162277660168379e-06,40,0,40,0
S1,leave_environment_residential,coordinate,34,3.162277660168379e-06,40,0,40,0
S1,leave_environment_residential,coordinate,35,3.162277660168379e-06,40,0,40,0
S1,leave_environment_residential,coordinate,36,3.162277660168379e-06,40,0,40,0
S1,leave_environment_residential,coordinate,37,3.162277660168379e-06,40,0,40,0
S1,leave_environment_residential,coordinate,38,3.162277660168379e-06,40,0,40,0
S1,leave_environment_residential,coordinate,39,3.162277660168379e-06,40,0,40,0
S1,leave_environment_residential,coordinate,40,3.162277660168379e-06,40,0,40,0
S1,leave_environment_residential,coordinate,31,1e-05,40,0,40,0
S1,leave_environment_residential,coordinate,32,1e-05,40,0,40,0
S1,leave_environment_residential,coordinate,33,1e-05,40,0,40,0
S1,leave_environment_residential,coordinate,34,1e-05,40,0,40,0
S1,leave_environment_residential,coordinate,35,1e-05,40,0,40,0
S1,leave_environment_residential,coordinate,36,1e-05,40,0,40,0
S1,leave_environment_residential,coordinate,37,1e-05,40,0,40,0
S1,leave_environment_residential,coordinate,38,1e-05,40,0,40,0
S1,leave_environment_residential,coordinate,39,1e-05,40,0,40,0
S1,leave_environment_residential,coordinate,40,1e-05,40,0,40,0
S1,leave_environment_residential,coordinate,31,3.1622776601683795e-05,40,0,40,0
S1,leave_environment_residential,coordinate,32,3.1622776601683795e-05,40,0,40,0
S1,leave_environment_residential,coordinate,33,3.1622776601683795e-05,40,0,40,0
S1,leave_environment_residential,coordinate,34,3.1622776601683795e-05,40,0,40,0
S1,leave_environment_residential,coordinate,35,3.1622776601683795e-05,40,0,40,0
S1,leave_environment_residential,coordinate,36,3.1622776601683795e-05,40,0,40,0
S1,leave_environment_residential,coordinate,37,3.1622776601683795e-05,40,0,40,0
S1,leave_environment_residential,coordinate,38,3.1622776601683795e-05,40,0,40,0
S1,leave_environment_residential,coordinate,39,3.1622776601683795e-05,40,0,40,0
S1,leave_environment_residential,coordinate,40,3.1622776601683795e-05,40,0,40,0
S1,leave_environment_residential,coordinate,31,0.0001,40,0,40,0
S1,leave_environment_residential,coordinate,32,0.0001,40,0,40,0
S1,leave_environment_residential,coordinate,33,0.0001,40,0,40,0
S1,leave_environment_residential,coordinate,34,0.0001,40,0,40,0
S1,leave_environment_residential,coordinate,35,0.0001,40,0,40,0
S1,leave_environment_residential,coordinate,36,0.0001,40,0,40,0
S1,leave_environment_residential,coordinate,37,0.0001,40,0,40,0
S1,leave_environment_residential,coordinate,38,0.0001,40,0,40,0
S1,leave_environment_residential,coordinate,39,0.0001,40,0,40,0
S1,leave_environment_residential,coordinate,40,0.0001,40,0,40,0
S1,leave_environment_residential,coordinate,31,0.00031622776601683794,40,0,40,0
S1,leave_environment_residential,coordinate,32,0.00031622776601683794,40,0,40,0
S1,leave_environment_residential,coordinate,33,0.00031622776601683794,40,0,40,0
S1,leave_environment_residential,coordinate,34,0.00031622776601683794,40,0,40,0
S1,leave_environment_residential,coordinate,35,0.00031622776601683794,40,0,40,0
S1,leave_environment_residential,coordinate,36,0.00031622776601683794,40,0,40,0
S1,leave_environment_residential,coordinate,37,0.00031622776601683794,40,0,40,0
S1,leave_environment_residential,coordinate,38,0.00031622776601683794,40,0,40,0
S1,leave_environment_residential,coordinate,39,0.00031622776601683794,40,0,40,0
S1,leave_environment_residential,coordinate,40,0.00031622776601683794,40,0,40,0
S1,leave_environment_residential,coordinate,31,0.001,40,0,40,0
S1,leave_environment_residential,coordinate,32,0.001,40,0,40,0
S1,leave_environment_residential,coordinate,33,0.001,40,0,40,0
S1,leave_environment_residential,coordinate,34,0.001,40,0,40,0
S1,leave_environment_residential,coordinate,35,0.001,40,0,40,0
S1,leave_environment_residential,coordinate,36,0.001,40,0,40,0
S1,leave_environment_residential,coordinate,37,0.001,40,0,40,0
S1,leave_environment_residential,coordinate,38,0.001,40,0,40,0
S1,leave_environment_residential,coordinate,39,0.001,40,0,40,0
S1,leave_environment_residential,coordinate,40,0.001,40,0,40,0
S1,leave_environment_residential,coordinate,31,0.0031622776601683794,40,0,40,0
S1,leave_environment_residential,coordinate,32,0.0031622776601683794,40,0,40,0
S1,leave_environment_residential,coordinate,33,0.0031622776601683794,40,0,40,0
S1,leave_environment_residential,coordinate,34,0.0031622776601683794,40,0,40,0
S1,leave_environment_residential,coordinate,35,0.0031622776601683794,40,0,40,0
S1,leave_environment_residential,coordinate,36,0.0031622776601683794,40,0,40,0
S1,leave_environment_residential,coordinate,37,0.0031622776601683794,40,0,40,0
S1,leave_environment_residential,coordinate,38,0.0031622776601683794,40,0,40,0
S1,leave_environment_residential,coordinate,39,0.0031622776601683794,40,0,40,0
S1,leave_environment_residential,coordinate,40,0.0031622776601683794,40,0,40,0
S1,leave_environment_residential,coordinate,31,0.01,40,0,40,0
S1,leave_environment_residential,coordinate,32,0.01,40,0,40,0
S1,leave_environment_residential,coordinate,33,0.01,40,0,40,0
S1,leave_environment_residential,coordinate,34,0.01,40,0,40,0
S1,leave_environment_residential,coordinate,35,0.01,40,0,40,0
S1,leave_environment_residential,coordinate,36,0.01,40,0,40,0
S1,leave_environment_residential,coordinate,37,0.01,40,0,40,0
S1,leave_environment_residential,coordinate,38,0.01,40,0,40,0
S1,leave_environment_residential,coordinate,39,0.01,40,0,40,0
S1,leave_environment_residential,coordinate,40,0.01,40,0,40,0
S1,leave_environment_residential,coordinate,31,0.03162277660168379,40,0,40,0
S1,leave_environment_residential,coordinate,32,0.03162277660168379,40,0,40,0
S1,leave_environment_residential,coordinate,33,0.03162277660168379,40,0,40,0
S1,leave_environment_residential,coordinate,34,0.03162277660168379,40,0,40,0
S1,leave_environment_residential,coordinate,35,0.03162277660168379,40,0,40,0
S1,leave_environment_residential,coordinate,36,0.03162277660168379,40,0,40,0
S1,leave_environment_residential,coordinate,37,0.03162277660168379,40,0,40,0
S1,leave_environment_residential,coordinate,38,0.03162277660168379,40,0,40,0
S1,leave_environment_residential,coordinate,39,0.03162277660168379,40,0,40,0
S1,leave_environment_residential,coordinate,40,0.03162277660168379,40,0,40,0
S1,leave_environment_residential,coordinate,31,0.1,40,0,0,0
S1,leave_environment_residential,coordinate,32,0.1,40,0,0,0
S1,leave_environment_residential,coordinate,33,0.1,40,0,0,0
S1,leave_environment_residential,coordinate,34,0.1,40,0,0,0
S1,leave_environment_residential,coordinate,35,0.1,40,0,0,0
S1,leave_environment_residential,coordinate,36,0.1,40,0,0,0
S1,leave_environment_residential,coordinate,37,0.1,40,0,0,0
S1,leave_environment_residential,coordinate,38,0.1,40,0,0,0
S1,leave_environment_residential,coordinate,39,0.1,40,0,0,0
S1,leave_environment_residential,coordinate,40,0.1,40,0,0,0
S1,leave_environment_residential,coordinate,31,0.25,40,0,0,0
S1,leave_environment_residential,coordinate,32,0.25,40,0,0,0
S1,leave_environment_residential,coordinate,33,0.25,40,0,0,0
S1,leave_environment_residential,coordinate,34,0.25,40,0,0,0
S1,leave_environment_residential,coordinate,35,0.25,40,0,0,0
S1,leave_environment_residential,coordinate,36,0.25,40,0,0,0
S1,leave_environment_residential,coordinate,37,0.25,40,0,0,0
S1,leave_environment_residential,coordinate,38,0.25,40,0,0,0
S1,leave_environment_residential,coordinate,39,0.25,40,0,0,0
S1,leave_environment_residential,coordinate,40,0.25,40,0,0,0
S1,leave_environment_residential,dct,31,1e-06,40,0,40,0
S1,leave_environment_residential,dct,32,1e-06,40,0,40,0
S1,leave_environment_residential,dct,33,1e-06,40,0,40,0
S1,leave_environment_residential,dct,34,1e-06,40,0,40,0
S1,leave_environment_residential,dct,35,1e-06,40,0,40,0
S1,leave_environment_residential,dct,36,1e-06,40,0,40,0
S1,leave_environment_residential,dct,37,1e-06,40,0,40,0
S1,leave_environment_residential,dct,38,1e-06,40,0,40,0
S1,leave_environment_residential,dct,39,1e-06,40,0,40,0
S1,leave_environment_residential,dct,40,1e-06,40,0,40,0
S1,leave_environment_residential,dct,31,3.162277660168379e-06,40,0,40,0
S1,leave_environment_residential,dct,32,3.162277660168379e-06,40,0,40,0
S1,leave_environment_residential,dct,33,3.162277660168379e-06,40,0,40,0
S1,leave_environment_residential,dct,34,3.162277660168379e-06,40,0,40,0
S1,leave_environment_residential,dct,35,3.162277660168379e-06,40,0,40,0
S1,leave_environment_residential,dct,36,3.162277660168379e-06,40,0,40,0
S1,leave_environment_residential,dct,37,3.162277660168379e-06,40,0,40,0
S1,leave_environment_residential,dct,38,3.162277660168379e-06,40,0,40,0
S1,leave_environment_residential,dct,39,3.162277660168379e-06,40,0,40,0
S1,leave_environment_residential,dct,40,3.162277660168379e-06,40,0,40,0
S1,leave_environment_residential,dct,31,1e-05,40,0,40,0
S1,leave_environment_residential,dct,32,1e-05,40,0,40,0
S1,leave_environment_residential,dct,33,1e-05,40,0,40,0
S1,leave_environment_residential,dct,34,1e-05,40,0,40,0
S1,leave_environment_residential,dct,35,1e-05,40,0,40,0
S1,leave_environment_residential,dct,36,1e-05,40,0,40,0
S1,leave_environment_residential,dct,37,1e-05,40,0,40,0
S1,leave_environment_residential,dct,38,1e-05,40,0,40,0
S1,leave_environment_residential,dct,39,1e-05,40,0,40,0
S1,leave_environment_residential,dct,40,1e-05,40,0,40,0
S1,leave_environment_residential,dct,31,3.1622776601683795e-05,40,0,40,0
S1,leave_environment_residential,dct,32,3.1622776601683795e-05,40,0,40,0
S1,leave_environment_residential,dct,33,3.1622776601683795e-05,40,0,40,0
S1,leave_environment_residential,dct,34,3.1622776601683795e-05,40,0,40,0
S1,leave_environment_residential,dct,35,3.1622776601683795e-05,40,0,40,0
S1,leave_environment_residential,dct,36,3.1622776601683795e-05,40,0,40,0
S1,leave_environment_residential,dct,37,3.1622776601683795e-05,40,0,40,0
S1,leave_environment_residential,dct,38,3.1622776601683795e-05,40,0,40,0
S1,leave_environment_residential,dct,39,3.1622776601683795e-05,40,0,40,0
S1,leave_environment_residential,dct,40,3.1622776601683795e-05,40,0,40,0
S1,leave_environment_residential,dct,31,0.0001,40,0,40,0
S1,leave_environment_residential,dct,32,0.0001,40,0,40,0
S1,leave_environment_residential,dct,33,0.0001,40,0,40,0
S1,leave_environment_residential,dct,34,0.0001,40,0,40,0
S1,leave_environment_residential,dct,35,0.0001,40,0,40,0
S1,leave_environment_residential,dct,36,0.0001,40,0,40,0
S1,leave_environment_residential,dct,37,0.0001,40,0,40,0
S1,leave_environment_residential,dct,38,0.0001,40,0,40,0
S1,leave_environment_residential,dct,39,0.0001,40,0,40,0
S1,leave_environment_residential,dct,40,0.0001,40,0,40,0
S1,leave_environment_residential,dct,31,0.00031622776601683794,40,0,40,0
S1,leave_environment_residential,dct,32,0.00031622776601683794,40,0,40,0
S1,leave_environment_residential,dct,33,0.00031622776601683794,40,0,40,0
S1,leave_environment_residential,dct,34,0.00031622776601683794,40,0,40,0
S1,leave_environment_residential,dct,35,0.00031622776601683794,40,0,40,0
S1,leave_environment_residential,dct,36,0.00031622776601683794,40,0,40,0
S1,leave_environment_residential,dct,37,0.00031622776601683794,40,0,40,0
S1,leave_environment_residential,dct,38,0.00031622776601683794,40,0,40,0
S1,leave_environment_residential,dct,39,0.00031622776601683794,40,0,40,0
S1,leave_environment_residential,dct,40,0.00031622776601683794,40,0,40,0
S1,leave_environment_residential,dct,31,0.001,40,0,40,0
S1,leave_environment_residential,dct,32,0.001,40,0,40,0
S1,leave_environment_residential,dct,33,0.001,40,0,40,0
S1,leave_environment_residential,dct,34,0.001,40,0,40,0
S1,leave_environment_residential,dct,35,0.001,40,0,40,0
S1,leave_environment_residential,dct,36,0.001,40,0,40,0
S1,leave_environment_residential,dct,37,0.001,40,0,40,0
S1,leave_environment_residential,dct,38,0.001,40,0,40,0
S1,leave_environment_residential,dct,39,0.001,40,0,40,0
S1,leave_environment_residential,dct,40,0.001,40,0,40,0
S1,leave_environment_residential,dct,31,0.0031622776601683794,40,0,40,0
S1,leave_environment_residential,dct,32,0.0031622776601683794,40,0,40,0
S1,leave_environment_residential,dct,33,0.0031622776601683794,40,0,40,0
S1,leave_environment_residential,dct,34,0.0031622776601683794,40,0,40,0
S1,leave_environment_residential,dct,35,0.0031622776601683794,40,0,40,0
S1,leave_environment_residential,dct,36,0.0031622776601683794,40,0,40,0
S1,leave_environment_residential,dct,37,0.0031622776601683794,40,0,40,0
S1,leave_environment_residential,dct,38,0.0031622776601683794,40,0,40,0
S1,leave_environment_residential,dct,39,0.0031622776601683794,40,0,40,0
S1,leave_environment_residential,dct,40,0.0031622776601683794,40,0,40,0
S1,leave_environment_residential,dct,31,0.01,40,40,40,0
S1,leave_environment_residential,dct,32,0.01,40,40,40,0
S1,leave_environment_residential,dct,33,0.01,40,40,40,0
S1,leave_environment_residential,dct,34,0.01,40,40,40,0
S1,leave_environment_residential,dct,35,0.01,40,40,40,0
S1,leave_environment_residential,dct,36,0.01,40,40,40,0
S1,leave_environment_residential,dct,37,0.01,40,40,40,0
S1,leave_environment_residential,dct,38,0.01,40,40,40,0
S1,leave_environment_residential,dct,39,0.01,40,40,40,0
S1,leave_environment_residential,dct,40,0.01,40,40,40,0
S1,leave_environment_residential,dct,31,0.03162277660168379,40,40,40,0
S1,leave_environment_residential,dct,32,0.03162277660168379,40,40,40,0
S1,leave_environment_residential,dct,33,0.03162277660168379,40,40,40,0
S1,leave_environment_residential,dct,34,0.03162277660168379,40,40,40,0
S1,leave_environment_residential,dct,35,0.03162277660168379,40,40,40,0
S1,leave_environment_residential,dct,36,0.03162277660168379,40,40,40,0
S1,leave_environment_residential,dct,37,0.03162277660168379,40,40,40,0
S1,leave_environment_residential,dct,38,0.03162277660168379,40,40,40,0
S1,leave_environment_residential,dct,39,0.03162277660168379,40,40,40,0
S1,leave_environment_residential,dct,40,0.03162277660168379,40,40,40,0
S1,leave_environment_residential,dct,31,0.1,40,40,40,0
S1,leave_environment_residential,dct,32,0.1,40,40,40,0
S1,leave_environment_residential,dct,33,0.1,40,40,40,0
S1,leave_environment_residential,dct,34,0.1,40,40,40,0
S1,leave_environment_residential,dct,35,0.1,40,40,40,0
S1,leave_environment_residential,dct,36,0.1,40,40,40,0
S1,leave_environment_residential,dct,37,0.1,40,40,40,0
S1,leave_environment_residential,dct,38,0.1,40,40,40,0
S1,leave_environment_residential,dct,39,0.1,40,40,40,0
S1,leave_environment_residential,dct,40,0.1,40,40,40,0
S1,leave_environment_residential,dct,31,0.25,40,0,0,0
S1,leave_environment_residential,dct,32,0.25,40,0,0,0
S1,leave_environment_residential,dct,33,0.25,40,0,0,0
S1,leave_environment_residential,dct,34,0.25,40,0,0,0
S1,leave_environment_residential,dct,35,0.25,40,0,0,0
S1,leave_environment_residential,dct,36,0.25,40,0,0,0
S1,leave_environment_residential,dct,37,0.25,40,0,0,0
S1,leave_environment_residential,dct,38,0.25,40,0,0,0
S1,leave_environment_residential,dct,39,0.25,40,0,0,0
S1,leave_environment_residential,dct,40,0.25,40,0,0,0
S1,leave_environment_residential,dft,31,1e-06,40,0,40,0
S1,leave_environment_residential,dft,32,1e-06,40,0,40,0
S1,leave_environment_residential,dft,33,1e-06,40,0,40,0
S1,leave_environment_residential,dft,34,1e-06,40,0,40,0
S1,leave_environment_residential,dft,35,1e-06,40,0,40,0
S1,leave_environment_residential,dft,36,1e-06,40,0,40,0
S1,leave_environment_residential,dft,37,1e-06,40,0,40,0
S1,leave_environment_residential,dft,38,1e-06,40,0,40,0
S1,leave_environment_residential,dft,39,1e-06,40,0,40,0
S1,leave_environment_residential,dft,40,1e-06,40,0,40,0
S1,leave_environment_residential,dft,31,3.162277660168379e-06,40,0,40,0
S1,leave_environment_residential,dft,32,3.162277660168379e-06,40,0,40,0
S1,leave_environment_residential,dft,33,3.162277660168379e-06,40,0,40,0
S1,leave_environment_residential,dft,34,3.162277660168379e-06,40,0,40,0
S1,leave_environment_residential,dft,35,3.162277660168379e-06,40,0,40,0
S1,leave_environment_residential,dft,36,3.162277660168379e-06,40,0,40,0
S1,leave_environment_residential,dft,37,3.162277660168379e-06,40,0,40,0
S1,leave_environment_residential,dft,38,3.162277660168379e-06,40,0,40,0
S1,leave_environment_residential,dft,39,3.162277660168379e-06,40,0,40,0
S1,leave_environment_residential,dft,40,3.162277660168379e-06,40,0,40,0
S1,leave_environment_residential,dft,31,1e-05,40,0,40,0
S1,leave_environment_residential,dft,32,1e-05,40,0,40,0
S1,leave_environment_residential,dft,33,1e-05,40,0,40,0
S1,leave_environment_residential,dft,34,1e-05,40,0,40,0
S1,leave_environment_residential,dft,35,1e-05,40,0,40,0
S1,leave_environment_residential,dft,36,1e-05,40,0,40,0
S1,leave_environment_residential,dft,37,1e-05,40,0,40,0
S1,leave_environment_residential,dft,38,1e-05,40,0,40,0
S1,leave_environment_residential,dft,39,1e-05,40,0,40,0
S1,leave_environment_residential,dft,40,1e-05,40,0,40,0
S1,leave_environment_residential,dft,31,3.1622776601683795e-05,40,0,40,0
S1,leave_environment_residential,dft,32,3.1622776601683795e-05,40,0,40,0
S1,leave_environment_residential,dft,33,3.1622776601683795e-05,40,0,40,0
S1,leave_environment_residential,dft,34,3.1622776601683795e-05,40,0,40,0
S1,leave_environment_residential,dft,35,3.1622776601683795e-05,40,0,40,0
S1,leave_environment_residential,dft,36,3.1622776601683795e-05,40,0,40,0
S1,leave_environment_residential,dft,37,3.1622776601683795e-05,40,0,40,0
S1,leave_environment_residential,dft,38,3.1622776601683795e-05,40,0,40,0
S1,leave_environment_residential,dft,39,3.1622776601683795e-05,40,0,40,0
S1,leave_environment_residential,dft,40,3.1622776601683795e-05,40,0,40,0
S1,leave_environment_residential,dft,31,0.0001,40,0,40,0
S1,leave_environment_residential,dft,32,0.0001,40,0,40,0
S1,leave_environment_residential,dft,33,0.0001,40,0,40,0
S1,leave_environment_residential,dft,34,0.0001,40,0,40,0
S1,leave_environment_residential,dft,35,0.0001,40,0,40,0
S1,leave_environment_residential,dft,36,0.0001,40,0,40,0
S1,leave_environment_residential,dft,37,0.0001,40,0,40,0
S1,leave_environment_residential,dft,38,0.0001,40,0,40,0
S1,leave_environment_residential,dft,39,0.0001,40,0,40,0
S1,leave_environment_residential,dft,40,0.0001,40,0,40,0
S1,leave_environment_residential,dft,31,0.00031622776601683794,40,0,40,0
S1,leave_environment_residential,dft,32,0.00031622776601683794,40,0,40,0
S1,leave_environment_residential,dft,33,0.00031622776601683794,40,0,40,0
S1,leave_environment_residential,dft,34,0.00031622776601683794,40,0,40,0
S1,leave_environment_residential,dft,35,0.00031622776601683794,40,0,40,0
S1,leave_environment_residential,dft,36,0.00031622776601683794,40,0,40,0
S1,leave_environment_residential,dft,37,0.00031622776601683794,40,0,40,0
S1,leave_environment_residential,dft,38,0.00031622776601683794,40,0,40,0
S1,leave_environment_residential,dft,39,0.00031622776601683794,40,0,40,0
S1,leave_environment_residential,dft,40,0.00031622776601683794,40,0,40,0
S1,leave_environment_residential,dft,31,0.001,40,37,40,0
S1,leave_environment_residential,dft,32,0.001,40,30,40,0
S1,leave_environment_residential,dft,33,0.001,40,20,40,0
S1,leave_environment_residential,dft,34,0.001,40,1,40,0
S1,leave_environment_residential,dft,35,0.001,40,0,40,0
S1,leave_environment_residential,dft,36,0.001,40,5,40,0
S1,leave_environment_residential,dft,37,0.001,40,12,40,0
S1,leave_environment_residential,dft,38,0.001,40,0,40,0
S1,leave_environment_residential,dft,39,0.001,40,3,40,0
S1,leave_environment_residential,dft,40,0.001,40,3,40,0
S1,leave_environment_residential,dft,31,0.0031622776601683794,40,40,40,0
S1,leave_environment_residential,dft,32,0.0031622776601683794,40,30,40,0
S1,leave_environment_residential,dft,33,0.0031622776601683794,40,20,40,0
S1,leave_environment_residential,dft,34,0.0031622776601683794,40,2,40,0
S1,leave_environment_residential,dft,35,0.0031622776601683794,40,0,40,0
S1,leave_environment_residential,dft,36,0.0031622776601683794,40,5,40,0
S1,leave_environment_residential,dft,37,0.0031622776601683794,40,17,40,0
S1,leave_environment_residential,dft,38,0.0031622776601683794,40,0,40,0
S1,leave_environment_residential,dft,39,0.0031622776601683794,40,6,40,0
S1,leave_environment_residential,dft,40,0.0031622776601683794,40,4,40,0
S1,leave_environment_residential,dft,31,0.01,40,40,40,0
S1,leave_environment_residential,dft,32,0.01,40,40,40,0
S1,leave_environment_residential,dft,33,0.01,40,39,40,0
S1,leave_environment_residential,dft,34,0.01,40,37,40,0
S1,leave_environment_residential,dft,35,0.01,40,40,40,0
S1,leave_environment_residential,dft,36,0.01,40,40,40,0
S1,leave_environment_residential,dft,37,0.01,40,22,40,0
S1,leave_environment_residential,dft,38,0.01,40,0,40,0
S1,leave_environment_residential,dft,39,0.01,40,7,40,0
S1,leave_environment_residential,dft,40,0.01,40,39,40,0
S1,leave_environment_residential,dft,31,0.03162277660168379,40,40,40,0
S1,leave_environment_residential,dft,32,0.03162277660168379,40,40,40,0
S1,leave_environment_residential,dft,33,0.03162277660168379,40,40,40,0
S1,leave_environment_residential,dft,34,0.03162277660168379,40,40,40,0
S1,leave_environment_residential,dft,35,0.03162277660168379,40,40,40,0
S1,leave_environment_residential,dft,36,0.03162277660168379,40,40,40,0
S1,leave_environment_residential,dft,37,0.03162277660168379,40,40,40,0
S1,leave_environment_residential,dft,38,0.03162277660168379,40,40,40,0
S1,leave_environment_residential,dft,39,0.03162277660168379,40,40,40,0
S1,leave_environment_residential,dft,40,0.03162277660168379,40,40,40,0
S1,leave_environment_residential,dft,31,0.1,40,40,40,0
S1,leave_environment_residential,dft,32,0.1,40,40,40,0
S1,leave_environment_residential,dft,33,0.1,40,40,40,0
S1,leave_environment_residential,dft,34,0.1,40,40,40,0
S1,leave_environment_residential,dft,35,0.1,40,40,40,0
S1,leave_environment_residential,dft,36,0.1,40,40,40,0
S1,leave_environment_residential,dft,37,0.1,40,40,40,0
S1,leave_environment_residential,dft,38,0.1,40,40,40,0
S1,leave_environment_residential,dft,39,0.1,40,40,40,0
S1,leave_environment_residential,dft,40,0.1,40,40,40,0
S1,leave_environment_residential,dft,31,0.25,40,0,0,0
S1,leave_environment_residential,dft,32,0.25,40,0,0,0
S1,leave_environment_residential,dft,33,0.25,40,0,0,0
S1,leave_environment_residential,dft,34,0.25,40,0,0,0
S1,leave_environment_residential,dft,35,0.25,40,0,0,0
S1,leave_environment_residential,dft,36,0.25,40,0,0,0
S1,leave_environment_residential,dft,37,0.25,40,0,0,0
S1,leave_environment_residential,dft,38,0.25,40,0,0,0
S1,leave_environment_residential,dft,39,0.25,40,0,0,0
S1,leave_environment_residential,dft,40,0.25,40,0,0,0
S1,leave_environment_residential,polynomial,31,1e-06,40,0,40,0
S1,leave_environment_residential,polynomial,32,1e-06,40,0,40,0
S1,leave_environment_residential,polynomial,33,1e-06,40,0,40,0
S1,leave_environment_residential,polynomial,34,1e-06,40,0,40,0
S1,leave_environment_residential,polynomial,35,1e-06,40,0,40,0
S1,leave_environment_residential,polynomial,36,1e-06,40,0,40,0
S1,leave_environment_residential,polynomial,37,1e-06,40,0,40,0
S1,leave_environment_residential,polynomial,38,1e-06,40,0,40,0
S1,leave_environment_residential,polynomial,39,1e-06,40,0,40,0
S1,leave_environment_residential,polynomial,40,1e-06,40,0,40,0
S1,leave_environment_residential,polynomial,31,3.162277660168379e-06,40,0,40,0
S1,leave_environment_residential,polynomial,32,3.162277660168379e-06,40,0,40,0
S1,leave_environment_residential,polynomial,33,3.162277660168379e-06,40,0,40,0
S1,leave_environment_residential,polynomial,34,3.162277660168379e-06,40,0,40,0
S1,leave_environment_residential,polynomial,35,3.162277660168379e-06,40,0,40,0
S1,leave_environment_residential,polynomial,36,3.162277660168379e-06,40,0,40,0
S1,leave_environment_residential,polynomial,37,3.162277660168379e-06,40,0,40,0
S1,leave_environment_residential,polynomial,38,3.162277660168379e-06,40,0,40,0
S1,leave_environment_residential,polynomial,39,3.162277660168379e-06,40,0,40,0
S1,leave_environment_residential,polynomial,40,3.162277660168379e-06,40,0,40,0
S1,leave_environment_residential,polynomial,31,1e-05,40,0,40,0
S1,leave_environment_residential,polynomial,32,1e-05,40,0,40,0
S1,leave_environment_residential,polynomial,33,1e-05,40,0,40,0
S1,leave_environment_residential,polynomial,34,1e-05,40,0,40,0
S1,leave_environment_residential,polynomial,35,1e-05,40,0,40,0
S1,leave_environment_residential,polynomial,36,1e-05,40,0,40,0
S1,leave_environment_residential,polynomial,37,1e-05,40,0,40,0
S1,leave_environment_residential,polynomial,38,1e-05,40,0,40,0
S1,leave_environment_residential,polynomial,39,1e-05,40,0,40,0
S1,leave_environment_residential,polynomial,40,1e-05,40,0,40,0
S1,leave_environment_residential,polynomial,31,3.1622776601683795e-05,40,18,40,0
S1,leave_environment_residential,polynomial,32,3.1622776601683795e-05,40,7,40,0
S1,leave_environment_residential,polynomial,33,3.1622776601683795e-05,40,10,40,0
S1,leave_environment_residential,polynomial,34,3.1622776601683795e-05,40,19,40,0
S1,leave_environment_residential,polynomial,35,3.1622776601683795e-05,40,22,40,0
S1,leave_environment_residential,polynomial,36,3.1622776601683795e-05,40,19,40,0
S1,leave_environment_residential,polynomial,37,3.1622776601683795e-05,40,25,40,0
S1,leave_environment_residential,polynomial,38,3.1622776601683795e-05,40,6,40,0
S1,leave_environment_residential,polynomial,39,3.1622776601683795e-05,40,14,40,0
S1,leave_environment_residential,polynomial,40,3.1622776601683795e-05,40,11,40,0
S1,leave_environment_residential,polynomial,31,0.0001,40,40,40,0
S1,leave_environment_residential,polynomial,32,0.0001,40,40,40,0
S1,leave_environment_residential,polynomial,33,0.0001,40,40,40,0
S1,leave_environment_residential,polynomial,34,0.0001,40,40,40,0
S1,leave_environment_residential,polynomial,35,0.0001,40,40,40,0
S1,leave_environment_residential,polynomial,36,0.0001,40,40,40,0
S1,leave_environment_residential,polynomial,37,0.0001,40,40,40,0
S1,leave_environment_residential,polynomial,38,0.0001,40,40,40,0
S1,leave_environment_residential,polynomial,39,0.0001,40,40,40,0
S1,leave_environment_residential,polynomial,40,0.0001,40,40,40,0
S1,leave_environment_residential,polynomial,31,0.00031622776601683794,40,40,40,0
S1,leave_environment_residential,polynomial,32,0.00031622776601683794,40,40,40,0
S1,leave_environment_residential,polynomial,33,0.00031622776601683794,40,40,40,0
S1,leave_environment_residential,polynomial,34,0.00031622776601683794,40,40,40,0
S1,leave_environment_residential,polynomial,35,0.00031622776601683794,40,40,40,0
S1,leave_environment_residential,polynomial,36,0.00031622776601683794,40,40,40,0
S1,leave_environment_residential,polynomial,37,0.00031622776601683794,40,40,40,0
S1,leave_environment_residential,polynomial,38,0.00031622776601683794,40,40,40,0
S1,leave_environment_residential,polynomial,39,0.00031622776601683794,40,40,40,0
S1,leave_environment_residential,polynomial,40,0.00031622776601683794,40,40,40,0
S1,leave_environment_residential,polynomial,31,0.001,40,40,40,0
S1,leave_environment_residential,polynomial,32,0.001,40,40,40,0
S1,leave_environment_residential,polynomial,33,0.001,40,40,40,0
S1,leave_environment_residential,polynomial,34,0.001,40,40,40,0
S1,leave_environment_residential,polynomial,35,0.001,40,40,40,0
S1,leave_environment_residential,polynomial,36,0.001,40,40,40,0
S1,leave_environment_residential,polynomial,37,0.001,40,40,40,0
S1,leave_environment_residential,polynomial,38,0.001,40,40,40,0
S1,leave_environment_residential,polynomial,39,0.001,40,40,40,0
S1,leave_environment_residential,polynomial,40,0.001,40,40,40,0
S1,leave_environment_residential,polynomial,31,0.0031622776601683794,40,40,40,0
S1,leave_environment_residential,polynomial,32,0.0031622776601683794,40,40,40,0
S1,leave_environment_residential,polynomial,33,0.0031622776601683794,40,40,40,0
S1,leave_environment_residential,polynomial,34,0.0031622776601683794,40,40,40,0
S1,leave_environment_residential,polynomial,35,0.0031622776601683794,40,40,40,0
S1,leave_environment_residential,polynomial,36,0.0031622776601683794,40,40,40,0
S1,leave_environment_residential,polynomial,37,0.0031622776601683794,40,40,40,0
S1,leave_environment_residential,polynomial,38,0.0031622776601683794,40,40,40,0
S1,leave_environment_residential,polynomial,39,0.0031622776601683794,40,40,40,0
S1,leave_environment_residential,polynomial,40,0.0031622776601683794,40,40,40,0
S1,leave_environment_residential,polynomial,31,0.01,40,40,40,0
S1,leave_environment_residential,polynomial,32,0.01,40,40,40,0
S1,leave_environment_residential,polynomial,33,0.01,40,40,40,0
S1,leave_environment_residential,polynomial,34,0.01,40,40,40,0
S1,leave_environment_residential,polynomial,35,0.01,40,40,40,0
S1,leave_environment_residential,polynomial,36,0.01,40,40,40,0
S1,leave_environment_residential,polynomial,37,0.01,40,40,40,0
S1,leave_environment_residential,polynomial,38,0.01,40,40,40,0
S1,leave_environment_residential,polynomial,39,0.01,40,40,40,0
S1,leave_environment_residential,polynomial,40,0.01,40,40,40,0
S1,leave_environment_residential,polynomial,31,0.03162277660168379,40,40,40,0
S1,leave_environment_residential,polynomial,32,0.03162277660168379,40,40,40,0
S1,leave_environment_residential,polynomial,33,0.03162277660168379,40,40,40,0
S1,leave_environment_residential,polynomial,34,0.03162277660168379,40,40,40,0
S1,leave_environment_residential,polynomial,35,0.03162277660168379,40,40,40,0
S1,leave_environment_residential,polynomial,36,0.03162277660168379,40,40,40,0
S1,leave_environment_residential,polynomial,37,0.03162277660168379,40,40,40,0
S1,leave_environment_residential,polynomial,38,0.03162277660168379,40,40,40,0
S1,leave_environment_residential,polynomial,39,0.03162277660168379,40,40,40,0
S1,leave_environment_residential,polynomial,40,0.03162277660168379,40,40,40,0
S1,leave_environment_residential,polynomial,31,0.1,40,40,40,0
S1,leave_environment_residential,polynomial,32,0.1,40,40,40,0
S1,leave_environment_residential,polynomial,33,0.1,40,40,40,0
S1,leave_environment_residential,polynomial,34,0.1,40,40,40,0
S1,leave_environment_residential,polynomial,35,0.1,40,40,40,0
S1,leave_environment_residential,polynomial,36,0.1,40,40,40,0
S1,leave_environment_residential,polynomial,37,0.1,40,40,40,0
S1,leave_environment_residential,polynomial,38,0.1,40,40,40,0
S1,leave_environment_residential,polynomial,39,0.1,40,40,40,0
S1,leave_environment_residential,polynomial,40,0.1,40,40,40,0
S1,leave_environment_residential,polynomial,31,0.25,40,0,0,0
S1,leave_environment_residential,polynomial,32,0.25,40,0,0,0
S1,leave_environment_residential,polynomial,33,0.25,40,0,0,0
S1,leave_environment_residential,polynomial,34,0.25,40,0,0,0
S1,leave_environment_residential,polynomial,35,0.25,40,0,0,0
S1,leave_environment_residential,polynomial,36,0.25,40,0,0,0
S1,leave_environment_residential,polynomial,37,0.25,40,0,0,0
S1,leave_environment_residential,polynomial,38,0.25,40,0,0,0
S1,leave_environment_residential,polynomial,39,0.25,40,0,0,0
S1,leave_environment_residential,polynomial,40,0.25,40,0,0,0
S1,leave_environment_residential,random_orthogonal,31,1e-06,40,0,40,0
S1,leave_environment_residential,random_orthogonal,32,1e-06,40,0,40,0
S1,leave_environment_residential,random_orthogonal,33,1e-06,40,0,40,0
S1,leave_environment_residential,random_orthogonal,34,1e-06,40,0,40,0
S1,leave_environment_residential,random_orthogonal,35,1e-06,40,0,40,0
S1,leave_environment_residential,random_orthogonal,36,1e-06,40,0,40,0
S1,leave_environment_residential,random_orthogonal,37,1e-06,40,0,40,0
S1,leave_environment_residential,random_orthogonal,38,1e-06,40,0,40,0
S1,leave_environment_residential,random_orthogonal,39,1e-06,40,0,40,0
S1,leave_environment_residential,random_orthogonal,40,1e-06,40,0,40,0
S1,leave_environment_residential,random_orthogonal,31,3.162277660168379e-06,40,0,40,0
S1,leave_environment_residential,random_orthogonal,32,3.162277660168379e-06,40,0,40,0
S1,leave_environment_residential,random_orthogonal,33,3.162277660168379e-06,40,0,40,0
S1,leave_environment_residential,random_orthogonal,34,3.162277660168379e-06,40,0,40,0
S1,leave_environment_residential,random_orthogonal,35,3.162277660168379e-06,40,0,40,0
S1,leave_environment_residential,random_orthogonal,36,3.162277660168379e-06,40,0,40,0
S1,leave_environment_residential,random_orthogonal,37,3.162277660168379e-06,40,0,40,0
S1,leave_environment_residential,random_orthogonal,38,3.162277660168379e-06,40,0,40,0
S1,leave_environment_residential,random_orthogonal,39,3.162277660168379e-06,40,0,40,0
S1,leave_environment_residential,random_orthogonal,40,3.162277660168379e-06,40,0,40,0
S1,leave_environment_residential,random_orthogonal,31,1e-05,40,0,40,0
S1,leave_environment_residential,random_orthogonal,32,1e-05,40,0,40,0
S1,leave_environment_residential,random_orthogonal,33,1e-05,40,0,40,0
S1,leave_environment_residential,random_orthogonal,34,1e-05,40,0,40,0
S1,leave_environment_residential,random_orthogonal,35,1e-05,40,0,40,0
S1,leave_environment_residential,random_orthogonal,36,1e-05,40,0,40,0
S1,leave_environment_residential,random_orthogonal,37,1e-05,40,0,40,0
S1,leave_environment_residential,random_orthogonal,38,1e-05,40,0,40,0
S1,leave_environment_residential,random_orthogonal,39,1e-05,40,0,40,0
S1,leave_environment_residential,random_orthogonal,40,1e-05,40,0,40,0
S1,leave_environment_residential,random_orthogonal,31,3.1622776601683795e-05,40,0,40,0
S1,leave_environment_residential,random_orthogonal,32,3.1622776601683795e-05,40,0,40,0
S1,leave_environment_residential,random_orthogonal,33,3.1622776601683795e-05,40,0,40,0
S1,leave_environment_residential,random_orthogonal,34,3.1622776601683795e-05,40,0,40,0
S1,leave_environment_residential,random_orthogonal,35,3.1622776601683795e-05,40,0,40,0
S1,leave_environment_residential,random_orthogonal,36,3.1622776601683795e-05,40,0,40,0
S1,leave_environment_residential,random_orthogonal,37,3.1622776601683795e-05,40,0,40,0
S1,leave_environment_residential,random_orthogonal,38,3.1622776601683795e-05,40,0,40,0
S1,leave_environment_residential,random_orthogonal,39,3.1622776601683795e-05,40,0,40,0
S1,leave_environment_residential,random_orthogonal,40,3.1622776601683795e-05,40,0,40,0
S1,leave_environment_residential,random_orthogonal,31,0.0001,40,0,40,0
S1,leave_environment_residential,random_orthogonal,32,0.0001,40,0,40,0
S1,leave_environment_residential,random_orthogonal,33,0.0001,40,0,40,0
S1,leave_environment_residential,random_orthogonal,34,0.0001,40,0,40,0
S1,leave_environment_residential,random_orthogonal,35,0.0001,40,0,40,0
S1,leave_environment_residential,random_orthogonal,36,0.0001,40,0,40,0
S1,leave_environment_residential,random_orthogonal,37,0.0001,40,0,40,0
S1,leave_environment_residential,random_orthogonal,38,0.0001,40,0,40,0
S1,leave_environment_residential,random_orthogonal,39,0.0001,40,0,40,0
S1,leave_environment_residential,random_orthogonal,40,0.0001,40,0,40,0
S1,leave_environment_residential,random_orthogonal,31,0.00031622776601683794,40,0,40,0
S1,leave_environment_residential,random_orthogonal,32,0.00031622776601683794,40,0,40,0
S1,leave_environment_residential,random_orthogonal,33,0.00031622776601683794,40,0,40,0
S1,leave_environment_residential,random_orthogonal,34,0.00031622776601683794,40,0,40,0
S1,leave_environment_residential,random_orthogonal,35,0.00031622776601683794,40,0,40,0
S1,leave_environment_residential,random_orthogonal,36,0.00031622776601683794,40,0,40,0
S1,leave_environment_residential,random_orthogonal,37,0.00031622776601683794,40,0,40,0
S1,leave_environment_residential,random_orthogonal,38,0.00031622776601683794,40,0,40,0
S1,leave_environment_residential,random_orthogonal,39,0.00031622776601683794,40,0,40,0
S1,leave_environment_residential,random_orthogonal,40,0.00031622776601683794,40,0,40,0
S1,leave_environment_residential,random_orthogonal,31,0.001,40,0,40,0
S1,leave_environment_residential,random_orthogonal,32,0.001,40,0,40,0
S1,leave_environment_residential,random_orthogonal,33,0.001,40,0,40,0
S1,leave_environment_residential,random_orthogonal,34,0.001,40,0,40,0
S1,leave_environment_residential,random_orthogonal,35,0.001,40,0,40,0
S1,leave_environment_residential,random_orthogonal,36,0.001,40,0,40,0
S1,leave_environment_residential,random_orthogonal,37,0.001,40,0,40,0
S1,leave_environment_residential,random_orthogonal,38,0.001,40,0,40,0
S1,leave_environment_residential,random_orthogonal,39,0.001,40,0,40,0
S1,leave_environment_residential,random_orthogonal,40,0.001,40,0,40,0
S1,leave_environment_residential,random_orthogonal,31,0.0031622776601683794,40,0,40,0
S1,leave_environment_residential,random_orthogonal,32,0.0031622776601683794,40,0,40,0
S1,leave_environment_residential,random_orthogonal,33,0.0031622776601683794,40,0,40,0
S1,leave_environment_residential,random_orthogonal,34,0.0031622776601683794,40,0,40,0
S1,leave_environment_residential,random_orthogonal,35,0.0031622776601683794,40,0,40,0
S1,leave_environment_residential,random_orthogonal,36,0.0031622776601683794,40,0,40,0
S1,leave_environment_residential,random_orthogonal,37,0.0031622776601683794,40,0,40,0
S1,leave_environment_residential,random_orthogonal,38,0.0031622776601683794,40,0,40,0
S1,leave_environment_residential,random_orthogonal,39,0.0031622776601683794,40,0,40,0
S1,leave_environment_residential,random_orthogonal,40,0.0031622776601683794,40,0,40,0
S1,leave_environment_residential,random_orthogonal,31,0.01,40,6,40,0
S1,leave_environment_residential,random_orthogonal,32,0.01,40,1,40,0
S1,leave_environment_residential,random_orthogonal,33,0.01,40,0,40,0
S1,leave_environment_residential,random_orthogonal,34,0.01,40,0,40,0
S1,leave_environment_residential,random_orthogonal,35,0.01,40,0,40,0
S1,leave_environment_residential,random_orthogonal,36,0.01,40,0,40,0
S1,leave_environment_residential,random_orthogonal,37,0.01,40,0,40,0
S1,leave_environment_residential,random_orthogonal,38,0.01,40,2,40,0
S1,leave_environment_residential,random_orthogonal,39,0.01,40,0,40,0
S1,leave_environment_residential,random_orthogonal,40,0.01,40,0,40,0
S1,leave_environment_residential,random_orthogonal,31,0.03162277660168379,40,40,40,0
S1,leave_environment_residential,random_orthogonal,32,0.03162277660168379,40,40,40,0
S1,leave_environment_residential,random_orthogonal,33,0.03162277660168379,40,40,40,0
S1,leave_environment_residential,random_orthogonal,34,0.03162277660168379,40,40,40,0
S1,leave_environment_residential,random_orthogonal,35,0.03162277660168379,40,40,40,0
S1,leave_environment_residential,random_orthogonal,36,0.03162277660168379,40,40,40,0
S1,leave_environment_residential,random_orthogonal,37,0.03162277660168379,40,40,40,0
S1,leave_environment_residential,random_orthogonal,38,0.03162277660168379,40,40,40,0
S1,leave_environment_residential,random_orthogonal,39,0.03162277660168379,40,40,40,0
S1,leave_environment_residential,random_orthogonal,40,0.03162277660168379,40,40,40,0
S1,leave_environment_residential,random_orthogonal,31,0.1,40,40,40,0
S1,leave_environment_residential,random_orthogonal,32,0.1,40,40,40,0
S1,leave_environment_residential,random_orthogonal,33,0.1,40,40,40,0
S1,leave_environment_residential,random_orthogonal,34,0.1,40,40,40,0
S1,leave_environment_residential,random_orthogonal,35,0.1,40,40,40,0
S1,leave_environment_residential,random_orthogonal,36,0.1,40,40,40,0
S1,leave_environment_residential,random_orthogonal,37,0.1,40,40,40,0
S1,leave_environment_residential,random_orthogonal,38,0.1,40,40,40,0
S1,leave_environment_residential,random_orthogonal,39,0.1,40,40,40,0
S1,leave_environment_residential,random_orthogonal,40,0.1,40,40,40,0
S1,leave_environment_residential,random_orthogonal,31,0.25,40,0,0,0
S1,leave_environment_residential,random_orthogonal,32,0.25,40,0,0,0
S1,leave_environment_residential,random_orthogonal,33,0.25,40,0,0,0
S1,leave_environment_residential,random_orthogonal,34,0.25,40,0,0,0
S1,leave_environment_residential,random_orthogonal,35,0.25,40,0,0,0
S1,leave_environment_residential,random_orthogonal,36,0.25,40,0,0,0
S1,leave_environment_residential,random_orthogonal,37,0.25,40,0,0,0
S1,leave_environment_residential,random_orthogonal,38,0.25,40,0,0,0
S1,leave_environment_residential,random_orthogonal,39,0.25,40,0,0,0
S1,leave_environment_residential,random_orthogonal,40,0.25,40,0,0,0
S1,leave_environment_residential,permuted_polynomial,31,1e-06,40,0,40,0
S1,leave_environment_residential,permuted_polynomial,32,1e-06,40,0,40,0
S1,leave_environment_residential,permuted_polynomial,33,1e-06,40,0,40,0
S1,leave_environment_residential,permuted_polynomial,34,1e-06,40,0,40,0
S1,leave_environment_residential,permuted_polynomial,35,1e-06,40,0,40,0
S1,leave_environment_residential,permuted_polynomial,36,1e-06,40,0,40,0
S1,leave_environment_residential,permuted_polynomial,37,1e-06,40,0,40,0
S1,leave_environment_residential,permuted_polynomial,38,1e-06,40,0,40,0
S1,leave_environment_residential,permuted_polynomial,39,1e-06,40,0,40,0
S1,leave_environment_residential,permuted_polynomial,40,1e-06,40,0,40,0
S1,leave_environment_residential,permuted_polynomial,31,3.162277660168379e-06,40,0,40,0
S1,leave_environment_residential,permuted_polynomial,32,3.162277660168379e-06,40,0,40,0
S1,leave_environment_residential,permuted_polynomial,33,3.162277660168379e-06,40,0,40,0
S1,leave_environment_residential,permuted_polynomial,34,3.162277660168379e-06,40,0,40,0
S1,leave_environment_residential,permuted_polynomial,35,3.162277660168379e-06,40,0,40,0
S1,leave_environment_residential,permuted_polynomial,36,3.162277660168379e-06,40,0,40,0
S1,leave_environment_residential,permuted_polynomial,37,3.162277660168379e-06,40,0,40,0
S1,leave_environment_residential,permuted_polynomial,38,3.162277660168379e-06,40,0,40,0
S1,leave_environment_residential,permuted_polynomial,39,3.162277660168379e-06,40,0,40,0
S1,leave_environment_residential,permuted_polynomial,40,3.162277660168379e-06,40,0,40,0
S1,leave_environment_residential,permuted_polynomial,31,1e-05,40,0,40,0
S1,leave_environment_residential,permuted_polynomial,32,1e-05,40,0,40,0
S1,leave_environment_residential,permuted_polynomial,33,1e-05,40,0,40,0
S1,leave_environment_residential,permuted_polynomial,34,1e-05,40,0,40,0
S1,leave_environment_residential,permuted_polynomial,35,1e-05,40,0,40,0
S1,leave_environment_residential,permuted_polynomial,36,1e-05,40,0,40,0
S1,leave_environment_residential,permuted_polynomial,37,1e-05,40,0,40,0
S1,leave_environment_residential,permuted_polynomial,38,1e-05,40,0,40,0
S1,leave_environment_residential,permuted_polynomial,39,1e-05,40,0,40,0
S1,leave_environment_residential,permuted_polynomial,40,1e-05,40,0,40,0
S1,leave_environment_residential,permuted_polynomial,31,3.1622776601683795e-05,40,0,40,0
S1,leave_environment_residential,permuted_polynomial,32,3.1622776601683795e-05,40,0,40,0
S1,leave_environment_residential,permuted_polynomial,33,3.1622776601683795e-05,40,0,40,0
S1,leave_environment_residential,permuted_polynomial,34,3.1622776601683795e-05,40,0,40,0
S1,leave_environment_residential,permuted_polynomial,35,3.1622776601683795e-05,40,0,40,0
S1,leave_environment_residential,permuted_polynomial,36,3.1622776601683795e-05,40,0,40,0
S1,leave_environment_residential,permuted_polynomial,37,3.1622776601683795e-05,40,0,40,0
S1,leave_environment_residential,permuted_polynomial,38,3.1622776601683795e-05,40,0,40,0
S1,leave_environment_residential,permuted_polynomial,39,3.1622776601683795e-05,40,0,40,0
S1,leave_environment_residential,permuted_polynomial,40,3.1622776601683795e-05,40,0,40,0
S1,leave_environment_residential,permuted_polynomial,31,0.0001,40,0,40,0
S1,leave_environment_residential,permuted_polynomial,32,0.0001,40,0,40,0
S1,leave_environment_residential,permuted_polynomial,33,0.0001,40,0,40,0
S1,leave_environment_residential,permuted_polynomial,34,0.0001,40,0,40,0
S1,leave_environment_residential,permuted_polynomial,35,0.0001,40,0,40,0
S1,leave_environment_residential,permuted_polynomial,36,0.0001,40,0,40,0
S1,leave_environment_residential,permuted_polynomial,37,0.0001,40,0,40,0
S1,leave_environment_residential,permuted_polynomial,38,0.0001,40,0,40,0
S1,leave_environment_residential,permuted_polynomial,39,0.0001,40,0,40,0
S1,leave_environment_residential,permuted_polynomial,40,0.0001,40,0,40,0
S1,leave_environment_residential,permuted_polynomial,31,0.00031622776601683794,40,0,40,0
S1,leave_environment_residential,permuted_polynomial,32,0.00031622776601683794,40,0,40,0
S1,leave_environment_residential,permuted_polynomial,33,0.00031622776601683794,40,0,40,0
S1,leave_environment_residential,permuted_polynomial,34,0.00031622776601683794,40,0,40,0
S1,leave_environment_residential,permuted_polynomial,35,0.00031622776601683794,40,0,40,0
S1,leave_environment_residential,permuted_polynomial,36,0.00031622776601683794,40,0,40,0
S1,leave_environment_residential,permuted_polynomial,37,0.00031622776601683794,40,0,40,0
S1,leave_environment_residential,permuted_polynomial,38,0.00031622776601683794,40,0,40,0
S1,leave_environment_residential,permuted_polynomial,39,0.00031622776601683794,40,0,40,0
S1,leave_environment_residential,permuted_polynomial,40,0.00031622776601683794,40,0,40,0
S1,leave_environment_residential,permuted_polynomial,31,0.001,40,40,40,0
S1,leave_environment_residential,permuted_polynomial,32,0.001,40,22,40,0
S1,leave_environment_residential,permuted_polynomial,33,0.001,40,10,40,0
S1,leave_environment_residential,permuted_polynomial,34,0.001,40,1,40,0
S1,leave_environment_residential,permuted_polynomial,35,0.001,40,0,40,0
S1,leave_environment_residential,permuted_polynomial,36,0.001,40,5,40,0
S1,leave_environment_residential,permuted_polynomial,37,0.001,40,13,40,0
S1,leave_environment_residential,permuted_polynomial,38,0.001,40,0,40,0
S1,leave_environment_residential,permuted_polynomial,39,0.001,40,3,40,0
S1,leave_environment_residential,permuted_polynomial,40,0.001,40,4,40,0
S1,leave_environment_residential,permuted_polynomial,31,0.0031622776601683794,40,40,40,0
S1,leave_environment_residential,permuted_polynomial,32,0.0031622776601683794,40,30,40,0
S1,leave_environment_residential,permuted_polynomial,33,0.0031622776601683794,40,20,40,0
S1,leave_environment_residential,permuted_polynomial,34,0.0031622776601683794,40,2,40,0
S1,leave_environment_residential,permuted_polynomial,35,0.0031622776601683794,40,0,40,0
S1,leave_environment_residential,permuted_polynomial,36,0.0031622776601683794,40,5,40,0
S1,leave_environment_residential,permuted_polynomial,37,0.0031622776601683794,40,17,40,0
S1,leave_environment_residential,permuted_polynomial,38,0.0031622776601683794,40,0,40,0
S1,leave_environment_residential,permuted_polynomial,39,0.0031622776601683794,40,6,40,0
S1,leave_environment_residential,permuted_polynomial,40,0.0031622776601683794,40,4,40,0
S1,leave_environment_residential,permuted_polynomial,31,0.01,40,40,40,0
S1,leave_environment_residential,permuted_polynomial,32,0.01,40,40,40,0
S1,leave_environment_residential,permuted_polynomial,33,0.01,40,38,40,0
S1,leave_environment_residential,permuted_polynomial,34,0.01,40,38,40,0
S1,leave_environment_residential,permuted_polynomial,35,0.01,40,40,40,0
S1,leave_environment_residential,permuted_polynomial,36,0.01,40,40,40,0
S1,leave_environment_residential,permuted_polynomial,37,0.01,40,18,40,0
S1,leave_environment_residential,permuted_polynomial,38,0.01,40,0,40,0
S1,leave_environment_residential,permuted_polynomial,39,0.01,40,7,40,0
S1,leave_environment_residential,permuted_polynomial,40,0.01,40,36,40,0
S1,leave_environment_residential,permuted_polynomial,31,0.03162277660168379,40,40,40,0
S1,leave_environment_residential,permuted_polynomial,32,0.03162277660168379,40,40,40,0
S1,leave_environment_residential,permuted_polynomial,33,0.03162277660168379,40,40,40,0
S1,leave_environment_residential,permuted_polynomial,34,0.03162277660168379,40,40,40,0
S1,leave_environment_residential,permuted_polynomial,35,0.03162277660168379,40,40,40,0
S1,leave_environment_residential,permuted_polynomial,36,0.03162277660168379,40,40,40,0
S1,leave_environment_residential,permuted_polynomial,37,0.03162277660168379,40,40,40,0
S1,leave_environment_residential,permuted_polynomial,38,0.03162277660168379,40,40,40,0
S1,leave_environment_residential,permuted_polynomial,39,0.03162277660168379,40,40,40,0
S1,leave_environment_residential,permuted_polynomial,40,0.03162277660168379,40,40,40,0
S1,leave_environment_residential,permuted_polynomial,31,0.1,40,40,40,0
S1,leave_environment_residential,permuted_polynomial,32,0.1,40,40,40,0
S1,leave_environment_residential,permuted_polynomial,33,0.1,40,40,40,0
S1,leave_environment_residential,permuted_polynomial,34,0.1,40,40,40,0
S1,leave_environment_residential,permuted_polynomial,35,0.1,40,40,40,0
S1,leave_environment_residential,permuted_polynomial,36,0.1,40,40,40,0
S1,leave_environment_residential,permuted_polynomial,37,0.1,40,40,40,0
S1,leave_environment_residential,permuted_polynomial,38,0.1,40,40,40,0
S1,leave_environment_residential,permuted_polynomial,39,0.1,40,40,40,0
S1,leave_environment_residential,permuted_polynomial,40,0.1,40,40,40,0
S1,leave_environment_residential,permuted_polynomial,31,0.25,40,0,0,0
S1,leave_environment_residential,permuted_polynomial,32,0.25,40,0,0,0
S1,leave_environment_residential,permuted_polynomial,33,0.25,40,0,0,0
S1,leave_environment_residential,permuted_polynomial,34,0.25,40,0,0,0
S1,leave_environment_residential,permuted_polynomial,35,0.25,40,0,0,0
S1,leave_environment_residential,permuted_polynomial,36,0.25,40,0,0,0
S1,leave_environment_residential,permuted_polynomial,37,0.25,40,0,0,0
S1,leave_environment_residential,permuted_polynomial,38,0.25,40,0,0,0
S1,leave_environment_residential,permuted_polynomial,39,0.25,40,0,0,0
S1,leave_environment_residential,permuted_polynomial,40,0.25,40,0,0,0
S4,leave_day1_out,coordinate,2,1e-06,12,0,12,0
S4,leave_day1_out,coordinate,3,1e-06,12,0,12,0
S4,leave_day1_out,coordinate,7,1e-06,24,0,24,0
S4,leave_day1_out,coordinate,8,1e-06,12,0,12,0
S4,leave_day1_out,coordinate,9,1e-06,24,0,24,0
S4,leave_day1_out,coordinate,10,1e-06,12,0,12,0
S4,leave_day1_out,coordinate,11,1e-06,12,0,12,0
S4,leave_day1_out,coordinate,13,1e-06,24,0,24,0
S4,leave_day1_out,coordinate,14,1e-06,24,0,24,0
S4,leave_day1_out,coordinate,15,1e-06,12,0,12,0
S4,leave_day1_out,coordinate,2,3.162277660168379e-06,12,0,12,0
S4,leave_day1_out,coordinate,3,3.162277660168379e-06,12,0,12,0
S4,leave_day1_out,coordinate,7,3.162277660168379e-06,24,0,24,0
S4,leave_day1_out,coordinate,8,3.162277660168379e-06,12,0,12,0
S4,leave_day1_out,coordinate,9,3.162277660168379e-06,24,0,24,0
S4,leave_day1_out,coordinate,10,3.162277660168379e-06,12,0,12,0
S4,leave_day1_out,coordinate,11,3.162277660168379e-06,12,0,12,0
S4,leave_day1_out,coordinate,13,3.162277660168379e-06,24,0,24,0
S4,leave_day1_out,coordinate,14,3.162277660168379e-06,24,0,24,0
S4,leave_day1_out,coordinate,15,3.162277660168379e-06,12,0,12,0
S4,leave_day1_out,coordinate,2,1e-05,12,0,12,0
S4,leave_day1_out,coordinate,3,1e-05,12,0,12,0
S4,leave_day1_out,coordinate,7,1e-05,24,0,24,0
S4,leave_day1_out,coordinate,8,1e-05,12,0,12,0
S4,leave_day1_out,coordinate,9,1e-05,24,0,24,0
S4,leave_day1_out,coordinate,10,1e-05,12,0,12,0
S4,leave_day1_out,coordinate,11,1e-05,12,0,12,0
S4,leave_day1_out,coordinate,13,1e-05,24,0,24,0
S4,leave_day1_out,coordinate,14,1e-05,24,0,24,0
S4,leave_day1_out,coordinate,15,1e-05,12,0,12,0
S4,leave_day1_out,coordinate,2,3.1622776601683795e-05,12,0,12,0
S4,leave_day1_out,coordinate,3,3.1622776601683795e-05,12,0,12,0
S4,leave_day1_out,coordinate,7,3.1622776601683795e-05,24,0,24,0
S4,leave_day1_out,coordinate,8,3.1622776601683795e-05,12,0,12,0
S4,leave_day1_out,coordinate,9,3.1622776601683795e-05,24,0,24,0
S4,leave_day1_out,coordinate,10,3.1622776601683795e-05,12,0,12,0
S4,leave_day1_out,coordinate,11,3.1622776601683795e-05,12,0,12,0
S4,leave_day1_out,coordinate,13,3.1622776601683795e-05,24,0,24,0
S4,leave_day1_out,coordinate,14,3.1622776601683795e-05,24,0,24,0
S4,leave_day1_out,coordinate,15,3.1622776601683795e-05,12,0,12,0
S4,leave_day1_out,coordinate,2,0.0001,12,0,12,0
S4,leave_day1_out,coordinate,3,0.0001,12,0,12,0
S4,leave_day1_out,coordinate,7,0.0001,24,0,24,0
S4,leave_day1_out,coordinate,8,0.0001,12,0,12,0
S4,leave_day1_out,coordinate,9,0.0001,24,0,24,0
S4,leave_day1_out,coordinate,10,0.0001,12,0,12,0
S4,leave_day1_out,coordinate,11,0.0001,12,0,12,0
S4,leave_day1_out,coordinate,13,0.0001,24,0,24,0
S4,leave_day1_out,coordinate,14,0.0001,24,0,24,0
S4,leave_day1_out,coordinate,15,0.0001,12,0,12,0
S4,leave_day1_out,coordinate,2,0.00031622776601683794,12,0,12,0
S4,leave_day1_out,coordinate,3,0.00031622776601683794,12,0,12,0
S4,leave_day1_out,coordinate,7,0.00031622776601683794,24,0,24,0
S4,leave_day1_out,coordinate,8,0.00031622776601683794,12,0,12,0
S4,leave_day1_out,coordinate,9,0.00031622776601683794,24,0,24,0
S4,leave_day1_out,coordinate,10,0.00031622776601683794,12,0,12,0
S4,leave_day1_out,coordinate,11,0.00031622776601683794,12,0,12,0
S4,leave_day1_out,coordinate,13,0.00031622776601683794,24,0,24,0
S4,leave_day1_out,coordinate,14,0.00031622776601683794,24,0,24,0
S4,leave_day1_out,coordinate,15,0.00031622776601683794,12,0,12,0
S4,leave_day1_out,coordinate,2,0.001,12,0,12,0
S4,leave_day1_out,coordinate,3,0.001,12,0,12,0
S4,leave_day1_out,coordinate,7,0.001,24,0,24,0
S4,leave_day1_out,coordinate,8,0.001,12,0,12,0
S4,leave_day1_out,coordinate,9,0.001,24,0,24,0
S4,leave_day1_out,coordinate,10,0.001,12,0,12,0
S4,leave_day1_out,coordinate,11,0.001,12,0,12,0
S4,leave_day1_out,coordinate,13,0.001,24,0,24,0
S4,leave_day1_out,coordinate,14,0.001,24,0,24,0
S4,leave_day1_out,coordinate,15,0.001,12,0,12,0
S4,leave_day1_out,coordinate,2,0.0031622776601683794,12,0,12,0
S4,leave_day1_out,coordinate,3,0.0031622776601683794,12,0,12,0
S4,leave_day1_out,coordinate,7,0.0031622776601683794,24,0,24,0
S4,leave_day1_out,coordinate,8,0.0031622776601683794,12,0,12,0
S4,leave_day1_out,coordinate,9,0.0031622776601683794,24,0,24,0
S4,leave_day1_out,coordinate,10,0.0031622776601683794,12,0,12,0
S4,leave_day1_out,coordinate,11,0.0031622776601683794,12,0,12,0
S4,leave_day1_out,coordinate,13,0.0031622776601683794,24,0,24,0
S4,leave_day1_out,coordinate,14,0.0031622776601683794,24,0,24,0
S4,leave_day1_out,coordinate,15,0.0031622776601683794,12,0,12,0
S4,leave_day1_out,coordinate,2,0.01,12,0,12,0
S4,leave_day1_out,coordinate,3,0.01,12,0,12,0
S4,leave_day1_out,coordinate,7,0.01,24,0,24,0
S4,leave_day1_out,coordinate,8,0.01,12,0,12,0
S4,leave_day1_out,coordinate,9,0.01,24,0,24,0
S4,leave_day1_out,coordinate,10,0.01,12,0,12,0
S4,leave_day1_out,coordinate,11,0.01,12,0,12,0
S4,leave_day1_out,coordinate,13,0.01,24,0,24,0
S4,leave_day1_out,coordinate,14,0.01,24,0,24,0
S4,leave_day1_out,coordinate,15,0.01,12,0,12,0
S4,leave_day1_out,coordinate,2,0.03162277660168379,12,0,12,0
S4,leave_day1_out,coordinate,3,0.03162277660168379,12,0,12,0
S4,leave_day1_out,coordinate,7,0.03162277660168379,24,0,24,0
S4,leave_day1_out,coordinate,8,0.03162277660168379,12,0,12,0
S4,leave_day1_out,coordinate,9,0.03162277660168379,24,0,24,0
S4,leave_day1_out,coordinate,10,0.03162277660168379,12,0,12,0
S4,leave_day1_out,coordinate,11,0.03162277660168379,12,0,12,0
S4,leave_day1_out,coordinate,13,0.03162277660168379,24,0,24,0
S4,leave_day1_out,coordinate,14,0.03162277660168379,24,0,24,0
S4,leave_day1_out,coordinate,15,0.03162277660168379,12,0,12,0
S4,leave_day1_out,coordinate,2,0.1,12,0,0,0
S4,leave_day1_out,coordinate,3,0.1,12,0,0,0
S4,leave_day1_out,coordinate,7,0.1,24,0,0,0
S4,leave_day1_out,coordinate,8,0.1,12,0,0,0
S4,leave_day1_out,coordinate,9,0.1,24,0,0,0
S4,leave_day1_out,coordinate,10,0.1,12,0,0,0
S4,leave_day1_out,coordinate,11,0.1,12,0,0,0
S4,leave_day1_out,coordinate,13,0.1,24,0,1,0
S4,leave_day1_out,coordinate,14,0.1,24,0,0,0
S4,leave_day1_out,coordinate,15,0.1,12,0,0,0
S4,leave_day1_out,coordinate,2,0.25,12,0,0,0
S4,leave_day1_out,coordinate,3,0.25,12,0,0,0
S4,leave_day1_out,coordinate,7,0.25,24,0,0,0
S4,leave_day1_out,coordinate,8,0.25,12,0,0,0
S4,leave_day1_out,coordinate,9,0.25,24,0,0,0
S4,leave_day1_out,coordinate,10,0.25,12,0,0,0
S4,leave_day1_out,coordinate,11,0.25,12,0,0,0
S4,leave_day1_out,coordinate,13,0.25,24,0,0,0
S4,leave_day1_out,coordinate,14,0.25,24,0,0,0
S4,leave_day1_out,coordinate,15,0.25,12,0,0,0
S4,leave_day1_out,dct,2,1e-06,12,0,12,0
S4,leave_day1_out,dct,3,1e-06,12,0,12,0
S4,leave_day1_out,dct,7,1e-06,24,0,24,0
S4,leave_day1_out,dct,8,1e-06,12,0,12,0
S4,leave_day1_out,dct,9,1e-06,24,0,24,0
S4,leave_day1_out,dct,10,1e-06,12,0,0,0
S4,leave_day1_out,dct,11,1e-06,12,0,12,0
S4,leave_day1_out,dct,13,1e-06,24,0,24,0
S4,leave_day1_out,dct,14,1e-06,24,0,24,0
S4,leave_day1_out,dct,15,1e-06,12,0,12,0
S4,leave_day1_out,dct,2,3.162277660168379e-06,12,0,12,0
S4,leave_day1_out,dct,3,3.162277660168379e-06,12,0,12,0
S4,leave_day1_out,dct,7,3.162277660168379e-06,24,0,24,0
S4,leave_day1_out,dct,8,3.162277660168379e-06,12,0,12,0
S4,leave_day1_out,dct,9,3.162277660168379e-06,24,0,24,0
S4,leave_day1_out,dct,10,3.162277660168379e-06,12,0,0,0
S4,leave_day1_out,dct,11,3.162277660168379e-06,12,0,12,0
S4,leave_day1_out,dct,13,3.162277660168379e-06,24,0,24,0
S4,leave_day1_out,dct,14,3.162277660168379e-06,24,0,24,0
S4,leave_day1_out,dct,15,3.162277660168379e-06,12,0,12,0
S4,leave_day1_out,dct,2,1e-05,12,0,12,0
S4,leave_day1_out,dct,3,1e-05,12,0,12,0
S4,leave_day1_out,dct,7,1e-05,24,0,24,0
S4,leave_day1_out,dct,8,1e-05,12,0,12,0
S4,leave_day1_out,dct,9,1e-05,24,0,24,0
S4,leave_day1_out,dct,10,1e-05,12,0,0,0
S4,leave_day1_out,dct,11,1e-05,12,0,12,0
S4,leave_day1_out,dct,13,1e-05,24,0,24,0
S4,leave_day1_out,dct,14,1e-05,24,0,24,0
S4,leave_day1_out,dct,15,1e-05,12,0,12,0
S4,leave_day1_out,dct,2,3.1622776601683795e-05,12,0,12,0
S4,leave_day1_out,dct,3,3.1622776601683795e-05,12,0,12,0
S4,leave_day1_out,dct,7,3.1622776601683795e-05,24,0,24,0
S4,leave_day1_out,dct,8,3.1622776601683795e-05,12,0,12,0
S4,leave_day1_out,dct,9,3.1622776601683795e-05,24,0,24,0
S4,leave_day1_out,dct,10,3.1622776601683795e-05,12,0,0,0
S4,leave_day1_out,dct,11,3.1622776601683795e-05,12,0,12,0
S4,leave_day1_out,dct,13,3.1622776601683795e-05,24,0,24,0
S4,leave_day1_out,dct,14,3.1622776601683795e-05,24,0,24,0
S4,leave_day1_out,dct,15,3.1622776601683795e-05,12,0,12,0
S4,leave_day1_out,dct,2,0.0001,12,0,12,0
S4,leave_day1_out,dct,3,0.0001,12,0,12,0
S4,leave_day1_out,dct,7,0.0001,24,0,24,0
S4,leave_day1_out,dct,8,0.0001,12,0,12,0
S4,leave_day1_out,dct,9,0.0001,24,0,24,0
S4,leave_day1_out,dct,10,0.0001,12,0,0,0
S4,leave_day1_out,dct,11,0.0001,12,0,12,0
S4,leave_day1_out,dct,13,0.0001,24,0,24,0
S4,leave_day1_out,dct,14,0.0001,24,0,24,0
S4,leave_day1_out,dct,15,0.0001,12,0,12,0
S4,leave_day1_out,dct,2,0.00031622776601683794,12,0,12,0
S4,leave_day1_out,dct,3,0.00031622776601683794,12,0,12,0
S4,leave_day1_out,dct,7,0.00031622776601683794,24,0,24,0
S4,leave_day1_out,dct,8,0.00031622776601683794,12,0,12,0
S4,leave_day1_out,dct,9,0.00031622776601683794,24,0,24,0
S4,leave_day1_out,dct,10,0.00031622776601683794,12,0,0,0
S4,leave_day1_out,dct,11,0.00031622776601683794,12,0,12,0
S4,leave_day1_out,dct,13,0.00031622776601683794,24,0,24,0
S4,leave_day1_out,dct,14,0.00031622776601683794,24,0,24,0
S4,leave_day1_out,dct,15,0.00031622776601683794,12,0,12,0
S4,leave_day1_out,dct,2,0.001,12,0,12,0
S4,leave_day1_out,dct,3,0.001,12,0,12,0
S4,leave_day1_out,dct,7,0.001,24,0,24,0
S4,leave_day1_out,dct,8,0.001,12,0,12,0
S4,leave_day1_out,dct,9,0.001,24,0,24,0
S4,leave_day1_out,dct,10,0.001,12,0,0,0
S4,leave_day1_out,dct,11,0.001,12,0,12,0
S4,leave_day1_out,dct,13,0.001,24,0,24,0
S4,leave_day1_out,dct,14,0.001,24,0,24,0
S4,leave_day1_out,dct,15,0.001,12,0,12,0
S4,leave_day1_out,dct,2,0.0031622776601683794,12,0,12,0
S4,leave_day1_out,dct,3,0.0031622776601683794,12,3,12,0
S4,leave_day1_out,dct,7,0.0031622776601683794,24,0,24,0
S4,leave_day1_out,dct,8,0.0031622776601683794,12,1,12,0
S4,leave_day1_out,dct,9,0.0031622776601683794,24,0,24,0
S4,leave_day1_out,dct,10,0.0031622776601683794,12,0,0,0
S4,leave_day1_out,dct,11,0.0031622776601683794,12,0,12,0
S4,leave_day1_out,dct,13,0.0031622776601683794,24,0,24,0
S4,leave_day1_out,dct,14,0.0031622776601683794,24,0,24,0
S4,leave_day1_out,dct,15,0.0031622776601683794,12,0,12,0
S4,leave_day1_out,dct,2,0.01,12,0,12,0
S4,leave_day1_out,dct,3,0.01,12,10,12,0
S4,leave_day1_out,dct,7,0.01,24,0,24,0
S4,leave_day1_out,dct,8,0.01,12,1,12,0
S4,leave_day1_out,dct,9,0.01,24,0,24,0
S4,leave_day1_out,dct,10,0.01,12,0,0,0
S4,leave_day1_out,dct,11,0.01,12,0,12,0
S4,leave_day1_out,dct,13,0.01,24,0,24,0
S4,leave_day1_out,dct,14,0.01,24,0,24,0
S4,leave_day1_out,dct,15,0.01,12,0,12,0
S4,leave_day1_out,dct,2,0.03162277660168379,12,0,12,0
S4,leave_day1_out,dct,3,0.03162277660168379,12,12,12,0
S4,leave_day1_out,dct,7,0.03162277660168379,24,0,24,0
S4,leave_day1_out,dct,8,0.03162277660168379,12,12,12,0
S4,leave_day1_out,dct,9,0.03162277660168379,24,5,24,0
S4,leave_day1_out,dct,10,0.03162277660168379,12,0,0,0
S4,leave_day1_out,dct,11,0.03162277660168379,12,0,12,0
S4,leave_day1_out,dct,13,0.03162277660168379,24,1,24,0
S4,leave_day1_out,dct,14,0.03162277660168379,24,1,24,0
S4,leave_day1_out,dct,15,0.03162277660168379,12,0,12,0
S4,leave_day1_out,dct,2,0.1,12,12,12,0
S4,leave_day1_out,dct,3,0.1,12,12,12,0
S4,leave_day1_out,dct,7,0.1,24,0,20,0
S4,leave_day1_out,dct,8,0.1,12,12,12,0
S4,leave_day1_out,dct,9,0.1,24,23,24,0
S4,leave_day1_out,dct,10,0.1,12,0,0,0
S4,leave_day1_out,dct,11,0.1,12,1,12,0
S4,leave_day1_out,dct,13,0.1,24,20,24,0
S4,leave_day1_out,dct,14,0.1,24,24,24,0
S4,leave_day1_out,dct,15,0.1,12,12,12,0
S4,leave_day1_out,dct,2,0.25,12,0,0,0
S4,leave_day1_out,dct,3,0.25,12,0,0,0
S4,leave_day1_out,dct,7,0.25,24,0,0,0
S4,leave_day1_out,dct,8,0.25,12,0,0,0
S4,leave_day1_out,dct,9,0.25,24,0,0,0
S4,leave_day1_out,dct,10,0.25,12,0,0,0
S4,leave_day1_out,dct,11,0.25,12,0,0,0
S4,leave_day1_out,dct,13,0.25,24,0,0,0
S4,leave_day1_out,dct,14,0.25,24,0,0,0
S4,leave_day1_out,dct,15,0.25,12,0,0,0
S4,leave_day1_out,dft,2,1e-06,12,0,12,0
S4,leave_day1_out,dft,3,1e-06,12,0,12,0
S4,leave_day1_out,dft,7,1e-06,24,0,24,0
S4,leave_day1_out,dft,8,1e-06,12,0,12,0
S4,leave_day1_out,dft,9,1e-06,24,0,24,0
S4,leave_day1_out,dft,10,1e-06,12,0,12,0
S4,leave_day1_out,dft,11,1e-06,12,0,12,0
S4,leave_day1_out,dft,13,1e-06,24,0,24,0
S4,leave_day1_out,dft,14,1e-06,24,0,24,0
S4,leave_day1_out,dft,15,1e-06,12,0,12,0
S4,leave_day1_out,dft,2,3.162277660168379e-06,12,0,12,0
S4,leave_day1_out,dft,3,3.162277660168379e-06,12,0,12,0
S4,leave_day1_out,dft,7,3.162277660168379e-06,24,0,24,0
S4,leave_day1_out,dft,8,3.162277660168379e-06,12,0,12,0
S4,leave_day1_out,dft,9,3.162277660168379e-06,24,0,24,0
S4,leave_day1_out,dft,10,3.162277660168379e-06,12,0,12,0
S4,leave_day1_out,dft,11,3.162277660168379e-06,12,0,12,0
S4,leave_day1_out,dft,13,3.162277660168379e-06,24,0,24,0
S4,leave_day1_out,dft,14,3.162277660168379e-06,24,0,24,0
S4,leave_day1_out,dft,15,3.162277660168379e-06,12,0,12,0
S4,leave_day1_out,dft,2,1e-05,12,0,12,0
S4,leave_day1_out,dft,3,1e-05,12,0,12,0
S4,leave_day1_out,dft,7,1e-05,24,0,24,0
S4,leave_day1_out,dft,8,1e-05,12,0,12,0
S4,leave_day1_out,dft,9,1e-05,24,0,24,0
S4,leave_day1_out,dft,10,1e-05,12,0,12,0
S4,leave_day1_out,dft,11,1e-05,12,0,12,0
S4,leave_day1_out,dft,13,1e-05,24,0,24,0
S4,leave_day1_out,dft,14,1e-05,24,0,24,0
S4,leave_day1_out,dft,15,1e-05,12,0,12,0
S4,leave_day1_out,dft,2,3.1622776601683795e-05,12,0,12,0
S4,leave_day1_out,dft,3,3.1622776601683795e-05,12,0,12,0
S4,leave_day1_out,dft,7,3.1622776601683795e-05,24,0,24,0
S4,leave_day1_out,dft,8,3.1622776601683795e-05,12,0,12,0
S4,leave_day1_out,dft,9,3.1622776601683795e-05,24,0,24,0
S4,leave_day1_out,dft,10,3.1622776601683795e-05,12,0,12,0
S4,leave_day1_out,dft,11,3.1622776601683795e-05,12,0,12,0
S4,leave_day1_out,dft,13,3.1622776601683795e-05,24,0,24,0
S4,leave_day1_out,dft,14,3.1622776601683795e-05,24,0,24,0
S4,leave_day1_out,dft,15,3.1622776601683795e-05,12,0,12,0
S4,leave_day1_out,dft,2,0.0001,12,0,12,0
S4,leave_day1_out,dft,3,0.0001,12,0,12,0
S4,leave_day1_out,dft,7,0.0001,24,3,24,0
S4,leave_day1_out,dft,8,0.0001,12,0,12,0
S4,leave_day1_out,dft,9,0.0001,24,0,24,0
S4,leave_day1_out,dft,10,0.0001,12,0,12,0
S4,leave_day1_out,dft,11,0.0001,12,0,12,0
S4,leave_day1_out,dft,13,0.0001,24,0,24,0
S4,leave_day1_out,dft,14,0.0001,24,0,24,0
S4,leave_day1_out,dft,15,0.0001,12,0,12,0
S4,leave_day1_out,dft,2,0.00031622776601683794,12,0,12,0
S4,leave_day1_out,dft,3,0.00031622776601683794,12,0,12,0
S4,leave_day1_out,dft,7,0.00031622776601683794,24,4,24,0
S4,leave_day1_out,dft,8,0.00031622776601683794,12,0,12,0
S4,leave_day1_out,dft,9,0.00031622776601683794,24,0,24,0
S4,leave_day1_out,dft,10,0.00031622776601683794,12,0,12,0
S4,leave_day1_out,dft,11,0.00031622776601683794,12,2,12,0
S4,leave_day1_out,dft,13,0.00031622776601683794,24,0,24,0
S4,leave_day1_out,dft,14,0.00031622776601683794,24,0,24,0
S4,leave_day1_out,dft,15,0.00031622776601683794,12,0,12,0
S4,leave_day1_out,dft,2,0.001,12,0,12,0
S4,leave_day1_out,dft,3,0.001,12,0,12,0
S4,leave_day1_out,dft,7,0.001,24,6,24,0
S4,leave_day1_out,dft,8,0.001,12,0,12,0
S4,leave_day1_out,dft,9,0.001,24,0,24,0
S4,leave_day1_out,dft,10,0.001,12,0,12,0
S4,leave_day1_out,dft,11,0.001,12,3,12,0
S4,leave_day1_out,dft,13,0.001,24,0,24,0
S4,leave_day1_out,dft,14,0.001,24,0,24,0
S4,leave_day1_out,dft,15,0.001,12,0,12,0
S4,leave_day1_out,dft,2,0.0031622776601683794,12,0,12,0
S4,leave_day1_out,dft,3,0.0031622776601683794,12,0,12,0
S4,leave_day1_out,dft,7,0.0031622776601683794,24,9,24,0
S4,leave_day1_out,dft,8,0.0031622776601683794,12,0,12,0
S4,leave_day1_out,dft,9,0.0031622776601683794,24,0,24,0
S4,leave_day1_out,dft,10,0.0031622776601683794,12,0,12,0
S4,leave_day1_out,dft,11,0.0031622776601683794,12,3,12,0
S4,leave_day1_out,dft,13,0.0031622776601683794,24,1,24,0
S4,leave_day1_out,dft,14,0.0031622776601683794,24,0,24,0
S4,leave_day1_out,dft,15,0.0031622776601683794,12,0,12,0
S4,leave_day1_out,dft,2,0.01,12,0,12,0
S4,leave_day1_out,dft,3,0.01,12,0,12,0
S4,leave_day1_out,dft,7,0.01,24,15,24,0
S4,leave_day1_out,dft,8,0.01,12,0,12,0
S4,leave_day1_out,dft,9,0.01,24,3,24,0
S4,leave_day1_out,dft,10,0.01,12,0,12,0
S4,leave_day1_out,dft,11,0.01,12,3,12,0
S4,leave_day1_out,dft,13,0.01,24,1,24,0
S4,leave_day1_out,dft,14,0.01,24,4,24,0
S4,leave_day1_out,dft,15,0.01,12,0,12,0
S4,leave_day1_out,dft,2,0.03162277660168379,12,2,12,0
S4,leave_day1_out,dft,3,0.03162277660168379,12,0,12,0
S4,leave_day1_out,dft,7,0.03162277660168379,24,15,24,0
S4,leave_day1_out,dft,8,0.03162277660168379,12,2,12,0
S4,leave_day1_out,dft,9,0.03162277660168379,24,13,24,0
S4,leave_day1_out,dft,10,0.03162277660168379,12,2,12,0
S4,leave_day1_out,dft,11,0.03162277660168379,12,6,12,0
S4,leave_day1_out,dft,13,0.03162277660168379,24,7,24,0
S4,leave_day1_out,dft,14,0.03162277660168379,24,15,24,0
S4,leave_day1_out,dft,15,0.03162277660168379,12,0,12,0
S4,leave_day1_out,dft,2,0.1,12,12,12,0
S4,leave_day1_out,dft,3,0.1,12,3,10,0
S4,leave_day1_out,dft,7,0.1,24,19,24,0
S4,leave_day1_out,dft,8,0.1,12,9,12,0
S4,leave_day1_out,dft,9,0.1,24,22,24,0
S4,leave_day1_out,dft,10,0.1,12,12,12,0
S4,leave_day1_out,dft,11,0.1,12,9,12,0
S4,leave_day1_out,dft,13,0.1,24,16,24,0
S4,leave_day1_out,dft,14,0.1,24,20,24,0
S4,leave_day1_out,dft,15,0.1,12,12,12,0
S4,leave_day1_out,dft,2,0.25,12,0,0,0
S4,leave_day1_out,dft,3,0.25,12,0,0,0
S4,leave_day1_out,dft,7,0.25,24,0,0,0
S4,leave_day1_out,dft,8,0.25,12,0,0,0
S4,leave_day1_out,dft,9,0.25,24,0,0,0
S4,leave_day1_out,dft,10,0.25,12,0,0,0
S4,leave_day1_out,dft,11,0.25,12,0,0,0
S4,leave_day1_out,dft,13,0.25,24,0,0,0
S4,leave_day1_out,dft,14,0.25,24,0,0,0
S4,leave_day1_out,dft,15,0.25,12,0,0,0
S4,leave_day1_out,polynomial,2,1e-06,12,0,12,0
S4,leave_day1_out,polynomial,3,1e-06,12,0,12,0
S4,leave_day1_out,polynomial,7,1e-06,24,0,0,0
S4,leave_day1_out,polynomial,8,1e-06,12,0,12,0
S4,leave_day1_out,polynomial,9,1e-06,24,0,24,0
S4,leave_day1_out,polynomial,10,1e-06,12,0,0,0
S4,leave_day1_out,polynomial,11,1e-06,12,0,1,0
S4,leave_day1_out,polynomial,13,1e-06,24,0,24,0
S4,leave_day1_out,polynomial,14,1e-06,24,0,24,0
S4,leave_day1_out,polynomial,15,1e-06,12,0,12,0
S4,leave_day1_out,polynomial,2,3.162277660168379e-06,12,0,12,0
S4,leave_day1_out,polynomial,3,3.162277660168379e-06,12,4,12,0
S4,leave_day1_out,polynomial,7,3.162277660168379e-06,24,0,0,0
S4,leave_day1_out,polynomial,8,3.162277660168379e-06,12,0,12,0
S4,leave_day1_out,polynomial,9,3.162277660168379e-06,24,0,24,0
S4,leave_day1_out,polynomial,10,3.162277660168379e-06,12,0,0,0
S4,leave_day1_out,polynomial,11,3.162277660168379e-06,12,0,1,0
S4,leave_day1_out,polynomial,13,3.162277660168379e-06,24,0,24,0
S4,leave_day1_out,polynomial,14,3.162277660168379e-06,24,0,24,0
S4,leave_day1_out,polynomial,15,3.162277660168379e-06,12,0,12,0
S4,leave_day1_out,polynomial,2,1e-05,12,0,12,0
S4,leave_day1_out,polynomial,3,1e-05,12,6,12,0
S4,leave_day1_out,polynomial,7,1e-05,24,0,0,0
S4,leave_day1_out,polynomial,8,1e-05,12,0,12,0
S4,leave_day1_out,polynomial,9,1e-05,24,0,24,0
S4,leave_day1_out,polynomial,10,1e-05,12,0,0,0
S4,leave_day1_out,polynomial,11,1e-05,12,0,1,0
S4,leave_day1_out,polynomial,13,1e-05,24,0,24,0
S4,leave_day1_out,polynomial,14,1e-05,24,0,24,0
S4,leave_day1_out,polynomial,15,1e-05,12,0,12,0
S4,leave_day1_out,polynomial,2,3.1622776601683795e-05,12,0,12,0
S4,leave_day1_out,polynomial,3,3.1622776601683795e-05,12,8,12,0
S4,leave_day1_out,polynomial,7,3.1622776601683795e-05,24,0,0,0
S4,leave_day1_out,polynomial,8,3.1622776601683795e-05,12,0,12,0
S4,leave_day1_out,polynomial,9,3.1622776601683795e-05,24,0,24,0
S4,leave_day1_out,polynomial,10,3.1622776601683795e-05,12,0,0,0
S4,leave_day1_out,polynomial,11,3.1622776601683795e-05,12,0,1,0
S4,leave_day1_out,polynomial,13,3.1622776601683795e-05,24,0,24,0
S4,leave_day1_out,polynomial,14,3.1622776601683795e-05,24,0,24,0
S4,leave_day1_out,polynomial,15,3.1622776601683795e-05,12,0,12,0
S4,leave_day1_out,polynomial,2,0.0001,12,0,12,0
S4,leave_day1_out,polynomial,3,0.0001,12,9,12,0
S4,leave_day1_out,polynomial,7,0.0001,24,0,0,0
S4,leave_day1_out,polynomial,8,0.0001,12,0,12,0
S4,leave_day1_out,polynomial,9,0.0001,24,0,24,0
S4,leave_day1_out,polynomial,10,0.0001,12,0,0,0
S4,leave_day1_out,polynomial,11,0.0001,12,0,1,0
S4,leave_day1_out,polynomial,13,0.0001,24,0,24,0
S4,leave_day1_out,polynomial,14,0.0001,24,0,24,0
S4,leave_day1_out,polynomial,15,0.0001,12,0,12,0
S4,leave_day1_out,polynomial,2,0.00031622776601683794,12,0,12,0
S4,leave_day1_out,polynomial,3,0.00031622776601683794,12,10,12,0
S4,leave_day1_out,polynomial,7,0.00031622776601683794,24,0,0,0
S4,leave_day1_out,polynomial,8,0.00031622776601683794,12,0,12,0
S4,leave_day1_out,polynomial,9,0.00031622776601683794,24,0,24,0
S4,leave_day1_out,polynomial,10,0.00031622776601683794,12,0,0,0
S4,leave_day1_out,polynomial,11,0.00031622776601683794,12,0,1,0
S4,leave_day1_out,polynomial,13,0.00031622776601683794,24,0,24,0
S4,leave_day1_out,polynomial,14,0.00031622776601683794,24,0,24,0
S4,leave_day1_out,polynomial,15,0.00031622776601683794,12,0,12,0
S4,leave_day1_out,polynomial,2,0.001,12,0,12,0
S4,leave_day1_out,polynomial,3,0.001,12,12,12,0
S4,leave_day1_out,polynomial,7,0.001,24,0,0,0
S4,leave_day1_out,polynomial,8,0.001,12,2,12,0
S4,leave_day1_out,polynomial,9,0.001,24,0,24,0
S4,leave_day1_out,polynomial,10,0.001,12,0,0,0
S4,leave_day1_out,polynomial,11,0.001,12,0,1,0
S4,leave_day1_out,polynomial,13,0.001,24,0,24,0
S4,leave_day1_out,polynomial,14,0.001,24,0,24,0
S4,leave_day1_out,polynomial,15,0.001,12,0,12,0
S4,leave_day1_out,polynomial,2,0.0031622776601683794,12,0,12,0
S4,leave_day1_out,polynomial,3,0.0031622776601683794,12,12,12,0
S4,leave_day1_out,polynomial,7,0.0031622776601683794,24,0,0,0
S4,leave_day1_out,polynomial,8,0.0031622776601683794,12,12,12,0
S4,leave_day1_out,polynomial,9,0.0031622776601683794,24,0,24,0
S4,leave_day1_out,polynomial,10,0.0031622776601683794,12,0,0,0
S4,leave_day1_out,polynomial,11,0.0031622776601683794,12,0,1,0
S4,leave_day1_out,polynomial,13,0.0031622776601683794,24,0,24,0
S4,leave_day1_out,polynomial,14,0.0031622776601683794,24,0,24,0
S4,leave_day1_out,polynomial,15,0.0031622776601683794,12,0,12,0
S4,leave_day1_out,polynomial,2,0.01,12,0,12,0
S4,leave_day1_out,polynomial,3,0.01,12,12,12,0
S4,leave_day1_out,polynomial,7,0.01,24,0,0,0
S4,leave_day1_out,polynomial,8,0.01,12,12,12,0
S4,leave_day1_out,polynomial,9,0.01,24,0,24,0
S4,leave_day1_out,polynomial,10,0.01,12,0,0,0
S4,leave_day1_out,polynomial,11,0.01,12,0,1,0
S4,leave_day1_out,polynomial,13,0.01,24,0,24,0
S4,leave_day1_out,polynomial,14,0.01,24,0,24,0
S4,leave_day1_out,polynomial,15,0.01,12,0,12,0
S4,leave_day1_out,polynomial,2,0.03162277660168379,12,10,12,0
S4,leave_day1_out,polynomial,3,0.03162277660168379,12,12,12,0
S4,leave_day1_out,polynomial,7,0.03162277660168379,24,0,0,0
S4,leave_day1_out,polynomial,8,0.03162277660168379,12,12,12,0
S4,leave_day1_out,polynomial,9,0.03162277660168379,24,0,24,0
S4,leave_day1_out,polynomial,10,0.03162277660168379,12,0,0,0
S4,leave_day1_out,polynomial,11,0.03162277660168379,12,0,1,0
S4,leave_day1_out,polynomial,13,0.03162277660168379,24,1,24,0
S4,leave_day1_out,polynomial,14,0.03162277660168379,24,7,24,0
S4,leave_day1_out,polynomial,15,0.03162277660168379,12,0,12,0
S4,leave_day1_out,polynomial,2,0.1,12,12,12,0
S4,leave_day1_out,polynomial,3,0.1,12,12,12,0
S4,leave_day1_out,polynomial,7,0.1,24,0,0,0
S4,leave_day1_out,polynomial,8,0.1,12,12,12,0
S4,leave_day1_out,polynomial,9,0.1,24,0,16,0
S4,leave_day1_out,polynomial,10,0.1,12,0,0,0
S4,leave_day1_out,polynomial,11,0.1,12,0,1,0
S4,leave_day1_out,polynomial,13,0.1,24,12,15,0
S4,leave_day1_out,polynomial,14,0.1,24,24,24,0
S4,leave_day1_out,polynomial,15,0.1,12,5,12,0
S4,leave_day1_out,polynomial,2,0.25,12,0,0,0
S4,leave_day1_out,polynomial,3,0.25,12,0,0,0
S4,leave_day1_out,polynomial,7,0.25,24,0,0,0
S4,leave_day1_out,polynomial,8,0.25,12,0,0,0
S4,leave_day1_out,polynomial,9,0.25,24,0,0,0
S4,leave_day1_out,polynomial,10,0.25,12,0,0,0
S4,leave_day1_out,polynomial,11,0.25,12,0,0,0
S4,leave_day1_out,polynomial,13,0.25,24,0,0,0
S4,leave_day1_out,polynomial,14,0.25,24,0,0,0
S4,leave_day1_out,polynomial,15,0.25,12,0,0,0
S4,leave_day1_out,random_orthogonal,2,1e-06,12,0,0,0
S4,leave_day1_out,random_orthogonal,3,1e-06,12,0,12,0
S4,leave_day1_out,random_orthogonal,7,1e-06,24,0,24,0
S4,leave_day1_out,random_orthogonal,8,1e-06,12,0,0,0
S4,leave_day1_out,random_orthogonal,9,1e-06,24,0,24,0
S4,leave_day1_out,random_orthogonal,10,1e-06,12,0,6,0
S4,leave_day1_out,random_orthogonal,11,1e-06,12,0,12,0
S4,leave_day1_out,random_orthogonal,13,1e-06,24,0,13,0
S4,leave_day1_out,random_orthogonal,14,1e-06,24,0,0,0
S4,leave_day1_out,random_orthogonal,15,1e-06,12,0,8,0
S4,leave_day1_out,random_orthogonal,2,3.162277660168379e-06,12,0,0,0
S4,leave_day1_out,random_orthogonal,3,3.162277660168379e-06,12,0,12,0
S4,leave_day1_out,random_orthogonal,7,3.162277660168379e-06,24,0,24,0
S4,leave_day1_out,random_orthogonal,8,3.162277660168379e-06,12,0,0,0
S4,leave_day1_out,random_orthogonal,9,3.162277660168379e-06,24,0,24,0
S4,leave_day1_out,random_orthogonal,10,3.162277660168379e-06,12,0,6,0
S4,leave_day1_out,random_orthogonal,11,3.162277660168379e-06,12,0,12,0
S4,leave_day1_out,random_orthogonal,13,3.162277660168379e-06,24,0,13,0
S4,leave_day1_out,random_orthogonal,14,3.162277660168379e-06,24,0,0,0
S4,leave_day1_out,random_orthogonal,15,3.162277660168379e-06,12,0,8,0
S4,leave_day1_out,random_orthogonal,2,1e-05,12,0,0,0
S4,leave_day1_out,random_orthogonal,3,1e-05,12,0,12,0
S4,leave_day1_out,random_orthogonal,7,1e-05,24,0,24,0
S4,leave_day1_out,random_orthogonal,8,1e-05,12,0,0,0
S4,leave_day1_out,random_orthogonal,9,1e-05,24,0,24,0
S4,leave_day1_out,random_orthogonal,10,1e-05,12,0,6,0
S4,leave_day1_out,random_orthogonal,11,1e-05,12,0,12,0
S4,leave_day1_out,random_orthogonal,13,1e-05,24,0,13,0
S4,leave_day1_out,random_orthogonal,14,1e-05,24,0,0,0
S4,leave_day1_out,random_orthogonal,15,1e-05,12,0,8,0
S4,leave_day1_out,random_orthogonal,2,3.1622776601683795e-05,12,0,0,0
S4,leave_day1_out,random_orthogonal,3,3.1622776601683795e-05,12,0,12,0
S4,leave_day1_out,random_orthogonal,7,3.1622776601683795e-05,24,0,24,0
S4,leave_day1_out,random_orthogonal,8,3.1622776601683795e-05,12,0,0,0
S4,leave_day1_out,random_orthogonal,9,3.1622776601683795e-05,24,0,24,0
S4,leave_day1_out,random_orthogonal,10,3.1622776601683795e-05,12,0,5,0
S4,leave_day1_out,random_orthogonal,11,3.1622776601683795e-05,12,0,12,0
S4,leave_day1_out,random_orthogonal,13,3.1622776601683795e-05,24,0,13,0
S4,leave_day1_out,random_orthogonal,14,3.1622776601683795e-05,24,0,0,0
S4,leave_day1_out,random_orthogonal,15,3.1622776601683795e-05,12,0,8,0
S4,leave_day1_out,random_orthogonal,2,0.0001,12,0,0,0
S4,leave_day1_out,random_orthogonal,3,0.0001,12,0,12,0
S4,leave_day1_out,random_orthogonal,7,0.0001,24,0,24,0
S4,leave_day1_out,random_orthogonal,8,0.0001,12,0,0,0
S4,leave_day1_out,random_orthogonal,9,0.0001,24,0,24,0
S4,leave_day1_out,random_orthogonal,10,0.0001,12,0,5,0
S4,leave_day1_out,random_orthogonal,11,0.0001,12,0,12,0
S4,leave_day1_out,random_orthogonal,13,0.0001,24,0,13,0
S4,leave_day1_out,random_orthogonal,14,0.0001,24,0,0,0
S4,leave_day1_out,random_orthogonal,15,0.0001,12,0,8,0
S4,leave_day1_out,random_orthogonal,2,0.00031622776601683794,12,0,0,0
S4,leave_day1_out,random_orthogonal,3,0.00031622776601683794,12,0,12,0
S4,leave_day1_out,random_orthogonal,7,0.00031622776601683794,24,0,24,0
S4,leave_day1_out,random_orthogonal,8,0.00031622776601683794,12,0,0,0
S4,leave_day1_out,random_orthogonal,9,0.00031622776601683794,24,0,24,0
S4,leave_day1_out,random_orthogonal,10,0.00031622776601683794,12,0,5,0
S4,leave_day1_out,random_orthogonal,11,0.00031622776601683794,12,0,12,0
S4,leave_day1_out,random_orthogonal,13,0.00031622776601683794,24,0,13,0
S4,leave_day1_out,random_orthogonal,14,0.00031622776601683794,24,0,0,0
S4,leave_day1_out,random_orthogonal,15,0.00031622776601683794,12,0,8,0
S4,leave_day1_out,random_orthogonal,2,0.001,12,0,0,0
S4,leave_day1_out,random_orthogonal,3,0.001,12,0,12,0
S4,leave_day1_out,random_orthogonal,7,0.001,24,0,24,0
S4,leave_day1_out,random_orthogonal,8,0.001,12,0,0,0
S4,leave_day1_out,random_orthogonal,9,0.001,24,0,24,0
S4,leave_day1_out,random_orthogonal,10,0.001,12,0,5,0
S4,leave_day1_out,random_orthogonal,11,0.001,12,0,12,0
S4,leave_day1_out,random_orthogonal,13,0.001,24,0,13,0
S4,leave_day1_out,random_orthogonal,14,0.001,24,0,0,0
S4,leave_day1_out,random_orthogonal,15,0.001,12,0,8,0
S4,leave_day1_out,random_orthogonal,2,0.0031622776601683794,12,0,0,0
S4,leave_day1_out,random_orthogonal,3,0.0031622776601683794,12,0,12,0
S4,leave_day1_out,random_orthogonal,7,0.0031622776601683794,24,0,24,0
S4,leave_day1_out,random_orthogonal,8,0.0031622776601683794,12,0,0,0
S4,leave_day1_out,random_orthogonal,9,0.0031622776601683794,24,0,24,0
S4,leave_day1_out,random_orthogonal,10,0.0031622776601683794,12,0,5,0
S4,leave_day1_out,random_orthogonal,11,0.0031622776601683794,12,0,12,0
S4,leave_day1_out,random_orthogonal,13,0.0031622776601683794,24,0,13,0
S4,leave_day1_out,random_orthogonal,14,0.0031622776601683794,24,0,0,0
S4,leave_day1_out,random_orthogonal,15,0.0031622776601683794,12,0,8,0
S4,leave_day1_out,random_orthogonal,2,0.01,12,0,0,0
S4,leave_day1_out,random_orthogonal,3,0.01,12,2,12,0
S4,leave_day1_out,random_orthogonal,7,0.01,24,0,24,0
S4,leave_day1_out,random_orthogonal,8,0.01,12,0,0,0
S4,leave_day1_out,random_orthogonal,9,0.01,24,0,24,0
S4,leave_day1_out,random_orthogonal,10,0.01,12,0,4,0
S4,leave_day1_out,random_orthogonal,11,0.01,12,0,12,0
S4,leave_day1_out,random_orthogonal,13,0.01,24,0,13,0
S4,leave_day1_out,random_orthogonal,14,0.01,24,0,0,0
S4,leave_day1_out,random_orthogonal,15,0.01,12,0,8,0
S4,leave_day1_out,random_orthogonal,2,0.03162277660168379,12,0,0,0
S4,leave_day1_out,random_orthogonal,3,0.03162277660168379,12,7,12,0
S4,leave_day1_out,random_orthogonal,7,0.03162277660168379,24,0,24,0
S4,leave_day1_out,random_orthogonal,8,0.03162277660168379,12,0,0,0
S4,leave_day1_out,random_orthogonal,9,0.03162277660168379,24,0,24,0
S4,leave_day1_out,random_orthogonal,10,0.03162277660168379,12,0,3,0
S4,leave_day1_out,random_orthogonal,11,0.03162277660168379,12,0,12,0
S4,leave_day1_out,random_orthogonal,13,0.03162277660168379,24,0,12,0
S4,leave_day1_out,random_orthogonal,14,0.03162277660168379,24,0,0,0
S4,leave_day1_out,random_orthogonal,15,0.03162277660168379,12,0,7,0
S4,leave_day1_out,random_orthogonal,2,0.1,12,0,0,0
S4,leave_day1_out,random_orthogonal,3,0.1,12,12,12,0
S4,leave_day1_out,random_orthogonal,7,0.1,24,0,8,0
S4,leave_day1_out,random_orthogonal,8,0.1,12,0,0,0
S4,leave_day1_out,random_orthogonal,9,0.1,24,1,24,0
S4,leave_day1_out,random_orthogonal,10,0.1,12,0,2,0
S4,leave_day1_out,random_orthogonal,11,0.1,12,3,12,0
S4,leave_day1_out,random_orthogonal,13,0.1,24,2,11,0
S4,leave_day1_out,random_orthogonal,14,0.1,24,0,0,0
S4,leave_day1_out,random_orthogonal,15,0.1,12,0,3,0
S4,leave_day1_out,random_orthogonal,2,0.25,12,0,0,0
S4,leave_day1_out,random_orthogonal,3,0.25,12,0,0,0
S4,leave_day1_out,random_orthogonal,7,0.25,24,0,0,0
S4,leave_day1_out,random_orthogonal,8,0.25,12,0,0,0
S4,leave_day1_out,random_orthogonal,9,0.25,24,0,0,0
S4,leave_day1_out,random_orthogonal,10,0.25,12,0,0,0
S4,leave_day1_out,random_orthogonal,11,0.25,12,0,0,0
S4,leave_day1_out,random_orthogonal,13,0.25,24,0,0,0
S4,leave_day1_out,random_orthogonal,14,0.25,24,0,0,0
S4,leave_day1_out,random_orthogonal,15,0.25,12,0,0,0
S4,leave_day1_out,permuted_polynomial,2,1e-06,12,0,1,0
S4,leave_day1_out,permuted_polynomial,3,1e-06,12,0,12,0
S4,leave_day1_out,permuted_polynomial,7,1e-06,24,0,24,0
S4,leave_day1_out,permuted_polynomial,8,1e-06,12,0,3,0
S4,leave_day1_out,permuted_polynomial,9,1e-06,24,0,24,0
S4,leave_day1_out,permuted_polynomial,10,1e-06,12,0,12,0
S4,leave_day1_out,permuted_polynomial,11,1e-06,12,0,12,0
S4,leave_day1_out,permuted_polynomial,13,1e-06,24,0,21,0
S4,leave_day1_out,permuted_polynomial,14,1e-06,24,0,5,0
S4,leave_day1_out,permuted_polynomial,15,1e-06,12,0,10,0
S4,leave_day1_out,permuted_polynomial,2,3.162277660168379e-06,12,0,1,0
S4,leave_day1_out,permuted_polynomial,3,3.162277660168379e-06,12,0,12,0
S4,leave_day1_out,permuted_polynomial,7,3.162277660168379e-06,24,0,24,0
S4,leave_day1_out,permuted_polynomial,8,3.162277660168379e-06,12,0,3,0
S4,leave_day1_out,permuted_polynomial,9,3.162277660168379e-06,24,0,24,0
S4,leave_day1_out,permuted_polynomial,10,3.162277660168379e-06,12,0,12,0
S4,leave_day1_out,permuted_polynomial,11,3.162277660168379e-06,12,0,12,0
S4,leave_day1_out,permuted_polynomial,13,3.162277660168379e-06,24,0,21,0
S4,leave_day1_out,permuted_polynomial,14,3.162277660168379e-06,24,0,5,0
S4,leave_day1_out,permuted_polynomial,15,3.162277660168379e-06,12,0,10,0
S4,leave_day1_out,permuted_polynomial,2,1e-05,12,0,1,0
S4,leave_day1_out,permuted_polynomial,3,1e-05,12,0,12,0
S4,leave_day1_out,permuted_polynomial,7,1e-05,24,0,24,0
S4,leave_day1_out,permuted_polynomial,8,1e-05,12,0,3,0
S4,leave_day1_out,permuted_polynomial,9,1e-05,24,0,24,0
S4,leave_day1_out,permuted_polynomial,10,1e-05,12,0,12,0
S4,leave_day1_out,permuted_polynomial,11,1e-05,12,0,12,0
S4,leave_day1_out,permuted_polynomial,13,1e-05,24,0,21,0
S4,leave_day1_out,permuted_polynomial,14,1e-05,24,0,5,0
S4,leave_day1_out,permuted_polynomial,15,1e-05,12,0,10,0
S4,leave_day1_out,permuted_polynomial,2,3.1622776601683795e-05,12,0,1,0
S4,leave_day1_out,permuted_polynomial,3,3.1622776601683795e-05,12,0,12,0
S4,leave_day1_out,permuted_polynomial,7,3.1622776601683795e-05,24,0,24,0
S4,leave_day1_out,permuted_polynomial,8,3.1622776601683795e-05,12,0,3,0
S4,leave_day1_out,permuted_polynomial,9,3.1622776601683795e-05,24,0,24,0
S4,leave_day1_out,permuted_polynomial,10,3.1622776601683795e-05,12,0,12,0
S4,leave_day1_out,permuted_polynomial,11,3.1622776601683795e-05,12,0,12,0
S4,leave_day1_out,permuted_polynomial,13,3.1622776601683795e-05,24,0,21,0
S4,leave_day1_out,permuted_polynomial,14,3.1622776601683795e-05,24,0,5,0
S4,leave_day1_out,permuted_polynomial,15,3.1622776601683795e-05,12,0,10,0
S4,leave_day1_out,permuted_polynomial,2,0.0001,12,0,1,0
S4,leave_day1_out,permuted_polynomial,3,0.0001,12,0,12,0
S4,leave_day1_out,permuted_polynomial,7,0.0001,24,0,24,0
S4,leave_day1_out,permuted_polynomial,8,0.0001,12,0,3,0
S4,leave_day1_out,permuted_polynomial,9,0.0001,24,0,24,0
S4,leave_day1_out,permuted_polynomial,10,0.0001,12,0,12,0
S4,leave_day1_out,permuted_polynomial,11,0.0001,12,0,12,0
S4,leave_day1_out,permuted_polynomial,13,0.0001,24,0,21,0
S4,leave_day1_out,permuted_polynomial,14,0.0001,24,0,5,0
S4,leave_day1_out,permuted_polynomial,15,0.0001,12,0,10,0
S4,leave_day1_out,permuted_polynomial,2,0.00031622776601683794,12,0,1,0
S4,leave_day1_out,permuted_polynomial,3,0.00031622776601683794,12,0,12,0
S4,leave_day1_out,permuted_polynomial,7,0.00031622776601683794,24,0,24,0
S4,leave_day1_out,permuted_polynomial,8,0.00031622776601683794,12,0,3,0
S4,leave_day1_out,permuted_polynomial,9,0.00031622776601683794,24,0,24,0
S4,leave_day1_out,permuted_polynomial,10,0.00031622776601683794,12,0,12,0
S4,leave_day1_out,permuted_polynomial,11,0.00031622776601683794,12,0,12,0
S4,leave_day1_out,permuted_polynomial,13,0.00031622776601683794,24,0,21,0
S4,leave_day1_out,permuted_polynomial,14,0.00031622776601683794,24,0,5,0
S4,leave_day1_out,permuted_polynomial,15,0.00031622776601683794,12,0,10,0
S4,leave_day1_out,permuted_polynomial,2,0.001,12,0,1,0
S4,leave_day1_out,permuted_polynomial,3,0.001,12,0,12,0
S4,leave_day1_out,permuted_polynomial,7,0.001,24,0,24,0
S4,leave_day1_out,permuted_polynomial,8,0.001,12,0,3,0
S4,leave_day1_out,permuted_polynomial,9,0.001,24,0,24,0
S4,leave_day1_out,permuted_polynomial,10,0.001,12,0,12,0
S4,leave_day1_out,permuted_polynomial,11,0.001,12,0,12,0
S4,leave_day1_out,permuted_polynomial,13,0.001,24,0,21,0
S4,leave_day1_out,permuted_polynomial,14,0.001,24,0,5,0
S4,leave_day1_out,permuted_polynomial,15,0.001,12,0,10,0
S4,leave_day1_out,permuted_polynomial,2,0.0031622776601683794,12,0,1,0
S4,leave_day1_out,permuted_polynomial,3,0.0031622776601683794,12,0,12,0
S4,leave_day1_out,permuted_polynomial,7,0.0031622776601683794,24,0,24,0
S4,leave_day1_out,permuted_polynomial,8,0.0031622776601683794,12,0,3,0
S4,leave_day1_out,permuted_polynomial,9,0.0031622776601683794,24,0,24,0
S4,leave_day1_out,permuted_polynomial,10,0.0031622776601683794,12,0,12,0
S4,leave_day1_out,permuted_polynomial,11,0.0031622776601683794,12,0,12,0
S4,leave_day1_out,permuted_polynomial,13,0.0031622776601683794,24,0,21,0
S4,leave_day1_out,permuted_polynomial,14,0.0031622776601683794,24,0,5,0
S4,leave_day1_out,permuted_polynomial,15,0.0031622776601683794,12,0,10,0
S4,leave_day1_out,permuted_polynomial,2,0.01,12,0,1,0
S4,leave_day1_out,permuted_polynomial,3,0.01,12,0,12,0
S4,leave_day1_out,permuted_polynomial,7,0.01,24,0,24,0
S4,leave_day1_out,permuted_polynomial,8,0.01,12,0,3,0
S4,leave_day1_out,permuted_polynomial,9,0.01,24,0,24,0
S4,leave_day1_out,permuted_polynomial,10,0.01,12,0,12,0
S4,leave_day1_out,permuted_polynomial,11,0.01,12,0,12,0
S4,leave_day1_out,permuted_polynomial,13,0.01,24,0,21,0
S4,leave_day1_out,permuted_polynomial,14,0.01,24,0,5,0
S4,leave_day1_out,permuted_polynomial,15,0.01,12,0,10,0
S4,leave_day1_out,permuted_polynomial,2,0.03162277660168379,12,0,1,0
S4,leave_day1_out,permuted_polynomial,3,0.03162277660168379,12,0,12,0
S4,leave_day1_out,permuted_polynomial,7,0.03162277660168379,24,0,24,0
S4,leave_day1_out,permuted_polynomial,8,0.03162277660168379,12,0,2,0
S4,leave_day1_out,permuted_polynomial,9,0.03162277660168379,24,13,24,0
S4,leave_day1_out,permuted_polynomial,10,0.03162277660168379,12,0,12,0
S4,leave_day1_out,permuted_polynomial,11,0.03162277660168379,12,0,12,0
S4,leave_day1_out,permuted_polynomial,13,0.03162277660168379,24,2,20,0
S4,leave_day1_out,permuted_polynomial,14,0.03162277660168379,24,0,4,0
S4,leave_day1_out,permuted_polynomial,15,0.03162277660168379,12,0,9,0
S4,leave_day1_out,permuted_polynomial,2,0.1,12,0,1,0
S4,leave_day1_out,permuted_polynomial,3,0.1,12,5,11,0
S4,leave_day1_out,permuted_polynomial,7,0.1,24,3,23,0
S4,leave_day1_out,permuted_polynomial,8,0.1,12,0,1,0
S4,leave_day1_out,permuted_polynomial,9,0.1,24,17,24,0
S4,leave_day1_out,permuted_polynomial,10,0.1,12,2,12,0
S4,leave_day1_out,permuted_polynomial,11,0.1,12,7,12,0
S4,leave_day1_out,permuted_polynomial,13,0.1,24,11,19,0
S4,leave_day1_out,permuted_polynomial,14,0.1,24,0,2,0
S4,leave_day1_out,permuted_polynomial,15,0.1,12,1,8,0
S4,leave_day1_out,permuted_polynomial,2,0.25,12,0,0,0
S4,leave_day1_out,permuted_polynomial,3,0.25,12,0,0,0
S4,leave_day1_out,permuted_polynomial,7,0.25,24,0,0,0
S4,leave_day1_out,permuted_polynomial,8,0.25,12,0,0,0
S4,leave_day1_out,permuted_polynomial,9,0.25,24,0,0,0
S4,leave_day1_out,permuted_polynomial,10,0.25,12,0,0,0
S4,leave_day1_out,permuted_polynomial,11,0.25,12,0,0,0
S4,leave_day1_out,permuted_polynomial,13,0.25,24,0,0,0
S4,leave_day1_out,permuted_polynomial,14,0.25,24,0,0,0
S4,leave_day1_out,permuted_polynomial,15,0.25,12,0,0,0
S4,leave_day3_out,coordinate,2,1e-06,24,0,24,0
S4,leave_day3_out,coordinate,3,1e-06,24,0,24,0
S4,leave_day3_out,coordinate,7,1e-06,12,0,12,0
S4,leave_day3_out,coordinate,8,1e-06,24,0,24,0
S4,leave_day3_out,coordinate,9,1e-06,12,0,12,0
S4,leave_day3_out,coordinate,10,1e-06,12,0,12,0
S4,leave_day3_out,coordinate,11,1e-06,12,0,12,0
S4,leave_day3_out,coordinate,13,1e-06,12,0,12,0
S4,leave_day3_out,coordinate,14,1e-06,12,0,12,0
S4,leave_day3_out,coordinate,15,1e-06,24,0,24,0
S4,leave_day3_out,coordinate,2,3.162277660168379e-06,24,0,24,0
S4,leave_day3_out,coordinate,3,3.162277660168379e-06,24,0,24,0
S4,leave_day3_out,coordinate,7,3.162277660168379e-06,12,0,12,0
S4,leave_day3_out,coordinate,8,3.162277660168379e-06,24,0,24,0
S4,leave_day3_out,coordinate,9,3.162277660168379e-06,12,0,12,0
S4,leave_day3_out,coordinate,10,3.162277660168379e-06,12,0,12,0
S4,leave_day3_out,coordinate,11,3.162277660168379e-06,12,0,12,0
S4,leave_day3_out,coordinate,13,3.162277660168379e-06,12,0,12,0
S4,leave_day3_out,coordinate,14,3.162277660168379e-06,12,0,12,0
S4,leave_day3_out,coordinate,15,3.162277660168379e-06,24,0,24,0
S4,leave_day3_out,coordinate,2,1e-05,24,0,24,0
S4,leave_day3_out,coordinate,3,1e-05,24,0,24,0
S4,leave_day3_out,coordinate,7,1e-05,12,0,12,0
S4,leave_day3_out,coordinate,8,1e-05,24,0,24,0
S4,leave_day3_out,coordinate,9,1e-05,12,0,12,0
S4,leave_day3_out,coordinate,10,1e-05,12,0,12,0
S4,leave_day3_out,coordinate,11,1e-05,12,0,12,0
S4,leave_day3_out,coordinate,13,1e-05,12,0,12,0
S4,leave_day3_out,coordinate,14,1e-05,12,0,12,0
S4,leave_day3_out,coordinate,15,1e-05,24,0,24,0
S4,leave_day3_out,coordinate,2,3.1622776601683795e-05,24,0,24,0
S4,leave_day3_out,coordinate,3,3.1622776601683795e-05,24,0,24,0
S4,leave_day3_out,coordinate,7,3.1622776601683795e-05,12,0,12,0
S4,leave_day3_out,coordinate,8,3.1622776601683795e-05,24,0,24,0
S4,leave_day3_out,coordinate,9,3.1622776601683795e-05,12,0,12,0
S4,leave_day3_out,coordinate,10,3.1622776601683795e-05,12,0,12,0
S4,leave_day3_out,coordinate,11,3.1622776601683795e-05,12,0,12,0
S4,leave_day3_out,coordinate,13,3.1622776601683795e-05,12,0,12,0
S4,leave_day3_out,coordinate,14,3.1622776601683795e-05,12,0,12,0
S4,leave_day3_out,coordinate,15,3.1622776601683795e-05,24,0,24,0
S4,leave_day3_out,coordinate,2,0.0001,24,0,24,0
S4,leave_day3_out,coordinate,3,0.0001,24,0,24,0
S4,leave_day3_out,coordinate,7,0.0001,12,0,12,0
S4,leave_day3_out,coordinate,8,0.0001,24,0,24,0
S4,leave_day3_out,coordinate,9,0.0001,12,0,12,0
S4,leave_day3_out,coordinate,10,0.0001,12,0,12,0
S4,leave_day3_out,coordinate,11,0.0001,12,0,12,0
S4,leave_day3_out,coordinate,13,0.0001,12,0,12,0
S4,leave_day3_out,coordinate,14,0.0001,12,0,12,0
S4,leave_day3_out,coordinate,15,0.0001,24,0,24,0
S4,leave_day3_out,coordinate,2,0.00031622776601683794,24,0,24,0
S4,leave_day3_out,coordinate,3,0.00031622776601683794,24,0,24,0
S4,leave_day3_out,coordinate,7,0.00031622776601683794,12,0,12,0
S4,leave_day3_out,coordinate,8,0.00031622776601683794,24,0,24,0
S4,leave_day3_out,coordinate,9,0.00031622776601683794,12,0,12,0
S4,leave_day3_out,coordinate,10,0.00031622776601683794,12,0,12,0
S4,leave_day3_out,coordinate,11,0.00031622776601683794,12,0,12,0
S4,leave_day3_out,coordinate,13,0.00031622776601683794,12,0,12,0
S4,leave_day3_out,coordinate,14,0.00031622776601683794,12,0,12,0
S4,leave_day3_out,coordinate,15,0.00031622776601683794,24,0,24,0
S4,leave_day3_out,coordinate,2,0.001,24,0,24,0
S4,leave_day3_out,coordinate,3,0.001,24,0,24,0
S4,leave_day3_out,coordinate,7,0.001,12,0,12,0
S4,leave_day3_out,coordinate,8,0.001,24,0,24,0
S4,leave_day3_out,coordinate,9,0.001,12,0,12,0
S4,leave_day3_out,coordinate,10,0.001,12,0,12,0
S4,leave_day3_out,coordinate,11,0.001,12,0,12,0
S4,leave_day3_out,coordinate,13,0.001,12,0,12,0
S4,leave_day3_out,coordinate,14,0.001,12,0,12,0
S4,leave_day3_out,coordinate,15,0.001,24,0,24,0
S4,leave_day3_out,coordinate,2,0.0031622776601683794,24,0,24,0
S4,leave_day3_out,coordinate,3,0.0031622776601683794,24,0,24,0
S4,leave_day3_out,coordinate,7,0.0031622776601683794,12,0,12,0
S4,leave_day3_out,coordinate,8,0.0031622776601683794,24,0,24,0
S4,leave_day3_out,coordinate,9,0.0031622776601683794,12,0,12,0
S4,leave_day3_out,coordinate,10,0.0031622776601683794,12,0,12,0
S4,leave_day3_out,coordinate,11,0.0031622776601683794,12,0,12,0
S4,leave_day3_out,coordinate,13,0.0031622776601683794,12,0,12,0
S4,leave_day3_out,coordinate,14,0.0031622776601683794,12,0,12,0
S4,leave_day3_out,coordinate,15,0.0031622776601683794,24,0,24,0
S4,leave_day3_out,coordinate,2,0.01,24,0,24,0
S4,leave_day3_out,coordinate,3,0.01,24,0,24,0
S4,leave_day3_out,coordinate,7,0.01,12,0,12,0
S4,leave_day3_out,coordinate,8,0.01,24,0,24,0
S4,leave_day3_out,coordinate,9,0.01,12,0,12,0
S4,leave_day3_out,coordinate,10,0.01,12,0,12,0
S4,leave_day3_out,coordinate,11,0.01,12,0,12,0
S4,leave_day3_out,coordinate,13,0.01,12,0,12,0
S4,leave_day3_out,coordinate,14,0.01,12,0,12,0
S4,leave_day3_out,coordinate,15,0.01,24,0,24,0
S4,leave_day3_out,coordinate,2,0.03162277660168379,24,0,24,0
S4,leave_day3_out,coordinate,3,0.03162277660168379,24,0,24,0
S4,leave_day3_out,coordinate,7,0.03162277660168379,12,0,12,0
S4,leave_day3_out,coordinate,8,0.03162277660168379,24,0,24,0
S4,leave_day3_out,coordinate,9,0.03162277660168379,12,0,12,0
S4,leave_day3_out,coordinate,10,0.03162277660168379,12,0,12,0
S4,leave_day3_out,coordinate,11,0.03162277660168379,12,0,12,0
S4,leave_day3_out,coordinate,13,0.03162277660168379,12,0,12,0
S4,leave_day3_out,coordinate,14,0.03162277660168379,12,0,12,0
S4,leave_day3_out,coordinate,15,0.03162277660168379,24,0,24,0
S4,leave_day3_out,coordinate,2,0.1,24,0,0,0
S4,leave_day3_out,coordinate,3,0.1,24,0,0,0
S4,leave_day3_out,coordinate,7,0.1,12,0,0,0
S4,leave_day3_out,coordinate,8,0.1,24,0,0,0
S4,leave_day3_out,coordinate,9,0.1,12,0,0,0
S4,leave_day3_out,coordinate,10,0.1,12,0,0,0
S4,leave_day3_out,coordinate,11,0.1,12,0,0,0
S4,leave_day3_out,coordinate,13,0.1,12,0,0,0
S4,leave_day3_out,coordinate,14,0.1,12,0,0,0
S4,leave_day3_out,coordinate,15,0.1,24,0,0,0
S4,leave_day3_out,coordinate,2,0.25,24,0,0,0
S4,leave_day3_out,coordinate,3,0.25,24,0,0,0
S4,leave_day3_out,coordinate,7,0.25,12,0,0,0
S4,leave_day3_out,coordinate,8,0.25,24,0,0,0
S4,leave_day3_out,coordinate,9,0.25,12,0,0,0
S4,leave_day3_out,coordinate,10,0.25,12,0,0,0
S4,leave_day3_out,coordinate,11,0.25,12,0,0,0
S4,leave_day3_out,coordinate,13,0.25,12,0,0,0
S4,leave_day3_out,coordinate,14,0.25,12,0,0,0
S4,leave_day3_out,coordinate,15,0.25,24,0,0,0
S4,leave_day3_out,dct,2,1e-06,24,0,24,0
S4,leave_day3_out,dct,3,1e-06,24,0,24,0
S4,leave_day3_out,dct,7,1e-06,12,0,12,0
S4,leave_day3_out,dct,8,1e-06,24,0,24,0
S4,leave_day3_out,dct,9,1e-06,12,0,12,0
S4,leave_day3_out,dct,10,1e-06,12,0,0,0
S4,leave_day3_out,dct,11,1e-06,12,0,12,0
S4,leave_day3_out,dct,13,1e-06,12,0,12,0
S4,leave_day3_out,dct,14,1e-06,12,0,12,0
S4,leave_day3_out,dct,15,1e-06,24,0,24,0
S4,leave_day3_out,dct,2,3.162277660168379e-06,24,0,24,0
S4,leave_day3_out,dct,3,3.162277660168379e-06,24,0,24,0
S4,leave_day3_out,dct,7,3.162277660168379e-06,12,0,12,0
S4,leave_day3_out,dct,8,3.162277660168379e-06,24,0,24,0
S4,leave_day3_out,dct,9,3.162277660168379e-06,12,0,12,0
S4,leave_day3_out,dct,10,3.162277660168379e-06,12,0,0,0
S4,leave_day3_out,dct,11,3.162277660168379e-06,12,0,12,0
S4,leave_day3_out,dct,13,3.162277660168379e-06,12,0,12,0
S4,leave_day3_out,dct,14,3.162277660168379e-06,12,0,12,0
S4,leave_day3_out,dct,15,3.162277660168379e-06,24,0,24,0
S4,leave_day3_out,dct,2,1e-05,24,0,24,0
S4,leave_day3_out,dct,3,1e-05,24,0,24,0
S4,leave_day3_out,dct,7,1e-05,12,0,12,0
S4,leave_day3_out,dct,8,1e-05,24,0,24,0
S4,leave_day3_out,dct,9,1e-05,12,0,12,0
S4,leave_day3_out,dct,10,1e-05,12,0,0,0
S4,leave_day3_out,dct,11,1e-05,12,0,12,0
S4,leave_day3_out,dct,13,1e-05,12,0,12,0
S4,leave_day3_out,dct,14,1e-05,12,0,12,0
S4,leave_day3_out,dct,15,1e-05,24,0,24,0
S4,leave_day3_out,dct,2,3.1622776601683795e-05,24,0,24,0
S4,leave_day3_out,dct,3,3.1622776601683795e-05,24,0,24,0
S4,leave_day3_out,dct,7,3.1622776601683795e-05,12,0,12,0
S4,leave_day3_out,dct,8,3.1622776601683795e-05,24,0,24,0
S4,leave_day3_out,dct,9,3.1622776601683795e-05,12,0,12,0
S4,leave_day3_out,dct,10,3.1622776601683795e-05,12,0,0,0
S4,leave_day3_out,dct,11,3.1622776601683795e-05,12,0,12,0
S4,leave_day3_out,dct,13,3.1622776601683795e-05,12,0,12,0
S4,leave_day3_out,dct,14,3.1622776601683795e-05,12,0,12,0
S4,leave_day3_out,dct,15,3.1622776601683795e-05,24,0,24,0
S4,leave_day3_out,dct,2,0.0001,24,0,24,0
S4,leave_day3_out,dct,3,0.0001,24,0,24,0
S4,leave_day3_out,dct,7,0.0001,12,0,12,0
S4,leave_day3_out,dct,8,0.0001,24,0,24,0
S4,leave_day3_out,dct,9,0.0001,12,0,12,0
S4,leave_day3_out,dct,10,0.0001,12,0,0,0
S4,leave_day3_out,dct,11,0.0001,12,0,12,0
S4,leave_day3_out,dct,13,0.0001,12,0,12,0
S4,leave_day3_out,dct,14,0.0001,12,0,12,0
S4,leave_day3_out,dct,15,0.0001,24,0,24,0
S4,leave_day3_out,dct,2,0.00031622776601683794,24,0,24,0
S4,leave_day3_out,dct,3,0.00031622776601683794,24,0,24,0
S4,leave_day3_out,dct,7,0.00031622776601683794,12,0,12,0
S4,leave_day3_out,dct,8,0.00031622776601683794,24,0,24,0
S4,leave_day3_out,dct,9,0.00031622776601683794,12,0,12,0
S4,leave_day3_out,dct,10,0.00031622776601683794,12,0,0,0
S4,leave_day3_out,dct,11,0.00031622776601683794,12,0,12,0
S4,leave_day3_out,dct,13,0.00031622776601683794,12,0,12,0
S4,leave_day3_out,dct,14,0.00031622776601683794,12,0,12,0
S4,leave_day3_out,dct,15,0.00031622776601683794,24,0,24,0
S4,leave_day3_out,dct,2,0.001,24,0,24,0
S4,leave_day3_out,dct,3,0.001,24,0,24,0
S4,leave_day3_out,dct,7,0.001,12,0,12,0
S4,leave_day3_out,dct,8,0.001,24,0,24,0
S4,leave_day3_out,dct,9,0.001,12,0,12,0
S4,leave_day3_out,dct,10,0.001,12,0,0,0
S4,leave_day3_out,dct,11,0.001,12,0,12,0
S4,leave_day3_out,dct,13,0.001,12,0,12,0
S4,leave_day3_out,dct,14,0.001,12,0,12,0
S4,leave_day3_out,dct,15,0.001,24,0,24,0
S4,leave_day3_out,dct,2,0.0031622776601683794,24,0,24,0
S4,leave_day3_out,dct,3,0.0031622776601683794,24,11,24,0
S4,leave_day3_out,dct,7,0.0031622776601683794,12,0,12,0
S4,leave_day3_out,dct,8,0.0031622776601683794,24,2,24,0
S4,leave_day3_out,dct,9,0.0031622776601683794,12,0,12,0
S4,leave_day3_out,dct,10,0.0031622776601683794,12,0,0,0
S4,leave_day3_out,dct,11,0.0031622776601683794,12,0,12,0
S4,leave_day3_out,dct,13,0.0031622776601683794,12,0,12,0
S4,leave_day3_out,dct,14,0.0031622776601683794,12,0,12,0
S4,leave_day3_out,dct,15,0.0031622776601683794,24,0,24,0
S4,leave_day3_out,dct,2,0.01,24,0,24,0
S4,leave_day3_out,dct,3,0.01,24,20,24,0
S4,leave_day3_out,dct,7,0.01,12,0,12,0
S4,leave_day3_out,dct,8,0.01,24,6,24,0
S4,leave_day3_out,dct,9,0.01,12,0,12,0
S4,leave_day3_out,dct,10,0.01,12,0,0,0
S4,leave_day3_out,dct,11,0.01,12,0,12,0
S4,leave_day3_out,dct,13,0.01,12,2,12,0
S4,leave_day3_out,dct,14,0.01,12,0,12,0
S4,leave_day3_out,dct,15,0.01,24,0,24,0
S4,leave_day3_out,dct,2,0.03162277660168379,24,18,24,0
S4,leave_day3_out,dct,3,0.03162277660168379,24,24,24,0
S4,leave_day3_out,dct,7,0.03162277660168379,12,0,12,0
S4,leave_day3_out,dct,8,0.03162277660168379,24,23,24,0
S4,leave_day3_out,dct,9,0.03162277660168379,12,0,12,0
S4,leave_day3_out,dct,10,0.03162277660168379,12,0,0,0
S4,leave_day3_out,dct,11,0.03162277660168379,12,1,12,0
S4,leave_day3_out,dct,13,0.03162277660168379,12,12,12,0
S4,leave_day3_out,dct,14,0.03162277660168379,12,0,12,0
S4,leave_day3_out,dct,15,0.03162277660168379,24,0,24,0
S4,leave_day3_out,dct,2,0.1,24,23,24,0
S4,leave_day3_out,dct,3,0.1,24,24,24,0
S4,leave_day3_out,dct,7,0.1,12,0,12,0
S4,leave_day3_out,dct,8,0.1,24,23,24,0
S4,leave_day3_out,dct,9,0.1,12,0,11,0
S4,leave_day3_out,dct,10,0.1,12,0,0,0
S4,leave_day3_out,dct,11,0.1,12,1,12,0
S4,leave_day3_out,dct,13,0.1,12,12,12,0
S4,leave_day3_out,dct,14,0.1,12,12,12,0
S4,leave_day3_out,dct,15,0.1,24,22,24,0
S4,leave_day3_out,dct,2,0.25,24,0,0,0
S4,leave_day3_out,dct,3,0.25,24,0,0,0
S4,leave_day3_out,dct,7,0.25,12,0,0,0
S4,leave_day3_out,dct,8,0.25,24,0,0,0
S4,leave_day3_out,dct,9,0.25,12,0,0,0
S4,leave_day3_out,dct,10,0.25,12,0,0,0
S4,leave_day3_out,dct,11,0.25,12,0,0,0
S4,leave_day3_out,dct,13,0.25,12,0,0,0
S4,leave_day3_out,dct,14,0.25,12,0,0,0
S4,leave_day3_out,dct,15,0.25,24,0,0,0
S4,leave_day3_out,dft,2,1e-06,24,0,24,0
S4,leave_day3_out,dft,3,1e-06,24,0,24,0
S4,leave_day3_out,dft,7,1e-06,12,0,12,0
S4,leave_day3_out,dft,8,1e-06,24,0,24,0
S4,leave_day3_out,dft,9,1e-06,12,0,12,0
S4,leave_day3_out,dft,10,1e-06,12,0,12,0
S4,leave_day3_out,dft,11,1e-06,12,0,12,0
S4,leave_day3_out,dft,13,1e-06,12,0,3,0
S4,leave_day3_out,dft,14,1e-06,12,0,12,0
S4,leave_day3_out,dft,15,1e-06,24,0,24,0
S4,leave_day3_out,dft,2,3.162277660168379e-06,24,0,24,0
S4,leave_day3_out,dft,3,3.162277660168379e-06,24,0,24,0
S4,leave_day3_out,dft,7,3.162277660168379e-06,12,0,12,0
S4,leave_day3_out,dft,8,3.162277660168379e-06,24,0,24,0
S4,leave_day3_out,dft,9,3.162277660168379e-06,12,0,12,0
S4,leave_day3_out,dft,10,3.162277660168379e-06,12,0,12,0
S4,leave_day3_out,dft,11,3.162277660168379e-06,12,0,12,0
S4,leave_day3_out,dft,13,3.162277660168379e-06,12,0,3,0
S4,leave_day3_out,dft,14,3.162277660168379e-06,12,0,12,0
S4,leave_day3_out,dft,15,3.162277660168379e-06,24,0,24,0
S4,leave_day3_out,dft,2,1e-05,24,0,24,0
S4,leave_day3_out,dft,3,1e-05,24,0,24,0
S4,leave_day3_out,dft,7,1e-05,12,1,12,0
S4,leave_day3_out,dft,8,1e-05,24,0,24,0
S4,leave_day3_out,dft,9,1e-05,12,0,12,0
S4,leave_day3_out,dft,10,1e-05,12,0,12,0
S4,leave_day3_out,dft,11,1e-05,12,0,12,0
S4,leave_day3_out,dft,13,1e-05,12,0,3,0
S4,leave_day3_out,dft,14,1e-05,12,0,12,0
S4,leave_day3_out,dft,15,1e-05,24,0,24,0
S4,leave_day3_out,dft,2,3.1622776601683795e-05,24,0,24,0
S4,leave_day3_out,dft,3,3.1622776601683795e-05,24,0,24,0
S4,leave_day3_out,dft,7,3.1622776601683795e-05,12,1,12,0
S4,leave_day3_out,dft,8,3.1622776601683795e-05,24,0,24,0
S4,leave_day3_out,dft,9,3.1622776601683795e-05,12,1,12,0
S4,leave_day3_out,dft,10,3.1622776601683795e-05,12,0,12,0
S4,leave_day3_out,dft,11,3.1622776601683795e-05,12,0,12,0
S4,leave_day3_out,dft,13,3.1622776601683795e-05,12,0,3,0
S4,leave_day3_out,dft,14,3.1622776601683795e-05,12,0,12,0
S4,leave_day3_out,dft,15,3.1622776601683795e-05,24,0,24,0
S4,leave_day3_out,dft,2,0.0001,24,0,24,0
S4,leave_day3_out,dft,3,0.0001,24,0,24,0
S4,leave_day3_out,dft,7,0.0001,12,6,12,0
S4,leave_day3_out,dft,8,0.0001,24,0,24,0
S4,leave_day3_out,dft,9,0.0001,12,2,12,0
S4,leave_day3_out,dft,10,0.0001,12,0,12,0
S4,leave_day3_out,dft,11,0.0001,12,0,12,0
S4,leave_day3_out,dft,13,0.0001,12,0,3,0
S4,leave_day3_out,dft,14,0.0001,12,0,12,0
S4,leave_day3_out,dft,15,0.0001,24,0,24,0
S4,leave_day3_out,dft,2,0.00031622776601683794,24,0,24,0
S4,leave_day3_out,dft,3,0.00031622776601683794,24,1,24,0
S4,leave_day3_out,dft,7,0.00031622776601683794,12,8,12,0
S4,leave_day3_out,dft,8,0.00031622776601683794,24,0,24,0
S4,leave_day3_out,dft,9,0.00031622776601683794,12,2,12,0
S4,leave_day3_out,dft,10,0.00031622776601683794,12,0,12,0
S4,leave_day3_out,dft,11,0.00031622776601683794,12,2,12,0
S4,leave_day3_out,dft,13,0.00031622776601683794,12,0,3,0
S4,leave_day3_out,dft,14,0.00031622776601683794,12,0,12,0
S4,leave_day3_out,dft,15,0.00031622776601683794,24,0,24,0
S4,leave_day3_out,dft,2,0.001,24,0,24,0
S4,leave_day3_out,dft,3,0.001,24,2,24,0
S4,leave_day3_out,dft,7,0.001,12,8,12,0
S4,leave_day3_out,dft,8,0.001,24,0,24,0
S4,leave_day3_out,dft,9,0.001,12,4,12,0
S4,leave_day3_out,dft,10,0.001,12,0,12,0
S4,leave_day3_out,dft,11,0.001,12,4,12,0
S4,leave_day3_out,dft,13,0.001,12,0,3,0
S4,leave_day3_out,dft,14,0.001,12,0,12,0
S4,leave_day3_out,dft,15,0.001,24,0,24,0
S4,leave_day3_out,dft,2,0.0031622776601683794,24,0,24,0
S4,leave_day3_out,dft,3,0.0031622776601683794,24,3,24,0
S4,leave_day3_out,dft,7,0.0031622776601683794,12,8,12,0
S4,leave_day3_out,dft,8,0.0031622776601683794,24,1,24,0
S4,leave_day3_out,dft,9,0.0031622776601683794,12,5,12,0
S4,leave_day3_out,dft,10,0.0031622776601683794,12,0,12,0
S4,leave_day3_out,dft,11,0.0031622776601683794,12,4,12,0
S4,leave_day3_out,dft,13,0.0031622776601683794,12,0,3,0
S4,leave_day3_out,dft,14,0.0031622776601683794,12,0,12,0
S4,leave_day3_out,dft,15,0.0031622776601683794,24,0,24,0
S4,leave_day3_out,dft,2,0.01,24,0,24,0
S4,leave_day3_out,dft,3,0.01,24,5,24,0
S4,leave_day3_out,dft,7,0.01,12,8,12,0
S4,leave_day3_out,dft,8,0.01,24,3,24,0
S4,leave_day3_out,dft,9,0.01,12,5,12,0
S4,leave_day3_out,dft,10,0.01,12,0,12,0
S4,leave_day3_out,dft,11,0.01,12,6,12,0
S4,leave_day3_out,dft,13,0.01,12,0,3,0
S4,leave_day3_out,dft,14,0.01,12,0,12,0
S4,leave_day3_out,dft,15,0.01,24,3,24,0
S4,leave_day3_out,dft,2,0.03162277660168379,24,8,24,0
S4,leave_day3_out,dft,3,0.03162277660168379,24,11,24,0
S4,leave_day3_out,dft,7,0.03162277660168379,12,9,12,0
S4,leave_day3_out,dft,8,0.03162277660168379,24,9,24,0
S4,leave_day3_out,dft,9,0.03162277660168379,12,5,12,0
S4,leave_day3_out,dft,10,0.03162277660168379,12,1,12,0
S4,leave_day3_out,dft,11,0.03162277660168379,12,9,12,0
S4,leave_day3_out,dft,13,0.03162277660168379,12,0,2,0
S4,leave_day3_out,dft,14,0.03162277660168379,12,10,12,0
S4,leave_day3_out,dft,15,0.03162277660168379,24,13,24,0
S4,leave_day3_out,dft,2,0.1,24,19,22,0
S4,leave_day3_out,dft,3,0.1,24,23,24,0
S4,leave_day3_out,dft,7,0.1,12,10,12,0
S4,leave_day3_out,dft,8,0.1,24,16,24,0
S4,leave_day3_out,dft,9,0.1,12,5,12,0
S4,leave_day3_out,dft,10,0.1,12,12,12,0
S4,leave_day3_out,dft,11,0.1,12,10,12,0
S4,leave_day3_out,dft,13,0.1,12,0,0,0
S4,leave_day3_out,dft,14,0.1,12,11,12,0
S4,leave_day3_out,dft,15,0.1,24,20,24,0
S4,leave_day3_out,dft,2,0.25,24,0,0,0
S4,leave_day3_out,dft,3,0.25,24,0,0,0
S4,leave_day3_out,dft,7,0.25,12,0,0,0
S4,leave_day3_out,dft,8,0.25,24,0,0,0
S4,leave_day3_out,dft,9,0.25,12,0,0,0
S4,leave_day3_out,dft,10,0.25,12,0,0,0
S4,leave_day3_out,dft,11,0.25,12,0,0,0
S4,leave_day3_out,dft,13,0.25,12,0,0,0
S4,leave_day3_out,dft,14,0.25,12,0,0,0
S4,leave_day3_out,dft,15,0.25,24,0,0,0
S4,leave_day3_out,polynomial,2,1e-06,24,0,24,0
S4,leave_day3_out,polynomial,3,1e-06,24,2,24,0
S4,leave_day3_out,polynomial,7,1e-06,12,0,0,0
S4,leave_day3_out,polynomial,8,1e-06,24,0,24,0
S4,leave_day3_out,polynomial,9,1e-06,12,0,0,0
S4,leave_day3_out,polynomial,10,1e-06,12,0,0,0
S4,leave_day3_out,polynomial,11,1e-06,12,0,1,0
S4,leave_day3_out,polynomial,13,1e-06,12,0,12,0
S4,leave_day3_out,polynomial,14,1e-06,12,0,12,0
S4,leave_day3_out,polynomial,15,1e-06,24,0,24,0
S4,leave_day3_out,polynomial,2,3.162277660168379e-06,24,0,24,0
S4,leave_day3_out,polynomial,3,3.162277660168379e-06,24,8,24,0
S4,leave_day3_out,polynomial,7,3.162277660168379e-06,12,0,0,0
S4,leave_day3_out,polynomial,8,3.162277660168379e-06,24,0,24,0
S4,leave_day3_out,polynomial,9,3.162277660168379e-06,12,0,0,0
S4,leave_day3_out,polynomial,10,3.162277660168379e-06,12,0,0,0
S4,leave_day3_out,polynomial,11,3.162277660168379e-06,12,0,1,0
S4,leave_day3_out,polynomial,13,3.162277660168379e-06,12,0,12,0
S4,leave_day3_out,polynomial,14,3.162277660168379e-06,12,0,12,0
S4,leave_day3_out,polynomial,15,3.162277660168379e-06,24,0,24,0
S4,leave_day3_out,polynomial,2,1e-05,24,0,24,0
S4,leave_day3_out,polynomial,3,1e-05,24,14,24,0
S4,leave_day3_out,polynomial,7,1e-05,12,0,0,0
S4,leave_day3_out,polynomial,8,1e-05,24,0,24,0
S4,leave_day3_out,polynomial,9,1e-05,12,0,0,0
S4,leave_day3_out,polynomial,10,1e-05,12,0,0,0
S4,leave_day3_out,polynomial,11,1e-05,12,0,1,0
S4,leave_day3_out,polynomial,13,1e-05,12,0,12,0
S4,leave_day3_out,polynomial,14,1e-05,12,0,12,0
S4,leave_day3_out,polynomial,15,1e-05,24,0,24,0
S4,leave_day3_out,polynomial,2,3.1622776601683795e-05,24,0,24,0
S4,leave_day3_out,polynomial,3,3.1622776601683795e-05,24,17,24,0
S4,leave_day3_out,polynomial,7,3.1622776601683795e-05,12,0,0,0
S4,leave_day3_out,polynomial,8,3.1622776601683795e-05,24,0,24,0
S4,leave_day3_out,polynomial,9,3.1622776601683795e-05,12,0,0,0
S4,leave_day3_out,polynomial,10,3.1622776601683795e-05,12,0,0,0
S4,leave_day3_out,polynomial,11,3.1622776601683795e-05,12,0,1,0
S4,leave_day3_out,polynomial,13,3.1622776601683795e-05,12,0,12,0
S4,leave_day3_out,polynomial,14,3.1622776601683795e-05,12,0,12,0
S4,leave_day3_out,polynomial,15,3.1622776601683795e-05,24,0,24,0
S4,leave_day3_out,polynomial,2,0.0001,24,0,24,0
S4,leave_day3_out,polynomial,3,0.0001,24,17,24,0
S4,leave_day3_out,polynomial,7,0.0001,12,0,0,0
S4,leave_day3_out,polynomial,8,0.0001,24,0,24,0
S4,leave_day3_out,polynomial,9,0.0001,12,0,0,0
S4,leave_day3_out,polynomial,10,0.0001,12,0,0,0
S4,leave_day3_out,polynomial,11,0.0001,12,0,1,0
S4,leave_day3_out,polynomial,13,0.0001,12,0,12,0
S4,leave_day3_out,polynomial,14,0.0001,12,0,12,0
S4,leave_day3_out,polynomial,15,0.0001,24,0,24,0
S4,leave_day3_out,polynomial,2,0.00031622776601683794,24,0,24,0
S4,leave_day3_out,polynomial,3,0.00031622776601683794,24,21,24,0
S4,leave_day3_out,polynomial,7,0.00031622776601683794,12,0,0,0
S4,leave_day3_out,polynomial,8,0.00031622776601683794,24,1,24,0
S4,leave_day3_out,polynomial,9,0.00031622776601683794,12,0,0,0
S4,leave_day3_out,polynomial,10,0.00031622776601683794,12,0,0,0
S4,leave_day3_out,polynomial,11,0.00031622776601683794,12,0,1,0
S4,leave_day3_out,polynomial,13,0.00031622776601683794,12,1,12,0
S4,leave_day3_out,polynomial,14,0.00031622776601683794,12,0,12,0
S4,leave_day3_out,polynomial,15,0.00031622776601683794,24,0,24,0
S4,leave_day3_out,polynomial,2,0.001,24,0,24,0
S4,leave_day3_out,polynomial,3,0.001,24,24,24,0
S4,leave_day3_out,polynomial,7,0.001,12,0,0,0
S4,leave_day3_out,polynomial,8,0.001,24,3,24,0
S4,leave_day3_out,polynomial,9,0.001,12,0,0,0
S4,leave_day3_out,polynomial,10,0.001,12,0,0,0
S4,leave_day3_out,polynomial,11,0.001,12,0,1,0
S4,leave_day3_out,polynomial,13,0.001,12,9,12,0
S4,leave_day3_out,polynomial,14,0.001,12,0,12,0
S4,leave_day3_out,polynomial,15,0.001,24,0,24,0
S4,leave_day3_out,polynomial,2,0.0031622776601683794,24,0,24,0
S4,leave_day3_out,polynomial,3,0.0031622776601683794,24,24,24,0
S4,leave_day3_out,polynomial,7,0.0031622776601683794,12,0,0,0
S4,leave_day3_out,polynomial,8,0.0031622776601683794,24,17,24,0
S4,leave_day3_out,polynomial,9,0.0031622776601683794,12,0,0,0
S4,leave_day3_out,polynomial,10,0.0031622776601683794,12,0,0,0
S4,leave_day3_out,polynomial,11,0.0031622776601683794,12,0,1,0
S4,leave_day3_out,polynomial,13,0.0031622776601683794,12,12,12,0
S4,leave_day3_out,polynomial,14,0.0031622776601683794,12,0,12,0
S4,leave_day3_out,polynomial,15,0.0031622776601683794,24,0,24,0
S4,leave_day3_out,polynomial,2,0.01,24,23,24,0
S4,leave_day3_out,polynomial,3,0.01,24,24,24,0
S4,leave_day3_out,polynomial,7,0.01,12,0,0,0
S4,leave_day3_out,polynomial,8,0.01,24,23,24,0
S4,leave_day3_out,polynomial,9,0.01,12,0,0,0
S4,leave_day3_out,polynomial,10,0.01,12,0,0,0
S4,leave_day3_out,polynomial,11,0.01,12,0,0,0
S4,leave_day3_out,polynomial,13,0.01,12,12,12,0
S4,leave_day3_out,polynomial,14,0.01,12,0,12,0
S4,leave_day3_out,polynomial,15,0.01,24,0,24,0
S4,leave_day3_out,polynomial,2,0.03162277660168379,24,24,24,0
S4,leave_day3_out,polynomial,3,0.03162277660168379,24,24,24,0
S4,leave_day3_out,polynomial,7,0.03162277660168379,12,0,0,0
S4,leave_day3_out,polynomial,8,0.03162277660168379,24,23,24,0
S4,leave_day3_out,polynomial,9,0.03162277660168379,12,0,0,0
S4,leave_day3_out,polynomial,10,0.03162277660168379,12,0,0,0
S4,leave_day3_out,polynomial,11,0.03162277660168379,12,0,0,0
S4,leave_day3_out,polynomial,13,0.03162277660168379,12,12,12,0
S4,leave_day3_out,polynomial,14,0.03162277660168379,12,0,12,0
S4,leave_day3_out,polynomial,15,0.03162277660168379,24,10,24,0
S4,leave_day3_out,polynomial,2,0.1,24,24,24,0
S4,leave_day3_out,polynomial,3,0.1,24,24,24,0
S4,leave_day3_out,polynomial,7,0.1,12,0,0,0
S4,leave_day3_out,polynomial,8,0.1,24,24,24,0
S4,leave_day3_out,polynomial,9,0.1,12,0,0,0
S4,leave_day3_out,polynomial,10,0.1,12,0,0,0
S4,leave_day3_out,polynomial,11,0.1,12,0,0,0
S4,leave_day3_out,polynomial,13,0.1,12,12,12,0
S4,leave_day3_out,polynomial,14,0.1,12,12,12,0
S4,leave_day3_out,polynomial,15,0.1,24,24,24,0
S4,leave_day3_out,polynomial,2,0.25,24,0,0,0
S4,leave_day3_out,polynomial,3,0.25,24,0,0,0
S4,leave_day3_out,polynomial,7,0.25,12,0,0,0
S4,leave_day3_out,polynomial,8,0.25,24,0,0,0
S4,leave_day3_out,polynomial,9,0.25,12,0,0,0
S4,leave_day3_out,polynomial,10,0.25,12,0,0,0
S4,leave_day3_out,polynomial,11,0.25,12,0,0,0
S4,leave_day3_out,polynomial,13,0.25,12,0,0,0
S4,leave_day3_out,polynomial,14,0.25,12,0,0,0
S4,leave_day3_out,polynomial,15,0.25,24,0,0,0
S4,leave_day3_out,random_orthogonal,2,1e-06,24,0,0,0
S4,leave_day3_out,random_orthogonal,3,1e-06,24,0,24,0
S4,leave_day3_out,random_orthogonal,7,1e-06,12,0,12,0
S4,leave_day3_out,random_orthogonal,8,1e-06,24,0,1,0
S4,leave_day3_out,random_orthogonal,9,1e-06,12,0,12,0
S4,leave_day3_out,random_orthogonal,10,1e-06,12,0,7,0
S4,leave_day3_out,random_orthogonal,11,1e-06,12,0,12,0
S4,leave_day3_out,random_orthogonal,13,1e-06,12,0,7,0
S4,leave_day3_out,random_orthogonal,14,1e-06,12,0,0,0
S4,leave_day3_out,random_orthogonal,15,1e-06,24,0,4,0
S4,leave_day3_out,random_orthogonal,2,3.162277660168379e-06,24,0,0,0
S4,leave_day3_out,random_orthogonal,3,3.162277660168379e-06,24,0,24,0
S4,leave_day3_out,random_orthogonal,7,3.162277660168379e-06,12,0,12,0
S4,leave_day3_out,random_orthogonal,8,3.162277660168379e-06,24,0,1,0
S4,leave_day3_out,random_orthogonal,9,3.162277660168379e-06,12,0,12,0
S4,leave_day3_out,random_orthogonal,10,3.162277660168379e-06,12,0,7,0
S4,leave_day3_out,random_orthogonal,11,3.162277660168379e-06,12,0,12,0
S4,leave_day3_out,random_orthogonal,13,3.162277660168379e-06,12,0,7,0
S4,leave_day3_out,random_orthogonal,14,3.162277660168379e-06,12,0,0,0
S4,leave_day3_out,random_orthogonal,15,3.162277660168379e-06,24,0,4,0
S4,leave_day3_out,random_orthogonal,2,1e-05,24,0,0,0
S4,leave_day3_out,random_orthogonal,3,1e-05,24,0,24,0
S4,leave_day3_out,random_orthogonal,7,1e-05,12,0,12,0
S4,leave_day3_out,random_orthogonal,8,1e-05,24,0,1,0
S4,leave_day3_out,random_orthogonal,9,1e-05,12,0,12,0
S4,leave_day3_out,random_orthogonal,10,1e-05,12,0,7,0
S4,leave_day3_out,random_orthogonal,11,1e-05,12,0,12,0
S4,leave_day3_out,random_orthogonal,13,1e-05,12,0,7,0
S4,leave_day3_out,random_orthogonal,14,1e-05,12,0,0,0
S4,leave_day3_out,random_orthogonal,15,1e-05,24,0,4,0
S4,leave_day3_out,random_orthogonal,2,3.1622776601683795e-05,24,0,0,0
S4,leave_day3_out,random_orthogonal,3,3.1622776601683795e-05,24,0,24,0
S4,leave_day3_out,random_orthogonal,7,3.1622776601683795e-05,12,0,12,0
S4,leave_day3_out,random_orthogonal,8,3.1622776601683795e-05,24,0,1,0
S4,leave_day3_out,random_orthogonal,9,3.1622776601683795e-05,12,0,12,0
S4,leave_day3_out,random_orthogonal,10,3.1622776601683795e-05,12,0,7,0
S4,leave_day3_out,random_orthogonal,11,3.1622776601683795e-05,12,0,12,0
S4,leave_day3_out,random_orthogonal,13,3.1622776601683795e-05,12,0,7,0
S4,leave_day3_out,random_orthogonal,14,3.1622776601683795e-05,12,0,0,0
S4,leave_day3_out,random_orthogonal,15,3.1622776601683795e-05,24,0,4,0
S4,leave_day3_out,random_orthogonal,2,0.0001,24,0,0,0
S4,leave_day3_out,random_orthogonal,3,0.0001,24,0,24,0
S4,leave_day3_out,random_orthogonal,7,0.0001,12,0,12,0
S4,leave_day3_out,random_orthogonal,8,0.0001,24,0,1,0
S4,leave_day3_out,random_orthogonal,9,0.0001,12,0,12,0
S4,leave_day3_out,random_orthogonal,10,0.0001,12,0,7,0
S4,leave_day3_out,random_orthogonal,11,0.0001,12,0,12,0
S4,leave_day3_out,random_orthogonal,13,0.0001,12,0,7,0
S4,leave_day3_out,random_orthogonal,14,0.0001,12,0,0,0
S4,leave_day3_out,random_orthogonal,15,0.0001,24,0,4,0
S4,leave_day3_out,random_orthogonal,2,0.00031622776601683794,24,0,0,0
S4,leave_day3_out,random_orthogonal,3,0.00031622776601683794,24,0,24,0
S4,leave_day3_out,random_orthogonal,7,0.00031622776601683794,12,0,12,0
S4,leave_day3_out,random_orthogonal,8,0.00031622776601683794,24,0,1,0
S4,leave_day3_out,random_orthogonal,9,0.00031622776601683794,12,0,12,0
S4,leave_day3_out,random_orthogonal,10,0.00031622776601683794,12,0,7,0
S4,leave_day3_out,random_orthogonal,11,0.00031622776601683794,12,0,12,0
S4,leave_day3_out,random_orthogonal,13,0.00031622776601683794,12,0,7,0
S4,leave_day3_out,random_orthogonal,14,0.00031622776601683794,12,0,0,0
S4,leave_day3_out,random_orthogonal,15,0.00031622776601683794,24,0,4,0
S4,leave_day3_out,random_orthogonal,2,0.001,24,0,0,0
S4,leave_day3_out,random_orthogonal,3,0.001,24,1,24,0
S4,leave_day3_out,random_orthogonal,7,0.001,12,0,12,0
S4,leave_day3_out,random_orthogonal,8,0.001,24,0,0,0
S4,leave_day3_out,random_orthogonal,9,0.001,12,0,12,0
S4,leave_day3_out,random_orthogonal,10,0.001,12,0,7,0
S4,leave_day3_out,random_orthogonal,11,0.001,12,0,12,0
S4,leave_day3_out,random_orthogonal,13,0.001,12,0,7,0
S4,leave_day3_out,random_orthogonal,14,0.001,12,0,0,0
S4,leave_day3_out,random_orthogonal,15,0.001,24,0,4,0
S4,leave_day3_out,random_orthogonal,2,0.0031622776601683794,24,0,0,0
S4,leave_day3_out,random_orthogonal,3,0.0031622776601683794,24,1,24,0
S4,leave_day3_out,random_orthogonal,7,0.0031622776601683794,12,0,12,0
S4,leave_day3_out,random_orthogonal,8,0.0031622776601683794,24,0,0,0
S4,leave_day3_out,random_orthogonal,9,0.0031622776601683794,12,0,12,0
S4,leave_day3_out,random_orthogonal,10,0.0031622776601683794,12,0,7,0
S4,leave_day3_out,random_orthogonal,11,0.0031622776601683794,12,0,12,0
S4,leave_day3_out,random_orthogonal,13,0.0031622776601683794,12,0,7,0
S4,leave_day3_out,random_orthogonal,14,0.0031622776601683794,12,0,0,0
S4,leave_day3_out,random_orthogonal,15,0.0031622776601683794,24,0,4,0
S4,leave_day3_out,random_orthogonal,2,0.01,24,0,0,0
S4,leave_day3_out,random_orthogonal,3,0.01,24,17,24,0
S4,leave_day3_out,random_orthogonal,7,0.01,12,0,12,0
S4,leave_day3_out,random_orthogonal,8,0.01,24,0,0,0
S4,leave_day3_out,random_orthogonal,9,0.01,12,0,12,0
S4,leave_day3_out,random_orthogonal,10,0.01,12,0,6,0
S4,leave_day3_out,random_orthogonal,11,0.01,12,0,12,0
S4,leave_day3_out,random_orthogonal,13,0.01,12,0,7,0
S4,leave_day3_out,random_orthogonal,14,0.01,12,0,0,0
S4,leave_day3_out,random_orthogonal,15,0.01,24,0,4,0
S4,leave_day3_out,random_orthogonal,2,0.03162277660168379,24,0,0,0
S4,leave_day3_out,random_orthogonal,3,0.03162277660168379,24,20,24,0
S4,leave_day3_out,random_orthogonal,7,0.03162277660168379,12,0,12,0
S4,leave_day3_out,random_orthogonal,8,0.03162277660168379,24,0,0,0
S4,leave_day3_out,random_orthogonal,9,0.03162277660168379,12,0,12,0
S4,leave_day3_out,random_orthogonal,10,0.03162277660168379,12,0,6,0
S4,leave_day3_out,random_orthogonal,11,0.03162277660168379,12,0,12,0
S4,leave_day3_out,random_orthogonal,13,0.03162277660168379,12,0,3,0
S4,leave_day3_out,random_orthogonal,14,0.03162277660168379,12,0,0,0
S4,leave_day3_out,random_orthogonal,15,0.03162277660168379,24,0,3,0
S4,leave_day3_out,random_orthogonal,2,0.1,24,0,0,0
S4,leave_day3_out,random_orthogonal,3,0.1,24,24,24,0
S4,leave_day3_out,random_orthogonal,7,0.1,12,0,7,0
S4,leave_day3_out,random_orthogonal,8,0.1,24,0,0,0
S4,leave_day3_out,random_orthogonal,9,0.1,12,0,8,0
S4,leave_day3_out,random_orthogonal,10,0.1,12,0,3,0
S4,leave_day3_out,random_orthogonal,11,0.1,12,0,12,0
S4,leave_day3_out,random_orthogonal,13,0.1,12,0,0,0
S4,leave_day3_out,random_orthogonal,14,0.1,12,0,0,0
S4,leave_day3_out,random_orthogonal,15,0.1,24,0,0,0
S4,leave_day3_out,random_orthogonal,2,0.25,24,0,0,0
S4,leave_day3_out,random_orthogonal,3,0.25,24,0,0,0
S4,leave_day3_out,random_orthogonal,7,0.25,12,0,0,0
S4,leave_day3_out,random_orthogonal,8,0.25,24,0,0,0
S4,leave_day3_out,random_orthogonal,9,0.25,12,0,0,0
S4,leave_day3_out,random_orthogonal,10,0.25,12,0,0,0
S4,leave_day3_out,random_orthogonal,11,0.25,12,0,0,0
S4,leave_day3_out,random_orthogonal,13,0.25,12,0,0,0
S4,leave_day3_out,random_orthogonal,14,0.25,12,0,0,0
S4,leave_day3_out,random_orthogonal,15,0.25,24,0,0,0
S4,leave_day3_out,permuted_polynomial,2,1e-06,24,0,5,0
S4,leave_day3_out,permuted_polynomial,3,1e-06,24,0,24,0
S4,leave_day3_out,permuted_polynomial,7,1e-06,12,0,12,0
S4,leave_day3_out,permuted_polynomial,8,1e-06,24,0,5,0
S4,leave_day3_out,permuted_polynomial,9,1e-06,12,0,12,0
S4,leave_day3_out,permuted_polynomial,10,1e-06,12,0,12,0
S4,leave_day3_out,permuted_polynomial,11,1e-06,12,0,12,0
S4,leave_day3_out,permuted_polynomial,13,1e-06,12,0,0,0
S4,leave_day3_out,permuted_polynomial,14,1e-06,12,0,2,0
S4,leave_day3_out,permuted_polynomial,15,1e-06,24,0,8,0
S4,leave_day3_out,permuted_polynomial,2,3.162277660168379e-06,24,0,5,0
S4,leave_day3_out,permuted_polynomial,3,3.162277660168379e-06,24,0,24,0
S4,leave_day3_out,permuted_polynomial,7,3.162277660168379e-06,12,0,12,0
S4,leave_day3_out,permuted_polynomial,8,3.162277660168379e-06,24,0,5,0
S4,leave_day3_out,permuted_polynomial,9,3.162277660168379e-06,12,0,12,0
S4,leave_day3_out,permuted_polynomial,10,3.162277660168379e-06,12,0,12,0
S4,leave_day3_out,permuted_polynomial,11,3.162277660168379e-06,12,0,12,0
S4,leave_day3_out,permuted_polynomial,13,3.162277660168379e-06,12,0,0,0
S4,leave_day3_out,permuted_polynomial,14,3.162277660168379e-06,12,0,2,0
S4,leave_day3_out,permuted_polynomial,15,3.162277660168379e-06,24,0,8,0
S4,leave_day3_out,permuted_polynomial,2,1e-05,24,0,5,0
S4,leave_day3_out,permuted_polynomial,3,1e-05,24,0,24,0
S4,leave_day3_out,permuted_polynomial,7,1e-05,12,0,12,0
S4,leave_day3_out,permuted_polynomial,8,1e-05,24,0,5,0
S4,leave_day3_out,permuted_polynomial,9,1e-05,12,0,12,0
S4,leave_day3_out,permuted_polynomial,10,1e-05,12,0,12,0
S4,leave_day3_out,permuted_polynomial,11,1e-05,12,0,12,0
S4,leave_day3_out,permuted_polynomial,13,1e-05,12,0,0,0
S4,leave_day3_out,permuted_polynomial,14,1e-05,12,0,2,0
S4,leave_day3_out,permuted_polynomial,15,1e-05,24,0,8,0
S4,leave_day3_out,permuted_polynomial,2,3.1622776601683795e-05,24,0,5,0
S4,leave_day3_out,permuted_polynomial,3,3.1622776601683795e-05,24,0,24,0
S4,leave_day3_out,permuted_polynomial,7,3.1622776601683795e-05,12,0,12,0
S4,leave_day3_out,permuted_polynomial,8,3.1622776601683795e-05,24,0,5,0
S4,leave_day3_out,permuted_polynomial,9,3.1622776601683795e-05,12,0,12,0
S4,leave_day3_out,permuted_polynomial,10,3.1622776601683795e-05,12,0,12,0
S4,leave_day3_out,permuted_polynomial,11,3.1622776601683795e-05,12,0,12,0
S4,leave_day3_out,permuted_polynomial,13,3.1622776601683795e-05,12,0,0,0
S4,leave_day3_out,permuted_polynomial,14,3.1622776601683795e-05,12,0,2,0
S4,leave_day3_out,permuted_polynomial,15,3.1622776601683795e-05,24,0,8,0
S4,leave_day3_out,permuted_polynomial,2,0.0001,24,0,5,0
S4,leave_day3_out,permuted_polynomial,3,0.0001,24,0,24,0
S4,leave_day3_out,permuted_polynomial,7,0.0001,12,0,12,0
S4,leave_day3_out,permuted_polynomial,8,0.0001,24,0,5,0
S4,leave_day3_out,permuted_polynomial,9,0.0001,12,0,12,0
S4,leave_day3_out,permuted_polynomial,10,0.0001,12,0,12,0
S4,leave_day3_out,permuted_polynomial,11,0.0001,12,0,12,0
S4,leave_day3_out,permuted_polynomial,13,0.0001,12,0,0,0
S4,leave_day3_out,permuted_polynomial,14,0.0001,12,0,2,0
S4,leave_day3_out,permuted_polynomial,15,0.0001,24,0,8,0
S4,leave_day3_out,permuted_polynomial,2,0.00031622776601683794,24,0,5,0
S4,leave_day3_out,permuted_polynomial,3,0.00031622776601683794,24,2,24,0
S4,leave_day3_out,permuted_polynomial,7,0.00031622776601683794,12,0,12,0
S4,leave_day3_out,permuted_polynomial,8,0.00031622776601683794,24,0,5,0
S4,leave_day3_out,permuted_polynomial,9,0.00031622776601683794,12,0,12,0
S4,leave_day3_out,permuted_polynomial,10,0.00031622776601683794,12,0,12,0
S4,leave_day3_out,permuted_polynomial,11,0.00031622776601683794,12,0,12,0
S4,leave_day3_out,permuted_polynomial,13,0.00031622776601683794,12,0,0,0
S4,leave_day3_out,permuted_polynomial,14,0.00031622776601683794,12,0,2,0
S4,leave_day3_out,permuted_polynomial,15,0.00031622776601683794,24,0,8,0
S4,leave_day3_out,permuted_polynomial,2,0.001,24,0,5,0
S4,leave_day3_out,permuted_polynomial,3,0.001,24,2,24,0
S4,leave_day3_out,permuted_polynomial,7,0.001,12,0,12,0
S4,leave_day3_out,permuted_polynomial,8,0.001,24,0,5,0
S4,leave_day3_out,permuted_polynomial,9,0.001,12,0,12,0
S4,leave_day3_out,permuted_polynomial,10,0.001,12,0,12,0
S4,leave_day3_out,permuted_polynomial,11,0.001,12,0,12,0
S4,leave_day3_out,permuted_polynomial,13,0.001,12,0,0,0
S4,leave_day3_out,permuted_polynomial,14,0.001,12,0,2,0
S4,leave_day3_out,permuted_polynomial,15,0.001,24,0,8,0
S4,leave_day3_out,permuted_polynomial,2,0.0031622776601683794,24,0,5,0
S4,leave_day3_out,permuted_polynomial,3,0.0031622776601683794,24,3,23,0
S4,leave_day3_out,permuted_polynomial,7,0.0031622776601683794,12,0,12,0
S4,leave_day3_out,permuted_polynomial,8,0.0031622776601683794,24,0,5,0
S4,leave_day3_out,permuted_polynomial,9,0.0031622776601683794,12,0,12,0
S4,leave_day3_out,permuted_polynomial,10,0.0031622776601683794,12,0,12,0
S4,leave_day3_out,permuted_polynomial,11,0.0031622776601683794,12,0,12,0
S4,leave_day3_out,permuted_polynomial,13,0.0031622776601683794,12,0,0,0
S4,leave_day3_out,permuted_polynomial,14,0.0031622776601683794,12,0,2,0
S4,leave_day3_out,permuted_polynomial,15,0.0031622776601683794,24,0,8,0
S4,leave_day3_out,permuted_polynomial,2,0.01,24,0,5,0
S4,leave_day3_out,permuted_polynomial,3,0.01,24,5,23,0
S4,leave_day3_out,permuted_polynomial,7,0.01,12,0,12,0
S4,leave_day3_out,permuted_polynomial,8,0.01,24,0,5,0
S4,leave_day3_out,permuted_polynomial,9,0.01,12,0,12,0
S4,leave_day3_out,permuted_polynomial,10,0.01,12,0,12,0
S4,leave_day3_out,permuted_polynomial,11,0.01,12,0,12,0
S4,leave_day3_out,permuted_polynomial,13,0.01,12,0,0,0
S4,leave_day3_out,permuted_polynomial,14,0.01,12,0,2,0
S4,leave_day3_out,permuted_polynomial,15,0.01,24,0,8,0
S4,leave_day3_out,permuted_polynomial,2,0.03162277660168379,24,0,5,0
S4,leave_day3_out,permuted_polynomial,3,0.03162277660168379,24,7,22,0
S4,leave_day3_out,permuted_polynomial,7,0.03162277660168379,12,0,12,0
S4,leave_day3_out,permuted_polynomial,8,0.03162277660168379,24,0,4,0
S4,leave_day3_out,permuted_polynomial,9,0.03162277660168379,12,0,12,0
S4,leave_day3_out,permuted_polynomial,10,0.03162277660168379,12,0,12,0
S4,leave_day3_out,permuted_polynomial,11,0.03162277660168379,12,1,12,0
S4,leave_day3_out,permuted_polynomial,13,0.03162277660168379,12,0,0,0
S4,leave_day3_out,permuted_polynomial,14,0.03162277660168379,12,0,2,0
S4,leave_day3_out,permuted_polynomial,15,0.03162277660168379,24,0,7,0
S4,leave_day3_out,permuted_polynomial,2,0.1,24,0,5,0
S4,leave_day3_out,permuted_polynomial,3,0.1,24,12,22,0
S4,leave_day3_out,permuted_polynomial,7,0.1,12,2,12,0
S4,leave_day3_out,permuted_polynomial,8,0.1,24,0,2,0
S4,leave_day3_out,permuted_polynomial,9,0.1,12,0,12,0
S4,leave_day3_out,permuted_polynomial,10,0.1,12,2,12,0
S4,leave_day3_out,permuted_polynomial,11,0.1,12,5,12,0
S4,leave_day3_out,permuted_polynomial,13,0.1,12,0,0,0
S4,leave_day3_out,permuted_polynomial,14,0.1,12,1,1,0
S4,leave_day3_out,permuted_polynomial,15,0.1,24,1,4,0
S4,leave_day3_out,permuted_polynomial,2,0.25,24,0,0,0
S4,leave_day3_out,permuted_polynomial,3,0.25,24,0,0,0
S4,leave_day3_out,permuted_polynomial,7,0.25,12,0,0,0
S4,leave_day3_out,permuted_polynomial,8,0.25,24,0,0,0
S4,leave_day3_out,permuted_polynomial,9,0.25,12,0,0,0
S4,leave_day3_out,permuted_polynomial,10,0.25,12,0,0,0
S4,leave_day3_out,permuted_polynomial,11,0.25,12,0,0,0
S4,leave_day3_out,permuted_polynomial,13,0.25,12,0,0,0
S4,leave_day3_out,permuted_polynomial,14,0.25,12,0,0,0
S4,leave_day3_out,permuted_polynomial,15,0.25,24,0,0,0
S4,leave_day5_out,coordinate,2,1e-06,12,0,12,0
S4,leave_day5_out,coordinate,3,1e-06,12,0,12,0
S4,leave_day5_out,coordinate,7,1e-06,12,0,12,0
S4,leave_day5_out,coordinate,8,1e-06,12,0,12,0
S4,leave_day5_out,coordinate,9,1e-06,12,0,12,0
S4,leave_day5_out,coordinate,10,1e-06,24,0,24,0
S4,leave_day5_out,coordinate,11,1e-06,24,0,24,0
S4,leave_day5_out,coordinate,13,1e-06,12,0,12,0
S4,leave_day5_out,coordinate,14,1e-06,12,0,12,0
S4,leave_day5_out,coordinate,15,1e-06,12,0,12,0
S4,leave_day5_out,coordinate,2,3.162277660168379e-06,12,0,12,0
S4,leave_day5_out,coordinate,3,3.162277660168379e-06,12,0,12,0
S4,leave_day5_out,coordinate,7,3.162277660168379e-06,12,0,12,0
S4,leave_day5_out,coordinate,8,3.162277660168379e-06,12,0,12,0
S4,leave_day5_out,coordinate,9,3.162277660168379e-06,12,0,12,0
S4,leave_day5_out,coordinate,10,3.162277660168379e-06,24,0,24,0
S4,leave_day5_out,coordinate,11,3.162277660168379e-06,24,0,24,0
S4,leave_day5_out,coordinate,13,3.162277660168379e-06,12,0,12,0
S4,leave_day5_out,coordinate,14,3.162277660168379e-06,12,0,12,0
S4,leave_day5_out,coordinate,15,3.162277660168379e-06,12,0,12,0
S4,leave_day5_out,coordinate,2,1e-05,12,0,12,0
S4,leave_day5_out,coordinate,3,1e-05,12,0,12,0
S4,leave_day5_out,coordinate,7,1e-05,12,0,12,0
S4,leave_day5_out,coordinate,8,1e-05,12,0,12,0
S4,leave_day5_out,coordinate,9,1e-05,12,0,12,0
S4,leave_day5_out,coordinate,10,1e-05,24,0,24,0
S4,leave_day5_out,coordinate,11,1e-05,24,0,24,0
S4,leave_day5_out,coordinate,13,1e-05,12,0,12,0
S4,leave_day5_out,coordinate,14,1e-05,12,0,12,0
S4,leave_day5_out,coordinate,15,1e-05,12,0,12,0
S4,leave_day5_out,coordinate,2,3.1622776601683795e-05,12,0,12,0
S4,leave_day5_out,coordinate,3,3.1622776601683795e-05,12,0,12,0
S4,leave_day5_out,coordinate,7,3.1622776601683795e-05,12,0,12,0
S4,leave_day5_out,coordinate,8,3.1622776601683795e-05,12,0,12,0
S4,leave_day5_out,coordinate,9,3.1622776601683795e-05,12,0,12,0
S4,leave_day5_out,coordinate,10,3.1622776601683795e-05,24,0,24,0
S4,leave_day5_out,coordinate,11,3.1622776601683795e-05,24,0,24,0
S4,leave_day5_out,coordinate,13,3.1622776601683795e-05,12,0,12,0
S4,leave_day5_out,coordinate,14,3.1622776601683795e-05,12,0,12,0
S4,leave_day5_out,coordinate,15,3.1622776601683795e-05,12,0,12,0
S4,leave_day5_out,coordinate,2,0.0001,12,0,12,0
S4,leave_day5_out,coordinate,3,0.0001,12,0,12,0
S4,leave_day5_out,coordinate,7,0.0001,12,0,12,0
S4,leave_day5_out,coordinate,8,0.0001,12,0,12,0
S4,leave_day5_out,coordinate,9,0.0001,12,0,12,0
S4,leave_day5_out,coordinate,10,0.0001,24,0,24,0
S4,leave_day5_out,coordinate,11,0.0001,24,0,24,0
S4,leave_day5_out,coordinate,13,0.0001,12,0,12,0
S4,leave_day5_out,coordinate,14,0.0001,12,0,12,0
S4,leave_day5_out,coordinate,15,0.0001,12,0,12,0
S4,leave_day5_out,coordinate,2,0.00031622776601683794,12,0,12,0
S4,leave_day5_out,coordinate,3,0.00031622776601683794,12,0,12,0
S4,leave_day5_out,coordinate,7,0.00031622776601683794,12,0,12,0
S4,leave_day5_out,coordinate,8,0.00031622776601683794,12,0,12,0
S4,leave_day5_out,coordinate,9,0.00031622776601683794,12,0,12,0
S4,leave_day5_out,coordinate,10,0.00031622776601683794,24,0,24,0
S4,leave_day5_out,coordinate,11,0.00031622776601683794,24,0,24,0
S4,leave_day5_out,coordinate,13,0.00031622776601683794,12,0,12,0
S4,leave_day5_out,coordinate,14,0.00031622776601683794,12,0,12,0
S4,leave_day5_out,coordinate,15,0.00031622776601683794,12,0,12,0
S4,leave_day5_out,coordinate,2,0.001,12,0,12,0
S4,leave_day5_out,coordinate,3,0.001,12,0,12,0
S4,leave_day5_out,coordinate,7,0.001,12,0,12,0
S4,leave_day5_out,coordinate,8,0.001,12,0,12,0
S4,leave_day5_out,coordinate,9,0.001,12,0,12,0
S4,leave_day5_out,coordinate,10,0.001,24,0,24,0
S4,leave_day5_out,coordinate,11,0.001,24,0,24,0
S4,leave_day5_out,coordinate,13,0.001,12,0,12,0
S4,leave_day5_out,coordinate,14,0.001,12,0,12,0
S4,leave_day5_out,coordinate,15,0.001,12,0,12,0
S4,leave_day5_out,coordinate,2,0.0031622776601683794,12,0,12,0
S4,leave_day5_out,coordinate,3,0.0031622776601683794,12,0,12,0
S4,leave_day5_out,coordinate,7,0.0031622776601683794,12,0,12,0
S4,leave_day5_out,coordinate,8,0.0031622776601683794,12,0,12,0
S4,leave_day5_out,coordinate,9,0.0031622776601683794,12,0,12,0
S4,leave_day5_out,coordinate,10,0.0031622776601683794,24,0,24,0
S4,leave_day5_out,coordinate,11,0.0031622776601683794,24,0,24,0
S4,leave_day5_out,coordinate,13,0.0031622776601683794,12,0,12,0
S4,leave_day5_out,coordinate,14,0.0031622776601683794,12,0,12,0
S4,leave_day5_out,coordinate,15,0.0031622776601683794,12,0,12,0
S4,leave_day5_out,coordinate,2,0.01,12,0,12,0
S4,leave_day5_out,coordinate,3,0.01,12,0,12,0
S4,leave_day5_out,coordinate,7,0.01,12,0,12,0
S4,leave_day5_out,coordinate,8,0.01,12,0,12,0
S4,leave_day5_out,coordinate,9,0.01,12,0,12,0
S4,leave_day5_out,coordinate,10,0.01,24,0,24,0
S4,leave_day5_out,coordinate,11,0.01,24,0,24,0
S4,leave_day5_out,coordinate,13,0.01,12,0,12,0
S4,leave_day5_out,coordinate,14,0.01,12,0,12,0
S4,leave_day5_out,coordinate,15,0.01,12,0,12,0
S4,leave_day5_out,coordinate,2,0.03162277660168379,12,0,12,0
S4,leave_day5_out,coordinate,3,0.03162277660168379,12,0,12,0
S4,leave_day5_out,coordinate,7,0.03162277660168379,12,0,12,0
S4,leave_day5_out,coordinate,8,0.03162277660168379,12,0,12,0
S4,leave_day5_out,coordinate,9,0.03162277660168379,12,0,12,0
S4,leave_day5_out,coordinate,10,0.03162277660168379,24,0,24,0
S4,leave_day5_out,coordinate,11,0.03162277660168379,24,0,24,0
S4,leave_day5_out,coordinate,13,0.03162277660168379,12,0,12,0
S4,leave_day5_out,coordinate,14,0.03162277660168379,12,0,12,0
S4,leave_day5_out,coordinate,15,0.03162277660168379,12,0,12,0
S4,leave_day5_out,coordinate,2,0.1,12,0,0,0
S4,leave_day5_out,coordinate,3,0.1,12,0,0,0
S4,leave_day5_out,coordinate,7,0.1,12,0,0,0
S4,leave_day5_out,coordinate,8,0.1,12,0,0,0
S4,leave_day5_out,coordinate,9,0.1,12,0,0,0
S4,leave_day5_out,coordinate,10,0.1,24,0,0,0
S4,leave_day5_out,coordinate,11,0.1,24,0,0,0
S4,leave_day5_out,coordinate,13,0.1,12,0,0,0
S4,leave_day5_out,coordinate,14,0.1,12,0,0,0
S4,leave_day5_out,coordinate,15,0.1,12,0,0,0
S4,leave_day5_out,coordinate,2,0.25,12,0,0,0
S4,leave_day5_out,coordinate,3,0.25,12,0,0,0
S4,leave_day5_out,coordinate,7,0.25,12,0,0,0
S4,leave_day5_out,coordinate,8,0.25,12,0,0,0
S4,leave_day5_out,coordinate,9,0.25,12,0,0,0
S4,leave_day5_out,coordinate,10,0.25,24,0,0,0
S4,leave_day5_out,coordinate,11,0.25,24,0,0,0
S4,leave_day5_out,coordinate,13,0.25,12,0,0,0
S4,leave_day5_out,coordinate,14,0.25,12,0,0,0
S4,leave_day5_out,coordinate,15,0.25,12,0,0,0
S4,leave_day5_out,dct,2,1e-06,12,0,12,0
S4,leave_day5_out,dct,3,1e-06,12,0,12,0
S4,leave_day5_out,dct,7,1e-06,12,0,12,0
S4,leave_day5_out,dct,8,1e-06,12,0,12,0
S4,leave_day5_out,dct,9,1e-06,12,0,12,0
S4,leave_day5_out,dct,10,1e-06,24,0,0,0
S4,leave_day5_out,dct,11,1e-06,24,0,12,0
S4,leave_day5_out,dct,13,1e-06,12,0,12,0
S4,leave_day5_out,dct,14,1e-06,12,0,12,0
S4,leave_day5_out,dct,15,1e-06,12,0,12,0
S4,leave_day5_out,dct,2,3.162277660168379e-06,12,0,12,0
S4,leave_day5_out,dct,3,3.162277660168379e-06,12,0,12,0
S4,leave_day5_out,dct,7,3.162277660168379e-06,12,0,12,0
S4,leave_day5_out,dct,8,3.162277660168379e-06,12,0,12,0
S4,leave_day5_out,dct,9,3.162277660168379e-06,12,0,12,0
S4,leave_day5_out,dct,10,3.162277660168379e-06,24,0,0,0
S4,leave_day5_out,dct,11,3.162277660168379e-06,24,0,12,0
S4,leave_day5_out,dct,13,3.162277660168379e-06,12,0,12,0
S4,leave_day5_out,dct,14,3.162277660168379e-06,12,0,12,0
S4,leave_day5_out,dct,15,3.162277660168379e-06,12,0,12,0
S4,leave_day5_out,dct,2,1e-05,12,0,12,0
S4,leave_day5_out,dct,3,1e-05,12,0,12,0
S4,leave_day5_out,dct,7,1e-05,12,0,12,0
S4,leave_day5_out,dct,8,1e-05,12,0,12,0
S4,leave_day5_out,dct,9,1e-05,12,0,12,0
S4,leave_day5_out,dct,10,1e-05,24,0,0,0
S4,leave_day5_out,dct,11,1e-05,24,0,12,0
S4,leave_day5_out,dct,13,1e-05,12,0,12,0
S4,leave_day5_out,dct,14,1e-05,12,0,12,0
S4,leave_day5_out,dct,15,1e-05,12,0,12,0
S4,leave_day5_out,dct,2,3.1622776601683795e-05,12,0,12,0
S4,leave_day5_out,dct,3,3.1622776601683795e-05,12,0,12,0
S4,leave_day5_out,dct,7,3.1622776601683795e-05,12,0,12,0
S4,leave_day5_out,dct,8,3.1622776601683795e-05,12,0,12,0
S4,leave_day5_out,dct,9,3.1622776601683795e-05,12,0,12,0
S4,leave_day5_out,dct,10,3.1622776601683795e-05,24,0,0,0
S4,leave_day5_out,dct,11,3.1622776601683795e-05,24,0,12,0
S4,leave_day5_out,dct,13,3.1622776601683795e-05,12,0,12,0
S4,leave_day5_out,dct,14,3.1622776601683795e-05,12,0,12,0
S4,leave_day5_out,dct,15,3.1622776601683795e-05,12,0,12,0
S4,leave_day5_out,dct,2,0.0001,12,0,12,0
S4,leave_day5_out,dct,3,0.0001,12,0,12,0
S4,leave_day5_out,dct,7,0.0001,12,0,12,0
S4,leave_day5_out,dct,8,0.0001,12,0,12,0
S4,leave_day5_out,dct,9,0.0001,12,0,12,0
S4,leave_day5_out,dct,10,0.0001,24,0,0,0
S4,leave_day5_out,dct,11,0.0001,24,0,12,0
S4,leave_day5_out,dct,13,0.0001,12,0,12,0
S4,leave_day5_out,dct,14,0.0001,12,0,12,0
S4,leave_day5_out,dct,15,0.0001,12,0,12,0
S4,leave_day5_out,dct,2,0.00031622776601683794,12,0,12,0
S4,leave_day5_out,dct,3,0.00031622776601683794,12,0,12,0
S4,leave_day5_out,dct,7,0.00031622776601683794,12,0,12,0
S4,leave_day5_out,dct,8,0.00031622776601683794,12,0,12,0
S4,leave_day5_out,dct,9,0.00031622776601683794,12,0,12,0
S4,leave_day5_out,dct,10,0.00031622776601683794,24,0,0,0
S4,leave_day5_out,dct,11,0.00031622776601683794,24,0,12,0
S4,leave_day5_out,dct,13,0.00031622776601683794,12,0,12,0
S4,leave_day5_out,dct,14,0.00031622776601683794,12,0,12,0
S4,leave_day5_out,dct,15,0.00031622776601683794,12,0,12,0
S4,leave_day5_out,dct,2,0.001,12,0,12,0
S4,leave_day5_out,dct,3,0.001,12,0,12,0
S4,leave_day5_out,dct,7,0.001,12,0,12,0
S4,leave_day5_out,dct,8,0.001,12,1,12,0
S4,leave_day5_out,dct,9,0.001,12,0,12,0
S4,leave_day5_out,dct,10,0.001,24,0,0,0
S4,leave_day5_out,dct,11,0.001,24,0,12,0
S4,leave_day5_out,dct,13,0.001,12,0,12,0
S4,leave_day5_out,dct,14,0.001,12,0,12,0
S4,leave_day5_out,dct,15,0.001,12,0,12,0
S4,leave_day5_out,dct,2,0.0031622776601683794,12,0,12,0
S4,leave_day5_out,dct,3,0.0031622776601683794,12,2,12,0
S4,leave_day5_out,dct,7,0.0031622776601683794,12,0,12,0
S4,leave_day5_out,dct,8,0.0031622776601683794,12,3,12,0
S4,leave_day5_out,dct,9,0.0031622776601683794,12,0,12,0
S4,leave_day5_out,dct,10,0.0031622776601683794,24,0,0,0
S4,leave_day5_out,dct,11,0.0031622776601683794,24,0,12,0
S4,leave_day5_out,dct,13,0.0031622776601683794,12,0,12,0
S4,leave_day5_out,dct,14,0.0031622776601683794,12,0,12,0
S4,leave_day5_out,dct,15,0.0031622776601683794,12,0,12,0
S4,leave_day5_out,dct,2,0.01,12,0,12,0
S4,leave_day5_out,dct,3,0.01,12,5,12,0
S4,leave_day5_out,dct,7,0.01,12,0,12,0
S4,leave_day5_out,dct,8,0.01,12,6,12,0
S4,leave_day5_out,dct,9,0.01,12,0,12,0
S4,leave_day5_out,dct,10,0.01,24,0,0,0
S4,leave_day5_out,dct,11,0.01,24,0,12,0
S4,leave_day5_out,dct,13,0.01,12,0,12,0
S4,leave_day5_out,dct,14,0.01,12,0,12,0
S4,leave_day5_out,dct,15,0.01,12,0,12,0
S4,leave_day5_out,dct,2,0.03162277660168379,12,0,12,0
S4,leave_day5_out,dct,3,0.03162277660168379,12,12,12,0
S4,leave_day5_out,dct,7,0.03162277660168379,12,0,11,0
S4,leave_day5_out,dct,8,0.03162277660168379,12,12,12,0
S4,leave_day5_out,dct,9,0.03162277660168379,12,2,12,0
S4,leave_day5_out,dct,10,0.03162277660168379,24,0,0,0
S4,leave_day5_out,dct,11,0.03162277660168379,24,0,12,0
S4,leave_day5_out,dct,13,0.03162277660168379,12,7,12,0
S4,leave_day5_out,dct,14,0.03162277660168379,12,0,12,0
S4,leave_day5_out,dct,15,0.03162277660168379,12,6,12,0
S4,leave_day5_out,dct,2,0.1,12,12,12,0
S4,leave_day5_out,dct,3,0.1,12,12,12,0
S4,leave_day5_out,dct,7,0.1,12,0,2,0
S4,leave_day5_out,dct,8,0.1,12,12,12,0
S4,leave_day5_out,dct,9,0.1,12,12,12,0
S4,leave_day5_out,dct,10,0.1,24,0,0,0
S4,leave_day5_out,dct,11,0.1,24,0,10,0
S4,leave_day5_out,dct,13,0.1,12,11,12,0
S4,leave_day5_out,dct,14,0.1,12,12,12,0
S4,leave_day5_out,dct,15,0.1,12,12,12,0
S4,leave_day5_out,dct,2,0.25,12,0,0,0
S4,leave_day5_out,dct,3,0.25,12,0,0,0
S4,leave_day5_out,dct,7,0.25,12,0,0,0
S4,leave_day5_out,dct,8,0.25,12,0,0,0
S4,leave_day5_out,dct,9,0.25,12,0,0,0
S4,leave_day5_out,dct,10,0.25,24,0,0,0
S4,leave_day5_out,dct,11,0.25,24,0,0,0
S4,leave_day5_out,dct,13,0.25,12,0,0,0
S4,leave_day5_out,dct,14,0.25,12,0,0,0
S4,leave_day5_out,dct,15,0.25,12,0,0,0
S4,leave_day5_out,dft,2,1e-06,12,0,12,0
S4,leave_day5_out,dft,3,1e-06,12,0,12,0
S4,leave_day5_out,dft,7,1e-06,12,0,12,0
S4,leave_day5_out,dft,8,1e-06,12,0,12,0
S4,leave_day5_out,dft,9,1e-06,12,0,12,0
S4,leave_day5_out,dft,10,1e-06,24,0,24,0
S4,leave_day5_out,dft,11,1e-06,24,0,24,0
S4,leave_day5_out,dft,13,1e-06,12,0,0,0
S4,leave_day5_out,dft,14,1e-06,12,0,12,0
S4,leave_day5_out,dft,15,1e-06,12,0,12,0
S4,leave_day5_out,dft,2,3.162277660168379e-06,12,0,12,0
S4,leave_day5_out,dft,3,3.162277660168379e-06,12,0,12,0
S4,leave_day5_out,dft,7,3.162277660168379e-06,12,0,12,0
S4,leave_day5_out,dft,8,3.162277660168379e-06,12,0,12,0
S4,leave_day5_out,dft,9,3.162277660168379e-06,12,0,12,0
S4,leave_day5_out,dft,10,3.162277660168379e-06,24,0,24,0
S4,leave_day5_out,dft,11,3.162277660168379e-06,24,0,24,0
S4,leave_day5_out,dft,13,3.162277660168379e-06,12,0,0,0
S4,leave_day5_out,dft,14,3.162277660168379e-06,12,0,12,0
S4,leave_day5_out,dft,15,3.162277660168379e-06,12,0,12,0
S4,leave_day5_out,dft,2,1e-05,12,0,12,0
S4,leave_day5_out,dft,3,1e-05,12,0,12,0
S4,leave_day5_out,dft,7,1e-05,12,0,12,0
S4,leave_day5_out,dft,8,1e-05,12,0,12,0
S4,leave_day5_out,dft,9,1e-05,12,0,12,0
S4,leave_day5_out,dft,10,1e-05,24,0,24,0
S4,leave_day5_out,dft,11,1e-05,24,0,24,0
S4,leave_day5_out,dft,13,1e-05,12,0,0,0
S4,leave_day5_out,dft,14,1e-05,12,0,12,0
S4,leave_day5_out,dft,15,1e-05,12,0,12,0
S4,leave_day5_out,dft,2,3.1622776601683795e-05,12,0,12,0
S4,leave_day5_out,dft,3,3.1622776601683795e-05,12,0,12,0
S4,leave_day5_out,dft,7,3.1622776601683795e-05,12,0,12,0
S4,leave_day5_out,dft,8,3.1622776601683795e-05,12,0,12,0
S4,leave_day5_out,dft,9,3.1622776601683795e-05,12,0,12,0
S4,leave_day5_out,dft,10,3.1622776601683795e-05,24,0,24,0
S4,leave_day5_out,dft,11,3.1622776601683795e-05,24,0,24,0
S4,leave_day5_out,dft,13,3.1622776601683795e-05,12,0,0,0
S4,leave_day5_out,dft,14,3.1622776601683795e-05,12,0,12,0
S4,leave_day5_out,dft,15,3.1622776601683795e-05,12,0,12,0
S4,leave_day5_out,dft,2,0.0001,12,0,12,0
S4,leave_day5_out,dft,3,0.0001,12,0,12,0
S4,leave_day5_out,dft,7,0.0001,12,0,12,0
S4,leave_day5_out,dft,8,0.0001,12,0,12,0
S4,leave_day5_out,dft,9,0.0001,12,0,12,0
S4,leave_day5_out,dft,10,0.0001,24,0,24,0
S4,leave_day5_out,dft,11,0.0001,24,0,24,0
S4,leave_day5_out,dft,13,0.0001,12,0,0,0
S4,leave_day5_out,dft,14,0.0001,12,0,12,0
S4,leave_day5_out,dft,15,0.0001,12,0,12,0
S4,leave_day5_out,dft,2,0.00031622776601683794,12,0,12,0
S4,leave_day5_out,dft,3,0.00031622776601683794,12,0,12,0
S4,leave_day5_out,dft,7,0.00031622776601683794,12,0,12,0
S4,leave_day5_out,dft,8,0.00031622776601683794,12,0,12,0
S4,leave_day5_out,dft,9,0.00031622776601683794,12,0,12,0
S4,leave_day5_out,dft,10,0.00031622776601683794,24,0,24,0
S4,leave_day5_out,dft,11,0.00031622776601683794,24,0,24,0
S4,leave_day5_out,dft,13,0.00031622776601683794,12,0,0,0
S4,leave_day5_out,dft,14,0.00031622776601683794,12,0,12,0
S4,leave_day5_out,dft,15,0.00031622776601683794,12,0,12,0
S4,leave_day5_out,dft,2,0.001,12,0,12,0
S4,leave_day5_out,dft,3,0.001,12,0,12,0
S4,leave_day5_out,dft,7,0.001,12,0,12,0
S4,leave_day5_out,dft,8,0.001,12,0,12,0
S4,leave_day5_out,dft,9,0.001,12,0,12,0
S4,leave_day5_out,dft,10,0.001,24,0,24,0
S4,leave_day5_out,dft,11,0.001,24,1,24,0
S4,leave_day5_out,dft,13,0.001,12,0,0,0
S4,leave_day5_out,dft,14,0.001,12,0,12,0
S4,leave_day5_out,dft,15,0.001,12,0,12,0
S4,leave_day5_out,dft,2,0.0031622776601683794,12,0,12,0
S4,leave_day5_out,dft,3,0.0031622776601683794,12,0,12,0
S4,leave_day5_out,dft,7,0.0031622776601683794,12,0,12,0
S4,leave_day5_out,dft,8,0.0031622776601683794,12,0,12,0
S4,leave_day5_out,dft,9,0.0031622776601683794,12,1,12,0
S4,leave_day5_out,dft,10,0.0031622776601683794,24,0,24,0
S4,leave_day5_out,dft,11,0.0031622776601683794,24,4,24,0
S4,leave_day5_out,dft,13,0.0031622776601683794,12,0,0,0
S4,leave_day5_out,dft,14,0.0031622776601683794,12,0,12,0
S4,leave_day5_out,dft,15,0.0031622776601683794,12,5,12,0
S4,leave_day5_out,dft,2,0.01,12,0,12,0
S4,leave_day5_out,dft,3,0.01,12,0,11,0
S4,leave_day5_out,dft,7,0.01,12,2,12,0
S4,leave_day5_out,dft,8,0.01,12,0,12,0
S4,leave_day5_out,dft,9,0.01,12,1,12,0
S4,leave_day5_out,dft,10,0.01,24,0,24,0
S4,leave_day5_out,dft,11,0.01,24,8,24,0
S4,leave_day5_out,dft,13,0.01,12,0,0,0
S4,leave_day5_out,dft,14,0.01,12,0,12,0
S4,leave_day5_out,dft,15,0.01,12,11,12,0
S4,leave_day5_out,dft,2,0.03162277660168379,12,5,12,0
S4,leave_day5_out,dft,3,0.03162277660168379,12,0,11,0
S4,leave_day5_out,dft,7,0.03162277660168379,12,9,12,0
S4,leave_day5_out,dft,8,0.03162277660168379,12,1,12,0
S4,leave_day5_out,dft,9,0.03162277660168379,12,10,12,0
S4,leave_day5_out,dft,10,0.03162277660168379,24,1,24,0
S4,leave_day5_out,dft,11,0.03162277660168379,24,16,24,0
S4,leave_day5_out,dft,13,0.03162277660168379,12,0,0,0
S4,leave_day5_out,dft,14,0.03162277660168379,12,8,12,0
S4,leave_day5_out,dft,15,0.03162277660168379,12,11,12,0
S4,leave_day5_out,dft,2,0.1,12,12,12,0
S4,leave_day5_out,dft,3,0.1,12,3,7,0
S4,leave_day5_out,dft,7,0.1,12,11,12,0
S4,leave_day5_out,dft,8,0.1,12,9,12,0
S4,leave_day5_out,dft,9,0.1,12,11,12,0
S4,leave_day5_out,dft,10,0.1,24,24,24,0
S4,leave_day5_out,dft,11,0.1,24,22,24,0
S4,leave_day5_out,dft,13,0.1,12,0,0,0
S4,leave_day5_out,dft,14,0.1,12,9,12,0
S4,leave_day5_out,dft,15,0.1,12,11,12,0
S4,leave_day5_out,dft,2,0.25,12,0,0,0
S4,leave_day5_out,dft,3,0.25,12,0,0,0
S4,leave_day5_out,dft,7,0.25,12,0,0,0
S4,leave_day5_out,dft,8,0.25,12,0,0,0
S4,leave_day5_out,dft,9,0.25,12,0,0,0
S4,leave_day5_out,dft,10,0.25,24,0,0,0
S4,leave_day5_out,dft,11,0.25,24,0,0,0
S4,leave_day5_out,dft,13,0.25,12,0,0,0
S4,leave_day5_out,dft,14,0.25,12,0,0,0
S4,leave_day5_out,dft,15,0.25,12,0,0,0
S4,leave_day5_out,polynomial,2,1e-06,12,0,12,0
S4,leave_day5_out,polynomial,3,1e-06,12,1,12,0
S4,leave_day5_out,polynomial,7,1e-06,12,0,0,0
S4,leave_day5_out,polynomial,8,1e-06,12,0,12,0
S4,leave_day5_out,polynomial,9,1e-06,12,0,12,0
S4,leave_day5_out,polynomial,10,1e-06,24,0,0,0
S4,leave_day5_out,polynomial,11,1e-06,24,0,0,0
S4,leave_day5_out,polynomial,13,1e-06,12,0,12,0
S4,leave_day5_out,polynomial,14,1e-06,12,0,12,0
S4,leave_day5_out,polynomial,15,1e-06,12,0,12,0
S4,leave_day5_out,polynomial,2,3.162277660168379e-06,12,0,12,0
S4,leave_day5_out,polynomial,3,3.162277660168379e-06,12,2,12,0
S4,leave_day5_out,polynomial,7,3.162277660168379e-06,12,0,0,0
S4,leave_day5_out,polynomial,8,3.162277660168379e-06,12,0,12,0
S4,leave_day5_out,polynomial,9,3.162277660168379e-06,12,0,12,0
S4,leave_day5_out,polynomial,10,3.162277660168379e-06,24,0,0,0
S4,leave_day5_out,polynomial,11,3.162277660168379e-06,24,0,0,0
S4,leave_day5_out,polynomial,13,3.162277660168379e-06,12,0,12,0
S4,leave_day5_out,polynomial,14,3.162277660168379e-06,12,0,12,0
S4,leave_day5_out,polynomial,15,3.162277660168379e-06,12,0,12,0
S4,leave_day5_out,polynomial,2,1e-05,12,0,12,0
S4,leave_day5_out,polynomial,3,1e-05,12,4,12,0
S4,leave_day5_out,polynomial,7,1e-05,12,0,0,0
S4,leave_day5_out,polynomial,8,1e-05,12,0,12,0
S4,leave_day5_out,polynomial,9,1e-05,12,0,12,0
S4,leave_day5_out,polynomial,10,1e-05,24,0,0,0
S4,leave_day5_out,polynomial,11,1e-05,24,0,0,0
S4,leave_day5_out,polynomial,13,1e-05,12,0,12,0
S4,leave_day5_out,polynomial,14,1e-05,12,0,12,0
S4,leave_day5_out,polynomial,15,1e-05,12,0,12,0
S4,leave_day5_out,polynomial,2,3.1622776601683795e-05,12,0,12,0
S4,leave_day5_out,polynomial,3,3.1622776601683795e-05,12,5,12,0
S4,leave_day5_out,polynomial,7,3.1622776601683795e-05,12,0,0,0
S4,leave_day5_out,polynomial,8,3.1622776601683795e-05,12,0,12,0
S4,leave_day5_out,polynomial,9,3.1622776601683795e-05,12,0,12,0
S4,leave_day5_out,polynomial,10,3.1622776601683795e-05,24,0,0,0
S4,leave_day5_out,polynomial,11,3.1622776601683795e-05,24,0,0,0
S4,leave_day5_out,polynomial,13,3.1622776601683795e-05,12,2,12,0
S4,leave_day5_out,polynomial,14,3.1622776601683795e-05,12,0,12,0
S4,leave_day5_out,polynomial,15,3.1622776601683795e-05,12,0,12,0
S4,leave_day5_out,polynomial,2,0.0001,12,0,12,0
S4,leave_day5_out,polynomial,3,0.0001,12,7,12,0
S4,leave_day5_out,polynomial,7,0.0001,12,0,0,0
S4,leave_day5_out,polynomial,8,0.0001,12,0,12,0
S4,leave_day5_out,polynomial,9,0.0001,12,0,12,0
S4,leave_day5_out,polynomial,10,0.0001,24,0,0,0
S4,leave_day5_out,polynomial,11,0.0001,24,0,0,0
S4,leave_day5_out,polynomial,13,0.0001,12,4,12,0
S4,leave_day5_out,polynomial,14,0.0001,12,0,12,0
S4,leave_day5_out,polynomial,15,0.0001,12,0,12,0
S4,leave_day5_out,polynomial,2,0.00031622776601683794,12,0,12,0
S4,leave_day5_out,polynomial,3,0.00031622776601683794,12,10,12,0
S4,leave_day5_out,polynomial,7,0.00031622776601683794,12,0,0,0
S4,leave_day5_out,polynomial,8,0.00031622776601683794,12,2,12,0
S4,leave_day5_out,polynomial,9,0.00031622776601683794,12,0,12,0
S4,leave_day5_out,polynomial,10,0.00031622776601683794,24,0,0,0
S4,leave_day5_out,polynomial,11,0.00031622776601683794,24,0,0,0
S4,leave_day5_out,polynomial,13,0.00031622776601683794,12,7,12,0
S4,leave_day5_out,polynomial,14,0.00031622776601683794,12,0,12,0
S4,leave_day5_out,polynomial,15,0.00031622776601683794,12,0,12,0
S4,leave_day5_out,polynomial,2,0.001,12,0,12,0
S4,leave_day5_out,polynomial,3,0.001,12,12,12,0
S4,leave_day5_out,polynomial,7,0.001,12,0,0,0
S4,leave_day5_out,polynomial,8,0.001,12,9,12,0
S4,leave_day5_out,polynomial,9,0.001,12,0,12,0
S4,leave_day5_out,polynomial,10,0.001,24,0,0,0
S4,leave_day5_out,polynomial,11,0.001,24,0,0,0
S4,leave_day5_out,polynomial,13,0.001,12,11,12,0
S4,leave_day5_out,polynomial,14,0.001,12,0,12,0
S4,leave_day5_out,polynomial,15,0.001,12,0,12,0
S4,leave_day5_out,polynomial,2,0.0031622776601683794,12,0,12,0
S4,leave_day5_out,polynomial,3,0.0031622776601683794,12,12,12,0
S4,leave_day5_out,polynomial,7,0.0031622776601683794,12,0,0,0
S4,leave_day5_out,polynomial,8,0.0031622776601683794,12,12,12,0
S4,leave_day5_out,polynomial,9,0.0031622776601683794,12,0,12,0
S4,leave_day5_out,polynomial,10,0.0031622776601683794,24,0,0,0
S4,leave_day5_out,polynomial,11,0.0031622776601683794,24,0,0,0
S4,leave_day5_out,polynomial,13,0.0031622776601683794,12,11,12,0
S4,leave_day5_out,polynomial,14,0.0031622776601683794,12,0,12,0
S4,leave_day5_out,polynomial,15,0.0031622776601683794,12,0,12,0
S4,leave_day5_out,polynomial,2,0.01,12,0,12,0
S4,leave_day5_out,polynomial,3,0.01,12,12,12,0
S4,leave_day5_out,polynomial,7,0.01,12,0,0,0
S4,leave_day5_out,polynomial,8,0.01,12,12,12,0
S4,leave_day5_out,polynomial,9,0.01,12,0,12,0
S4,leave_day5_out,polynomial,10,0.01,24,0,0,0
S4,leave_day5_out,polynomial,11,0.01,24,0,0,0
S4,leave_day5_out,polynomial,13,0.01,12,11,12,0
S4,leave_day5_out,polynomial,14,0.01,12,0,12,0
S4,leave_day5_out,polynomial,15,0.01,12,0,12,0
S4,leave_day5_out,polynomial,2,0.03162277660168379,12,12,12,0
S4,leave_day5_out,polynomial,3,0.03162277660168379,12,12,12,0
S4,leave_day5_out,polynomial,7,0.03162277660168379,12,0,0,0
S4,leave_day5_out,polynomial,8,0.03162277660168379,12,12,12,0
S4,leave_day5_out,polynomial,9,0.03162277660168379,12,0,12,0
S4,leave_day5_out,polynomial,10,0.03162277660168379,24,0,0,0
S4,leave_day5_out,polynomial,11,0.03162277660168379,24,0,0,0
S4,leave_day5_out,polynomial,13,0.03162277660168379,12,11,12,0
S4,leave_day5_out,polynomial,14,0.03162277660168379,12,2,12,0
S4,leave_day5_out,polynomial,15,0.03162277660168379,12,12,12,0
S4,leave_day5_out,polynomial,2,0.1,12,12,12,0
S4,leave_day5_out,polynomial,3,0.1,12,12,12,0
S4,leave_day5_out,polynomial,7,0.1,12,0,0,0
S4,leave_day5_out,polynomial,8,0.1,12,12,12,0
S4,leave_day5_out,polynomial,9,0.1,12,0,10,0
S4,leave_day5_out,polynomial,10,0.1,24,0,0,0
S4,leave_day5_out,polynomial,11,0.1,24,0,0,0
S4,leave_day5_out,polynomial,13,0.1,12,11,12,0
S4,leave_day5_out,polynomial,14,0.1,12,12,12,0
S4,leave_day5_out,polynomial,15,0.1,12,12,12,0
S4,leave_day5_out,polynomial,2,0.25,12,0,0,0
S4,leave_day5_out,polynomial,3,0.25,12,0,0,0
S4,leave_day5_out,polynomial,7,0.25,12,0,0,0
S4,leave_day5_out,polynomial,8,0.25,12,0,0,0
S4,leave_day5_out,polynomial,9,0.25,12,0,0,0
S4,leave_day5_out,polynomial,10,0.25,24,0,0,0
S4,leave_day5_out,polynomial,11,0.25,24,0,0,0
S4,leave_day5_out,polynomial,13,0.25,12,0,0,0
S4,leave_day5_out,polynomial,14,0.25,12,0,0,0
S4,leave_day5_out,polynomial,15,0.25,12,0,0,0
S4,leave_day5_out,random_orthogonal,2,1e-06,12,0,0,0
S4,leave_day5_out,random_orthogonal,3,1e-06,12,0,12,0
S4,leave_day5_out,random_orthogonal,7,1e-06,12,0,12,0
S4,leave_day5_out,random_orthogonal,8,1e-06,12,0,6,0
S4,leave_day5_out,random_orthogonal,9,1e-06,12,0,12,0
S4,leave_day5_out,random_orthogonal,10,1e-06,24,0,20,0
S4,leave_day5_out,random_orthogonal,11,1e-06,24,0,17,0
S4,leave_day5_out,random_orthogonal,13,1e-06,12,0,12,0
S4,leave_day5_out,random_orthogonal,14,1e-06,12,0,0,0
S4,leave_day5_out,random_orthogonal,15,1e-06,12,0,0,0
S4,leave_day5_out,random_orthogonal,2,3.162277660168379e-06,12,0,0,0
S4,leave_day5_out,random_orthogonal,3,3.162277660168379e-06,12,0,12,0
S4,leave_day5_out,random_orthogonal,7,3.162277660168379e-06,12,0,12,0
S4,leave_day5_out,random_orthogonal,8,3.162277660168379e-06,12,0,6,0
S4,leave_day5_out,random_orthogonal,9,3.162277660168379e-06,12,0,12,0
S4,leave_day5_out,random_orthogonal,10,3.162277660168379e-06,24,0,20,0
S4,leave_day5_out,random_orthogonal,11,3.162277660168379e-06,24,0,17,0
S4,leave_day5_out,random_orthogonal,13,3.162277660168379e-06,12,0,12,0
S4,leave_day5_out,random_orthogonal,14,3.162277660168379e-06,12,0,0,0
S4,leave_day5_out,random_orthogonal,15,3.162277660168379e-06,12,0,0,0
S4,leave_day5_out,random_orthogonal,2,1e-05,12,0,0,0
S4,leave_day5_out,random_orthogonal,3,1e-05,12,0,12,0
S4,leave_day5_out,random_orthogonal,7,1e-05,12,0,12,0
S4,leave_day5_out,random_orthogonal,8,1e-05,12,0,6,0
S4,leave_day5_out,random_orthogonal,9,1e-05,12,0,12,0
S4,leave_day5_out,random_orthogonal,10,1e-05,24,0,20,0
S4,leave_day5_out,random_orthogonal,11,1e-05,24,0,17,0
S4,leave_day5_out,random_orthogonal,13,1e-05,12,0,12,0
S4,leave_day5_out,random_orthogonal,14,1e-05,12,0,0,0
S4,leave_day5_out,random_orthogonal,15,1e-05,12,0,0,0
S4,leave_day5_out,random_orthogonal,2,3.1622776601683795e-05,12,0,0,0
S4,leave_day5_out,random_orthogonal,3,3.1622776601683795e-05,12,0,12,0
S4,leave_day5_out,random_orthogonal,7,3.1622776601683795e-05,12,0,12,0
S4,leave_day5_out,random_orthogonal,8,3.1622776601683795e-05,12,0,6,0
S4,leave_day5_out,random_orthogonal,9,3.1622776601683795e-05,12,0,12,0
S4,leave_day5_out,random_orthogonal,10,3.1622776601683795e-05,24,0,20,0
S4,leave_day5_out,random_orthogonal,11,3.1622776601683795e-05,24,0,17,0
S4,leave_day5_out,random_orthogonal,13,3.1622776601683795e-05,12,0,12,0
S4,leave_day5_out,random_orthogonal,14,3.1622776601683795e-05,12,0,0,0
S4,leave_day5_out,random_orthogonal,15,3.1622776601683795e-05,12,0,0,0
S4,leave_day5_out,random_orthogonal,2,0.0001,12,0,0,0
S4,leave_day5_out,random_orthogonal,3,0.0001,12,0,12,0
S4,leave_day5_out,random_orthogonal,7,0.0001,12,0,12,0
S4,leave_day5_out,random_orthogonal,8,0.0001,12,0,6,0
S4,leave_day5_out,random_orthogonal,9,0.0001,12,0,12,0
S4,leave_day5_out,random_orthogonal,10,0.0001,24,0,20,0
S4,leave_day5_out,random_orthogonal,11,0.0001,24,0,17,0
S4,leave_day5_out,random_orthogonal,13,0.0001,12,0,12,0
S4,leave_day5_out,random_orthogonal,14,0.0001,12,0,0,0
S4,leave_day5_out,random_orthogonal,15,0.0001,12,0,0,0
S4,leave_day5_out,random_orthogonal,2,0.00031622776601683794,12,0,0,0
S4,leave_day5_out,random_orthogonal,3,0.00031622776601683794,12,0,12,0
S4,leave_day5_out,random_orthogonal,7,0.00031622776601683794,12,0,12,0
S4,leave_day5_out,random_orthogonal,8,0.00031622776601683794,12,0,6,0
S4,leave_day5_out,random_orthogonal,9,0.00031622776601683794,12,0,12,0
S4,leave_day5_out,random_orthogonal,10,0.00031622776601683794,24,0,20,0
S4,leave_day5_out,random_orthogonal,11,0.00031622776601683794,24,0,17,0
S4,leave_day5_out,random_orthogonal,13,0.00031622776601683794,12,0,12,0
S4,leave_day5_out,random_orthogonal,14,0.00031622776601683794,12,0,0,0
S4,leave_day5_out,random_orthogonal,15,0.00031622776601683794,12,0,0,0
S4,leave_day5_out,random_orthogonal,2,0.001,12,0,0,0
S4,leave_day5_out,random_orthogonal,3,0.001,12,0,12,0
S4,leave_day5_out,random_orthogonal,7,0.001,12,0,12,0
S4,leave_day5_out,random_orthogonal,8,0.001,12,0,6,0
S4,leave_day5_out,random_orthogonal,9,0.001,12,0,12,0
S4,leave_day5_out,random_orthogonal,10,0.001,24,0,20,0
S4,leave_day5_out,random_orthogonal,11,0.001,24,0,17,0
S4,leave_day5_out,random_orthogonal,13,0.001,12,0,12,0
S4,leave_day5_out,random_orthogonal,14,0.001,12,0,0,0
S4,leave_day5_out,random_orthogonal,15,0.001,12,0,0,0
S4,leave_day5_out,random_orthogonal,2,0.0031622776601683794,12,0,0,0
S4,leave_day5_out,random_orthogonal,3,0.0031622776601683794,12,0,12,0
S4,leave_day5_out,random_orthogonal,7,0.0031622776601683794,12,0,12,0
S4,leave_day5_out,random_orthogonal,8,0.0031622776601683794,12,0,6,0
S4,leave_day5_out,random_orthogonal,9,0.0031622776601683794,12,0,12,0
S4,leave_day5_out,random_orthogonal,10,0.0031622776601683794,24,0,20,0
S4,leave_day5_out,random_orthogonal,11,0.0031622776601683794,24,0,17,0
S4,leave_day5_out,random_orthogonal,13,0.0031622776601683794,12,0,12,0
S4,leave_day5_out,random_orthogonal,14,0.0031622776601683794,12,0,0,0
S4,leave_day5_out,random_orthogonal,15,0.0031622776601683794,12,0,0,0
S4,leave_day5_out,random_orthogonal,2,0.01,12,0,0,0
S4,leave_day5_out,random_orthogonal,3,0.01,12,3,12,0
S4,leave_day5_out,random_orthogonal,7,0.01,12,0,12,0
S4,leave_day5_out,random_orthogonal,8,0.01,12,0,6,0
S4,leave_day5_out,random_orthogonal,9,0.01,12,0,12,0
S4,leave_day5_out,random_orthogonal,10,0.01,24,0,14,0
S4,leave_day5_out,random_orthogonal,11,0.01,24,0,17,0
S4,leave_day5_out,random_orthogonal,13,0.01,12,0,12,0
S4,leave_day5_out,random_orthogonal,14,0.01,12,0,0,0
S4,leave_day5_out,random_orthogonal,15,0.01,12,0,0,0
S4,leave_day5_out,random_orthogonal,2,0.03162277660168379,12,0,0,0
S4,leave_day5_out,random_orthogonal,3,0.03162277660168379,12,8,12,0
S4,leave_day5_out,random_orthogonal,7,0.03162277660168379,12,0,12,0
S4,leave_day5_out,random_orthogonal,8,0.03162277660168379,12,0,1,0
S4,leave_day5_out,random_orthogonal,9,0.03162277660168379,12,0,12,0
S4,leave_day5_out,random_orthogonal,10,0.03162277660168379,24,0,14,0
S4,leave_day5_out,random_orthogonal,11,0.03162277660168379,24,0,16,0
S4,leave_day5_out,random_orthogonal,13,0.03162277660168379,12,0,12,0
S4,leave_day5_out,random_orthogonal,14,0.03162277660168379,12,0,0,0
S4,leave_day5_out,random_orthogonal,15,0.03162277660168379,12,0,0,0
S4,leave_day5_out,random_orthogonal,2,0.1,12,0,0,0
S4,leave_day5_out,random_orthogonal,3,0.1,12,11,12,0
S4,leave_day5_out,random_orthogonal,7,0.1,12,0,2,0
S4,leave_day5_out,random_orthogonal,8,0.1,12,0,0,0
S4,leave_day5_out,random_orthogonal,9,0.1,12,0,12,0
S4,leave_day5_out,random_orthogonal,10,0.1,24,0,4,0
S4,leave_day5_out,random_orthogonal,11,0.1,24,0,4,0
S4,leave_day5_out,random_orthogonal,13,0.1,12,0,8,0
S4,leave_day5_out,random_orthogonal,14,0.1,12,0,0,0
S4,leave_day5_out,random_orthogonal,15,0.1,12,0,0,0
S4,leave_day5_out,random_orthogonal,2,0.25,12,0,0,0
S4,leave_day5_out,random_orthogonal,3,0.25,12,0,0,0
S4,leave_day5_out,random_orthogonal,7,0.25,12,0,0,0
S4,leave_day5_out,random_orthogonal,8,0.25,12,0,0,0
S4,leave_day5_out,random_orthogonal,9,0.25,12,0,0,0
S4,leave_day5_out,random_orthogonal,10,0.25,24,0,0,0
S4,leave_day5_out,random_orthogonal,11,0.25,24,0,0,0
S4,leave_day5_out,random_orthogonal,13,0.25,12,0,0,0
S4,leave_day5_out,random_orthogonal,14,0.25,12,0,0,0
S4,leave_day5_out,random_orthogonal,15,0.25,12,0,0,0
S4,leave_day5_out,permuted_polynomial,2,1e-06,12,0,3,0
S4,leave_day5_out,permuted_polynomial,3,1e-06,12,0,10,0
S4,leave_day5_out,permuted_polynomial,7,1e-06,12,0,12,0
S4,leave_day5_out,permuted_polynomial,8,1e-06,12,0,3,0
S4,leave_day5_out,permuted_polynomial,9,1e-06,12,0,12,0
S4,leave_day5_out,permuted_polynomial,10,1e-06,24,0,24,0
S4,leave_day5_out,permuted_polynomial,11,1e-06,24,0,24,0
S4,leave_day5_out,permuted_polynomial,13,1e-06,12,0,6,0
S4,leave_day5_out,permuted_polynomial,14,1e-06,12,0,3,0
S4,leave_day5_out,permuted_polynomial,15,1e-06,12,0,1,0
S4,leave_day5_out,permuted_polynomial,2,3.162277660168379e-06,12,0,3,0
S4,leave_day5_out,permuted_polynomial,3,3.162277660168379e-06,12,0,10,0
S4,leave_day5_out,permuted_polynomial,7,3.162277660168379e-06,12,0,12,0
S4,leave_day5_out,permuted_polynomial,8,3.162277660168379e-06,12,0,3,0
S4,leave_day5_out,permuted_polynomial,9,3.162277660168379e-06,12,0,12,0
S4,leave_day5_out,permuted_polynomial,10,3.162277660168379e-06,24,0,24,0
S4,leave_day5_out,permuted_polynomial,11,3.162277660168379e-06,24,0,24,0
S4,leave_day5_out,permuted_polynomial,13,3.162277660168379e-06,12,0,6,0
S4,leave_day5_out,permuted_polynomial,14,3.162277660168379e-06,12,0,3,0
S4,leave_day5_out,permuted_polynomial,15,3.162277660168379e-06,12,0,1,0
S4,leave_day5_out,permuted_polynomial,2,1e-05,12,0,3,0
S4,leave_day5_out,permuted_polynomial,3,1e-05,12,0,10,0
S4,leave_day5_out,permuted_polynomial,7,1e-05,12,0,12,0
S4,leave_day5_out,permuted_polynomial,8,1e-05,12,0,3,0
S4,leave_day5_out,permuted_polynomial,9,1e-05,12,0,12,0
S4,leave_day5_out,permuted_polynomial,10,1e-05,24,0,24,0
S4,leave_day5_out,permuted_polynomial,11,1e-05,24,0,24,0
S4,leave_day5_out,permuted_polynomial,13,1e-05,12,0,6,0
S4,leave_day5_out,permuted_polynomial,14,1e-05,12,0,3,0
S4,leave_day5_out,permuted_polynomial,15,1e-05,12,0,1,0
S4,leave_day5_out,permuted_polynomial,2,3.1622776601683795e-05,12,0,3,0
S4,leave_day5_out,permuted_polynomial,3,3.1622776601683795e-05,12,0,10,0
S4,leave_day5_out,permuted_polynomial,7,3.1622776601683795e-05,12,0,12,0
S4,leave_day5_out,permuted_polynomial,8,3.1622776601683795e-05,12,0,3,0
S4,leave_day5_out,permuted_polynomial,9,3.1622776601683795e-05,12,0,12,0
S4,leave_day5_out,permuted_polynomial,10,3.1622776601683795e-05,24,0,24,0
S4,leave_day5_out,permuted_polynomial,11,3.1622776601683795e-05,24,0,24,0
S4,leave_day5_out,permuted_polynomial,13,3.1622776601683795e-05,12,0,6,0
S4,leave_day5_out,permuted_polynomial,14,3.1622776601683795e-05,12,0,3,0
S4,leave_day5_out,permuted_polynomial,15,3.1622776601683795e-05,12,0,1,0
S4,leave_day5_out,permuted_polynomial,2,0.0001,12,0,3,0
S4,leave_day5_out,permuted_polynomial,3,0.0001,12,0,10,0
S4,leave_day5_out,permuted_polynomial,7,0.0001,12,0,12,0
S4,leave_day5_out,permuted_polynomial,8,0.0001,12,0,3,0
S4,leave_day5_out,permuted_polynomial,9,0.0001,12,0,12,0
S4,leave_day5_out,permuted_polynomial,10,0.0001,24,0,24,0
S4,leave_day5_out,permuted_polynomial,11,0.0001,24,0,24,0
S4,leave_day5_out,permuted_polynomial,13,0.0001,12,0,6,0
S4,leave_day5_out,permuted_polynomial,14,0.0001,12,0,3,0
S4,leave_day5_out,permuted_polynomial,15,0.0001,12,0,1,0
S4,leave_day5_out,permuted_polynomial,2,0.00031622776601683794,12,0,3,0
S4,leave_day5_out,permuted_polynomial,3,0.00031622776601683794,12,0,10,0
S4,leave_day5_out,permuted_polynomial,7,0.00031622776601683794,12,0,12,0
S4,leave_day5_out,permuted_polynomial,8,0.00031622776601683794,12,0,3,0
S4,leave_day5_out,permuted_polynomial,9,0.00031622776601683794,12,0,12,0
S4,leave_day5_out,permuted_polynomial,10,0.00031622776601683794,24,0,24,0
S4,leave_day5_out,permuted_polynomial,11,0.00031622776601683794,24,0,24,0
S4,leave_day5_out,permuted_polynomial,13,0.00031622776601683794,12,0,6,0
S4,leave_day5_out,permuted_polynomial,14,0.00031622776601683794,12,0,3,0
S4,leave_day5_out,permuted_polynomial,15,0.00031622776601683794,12,0,1,0
S4,leave_day5_out,permuted_polynomial,2,0.001,12,0,3,0
S4,leave_day5_out,permuted_polynomial,3,0.001,12,0,10,0
S4,leave_day5_out,permuted_polynomial,7,0.001,12,0,12,0
S4,leave_day5_out,permuted_polynomial,8,0.001,12,0,3,0
S4,leave_day5_out,permuted_polynomial,9,0.001,12,0,12,0
S4,leave_day5_out,permuted_polynomial,10,0.001,24,0,24,0
S4,leave_day5_out,permuted_polynomial,11,0.001,24,0,24,0
S4,leave_day5_out,permuted_polynomial,13,0.001,12,0,6,0
S4,leave_day5_out,permuted_polynomial,14,0.001,12,0,3,0
S4,leave_day5_out,permuted_polynomial,15,0.001,12,0,1,0
S4,leave_day5_out,permuted_polynomial,2,0.0031622776601683794,12,0,3,0
S4,leave_day5_out,permuted_polynomial,3,0.0031622776601683794,12,0,10,0
S4,leave_day5_out,permuted_polynomial,7,0.0031622776601683794,12,0,12,0
S4,leave_day5_out,permuted_polynomial,8,0.0031622776601683794,12,0,3,0
S4,leave_day5_out,permuted_polynomial,9,0.0031622776601683794,12,0,12,0
S4,leave_day5_out,permuted_polynomial,10,0.0031622776601683794,24,0,24,0
S4,leave_day5_out,permuted_polynomial,11,0.0031622776601683794,24,0,24,0
S4,leave_day5_out,permuted_polynomial,13,0.0031622776601683794,12,0,6,0
S4,leave_day5_out,permuted_polynomial,14,0.0031622776601683794,12,0,3,0
S4,leave_day5_out,permuted_polynomial,15,0.0031622776601683794,12,0,1,0
S4,leave_day5_out,permuted_polynomial,2,0.01,12,0,3,0
S4,leave_day5_out,permuted_polynomial,3,0.01,12,0,9,0
S4,leave_day5_out,permuted_polynomial,7,0.01,12,0,12,0
S4,leave_day5_out,permuted_polynomial,8,0.01,12,0,3,0
S4,leave_day5_out,permuted_polynomial,9,0.01,12,0,12,0
S4,leave_day5_out,permuted_polynomial,10,0.01,24,0,24,0
S4,leave_day5_out,permuted_polynomial,11,0.01,24,0,24,0
S4,leave_day5_out,permuted_polynomial,13,0.01,12,0,6,0
S4,leave_day5_out,permuted_polynomial,14,0.01,12,0,3,0
S4,leave_day5_out,permuted_polynomial,15,0.01,12,0,1,0
S4,leave_day5_out,permuted_polynomial,2,0.03162277660168379,12,0,3,0
S4,leave_day5_out,permuted_polynomial,3,0.03162277660168379,12,0,8,0
S4,leave_day5_out,permuted_polynomial,7,0.03162277660168379,12,0,12,0
S4,leave_day5_out,permuted_polynomial,8,0.03162277660168379,12,0,3,0
S4,leave_day5_out,permuted_polynomial,9,0.03162277660168379,12,9,12,0
S4,leave_day5_out,permuted_polynomial,10,0.03162277660168379,24,0,24,0
S4,leave_day5_out,permuted_polynomial,11,0.03162277660168379,24,0,24,0
S4,leave_day5_out,permuted_polynomial,13,0.03162277660168379,12,0,5,0
S4,leave_day5_out,permuted_polynomial,14,0.03162277660168379,12,0,3,0
S4,leave_day5_out,permuted_polynomial,15,0.03162277660168379,12,0,1,0
S4,leave_day5_out,permuted_polynomial,2,0.1,12,0,0,0
S4,leave_day5_out,permuted_polynomial,3,0.1,12,3,6,0
S4,leave_day5_out,permuted_polynomial,7,0.1,12,0,12,0
S4,leave_day5_out,permuted_polynomial,8,0.1,12,0,2,0
S4,leave_day5_out,permuted_polynomial,9,0.1,12,10,10,0
S4,leave_day5_out,permuted_polynomial,10,0.1,24,9,24,0
S4,leave_day5_out,permuted_polynomial,11,0.1,24,2,24,0
S4,leave_day5_out,permuted_polynomial,13,0.1,12,0,5,0
S4,leave_day5_out,permuted_polynomial,14,0.1,12,1,3,0
S4,leave_day5_out,permuted_polynomial,15,0.1,12,0,1,0
S4,leave_day5_out,permuted_polynomial,2,0.25,12,0,0,0
S4,leave_day5_out,permuted_polynomial,3,0.25,12,0,0,0
S4,leave_day5_out,permuted_polynomial,7,0.25,12,0,0,0
S4,leave_day5_out,permuted_polynomial,8,0.25,12,0,0,0
S4,leave_day5_out,permuted_polynomial,9,0.25,12,0,0,0
S4,leave_day5_out,permuted_polynomial,10,0.25,24,0,0,0
S4,leave_day5_out,permuted_polynomial,11,0.25,24,0,0,0
S4,leave_day5_out,permuted_polynomial,13,0.25,12,0,0,0
S4,leave_day5_out,permuted_polynomial,14,0.25,12,0,0,0
S4,leave_day5_out,permuted_polynomial,15,0.25,12,0,0,0
