source,fold,flag,row_id,candidate_class,passed,safe_lower,method
S1,leave_environment_A,dct,603,36,True,0.12219325625269552,mp100_final_sum_with_binary64_envelope
S1,leave_environment_A,dct,610,36,True,0.2733125166302029,mp100_final_sum_with_binary64_envelope
S1,leave_environment_A,dct,612,36,True,0.09156548408907256,mp100_final_sum_with_binary64_envelope
S1,leave_environment_A,dct,614,36,True,0.003561591169240022,mp100_final_sum_with_binary64_envelope
S1,leave_environment_A,dct,620,36,True,0.12947221218751503,mp100_final_sum_with_binary64_envelope
S1,leave_environment_A,dct,627,36,True,0.008491677805249058,mp100_final_sum_with_binary64_envelope
S1,leave_environment_A,dct,628,36,True,0.2689401272692644,mp100_final_sum_with_binary64_envelope
S1,leave_environment_A,dft,400,31,True,0.07831886086233518,mp100_final_sum_with_binary64_envelope
S1,leave_environment_A,dft,406,31,True,0.033864355806589724,mp100_final_sum_with_binary64_envelope
S1,leave_environment_A,dft,409,31,True,0.15302054347544414,mp100_final_sum_with_binary64_envelope
S1,leave_environment_A,dft,410,31,True,0.08718034254284204,mp100_final_sum_with_binary64_envelope
S1,leave_environment_A,dft,412,31,True,0.06981128142790848,mp100_final_sum_with_binary64_envelope
S1,leave_environment_A,dft,415,31,True,0.21817783261954393,mp100_final_sum_with_binary64_envelope
S1,leave_environment_A,dft,416,31,True,0.20058561708937053,mp100_final_sum_with_binary64_envelope
S1,leave_environment_A,dft,418,31,True,0.08527274167554416,mp100_final_sum_with_binary64_envelope
S1,leave_environment_A,dft,427,31,True,0.13862696660154,mp100_final_sum_with_binary64_envelope
S1,leave_environment_A,dft,429,31,True,0.0269012476592651,mp100_final_sum_with_binary64_envelope
S1,leave_environment_A,dft,430,31,True,0.04931418437239904,mp100_final_sum_with_binary64_envelope
S1,leave_environment_A,dft,436,31,True,0.6241473022328053,mp100_final_sum_with_binary64_envelope
S1,leave_environment_A,dft,439,31,True,0.1305915423092064,mp100_final_sum_with_binary64_envelope
S1,leave_environment_A,polynomial,400,31,True,0.8895336656319972,mp100_final_sum_with_binary64_envelope
S1,leave_environment_A,polynomial,401,31,True,0.37934091948227217,mp100_final_sum_with_binary64_envelope
S1,leave_environment_A,polynomial,402,31,True,0.5729677356056332,mp100_final_sum_with_binary64_envelope
S1,leave_environment_A,polynomial,403,31,True,0.21370245282888134,mp100_final_sum_with_binary64_envelope
S1,leave_environment_A,polynomial,404,31,True,1.0473008473565333,mp100_final_sum_with_binary64_envelope
S1,leave_environment_A,polynomial,405,31,True,1.0115457942072807,mp100_final_sum_with_binary64_envelope
S1,leave_environment_A,polynomial,406,31,True,0.9681471875565253,mp100_final_sum_with_binary64_envelope
S1,leave_environment_A,polynomial,407,31,True,0.2955628552151644,mp100_final_sum_with_binary64_envelope
S1,leave_environment_A,polynomial,408,31,True,0.7068392375388761,mp100_final_sum_with_binary64_envelope
S1,leave_environment_A,polynomial,409,31,True,1.2196798357749552,mp100_final_sum_with_binary64_envelope
S1,leave_environment_A,polynomial,410,31,True,0.7723987413690981,mp100_final_sum_with_binary64_envelope
S1,leave_environment_A,polynomial,411,31,True,0.14254120255455507,mp100_final_sum_with_binary64_envelope
S1,leave_environment_A,polynomial,412,31,True,0.9429109702816252,mp100_final_sum_with_binary64_envelope
S1,leave_environment_A,polynomial,413,31,True,0.4647725009655895,mp100_final_sum_with_binary64_envelope
S1,leave_environment_A,polynomial,414,31,True,0.7439337380900567,mp100_final_sum_with_binary64_envelope
S1,leave_environment_A,polynomial,415,31,True,0.7606088022023925,mp100_final_sum_with_binary64_envelope
S1,leave_environment_A,polynomial,416,31,True,0.9939210773011745,mp100_final_sum_with_binary64_envelope
S1,leave_environment_A,polynomial,417,31,True,0.8095300535914592,mp100_final_sum_with_binary64_envelope
S1,leave_environment_A,polynomial,418,31,True,0.6382691992312596,mp100_final_sum_with_binary64_envelope
S1,leave_environment_A,polynomial,419,31,True,0.6020862286098336,mp100_final_sum_with_binary64_envelope
S1,leave_environment_A,polynomial,420,31,True,0.3437699915683378,mp100_final_sum_with_binary64_envelope
S1,leave_environment_A,polynomial,421,31,True,0.8195013258226526,mp100_final_sum_with_binary64_envelope
S1,leave_environment_A,polynomial,422,31,True,0.234669497755002,mp100_final_sum_with_binary64_envelope
S1,leave_environment_A,polynomial,423,31,True,0.9345508590324891,mp100_final_sum_with_binary64_envelope
S1,leave_environment_A,polynomial,425,31,True,0.6064387945438482,mp100_final_sum_with_binary64_envelope
S1,leave_environment_A,polynomial,426,31,True,0.8006321764479126,mp100_final_sum_with_binary64_envelope
S1,leave_environment_A,polynomial,427,31,True,0.9441702159987159,mp100_final_sum_with_binary64_envelope
S1,leave_environment_A,polynomial,428,31,True,0.29341334794955026,mp100_final_sum_with_binary64_envelope
S1,leave_environment_A,polynomial,429,31,True,0.5218007866175101,mp100_final_sum_with_binary64_envelope
S1,leave_environment_A,polynomial,430,31,True,1.1808916352224248,mp100_final_sum_with_binary64_envelope
S1,leave_environment_A,polynomial,431,31,True,0.10329766723780873,mp100_final_sum_with_binary64_envelope
S1,leave_environment_A,polynomial,432,31,True,0.7114876366056894,mp100_final_sum_with_binary64_envelope
S1,leave_environment_A,polynomial,433,31,True,1.008061207234062,mp100_final_sum_with_binary64_envelope
S1,leave_environment_A,polynomial,434,31,True,0.4905942143482079,mp100_final_sum_with_binary64_envelope
S1,leave_environment_A,polynomial,435,31,True,0.9856304556880932,mp100_final_sum_with_binary64_envelope
S1,leave_environment_A,polynomial,436,31,True,0.7895478697102999,mp100_final_sum_with_binary64_envelope
S1,leave_environment_A,polynomial,437,31,True,0.8552658180519839,mp100_final_sum_with_binary64_envelope
S1,leave_environment_A,polynomial,438,31,True,0.5387375494405388,mp100_final_sum_with_binary64_envelope
S1,leave_environment_A,polynomial,439,31,True,0.8435872338788254,mp100_final_sum_with_binary64_envelope
S1,leave_environment_A,polynomial,440,35,True,0.14631754233667785,mp100_final_sum_with_binary64_envelope
S1,leave_environment_A,polynomial,441,32,True,0.5438054479123721,mp100_final_sum_with_binary64_envelope
S1,leave_environment_A,polynomial,442,32,True,0.7573649433730624,mp100_final_sum_with_binary64_envelope
S1,leave_environment_A,polynomial,443,32,True,0.5602708137394425,mp100_final_sum_with_binary64_envelope
S1,leave_environment_A,polynomial,444,32,True,0.8118857926305952,mp100_final_sum_with_binary64_envelope
S1,leave_environment_A,polynomial,445,32,True,0.3112671657278271,mp100_final_sum_with_binary64_envelope
S1,leave_environment_A,polynomial,446,32,True,0.18030819425883604,mp100_final_sum_with_binary64_envelope
S1,leave_environment_A,polynomial,447,32,True,0.7621899717890002,mp100_final_sum_with_binary64_envelope
S1,leave_environment_A,polynomial,448,32,True,0.42517000362736923,mp100_final_sum_with_binary64_envelope
S1,leave_environment_A,polynomial,449,32,True,0.6975891358118554,mp100_final_sum_with_binary64_envelope
S1,leave_environment_A,polynomial,450,32,True,0.2309536820190156,mp100_final_sum_with_binary64_envelope
S1,leave_environment_A,polynomial,451,32,True,0.40468229927831506,mp100_final_sum_with_binary64_envelope
S1,leave_environment_A,polynomial,452,32,True,0.7469290046337652,mp100_final_sum_with_binary64_envelope
S1,leave_environment_A,polynomial,453,32,True,0.8481728387225885,mp100_final_sum_with_binary64_envelope
S1,leave_environment_A,polynomial,454,32,True,0.2942270521375929,mp100_final_sum_with_binary64_envelope
S1,leave_environment_A,polynomial,455,32,True,0.13247974707720192,mp100_final_sum_with_binary64_envelope
S1,leave_environment_A,polynomial,456,32,True,0.4882540391399009,mp100_final_sum_with_binary64_envelope
S1,leave_environment_A,polynomial,457,32,True,0.5353539954705597,mp100_final_sum_with_binary64_envelope
S1,leave_environment_A,polynomial,458,32,True,0.2459085876804978,mp100_final_sum_with_binary64_envelope
S1,leave_environment_A,polynomial,459,32,True,0.3103461099482282,mp100_final_sum_with_binary64_envelope
S1,leave_environment_A,polynomial,460,32,True,0.593444101964362,mp100_final_sum_with_binary64_envelope
S1,leave_environment_A,polynomial,461,32,True,0.6332888010893513,mp100_final_sum_with_binary64_envelope
S1,leave_environment_A,polynomial,462,32,True,0.5036601752792563,mp100_final_sum_with_binary64_envelope
S1,leave_environment_A,polynomial,465,32,True,0.2244947113436456,mp100_final_sum_with_binary64_envelope
S1,leave_environment_A,polynomial,466,32,True,0.16027743019769755,mp100_final_sum_with_binary64_envelope
S1,leave_environment_A,polynomial,467,32,True,0.4859307470033433,mp100_final_sum_with_binary64_envelope
S1,leave_environment_A,polynomial,468,32,True,0.6883421107410704,mp100_final_sum_with_binary64_envelope
S1,leave_environment_A,polynomial,469,32,True,0.6596722627942042,mp100_final_sum_with_binary64_envelope
S1,leave_environment_A,polynomial,471,32,True,0.10514707722976505,mp100_final_sum_with_binary64_envelope
S1,leave_environment_A,polynomial,472,32,True,0.5275421843741458,mp100_final_sum_with_binary64_envelope
S1,leave_environment_A,polynomial,473,32,True,0.3592115579214168,mp100_final_sum_with_binary64_envelope
S1,leave_environment_A,polynomial,474,32,True,0.5084118563407684,mp100_final_sum_with_binary64_envelope
S1,leave_environment_A,polynomial,476,35,True,0.10187515917004564,mp100_final_sum_with_binary64_envelope
S1,leave_environment_A,polynomial,477,32,True,0.5730185796063914,mp100_final_sum_with_binary64_envelope
S1,leave_environment_A,polynomial,478,32,True,0.49619465849430067,mp100_final_sum_with_binary64_envelope
S1,leave_environment_A,polynomial,479,32,True,0.42946989859751866,mp100_final_sum_with_binary64_envelope
S1,leave_environment_A,polynomial,480,33,True,0.004521502588181115,mp100_final_sum_with_binary64_envelope
S1,leave_environment_A,polynomial,481,33,True,0.18409019600613205,mp100_final_sum_with_binary64_envelope
S1,leave_environment_A,polynomial,482,33,True,0.19471164219452633,mp100_final_sum_with_binary64_envelope
S1,leave_environment_A,polynomial,483,33,True,0.6344533439951425,mp100_final_sum_with_binary64_envelope
S1,leave_environment_A,polynomial,484,33,True,0.6843801163965492,mp100_final_sum_with_binary64_envelope
S1,leave_environment_A,polynomial,485,33,True,0.1954288756894878,mp100_final_sum_with_binary64_envelope
S1,leave_environment_A,polynomial,486,33,True,0.310373288258478,mp100_final_sum_with_binary64_envelope
S1,leave_environment_A,polynomial,488,33,True,0.5665273191445206,mp100_final_sum_with_binary64_envelope
S1,leave_environment_A,polynomial,489,33,True,0.5091194467590549,mp100_final_sum_with_binary64_envelope
S1,leave_environment_A,polynomial,490,33,True,0.08612495271836497,mp100_final_sum_with_binary64_envelope
S1,leave_environment_A,polynomial,491,33,True,0.48055444850027373,mp100_final_sum_with_binary64_envelope
S1,leave_environment_A,polynomial,492,33,True,0.43937477832763105,mp100_final_sum_with_binary64_envelope
S1,leave_environment_A,polynomial,493,33,True,0.05626162436209332,mp100_final_sum_with_binary64_envelope
S1,leave_environment_A,polynomial,494,33,True,0.015521642810586076,mp100_final_sum_with_binary64_envelope
S1,leave_environment_A,polynomial,495,33,True,0.2549580853427971,mp100_final_sum_with_binary64_envelope
S1,leave_environment_A,polynomial,496,33,True,0.07533553230793877,mp100_final_sum_with_binary64_envelope
S1,leave_environment_A,polynomial,497,32,True,0.06575734263459432,mp100_final_sum_with_binary64_envelope
S1,leave_environment_A,polynomial,498,33,True,0.18929581256512962,mp100_final_sum_with_binary64_envelope
S1,leave_environment_A,polynomial,499,33,True,0.8629333113373026,mp100_final_sum_with_binary64_envelope
S1,leave_environment_A,polynomial,500,33,True,0.48258543263883463,mp100_final_sum_with_binary64_envelope
S1,leave_environment_A,polynomial,501,33,True,0.40928913388281096,mp100_final_sum_with_binary64_envelope
S1,leave_environment_A,polynomial,502,33,True,0.35765613084988707,mp100_final_sum_with_binary64_envelope
S1,leave_environment_A,polynomial,503,33,True,0.7122493746315781,mp100_final_sum_with_binary64_envelope
S1,leave_environment_A,polynomial,504,33,True,0.3643505423410372,mp100_final_sum_with_binary64_envelope
S1,leave_environment_A,polynomial,506,33,True,0.35248574869335636,mp100_final_sum_with_binary64_envelope
S1,leave_environment_A,polynomial,507,33,True,0.05667089340858177,mp100_final_sum_with_binary64_envelope
S1,leave_environment_A,polynomial,508,33,True,0.30124609928189694,mp100_final_sum_with_binary64_envelope
S1,leave_environment_A,polynomial,509,33,True,0.45576685636115855,mp100_final_sum_with_binary64_envelope
S1,leave_environment_A,polynomial,510,33,True,0.3568053776823783,mp100_final_sum_with_binary64_envelope
S1,leave_environment_A,polynomial,511,33,True,0.6618815880967537,mp100_final_sum_with_binary64_envelope
S1,leave_environment_A,polynomial,512,33,True,0.5955600715386289,mp100_final_sum_with_binary64_envelope
S1,leave_environment_A,polynomial,513,33,True,0.5575816979526185,mp100_final_sum_with_binary64_envelope
S1,leave_environment_A,polynomial,516,33,True,0.828618199454967,mp100_final_sum_with_binary64_envelope
S1,leave_environment_A,polynomial,517,33,True,0.6725922154949615,mp100_final_sum_with_binary64_envelope
S1,leave_environment_A,polynomial,518,33,True,0.3451580315686299,mp100_final_sum_with_binary64_envelope
S1,leave_environment_A,polynomial,519,33,True,0.07861978521014404,mp100_final_sum_with_binary64_envelope
S1,leave_environment_A,polynomial,520,34,True,0.1562082689955963,mp100_final_sum_with_binary64_envelope
S1,leave_environment_A,polynomial,521,34,True,0.6817943539245477,mp100_final_sum_with_binary64_envelope
S1,leave_environment_A,polynomial,523,34,True,0.007594239281151716,mp100_final_sum_with_binary64_envelope
S1,leave_environment_A,polynomial,524,39,True,0.07134491425565663,mp100_final_sum_with_binary64_envelope
S1,leave_environment_A,polynomial,525,34,True,0.5607558997784966,mp100_final_sum_with_binary64_envelope
S1,leave_environment_A,polynomial,526,34,True,0.5461277404150883,mp100_final_sum_with_binary64_envelope
S1,leave_environment_A,polynomial,528,39,True,0.005453907601841389,mp100_final_sum_with_binary64_envelope
S1,leave_environment_A,polynomial,529,39,True,0.15443258049010786,mp100_final_sum_with_binary64_envelope
S1,leave_environment_A,polynomial,530,34,True,0.2576644579862385,mp100_final_sum_with_binary64_envelope
S1,leave_environment_A,polynomial,531,37,True,0.034640787134248445,mp100_final_sum_with_binary64_envelope
S1,leave_environment_A,polynomial,532,34,True,0.23952273324879544,mp100_final_sum_with_binary64_envelope
S1,leave_environment_A,polynomial,533,38,True,0.27637214599744836,mp100_final_sum_with_binary64_envelope
S1,leave_environment_A,polynomial,534,34,True,0.21870065682553844,mp100_final_sum_with_binary64_envelope
S1,leave_environment_A,polynomial,535,34,True,0.2562209087429942,mp100_final_sum_with_binary64_envelope
S1,leave_environment_A,polynomial,536,34,True,0.5738791587790588,mp100_final_sum_with_binary64_envelope
S1,leave_environment_A,polynomial,537,34,True,0.24241547416421905,mp100_final_sum_with_binary64_envelope
S1,leave_environment_A,polynomial,538,34,True,0.3622939399929716,mp100_final_sum_with_binary64_envelope
S1,leave_environment_A,polynomial,539,34,True,0.41082036179642634,mp100_final_sum_with_binary64_envelope
S1,leave_environment_A,polynomial,540,34,True,0.147423675646035,mp100_final_sum_with_binary64_envelope
S1,leave_environment_A,polynomial,541,34,True,0.7630475943430033,mp100_final_sum_with_binary64_envelope
S1,leave_environment_A,polynomial,542,39,True,0.11177076319766484,mp100_final_sum_with_binary64_envelope
S1,leave_environment_A,polynomial,543,34,True,0.18022810542372764,mp100_final_sum_with_binary64_envelope
S1,leave_environment_A,polynomial,544,34,True,0.25175946160045853,mp100_final_sum_with_binary64_envelope
S1,leave_environment_A,polynomial,545,34,True,0.44248200519350284,mp100_final_sum_with_binary64_envelope
S1,leave_environment_A,polynomial,546,38,True,0.42634421555465446,mp100_final_sum_with_binary64_envelope
S1,leave_environment_A,polynomial,547,34,True,0.17219713995340546,mp100_final_sum_with_binary64_envelope
S1,leave_environment_A,polynomial,548,34,True,0.6644758753742551,mp100_final_sum_with_binary64_envelope
S1,leave_environment_A,polynomial,549,34,True,0.14853698554594452,mp100_final_sum_with_binary64_envelope
S1,leave_environment_A,polynomial,551,34,True,0.45059084067293426,mp100_final_sum_with_binary64_envelope
S1,leave_environment_A,polynomial,553,34,True,0.45897542969774335,mp100_final_sum_with_binary64_envelope
S1,leave_environment_A,polynomial,554,34,True,0.4038342646879654,mp100_final_sum_with_binary64_envelope
S1,leave_environment_A,polynomial,555,34,True,0.3457788390130589,mp100_final_sum_with_binary64_envelope
S1,leave_environment_A,polynomial,556,34,True,0.3716006839617633,mp100_final_sum_with_binary64_envelope
S1,leave_environment_A,polynomial,557,34,True,0.157506639717847,mp100_final_sum_with_binary64_envelope
S1,leave_environment_A,polynomial,558,34,True,0.4060002897359235,mp100_final_sum_with_binary64_envelope
S1,leave_environment_A,polynomial,559,34,True,0.14233244242267598,mp100_final_sum_with_binary64_envelope
S1,leave_environment_A,polynomial,560,35,True,0.6496289492178056,mp100_final_sum_with_binary64_envelope
S1,leave_environment_A,polynomial,561,35,True,0.4225004183644907,mp100_final_sum_with_binary64_envelope
S1,leave_environment_A,polynomial,562,35,True,0.46547644591525483,mp100_final_sum_with_binary64_envelope
S1,leave_environment_A,polynomial,563,35,True,0.5837001444153355,mp100_final_sum_with_binary64_envelope
S1,leave_environment_A,polynomial,564,35,True,0.3316799333818085,mp100_final_sum_with_binary64_envelope
S1,leave_environment_A,polynomial,565,35,True,0.19871954305555845,mp100_final_sum_with_binary64_envelope
S1,leave_environment_A,polynomial,567,35,True,0.6903625959172472,mp100_final_sum_with_binary64_envelope
S1,leave_environment_A,polynomial,568,35,True,0.6799014626134238,mp100_final_sum_with_binary64_envelope
S1,leave_environment_A,polynomial,569,35,True,0.4735686252078945,mp100_final_sum_with_binary64_envelope
S1,leave_environment_A,polynomial,570,35,True,0.6458030520016217,mp100_final_sum_with_binary64_envelope
S1,leave_environment_A,polynomial,571,35,True,0.4946536464575149,mp100_final_sum_with_binary64_envelope
S1,leave_environment_A,polynomial,572,35,True,0.7549110320545982,mp100_final_sum_with_binary64_envelope
S1,leave_environment_A,polynomial,573,35,True,0.6620934115275157,mp100_final_sum_with_binary64_envelope
S1,leave_environment_A,polynomial,574,35,True,0.2383489412016874,mp100_final_sum_with_binary64_envelope
S1,leave_environment_A,polynomial,575,35,True,0.4803942199580995,mp100_final_sum_with_binary64_envelope
S1,leave_environment_A,polynomial,576,35,True,0.7536382678120918,mp100_final_sum_with_binary64_envelope
S1,leave_environment_A,polynomial,577,35,True,0.9133814146748201,mp100_final_sum_with_binary64_envelope
S1,leave_environment_A,polynomial,578,35,True,0.5487300493486379,mp100_final_sum_with_binary64_envelope
S1,leave_environment_A,polynomial,579,35,True,0.4052812462289304,mp100_final_sum_with_binary64_envelope
S1,leave_environment_A,polynomial,580,35,True,0.3688499653327085,mp100_final_sum_with_binary64_envelope
S1,leave_environment_A,polynomial,581,35,True,0.15660690419920476,mp100_final_sum_with_binary64_envelope
S1,leave_environment_A,polynomial,582,35,True,0.5039558641791927,mp100_final_sum_with_binary64_envelope
S1,leave_environment_A,polynomial,583,35,True,0.9403302687491284,mp100_final_sum_with_binary64_envelope
S1,leave_environment_A,polynomial,584,35,True,0.50847487605251,mp100_final_sum_with_binary64_envelope
S1,leave_environment_A,polynomial,585,35,True,0.2752624572085306,mp100_final_sum_with_binary64_envelope
S1,leave_environment_A,polynomial,586,35,True,0.9459007890553144,mp100_final_sum_with_binary64_envelope
S1,leave_environment_A,polynomial,587,35,True,0.6132838899163265,mp100_final_sum_with_binary64_envelope
S1,leave_environment_A,polynomial,588,35,True,0.4917893771721556,mp100_final_sum_with_binary64_envelope
S1,leave_environment_A,polynomial,589,35,True,0.30403220114990664,mp100_final_sum_with_binary64_envelope
S1,leave_environment_A,polynomial,590,35,True,0.839690626195032,mp100_final_sum_with_binary64_envelope
S1,leave_environment_A,polynomial,591,35,True,0.6958062134214987,mp100_final_sum_with_binary64_envelope
S1,leave_environment_A,polynomial,592,35,True,0.7956373272334911,mp100_final_sum_with_binary64_envelope
S1,leave_environment_A,polynomial,593,35,True,0.3978116642617578,mp100_final_sum_with_binary64_envelope
S1,leave_environment_A,polynomial,594,35,True,0.42262190095871993,mp100_final_sum_with_binary64_envelope
S1,leave_environment_A,polynomial,595,35,True,0.3753650511321919,mp100_final_sum_with_binary64_envelope
S1,leave_environment_A,polynomial,596,35,True,0.5048410154187223,mp100_final_sum_with_binary64_envelope
S1,leave_environment_A,polynomial,597,35,True,0.4274438213310319,mp100_final_sum_with_binary64_envelope
S1,leave_environment_A,polynomial,598,35,True,0.9041813659801408,mp100_final_sum_with_binary64_envelope
S1,leave_environment_A,polynomial,599,35,True,0.5320444282587001,mp100_final_sum_with_binary64_envelope
S1,leave_environment_A,polynomial,602,36,True,0.028261494144390983,mp100_final_sum_with_binary64_envelope
S1,leave_environment_A,polynomial,603,36,True,0.24972312660634208,mp100_final_sum_with_binary64_envelope
S1,leave_environment_A,polynomial,604,36,True,0.38771002759971596,mp100_final_sum_with_binary64_envelope
S1,leave_environment_A,polynomial,605,33,True,0.18993273499329724,mp100_final_sum_with_binary64_envelope
S1,leave_environment_A,polynomial,606,34,True,0.10242990908287483,mp100_final_sum_with_binary64_envelope
S1,leave_environment_A,polynomial,607,36,True,0.1585303878148777,mp100_final_sum_with_binary64_envelope
S1,leave_environment_A,polynomial,608,36,True,0.07549259501481174,mp100_final_sum_with_binary64_envelope
S1,leave_environment_A,polynomial,609,33,True,0.15957718714021407,mp100_final_sum_with_binary64_envelope
S1,leave_environment_A,polynomial,610,36,True,0.5620889496286751,mp100_final_sum_with_binary64_envelope
S1,leave_environment_A,polynomial,611,36,True,0.18755409284225177,mp100_final_sum_with_binary64_envelope
S1,leave_environment_A,polynomial,612,36,True,0.519115109447952,mp100_final_sum_with_binary64_envelope
S1,leave_environment_A,polynomial,614,36,True,0.16238267452344599,mp100_final_sum_with_binary64_envelope
S1,leave_environment_A,polynomial,615,37,True,0.2282900079059988,mp100_final_sum_with_binary64_envelope
S1,leave_environment_A,polynomial,617,36,True,0.31309422427213174,mp100_final_sum_with_binary64_envelope
S1,leave_environment_A,polynomial,618,36,True,0.17185170524390053,mp100_final_sum_with_binary64_envelope
S1,leave_environment_A,polynomial,620,36,True,0.5295989855857515,mp100_final_sum_with_binary64_envelope
S1,leave_environment_A,polynomial,621,36,True,0.190316422494053,mp100_final_sum_with_binary64_envelope
S1,leave_environment_A,polynomial,622,36,True,0.10212282050376219,mp100_final_sum_with_binary64_envelope
S1,leave_environment_A,polynomial,623,36,True,0.30010282785101516,mp100_final_sum_with_binary64_envelope
S1,leave_environment_A,polynomial,625,37,True,0.3505667683696267,mp100_final_sum_with_binary64_envelope
S1,leave_environment_A,polynomial,626,33,True,0.08962350731231399,mp100_final_sum_with_binary64_envelope
S1,leave_environment_A,polynomial,627,36,True,0.39561406346283723,mp100_final_sum_with_binary64_envelope
S1,leave_environment_A,polynomial,628,36,True,0.43529475917911153,mp100_final_sum_with_binary64_envelope
S1,leave_environment_A,polynomial,629,36,True,0.3609224778735014,mp100_final_sum_with_binary64_envelope
S1,leave_environment_A,polynomial,630,36,True,0.3408133260612482,mp100_final_sum_with_binary64_envelope
S1,leave_environment_A,polynomial,632,36,True,0.14537209564553039,mp100_final_sum_with_binary64_envelope
S1,leave_environment_A,polynomial,633,36,True,0.20060480676506007,mp100_final_sum_with_binary64_envelope
S1,leave_environment_A,polynomial,634,36,True,0.12590568308104416,mp100_final_sum_with_binary64_envelope
S1,leave_environment_A,polynomial,636,36,True,0.34821473999372954,mp100_final_sum_with_binary64_envelope
S1,leave_environment_A,polynomial,637,36,True,0.45617048037171476,mp100_final_sum_with_binary64_envelope
S1,leave_environment_A,polynomial,638,36,True,0.07508645831891209,mp100_final_sum_with_binary64_envelope
S1,leave_environment_A,polynomial,639,36,True,0.4098005982559293,mp100_final_sum_with_binary64_envelope
S1,leave_environment_A,polynomial,640,37,True,0.1978874288877831,mp100_final_sum_with_binary64_envelope
S1,leave_environment_A,polynomial,641,37,True,0.0055192389841319895,mp100_final_sum_with_binary64_envelope
S1,leave_environment_A,polynomial,642,33,True,0.0022792762680338276,mp100_final_sum_with_binary64_envelope
S1,leave_environment_A,polynomial,643,37,True,0.13418339561515166,mp100_final_sum_with_binary64_envelope
S1,leave_environment_A,polynomial,644,37,True,0.3383189291266673,mp100_final_sum_with_binary64_envelope
S1,leave_environment_A,polynomial,645,37,True,0.25207721947230755,mp100_final_sum_with_binary64_envelope
S1,leave_environment_A,polynomial,646,37,True,0.32399938644422493,mp100_final_sum_with_binary64_envelope
S1,leave_environment_A,polynomial,647,37,True,0.5016648473059284,mp100_final_sum_with_binary64_envelope
S1,leave_environment_A,polynomial,648,39,True,0.06043498273785582,mp100_final_sum_with_binary64_envelope
S1,leave_environment_A,polynomial,649,37,True,0.21992581068515182,mp100_final_sum_with_binary64_envelope
S1,leave_environment_A,polynomial,650,37,True,0.7118675039926643,mp100_final_sum_with_binary64_envelope
S1,leave_environment_A,polynomial,652,37,True,0.3252782507630006,mp100_final_sum_with_binary64_envelope
S1,leave_environment_A,polynomial,654,38,True,0.026155734545360507,mp100_final_sum_with_binary64_envelope
S1,leave_environment_A,polynomial,655,37,True,0.3965865354178772,mp100_final_sum_with_binary64_envelope
S1,leave_environment_A,polynomial,657,37,True,0.6425172980352926,mp100_final_sum_with_binary64_envelope
S1,leave_environment_A,polynomial,658,37,True,0.5180341641296501,mp100_final_sum_with_binary64_envelope
S1,leave_environment_A,polynomial,659,37,True,0.38018648364668234,mp100_final_sum_with_binary64_envelope
S1,leave_environment_A,polynomial,660,37,True,0.17333938902081847,mp100_final_sum_with_binary64_envelope
S1,leave_environment_A,polynomial,661,37,True,0.14560341293738,mp100_final_sum_with_binary64_envelope
S1,leave_environment_A,polynomial,662,37,True,0.3215562787637373,mp100_final_sum_with_binary64_envelope
S1,leave_environment_A,polynomial,663,32,True,0.17416507661791178,mp100_final_sum_with_binary64_envelope
S1,leave_environment_A,polynomial,665,37,True,0.005579528141600817,mp100_final_sum_with_binary64_envelope
S1,leave_environment_A,polynomial,666,38,True,0.05644850715515866,mp100_final_sum_with_binary64_envelope
S1,leave_environment_A,polynomial,667,37,True,0.6538328744927814,mp100_final_sum_with_binary64_envelope
S1,leave_environment_A,polynomial,668,37,True,0.08033982818422197,mp100_final_sum_with_binary64_envelope
S1,leave_environment_A,polynomial,669,37,True,0.43600427672832026,mp100_final_sum_with_binary64_envelope
S1,leave_environment_A,polynomial,672,37,True,0.08257068538339711,mp100_final_sum_with_binary64_envelope
S1,leave_environment_A,polynomial,673,37,True,0.4410534460882734,mp100_final_sum_with_binary64_envelope
S1,leave_environment_A,polynomial,674,37,True,0.3690480748595245,mp100_final_sum_with_binary64_envelope
S1,leave_environment_A,polynomial,675,37,True,0.3274220083342663,mp100_final_sum_with_binary64_envelope
S1,leave_environment_A,polynomial,677,37,True,0.040754396552209055,mp100_final_sum_with_binary64_envelope
S1,leave_environment_A,polynomial,678,37,True,0.37528017523681045,mp100_final_sum_with_binary64_envelope
S1,leave_environment_A,polynomial,679,37,True,0.7124403343842928,mp100_final_sum_with_binary64_envelope
S1,leave_environment_A,polynomial,680,38,True,0.9989190419205876,mp100_final_sum_with_binary64_envelope
S1,leave_environment_A,polynomial,681,38,True,0.9185793178388871,mp100_final_sum_with_binary64_envelope
S1,leave_environment_A,polynomial,682,38,True,1.2431167778616965,mp100_final_sum_with_binary64_envelope
S1,leave_environment_A,polynomial,683,38,True,1.174516517684676,mp100_final_sum_with_binary64_envelope
S1,leave_environment_A,polynomial,684,38,True,1.0216052820402903,mp100_final_sum_with_binary64_envelope
S1,leave_environment_A,polynomial,685,38,True,1.1211270478202569,mp100_final_sum_with_binary64_envelope
S1,leave_environment_A,polynomial,686,38,True,1.0663239414781327,mp100_final_sum_with_binary64_envelope
S1,leave_environment_A,polynomial,687,38,True,0.7141989281107144,mp100_final_sum_with_binary64_envelope
S1,leave_environment_A,polynomial,688,38,True,0.959558956752087,mp100_final_sum_with_binary64_envelope
S1,leave_environment_A,polynomial,689,38,True,0.9673956060778883,mp100_final_sum_with_binary64_envelope
S1,leave_environment_A,polynomial,690,38,True,0.9789582226844603,mp100_final_sum_with_binary64_envelope
S1,leave_environment_A,polynomial,691,38,True,0.8078501603030803,mp100_final_sum_with_binary64_envelope
S1,leave_environment_A,polynomial,692,38,True,1.169836346617846,mp100_final_sum_with_binary64_envelope
S1,leave_environment_A,polynomial,693,38,True,0.7901646638483854,mp100_final_sum_with_binary64_envelope
S1,leave_environment_A,polynomial,694,38,True,0.919975231097477,mp100_final_sum_with_binary64_envelope
S1,leave_environment_A,polynomial,695,38,True,1.2944290036814958,mp100_final_sum_with_binary64_envelope
S1,leave_environment_A,polynomial,696,38,True,0.6693149061578896,mp100_final_sum_with_binary64_envelope
S1,leave_environment_A,polynomial,697,38,True,0.8708619209624846,mp100_final_sum_with_binary64_envelope
S1,leave_environment_A,polynomial,698,38,True,0.8141850464586178,mp100_final_sum_with_binary64_envelope
S1,leave_environment_A,polynomial,699,38,True,1.1683775843649031,mp100_final_sum_with_binary64_envelope
S1,leave_environment_A,polynomial,700,38,True,1.3093021068034985,mp100_final_sum_with_binary64_envelope
S1,leave_environment_A,polynomial,701,38,True,0.8306869135073252,mp100_final_sum_with_binary64_envelope
S1,leave_environment_A,polynomial,702,38,True,0.8330705910361789,mp100_final_sum_with_binary64_envelope
S1,leave_environment_A,polynomial,703,38,True,0.785982203916401,mp100_final_sum_with_binary64_envelope
S1,leave_environment_A,polynomial,704,38,True,0.6579389546808849,mp100_final_sum_with_binary64_envelope
S1,leave_environment_A,polynomial,705,38,True,0.5063569572837742,mp100_final_sum_with_binary64_envelope
S1,leave_environment_A,polynomial,706,38,True,0.7239129280545709,mp100_final_sum_with_binary64_envelope
S1,leave_environment_A,polynomial,707,38,True,0.7377646861396762,mp100_final_sum_with_binary64_envelope
S1,leave_environment_A,polynomial,708,38,True,0.6771083932975854,mp100_final_sum_with_binary64_envelope
S1,leave_environment_A,polynomial,709,38,True,0.7194976043417588,mp100_final_sum_with_binary64_envelope
S1,leave_environment_A,polynomial,710,38,True,1.2111641329002822,mp100_final_sum_with_binary64_envelope
S1,leave_environment_A,polynomial,711,38,True,1.241158573226204,mp100_final_sum_with_binary64_envelope
S1,leave_environment_A,polynomial,712,38,True,0.5577040760120405,mp100_final_sum_with_binary64_envelope
S1,leave_environment_A,polynomial,713,38,True,0.6730778110911545,mp100_final_sum_with_binary64_envelope
S1,leave_environment_A,polynomial,714,38,True,0.39089794280863843,mp100_final_sum_with_binary64_envelope
S1,leave_environment_A,polynomial,715,38,True,0.5936837091154675,mp100_final_sum_with_binary64_envelope
S1,leave_environment_A,polynomial,716,38,True,1.0691270793454621,mp100_final_sum_with_binary64_envelope
S1,leave_environment_A,polynomial,717,38,True,1.1243191108438357,mp100_final_sum_with_binary64_envelope
S1,leave_environment_A,polynomial,718,38,True,0.7182400233427577,mp100_final_sum_with_binary64_envelope
S1,leave_environment_A,polynomial,719,38,True,1.3080160885366843,mp100_final_sum_with_binary64_envelope
S1,leave_environment_A,polynomial,720,39,True,0.3933769827242188,mp100_final_sum_with_binary64_envelope
S1,leave_environment_A,polynomial,722,39,True,0.17106077732219221,mp100_final_sum_with_binary64_envelope
S1,leave_environment_A,polynomial,724,39,True,0.020446817416906148,mp100_final_sum_with_binary64_envelope
S1,leave_environment_A,polynomial,725,37,True,0.00045884769940705166,mp100_final_sum_with_binary64_envelope
S1,leave_environment_A,polynomial,729,39,True,0.1323546957276473,mp100_final_sum_with_binary64_envelope
S1,leave_environment_A,polynomial,730,38,True,0.10911917906863264,mp100_final_sum_with_binary64_envelope
S1,leave_environment_A,polynomial,733,37,True,0.17366915959279072,mp100_final_sum_with_binary64_envelope
S1,leave_environment_A,polynomial,734,39,True,0.19741363941310186,mp100_final_sum_with_binary64_envelope
S1,leave_environment_A,polynomial,735,39,True,0.2771300001685955,mp100_final_sum_with_binary64_envelope
S1,leave_environment_A,polynomial,736,38,True,0.2720524615901286,mp100_final_sum_with_binary64_envelope
S1,leave_environment_A,polynomial,740,39,True,0.007792143744899928,mp100_final_sum_with_binary64_envelope
S1,leave_environment_A,polynomial,741,39,True,0.14249262899120352,mp100_final_sum_with_binary64_envelope
S1,leave_environment_A,polynomial,742,39,True,0.20194500283301384,mp100_final_sum_with_binary64_envelope
S1,leave_environment_A,polynomial,743,39,True,0.4707922629282891,mp100_final_sum_with_binary64_envelope
S1,leave_environment_A,polynomial,745,32,True,0.15189140214472371,mp100_final_sum_with_binary64_envelope
S1,leave_environment_A,polynomial,746,38,True,0.010723167518447997,mp100_final_sum_with_binary64_envelope
S1,leave_environment_A,polynomial,747,32,True,0.12643171439388323,mp100_final_sum_with_binary64_envelope
S1,leave_environment_A,polynomial,748,32,True,0.21084668297739953,mp100_final_sum_with_binary64_envelope
S1,leave_environment_A,polynomial,750,32,True,0.12546583590747457,mp100_final_sum_with_binary64_envelope
S1,leave_environment_A,polynomial,751,39,True,0.10151570723083986,mp100_final_sum_with_binary64_envelope
S1,leave_environment_A,polynomial,752,39,True,0.050340022367999886,mp100_final_sum_with_binary64_envelope
S1,leave_environment_A,polynomial,757,37,True,0.29174270989831147,mp100_final_sum_with_binary64_envelope
S1,leave_environment_A,polynomial,758,37,True,0.15181316683322896,mp100_final_sum_with_binary64_envelope
S1,leave_environment_A,polynomial,760,40,True,0.041416546322499935,mp100_final_sum_with_binary64_envelope
S1,leave_environment_A,polynomial,761,39,True,0.06401601939344086,mp100_final_sum_with_binary64_envelope
S1,leave_environment_A,polynomial,763,40,True,0.278399884192868,mp100_final_sum_with_binary64_envelope
S1,leave_environment_A,polynomial,764,40,True,0.10146664937854495,mp100_final_sum_with_binary64_envelope
S1,leave_environment_A,polynomial,765,40,True,0.24415095654095736,mp100_final_sum_with_binary64_envelope
S1,leave_environment_A,polynomial,767,40,True,0.4957638249549824,mp100_final_sum_with_binary64_envelope
S1,leave_environment_A,polynomial,768,40,True,0.08955407142337021,mp100_final_sum_with_binary64_envelope
S1,leave_environment_A,polynomial,769,32,True,0.22722735732784663,mp100_final_sum_with_binary64_envelope
S1,leave_environment_A,polynomial,770,34,True,0.06761326395461739,mp100_final_sum_with_binary64_envelope
S1,leave_environment_A,polynomial,772,40,True,0.10159259114008148,mp100_final_sum_with_binary64_envelope
S1,leave_environment_A,polynomial,773,34,True,0.1467333237931261,mp100_final_sum_with_binary64_envelope
S1,leave_environment_A,polynomial,774,40,True,0.578318152459099,mp100_final_sum_with_binary64_envelope
S1,leave_environment_A,polynomial,780,40,True,0.1997192471658972,mp100_final_sum_with_binary64_envelope
S1,leave_environment_A,polynomial,782,40,True,0.19645514906459305,mp100_final_sum_with_binary64_envelope
S1,leave_environment_A,polynomial,783,40,True,0.10814146947015635,mp100_final_sum_with_binary64_envelope
S1,leave_environment_A,polynomial,784,40,True,0.22763900178779786,mp100_final_sum_with_binary64_envelope
S1,leave_environment_A,polynomial,785,40,True,0.2976192776763194,mp100_final_sum_with_binary64_envelope
S1,leave_environment_A,polynomial,786,40,True,0.1952008347792636,mp100_final_sum_with_binary64_envelope
S1,leave_environment_A,polynomial,792,40,True,0.1088229750283702,mp100_final_sum_with_binary64_envelope
S1,leave_environment_A,polynomial,793,40,True,0.06022024051554662,mp100_final_sum_with_binary64_envelope
S1,leave_environment_A,polynomial,794,40,True,0.36079002364936197,mp100_final_sum_with_binary64_envelope
S1,leave_environment_A,polynomial,795,40,True,0.03788278287475961,mp100_final_sum_with_binary64_envelope
S1,leave_environment_A,polynomial,798,40,True,0.05092536077283488,mp100_final_sum_with_binary64_envelope
S1,leave_environment_A,random_orthogonal,400,31,True,0.34154351506784714,mp100_final_sum_with_binary64_envelope
S1,leave_environment_A,random_orthogonal,405,31,True,0.22346623687964862,mp100_final_sum_with_binary64_envelope
S1,leave_environment_A,random_orthogonal,409,31,True,0.042165380934405375,mp100_final_sum_with_binary64_envelope
S1,leave_environment_A,random_orthogonal,413,31,True,0.09001990923472215,mp100_final_sum_with_binary64_envelope
S1,leave_environment_A,random_orthogonal,430,31,True,0.4059500498497479,mp100_final_sum_with_binary64_envelope
S1,leave_environment_A,random_orthogonal,433,31,True,0.7023036454262637,mp100_final_sum_with_binary64_envelope
S1,leave_environment_A,random_orthogonal,435,31,True,0.20220200766527704,mp100_final_sum_with_binary64_envelope
S1,leave_environment_A,random_orthogonal,437,31,True,0.9686804571324612,mp100_final_sum_with_binary64_envelope
S1,leave_environment_A,permuted_polynomial,400,31,True,0.5989181014388925,mp100_final_sum_with_binary64_envelope
S1,leave_environment_A,permuted_polynomial,401,31,True,0.29895974675438786,mp100_final_sum_with_binary64_envelope
S1,leave_environment_A,permuted_polynomial,402,31,True,0.8818143816266917,mp100_final_sum_with_binary64_envelope
S1,leave_environment_A,permuted_polynomial,404,31,True,0.7464418961795064,mp100_final_sum_with_binary64_envelope
S1,leave_environment_A,permuted_polynomial,405,31,True,0.01493094943919585,mp100_final_sum_with_binary64_envelope
S1,leave_environment_A,permuted_polynomial,406,31,True,0.5319571903079752,mp100_final_sum_with_binary64_envelope
S1,leave_environment_A,permuted_polynomial,408,31,True,0.3382828286456694,mp100_final_sum_with_binary64_envelope
S1,leave_environment_A,permuted_polynomial,409,31,True,0.8098471768578511,mp100_final_sum_with_binary64_envelope
S1,leave_environment_A,permuted_polynomial,410,31,True,0.6963372453882306,mp100_final_sum_with_binary64_envelope
S1,leave_environment_A,permuted_polynomial,412,31,True,0.5966999648708542,mp100_final_sum_with_binary64_envelope
S1,leave_environment_A,permuted_polynomial,414,31,True,0.979388688426312,mp100_final_sum_with_binary64_envelope
S1,leave_environment_A,permuted_polynomial,416,31,True,0.07409095129532466,mp100_final_sum_with_binary64_envelope
S1,leave_environment_A,permuted_polynomial,417,31,True,0.6391251629709664,mp100_final_sum_with_binary64_envelope
S1,leave_environment_A,permuted_polynomial,418,31,True,0.4242383743766987,mp100_final_sum_with_binary64_envelope
S1,leave_environment_A,permuted_polynomial,419,31,True,0.3939089201806809,mp100_final_sum_with_binary64_envelope
S1,leave_environment_A,permuted_polynomial,421,31,True,0.7680865384552623,mp100_final_sum_with_binary64_envelope
S1,leave_environment_A,permuted_polynomial,422,31,True,0.16667924194546402,mp100_final_sum_with_binary64_envelope
S1,leave_environment_A,permuted_polynomial,423,31,True,0.6129983449124253,mp100_final_sum_with_binary64_envelope
S1,leave_environment_A,permuted_polynomial,425,31,True,0.11205873789289623,mp100_final_sum_with_binary64_envelope
S1,leave_environment_A,permuted_polynomial,426,31,True,0.5651217254715372,mp100_final_sum_with_binary64_envelope
S1,leave_environment_A,permuted_polynomial,427,31,True,0.8794948549338046,mp100_final_sum_with_binary64_envelope
S1,leave_environment_A,permuted_polynomial,428,31,True,0.386310814129487,mp100_final_sum_with_binary64_envelope
S1,leave_environment_A,permuted_polynomial,430,31,True,0.3846063354168592,mp100_final_sum_with_binary64_envelope
S1,leave_environment_A,permuted_polynomial,432,31,True,0.42963798721546287,mp100_final_sum_with_binary64_envelope
S1,leave_environment_A,permuted_polynomial,433,31,True,0.2506262596679551,mp100_final_sum_with_binary64_envelope
S1,leave_environment_A,permuted_polynomial,435,31,True,0.35390424841231294,mp100_final_sum_with_binary64_envelope
S1,leave_environment_A,permuted_polynomial,436,31,True,0.18300028683350428,mp100_final_sum_with_binary64_envelope
S1,leave_environment_A,permuted_polynomial,437,31,True,0.4994442901253977,mp100_final_sum_with_binary64_envelope
S1,leave_environment_A,permuted_polynomial,439,31,True,0.39850935000513915,mp100_final_sum_with_binary64_envelope
S1,leave_environment_B,dct,1001,36,True,0.39483301482332933,mp100_final_sum_with_binary64_envelope
S1,leave_environment_B,dct,1005,36,True,0.15250689836189377,mp100_final_sum_with_binary64_envelope
S1,leave_environment_B,dct,1007,36,True,0.18750116784118076,mp100_final_sum_with_binary64_envelope
S1,leave_environment_B,dct,1008,36,True,0.3426279379657254,mp100_final_sum_with_binary64_envelope
S1,leave_environment_B,dct,1013,36,True,0.39237499804265497,mp100_final_sum_with_binary64_envelope
S1,leave_environment_B,dct,1021,36,True,0.270972417477963,mp100_final_sum_with_binary64_envelope
S1,leave_environment_B,dct,1022,36,True,0.11280630140366969,mp100_final_sum_with_binary64_envelope
S1,leave_environment_B,dct,1025,36,True,0.046707316652533956,mp100_final_sum_with_binary64_envelope
S1,leave_environment_B,dft,800,31,True,0.36393572995134804,mp100_final_sum_with_binary64_envelope
S1,leave_environment_B,dft,801,31,True,0.0063957672422031075,mp100_final_sum_with_binary64_envelope
S1,leave_environment_B,dft,802,31,True,0.331789853859846,mp100_final_sum_with_binary64_envelope
S1,leave_environment_B,dft,806,31,True,0.3557510785196176,mp100_final_sum_with_binary64_envelope
S1,leave_environment_B,dft,808,31,True,0.10261897870663417,mp100_final_sum_with_binary64_envelope
S1,leave_environment_B,dft,809,31,True,0.008756432774578675,mp100_final_sum_with_binary64_envelope
S1,leave_environment_B,dft,810,31,True,0.22101986761647144,mp100_final_sum_with_binary64_envelope
S1,leave_environment_B,dft,812,31,True,0.17647966697862033,mp100_final_sum_with_binary64_envelope
S1,leave_environment_B,dft,814,31,True,0.13297319918630007,mp100_final_sum_with_binary64_envelope
S1,leave_environment_B,dft,816,31,True,0.6606795011970152,mp100_final_sum_with_binary64_envelope
S1,leave_environment_B,dft,817,31,True,0.03274144948474793,mp100_final_sum_with_binary64_envelope
S1,leave_environment_B,dft,818,31,True,0.17915627304341514,mp100_final_sum_with_binary64_envelope
S1,leave_environment_B,dft,819,31,True,0.3031481675755991,mp100_final_sum_with_binary64_envelope
S1,leave_environment_B,dft,821,31,True,0.3115397270748953,mp100_final_sum_with_binary64_envelope
S1,leave_environment_B,dft,822,31,True,0.36984438018531224,mp100_final_sum_with_binary64_envelope
S1,leave_environment_B,dft,823,31,True,0.8566661981078553,mp100_final_sum_with_binary64_envelope
S1,leave_environment_B,dft,824,31,True,0.49732105362700696,mp100_final_sum_with_binary64_envelope
S1,leave_environment_B,dft,825,31,True,0.3738499391659723,mp100_final_sum_with_binary64_envelope
S1,leave_environment_B,dft,829,31,True,0.7932620746149437,mp100_final_sum_with_binary64_envelope
S1,leave_environment_B,dft,835,31,True,0.7845403278829094,mp100_final_sum_with_binary64_envelope
S1,leave_environment_B,dft,836,31,True,0.33870346210833674,mp100_final_sum_with_binary64_envelope
S1,leave_environment_B,dft,837,31,True,0.06473389565985926,mp100_final_sum_with_binary64_envelope
S1,leave_environment_B,dft,839,31,True,0.26536062192636894,mp100_final_sum_with_binary64_envelope
S1,leave_environment_B,polynomial,800,31,True,0.7187751459534326,mp100_final_sum_with_binary64_envelope
S1,leave_environment_B,polynomial,801,31,True,0.3219444070150862,mp100_final_sum_with_binary64_envelope
S1,leave_environment_B,polynomial,802,31,True,0.622140873924078,mp100_final_sum_with_binary64_envelope
S1,leave_environment_B,polynomial,803,31,True,0.15352206031861362,mp100_final_sum_with_binary64_envelope
S1,leave_environment_B,polynomial,806,31,True,0.5362582054410375,mp100_final_sum_with_binary64_envelope
S1,leave_environment_B,polynomial,807,31,True,1.0691332806125984,mp100_final_sum_with_binary64_envelope
S1,leave_environment_B,polynomial,808,31,True,0.33472128559548975,mp100_final_sum_with_binary64_envelope
S1,leave_environment_B,polynomial,809,31,True,0.34093940770494185,mp100_final_sum_with_binary64_envelope
S1,leave_environment_B,polynomial,810,31,True,0.6340338883559061,mp100_final_sum_with_binary64_envelope
S1,leave_environment_B,polynomial,811,31,True,0.09889350799969053,mp100_final_sum_with_binary64_envelope
S1,leave_environment_B,polynomial,812,31,True,0.3182310144324964,mp100_final_sum_with_binary64_envelope
S1,leave_environment_B,polynomial,813,31,True,0.5500581110097171,mp100_final_sum_with_binary64_envelope
S1,leave_environment_B,polynomial,814,31,True,1.0985919830353421,mp100_final_sum_with_binary64_envelope
S1,leave_environment_B,polynomial,815,31,True,0.1761904580238279,mp100_final_sum_with_binary64_envelope
S1,leave_environment_B,polynomial,816,31,True,1.0170579164034177,mp100_final_sum_with_binary64_envelope
S1,leave_environment_B,polynomial,817,31,True,0.26247306149007066,mp100_final_sum_with_binary64_envelope
S1,leave_environment_B,polynomial,818,31,True,0.7164323698885591,mp100_final_sum_with_binary64_envelope
S1,leave_environment_B,polynomial,819,31,True,0.6041691364212091,mp100_final_sum_with_binary64_envelope
S1,leave_environment_B,polynomial,820,31,True,0.13513204003045542,mp100_final_sum_with_binary64_envelope
S1,leave_environment_B,polynomial,821,31,True,0.477653853591324,mp100_final_sum_with_binary64_envelope
S1,leave_environment_B,polynomial,822,31,True,0.4279998462347006,mp100_final_sum_with_binary64_envelope
S1,leave_environment_B,polynomial,823,31,True,0.891766379845004,mp100_final_sum_with_binary64_envelope
S1,leave_environment_B,polynomial,824,31,True,0.5730669309470913,mp100_final_sum_with_binary64_envelope
S1,leave_environment_B,polynomial,825,31,True,0.8284528421878159,mp100_final_sum_with_binary64_envelope
S1,leave_environment_B,polynomial,826,31,True,0.2765711486011567,mp100_final_sum_with_binary64_envelope
S1,leave_environment_B,polynomial,827,31,True,0.11962825283378063,mp100_final_sum_with_binary64_envelope
S1,leave_environment_B,polynomial,828,31,True,0.1557333927150428,mp100_final_sum_with_binary64_envelope
S1,leave_environment_B,polynomial,829,31,True,0.9606883550925509,mp100_final_sum_with_binary64_envelope
S1,leave_environment_B,polynomial,830,31,True,0.22584784462117857,mp100_final_sum_with_binary64_envelope
S1,leave_environment_B,polynomial,831,31,True,0.5179565919964377,mp100_final_sum_with_binary64_envelope
S1,leave_environment_B,polynomial,832,31,True,0.951635787623554,mp100_final_sum_with_binary64_envelope
S1,leave_environment_B,polynomial,833,31,True,0.2335365540993072,mp100_final_sum_with_binary64_envelope
S1,leave_environment_B,polynomial,834,31,True,0.08070536668364,mp100_final_sum_with_binary64_envelope
S1,leave_environment_B,polynomial,835,31,True,1.8032455322788337,mp100_final_sum_with_binary64_envelope
S1,leave_environment_B,polynomial,836,31,True,0.9402369117727971,mp100_final_sum_with_binary64_envelope
S1,leave_environment_B,polynomial,837,31,True,0.30905135752879664,mp100_final_sum_with_binary64_envelope
S1,leave_environment_B,polynomial,838,31,True,0.42666782933623876,mp100_final_sum_with_binary64_envelope
S1,leave_environment_B,polynomial,839,31,True,0.680594860348938,mp100_final_sum_with_binary64_envelope
S1,leave_environment_B,polynomial,840,32,True,0.010603112445929427,mp100_final_sum_with_binary64_envelope
S1,leave_environment_B,polynomial,841,32,True,0.49722246906540063,mp100_final_sum_with_binary64_envelope
S1,leave_environment_B,polynomial,842,32,True,0.2532629473344957,mp100_final_sum_with_binary64_envelope
S1,leave_environment_B,polynomial,843,32,True,0.3467804618139378,mp100_final_sum_with_binary64_envelope
S1,leave_environment_B,polynomial,844,35,True,0.4965157516563392,mp100_final_sum_with_binary64_envelope
S1,leave_environment_B,polynomial,845,32,True,0.5927169050844084,mp100_final_sum_with_binary64_envelope
S1,leave_environment_B,polynomial,846,32,True,0.9298343829082031,mp100_final_sum_with_binary64_envelope
S1,leave_environment_B,polynomial,847,31,True,0.03690777973202202,mp100_final_sum_with_binary64_envelope
S1,leave_environment_B,polynomial,848,32,True,0.08648665836246841,mp100_final_sum_with_binary64_envelope
S1,leave_environment_B,polynomial,849,32,True,0.037168750711391765,mp100_final_sum_with_binary64_envelope
S1,leave_environment_B,polynomial,850,31,True,0.053200469086659805,mp100_final_sum_with_binary64_envelope
S1,leave_environment_B,polynomial,851,35,True,0.10794814010580273,mp100_final_sum_with_binary64_envelope
S1,leave_environment_B,polynomial,852,32,True,1.0985888574095015,mp100_final_sum_with_binary64_envelope
S1,leave_environment_B,polynomial,853,32,True,0.36710318463974345,mp100_final_sum_with_binary64_envelope
S1,leave_environment_B,polynomial,854,35,True,0.23602644567679204,mp100_final_sum_with_binary64_envelope
S1,leave_environment_B,polynomial,855,35,True,0.12897530789785228,mp100_final_sum_with_binary64_envelope
S1,leave_environment_B,polynomial,856,35,True,0.1914929393892639,mp100_final_sum_with_binary64_envelope
S1,leave_environment_B,polynomial,857,32,True,0.3517363358909693,mp100_final_sum_with_binary64_envelope
S1,leave_environment_B,polynomial,858,32,True,0.17492005916251074,mp100_final_sum_with_binary64_envelope
S1,leave_environment_B,polynomial,859,32,True,0.7077699594027963,mp100_final_sum_with_binary64_envelope
S1,leave_environment_B,polynomial,861,32,True,0.19255127082270745,mp100_final_sum_with_binary64_envelope
S1,leave_environment_B,polynomial,862,35,True,0.24744107717816166,mp100_final_sum_with_binary64_envelope
S1,leave_environment_B,polynomial,863,32,True,0.4129861576737891,mp100_final_sum_with_binary64_envelope
S1,leave_environment_B,polynomial,864,32,True,0.342299326761973,mp100_final_sum_with_binary64_envelope
S1,leave_environment_B,polynomial,865,32,True,0.6455954298133779,mp100_final_sum_with_binary64_envelope
S1,leave_environment_B,polynomial,866,32,True,0.16121201134978322,mp100_final_sum_with_binary64_envelope
S1,leave_environment_B,polynomial,867,32,True,0.10985332465864647,mp100_final_sum_with_binary64_envelope
S1,leave_environment_B,polynomial,868,34,True,0.19451831642062128,mp100_final_sum_with_binary64_envelope
S1,leave_environment_B,polynomial,869,32,True,0.6475224748677413,mp100_final_sum_with_binary64_envelope
S1,leave_environment_B,polynomial,870,32,True,0.3415352588601979,mp100_final_sum_with_binary64_envelope
S1,leave_environment_B,polynomial,871,32,True,0.04188989837098772,mp100_final_sum_with_binary64_envelope
S1,leave_environment_B,polynomial,872,32,True,0.7649537709258089,mp100_final_sum_with_binary64_envelope
S1,leave_environment_B,polynomial,873,32,True,1.0614908258662716,mp100_final_sum_with_binary64_envelope
S1,leave_environment_B,polynomial,874,32,True,0.6010262363791369,mp100_final_sum_with_binary64_envelope
S1,leave_environment_B,polynomial,875,35,True,0.25490825356204583,mp100_final_sum_with_binary64_envelope
S1,leave_environment_B,polynomial,876,32,True,0.7025220924978267,mp100_final_sum_with_binary64_envelope
S1,leave_environment_B,polynomial,877,32,True,0.24234711963803313,mp100_final_sum_with_binary64_envelope
S1,leave_environment_B,polynomial,879,32,True,0.07196765399227688,mp100_final_sum_with_binary64_envelope
S1,leave_environment_B,polynomial,881,34,True,0.08293689665862529,mp100_final_sum_with_binary64_envelope
S1,leave_environment_B,polynomial,884,33,True,0.4680733540522888,mp100_final_sum_with_binary64_envelope
S1,leave_environment_B,polynomial,887,33,True,0.537323547459593,mp100_final_sum_with_binary64_envelope
S1,leave_environment_B,polynomial,888,33,True,0.1808923343599416,mp100_final_sum_with_binary64_envelope
S1,leave_environment_B,polynomial,889,37,True,0.2544366558264701,mp100_final_sum_with_binary64_envelope
S1,leave_environment_B,polynomial,890,33,True,0.07685971179847521,mp100_final_sum_with_binary64_envelope
S1,leave_environment_B,polynomial,891,33,True,0.7974973535064931,mp100_final_sum_with_binary64_envelope
S1,leave_environment_B,polynomial,893,33,True,0.11750823334674654,mp100_final_sum_with_binary64_envelope
S1,leave_environment_B,polynomial,896,33,True,0.7644668117795502,mp100_final_sum_with_binary64_envelope
S1,leave_environment_B,polynomial,897,33,True,0.6038447336020162,mp100_final_sum_with_binary64_envelope
S1,leave_environment_B,polynomial,899,33,True,0.35394385381408894,mp100_final_sum_with_binary64_envelope
S1,leave_environment_B,polynomial,901,34,True,0.19361728108864604,mp100_final_sum_with_binary64_envelope
S1,leave_environment_B,polynomial,902,33,True,0.5870308061552281,mp100_final_sum_with_binary64_envelope
S1,leave_environment_B,polynomial,903,33,True,0.7059053862270681,mp100_final_sum_with_binary64_envelope
S1,leave_environment_B,polynomial,904,33,True,0.3355892552727176,mp100_final_sum_with_binary64_envelope
S1,leave_environment_B,polynomial,905,33,True,0.299974893806007,mp100_final_sum_with_binary64_envelope
S1,leave_environment_B,polynomial,906,33,True,0.19495676080886953,mp100_final_sum_with_binary64_envelope
S1,leave_environment_B,polynomial,907,33,True,0.29205204613149843,mp100_final_sum_with_binary64_envelope
S1,leave_environment_B,polynomial,909,33,True,0.34079119104934336,mp100_final_sum_with_binary64_envelope
S1,leave_environment_B,polynomial,910,32,True,0.17862114863417866,mp100_final_sum_with_binary64_envelope
S1,leave_environment_B,polynomial,911,32,True,0.08826726954781716,mp100_final_sum_with_binary64_envelope
S1,leave_environment_B,polynomial,913,33,True,0.18594927518886373,mp100_final_sum_with_binary64_envelope
S1,leave_environment_B,polynomial,914,33,True,0.4461007500511429,mp100_final_sum_with_binary64_envelope
S1,leave_environment_B,polynomial,915,33,True,0.402572602840056,mp100_final_sum_with_binary64_envelope
S1,leave_environment_B,polynomial,916,33,True,0.3000161277848077,mp100_final_sum_with_binary64_envelope
S1,leave_environment_B,polynomial,917,33,True,0.46660883299584177,mp100_final_sum_with_binary64_envelope
S1,leave_environment_B,polynomial,918,33,True,0.24071789640018568,mp100_final_sum_with_binary64_envelope
S1,leave_environment_B,polynomial,919,33,True,0.04634804800935124,mp100_final_sum_with_binary64_envelope
S1,leave_environment_B,polynomial,920,34,True,0.16441465308095446,mp100_final_sum_with_binary64_envelope
S1,leave_environment_B,polynomial,921,34,True,0.17552574334145443,mp100_final_sum_with_binary64_envelope
S1,leave_environment_B,polynomial,922,34,True,0.13317381053680363,mp100_final_sum_with_binary64_envelope
S1,leave_environment_B,polynomial,923,34,True,0.09453383059059164,mp100_final_sum_with_binary64_envelope
S1,leave_environment_B,polynomial,924,34,True,0.16507664056433508,mp100_final_sum_with_binary64_envelope
S1,leave_environment_B,polynomial,925,34,True,0.30929272118176987,mp100_final_sum_with_binary64_envelope
S1,leave_environment_B,polynomial,926,34,True,0.311035277276326,mp100_final_sum_with_binary64_envelope
S1,leave_environment_B,polynomial,927,34,True,0.4700700397791466,mp100_final_sum_with_binary64_envelope
S1,leave_environment_B,polynomial,928,34,True,0.22932221646515058,mp100_final_sum_with_binary64_envelope
S1,leave_environment_B,polynomial,929,34,True,0.51554287020738,mp100_final_sum_with_binary64_envelope
S1,leave_environment_B,polynomial,930,34,True,0.19256249393284594,mp100_final_sum_with_binary64_envelope
S1,leave_environment_B,polynomial,931,34,True,0.13055636613930754,mp100_final_sum_with_binary64_envelope
S1,leave_environment_B,polynomial,932,38,True,0.17395368747888637,mp100_final_sum_with_binary64_envelope
S1,leave_environment_B,polynomial,933,37,True,0.3411297682859432,mp100_final_sum_with_binary64_envelope
S1,leave_environment_B,polynomial,934,34,True,0.0018290200416547458,mp100_final_sum_with_binary64_envelope
S1,leave_environment_B,polynomial,935,34,True,0.18436584616948423,mp100_final_sum_with_binary64_envelope
S1,leave_environment_B,polynomial,936,34,True,0.12390747861899055,mp100_final_sum_with_binary64_envelope
S1,leave_environment_B,polynomial,937,34,True,0.02660506802807178,mp100_final_sum_with_binary64_envelope
S1,leave_environment_B,polynomial,938,34,True,0.4625132065643065,mp100_final_sum_with_binary64_envelope
S1,leave_environment_B,polynomial,939,34,True,0.3904172782538062,mp100_final_sum_with_binary64_envelope
S1,leave_environment_B,polynomial,940,34,True,0.45186764434802185,mp100_final_sum_with_binary64_envelope
S1,leave_environment_B,polynomial,941,34,True,0.012081213753168027,mp100_final_sum_with_binary64_envelope
S1,leave_environment_B,polynomial,942,34,True,0.2664394291815795,mp100_final_sum_with_binary64_envelope
S1,leave_environment_B,polynomial,944,34,True,0.31825796039988247,mp100_final_sum_with_binary64_envelope
S1,leave_environment_B,polynomial,945,34,True,0.35436915264978064,mp100_final_sum_with_binary64_envelope
S1,leave_environment_B,polynomial,946,34,True,0.8555883039157017,mp100_final_sum_with_binary64_envelope
S1,leave_environment_B,polynomial,947,34,True,0.2632877991599937,mp100_final_sum_with_binary64_envelope
S1,leave_environment_B,polynomial,948,34,True,0.42400008311431153,mp100_final_sum_with_binary64_envelope
S1,leave_environment_B,polynomial,949,34,True,0.3074682200494746,mp100_final_sum_with_binary64_envelope
S1,leave_environment_B,polynomial,950,34,True,0.21937878268445576,mp100_final_sum_with_binary64_envelope
S1,leave_environment_B,polynomial,951,34,True,0.29620727879937386,mp100_final_sum_with_binary64_envelope
S1,leave_environment_B,polynomial,952,34,True,0.3476297172086864,mp100_final_sum_with_binary64_envelope
S1,leave_environment_B,polynomial,953,34,True,0.36949860724220046,mp100_final_sum_with_binary64_envelope
S1,leave_environment_B,polynomial,955,34,True,0.09992891091915554,mp100_final_sum_with_binary64_envelope
S1,leave_environment_B,polynomial,956,34,True,0.09782657108391442,mp100_final_sum_with_binary64_envelope
S1,leave_environment_B,polynomial,957,34,True,0.2939602789896609,mp100_final_sum_with_binary64_envelope
S1,leave_environment_B,polynomial,958,34,True,0.2802164334011249,mp100_final_sum_with_binary64_envelope
S1,leave_environment_B,polynomial,959,34,True,0.06869898316676537,mp100_final_sum_with_binary64_envelope
S1,leave_environment_B,polynomial,960,35,True,0.46482024963917745,mp100_final_sum_with_binary64_envelope
S1,leave_environment_B,polynomial,961,35,True,0.3108063716557881,mp100_final_sum_with_binary64_envelope
S1,leave_environment_B,polynomial,962,35,True,0.5383317687318301,mp100_final_sum_with_binary64_envelope
S1,leave_environment_B,polynomial,963,35,True,0.7454597997455178,mp100_final_sum_with_binary64_envelope
S1,leave_environment_B,polynomial,964,35,True,0.3488453353033317,mp100_final_sum_with_binary64_envelope
S1,leave_environment_B,polynomial,965,35,True,0.8025753114059342,mp100_final_sum_with_binary64_envelope
S1,leave_environment_B,polynomial,966,35,True,0.9859415701779479,mp100_final_sum_with_binary64_envelope
S1,leave_environment_B,polynomial,967,35,True,0.9045976377592624,mp100_final_sum_with_binary64_envelope
S1,leave_environment_B,polynomial,968,35,True,0.6798780037330981,mp100_final_sum_with_binary64_envelope
S1,leave_environment_B,polynomial,969,35,True,0.7076642071171215,mp100_final_sum_with_binary64_envelope
S1,leave_environment_B,polynomial,970,35,True,0.34485259127590145,mp100_final_sum_with_binary64_envelope
S1,leave_environment_B,polynomial,971,35,True,0.5307267672655804,mp100_final_sum_with_binary64_envelope
S1,leave_environment_B,polynomial,972,35,True,0.7117222496001779,mp100_final_sum_with_binary64_envelope
S1,leave_environment_B,polynomial,973,35,True,0.28018351054751356,mp100_final_sum_with_binary64_envelope
S1,leave_environment_B,polynomial,974,35,True,0.341366591653221,mp100_final_sum_with_binary64_envelope
S1,leave_environment_B,polynomial,975,35,True,0.30824202198449385,mp100_final_sum_with_binary64_envelope
S1,leave_environment_B,polynomial,976,35,True,0.32341424904095367,mp100_final_sum_with_binary64_envelope
S1,leave_environment_B,polynomial,977,35,True,1.0412880429796054,mp100_final_sum_with_binary64_envelope
S1,leave_environment_B,polynomial,978,35,True,0.8225806593514807,mp100_final_sum_with_binary64_envelope
S1,leave_environment_B,polynomial,979,35,True,0.18517201151851898,mp100_final_sum_with_binary64_envelope
S1,leave_environment_B,polynomial,980,35,True,0.20002698693059523,mp100_final_sum_with_binary64_envelope
S1,leave_environment_B,polynomial,981,35,True,0.6747586632704525,mp100_final_sum_with_binary64_envelope
S1,leave_environment_B,polynomial,982,35,True,0.5833841151029077,mp100_final_sum_with_binary64_envelope
S1,leave_environment_B,polynomial,983,35,True,0.8274079663022373,mp100_final_sum_with_binary64_envelope
S1,leave_environment_B,polynomial,984,35,True,0.42710789142554684,mp100_final_sum_with_binary64_envelope
S1,leave_environment_B,polynomial,985,35,True,1.1092504035013264,mp100_final_sum_with_binary64_envelope
S1,leave_environment_B,polynomial,986,35,True,0.17867598908396243,mp100_final_sum_with_binary64_envelope
S1,leave_environment_B,polynomial,987,35,True,0.7498799893671699,mp100_final_sum_with_binary64_envelope
S1,leave_environment_B,polynomial,988,35,True,0.5782253929615665,mp100_final_sum_with_binary64_envelope
S1,leave_environment_B,polynomial,989,35,True,0.6181384588358272,mp100_final_sum_with_binary64_envelope
S1,leave_environment_B,polynomial,990,35,True,0.8219451697004746,mp100_final_sum_with_binary64_envelope
S1,leave_environment_B,polynomial,991,35,True,0.2585825966917643,mp100_final_sum_with_binary64_envelope
S1,leave_environment_B,polynomial,992,35,True,0.05178210666904965,mp100_final_sum_with_binary64_envelope
S1,leave_environment_B,polynomial,993,35,True,0.6880253891690162,mp100_final_sum_with_binary64_envelope
S1,leave_environment_B,polynomial,994,35,True,0.1655080179444311,mp100_final_sum_with_binary64_envelope
S1,leave_environment_B,polynomial,995,35,True,0.6047151118048963,mp100_final_sum_with_binary64_envelope
S1,leave_environment_B,polynomial,996,35,True,0.37019142206951977,mp100_final_sum_with_binary64_envelope
S1,leave_environment_B,polynomial,997,35,True,0.2875479090666581,mp100_final_sum_with_binary64_envelope
S1,leave_environment_B,polynomial,998,35,True,0.38209275222219025,mp100_final_sum_with_binary64_envelope
S1,leave_environment_B,polynomial,999,35,True,0.28388158639671324,mp100_final_sum_with_binary64_envelope
S1,leave_environment_B,polynomial,1000,33,True,0.1700548900124896,mp100_final_sum_with_binary64_envelope
S1,leave_environment_B,polynomial,1001,36,True,0.8974397041397657,mp100_final_sum_with_binary64_envelope
S1,leave_environment_B,polynomial,1002,36,True,0.1602062481727074,mp100_final_sum_with_binary64_envelope
S1,leave_environment_B,polynomial,1003,36,True,0.16349117106910652,mp100_final_sum_with_binary64_envelope
S1,leave_environment_B,polynomial,1004,36,True,0.1548346681883848,mp100_final_sum_with_binary64_envelope
S1,leave_environment_B,polynomial,1005,36,True,0.49353697993349765,mp100_final_sum_with_binary64_envelope
S1,leave_environment_B,polynomial,1006,36,True,0.3097782394798246,mp100_final_sum_with_binary64_envelope
S1,leave_environment_B,polynomial,1007,36,True,0.5740386821513086,mp100_final_sum_with_binary64_envelope
S1,leave_environment_B,polynomial,1008,36,True,0.5254855073541274,mp100_final_sum_with_binary64_envelope
S1,leave_environment_B,polynomial,1011,36,True,0.1773401365016341,mp100_final_sum_with_binary64_envelope
S1,leave_environment_B,polynomial,1012,36,True,0.06843598158423896,mp100_final_sum_with_binary64_envelope
S1,leave_environment_B,polynomial,1013,36,True,0.99466128041925,mp100_final_sum_with_binary64_envelope
S1,leave_environment_B,polynomial,1015,36,True,0.3053694339458201,mp100_final_sum_with_binary64_envelope
S1,leave_environment_B,polynomial,1016,39,True,0.014982454384370762,mp100_final_sum_with_binary64_envelope
S1,leave_environment_B,polynomial,1017,36,True,0.2266135968133869,mp100_final_sum_with_binary64_envelope
S1,leave_environment_B,polynomial,1020,36,True,0.5829244589709397,mp100_final_sum_with_binary64_envelope
S1,leave_environment_B,polynomial,1021,36,True,0.5650748267050846,mp100_final_sum_with_binary64_envelope
S1,leave_environment_B,polynomial,1022,36,True,0.5315710313584244,mp100_final_sum_with_binary64_envelope
S1,leave_environment_B,polynomial,1023,36,True,0.11470361075442274,mp100_final_sum_with_binary64_envelope
S1,leave_environment_B,polynomial,1024,36,True,0.2049614067139669,mp100_final_sum_with_binary64_envelope
S1,leave_environment_B,polynomial,1025,36,True,0.528197886707554,mp100_final_sum_with_binary64_envelope
S1,leave_environment_B,polynomial,1027,36,True,0.20434660074077618,mp100_final_sum_with_binary64_envelope
S1,leave_environment_B,polynomial,1028,36,True,0.01654912917477906,mp100_final_sum_with_binary64_envelope
S1,leave_environment_B,polynomial,1029,36,True,0.16437866704609788,mp100_final_sum_with_binary64_envelope
S1,leave_environment_B,polynomial,1031,36,True,0.653101873263506,mp100_final_sum_with_binary64_envelope
S1,leave_environment_B,polynomial,1033,36,True,0.6129738745479311,mp100_final_sum_with_binary64_envelope
S1,leave_environment_B,polynomial,1034,36,True,0.4005871762743933,mp100_final_sum_with_binary64_envelope
S1,leave_environment_B,polynomial,1035,36,True,0.09209353666464534,mp100_final_sum_with_binary64_envelope
S1,leave_environment_B,polynomial,1037,33,True,0.21374164269063683,mp100_final_sum_with_binary64_envelope
S1,leave_environment_B,polynomial,1039,36,True,0.3175114428885153,mp100_final_sum_with_binary64_envelope
S1,leave_environment_B,polynomial,1041,37,True,0.1835981709386783,mp100_final_sum_with_binary64_envelope
S1,leave_environment_B,polynomial,1042,37,True,0.32288919895925283,mp100_final_sum_with_binary64_envelope
S1,leave_environment_B,polynomial,1043,37,True,0.1800089491280282,mp100_final_sum_with_binary64_envelope
S1,leave_environment_B,polynomial,1044,37,True,0.04103981703802748,mp100_final_sum_with_binary64_envelope
S1,leave_environment_B,polynomial,1046,33,True,0.14758367590070373,mp100_final_sum_with_binary64_envelope
S1,leave_environment_B,polynomial,1047,37,True,0.5057548616933638,mp100_final_sum_with_binary64_envelope
S1,leave_environment_B,polynomial,1048,37,True,0.05286884613987597,mp100_final_sum_with_binary64_envelope
S1,leave_environment_B,polynomial,1053,37,True,0.08428353472582918,mp100_final_sum_with_binary64_envelope
S1,leave_environment_B,polynomial,1054,37,True,0.1771753149822049,mp100_final_sum_with_binary64_envelope
S1,leave_environment_B,polynomial,1055,32,True,0.2985026105424415,mp100_final_sum_with_binary64_envelope
S1,leave_environment_B,polynomial,1056,37,True,0.11066467642810791,mp100_final_sum_with_binary64_envelope
S1,leave_environment_B,polynomial,1057,37,True,0.08281017847169034,mp100_final_sum_with_binary64_envelope
S1,leave_environment_B,polynomial,1058,37,True,0.13869006432170156,mp100_final_sum_with_binary64_envelope
S1,leave_environment_B,polynomial,1059,37,True,0.13241284780853188,mp100_final_sum_with_binary64_envelope
S1,leave_environment_B,polynomial,1060,37,True,0.46466084355198073,mp100_final_sum_with_binary64_envelope
S1,leave_environment_B,polynomial,1062,37,True,0.5995181402690605,mp100_final_sum_with_binary64_envelope
S1,leave_environment_B,polynomial,1063,37,True,0.08170502007935027,mp100_final_sum_with_binary64_envelope
S1,leave_environment_B,polynomial,1064,37,True,0.1481132855671466,mp100_final_sum_with_binary64_envelope
S1,leave_environment_B,polynomial,1065,37,True,0.1739805725497715,mp100_final_sum_with_binary64_envelope
S1,leave_environment_B,polynomial,1066,37,True,0.49741807146031214,mp100_final_sum_with_binary64_envelope
S1,leave_environment_B,polynomial,1067,37,True,0.4234134450873173,mp100_final_sum_with_binary64_envelope
S1,leave_environment_B,polynomial,1068,37,True,0.019800164628573227,mp100_final_sum_with_binary64_envelope
S1,leave_environment_B,polynomial,1070,37,True,0.4432995126194841,mp100_final_sum_with_binary64_envelope
S1,leave_environment_B,polynomial,1071,37,True,0.01992687648900328,mp100_final_sum_with_binary64_envelope
S1,leave_environment_B,polynomial,1073,37,True,0.03530226718585653,mp100_final_sum_with_binary64_envelope
S1,leave_environment_B,polynomial,1074,37,True,0.001059703479242099,mp100_final_sum_with_binary64_envelope
S1,leave_environment_B,polynomial,1075,37,True,0.5602900389782902,mp100_final_sum_with_binary64_envelope
S1,leave_environment_B,polynomial,1076,37,True,0.2906751728875009,mp100_final_sum_with_binary64_envelope
S1,leave_environment_B,polynomial,1077,37,True,0.05721298247301276,mp100_final_sum_with_binary64_envelope
S1,leave_environment_B,polynomial,1078,37,True,0.24226075848817116,mp100_final_sum_with_binary64_envelope
S1,leave_environment_B,polynomial,1079,37,True,0.2138380228716677,mp100_final_sum_with_binary64_envelope
S1,leave_environment_B,polynomial,1080,38,True,0.5636161225247192,mp100_final_sum_with_binary64_envelope
S1,leave_environment_B,polynomial,1081,38,True,0.7265540239376992,mp100_final_sum_with_binary64_envelope
S1,leave_environment_B,polynomial,1082,38,True,0.2940310980022428,mp100_final_sum_with_binary64_envelope
S1,leave_environment_B,polynomial,1083,38,True,0.4075893346356397,mp100_final_sum_with_binary64_envelope
S1,leave_environment_B,polynomial,1084,38,True,0.964297424294533,mp100_final_sum_with_binary64_envelope
S1,leave_environment_B,polynomial,1085,38,True,0.9051697327083714,mp100_final_sum_with_binary64_envelope
S1,leave_environment_B,polynomial,1086,38,True,0.3949286766086078,mp100_final_sum_with_binary64_envelope
S1,leave_environment_B,polynomial,1087,38,True,0.7150277434525356,mp100_final_sum_with_binary64_envelope
S1,leave_environment_B,polynomial,1088,38,True,0.5326225429862237,mp100_final_sum_with_binary64_envelope
S1,leave_environment_B,polynomial,1090,38,True,0.9706158709213304,mp100_final_sum_with_binary64_envelope
S1,leave_environment_B,polynomial,1091,38,True,0.8240707884748449,mp100_final_sum_with_binary64_envelope
S1,leave_environment_B,polynomial,1092,38,True,1.0528171255899748,mp100_final_sum_with_binary64_envelope
S1,leave_environment_B,polynomial,1093,38,True,0.8222556193819816,mp100_final_sum_with_binary64_envelope
S1,leave_environment_B,polynomial,1094,38,True,0.8893314736110695,mp100_final_sum_with_binary64_envelope
S1,leave_environment_B,polynomial,1095,38,True,0.21782825099569905,mp100_final_sum_with_binary64_envelope
S1,leave_environment_B,polynomial,1096,38,True,1.060745372888243,mp100_final_sum_with_binary64_envelope
S1,leave_environment_B,polynomial,1097,38,True,0.39765547558772996,mp100_final_sum_with_binary64_envelope
S1,leave_environment_B,polynomial,1098,38,True,0.9052108386254902,mp100_final_sum_with_binary64_envelope
S1,leave_environment_B,polynomial,1099,38,True,0.8687247383959106,mp100_final_sum_with_binary64_envelope
S1,leave_environment_B,polynomial,1100,38,True,0.6595110039555031,mp100_final_sum_with_binary64_envelope
S1,leave_environment_B,polynomial,1101,38,True,0.963554515812709,mp100_final_sum_with_binary64_envelope
S1,leave_environment_B,polynomial,1102,38,True,0.8108721946015883,mp100_final_sum_with_binary64_envelope
S1,leave_environment_B,polynomial,1103,38,True,0.6621445796207643,mp100_final_sum_with_binary64_envelope
S1,leave_environment_B,polynomial,1104,38,True,0.7814651385192688,mp100_final_sum_with_binary64_envelope
S1,leave_environment_B,polynomial,1105,38,True,0.1309999304775955,mp100_final_sum_with_binary64_envelope
S1,leave_environment_B,polynomial,1106,38,True,0.9595863828424142,mp100_final_sum_with_binary64_envelope
S1,leave_environment_B,polynomial,1107,38,True,0.5278041312577543,mp100_final_sum_with_binary64_envelope
S1,leave_environment_B,polynomial,1108,38,True,0.5362608946942141,mp100_final_sum_with_binary64_envelope
S1,leave_environment_B,polynomial,1109,38,True,0.566573092899684,mp100_final_sum_with_binary64_envelope
S1,leave_environment_B,polynomial,1110,38,True,1.1345503406535893,mp100_final_sum_with_binary64_envelope
S1,leave_environment_B,polynomial,1111,38,True,0.4247450729880414,mp100_final_sum_with_binary64_envelope
S1,leave_environment_B,polynomial,1112,38,True,0.6542428330888153,mp100_final_sum_with_binary64_envelope
S1,leave_environment_B,polynomial,1114,38,True,0.9091251978188648,mp100_final_sum_with_binary64_envelope
S1,leave_environment_B,polynomial,1115,38,True,0.5973131744612413,mp100_final_sum_with_binary64_envelope
S1,leave_environment_B,polynomial,1116,38,True,0.30398368049504515,mp100_final_sum_with_binary64_envelope
S1,leave_environment_B,polynomial,1117,38,True,1.1910083435600507,mp100_final_sum_with_binary64_envelope
S1,leave_environment_B,polynomial,1118,38,True,0.587363353892592,mp100_final_sum_with_binary64_envelope
S1,leave_environment_B,polynomial,1119,38,True,0.8142969484730278,mp100_final_sum_with_binary64_envelope
S1,leave_environment_B,polynomial,1120,32,True,0.0038600986509792603,mp100_final_sum_with_binary64_envelope
S1,leave_environment_B,polynomial,1121,39,True,0.23051764597977376,mp100_final_sum_with_binary64_envelope
S1,leave_environment_B,polynomial,1122,39,True,0.19122043911264114,mp100_final_sum_with_binary64_envelope
S1,leave_environment_B,polynomial,1123,39,True,0.5078610386029679,mp100_final_sum_with_binary64_envelope
S1,leave_environment_B,polynomial,1124,39,True,0.07625330359609042,mp100_final_sum_with_binary64_envelope
S1,leave_environment_B,polynomial,1125,38,True,0.04254281168208001,mp100_final_sum_with_binary64_envelope
S1,leave_environment_B,polynomial,1126,39,True,0.26386781288675326,mp100_final_sum_with_binary64_envelope
S1,leave_environment_B,polynomial,1127,38,True,0.136926601417023,mp100_final_sum_with_binary64_envelope
S1,leave_environment_B,polynomial,1128,39,True,0.17845345981706023,mp100_final_sum_with_binary64_envelope
S1,leave_environment_B,polynomial,1129,37,True,0.18237053139303672,mp100_final_sum_with_binary64_envelope
S1,leave_environment_B,polynomial,1130,39,True,0.13831521854045242,mp100_final_sum_with_binary64_envelope
S1,leave_environment_B,polynomial,1131,34,True,0.12316494807611242,mp100_final_sum_with_binary64_envelope
S1,leave_environment_B,polynomial,1132,38,True,0.14465238267152325,mp100_final_sum_with_binary64_envelope
S1,leave_environment_B,polynomial,1133,34,True,0.10195893913693505,mp100_final_sum_with_binary64_envelope
S1,leave_environment_B,polynomial,1136,39,True,0.09612844225354149,mp100_final_sum_with_binary64_envelope
S1,leave_environment_B,polynomial,1137,39,True,0.1497976511830242,mp100_final_sum_with_binary64_envelope
S1,leave_environment_B,polynomial,1142,39,True,0.005373361571229417,mp100_final_sum_with_binary64_envelope
S1,leave_environment_B,polynomial,1143,34,True,0.009518937501750325,mp100_final_sum_with_binary64_envelope
S1,leave_environment_B,polynomial,1144,39,True,0.3287685042441656,mp100_final_sum_with_binary64_envelope
S1,leave_environment_B,polynomial,1145,39,True,0.13002679312802295,mp100_final_sum_with_binary64_envelope
S1,leave_environment_B,polynomial,1146,38,True,0.1822456234836507,mp100_final_sum_with_binary64_envelope
S1,leave_environment_B,polynomial,1147,33,True,0.007292093201988957,mp100_final_sum_with_binary64_envelope
S1,leave_environment_B,polynomial,1148,39,True,0.10832431546377493,mp100_final_sum_with_binary64_envelope
S1,leave_environment_B,polynomial,1149,38,True,0.17249546304883082,mp100_final_sum_with_binary64_envelope
S1,leave_environment_B,polynomial,1150,39,True,0.276746600776892,mp100_final_sum_with_binary64_envelope
S1,leave_environment_B,polynomial,1151,39,True,0.4183220754656688,mp100_final_sum_with_binary64_envelope
S1,leave_environment_B,polynomial,1152,39,True,0.13145285974953339,mp100_final_sum_with_binary64_envelope
S1,leave_environment_B,polynomial,1154,39,True,0.0271012543730629,mp100_final_sum_with_binary64_envelope
S1,leave_environment_B,polynomial,1157,38,True,0.2310558947813248,mp100_final_sum_with_binary64_envelope
S1,leave_environment_B,polynomial,1158,39,True,0.09440241268548483,mp100_final_sum_with_binary64_envelope
S1,leave_environment_B,polynomial,1160,35,True,0.11798130560944242,mp100_final_sum_with_binary64_envelope
S1,leave_environment_B,polynomial,1161,32,True,0.03159049944678127,mp100_final_sum_with_binary64_envelope
S1,leave_environment_B,polynomial,1162,35,True,0.07993692503961017,mp100_final_sum_with_binary64_envelope
S1,leave_environment_B,polynomial,1164,40,True,0.04227449551385525,mp100_final_sum_with_binary64_envelope
S1,leave_environment_B,polynomial,1165,40,True,0.24643074142161175,mp100_final_sum_with_binary64_envelope
S1,leave_environment_B,polynomial,1166,40,True,0.33632489701831386,mp100_final_sum_with_binary64_envelope
S1,leave_environment_B,polynomial,1167,40,True,0.10663388822278942,mp100_final_sum_with_binary64_envelope
S1,leave_environment_B,polynomial,1168,40,True,0.29447083873834456,mp100_final_sum_with_binary64_envelope
S1,leave_environment_B,polynomial,1170,40,True,0.12605928889119059,mp100_final_sum_with_binary64_envelope
S1,leave_environment_B,polynomial,1171,32,True,0.15549687829488573,mp100_final_sum_with_binary64_envelope
S1,leave_environment_B,polynomial,1172,35,True,0.4746906798021995,mp100_final_sum_with_binary64_envelope
S1,leave_environment_B,polynomial,1173,40,True,0.1263344346904916,mp100_final_sum_with_binary64_envelope
S1,leave_environment_B,polynomial,1176,34,True,0.3206357819368814,mp100_final_sum_with_binary64_envelope
S1,leave_environment_B,polynomial,1182,40,True,0.2781146308462391,mp100_final_sum_with_binary64_envelope
S1,leave_environment_B,polynomial,1184,40,True,0.04879369532372002,mp100_final_sum_with_binary64_envelope
S1,leave_environment_B,polynomial,1186,34,True,0.10950036066738446,mp100_final_sum_with_binary64_envelope
S1,leave_environment_B,polynomial,1188,40,True,0.012664967023359152,mp100_final_sum_with_binary64_envelope
S1,leave_environment_B,polynomial,1189,40,True,0.4525988095692004,mp100_final_sum_with_binary64_envelope
S1,leave_environment_B,polynomial,1190,40,True,0.41354084020904525,mp100_final_sum_with_binary64_envelope
S1,leave_environment_B,polynomial,1192,38,True,0.015646101392872102,mp100_final_sum_with_binary64_envelope
S1,leave_environment_B,polynomial,1194,40,True,0.010729978884315964,mp100_final_sum_with_binary64_envelope
S1,leave_environment_B,polynomial,1195,40,True,0.016946106680212524,mp100_final_sum_with_binary64_envelope
S1,leave_environment_B,polynomial,1196,35,True,0.2086705979665575,mp100_final_sum_with_binary64_envelope
S1,leave_environment_B,polynomial,1197,40,True,0.31214488355934095,mp100_final_sum_with_binary64_envelope
S1,leave_environment_B,polynomial,1198,40,True,0.06062056822034361,mp100_final_sum_with_binary64_envelope
S1,leave_environment_B,random_orthogonal,835,31,True,0.21701947437882838,mp100_final_sum_with_binary64_envelope
S1,leave_environment_B,permuted_polynomial,800,31,True,0.38325191236764095,mp100_final_sum_with_binary64_envelope
S1,leave_environment_B,permuted_polynomial,802,31,True,0.00331680976696818,mp100_final_sum_with_binary64_envelope
S1,leave_environment_B,permuted_polynomial,806,31,True,0.2247724206960089,mp100_final_sum_with_binary64_envelope
S1,leave_environment_B,permuted_polynomial,807,31,True,0.7673381875311939,mp100_final_sum_with_binary64_envelope
S1,leave_environment_B,permuted_polynomial,808,31,True,0.0813278061900346,mp100_final_sum_with_binary64_envelope
S1,leave_environment_B,permuted_polynomial,813,31,True,0.43864570151033505,mp100_final_sum_with_binary64_envelope
S1,leave_environment_B,permuted_polynomial,814,31,True,0.9561236084915261,mp100_final_sum_with_binary64_envelope
S1,leave_environment_B,permuted_polynomial,815,31,True,0.17727230497892835,mp100_final_sum_with_binary64_envelope
S1,leave_environment_B,permuted_polynomial,816,31,True,0.3531978314280059,mp100_final_sum_with_binary64_envelope
S1,leave_environment_B,permuted_polynomial,818,31,True,0.2846500937722295,mp100_final_sum_with_binary64_envelope
S1,leave_environment_B,permuted_polynomial,822,31,True,0.21705282631581926,mp100_final_sum_with_binary64_envelope
S1,leave_environment_B,permuted_polynomial,823,31,True,0.16141300231446637,mp100_final_sum_with_binary64_envelope
S1,leave_environment_B,permuted_polynomial,824,31,True,0.13650102036159503,mp100_final_sum_with_binary64_envelope
S1,leave_environment_B,permuted_polynomial,825,31,True,0.17360591111454193,mp100_final_sum_with_binary64_envelope
S1,leave_environment_B,permuted_polynomial,828,31,True,0.07930408813656721,mp100_final_sum_with_binary64_envelope
S1,leave_environment_B,permuted_polynomial,829,31,True,0.7103691393672739,mp100_final_sum_with_binary64_envelope
S1,leave_environment_B,permuted_polynomial,831,31,True,0.5085766455500326,mp100_final_sum_with_binary64_envelope
S1,leave_environment_B,permuted_polynomial,832,31,True,0.44559492606405615,mp100_final_sum_with_binary64_envelope
S1,leave_environment_B,permuted_polynomial,835,31,True,1.1907792680519083,mp100_final_sum_with_binary64_envelope
S1,leave_environment_B,permuted_polynomial,836,31,True,1.0980189546150405,mp100_final_sum_with_binary64_envelope
S1,leave_environment_B,permuted_polynomial,838,31,True,0.054164995171682,mp100_final_sum_with_binary64_envelope
S1,leave_environment_B_antenna,dct,4431,36,True,0.21557949232997628,mp100_final_sum_with_binary64_envelope
S1,leave_environment_B_antenna,dct,4621,36,True,0.7000575014755845,mp100_final_sum_with_binary64_envelope
S1,leave_environment_B_antenna,dct,4626,36,True,0.3482461399382783,mp100_final_sum_with_binary64_envelope
S1,leave_environment_B_antenna,dft,4407,31,True,0.40791859350694604,mp100_final_sum_with_binary64_envelope
S1,leave_environment_B_antenna,dft,4415,31,True,0.04067977466569035,mp100_final_sum_with_binary64_envelope
S1,leave_environment_B_antenna,dft,4431,36,True,0.12176206765420632,mp100_final_sum_with_binary64_envelope
S1,leave_environment_B_antenna,dft,4497,36,True,0.0023658953307130704,mp100_final_sum_with_binary64_envelope
S1,leave_environment_B_antenna,polynomial,4403,32,True,0.107281237306314,mp100_final_sum_with_binary64_envelope
S1,leave_environment_B_antenna,polynomial,4405,31,True,0.16280594264857182,mp100_final_sum_with_binary64_envelope
S1,leave_environment_B_antenna,polynomial,4407,31,True,0.582553450831715,mp100_final_sum_with_binary64_envelope
S1,leave_environment_B_antenna,polynomial,4410,31,True,0.11212133313518198,mp100_final_sum_with_binary64_envelope
S1,leave_environment_B_antenna,polynomial,4412,40,True,0.05859585634561236,mp100_final_sum_with_binary64_envelope
S1,leave_environment_B_antenna,polynomial,4413,31,True,0.011112976082493913,mp100_final_sum_with_binary64_envelope
S1,leave_environment_B_antenna,polynomial,4414,31,True,0.375119604591169,mp100_final_sum_with_binary64_envelope
S1,leave_environment_B_antenna,polynomial,4415,31,True,0.6264550645567221,mp100_final_sum_with_binary64_envelope
S1,leave_environment_B_antenna,polynomial,4416,33,True,0.3804113317693636,mp100_final_sum_with_binary64_envelope
S1,leave_environment_B_antenna,polynomial,4418,32,True,0.32153907069972,mp100_final_sum_with_binary64_envelope
S1,leave_environment_B_antenna,polynomial,4422,31,True,0.4388639977448438,mp100_final_sum_with_binary64_envelope
S1,leave_environment_B_antenna,polynomial,4423,32,True,0.7060893841726882,mp100_final_sum_with_binary64_envelope
S1,leave_environment_B_antenna,polynomial,4425,31,True,0.8469611472998667,mp100_final_sum_with_binary64_envelope
S1,leave_environment_B_antenna,polynomial,4426,37,True,0.0358917256951197,mp100_final_sum_with_binary64_envelope
S1,leave_environment_B_antenna,polynomial,4429,31,True,0.779509060232469,mp100_final_sum_with_binary64_envelope
S1,leave_environment_B_antenna,polynomial,4431,36,True,0.35695032917775693,mp100_final_sum_with_binary64_envelope
S1,leave_environment_B_antenna,polynomial,4433,31,True,0.5242938289128313,mp100_final_sum_with_binary64_envelope
S1,leave_environment_B_antenna,polynomial,4434,31,True,0.460169285965067,mp100_final_sum_with_binary64_envelope
S1,leave_environment_B_antenna,polynomial,4436,31,True,0.38358501235309383,mp100_final_sum_with_binary64_envelope
S1,leave_environment_B_antenna,polynomial,4440,34,True,0.05551044790035626,mp100_final_sum_with_binary64_envelope
S1,leave_environment_B_antenna,polynomial,4441,32,True,0.36954761468207303,mp100_final_sum_with_binary64_envelope
S1,leave_environment_B_antenna,polynomial,4442,32,True,0.2870802679485318,mp100_final_sum_with_binary64_envelope
S1,leave_environment_B_antenna,polynomial,4443,32,True,0.43242251432265333,mp100_final_sum_with_binary64_envelope
S1,leave_environment_B_antenna,polynomial,4444,32,True,0.751280544199377,mp100_final_sum_with_binary64_envelope
S1,leave_environment_B_antenna,polynomial,4445,32,True,0.3645828789375871,mp100_final_sum_with_binary64_envelope
S1,leave_environment_B_antenna,polynomial,4447,32,True,0.5766329301974875,mp100_final_sum_with_binary64_envelope
S1,leave_environment_B_antenna,polynomial,4448,32,True,0.21909905583856676,mp100_final_sum_with_binary64_envelope
S1,leave_environment_B_antenna,polynomial,4449,32,True,0.511341377178639,mp100_final_sum_with_binary64_envelope
S1,leave_environment_B_antenna,polynomial,4450,32,True,0.6303172644515904,mp100_final_sum_with_binary64_envelope
S1,leave_environment_B_antenna,polynomial,4453,32,True,0.6201364141656451,mp100_final_sum_with_binary64_envelope
S1,leave_environment_B_antenna,polynomial,4454,40,True,0.03861180909662388,mp100_final_sum_with_binary64_envelope
S1,leave_environment_B_antenna,polynomial,4455,35,True,0.1975957844814155,mp100_final_sum_with_binary64_envelope
S1,leave_environment_B_antenna,polynomial,4456,32,True,0.5715532786075477,mp100_final_sum_with_binary64_envelope
S1,leave_environment_B_antenna,polynomial,4457,35,True,0.10181660992834776,mp100_final_sum_with_binary64_envelope
S1,leave_environment_B_antenna,polynomial,4458,32,True,0.4560774176510641,mp100_final_sum_with_binary64_envelope
S1,leave_environment_B_antenna,polynomial,4459,32,True,0.5777577339393064,mp100_final_sum_with_binary64_envelope
S1,leave_environment_B_antenna,polynomial,4461,32,True,0.46781239822047466,mp100_final_sum_with_binary64_envelope
S1,leave_environment_B_antenna,polynomial,4463,32,True,0.7339800304957862,mp100_final_sum_with_binary64_envelope
S1,leave_environment_B_antenna,polynomial,4465,32,True,0.37885405377331743,mp100_final_sum_with_binary64_envelope
S1,leave_environment_B_antenna,polynomial,4466,32,True,0.4766099400199088,mp100_final_sum_with_binary64_envelope
S1,leave_environment_B_antenna,polynomial,4467,32,True,0.4414255748802688,mp100_final_sum_with_binary64_envelope
S1,leave_environment_B_antenna,polynomial,4468,32,True,0.6662848895510713,mp100_final_sum_with_binary64_envelope
S1,leave_environment_B_antenna,polynomial,4469,32,True,0.2098835228002403,mp100_final_sum_with_binary64_envelope
S1,leave_environment_B_antenna,polynomial,4470,32,True,0.20119381195756794,mp100_final_sum_with_binary64_envelope
S1,leave_environment_B_antenna,polynomial,4471,32,True,0.5825638146171523,mp100_final_sum_with_binary64_envelope
S1,leave_environment_B_antenna,polynomial,4472,32,True,0.741869333113804,mp100_final_sum_with_binary64_envelope
S1,leave_environment_B_antenna,polynomial,4473,32,True,0.32347881572018355,mp100_final_sum_with_binary64_envelope
S1,leave_environment_B_antenna,polynomial,4474,32,True,0.1337744610381691,mp100_final_sum_with_binary64_envelope
S1,leave_environment_B_antenna,polynomial,4475,32,True,0.31015241723683984,mp100_final_sum_with_binary64_envelope
S1,leave_environment_B_antenna,polynomial,4476,32,True,0.3156380351737399,mp100_final_sum_with_binary64_envelope
S1,leave_environment_B_antenna,polynomial,4478,32,True,0.06118160002017016,mp100_final_sum_with_binary64_envelope
S1,leave_environment_B_antenna,polynomial,4479,32,True,0.4489579479339562,mp100_final_sum_with_binary64_envelope
S1,leave_environment_B_antenna,polynomial,4480,33,True,0.09079892746252105,mp100_final_sum_with_binary64_envelope
S1,leave_environment_B_antenna,polynomial,4482,33,True,0.5015115978339999,mp100_final_sum_with_binary64_envelope
S1,leave_environment_B_antenna,polynomial,4483,33,True,0.24534630649850078,mp100_final_sum_with_binary64_envelope
S1,leave_environment_B_antenna,polynomial,4484,33,True,0.5935185783633277,mp100_final_sum_with_binary64_envelope
S1,leave_environment_B_antenna,polynomial,4485,33,True,0.2912988432938124,mp100_final_sum_with_binary64_envelope
S1,leave_environment_B_antenna,polynomial,4487,33,True,0.2218571696901107,mp100_final_sum_with_binary64_envelope
S1,leave_environment_B_antenna,polynomial,4489,33,True,0.07530428787130602,mp100_final_sum_with_binary64_envelope
S1,leave_environment_B_antenna,polynomial,4490,33,True,0.4201491183914842,mp100_final_sum_with_binary64_envelope
S1,leave_environment_B_antenna,polynomial,4491,33,True,0.053261051800936696,mp100_final_sum_with_binary64_envelope
S1,leave_environment_B_antenna,polynomial,4492,36,True,0.04630130003599523,mp100_final_sum_with_binary64_envelope
S1,leave_environment_B_antenna,polynomial,4493,33,True,0.424113082254774,mp100_final_sum_with_binary64_envelope
S1,leave_environment_B_antenna,polynomial,4494,37,True,0.3007522966939107,mp100_final_sum_with_binary64_envelope
S1,leave_environment_B_antenna,polynomial,4495,33,True,0.16104828139801516,mp100_final_sum_with_binary64_envelope
S1,leave_environment_B_antenna,polynomial,4496,33,True,0.1495421099029224,mp100_final_sum_with_binary64_envelope
S1,leave_environment_B_antenna,polynomial,4497,36,True,0.10128680415416866,mp100_final_sum_with_binary64_envelope
S1,leave_environment_B_antenna,polynomial,4498,33,True,0.27724897925808983,mp100_final_sum_with_binary64_envelope
S1,leave_environment_B_antenna,polynomial,4500,33,True,0.37853529691230303,mp100_final_sum_with_binary64_envelope
S1,leave_environment_B_antenna,polynomial,4502,33,True,0.23155364495674927,mp100_final_sum_with_binary64_envelope
S1,leave_environment_B_antenna,polynomial,4503,33,True,0.47631153126539194,mp100_final_sum_with_binary64_envelope
S1,leave_environment_B_antenna,polynomial,4504,33,True,0.027360578576947788,mp100_final_sum_with_binary64_envelope
S1,leave_environment_B_antenna,polynomial,4505,33,True,0.024224432242425892,mp100_final_sum_with_binary64_envelope
S1,leave_environment_B_antenna,polynomial,4506,33,True,0.07117493842873131,mp100_final_sum_with_binary64_envelope
S1,leave_environment_B_antenna,polynomial,4507,33,True,0.07672355839930135,mp100_final_sum_with_binary64_envelope
S1,leave_environment_B_antenna,polynomial,4508,33,True,0.2123990473178918,mp100_final_sum_with_binary64_envelope
S1,leave_environment_B_antenna,polynomial,4509,33,True,0.534628280882068,mp100_final_sum_with_binary64_envelope
S1,leave_environment_B_antenna,polynomial,4512,33,True,0.3140088582592961,mp100_final_sum_with_binary64_envelope
S1,leave_environment_B_antenna,polynomial,4514,33,True,0.12179518748501596,mp100_final_sum_with_binary64_envelope
S1,leave_environment_B_antenna,polynomial,4515,33,True,0.0069052952860365596,mp100_final_sum_with_binary64_envelope
S1,leave_environment_B_antenna,polynomial,4517,33,True,0.5173011616952731,mp100_final_sum_with_binary64_envelope
S1,leave_environment_B_antenna,polynomial,4518,33,True,0.41828009236598407,mp100_final_sum_with_binary64_envelope
S1,leave_environment_B_antenna,polynomial,4521,34,True,0.31650094521059224,mp100_final_sum_with_binary64_envelope
S1,leave_environment_B_antenna,polynomial,4522,34,True,0.6679012410284829,mp100_final_sum_with_binary64_envelope
S1,leave_environment_B_antenna,polynomial,4523,34,True,0.41121712349352085,mp100_final_sum_with_binary64_envelope
S1,leave_environment_B_antenna,polynomial,4524,34,True,0.3238555884033255,mp100_final_sum_with_binary64_envelope
S1,leave_environment_B_antenna,polynomial,4525,34,True,0.17272709261802346,mp100_final_sum_with_binary64_envelope
S1,leave_environment_B_antenna,polynomial,4526,34,True,0.3404370821036086,mp100_final_sum_with_binary64_envelope
S1,leave_environment_B_antenna,polynomial,4527,34,True,0.42183263910202673,mp100_final_sum_with_binary64_envelope
S1,leave_environment_B_antenna,polynomial,4528,34,True,0.5819581937900867,mp100_final_sum_with_binary64_envelope
S1,leave_environment_B_antenna,polynomial,4529,34,True,0.023223400935591658,mp100_final_sum_with_binary64_envelope
S1,leave_environment_B_antenna,polynomial,4531,34,True,0.4455119357361984,mp100_final_sum_with_binary64_envelope
S1,leave_environment_B_antenna,polynomial,4534,34,True,0.7299613758568033,mp100_final_sum_with_binary64_envelope
S1,leave_environment_B_antenna,polynomial,4535,34,True,0.5932177434255669,mp100_final_sum_with_binary64_envelope
S1,leave_environment_B_antenna,polynomial,4536,34,True,0.13110643168021213,mp100_final_sum_with_binary64_envelope
S1,leave_environment_B_antenna,polynomial,4539,34,True,0.3443135469797626,mp100_final_sum_with_binary64_envelope
S1,leave_environment_B_antenna,polynomial,4540,34,True,0.3743624731693519,mp100_final_sum_with_binary64_envelope
S1,leave_environment_B_antenna,polynomial,4541,34,True,0.25161528860461096,mp100_final_sum_with_binary64_envelope
S1,leave_environment_B_antenna,polynomial,4542,38,True,0.08044419688552219,mp100_final_sum_with_binary64_envelope
S1,leave_environment_B_antenna,polynomial,4543,34,True,0.3623176252910625,mp100_final_sum_with_binary64_envelope
S1,leave_environment_B_antenna,polynomial,4544,34,True,0.09391145755619296,mp100_final_sum_with_binary64_envelope
S1,leave_environment_B_antenna,polynomial,4545,34,True,0.803259387490768,mp100_final_sum_with_binary64_envelope
S1,leave_environment_B_antenna,polynomial,4546,34,True,0.1650625667214346,mp100_final_sum_with_binary64_envelope
S1,leave_environment_B_antenna,polynomial,4547,34,True,0.6113104888834803,mp100_final_sum_with_binary64_envelope
S1,leave_environment_B_antenna,polynomial,4549,37,True,0.15329055994692106,mp100_final_sum_with_binary64_envelope
S1,leave_environment_B_antenna,polynomial,4551,34,True,0.56503513421702,mp100_final_sum_with_binary64_envelope
S1,leave_environment_B_antenna,polynomial,4552,34,True,0.03625406244066137,mp100_final_sum_with_binary64_envelope
S1,leave_environment_B_antenna,polynomial,4554,34,True,0.24420451261314158,mp100_final_sum_with_binary64_envelope
S1,leave_environment_B_antenna,polynomial,4555,34,True,0.38867317154908543,mp100_final_sum_with_binary64_envelope
S1,leave_environment_B_antenna,polynomial,4556,34,True,0.8647202539040404,mp100_final_sum_with_binary64_envelope
S1,leave_environment_B_antenna,polynomial,4557,34,True,0.7899942183301601,mp100_final_sum_with_binary64_envelope
S1,leave_environment_B_antenna,polynomial,4558,34,True,0.33545041436606293,mp100_final_sum_with_binary64_envelope
S1,leave_environment_B_antenna,polynomial,4559,34,True,0.07359444375432868,mp100_final_sum_with_binary64_envelope
S1,leave_environment_B_antenna,polynomial,4560,35,True,0.407806699088477,mp100_final_sum_with_binary64_envelope
S1,leave_environment_B_antenna,polynomial,4561,35,True,0.8041516890086331,mp100_final_sum_with_binary64_envelope
S1,leave_environment_B_antenna,polynomial,4562,35,True,0.19376105379670527,mp100_final_sum_with_binary64_envelope
S1,leave_environment_B_antenna,polynomial,4563,35,True,0.4257731203229671,mp100_final_sum_with_binary64_envelope
S1,leave_environment_B_antenna,polynomial,4564,35,True,0.690541291885793,mp100_final_sum_with_binary64_envelope
S1,leave_environment_B_antenna,polynomial,4565,35,True,0.5344254446601897,mp100_final_sum_with_binary64_envelope
S1,leave_environment_B_antenna,polynomial,4566,35,True,0.8530705470456086,mp100_final_sum_with_binary64_envelope
S1,leave_environment_B_antenna,polynomial,4567,35,True,0.4611927337171272,mp100_final_sum_with_binary64_envelope
S1,leave_environment_B_antenna,polynomial,4568,35,True,0.4545534373307056,mp100_final_sum_with_binary64_envelope
S1,leave_environment_B_antenna,polynomial,4569,35,True,0.4821311732935831,mp100_final_sum_with_binary64_envelope
S1,leave_environment_B_antenna,polynomial,4570,35,True,0.46444304684452403,mp100_final_sum_with_binary64_envelope
S1,leave_environment_B_antenna,polynomial,4571,35,True,0.2343639925047862,mp100_final_sum_with_binary64_envelope
S1,leave_environment_B_antenna,polynomial,4572,35,True,0.25797043966918476,mp100_final_sum_with_binary64_envelope
S1,leave_environment_B_antenna,polynomial,4573,35,True,0.3289400723118663,mp100_final_sum_with_binary64_envelope
S1,leave_environment_B_antenna,polynomial,4574,35,True,0.6236202972863372,mp100_final_sum_with_binary64_envelope
S1,leave_environment_B_antenna,polynomial,4576,35,True,0.6013097189542781,mp100_final_sum_with_binary64_envelope
S1,leave_environment_B_antenna,polynomial,4577,35,True,0.669062504356687,mp100_final_sum_with_binary64_envelope
S1,leave_environment_B_antenna,polynomial,4578,35,True,0.2545660479188756,mp100_final_sum_with_binary64_envelope
S1,leave_environment_B_antenna,polynomial,4579,35,True,0.42612832622663543,mp100_final_sum_with_binary64_envelope
S1,leave_environment_B_antenna,polynomial,4580,35,True,0.011852685069091519,mp100_final_sum_with_binary64_envelope
S1,leave_environment_B_antenna,polynomial,4581,35,True,0.13194101826358612,mp100_final_sum_with_binary64_envelope
S1,leave_environment_B_antenna,polynomial,4582,35,True,0.2622450233893382,mp100_final_sum_with_binary64_envelope
S1,leave_environment_B_antenna,polynomial,4583,35,True,0.5707060703927194,mp100_final_sum_with_binary64_envelope
S1,leave_environment_B_antenna,polynomial,4584,35,True,0.449592926284949,mp100_final_sum_with_binary64_envelope
S1,leave_environment_B_antenna,polynomial,4585,35,True,0.10888924873830592,mp100_final_sum_with_binary64_envelope
S1,leave_environment_B_antenna,polynomial,4586,35,True,0.10400537215974447,mp100_final_sum_with_binary64_envelope
S1,leave_environment_B_antenna,polynomial,4587,35,True,0.0399526593437972,mp100_final_sum_with_binary64_envelope
S1,leave_environment_B_antenna,polynomial,4588,35,True,0.4893377089649306,mp100_final_sum_with_binary64_envelope
S1,leave_environment_B_antenna,polynomial,4589,34,True,0.2592488701147281,mp100_final_sum_with_binary64_envelope
S1,leave_environment_B_antenna,polynomial,4590,35,True,0.4666198964980405,mp100_final_sum_with_binary64_envelope
S1,leave_environment_B_antenna,polynomial,4591,35,True,0.6175869797295626,mp100_final_sum_with_binary64_envelope
S1,leave_environment_B_antenna,polynomial,4592,35,True,0.3875748299161061,mp100_final_sum_with_binary64_envelope
S1,leave_environment_B_antenna,polynomial,4593,35,True,0.11906405691646471,mp100_final_sum_with_binary64_envelope
S1,leave_environment_B_antenna,polynomial,4594,35,True,0.44771316607799055,mp100_final_sum_with_binary64_envelope
S1,leave_environment_B_antenna,polynomial,4595,35,True,0.664167125832291,mp100_final_sum_with_binary64_envelope
S1,leave_environment_B_antenna,polynomial,4596,35,True,0.27151530611914637,mp100_final_sum_with_binary64_envelope
S1,leave_environment_B_antenna,polynomial,4597,35,True,0.11613582407576988,mp100_final_sum_with_binary64_envelope
S1,leave_environment_B_antenna,polynomial,4598,35,True,0.32219823724709595,mp100_final_sum_with_binary64_envelope
S1,leave_environment_B_antenna,polynomial,4599,35,True,0.479359468220959,mp100_final_sum_with_binary64_envelope
S1,leave_environment_B_antenna,polynomial,4601,33,True,0.15760993974702106,mp100_final_sum_with_binary64_envelope
S1,leave_environment_B_antenna,polynomial,4602,33,True,0.25537798889155755,mp100_final_sum_with_binary64_envelope
S1,leave_environment_B_antenna,polynomial,4605,34,True,0.3064820600792764,mp100_final_sum_with_binary64_envelope
S1,leave_environment_B_antenna,polynomial,4608,33,True,0.34790245843284157,mp100_final_sum_with_binary64_envelope
S1,leave_environment_B_antenna,polynomial,4610,36,True,0.042206747691310414,mp100_final_sum_with_binary64_envelope
S1,leave_environment_B_antenna,polynomial,4617,36,True,0.05086096946230376,mp100_final_sum_with_binary64_envelope
S1,leave_environment_B_antenna,polynomial,4618,33,True,0.0006230737026493701,mp100_final_sum_with_binary64_envelope
S1,leave_environment_B_antenna,polynomial,4619,36,True,0.0276950672511779,mp100_final_sum_with_binary64_envelope
S1,leave_environment_B_antenna,polynomial,4620,36,True,0.07400702913348675,mp100_final_sum_with_binary64_envelope
S1,leave_environment_B_antenna,polynomial,4621,36,True,0.8616037468791184,mp100_final_sum_with_binary64_envelope
S1,leave_environment_B_antenna,polynomial,4622,34,True,0.038675117758543424,mp100_final_sum_with_binary64_envelope
S1,leave_environment_B_antenna,polynomial,4624,36,True,0.06417996361007314,mp100_final_sum_with_binary64_envelope
S1,leave_environment_B_antenna,polynomial,4626,36,True,0.7514158334122658,mp100_final_sum_with_binary64_envelope
S1,leave_environment_B_antenna,polynomial,4629,36,True,0.18571167904307706,mp100_final_sum_with_binary64_envelope
S1,leave_environment_B_antenna,polynomial,4631,36,True,0.1619654518994566,mp100_final_sum_with_binary64_envelope
S1,leave_environment_B_antenna,polynomial,4632,36,True,0.11037362491883852,mp100_final_sum_with_binary64_envelope
S1,leave_environment_B_antenna,polynomial,4635,32,True,0.14920968727597503,mp100_final_sum_with_binary64_envelope
S1,leave_environment_B_antenna,polynomial,4638,36,True,0.18441346410595014,mp100_final_sum_with_binary64_envelope
S1,leave_environment_B_antenna,polynomial,4641,37,True,0.0015991408681528196,mp100_final_sum_with_binary64_envelope
S1,leave_environment_B_antenna,polynomial,4642,32,True,0.08620498678067018,mp100_final_sum_with_binary64_envelope
S1,leave_environment_B_antenna,polynomial,4643,37,True,0.07698032933549634,mp100_final_sum_with_binary64_envelope
S1,leave_environment_B_antenna,polynomial,4644,33,True,0.11188474646757797,mp100_final_sum_with_binary64_envelope
S1,leave_environment_B_antenna,polynomial,4646,37,True,0.049173864498463574,mp100_final_sum_with_binary64_envelope
S1,leave_environment_B_antenna,polynomial,4651,37,True,0.3057455643599794,mp100_final_sum_with_binary64_envelope
S1,leave_environment_B_antenna,polynomial,4653,39,True,0.011562160601056656,mp100_final_sum_with_binary64_envelope
S1,leave_environment_B_antenna,polynomial,4654,37,True,0.46016908352270885,mp100_final_sum_with_binary64_envelope
S1,leave_environment_B_antenna,polynomial,4655,37,True,0.23141486404130426,mp100_final_sum_with_binary64_envelope
S1,leave_environment_B_antenna,polynomial,4656,32,True,0.13620168350972522,mp100_final_sum_with_binary64_envelope
S1,leave_environment_B_antenna,polynomial,4657,33,True,0.023217881680494875,mp100_final_sum_with_binary64_envelope
S1,leave_environment_B_antenna,polynomial,4659,37,True,0.471282774841022,mp100_final_sum_with_binary64_envelope
S1,leave_environment_B_antenna,polynomial,4660,33,True,0.05224696799584863,mp100_final_sum_with_binary64_envelope
S1,leave_environment_B_antenna,polynomial,4661,37,True,0.032809884644576584,mp100_final_sum_with_binary64_envelope
S1,leave_environment_B_antenna,polynomial,4663,37,True,0.2992136858902968,mp100_final_sum_with_binary64_envelope
S1,leave_environment_B_antenna,polynomial,4664,37,True,0.17924701088999342,mp100_final_sum_with_binary64_envelope
S1,leave_environment_B_antenna,polynomial,4665,37,True,0.48708647547316786,mp100_final_sum_with_binary64_envelope
S1,leave_environment_B_antenna,polynomial,4671,33,True,0.2240494352896183,mp100_final_sum_with_binary64_envelope
S1,leave_environment_B_antenna,polynomial,4672,37,True,0.03751923354241434,mp100_final_sum_with_binary64_envelope
S1,leave_environment_B_antenna,polynomial,4673,33,True,0.2157337573313735,mp100_final_sum_with_binary64_envelope
S1,leave_environment_B_antenna,polynomial,4674,37,True,0.3184601089435147,mp100_final_sum_with_binary64_envelope
S1,leave_environment_B_antenna,polynomial,4676,37,True,0.19575751497611557,mp100_final_sum_with_binary64_envelope
S1,leave_environment_B_antenna,polynomial,4678,37,True,0.08539599219679948,mp100_final_sum_with_binary64_envelope
S1,leave_environment_B_antenna,polynomial,4679,37,True,0.20377639680862697,mp100_final_sum_with_binary64_envelope
S1,leave_environment_B_antenna,polynomial,4680,35,True,0.5035415997136008,mp100_final_sum_with_binary64_envelope
S1,leave_environment_B_antenna,polynomial,4681,38,True,0.9555718930246252,mp100_final_sum_with_binary64_envelope
S1,leave_environment_B_antenna,polynomial,4682,38,True,0.4541260837056187,mp100_final_sum_with_binary64_envelope
S1,leave_environment_B_antenna,polynomial,4683,38,True,0.5391828367345588,mp100_final_sum_with_binary64_envelope
S1,leave_environment_B_antenna,polynomial,4684,38,True,0.7532967518703113,mp100_final_sum_with_binary64_envelope
S1,leave_environment_B_antenna,polynomial,4685,38,True,1.1563113825283493,mp100_final_sum_with_binary64_envelope
S1,leave_environment_B_antenna,polynomial,4686,38,True,1.1113672551875007,mp100_final_sum_with_binary64_envelope
S1,leave_environment_B_antenna,polynomial,4687,38,True,1.263110263689703,mp100_final_sum_with_binary64_envelope
S1,leave_environment_B_antenna,polynomial,4688,38,True,0.9508417921898871,mp100_final_sum_with_binary64_envelope
S1,leave_environment_B_antenna,polynomial,4689,38,True,0.8105871132381478,mp100_final_sum_with_binary64_envelope
S1,leave_environment_B_antenna,polynomial,4690,38,True,0.7878105554860985,mp100_final_sum_with_binary64_envelope
S1,leave_environment_B_antenna,polynomial,4691,38,True,0.866776286854308,mp100_final_sum_with_binary64_envelope
S1,leave_environment_B_antenna,polynomial,4692,38,True,0.8230795317199029,mp100_final_sum_with_binary64_envelope
S1,leave_environment_B_antenna,polynomial,4693,38,True,0.6691977313776095,mp100_final_sum_with_binary64_envelope
S1,leave_environment_B_antenna,polynomial,4694,38,True,1.11028743676111,mp100_final_sum_with_binary64_envelope
S1,leave_environment_B_antenna,polynomial,4695,38,True,0.9351444661379531,mp100_final_sum_with_binary64_envelope
S1,leave_environment_B_antenna,polynomial,4696,38,True,0.8920374724504353,mp100_final_sum_with_binary64_envelope
S1,leave_environment_B_antenna,polynomial,4697,35,True,0.39605481132402465,mp100_final_sum_with_binary64_envelope
S1,leave_environment_B_antenna,polynomial,4698,35,True,0.21465529344562276,mp100_final_sum_with_binary64_envelope
S1,leave_environment_B_antenna,polynomial,4699,38,True,0.9203961290355382,mp100_final_sum_with_binary64_envelope
S1,leave_environment_B_antenna,polynomial,4700,38,True,0.3433722683040692,mp100_final_sum_with_binary64_envelope
S1,leave_environment_B_antenna,polynomial,4701,38,True,0.9934529574257983,mp100_final_sum_with_binary64_envelope
S1,leave_environment_B_antenna,polynomial,4702,38,True,1.397031089270007,mp100_final_sum_with_binary64_envelope
S1,leave_environment_B_antenna,polynomial,4703,38,True,0.7770200079955146,mp100_final_sum_with_binary64_envelope
S1,leave_environment_B_antenna,polynomial,4704,38,True,0.9376266481072286,mp100_final_sum_with_binary64_envelope
S1,leave_environment_B_antenna,polynomial,4705,38,True,0.8048784565307593,mp100_final_sum_with_binary64_envelope
S1,leave_environment_B_antenna,polynomial,4706,38,True,0.9716406142646551,mp100_final_sum_with_binary64_envelope
S1,leave_environment_B_antenna,polynomial,4707,38,True,1.3858752144938422,mp100_final_sum_with_binary64_envelope
S1,leave_environment_B_antenna,polynomial,4708,38,True,1.122313981506828,mp100_final_sum_with_binary64_envelope
S1,leave_environment_B_antenna,polynomial,4709,38,True,0.7216559908285675,mp100_final_sum_with_binary64_envelope
S1,leave_environment_B_antenna,polynomial,4710,38,True,1.0765556217175771,mp100_final_sum_with_binary64_envelope
S1,leave_environment_B_antenna,polynomial,4711,38,True,1.100153125172987,mp100_final_sum_with_binary64_envelope
S1,leave_environment_B_antenna,polynomial,4712,38,True,1.116240088978552,mp100_final_sum_with_binary64_envelope
S1,leave_environment_B_antenna,polynomial,4713,38,True,1.289597996701848,mp100_final_sum_with_binary64_envelope
S1,leave_environment_B_antenna,polynomial,4714,38,True,0.7480889560645919,mp100_final_sum_with_binary64_envelope
S1,leave_environment_B_antenna,polynomial,4715,38,True,1.2039891498337738,mp100_final_sum_with_binary64_envelope
S1,leave_environment_B_antenna,polynomial,4716,38,True,0.8859718111723353,mp100_final_sum_with_binary64_envelope
S1,leave_environment_B_antenna,polynomial,4717,38,True,0.9566047394305752,mp100_final_sum_with_binary64_envelope
S1,leave_environment_B_antenna,polynomial,4718,38,True,0.7929202054669745,mp100_final_sum_with_binary64_envelope
S1,leave_environment_B_antenna,polynomial,4719,38,True,1.00834340565474,mp100_final_sum_with_binary64_envelope
S1,leave_environment_B_antenna,polynomial,4720,39,True,0.3236902713347391,mp100_final_sum_with_binary64_envelope
S1,leave_environment_B_antenna,polynomial,4723,37,True,0.1584384238751073,mp100_final_sum_with_binary64_envelope
S1,leave_environment_B_antenna,polynomial,4727,39,True,0.5009990619948125,mp100_final_sum_with_binary64_envelope
S1,leave_environment_B_antenna,polynomial,4729,38,True,0.09683241516178133,mp100_final_sum_with_binary64_envelope
S1,leave_environment_B_antenna,polynomial,4732,39,True,0.0033289775189655657,mp100_final_sum_with_binary64_envelope
S1,leave_environment_B_antenna,polynomial,4733,38,True,0.29300690708538996,mp100_final_sum_with_binary64_envelope
S1,leave_environment_B_antenna,polynomial,4735,38,True,0.1401305244485312,mp100_final_sum_with_binary64_envelope
S1,leave_environment_B_antenna,polynomial,4737,34,True,0.1417657118203585,mp100_final_sum_with_binary64_envelope
S1,leave_environment_B_antenna,polynomial,4739,39,True,0.15995577645545672,mp100_final_sum_with_binary64_envelope
S1,leave_environment_B_antenna,polynomial,4742,39,True,0.32042539714893115,mp100_final_sum_with_binary64_envelope
S1,leave_environment_B_antenna,polynomial,4745,39,True,0.08781389622536509,mp100_final_sum_with_binary64_envelope
S1,leave_environment_B_antenna,polynomial,4746,39,True,0.01694382781233715,mp100_final_sum_with_binary64_envelope
S1,leave_environment_B_antenna,polynomial,4747,39,True,0.06955424075225382,mp100_final_sum_with_binary64_envelope
S1,leave_environment_B_antenna,polynomial,4748,39,True,0.3351913467353362,mp100_final_sum_with_binary64_envelope
S1,leave_environment_B_antenna,polynomial,4749,32,True,0.09905467145624469,mp100_final_sum_with_binary64_envelope
S1,leave_environment_B_antenna,polynomial,4751,38,True,0.020658972725465907,mp100_final_sum_with_binary64_envelope
S1,leave_environment_B_antenna,polynomial,4753,34,True,0.30939092884433966,mp100_final_sum_with_binary64_envelope
S1,leave_environment_B_antenna,polynomial,4754,39,True,0.3792390829701805,mp100_final_sum_with_binary64_envelope
S1,leave_environment_B_antenna,polynomial,4755,39,True,0.239399734915694,mp100_final_sum_with_binary64_envelope
S1,leave_environment_B_antenna,polynomial,4757,39,True,0.017731863487117097,mp100_final_sum_with_binary64_envelope
S1,leave_environment_B_antenna,polynomial,4759,39,True,0.19274975127615845,mp100_final_sum_with_binary64_envelope
S1,leave_environment_B_antenna,polynomial,4760,40,True,0.020688622485034048,mp100_final_sum_with_binary64_envelope
S1,leave_environment_B_antenna,polynomial,4763,34,True,0.08857194807709584,mp100_final_sum_with_binary64_envelope
S1,leave_environment_B_antenna,polynomial,4764,32,True,0.033171684265612345,mp100_final_sum_with_binary64_envelope
S1,leave_environment_B_antenna,polynomial,4766,40,True,0.1614969737242399,mp100_final_sum_with_binary64_envelope
S1,leave_environment_B_antenna,polynomial,4769,40,True,0.38009014344706543,mp100_final_sum_with_binary64_envelope
S1,leave_environment_B_antenna,polynomial,4770,40,True,0.3447957804147239,mp100_final_sum_with_binary64_envelope
S1,leave_environment_B_antenna,polynomial,4772,40,True,0.46975538297470754,mp100_final_sum_with_binary64_envelope
S1,leave_environment_B_antenna,polynomial,4773,40,True,0.26329304227501205,mp100_final_sum_with_binary64_envelope
S1,leave_environment_B_antenna,polynomial,4774,35,True,0.12414126696345955,mp100_final_sum_with_binary64_envelope
S1,leave_environment_B_antenna,polynomial,4775,40,True,0.06793128024782595,mp100_final_sum_with_binary64_envelope
S1,leave_environment_B_antenna,polynomial,4777,34,True,0.29650858088664594,mp100_final_sum_with_binary64_envelope
S1,leave_environment_B_antenna,polynomial,4778,39,True,0.006833871455501073,mp100_final_sum_with_binary64_envelope
S1,leave_environment_B_antenna,polynomial,4779,40,True,0.1817174973096542,mp100_final_sum_with_binary64_envelope
S1,leave_environment_B_antenna,polynomial,4780,40,True,0.1236378974600074,mp100_final_sum_with_binary64_envelope
S1,leave_environment_B_antenna,polynomial,4781,40,True,0.07000587518705172,mp100_final_sum_with_binary64_envelope
S1,leave_environment_B_antenna,polynomial,4782,40,True,0.1381613812564991,mp100_final_sum_with_binary64_envelope
S1,leave_environment_B_antenna,polynomial,4784,40,True,0.2826034643927288,mp100_final_sum_with_binary64_envelope
S1,leave_environment_B_antenna,polynomial,4785,35,True,0.004974791524360802,mp100_final_sum_with_binary64_envelope
S1,leave_environment_B_antenna,polynomial,4786,40,True,0.38196636044027554,mp100_final_sum_with_binary64_envelope
S1,leave_environment_B_antenna,polynomial,4787,40,True,0.27849241299935135,mp100_final_sum_with_binary64_envelope
S1,leave_environment_B_antenna,polynomial,4788,34,True,0.034520755959493166,mp100_final_sum_with_binary64_envelope
S1,leave_environment_B_antenna,polynomial,4789,32,True,0.12125617934126857,mp100_final_sum_with_binary64_envelope
S1,leave_environment_B_antenna,polynomial,4791,40,True,0.6921964210569379,mp100_final_sum_with_binary64_envelope
S1,leave_environment_B_antenna,polynomial,4794,40,True,0.07654791676755657,mp100_final_sum_with_binary64_envelope
S1,leave_environment_B_antenna,polynomial,4795,40,True,0.2628197059839365,mp100_final_sum_with_binary64_envelope
S1,leave_environment_B_antenna,polynomial,4796,40,True,0.4056097959181985,mp100_final_sum_with_binary64_envelope
S1,leave_environment_B_antenna,polynomial,4797,40,True,0.18738715612217943,mp100_final_sum_with_binary64_envelope
S1,leave_environment_B_antenna,random_orthogonal,4415,31,True,0.025876251804917885,mp100_final_sum_with_binary64_envelope
S1,leave_environment_B_antenna,permuted_polynomial,4400,31,True,0.05723737348671998,mp100_final_sum_with_binary64_envelope
S1,leave_environment_B_antenna,permuted_polynomial,4402,36,True,0.059894066888158876,mp100_final_sum_with_binary64_envelope
S1,leave_environment_B_antenna,permuted_polynomial,4405,31,True,0.25305841811528307,mp100_final_sum_with_binary64_envelope
S1,leave_environment_B_antenna,permuted_polynomial,4407,31,True,0.7583209216721547,mp100_final_sum_with_binary64_envelope
S1,leave_environment_B_antenna,permuted_polynomial,4409,31,True,0.06160187577043439,mp100_final_sum_with_binary64_envelope
S1,leave_environment_B_antenna,permuted_polynomial,4410,31,True,0.2868210845621334,mp100_final_sum_with_binary64_envelope
S1,leave_environment_B_antenna,permuted_polynomial,4413,31,True,0.1995687376472232,mp100_final_sum_with_binary64_envelope
S1,leave_environment_B_antenna,permuted_polynomial,4415,31,True,0.69311714663962,mp100_final_sum_with_binary64_envelope
S1,leave_environment_B_antenna,permuted_polynomial,4419,31,True,0.27739416675915435,mp100_final_sum_with_binary64_envelope
S1,leave_environment_B_antenna,permuted_polynomial,4422,31,True,0.3409283916881879,mp100_final_sum_with_binary64_envelope
S1,leave_environment_B_antenna,permuted_polynomial,4425,31,True,0.1456540586226602,mp100_final_sum_with_binary64_envelope
S1,leave_environment_B_antenna,permuted_polynomial,4431,36,True,0.16147084269276754,mp100_final_sum_with_binary64_envelope
S1,leave_environment_B_antenna,permuted_polynomial,4434,31,True,0.05820575971929417,mp100_final_sum_with_binary64_envelope
S1,leave_environment_B_antenna,permuted_polynomial,4497,36,True,0.04904427490293422,mp100_final_sum_with_binary64_envelope
S1,leave_environment_B_walk,dct,3136,37,True,0.15633985309535145,mp100_final_sum_with_binary64_envelope
S1,leave_environment_B_walk,dft,2800,31,True,0.2857918180306546,mp100_final_sum_with_binary64_envelope
S1,leave_environment_B_walk,dft,2801,31,True,0.3398373315658643,mp100_final_sum_with_binary64_envelope
S1,leave_environment_B_walk,dft,2803,31,True,0.5685515220622179,mp100_final_sum_with_binary64_envelope
S1,leave_environment_B_walk,dft,2804,31,True,0.831264420442511,mp100_final_sum_with_binary64_envelope
S1,leave_environment_B_walk,dft,2806,31,True,0.7124481390247466,mp100_final_sum_with_binary64_envelope
S1,leave_environment_B_walk,dft,2807,31,True,0.12258926366614271,mp100_final_sum_with_binary64_envelope
S1,leave_environment_B_walk,dft,2809,31,True,0.4656634280609856,mp100_final_sum_with_binary64_envelope
S1,leave_environment_B_walk,dft,2810,31,True,0.4647173080319305,mp100_final_sum_with_binary64_envelope
S1,leave_environment_B_walk,dft,2811,31,True,0.4039998735650313,mp100_final_sum_with_binary64_envelope
S1,leave_environment_B_walk,dft,2812,31,True,0.48711744999697987,mp100_final_sum_with_binary64_envelope
S1,leave_environment_B_walk,dft,2813,31,True,0.11486634954069522,mp100_final_sum_with_binary64_envelope
S1,leave_environment_B_walk,dft,2814,31,True,0.020746668077210616,mp100_final_sum_with_binary64_envelope
S1,leave_environment_B_walk,dft,2815,31,True,0.4782093271509294,mp100_final_sum_with_binary64_envelope
S1,leave_environment_B_walk,dft,2818,31,True,0.51228427484571,mp100_final_sum_with_binary64_envelope
S1,leave_environment_B_walk,dft,2819,31,True,0.6806948003597246,mp100_final_sum_with_binary64_envelope
S1,leave_environment_B_walk,dft,2822,31,True,0.2589176662961365,mp100_final_sum_with_binary64_envelope
S1,leave_environment_B_walk,dft,2829,31,True,0.2999676365951712,mp100_final_sum_with_binary64_envelope
S1,leave_environment_B_walk,dft,2831,31,True,0.09479257621470044,mp100_final_sum_with_binary64_envelope
S1,leave_environment_B_walk,dft,2833,31,True,0.18716827941380382,mp100_final_sum_with_binary64_envelope
S1,leave_environment_B_walk,dft,2834,31,True,0.7394027834532254,mp100_final_sum_with_binary64_envelope
S1,leave_environment_B_walk,dft,2835,31,True,0.07609095933169267,mp100_final_sum_with_binary64_envelope
S1,leave_environment_B_walk,dft,2838,31,True,0.799233725275629,mp100_final_sum_with_binary64_envelope
S1,leave_environment_B_walk,dft,2878,32,True,0.03915518843294161,mp100_final_sum_with_binary64_envelope
S1,leave_environment_B_walk,polynomial,2800,31,True,0.6361461453957326,mp100_final_sum_with_binary64_envelope
S1,leave_environment_B_walk,polynomial,2801,31,True,0.6427227388036018,mp100_final_sum_with_binary64_envelope
S1,leave_environment_B_walk,polynomial,2802,31,True,0.32120178730896815,mp100_final_sum_with_binary64_envelope
S1,leave_environment_B_walk,polynomial,2803,31,True,0.9733255849523681,mp100_final_sum_with_binary64_envelope
S1,leave_environment_B_walk,polynomial,2804,31,True,0.960936275207563,mp100_final_sum_with_binary64_envelope
S1,leave_environment_B_walk,polynomial,2805,31,True,0.21025071167142442,mp100_final_sum_with_binary64_envelope
S1,leave_environment_B_walk,polynomial,2806,31,True,0.6796338590694065,mp100_final_sum_with_binary64_envelope
S1,leave_environment_B_walk,polynomial,2807,31,True,1.3983715503094498,mp100_final_sum_with_binary64_envelope
S1,leave_environment_B_walk,polynomial,2808,31,True,0.5156673200314216,mp100_final_sum_with_binary64_envelope
S1,leave_environment_B_walk,polynomial,2809,31,True,0.5497882355507574,mp100_final_sum_with_binary64_envelope
S1,leave_environment_B_walk,polynomial,2810,31,True,0.595734778065849,mp100_final_sum_with_binary64_envelope
S1,leave_environment_B_walk,polynomial,2811,31,True,0.9372542358536473,mp100_final_sum_with_binary64_envelope
S1,leave_environment_B_walk,polynomial,2812,31,True,1.0522756556687403,mp100_final_sum_with_binary64_envelope
S1,leave_environment_B_walk,polynomial,2813,31,True,0.38217494945467523,mp100_final_sum_with_binary64_envelope
S1,leave_environment_B_walk,polynomial,2814,31,True,0.5126133655880138,mp100_final_sum_with_binary64_envelope
S1,leave_environment_B_walk,polynomial,2815,31,True,0.725834048629916,mp100_final_sum_with_binary64_envelope
S1,leave_environment_B_walk,polynomial,2816,31,True,0.3473750913619097,mp100_final_sum_with_binary64_envelope
S1,leave_environment_B_walk,polynomial,2817,31,True,0.15076470954258414,mp100_final_sum_with_binary64_envelope
S1,leave_environment_B_walk,polynomial,2818,31,True,0.5796695407661271,mp100_final_sum_with_binary64_envelope
S1,leave_environment_B_walk,polynomial,2819,31,True,0.4844909843026852,mp100_final_sum_with_binary64_envelope
S1,leave_environment_B_walk,polynomial,2820,31,True,0.6469879030242207,mp100_final_sum_with_binary64_envelope
S1,leave_environment_B_walk,polynomial,2821,31,True,0.03442313541717442,mp100_final_sum_with_binary64_envelope
S1,leave_environment_B_walk,polynomial,2822,31,True,1.0984871478853118,mp100_final_sum_with_binary64_envelope
S1,leave_environment_B_walk,polynomial,2823,31,True,0.0966983450197691,mp100_final_sum_with_binary64_envelope
S1,leave_environment_B_walk,polynomial,2824,31,True,0.6685634890362243,mp100_final_sum_with_binary64_envelope
S1,leave_environment_B_walk,polynomial,2825,31,True,0.4438267399790748,mp100_final_sum_with_binary64_envelope
S1,leave_environment_B_walk,polynomial,2826,31,True,0.833374664727525,mp100_final_sum_with_binary64_envelope
S1,leave_environment_B_walk,polynomial,2827,31,True,0.19608560218310597,mp100_final_sum_with_binary64_envelope
S1,leave_environment_B_walk,polynomial,2828,31,True,1.1427983753583846,mp100_final_sum_with_binary64_envelope
S1,leave_environment_B_walk,polynomial,2829,31,True,1.3549108514932404,mp100_final_sum_with_binary64_envelope
S1,leave_environment_B_walk,polynomial,2830,31,True,0.7535015533213573,mp100_final_sum_with_binary64_envelope
S1,leave_environment_B_walk,polynomial,2831,31,True,0.40747596543867626,mp100_final_sum_with_binary64_envelope
S1,leave_environment_B_walk,polynomial,2832,31,True,0.3434352963897888,mp100_final_sum_with_binary64_envelope
S1,leave_environment_B_walk,polynomial,2833,31,True,0.432965553740264,mp100_final_sum_with_binary64_envelope
S1,leave_environment_B_walk,polynomial,2834,31,True,1.6263185634720279,mp100_final_sum_with_binary64_envelope
S1,leave_environment_B_walk,polynomial,2835,31,True,0.5549149067986366,mp100_final_sum_with_binary64_envelope
S1,leave_environment_B_walk,polynomial,2836,31,True,0.3399697776494963,mp100_final_sum_with_binary64_envelope
S1,leave_environment_B_walk,polynomial,2837,31,True,0.4356000364336155,mp100_final_sum_with_binary64_envelope
S1,leave_environment_B_walk,polynomial,2838,31,True,1.0360966978745716,mp100_final_sum_with_binary64_envelope
S1,leave_environment_B_walk,polynomial,2839,31,True,0.7753900175307467,mp100_final_sum_with_binary64_envelope
S1,leave_environment_B_walk,polynomial,2840,32,True,1.0463774550622644,mp100_final_sum_with_binary64_envelope
S1,leave_environment_B_walk,polynomial,2841,32,True,0.003297685600099568,mp100_final_sum_with_binary64_envelope
S1,leave_environment_B_walk,polynomial,2842,32,True,0.4263783497172911,mp100_final_sum_with_binary64_envelope
S1,leave_environment_B_walk,polynomial,2843,32,True,0.7241026779688068,mp100_final_sum_with_binary64_envelope
S1,leave_environment_B_walk,polynomial,2844,32,True,0.3582554155445337,mp100_final_sum_with_binary64_envelope
S1,leave_environment_B_walk,polynomial,2845,32,True,0.9110059122847473,mp100_final_sum_with_binary64_envelope
S1,leave_environment_B_walk,polynomial,2846,32,True,0.2404352052815446,mp100_final_sum_with_binary64_envelope
S1,leave_environment_B_walk,polynomial,2847,32,True,0.2771239837602205,mp100_final_sum_with_binary64_envelope
S1,leave_environment_B_walk,polynomial,2849,32,True,0.6218304588565701,mp100_final_sum_with_binary64_envelope
S1,leave_environment_B_walk,polynomial,2850,32,True,0.8212527000020623,mp100_final_sum_with_binary64_envelope
S1,leave_environment_B_walk,polynomial,2851,32,True,0.4047158782199229,mp100_final_sum_with_binary64_envelope
S1,leave_environment_B_walk,polynomial,2853,35,True,0.13771359706763547,mp100_final_sum_with_binary64_envelope
S1,leave_environment_B_walk,polynomial,2854,32,True,0.4323083104143912,mp100_final_sum_with_binary64_envelope
S1,leave_environment_B_walk,polynomial,2855,32,True,0.3564340992971663,mp100_final_sum_with_binary64_envelope
S1,leave_environment_B_walk,polynomial,2856,32,True,0.1848173696304137,mp100_final_sum_with_binary64_envelope
S1,leave_environment_B_walk,polynomial,2857,32,True,0.025961978596558084,mp100_final_sum_with_binary64_envelope
S1,leave_environment_B_walk,polynomial,2858,32,True,0.6474751908372274,mp100_final_sum_with_binary64_envelope
S1,leave_environment_B_walk,polynomial,2859,32,True,0.39887887096842095,mp100_final_sum_with_binary64_envelope
S1,leave_environment_B_walk,polynomial,2860,35,True,0.05099700344616612,mp100_final_sum_with_binary64_envelope
S1,leave_environment_B_walk,polynomial,2861,32,True,0.5242259976931841,mp100_final_sum_with_binary64_envelope
S1,leave_environment_B_walk,polynomial,2862,32,True,0.4607217098412174,mp100_final_sum_with_binary64_envelope
S1,leave_environment_B_walk,polynomial,2863,32,True,0.8399943229287706,mp100_final_sum_with_binary64_envelope
S1,leave_environment_B_walk,polynomial,2864,35,True,0.20874190282305036,mp100_final_sum_with_binary64_envelope
S1,leave_environment_B_walk,polynomial,2865,32,True,0.5531426330762734,mp100_final_sum_with_binary64_envelope
S1,leave_environment_B_walk,polynomial,2866,32,True,0.418269994238855,mp100_final_sum_with_binary64_envelope
S1,leave_environment_B_walk,polynomial,2867,32,True,0.4740168391029084,mp100_final_sum_with_binary64_envelope
S1,leave_environment_B_walk,polynomial,2868,32,True,0.8296534688927448,mp100_final_sum_with_binary64_envelope
S1,leave_environment_B_walk,polynomial,2869,32,True,0.4315563828059523,mp100_final_sum_with_binary64_envelope
S1,leave_environment_B_walk,polynomial,2870,32,True,0.42223133447727934,mp100_final_sum_with_binary64_envelope
S1,leave_environment_B_walk,polynomial,2871,32,True,0.3839380684756649,mp100_final_sum_with_binary64_envelope
S1,leave_environment_B_walk,polynomial,2872,32,True,0.24749763470600045,mp100_final_sum_with_binary64_envelope
S1,leave_environment_B_walk,polynomial,2873,32,True,0.625336332894593,mp100_final_sum_with_binary64_envelope
S1,leave_environment_B_walk,polynomial,2876,35,True,0.02727167906945182,mp100_final_sum_with_binary64_envelope
S1,leave_environment_B_walk,polynomial,2877,35,True,0.27016005626335504,mp100_final_sum_with_binary64_envelope
S1,leave_environment_B_walk,polynomial,2878,32,True,0.4012413904550549,mp100_final_sum_with_binary64_envelope
S1,leave_environment_B_walk,polynomial,2879,35,True,0.08430789370903903,mp100_final_sum_with_binary64_envelope
S1,leave_environment_B_walk,polynomial,2880,33,True,0.8413236810113678,mp100_final_sum_with_binary64_envelope
S1,leave_environment_B_walk,polynomial,2881,33,True,0.5672120371963126,mp100_final_sum_with_binary64_envelope
S1,leave_environment_B_walk,polynomial,2882,33,True,0.03760606746901642,mp100_final_sum_with_binary64_envelope
S1,leave_environment_B_walk,polynomial,2883,38,True,0.09254924835485528,mp100_final_sum_with_binary64_envelope
S1,leave_environment_B_walk,polynomial,2884,33,True,0.737161251485714,mp100_final_sum_with_binary64_envelope
S1,leave_environment_B_walk,polynomial,2885,33,True,0.4425705364579568,mp100_final_sum_with_binary64_envelope
S1,leave_environment_B_walk,polynomial,2886,33,True,0.3854840107594472,mp100_final_sum_with_binary64_envelope
S1,leave_environment_B_walk,polynomial,2887,33,True,0.8123183266831604,mp100_final_sum_with_binary64_envelope
S1,leave_environment_B_walk,polynomial,2888,36,True,0.009601654915491272,mp100_final_sum_with_binary64_envelope
S1,leave_environment_B_walk,polynomial,2889,33,True,0.04710689293991634,mp100_final_sum_with_binary64_envelope
S1,leave_environment_B_walk,polynomial,2890,33,True,0.44713123098842394,mp100_final_sum_with_binary64_envelope
S1,leave_environment_B_walk,polynomial,2891,33,True,6.918606130113929e-05,mp100_final_sum_with_binary64_envelope
S1,leave_environment_B_walk,polynomial,2892,33,True,0.3498909549424042,mp100_final_sum_with_binary64_envelope
S1,leave_environment_B_walk,polynomial,2894,33,True,0.7764513877210546,mp100_final_sum_with_binary64_envelope
S1,leave_environment_B_walk,polynomial,2895,33,True,0.1050313746975991,mp100_final_sum_with_binary64_envelope
S1,leave_environment_B_walk,polynomial,2896,33,True,0.40164131109933593,mp100_final_sum_with_binary64_envelope
S1,leave_environment_B_walk,polynomial,2897,36,True,0.017833879761206144,mp100_final_sum_with_binary64_envelope
S1,leave_environment_B_walk,polynomial,2899,33,True,0.20217347086927306,mp100_final_sum_with_binary64_envelope
S1,leave_environment_B_walk,polynomial,2900,33,True,0.5161551383530824,mp100_final_sum_with_binary64_envelope
S1,leave_environment_B_walk,polynomial,2901,33,True,0.24054245570787683,mp100_final_sum_with_binary64_envelope
S1,leave_environment_B_walk,polynomial,2902,33,True,0.05041271808597535,mp100_final_sum_with_binary64_envelope
S1,leave_environment_B_walk,polynomial,2903,33,True,0.23781022142226843,mp100_final_sum_with_binary64_envelope
S1,leave_environment_B_walk,polynomial,2904,33,True,0.1294553935538344,mp100_final_sum_with_binary64_envelope
S1,leave_environment_B_walk,polynomial,2905,33,True,0.1995263997943826,mp100_final_sum_with_binary64_envelope
S1,leave_environment_B_walk,polynomial,2906,33,True,0.3153654139683085,mp100_final_sum_with_binary64_envelope
S1,leave_environment_B_walk,polynomial,2907,33,True,0.3144142059342531,mp100_final_sum_with_binary64_envelope
S1,leave_environment_B_walk,polynomial,2908,33,True,0.08687253521849422,mp100_final_sum_with_binary64_envelope
S1,leave_environment_B_walk,polynomial,2909,33,True,0.27769256403909265,mp100_final_sum_with_binary64_envelope
S1,leave_environment_B_walk,polynomial,2910,33,True,0.27912482960432433,mp100_final_sum_with_binary64_envelope
S1,leave_environment_B_walk,polynomial,2911,33,True,0.1411956253541224,mp100_final_sum_with_binary64_envelope
S1,leave_environment_B_walk,polynomial,2912,33,True,0.09312759098503993,mp100_final_sum_with_binary64_envelope
S1,leave_environment_B_walk,polynomial,2913,33,True,0.13882870105879863,mp100_final_sum_with_binary64_envelope
S1,leave_environment_B_walk,polynomial,2914,33,True,0.0951039260646354,mp100_final_sum_with_binary64_envelope
S1,leave_environment_B_walk,polynomial,2915,33,True,0.3307472924051525,mp100_final_sum_with_binary64_envelope
S1,leave_environment_B_walk,polynomial,2916,32,True,0.005291716275097468,mp100_final_sum_with_binary64_envelope
S1,leave_environment_B_walk,polynomial,2917,33,True,0.6126635803048704,mp100_final_sum_with_binary64_envelope
S1,leave_environment_B_walk,polynomial,2918,33,True,0.10119771674991432,mp100_final_sum_with_binary64_envelope
S1,leave_environment_B_walk,polynomial,2919,33,True,0.43784962179338227,mp100_final_sum_with_binary64_envelope
S1,leave_environment_B_walk,polynomial,2920,34,True,0.5353182715589805,mp100_final_sum_with_binary64_envelope
S1,leave_environment_B_walk,polynomial,2921,34,True,0.47804363654570403,mp100_final_sum_with_binary64_envelope
S1,leave_environment_B_walk,polynomial,2922,34,True,0.013879484321290663,mp100_final_sum_with_binary64_envelope
S1,leave_environment_B_walk,polynomial,2923,34,True,0.2558232940199801,mp100_final_sum_with_binary64_envelope
S1,leave_environment_B_walk,polynomial,2924,34,True,0.041083279237139635,mp100_final_sum_with_binary64_envelope
S1,leave_environment_B_walk,polynomial,2925,34,True,0.6887745835020057,mp100_final_sum_with_binary64_envelope
S1,leave_environment_B_walk,polynomial,2926,34,True,0.228210588763526,mp100_final_sum_with_binary64_envelope
S1,leave_environment_B_walk,polynomial,2927,34,True,0.5665708769970017,mp100_final_sum_with_binary64_envelope
S1,leave_environment_B_walk,polynomial,2929,34,True,0.058309492064714336,mp100_final_sum_with_binary64_envelope
S1,leave_environment_B_walk,polynomial,2930,34,True,0.616509772350279,mp100_final_sum_with_binary64_envelope
S1,leave_environment_B_walk,polynomial,2931,34,True,0.0850678927618659,mp100_final_sum_with_binary64_envelope
S1,leave_environment_B_walk,polynomial,2932,34,True,0.020545991324806404,mp100_final_sum_with_binary64_envelope
S1,leave_environment_B_walk,polynomial,2933,34,True,0.6997211766735392,mp100_final_sum_with_binary64_envelope
S1,leave_environment_B_walk,polynomial,2934,34,True,0.17837500351829302,mp100_final_sum_with_binary64_envelope
S1,leave_environment_B_walk,polynomial,2936,34,True,0.3414307387771807,mp100_final_sum_with_binary64_envelope
S1,leave_environment_B_walk,polynomial,2938,34,True,0.11140306238755664,mp100_final_sum_with_binary64_envelope
S1,leave_environment_B_walk,polynomial,2939,34,True,0.35873605853508694,mp100_final_sum_with_binary64_envelope
S1,leave_environment_B_walk,polynomial,2940,36,True,0.2672646988087048,mp100_final_sum_with_binary64_envelope
S1,leave_environment_B_walk,polynomial,2941,34,True,0.13427593985337322,mp100_final_sum_with_binary64_envelope
S1,leave_environment_B_walk,polynomial,2942,34,True,0.14931666361603416,mp100_final_sum_with_binary64_envelope
S1,leave_environment_B_walk,polynomial,2943,34,True,0.19503954280846625,mp100_final_sum_with_binary64_envelope
S1,leave_environment_B_walk,polynomial,2944,34,True,0.6632154128361434,mp100_final_sum_with_binary64_envelope
S1,leave_environment_B_walk,polynomial,2945,34,True,0.37653201809780523,mp100_final_sum_with_binary64_envelope
S1,leave_environment_B_walk,polynomial,2946,33,True,0.11973810257890942,mp100_final_sum_with_binary64_envelope
S1,leave_environment_B_walk,polynomial,2947,34,True,0.3670659387502674,mp100_final_sum_with_binary64_envelope
S1,leave_environment_B_walk,polynomial,2948,34,True,0.5191595150084735,mp100_final_sum_with_binary64_envelope
S1,leave_environment_B_walk,polynomial,2949,34,True,0.4461728400385745,mp100_final_sum_with_binary64_envelope
S1,leave_environment_B_walk,polynomial,2951,33,True,0.00656290676166842,mp100_final_sum_with_binary64_envelope
S1,leave_environment_B_walk,polynomial,2952,34,True,0.3739034275643514,mp100_final_sum_with_binary64_envelope
S1,leave_environment_B_walk,polynomial,2953,34,True,0.06816311071245428,mp100_final_sum_with_binary64_envelope
S1,leave_environment_B_walk,polynomial,2954,34,True,0.14747553770559763,mp100_final_sum_with_binary64_envelope
S1,leave_environment_B_walk,polynomial,2955,34,True,0.17297760468201234,mp100_final_sum_with_binary64_envelope
S1,leave_environment_B_walk,polynomial,2956,34,True,0.4424138821746725,mp100_final_sum_with_binary64_envelope
S1,leave_environment_B_walk,polynomial,2957,34,True,0.10131843028346894,mp100_final_sum_with_binary64_envelope
S1,leave_environment_B_walk,polynomial,2958,35,True,0.02502320841658094,mp100_final_sum_with_binary64_envelope
S1,leave_environment_B_walk,polynomial,2959,34,True,0.1942592762264453,mp100_final_sum_with_binary64_envelope
S1,leave_environment_B_walk,polynomial,2960,35,True,0.6837825724779777,mp100_final_sum_with_binary64_envelope
S1,leave_environment_B_walk,polynomial,2961,35,True,0.10925626655470314,mp100_final_sum_with_binary64_envelope
S1,leave_environment_B_walk,polynomial,2963,35,True,0.342069310902974,mp100_final_sum_with_binary64_envelope
S1,leave_environment_B_walk,polynomial,2964,35,True,1.095521536322753,mp100_final_sum_with_binary64_envelope
S1,leave_environment_B_walk,polynomial,2965,35,True,0.3304615398840244,mp100_final_sum_with_binary64_envelope
S1,leave_environment_B_walk,polynomial,2966,35,True,0.9117244382708993,mp100_final_sum_with_binary64_envelope
S1,leave_environment_B_walk,polynomial,2967,35,True,0.6531961758718718,mp100_final_sum_with_binary64_envelope
S1,leave_environment_B_walk,polynomial,2969,35,True,0.8025469925983209,mp100_final_sum_with_binary64_envelope
S1,leave_environment_B_walk,polynomial,2970,35,True,0.8464253478052878,mp100_final_sum_with_binary64_envelope
S1,leave_environment_B_walk,polynomial,2971,35,True,0.25278097919412473,mp100_final_sum_with_binary64_envelope
S1,leave_environment_B_walk,polynomial,2972,35,True,0.029353124075768518,mp100_final_sum_with_binary64_envelope
S1,leave_environment_B_walk,polynomial,2973,35,True,0.886502207216081,mp100_final_sum_with_binary64_envelope
S1,leave_environment_B_walk,polynomial,2974,35,True,0.3868378426619888,mp100_final_sum_with_binary64_envelope
S1,leave_environment_B_walk,polynomial,2975,35,True,0.707074651788803,mp100_final_sum_with_binary64_envelope
S1,leave_environment_B_walk,polynomial,2976,35,True,0.48535336504165943,mp100_final_sum_with_binary64_envelope
S1,leave_environment_B_walk,polynomial,2977,35,True,0.9257617223364046,mp100_final_sum_with_binary64_envelope
S1,leave_environment_B_walk,polynomial,2978,35,True,0.46362040552730094,mp100_final_sum_with_binary64_envelope
S1,leave_environment_B_walk,polynomial,2979,35,True,0.487182814064927,mp100_final_sum_with_binary64_envelope
S1,leave_environment_B_walk,polynomial,2980,35,True,0.17652611138898758,mp100_final_sum_with_binary64_envelope
S1,leave_environment_B_walk,polynomial,2981,35,True,0.3679167555512816,mp100_final_sum_with_binary64_envelope
S1,leave_environment_B_walk,polynomial,2982,35,True,0.5865511692799594,mp100_final_sum_with_binary64_envelope
S1,leave_environment_B_walk,polynomial,2983,35,True,0.6265578932032995,mp100_final_sum_with_binary64_envelope
S1,leave_environment_B_walk,polynomial,2984,35,True,0.005817757783182765,mp100_final_sum_with_binary64_envelope
S1,leave_environment_B_walk,polynomial,2986,35,True,0.5863537986933143,mp100_final_sum_with_binary64_envelope
S1,leave_environment_B_walk,polynomial,2987,35,True,0.8992706643864858,mp100_final_sum_with_binary64_envelope
S1,leave_environment_B_walk,polynomial,2988,35,True,0.20898936927357734,mp100_final_sum_with_binary64_envelope
S1,leave_environment_B_walk,polynomial,2989,35,True,0.8297957706015914,mp100_final_sum_with_binary64_envelope
S1,leave_environment_B_walk,polynomial,2990,35,True,0.3896338527478117,mp100_final_sum_with_binary64_envelope
S1,leave_environment_B_walk,polynomial,2991,35,True,0.5687978173119507,mp100_final_sum_with_binary64_envelope
S1,leave_environment_B_walk,polynomial,2992,35,True,0.9280355782951883,mp100_final_sum_with_binary64_envelope
S1,leave_environment_B_walk,polynomial,2993,35,True,0.5252746050943344,mp100_final_sum_with_binary64_envelope
S1,leave_environment_B_walk,polynomial,2994,35,True,0.01745701244221782,mp100_final_sum_with_binary64_envelope
S1,leave_environment_B_walk,polynomial,2995,35,True,0.6744972155917638,mp100_final_sum_with_binary64_envelope
S1,leave_environment_B_walk,polynomial,2996,35,True,0.3927045608102212,mp100_final_sum_with_binary64_envelope
S1,leave_environment_B_walk,polynomial,2998,35,True,0.6605820919258916,mp100_final_sum_with_binary64_envelope
S1,leave_environment_B_walk,polynomial,2999,35,True,0.44408981551253,mp100_final_sum_with_binary64_envelope
S1,leave_environment_B_walk,polynomial,3000,36,True,0.10436595747274317,mp100_final_sum_with_binary64_envelope
S1,leave_environment_B_walk,polynomial,3001,36,True,0.23061220283009123,mp100_final_sum_with_binary64_envelope
S1,leave_environment_B_walk,polynomial,3002,32,True,0.28068610724146775,mp100_final_sum_with_binary64_envelope
S1,leave_environment_B_walk,polynomial,3003,36,True,0.3250688178889292,mp100_final_sum_with_binary64_envelope
S1,leave_environment_B_walk,polynomial,3004,36,True,0.3254089357958133,mp100_final_sum_with_binary64_envelope
S1,leave_environment_B_walk,polynomial,3005,36,True,0.6841204503010208,mp100_final_sum_with_binary64_envelope
S1,leave_environment_B_walk,polynomial,3006,36,True,0.5070032033370259,mp100_final_sum_with_binary64_envelope
S1,leave_environment_B_walk,polynomial,3007,36,True,0.22140932269439606,mp100_final_sum_with_binary64_envelope
S1,leave_environment_B_walk,polynomial,3009,36,True,0.09355783254135386,mp100_final_sum_with_binary64_envelope
S1,leave_environment_B_walk,polynomial,3010,36,True,0.5470518903856106,mp100_final_sum_with_binary64_envelope
S1,leave_environment_B_walk,polynomial,3011,36,True,0.5143155788239082,mp100_final_sum_with_binary64_envelope
S1,leave_environment_B_walk,polynomial,3012,37,True,0.019256997356753455,mp100_final_sum_with_binary64_envelope
S1,leave_environment_B_walk,polynomial,3013,36,True,0.16434642000342384,mp100_final_sum_with_binary64_envelope
S1,leave_environment_B_walk,polynomial,3014,36,True,0.5129218044689963,mp100_final_sum_with_binary64_envelope
S1,leave_environment_B_walk,polynomial,3016,36,True,0.1139747403043741,mp100_final_sum_with_binary64_envelope
S1,leave_environment_B_walk,polynomial,3017,36,True,0.12504927110942773,mp100_final_sum_with_binary64_envelope
S1,leave_environment_B_walk,polynomial,3019,36,True,0.5992442297858707,mp100_final_sum_with_binary64_envelope
S1,leave_environment_B_walk,polynomial,3020,40,True,0.3073743221094788,mp100_final_sum_with_binary64_envelope
S1,leave_environment_B_walk,polynomial,3021,36,True,0.41954455673599506,mp100_final_sum_with_binary64_envelope
S1,leave_environment_B_walk,polynomial,3022,32,True,0.02844753191466749,mp100_final_sum_with_binary64_envelope
S1,leave_environment_B_walk,polynomial,3023,36,True,0.3320937298489816,mp100_final_sum_with_binary64_envelope
S1,leave_environment_B_walk,polynomial,3026,36,True,0.5250351892261531,mp100_final_sum_with_binary64_envelope
S1,leave_environment_B_walk,polynomial,3027,33,True,0.09637556438995404,mp100_final_sum_with_binary64_envelope
S1,leave_environment_B_walk,polynomial,3028,36,True,0.048125608171589895,mp100_final_sum_with_binary64_envelope
S1,leave_environment_B_walk,polynomial,3030,36,True,0.15007351361611274,mp100_final_sum_with_binary64_envelope
S1,leave_environment_B_walk,polynomial,3031,36,True,0.37904620879059275,mp100_final_sum_with_binary64_envelope
S1,leave_environment_B_walk,polynomial,3032,36,True,0.3233691722518544,mp100_final_sum_with_binary64_envelope
S1,leave_environment_B_walk,polynomial,3033,36,True,0.1485839306856464,mp100_final_sum_with_binary64_envelope
S1,leave_environment_B_walk,polynomial,3036,34,True,0.322331778942457,mp100_final_sum_with_binary64_envelope
S1,leave_environment_B_walk,polynomial,3037,36,True,0.014679265413355722,mp100_final_sum_with_binary64_envelope
S1,leave_environment_B_walk,polynomial,3038,36,True,0.31146619904598993,mp100_final_sum_with_binary64_envelope
S1,leave_environment_B_walk,polynomial,3040,37,True,0.5686212602123967,mp100_final_sum_with_binary64_envelope
S1,leave_environment_B_walk,polynomial,3041,37,True,0.2424911543995754,mp100_final_sum_with_binary64_envelope
S1,leave_environment_B_walk,polynomial,3043,31,True,0.06117443928917624,mp100_final_sum_with_binary64_envelope
S1,leave_environment_B_walk,polynomial,3044,37,True,0.3466694248807751,mp100_final_sum_with_binary64_envelope
S1,leave_environment_B_walk,polynomial,3045,37,True,0.02544246504054494,mp100_final_sum_with_binary64_envelope
S1,leave_environment_B_walk,polynomial,3046,37,True,0.8219020370355681,mp100_final_sum_with_binary64_envelope
S1,leave_environment_B_walk,polynomial,3047,32,True,0.13217072198334937,mp100_final_sum_with_binary64_envelope
S1,leave_environment_B_walk,polynomial,3048,37,True,0.17804774199636972,mp100_final_sum_with_binary64_envelope
S1,leave_environment_B_walk,polynomial,3049,37,True,1.0065929990852978,mp100_final_sum_with_binary64_envelope
S1,leave_environment_B_walk,polynomial,3050,37,True,0.1869913081148073,mp100_final_sum_with_binary64_envelope
S1,leave_environment_B_walk,polynomial,3051,37,True,0.3678644089654355,mp100_final_sum_with_binary64_envelope
S1,leave_environment_B_walk,polynomial,3053,37,True,0.15024136332172394,mp100_final_sum_with_binary64_envelope
S1,leave_environment_B_walk,polynomial,3054,37,True,0.17218953656727967,mp100_final_sum_with_binary64_envelope
S1,leave_environment_B_walk,polynomial,3055,32,True,0.13299661304928972,mp100_final_sum_with_binary64_envelope
S1,leave_environment_B_walk,polynomial,3056,37,True,0.058784951931159,mp100_final_sum_with_binary64_envelope
S1,leave_environment_B_walk,polynomial,3057,36,True,0.024001071616438757,mp100_final_sum_with_binary64_envelope
S1,leave_environment_B_walk,polynomial,3058,37,True,0.01431097975077638,mp100_final_sum_with_binary64_envelope
S1,leave_environment_B_walk,polynomial,3063,37,True,0.11148681749098224,mp100_final_sum_with_binary64_envelope
S1,leave_environment_B_walk,polynomial,3064,37,True,0.26158792940040976,mp100_final_sum_with_binary64_envelope
S1,leave_environment_B_walk,polynomial,3066,37,True,0.6111588423385361,mp100_final_sum_with_binary64_envelope
S1,leave_environment_B_walk,polynomial,3067,36,True,0.05645820147136019,mp100_final_sum_with_binary64_envelope
S1,leave_environment_B_walk,polynomial,3068,37,True,0.3114126228471171,mp100_final_sum_with_binary64_envelope
S1,leave_environment_B_walk,polynomial,3070,37,True,0.34773180156535916,mp100_final_sum_with_binary64_envelope
S1,leave_environment_B_walk,polynomial,3071,37,True,0.18433384051629198,mp100_final_sum_with_binary64_envelope
S1,leave_environment_B_walk,polynomial,3072,37,True,0.32040679573162706,mp100_final_sum_with_binary64_envelope
S1,leave_environment_B_walk,polynomial,3073,37,True,0.16273900465420593,mp100_final_sum_with_binary64_envelope
S1,leave_environment_B_walk,polynomial,3076,37,True,0.15709310147994374,mp100_final_sum_with_binary64_envelope
S1,leave_environment_B_walk,polynomial,3077,37,True,0.18393151478579053,mp100_final_sum_with_binary64_envelope
S1,leave_environment_B_walk,polynomial,3079,37,True,0.1353584359669204,mp100_final_sum_with_binary64_envelope
S1,leave_environment_B_walk,polynomial,3080,38,True,0.5367697209842933,mp100_final_sum_with_binary64_envelope
S1,leave_environment_B_walk,polynomial,3081,38,True,0.3334133794009597,mp100_final_sum_with_binary64_envelope
S1,leave_environment_B_walk,polynomial,3082,38,True,0.9523819892557897,mp100_final_sum_with_binary64_envelope
S1,leave_environment_B_walk,polynomial,3083,38,True,0.7089635798665089,mp100_final_sum_with_binary64_envelope
S1,leave_environment_B_walk,polynomial,3084,38,True,0.7595195849307298,mp100_final_sum_with_binary64_envelope
S1,leave_environment_B_walk,polynomial,3085,38,True,1.1298896037593646,mp100_final_sum_with_binary64_envelope
S1,leave_environment_B_walk,polynomial,3086,38,True,0.8518770839636798,mp100_final_sum_with_binary64_envelope
S1,leave_environment_B_walk,polynomial,3087,38,True,0.5991963988066674,mp100_final_sum_with_binary64_envelope
S1,leave_environment_B_walk,polynomial,3088,38,True,0.6884260115420792,mp100_final_sum_with_binary64_envelope
S1,leave_environment_B_walk,polynomial,3089,38,True,0.6845719489502854,mp100_final_sum_with_binary64_envelope
S1,leave_environment_B_walk,polynomial,3091,38,True,0.8215917304217318,mp100_final_sum_with_binary64_envelope
S1,leave_environment_B_walk,polynomial,3092,38,True,0.9589558883190723,mp100_final_sum_with_binary64_envelope
S1,leave_environment_B_walk,polynomial,3093,38,True,0.9212137037997643,mp100_final_sum_with_binary64_envelope
S1,leave_environment_B_walk,polynomial,3094,38,True,0.9471370040042897,mp100_final_sum_with_binary64_envelope
S1,leave_environment_B_walk,polynomial,3096,38,True,1.0685034819582322,mp100_final_sum_with_binary64_envelope
S1,leave_environment_B_walk,polynomial,3097,38,True,0.7485166814592873,mp100_final_sum_with_binary64_envelope
S1,leave_environment_B_walk,polynomial,3098,38,True,0.8602617423780657,mp100_final_sum_with_binary64_envelope
S1,leave_environment_B_walk,polynomial,3099,38,True,0.6154155984745409,mp100_final_sum_with_binary64_envelope
S1,leave_environment_B_walk,polynomial,3100,38,True,0.1447797501075686,mp100_final_sum_with_binary64_envelope
S1,leave_environment_B_walk,polynomial,3101,38,True,0.5767299836573954,mp100_final_sum_with_binary64_envelope
S1,leave_environment_B_walk,polynomial,3102,38,True,1.178677330939642,mp100_final_sum_with_binary64_envelope
S1,leave_environment_B_walk,polynomial,3103,38,True,0.6825749727418736,mp100_final_sum_with_binary64_envelope
S1,leave_environment_B_walk,polynomial,3104,38,True,0.9065578885498783,mp100_final_sum_with_binary64_envelope
S1,leave_environment_B_walk,polynomial,3105,38,True,0.5829241562103995,mp100_final_sum_with_binary64_envelope
S1,leave_environment_B_walk,polynomial,3106,38,True,1.1953517366658752,mp100_final_sum_with_binary64_envelope
S1,leave_environment_B_walk,polynomial,3107,38,True,1.1030809744611565,mp100_final_sum_with_binary64_envelope
S1,leave_environment_B_walk,polynomial,3108,38,True,1.0153271087892983,mp100_final_sum_with_binary64_envelope
S1,leave_environment_B_walk,polynomial,3109,35,True,0.15301495839832094,mp100_final_sum_with_binary64_envelope
S1,leave_environment_B_walk,polynomial,3110,38,True,0.5664740245326472,mp100_final_sum_with_binary64_envelope
S1,leave_environment_B_walk,polynomial,3111,38,True,1.0408656626469477,mp100_final_sum_with_binary64_envelope
S1,leave_environment_B_walk,polynomial,3112,38,True,0.9273528728237971,mp100_final_sum_with_binary64_envelope
S1,leave_environment_B_walk,polynomial,3113,38,True,1.2056935233840602,mp100_final_sum_with_binary64_envelope
S1,leave_environment_B_walk,polynomial,3114,38,True,0.4132235169540547,mp100_final_sum_with_binary64_envelope
S1,leave_environment_B_walk,polynomial,3115,38,True,1.0862927806165557,mp100_final_sum_with_binary64_envelope
S1,leave_environment_B_walk,polynomial,3116,38,True,1.2888750282073995,mp100_final_sum_with_binary64_envelope
S1,leave_environment_B_walk,polynomial,3117,38,True,1.0710258050175192,mp100_final_sum_with_binary64_envelope
S1,leave_environment_B_walk,polynomial,3118,38,True,1.0318194564908565,mp100_final_sum_with_binary64_envelope
S1,leave_environment_B_walk,polynomial,3119,38,True,1.209713275730432,mp100_final_sum_with_binary64_envelope
S1,leave_environment_B_walk,polynomial,3120,37,True,0.026078520536743297,mp100_final_sum_with_binary64_envelope
S1,leave_environment_B_walk,polynomial,3121,38,True,0.055621257169819346,mp100_final_sum_with_binary64_envelope
S1,leave_environment_B_walk,polynomial,3124,34,True,0.3244599769708994,mp100_final_sum_with_binary64_envelope
S1,leave_environment_B_walk,polynomial,3125,39,True,0.347874618984034,mp100_final_sum_with_binary64_envelope
S1,leave_environment_B_walk,polynomial,3126,39,True,0.39394022894016484,mp100_final_sum_with_binary64_envelope
S1,leave_environment_B_walk,polynomial,3128,37,True,0.5506530248527206,mp100_final_sum_with_binary64_envelope
S1,leave_environment_B_walk,polynomial,3129,39,True,0.21327768693934138,mp100_final_sum_with_binary64_envelope
S1,leave_environment_B_walk,polynomial,3130,37,True,0.12500839958931018,mp100_final_sum_with_binary64_envelope
S1,leave_environment_B_walk,polynomial,3131,34,True,0.08550375131215357,mp100_final_sum_with_binary64_envelope
S1,leave_environment_B_walk,polynomial,3132,38,True,0.32171426961668664,mp100_final_sum_with_binary64_envelope
S1,leave_environment_B_walk,polynomial,3133,39,True,0.31931560716394625,mp100_final_sum_with_binary64_envelope
S1,leave_environment_B_walk,polynomial,3134,37,True,0.03427439075391839,mp100_final_sum_with_binary64_envelope
S1,leave_environment_B_walk,polynomial,3136,37,True,0.7912421047302091,mp100_final_sum_with_binary64_envelope
S1,leave_environment_B_walk,polynomial,3139,34,True,0.03178178925301135,mp100_final_sum_with_binary64_envelope
S1,leave_environment_B_walk,polynomial,3140,39,True,0.37037351637209714,mp100_final_sum_with_binary64_envelope
S1,leave_environment_B_walk,polynomial,3141,39,True,0.19600294217306216,mp100_final_sum_with_binary64_envelope
S1,leave_environment_B_walk,polynomial,3142,39,True,0.24550782844269556,mp100_final_sum_with_binary64_envelope
S1,leave_environment_B_walk,polynomial,3143,33,True,0.08531092162477356,mp100_final_sum_with_binary64_envelope
S1,leave_environment_B_walk,polynomial,3144,38,True,0.06783201649825062,mp100_final_sum_with_binary64_envelope
S1,leave_environment_B_walk,polynomial,3146,39,True,0.08592418386818719,mp100_final_sum_with_binary64_envelope
S1,leave_environment_B_walk,polynomial,3147,39,True,0.0004605301906783305,mp100_final_sum_with_binary64_envelope
S1,leave_environment_B_walk,polynomial,3148,37,True,0.23798131585906007,mp100_final_sum_with_binary64_envelope
S1,leave_environment_B_walk,polynomial,3150,39,True,0.49430841391439134,mp100_final_sum_with_binary64_envelope
S1,leave_environment_B_walk,polynomial,3151,39,True,0.008380998469117504,mp100_final_sum_with_binary64_envelope
S1,leave_environment_B_walk,polynomial,3152,33,True,0.04191002306843002,mp100_final_sum_with_binary64_envelope
S1,leave_environment_B_walk,polynomial,3155,39,True,0.14354612739314543,mp100_final_sum_with_binary64_envelope
S1,leave_environment_B_walk,polynomial,3156,37,True,0.25646843533312286,mp100_final_sum_with_binary64_envelope
S1,leave_environment_B_walk,polynomial,3157,39,True,0.49404083555390066,mp100_final_sum_with_binary64_envelope
S1,leave_environment_B_walk,polynomial,3158,37,True,0.24896676125144868,mp100_final_sum_with_binary64_envelope
S1,leave_environment_B_walk,polynomial,3161,36,True,0.060959727693651135,mp100_final_sum_with_binary64_envelope
S1,leave_environment_B_walk,polynomial,3166,40,True,0.19392042399163192,mp100_final_sum_with_binary64_envelope
S1,leave_environment_B_walk,polynomial,3167,40,True,0.2907525632897412,mp100_final_sum_with_binary64_envelope
S1,leave_environment_B_walk,polynomial,3169,32,True,0.09723476010183392,mp100_final_sum_with_binary64_envelope
S1,leave_environment_B_walk,polynomial,3170,40,True,0.6336523654871645,mp100_final_sum_with_binary64_envelope
S1,leave_environment_B_walk,polynomial,3171,32,True,0.12702714995815853,mp100_final_sum_with_binary64_envelope
S1,leave_environment_B_walk,polynomial,3172,40,True,0.052372435464937916,mp100_final_sum_with_binary64_envelope
S1,leave_environment_B_walk,polynomial,3173,40,True,0.0651317198716726,mp100_final_sum_with_binary64_envelope
S1,leave_environment_B_walk,polynomial,3174,40,True,0.4336543429608879,mp100_final_sum_with_binary64_envelope
S1,leave_environment_B_walk,polynomial,3176,40,True,0.4547124762909849,mp100_final_sum_with_binary64_envelope
S1,leave_environment_B_walk,polynomial,3177,40,True,0.475540302408872,mp100_final_sum_with_binary64_envelope
S1,leave_environment_B_walk,polynomial,3178,40,True,0.19330402337828917,mp100_final_sum_with_binary64_envelope
S1,leave_environment_B_walk,polynomial,3180,40,True,0.05890774325423005,mp100_final_sum_with_binary64_envelope
S1,leave_environment_B_walk,polynomial,3181,40,True,0.5746543875131835,mp100_final_sum_with_binary64_envelope
S1,leave_environment_B_walk,polynomial,3182,36,True,0.09198333806511261,mp100_final_sum_with_binary64_envelope
S1,leave_environment_B_walk,polynomial,3183,40,True,0.4974051454922604,mp100_final_sum_with_binary64_envelope
S1,leave_environment_B_walk,polynomial,3184,40,True,0.18385216818735867,mp100_final_sum_with_binary64_envelope
S1,leave_environment_B_walk,polynomial,3185,34,True,0.07449058924794559,mp100_final_sum_with_binary64_envelope
S1,leave_environment_B_walk,polynomial,3186,40,True,0.22626630784840263,mp100_final_sum_with_binary64_envelope
S1,leave_environment_B_walk,polynomial,3187,40,True,0.20076672612924507,mp100_final_sum_with_binary64_envelope
S1,leave_environment_B_walk,polynomial,3189,40,True,0.09993488773777909,mp100_final_sum_with_binary64_envelope
S1,leave_environment_B_walk,polynomial,3190,33,True,0.06509367293746825,mp100_final_sum_with_binary64_envelope
S1,leave_environment_B_walk,polynomial,3191,40,True,0.24656230826974768,mp100_final_sum_with_binary64_envelope
S1,leave_environment_B_walk,polynomial,3192,40,True,0.20962894325415665,mp100_final_sum_with_binary64_envelope
S1,leave_environment_B_walk,polynomial,3193,40,True,0.20516914130595462,mp100_final_sum_with_binary64_envelope
S1,leave_environment_B_walk,polynomial,3196,35,True,0.12575106800585678,mp100_final_sum_with_binary64_envelope
S1,leave_environment_B_walk,polynomial,3197,32,True,0.25333745533107876,mp100_final_sum_with_binary64_envelope
S1,leave_environment_B_walk,polynomial,3199,40,True,0.5270333358093237,mp100_final_sum_with_binary64_envelope
S1,leave_environment_B_walk,random_orthogonal,2807,31,True,0.138116040068926,mp100_final_sum_with_binary64_envelope
S1,leave_environment_B_walk,random_orthogonal,2812,31,True,0.22008657379091878,mp100_final_sum_with_binary64_envelope
S1,leave_environment_B_walk,random_orthogonal,2829,31,True,0.6615508396469536,mp100_final_sum_with_binary64_envelope
S1,leave_environment_B_walk,random_orthogonal,2834,31,True,1.3255124504853508,mp100_final_sum_with_binary64_envelope
S1,leave_environment_B_walk,permuted_polynomial,2800,31,True,0.6063174767280775,mp100_final_sum_with_binary64_envelope
S1,leave_environment_B_walk,permuted_polynomial,2801,31,True,0.0014868127821529551,mp100_final_sum_with_binary64_envelope
S1,leave_environment_B_walk,permuted_polynomial,2802,31,True,0.368394479900961,mp100_final_sum_with_binary64_envelope
S1,leave_environment_B_walk,permuted_polynomial,2803,31,True,0.0452357898837975,mp100_final_sum_with_binary64_envelope
S1,leave_environment_B_walk,permuted_polynomial,2804,31,True,0.2127217646470049,mp100_final_sum_with_binary64_envelope
S1,leave_environment_B_walk,permuted_polynomial,2806,31,True,0.12837008806526476,mp100_final_sum_with_binary64_envelope
S1,leave_environment_B_walk,permuted_polynomial,2807,31,True,1.109218327840438,mp100_final_sum_with_binary64_envelope
S1,leave_environment_B_walk,permuted_polynomial,2809,31,True,0.1448004856341246,mp100_final_sum_with_binary64_envelope
S1,leave_environment_B_walk,permuted_polynomial,2810,31,True,0.553287661863876,mp100_final_sum_with_binary64_envelope
S1,leave_environment_B_walk,permuted_polynomial,2811,31,True,0.3867088669250492,mp100_final_sum_with_binary64_envelope
S1,leave_environment_B_walk,permuted_polynomial,2812,31,True,0.6440518940725297,mp100_final_sum_with_binary64_envelope
S1,leave_environment_B_walk,permuted_polynomial,2814,31,True,0.11358476234922477,mp100_final_sum_with_binary64_envelope
S1,leave_environment_B_walk,permuted_polynomial,2815,31,True,0.9239177989283471,mp100_final_sum_with_binary64_envelope
S1,leave_environment_B_walk,permuted_polynomial,2816,31,True,0.14449768777047017,mp100_final_sum_with_binary64_envelope
S1,leave_environment_B_walk,permuted_polynomial,2818,31,True,0.09048575953184325,mp100_final_sum_with_binary64_envelope
S1,leave_environment_B_walk,permuted_polynomial,2820,31,True,0.3323358556904445,mp100_final_sum_with_binary64_envelope
S1,leave_environment_B_walk,permuted_polynomial,2821,31,True,0.005990931127154214,mp100_final_sum_with_binary64_envelope
S1,leave_environment_B_walk,permuted_polynomial,2822,31,True,1.2617040912663011,mp100_final_sum_with_binary64_envelope
S1,leave_environment_B_walk,permuted_polynomial,2824,31,True,0.7065144786370102,mp100_final_sum_with_binary64_envelope
S1,leave_environment_B_walk,permuted_polynomial,2826,31,True,0.06523861123948087,mp100_final_sum_with_binary64_envelope
S1,leave_environment_B_walk,permuted_polynomial,2828,31,True,0.5301138759090459,mp100_final_sum_with_binary64_envelope
S1,leave_environment_B_walk,permuted_polynomial,2829,31,True,0.7426986167844813,mp100_final_sum_with_binary64_envelope
S1,leave_environment_B_walk,permuted_polynomial,2834,31,True,1.27729316942747,mp100_final_sum_with_binary64_envelope
S1,leave_environment_B_walk,permuted_polynomial,2835,31,True,0.5921865652081613,mp100_final_sum_with_binary64_envelope
S1,leave_environment_B_walk,permuted_polynomial,2845,32,True,0.09096822109832518,mp100_final_sum_with_binary64_envelope
S1,leave_environment_C,dft,1200,31,True,1.0718702239002045,mp100_final_sum_with_binary64_envelope
S1,leave_environment_C,dft,1201,31,True,0.6023108054860679,mp100_final_sum_with_binary64_envelope
S1,leave_environment_C,dft,1202,31,True,0.7983038404339293,mp100_final_sum_with_binary64_envelope
S1,leave_environment_C,dft,1203,31,True,1.0201156703733678,mp100_final_sum_with_binary64_envelope
S1,leave_environment_C,dft,1204,31,True,0.8790813259124338,mp100_final_sum_with_binary64_envelope
S1,leave_environment_C,dft,1205,31,True,1.2510921832438222,mp100_final_sum_with_binary64_envelope
S1,leave_environment_C,dft,1206,31,True,0.26153173250100226,mp100_final_sum_with_binary64_envelope
S1,leave_environment_C,dft,1207,31,True,0.6467492785165101,mp100_final_sum_with_binary64_envelope
S1,leave_environment_C,dft,1208,31,True,0.5588785566586076,mp100_final_sum_with_binary64_envelope
S1,leave_environment_C,dft,1209,31,True,0.7869629225734157,mp100_final_sum_with_binary64_envelope
S1,leave_environment_C,dft,1210,31,True,0.2766582767376363,mp100_final_sum_with_binary64_envelope
S1,leave_environment_C,dft,1211,31,True,0.6941823697612313,mp100_final_sum_with_binary64_envelope
S1,leave_environment_C,dft,1212,31,True,0.4504853100181656,mp100_final_sum_with_binary64_envelope
S1,leave_environment_C,dft,1213,31,True,0.6488938210799218,mp100_final_sum_with_binary64_envelope
S1,leave_environment_C,dft,1214,31,True,0.33906000626094274,mp100_final_sum_with_binary64_envelope
S1,leave_environment_C,dft,1215,31,True,1.215553058935238,mp100_final_sum_with_binary64_envelope
S1,leave_environment_C,dft,1216,31,True,0.18705561109675675,mp100_final_sum_with_binary64_envelope
S1,leave_environment_C,dft,1217,31,True,0.770062402532256,mp100_final_sum_with_binary64_envelope
S1,leave_environment_C,dft,1218,31,True,0.3659060866659199,mp100_final_sum_with_binary64_envelope
S1,leave_environment_C,dft,1219,31,True,0.13543057374441916,mp100_final_sum_with_binary64_envelope
S1,leave_environment_C,dft,1220,31,True,0.9741526095674897,mp100_final_sum_with_binary64_envelope
S1,leave_environment_C,dft,1221,31,True,0.5219193694645421,mp100_final_sum_with_binary64_envelope
S1,leave_environment_C,dft,1222,31,True,0.6965222362437437,mp100_final_sum_with_binary64_envelope
S1,leave_environment_C,dft,1223,31,True,0.4488101801932425,mp100_final_sum_with_binary64_envelope
S1,leave_environment_C,dft,1224,31,True,0.3109388752776241,mp100_final_sum_with_binary64_envelope
S1,leave_environment_C,dft,1225,31,True,0.9315583350172694,mp100_final_sum_with_binary64_envelope
S1,leave_environment_C,dft,1226,31,True,0.39908042160835244,mp100_final_sum_with_binary64_envelope
S1,leave_environment_C,dft,1227,31,True,1.1832543318141775,mp100_final_sum_with_binary64_envelope
S1,leave_environment_C,dft,1228,31,True,1.004249539845532,mp100_final_sum_with_binary64_envelope
S1,leave_environment_C,dft,1229,31,True,1.0997273174242022,mp100_final_sum_with_binary64_envelope
S1,leave_environment_C,dft,1231,31,True,0.10388357610957522,mp100_final_sum_with_binary64_envelope
S1,leave_environment_C,dft,1232,31,True,0.15215667936111849,mp100_final_sum_with_binary64_envelope
S1,leave_environment_C,dft,1233,31,True,0.7658414047434873,mp100_final_sum_with_binary64_envelope
S1,leave_environment_C,dft,1234,31,True,0.4210276468980367,mp100_final_sum_with_binary64_envelope
S1,leave_environment_C,dft,1235,31,True,1.1808818883601457,mp100_final_sum_with_binary64_envelope
S1,leave_environment_C,dft,1236,31,True,0.7491994988744327,mp100_final_sum_with_binary64_envelope
S1,leave_environment_C,dft,1238,31,True,0.38830919170360906,mp100_final_sum_with_binary64_envelope
S1,leave_environment_C,dft,1239,31,True,0.16612966058021392,mp100_final_sum_with_binary64_envelope
S1,leave_environment_C,dft,1430,31,True,0.0023314515577828577,mp100_final_sum_with_binary64_envelope
S1,leave_environment_C,polynomial,1200,31,True,0.9885738519270619,mp100_final_sum_with_binary64_envelope
S1,leave_environment_C,polynomial,1201,31,True,0.9210010831568409,mp100_final_sum_with_binary64_envelope
S1,leave_environment_C,polynomial,1202,31,True,0.9871556719754625,mp100_final_sum_with_binary64_envelope
S1,leave_environment_C,polynomial,1203,31,True,1.485068852695988,mp100_final_sum_with_binary64_envelope
S1,leave_environment_C,polynomial,1204,31,True,1.0896854009707582,mp100_final_sum_with_binary64_envelope
S1,leave_environment_C,polynomial,1205,31,True,1.7028708644988138,mp100_final_sum_with_binary64_envelope
S1,leave_environment_C,polynomial,1206,31,True,0.6865640311704916,mp100_final_sum_with_binary64_envelope
S1,leave_environment_C,polynomial,1207,31,True,1.055944474545826,mp100_final_sum_with_binary64_envelope
S1,leave_environment_C,polynomial,1208,31,True,0.9100497112305679,mp100_final_sum_with_binary64_envelope
S1,leave_environment_C,polynomial,1209,31,True,1.0194462864493552,mp100_final_sum_with_binary64_envelope
S1,leave_environment_C,polynomial,1210,31,True,0.6620535407763272,mp100_final_sum_with_binary64_envelope
S1,leave_environment_C,polynomial,1211,31,True,1.2600518114741157,mp100_final_sum_with_binary64_envelope
S1,leave_environment_C,polynomial,1212,31,True,1.010930995624866,mp100_final_sum_with_binary64_envelope
S1,leave_environment_C,polynomial,1213,31,True,0.9546538474328649,mp100_final_sum_with_binary64_envelope
S1,leave_environment_C,polynomial,1214,31,True,0.918626921861378,mp100_final_sum_with_binary64_envelope
S1,leave_environment_C,polynomial,1215,31,True,1.4111945216654527,mp100_final_sum_with_binary64_envelope
S1,leave_environment_C,polynomial,1217,31,True,1.44508190031844,mp100_final_sum_with_binary64_envelope
S1,leave_environment_C,polynomial,1218,31,True,0.8347809924181876,mp100_final_sum_with_binary64_envelope
S1,leave_environment_C,polynomial,1219,31,True,0.957816918079973,mp100_final_sum_with_binary64_envelope
S1,leave_environment_C,polynomial,1220,31,True,1.5564100597410941,mp100_final_sum_with_binary64_envelope
S1,leave_environment_C,polynomial,1221,31,True,0.8559928847195798,mp100_final_sum_with_binary64_envelope
S1,leave_environment_C,polynomial,1222,31,True,1.4912633859930542,mp100_final_sum_with_binary64_envelope
S1,leave_environment_C,polynomial,1223,31,True,0.722362922151893,mp100_final_sum_with_binary64_envelope
S1,leave_environment_C,polynomial,1224,31,True,0.9322950268081447,mp100_final_sum_with_binary64_envelope
S1,leave_environment_C,polynomial,1225,31,True,1.4480407155645179,mp100_final_sum_with_binary64_envelope
S1,leave_environment_C,polynomial,1226,31,True,1.3200499215569517,mp100_final_sum_with_binary64_envelope
S1,leave_environment_C,polynomial,1227,31,True,1.6310132280827112,mp100_final_sum_with_binary64_envelope
S1,leave_environment_C,polynomial,1228,31,True,1.5369733470363116,mp100_final_sum_with_binary64_envelope
S1,leave_environment_C,polynomial,1229,31,True,1.0247705744401139,mp100_final_sum_with_binary64_envelope
S1,leave_environment_C,polynomial,1230,31,True,0.2429678077160793,mp100_final_sum_with_binary64_envelope
S1,leave_environment_C,polynomial,1231,31,True,0.9668986327083611,mp100_final_sum_with_binary64_envelope
S1,leave_environment_C,polynomial,1232,31,True,0.7683217062878532,mp100_final_sum_with_binary64_envelope
S1,leave_environment_C,polynomial,1233,31,True,1.0984851075447628,mp100_final_sum_with_binary64_envelope
S1,leave_environment_C,polynomial,1234,31,True,1.0391006712006194,mp100_final_sum_with_binary64_envelope
S1,leave_environment_C,polynomial,1235,31,True,1.4523123058973315,mp100_final_sum_with_binary64_envelope
S1,leave_environment_C,polynomial,1236,31,True,1.373095783046719,mp100_final_sum_with_binary64_envelope
S1,leave_environment_C,polynomial,1237,31,True,0.4836088239716463,mp100_final_sum_with_binary64_envelope
S1,leave_environment_C,polynomial,1238,31,True,0.9392222611042121,mp100_final_sum_with_binary64_envelope
S1,leave_environment_C,polynomial,1239,31,True,0.5729208722473474,mp100_final_sum_with_binary64_envelope
S1,leave_environment_C,polynomial,1240,32,True,0.4022935264527363,mp100_final_sum_with_binary64_envelope
S1,leave_environment_C,polynomial,1241,35,True,0.06398152460037443,mp100_final_sum_with_binary64_envelope
S1,leave_environment_C,polynomial,1242,32,True,0.28191241877239287,mp100_final_sum_with_binary64_envelope
S1,leave_environment_C,polynomial,1243,32,True,0.5113632639156227,mp100_final_sum_with_binary64_envelope
S1,leave_environment_C,polynomial,1245,32,True,0.47924043843944025,mp100_final_sum_with_binary64_envelope
S1,leave_environment_C,polynomial,1247,32,True,0.30181846202504253,mp100_final_sum_with_binary64_envelope
S1,leave_environment_C,polynomial,1248,32,True,0.3379052702465356,mp100_final_sum_with_binary64_envelope
S1,leave_environment_C,polynomial,1249,35,True,0.4494962201262737,mp100_final_sum_with_binary64_envelope
S1,leave_environment_C,polynomial,1250,32,True,0.4054086347896036,mp100_final_sum_with_binary64_envelope
S1,leave_environment_C,polynomial,1251,32,True,0.6119410679617465,mp100_final_sum_with_binary64_envelope
S1,leave_environment_C,polynomial,1252,32,True,0.2959028330050423,mp100_final_sum_with_binary64_envelope
S1,leave_environment_C,polynomial,1253,32,True,0.4156166435611777,mp100_final_sum_with_binary64_envelope
S1,leave_environment_C,polynomial,1254,32,True,0.3538554160441783,mp100_final_sum_with_binary64_envelope
S1,leave_environment_C,polynomial,1255,32,True,0.24294124121592353,mp100_final_sum_with_binary64_envelope
S1,leave_environment_C,polynomial,1257,32,True,0.46304747838701904,mp100_final_sum_with_binary64_envelope
S1,leave_environment_C,polynomial,1258,32,True,0.32991120693222414,mp100_final_sum_with_binary64_envelope
S1,leave_environment_C,polynomial,1260,32,True,0.12453840599510108,mp100_final_sum_with_binary64_envelope
S1,leave_environment_C,polynomial,1261,32,True,0.2312286481563362,mp100_final_sum_with_binary64_envelope
S1,leave_environment_C,polynomial,1262,32,True,0.10082850298497516,mp100_final_sum_with_binary64_envelope
S1,leave_environment_C,polynomial,1263,32,True,0.22676564476041106,mp100_final_sum_with_binary64_envelope
S1,leave_environment_C,polynomial,1264,32,True,0.3400934672365055,mp100_final_sum_with_binary64_envelope
S1,leave_environment_C,polynomial,1265,32,True,0.43810511655608103,mp100_final_sum_with_binary64_envelope
S1,leave_environment_C,polynomial,1266,32,True,0.453378618236491,mp100_final_sum_with_binary64_envelope
S1,leave_environment_C,polynomial,1267,32,True,0.4969677862253246,mp100_final_sum_with_binary64_envelope
S1,leave_environment_C,polynomial,1268,32,True,0.5173318565087313,mp100_final_sum_with_binary64_envelope
S1,leave_environment_C,polynomial,1269,32,True,0.3104107064567503,mp100_final_sum_with_binary64_envelope
S1,leave_environment_C,polynomial,1270,32,True,0.40307258191336703,mp100_final_sum_with_binary64_envelope
S1,leave_environment_C,polynomial,1271,32,True,0.355550007280287,mp100_final_sum_with_binary64_envelope
S1,leave_environment_C,polynomial,1272,32,True,0.9310876661950401,mp100_final_sum_with_binary64_envelope
S1,leave_environment_C,polynomial,1273,32,True,0.5949338722075225,mp100_final_sum_with_binary64_envelope
S1,leave_environment_C,polynomial,1274,32,True,0.7036330733693871,mp100_final_sum_with_binary64_envelope
S1,leave_environment_C,polynomial,1275,32,True,0.596059573253155,mp100_final_sum_with_binary64_envelope
S1,leave_environment_C,polynomial,1276,32,True,0.4321478245722698,mp100_final_sum_with_binary64_envelope
S1,leave_environment_C,polynomial,1277,32,True,0.6173108596847111,mp100_final_sum_with_binary64_envelope
S1,leave_environment_C,polynomial,1278,32,True,0.0917007204836383,mp100_final_sum_with_binary64_envelope
S1,leave_environment_C,polynomial,1279,32,True,0.26073712473411775,mp100_final_sum_with_binary64_envelope
S1,leave_environment_C,polynomial,1280,33,True,0.009080190211620135,mp100_final_sum_with_binary64_envelope
S1,leave_environment_C,polynomial,1281,33,True,0.14982611193584094,mp100_final_sum_with_binary64_envelope
S1,leave_environment_C,polynomial,1282,33,True,0.2243463210097838,mp100_final_sum_with_binary64_envelope
S1,leave_environment_C,polynomial,1283,33,True,0.2957485955549627,mp100_final_sum_with_binary64_envelope
S1,leave_environment_C,polynomial,1284,33,True,0.2270882243204126,mp100_final_sum_with_binary64_envelope
S1,leave_environment_C,polynomial,1285,32,True,0.07817285318905524,mp100_final_sum_with_binary64_envelope
S1,leave_environment_C,polynomial,1286,33,True,0.09634554798166867,mp100_final_sum_with_binary64_envelope
S1,leave_environment_C,polynomial,1287,33,True,0.17249856821093484,mp100_final_sum_with_binary64_envelope
S1,leave_environment_C,polynomial,1288,33,True,0.5734602632131918,mp100_final_sum_with_binary64_envelope
S1,leave_environment_C,polynomial,1289,33,True,0.7275026467824163,mp100_final_sum_with_binary64_envelope
S1,leave_environment_C,polynomial,1291,33,True,0.3781475675938314,mp100_final_sum_with_binary64_envelope
S1,leave_environment_C,polynomial,1292,33,True,0.3978310082224055,mp100_final_sum_with_binary64_envelope
S1,leave_environment_C,polynomial,1293,33,True,0.642356083387329,mp100_final_sum_with_binary64_envelope
S1,leave_environment_C,polynomial,1294,33,True,0.27827012272642637,mp100_final_sum_with_binary64_envelope
S1,leave_environment_C,polynomial,1298,33,True,0.24269963704985092,mp100_final_sum_with_binary64_envelope
S1,leave_environment_C,polynomial,1299,33,True,0.008404259266100783,mp100_final_sum_with_binary64_envelope
S1,leave_environment_C,polynomial,1301,33,True,0.23646153986419313,mp100_final_sum_with_binary64_envelope
S1,leave_environment_C,polynomial,1302,36,True,0.4022764251186262,mp100_final_sum_with_binary64_envelope
S1,leave_environment_C,polynomial,1304,33,True,0.19172031820485325,mp100_final_sum_with_binary64_envelope
S1,leave_environment_C,polynomial,1305,33,True,0.14866017348874236,mp100_final_sum_with_binary64_envelope
S1,leave_environment_C,polynomial,1306,33,True,0.17243323605039834,mp100_final_sum_with_binary64_envelope
S1,leave_environment_C,polynomial,1307,33,True,0.5352547605359436,mp100_final_sum_with_binary64_envelope
S1,leave_environment_C,polynomial,1308,36,True,0.1320044878712487,mp100_final_sum_with_binary64_envelope
S1,leave_environment_C,polynomial,1310,33,True,0.7190876844731617,mp100_final_sum_with_binary64_envelope
S1,leave_environment_C,polynomial,1311,33,True,0.16607396740640384,mp100_final_sum_with_binary64_envelope
S1,leave_environment_C,polynomial,1313,33,True,0.22147259499257616,mp100_final_sum_with_binary64_envelope
S1,leave_environment_C,polynomial,1314,33,True,0.5976371334608931,mp100_final_sum_with_binary64_envelope
S1,leave_environment_C,polynomial,1315,36,True,0.14395053723206636,mp100_final_sum_with_binary64_envelope
S1,leave_environment_C,polynomial,1316,33,True,0.005815420135046954,mp100_final_sum_with_binary64_envelope
S1,leave_environment_C,polynomial,1317,33,True,0.5929037569573994,mp100_final_sum_with_binary64_envelope
S1,leave_environment_C,polynomial,1318,33,True,0.2990076237607616,mp100_final_sum_with_binary64_envelope
S1,leave_environment_C,polynomial,1319,33,True,0.33567738964148347,mp100_final_sum_with_binary64_envelope
S1,leave_environment_C,polynomial,1320,34,True,0.038985141425917795,mp100_final_sum_with_binary64_envelope
S1,leave_environment_C,polynomial,1321,38,True,0.358323773488946,mp100_final_sum_with_binary64_envelope
S1,leave_environment_C,polynomial,1322,34,True,0.5802701633253201,mp100_final_sum_with_binary64_envelope
S1,leave_environment_C,polynomial,1323,34,True,0.15299717234404356,mp100_final_sum_with_binary64_envelope
S1,leave_environment_C,polynomial,1324,38,True,0.2455596646511862,mp100_final_sum_with_binary64_envelope
S1,leave_environment_C,polynomial,1325,34,True,0.37213162811930695,mp100_final_sum_with_binary64_envelope
S1,leave_environment_C,polynomial,1326,39,True,0.041093861464608236,mp100_final_sum_with_binary64_envelope
S1,leave_environment_C,polynomial,1327,34,True,0.08127500289298253,mp100_final_sum_with_binary64_envelope
S1,leave_environment_C,polynomial,1328,34,True,0.40933723075997175,mp100_final_sum_with_binary64_envelope
S1,leave_environment_C,polynomial,1329,34,True,0.23274006408098644,mp100_final_sum_with_binary64_envelope
S1,leave_environment_C,polynomial,1331,34,True,0.2421876370121127,mp100_final_sum_with_binary64_envelope
S1,leave_environment_C,polynomial,1332,34,True,0.01242535626773486,mp100_final_sum_with_binary64_envelope
S1,leave_environment_C,polynomial,1333,35,True,0.33249998096748073,mp100_final_sum_with_binary64_envelope
S1,leave_environment_C,polynomial,1334,34,True,0.30260953740563784,mp100_final_sum_with_binary64_envelope
S1,leave_environment_C,polynomial,1335,39,True,0.10913691217678761,mp100_final_sum_with_binary64_envelope
S1,leave_environment_C,polynomial,1336,38,True,0.2385012168844877,mp100_final_sum_with_binary64_envelope
S1,leave_environment_C,polynomial,1339,35,True,0.26458936924725546,mp100_final_sum_with_binary64_envelope
S1,leave_environment_C,polynomial,1340,34,True,0.09401240247493456,mp100_final_sum_with_binary64_envelope
S1,leave_environment_C,polynomial,1341,34,True,0.06648917858377414,mp100_final_sum_with_binary64_envelope
S1,leave_environment_C,polynomial,1346,38,True,0.23537367711204715,mp100_final_sum_with_binary64_envelope
S1,leave_environment_C,polynomial,1348,40,True,0.050154361382535644,mp100_final_sum_with_binary64_envelope
S1,leave_environment_C,polynomial,1349,34,True,0.0028392674946572626,mp100_final_sum_with_binary64_envelope
S1,leave_environment_C,polynomial,1351,34,True,0.2872470090863948,mp100_final_sum_with_binary64_envelope
S1,leave_environment_C,polynomial,1352,34,True,0.4695260509759611,mp100_final_sum_with_binary64_envelope
S1,leave_environment_C,polynomial,1353,34,True,0.005613863443881362,mp100_final_sum_with_binary64_envelope
S1,leave_environment_C,polynomial,1356,34,True,0.32674950256628055,mp100_final_sum_with_binary64_envelope
S1,leave_environment_C,polynomial,1357,34,True,0.15855307106953762,mp100_final_sum_with_binary64_envelope
S1,leave_environment_C,polynomial,1358,34,True,0.3355861519243274,mp100_final_sum_with_binary64_envelope
S1,leave_environment_C,polynomial,1359,34,True,0.14479250862245197,mp100_final_sum_with_binary64_envelope
S1,leave_environment_C,polynomial,1360,35,True,0.4760103918568558,mp100_final_sum_with_binary64_envelope
S1,leave_environment_C,polynomial,1361,35,True,0.30242642333526537,mp100_final_sum_with_binary64_envelope
S1,leave_environment_C,polynomial,1362,35,True,0.31617124886820913,mp100_final_sum_with_binary64_envelope
S1,leave_environment_C,polynomial,1363,35,True,0.5628015742472326,mp100_final_sum_with_binary64_envelope
S1,leave_environment_C,polynomial,1364,35,True,0.4821515304403511,mp100_final_sum_with_binary64_envelope
S1,leave_environment_C,polynomial,1365,35,True,0.6395322347359365,mp100_final_sum_with_binary64_envelope
S1,leave_environment_C,polynomial,1366,35,True,0.11584387603626319,mp100_final_sum_with_binary64_envelope
S1,leave_environment_C,polynomial,1367,35,True,0.41940023925945913,mp100_final_sum_with_binary64_envelope
S1,leave_environment_C,polynomial,1368,35,True,0.17508377634444072,mp100_final_sum_with_binary64_envelope
S1,leave_environment_C,polynomial,1369,35,True,0.7040417156267048,mp100_final_sum_with_binary64_envelope
S1,leave_environment_C,polynomial,1370,35,True,0.6099086407395359,mp100_final_sum_with_binary64_envelope
S1,leave_environment_C,polynomial,1371,35,True,0.6655790740381948,mp100_final_sum_with_binary64_envelope
S1,leave_environment_C,polynomial,1372,35,True,0.5340811087282598,mp100_final_sum_with_binary64_envelope
S1,leave_environment_C,polynomial,1373,35,True,0.39215018515789124,mp100_final_sum_with_binary64_envelope
S1,leave_environment_C,polynomial,1374,35,True,0.25991866855337326,mp100_final_sum_with_binary64_envelope
S1,leave_environment_C,polynomial,1375,35,True,0.43372590351166934,mp100_final_sum_with_binary64_envelope
S1,leave_environment_C,polynomial,1376,35,True,0.49820894053554793,mp100_final_sum_with_binary64_envelope
S1,leave_environment_C,polynomial,1377,35,True,0.3017181819612601,mp100_final_sum_with_binary64_envelope
S1,leave_environment_C,polynomial,1378,35,True,0.7928106952044839,mp100_final_sum_with_binary64_envelope
S1,leave_environment_C,polynomial,1379,35,True,0.6323485345045454,mp100_final_sum_with_binary64_envelope
S1,leave_environment_C,polynomial,1380,35,True,0.3336226170199622,mp100_final_sum_with_binary64_envelope
S1,leave_environment_C,polynomial,1381,35,True,0.2971684091958478,mp100_final_sum_with_binary64_envelope
S1,leave_environment_C,polynomial,1383,35,True,0.09008618627586099,mp100_final_sum_with_binary64_envelope
S1,leave_environment_C,polynomial,1384,35,True,1.1336473540216527,mp100_final_sum_with_binary64_envelope
S1,leave_environment_C,polynomial,1385,35,True,0.4474393647625549,mp100_final_sum_with_binary64_envelope
S1,leave_environment_C,polynomial,1387,35,True,0.10931178436698019,mp100_final_sum_with_binary64_envelope
S1,leave_environment_C,polynomial,1388,35,True,0.7977495078330334,mp100_final_sum_with_binary64_envelope
S1,leave_environment_C,polynomial,1389,35,True,0.7069527497382069,mp100_final_sum_with_binary64_envelope
S1,leave_environment_C,polynomial,1390,35,True,0.26453882819623953,mp100_final_sum_with_binary64_envelope
S1,leave_environment_C,polynomial,1391,35,True,0.5846370318612033,mp100_final_sum_with_binary64_envelope
S1,leave_environment_C,polynomial,1392,35,True,0.14598122274476313,mp100_final_sum_with_binary64_envelope
S1,leave_environment_C,polynomial,1393,35,True,0.41760264907658234,mp100_final_sum_with_binary64_envelope
S1,leave_environment_C,polynomial,1395,31,True,0.0704388816915711,mp100_final_sum_with_binary64_envelope
S1,leave_environment_C,polynomial,1396,35,True,0.44953714606871453,mp100_final_sum_with_binary64_envelope
S1,leave_environment_C,polynomial,1397,35,True,0.5807379330624153,mp100_final_sum_with_binary64_envelope
S1,leave_environment_C,polynomial,1398,35,True,0.489199765364177,mp100_final_sum_with_binary64_envelope
S1,leave_environment_C,polynomial,1399,35,True,0.06947789438262054,mp100_final_sum_with_binary64_envelope
S1,leave_environment_C,polynomial,1400,35,True,0.009268383599278486,mp100_final_sum_with_binary64_envelope
S1,leave_environment_C,polynomial,1405,36,True,0.22264628800676026,mp100_final_sum_with_binary64_envelope
S1,leave_environment_C,polynomial,1408,36,True,0.025406556794737602,mp100_final_sum_with_binary64_envelope
S1,leave_environment_C,polynomial,1409,36,True,0.0532947865644301,mp100_final_sum_with_binary64_envelope
S1,leave_environment_C,polynomial,1410,36,True,0.04593954795783894,mp100_final_sum_with_binary64_envelope
S1,leave_environment_C,polynomial,1411,36,True,0.03115429944488486,mp100_final_sum_with_binary64_envelope
S1,leave_environment_C,polynomial,1412,36,True,0.37785392319275335,mp100_final_sum_with_binary64_envelope
S1,leave_environment_C,polynomial,1413,36,True,0.29335164488738313,mp100_final_sum_with_binary64_envelope
S1,leave_environment_C,polynomial,1415,36,True,0.21893893036442463,mp100_final_sum_with_binary64_envelope
S1,leave_environment_C,polynomial,1418,40,True,0.036239526738854146,mp100_final_sum_with_binary64_envelope
S1,leave_environment_C,polynomial,1419,34,True,0.04805665014561677,mp100_final_sum_with_binary64_envelope
S1,leave_environment_C,polynomial,1420,32,True,0.08848266156408965,mp100_final_sum_with_binary64_envelope
S1,leave_environment_C,polynomial,1422,36,True,0.21387411200691986,mp100_final_sum_with_binary64_envelope
S1,leave_environment_C,polynomial,1428,36,True,0.1031210697090226,mp100_final_sum_with_binary64_envelope
S1,leave_environment_C,polynomial,1429,36,True,0.06850624563275033,mp100_final_sum_with_binary64_envelope
S1,leave_environment_C,polynomial,1430,31,True,0.25355587978399935,mp100_final_sum_with_binary64_envelope
S1,leave_environment_C,polynomial,1433,35,True,0.10424135664854661,mp100_final_sum_with_binary64_envelope
S1,leave_environment_C,polynomial,1437,35,True,0.17606911681297338,mp100_final_sum_with_binary64_envelope
S1,leave_environment_C,polynomial,1438,32,True,0.05756130325720584,mp100_final_sum_with_binary64_envelope
S1,leave_environment_C,polynomial,1439,36,True,0.17925552745022916,mp100_final_sum_with_binary64_envelope
S1,leave_environment_C,polynomial,1442,37,True,0.1444738281760294,mp100_final_sum_with_binary64_envelope
S1,leave_environment_C,polynomial,1443,37,True,0.8580506812052886,mp100_final_sum_with_binary64_envelope
S1,leave_environment_C,polynomial,1444,37,True,0.28235507689994094,mp100_final_sum_with_binary64_envelope
S1,leave_environment_C,polynomial,1445,37,True,0.32735050308059044,mp100_final_sum_with_binary64_envelope
S1,leave_environment_C,polynomial,1446,39,True,0.11872487967797724,mp100_final_sum_with_binary64_envelope
S1,leave_environment_C,polynomial,1447,37,True,0.060673806051858244,mp100_final_sum_with_binary64_envelope
S1,leave_environment_C,polynomial,1448,37,True,0.0667962267637878,mp100_final_sum_with_binary64_envelope
S1,leave_environment_C,polynomial,1451,37,True,0.024212148115239335,mp100_final_sum_with_binary64_envelope
S1,leave_environment_C,polynomial,1452,37,True,0.19907088570961073,mp100_final_sum_with_binary64_envelope
S1,leave_environment_C,polynomial,1453,37,True,0.21121894372931455,mp100_final_sum_with_binary64_envelope
S1,leave_environment_C,polynomial,1454,37,True,0.3759919530007962,mp100_final_sum_with_binary64_envelope
S1,leave_environment_C,polynomial,1455,37,True,0.17704407407990294,mp100_final_sum_with_binary64_envelope
S1,leave_environment_C,polynomial,1456,37,True,0.46923954726186146,mp100_final_sum_with_binary64_envelope
S1,leave_environment_C,polynomial,1459,37,True,0.14125652615031056,mp100_final_sum_with_binary64_envelope
S1,leave_environment_C,polynomial,1460,37,True,0.11806768257450902,mp100_final_sum_with_binary64_envelope
S1,leave_environment_C,polynomial,1461,38,True,0.006016449294151535,mp100_final_sum_with_binary64_envelope
S1,leave_environment_C,polynomial,1462,37,True,0.45518422879492487,mp100_final_sum_with_binary64_envelope
S1,leave_environment_C,polynomial,1464,37,True,0.13631865200083348,mp100_final_sum_with_binary64_envelope
S1,leave_environment_C,polynomial,1465,37,True,0.39826326855846694,mp100_final_sum_with_binary64_envelope
S1,leave_environment_C,polynomial,1466,37,True,0.07176916140200383,mp100_final_sum_with_binary64_envelope
S1,leave_environment_C,polynomial,1467,37,True,0.04304804404725363,mp100_final_sum_with_binary64_envelope
S1,leave_environment_C,polynomial,1468,37,True,0.278116524435602,mp100_final_sum_with_binary64_envelope
S1,leave_environment_C,polynomial,1469,37,True,0.04437081617831525,mp100_final_sum_with_binary64_envelope
S1,leave_environment_C,polynomial,1471,37,True,0.24563076180101984,mp100_final_sum_with_binary64_envelope
S1,leave_environment_C,polynomial,1472,37,True,0.18114110397568797,mp100_final_sum_with_binary64_envelope
S1,leave_environment_C,polynomial,1473,37,True,0.3392295476065691,mp100_final_sum_with_binary64_envelope
S1,leave_environment_C,polynomial,1474,37,True,0.13253210995994755,mp100_final_sum_with_binary64_envelope
S1,leave_environment_C,polynomial,1477,31,True,0.08282710426914573,mp100_final_sum_with_binary64_envelope
S1,leave_environment_C,polynomial,1478,37,True,0.25446885388473217,mp100_final_sum_with_binary64_envelope
S1,leave_environment_C,polynomial,1479,37,True,0.8840862466531747,mp100_final_sum_with_binary64_envelope
S1,leave_environment_C,polynomial,1480,38,True,0.5839923596147912,mp100_final_sum_with_binary64_envelope
S1,leave_environment_C,polynomial,1481,38,True,0.36922646998907227,mp100_final_sum_with_binary64_envelope
S1,leave_environment_C,polynomial,1482,32,True,0.6348140273778515,mp100_final_sum_with_binary64_envelope
S1,leave_environment_C,polynomial,1483,38,True,0.8951625195838181,mp100_final_sum_with_binary64_envelope
S1,leave_environment_C,polynomial,1484,38,True,1.0665279041354674,mp100_final_sum_with_binary64_envelope
S1,leave_environment_C,polynomial,1485,38,True,0.07631435560350193,mp100_final_sum_with_binary64_envelope
S1,leave_environment_C,polynomial,1486,38,True,0.6400376615283719,mp100_final_sum_with_binary64_envelope
S1,leave_environment_C,polynomial,1487,38,True,0.6688586520457287,mp100_final_sum_with_binary64_envelope
S1,leave_environment_C,polynomial,1488,38,True,0.3149870322804518,mp100_final_sum_with_binary64_envelope
S1,leave_environment_C,polynomial,1489,32,True,0.10656048745229652,mp100_final_sum_with_binary64_envelope
S1,leave_environment_C,polynomial,1490,38,True,0.7633672102634984,mp100_final_sum_with_binary64_envelope
S1,leave_environment_C,polynomial,1491,38,True,0.93310878073683,mp100_final_sum_with_binary64_envelope
S1,leave_environment_C,polynomial,1492,35,True,0.38629704552044664,mp100_final_sum_with_binary64_envelope
S1,leave_environment_C,polynomial,1493,38,True,0.8726115123013249,mp100_final_sum_with_binary64_envelope
S1,leave_environment_C,polynomial,1494,38,True,0.5627124005977918,mp100_final_sum_with_binary64_envelope
S1,leave_environment_C,polynomial,1495,38,True,0.7189263488331288,mp100_final_sum_with_binary64_envelope
S1,leave_environment_C,polynomial,1496,38,True,0.7958082604441963,mp100_final_sum_with_binary64_envelope
S1,leave_environment_C,polynomial,1497,38,True,0.4936330555258643,mp100_final_sum_with_binary64_envelope
S1,leave_environment_C,polynomial,1498,38,True,1.157134677733758,mp100_final_sum_with_binary64_envelope
S1,leave_environment_C,polynomial,1499,38,True,0.19591729748902015,mp100_final_sum_with_binary64_envelope
S1,leave_environment_C,polynomial,1500,38,True,0.8290045548982128,mp100_final_sum_with_binary64_envelope
S1,leave_environment_C,polynomial,1501,38,True,0.6778527431633862,mp100_final_sum_with_binary64_envelope
S1,leave_environment_C,polynomial,1502,38,True,0.43711348620529167,mp100_final_sum_with_binary64_envelope
S1,leave_environment_C,polynomial,1503,38,True,1.0117549552609393,mp100_final_sum_with_binary64_envelope
S1,leave_environment_C,polynomial,1505,38,True,0.6447314305013291,mp100_final_sum_with_binary64_envelope
S1,leave_environment_C,polynomial,1506,38,True,0.4592260507195399,mp100_final_sum_with_binary64_envelope
S1,leave_environment_C,polynomial,1507,38,True,0.6119266495559814,mp100_final_sum_with_binary64_envelope
S1,leave_environment_C,polynomial,1508,38,True,0.5620959309130149,mp100_final_sum_with_binary64_envelope
S1,leave_environment_C,polynomial,1509,38,True,0.5909853551316132,mp100_final_sum_with_binary64_envelope
S1,leave_environment_C,polynomial,1510,38,True,0.9836936284165373,mp100_final_sum_with_binary64_envelope
S1,leave_environment_C,polynomial,1511,38,True,0.5184781026737796,mp100_final_sum_with_binary64_envelope
S1,leave_environment_C,polynomial,1512,38,True,1.0754483980118759,mp100_final_sum_with_binary64_envelope
S1,leave_environment_C,polynomial,1513,38,True,1.117640194728171,mp100_final_sum_with_binary64_envelope
S1,leave_environment_C,polynomial,1514,38,True,1.0994068917202129,mp100_final_sum_with_binary64_envelope
S1,leave_environment_C,polynomial,1515,38,True,0.8756936275051025,mp100_final_sum_with_binary64_envelope
S1,leave_environment_C,polynomial,1516,38,True,0.241375207780695,mp100_final_sum_with_binary64_envelope
S1,leave_environment_C,polynomial,1517,38,True,0.4753549444945366,mp100_final_sum_with_binary64_envelope
S1,leave_environment_C,polynomial,1518,38,True,0.48406421412822254,mp100_final_sum_with_binary64_envelope
S1,leave_environment_C,polynomial,1519,38,True,1.0263524284219083,mp100_final_sum_with_binary64_envelope
S1,leave_environment_C,polynomial,1520,38,True,0.08260963241746756,mp100_final_sum_with_binary64_envelope
S1,leave_environment_C,polynomial,1521,39,True,0.2824830766118706,mp100_final_sum_with_binary64_envelope
S1,leave_environment_C,polynomial,1522,39,True,0.21701537346643412,mp100_final_sum_with_binary64_envelope
S1,leave_environment_C,polynomial,1525,38,True,0.022712339249675494,mp100_final_sum_with_binary64_envelope
S1,leave_environment_C,polynomial,1527,38,True,0.12509408060678928,mp100_final_sum_with_binary64_envelope
S1,leave_environment_C,polynomial,1528,39,True,0.003484194298351457,mp100_final_sum_with_binary64_envelope
S1,leave_environment_C,polynomial,1529,38,True,0.22907793154712827,mp100_final_sum_with_binary64_envelope
S1,leave_environment_C,polynomial,1530,32,True,0.05546333407729129,mp100_final_sum_with_binary64_envelope
S1,leave_environment_C,polynomial,1531,38,True,0.10831811902929532,mp100_final_sum_with_binary64_envelope
S1,leave_environment_C,polynomial,1533,39,True,0.0015976857183854127,mp100_final_sum_with_binary64_envelope
S1,leave_environment_C,polynomial,1534,39,True,0.1814164639515626,mp100_final_sum_with_binary64_envelope
S1,leave_environment_C,polynomial,1536,32,True,0.0009363878587889868,mp100_final_sum_with_binary64_envelope
S1,leave_environment_C,polynomial,1537,37,True,0.0033521072234499287,mp100_final_sum_with_binary64_envelope
S1,leave_environment_C,polynomial,1539,37,True,0.028155427547540347,mp100_final_sum_with_binary64_envelope
S1,leave_environment_C,polynomial,1540,39,True,0.03093675079745599,mp100_final_sum_with_binary64_envelope
S1,leave_environment_C,polynomial,1541,39,True,0.038968723099354445,mp100_final_sum_with_binary64_envelope
S1,leave_environment_C,polynomial,1543,39,True,0.155571703708895,mp100_final_sum_with_binary64_envelope
S1,leave_environment_C,polynomial,1544,37,True,0.1719234732770305,mp100_final_sum_with_binary64_envelope
S1,leave_environment_C,polynomial,1545,39,True,0.31663092549580085,mp100_final_sum_with_binary64_envelope
S1,leave_environment_C,polynomial,1548,39,True,0.037788031302665184,mp100_final_sum_with_binary64_envelope
S1,leave_environment_C,polynomial,1550,39,True,0.037495703064591705,mp100_final_sum_with_binary64_envelope
S1,leave_environment_C,polynomial,1551,38,True,0.19592027044574659,mp100_final_sum_with_binary64_envelope
S1,leave_environment_C,polynomial,1554,38,True,0.15397639913441788,mp100_final_sum_with_binary64_envelope
S1,leave_environment_C,polynomial,1556,39,True,0.08999929826154643,mp100_final_sum_with_binary64_envelope
S1,leave_environment_C,polynomial,1558,39,True,0.33461994253651983,mp100_final_sum_with_binary64_envelope
S1,leave_environment_C,polynomial,1559,39,True,0.0752907711097335,mp100_final_sum_with_binary64_envelope
S1,leave_environment_C,polynomial,1561,40,True,0.18674494451772103,mp100_final_sum_with_binary64_envelope
S1,leave_environment_C,polynomial,1563,40,True,0.14409742510697776,mp100_final_sum_with_binary64_envelope
S1,leave_environment_C,polynomial,1564,38,True,0.11273922992136805,mp100_final_sum_with_binary64_envelope
S1,leave_environment_C,polynomial,1566,35,True,0.052326896279489325,mp100_final_sum_with_binary64_envelope
S1,leave_environment_C,polynomial,1567,38,True,0.04219478131112456,mp100_final_sum_with_binary64_envelope
S1,leave_environment_C,polynomial,1568,40,True,0.025621126271002412,mp100_final_sum_with_binary64_envelope
S1,leave_environment_C,polynomial,1569,40,True,0.20268229554939432,mp100_final_sum_with_binary64_envelope
S1,leave_environment_C,polynomial,1570,40,True,0.024529590762494013,mp100_final_sum_with_binary64_envelope
S1,leave_environment_C,polynomial,1572,32,True,0.13339485114746127,mp100_final_sum_with_binary64_envelope
S1,leave_environment_C,polynomial,1573,32,True,0.29763848443261903,mp100_final_sum_with_binary64_envelope
S1,leave_environment_C,polynomial,1574,40,True,0.07181564882410697,mp100_final_sum_with_binary64_envelope
S1,leave_environment_C,polynomial,1580,38,True,0.009007195291344689,mp100_final_sum_with_binary64_envelope
S1,leave_environment_C,polynomial,1582,35,True,0.5372144254799707,mp100_final_sum_with_binary64_envelope
S1,leave_environment_C,polynomial,1587,40,True,0.05233960769393215,mp100_final_sum_with_binary64_envelope
S1,leave_environment_C,polynomial,1588,32,True,0.2894468392814741,mp100_final_sum_with_binary64_envelope
S1,leave_environment_C,polynomial,1590,40,True,0.17767290687617263,mp100_final_sum_with_binary64_envelope
S1,leave_environment_C,polynomial,1592,40,True,0.011981862234095987,mp100_final_sum_with_binary64_envelope
S1,leave_environment_C,polynomial,1593,38,True,0.029385786790662054,mp100_final_sum_with_binary64_envelope
S1,leave_environment_C,polynomial,1596,38,True,0.16772775080409158,mp100_final_sum_with_binary64_envelope
S1,leave_environment_C,random_orthogonal,1203,31,True,0.10928343257634404,mp100_final_sum_with_binary64_envelope
S1,leave_environment_C,random_orthogonal,1205,31,True,0.33395687048230116,mp100_final_sum_with_binary64_envelope
S1,leave_environment_C,random_orthogonal,1222,31,True,0.4810319975845091,mp100_final_sum_with_binary64_envelope
S1,leave_environment_C,random_orthogonal,1227,31,True,0.24376612169777695,mp100_final_sum_with_binary64_envelope
S1,leave_environment_C,random_orthogonal,1236,31,True,0.05777081003907234,mp100_final_sum_with_binary64_envelope
S1,leave_environment_C,permuted_polynomial,1200,31,True,0.7953275766991535,mp100_final_sum_with_binary64_envelope
S1,leave_environment_C,permuted_polynomial,1201,31,True,0.6284777984607464,mp100_final_sum_with_binary64_envelope
S1,leave_environment_C,permuted_polynomial,1202,31,True,0.7972922950746039,mp100_final_sum_with_binary64_envelope
S1,leave_environment_C,permuted_polynomial,1203,31,True,1.0382013513778123,mp100_final_sum_with_binary64_envelope
S1,leave_environment_C,permuted_polynomial,1204,31,True,0.869402080557922,mp100_final_sum_with_binary64_envelope
S1,leave_environment_C,permuted_polynomial,1205,31,True,1.2357966635742261,mp100_final_sum_with_binary64_envelope
S1,leave_environment_C,permuted_polynomial,1206,31,True,0.2276558412579168,mp100_final_sum_with_binary64_envelope
S1,leave_environment_C,permuted_polynomial,1207,31,True,0.6401143015810892,mp100_final_sum_with_binary64_envelope
S1,leave_environment_C,permuted_polynomial,1208,31,True,0.9911928206449614,mp100_final_sum_with_binary64_envelope
S1,leave_environment_C,permuted_polynomial,1209,31,True,0.8426099533276075,mp100_final_sum_with_binary64_envelope
S1,leave_environment_C,permuted_polynomial,1210,31,True,0.414333334133032,mp100_final_sum_with_binary64_envelope
S1,leave_environment_C,permuted_polynomial,1211,31,True,0.9414219393822265,mp100_final_sum_with_binary64_envelope
S1,leave_environment_C,permuted_polynomial,1212,31,True,0.5392580865253248,mp100_final_sum_with_binary64_envelope
S1,leave_environment_C,permuted_polynomial,1213,31,True,0.6041299700065489,mp100_final_sum_with_binary64_envelope
S1,leave_environment_C,permuted_polynomial,1214,31,True,0.7682726454660395,mp100_final_sum_with_binary64_envelope
S1,leave_environment_C,permuted_polynomial,1215,31,True,1.1690154934145067,mp100_final_sum_with_binary64_envelope
S1,leave_environment_C,permuted_polynomial,1217,31,True,1.1582591922458885,mp100_final_sum_with_binary64_envelope
S1,leave_environment_C,permuted_polynomial,1218,31,True,0.46637783037190156,mp100_final_sum_with_binary64_envelope
S1,leave_environment_C,permuted_polynomial,1219,31,True,0.6638741913230068,mp100_final_sum_with_binary64_envelope
S1,leave_environment_C,permuted_polynomial,1220,31,True,1.194435250137841,mp100_final_sum_with_binary64_envelope
S1,leave_environment_C,permuted_polynomial,1221,31,True,0.3698502948185991,mp100_final_sum_with_binary64_envelope
S1,leave_environment_C,permuted_polynomial,1222,31,True,1.1115280219468968,mp100_final_sum_with_binary64_envelope
S1,leave_environment_C,permuted_polynomial,1223,31,True,0.3036108075727463,mp100_final_sum_with_binary64_envelope
S1,leave_environment_C,permuted_polynomial,1224,31,True,0.5210337770501087,mp100_final_sum_with_binary64_envelope
S1,leave_environment_C,permuted_polynomial,1225,31,True,1.2587857014839596,mp100_final_sum_with_binary64_envelope
S1,leave_environment_C,permuted_polynomial,1226,31,True,0.699291177011893,mp100_final_sum_with_binary64_envelope
S1,leave_environment_C,permuted_polynomial,1227,31,True,0.8682147046964915,mp100_final_sum_with_binary64_envelope
S1,leave_environment_C,permuted_polynomial,1228,31,True,1.2940581942071647,mp100_final_sum_with_binary64_envelope
S1,leave_environment_C,permuted_polynomial,1229,31,True,0.8620140416163588,mp100_final_sum_with_binary64_envelope
S1,leave_environment_C,permuted_polynomial,1231,31,True,0.7482139879738839,mp100_final_sum_with_binary64_envelope
S1,leave_environment_C,permuted_polynomial,1232,31,True,0.2229780757671019,mp100_final_sum_with_binary64_envelope
S1,leave_environment_C,permuted_polynomial,1233,31,True,0.45671482378137845,mp100_final_sum_with_binary64_envelope
S1,leave_environment_C,permuted_polynomial,1234,31,True,0.7553607690198496,mp100_final_sum_with_binary64_envelope
S1,leave_environment_C,permuted_polynomial,1235,31,True,1.0068595963677505,mp100_final_sum_with_binary64_envelope
S1,leave_environment_C,permuted_polynomial,1236,31,True,0.8196705960645029,mp100_final_sum_with_binary64_envelope
S1,leave_environment_C,permuted_polynomial,1238,31,True,0.8657760902619803,mp100_final_sum_with_binary64_envelope
S1,leave_environment_C,permuted_polynomial,1239,31,True,0.3526020087694967,mp100_final_sum_with_binary64_envelope
S1,leave_environment_C,permuted_polynomial,1415,36,True,0.010624145513115933,mp100_final_sum_with_binary64_envelope
S1,leave_environment_C,permuted_polynomial,1479,37,True,0.21203244606420216,mp100_final_sum_with_binary64_envelope
S1,leave_environment_D,coordinate,1611,31,True,0.04449048739826136,mp100_final_sum_with_binary64_envelope
S1,leave_environment_D,dct,1828,36,True,0.04170539837901438,mp100_final_sum_with_binary64_envelope
S1,leave_environment_D,dft,1601,31,True,0.2986959576778262,mp100_final_sum_with_binary64_envelope
S1,leave_environment_D,dft,1603,31,True,0.29938573749284975,mp100_final_sum_with_binary64_envelope
S1,leave_environment_D,dft,1604,31,True,0.15824012493340753,mp100_final_sum_with_binary64_envelope
S1,leave_environment_D,dft,1608,31,True,0.04039258899211477,mp100_final_sum_with_binary64_envelope
S1,leave_environment_D,dft,1610,31,True,0.5032389362356883,mp100_final_sum_with_binary64_envelope
S1,leave_environment_D,dft,1611,31,True,0.7453975394773877,mp100_final_sum_with_binary64_envelope
S1,leave_environment_D,dft,1613,31,True,0.30548336476516785,mp100_final_sum_with_binary64_envelope
S1,leave_environment_D,dft,1614,31,True,0.24300834715155673,mp100_final_sum_with_binary64_envelope
S1,leave_environment_D,dft,1615,31,True,0.4758291591636929,mp100_final_sum_with_binary64_envelope
S1,leave_environment_D,dft,1618,31,True,0.4581045467249363,mp100_final_sum_with_binary64_envelope
S1,leave_environment_D,dft,1619,31,True,0.2966767446597512,mp100_final_sum_with_binary64_envelope
S1,leave_environment_D,dft,1620,31,True,0.865335083312944,mp100_final_sum_with_binary64_envelope
S1,leave_environment_D,dft,1621,31,True,0.04784833192155258,mp100_final_sum_with_binary64_envelope
S1,leave_environment_D,dft,1622,31,True,0.17536759593673265,mp100_final_sum_with_binary64_envelope
S1,leave_environment_D,dft,1623,31,True,0.7174972777661571,mp100_final_sum_with_binary64_envelope
S1,leave_environment_D,dft,1624,31,True,0.6517280055120587,mp100_final_sum_with_binary64_envelope
S1,leave_environment_D,dft,1629,31,True,0.7530316010388701,mp100_final_sum_with_binary64_envelope
S1,leave_environment_D,dft,1632,31,True,0.1926296060618475,mp100_final_sum_with_binary64_envelope
S1,leave_environment_D,dft,1634,31,True,1.069345790667478,mp100_final_sum_with_binary64_envelope
S1,leave_environment_D,dft,1637,31,True,0.0517590695969695,mp100_final_sum_with_binary64_envelope
S1,leave_environment_D,dft,1639,31,True,0.09190529630945123,mp100_final_sum_with_binary64_envelope
S1,leave_environment_D,polynomial,1600,31,True,0.28613004451288976,mp100_final_sum_with_binary64_envelope
S1,leave_environment_D,polynomial,1601,31,True,0.6511837185390821,mp100_final_sum_with_binary64_envelope
S1,leave_environment_D,polynomial,1603,31,True,0.7166242135587781,mp100_final_sum_with_binary64_envelope
S1,leave_environment_D,polynomial,1604,31,True,0.31155850480181396,mp100_final_sum_with_binary64_envelope
S1,leave_environment_D,polynomial,1605,31,True,0.4425697161590436,mp100_final_sum_with_binary64_envelope
S1,leave_environment_D,polynomial,1606,31,True,0.2630848974581073,mp100_final_sum_with_binary64_envelope
S1,leave_environment_D,polynomial,1607,31,True,0.4641316269377636,mp100_final_sum_with_binary64_envelope
S1,leave_environment_D,polynomial,1608,31,True,0.299404366982151,mp100_final_sum_with_binary64_envelope
S1,leave_environment_D,polynomial,1609,31,True,0.22238973521968772,mp100_final_sum_with_binary64_envelope
S1,leave_environment_D,polynomial,1610,31,True,0.9697449202623004,mp100_final_sum_with_binary64_envelope
S1,leave_environment_D,polynomial,1611,31,True,1.4240015590757118,mp100_final_sum_with_binary64_envelope
S1,leave_environment_D,polynomial,1612,31,True,0.2919153834519435,mp100_final_sum_with_binary64_envelope
S1,leave_environment_D,polynomial,1613,31,True,0.37835490311740955,mp100_final_sum_with_binary64_envelope
S1,leave_environment_D,polynomial,1614,31,True,0.42795378922363336,mp100_final_sum_with_binary64_envelope
S1,leave_environment_D,polynomial,1615,31,True,0.516315836418155,mp100_final_sum_with_binary64_envelope
S1,leave_environment_D,polynomial,1616,31,True,0.06461256566134166,mp100_final_sum_with_binary64_envelope
S1,leave_environment_D,polynomial,1617,31,True,0.3497387340617701,mp100_final_sum_with_binary64_envelope
S1,leave_environment_D,polynomial,1618,31,True,0.6270322432674457,mp100_final_sum_with_binary64_envelope
S1,leave_environment_D,polynomial,1619,31,True,0.3581232740193381,mp100_final_sum_with_binary64_envelope
S1,leave_environment_D,polynomial,1620,31,True,0.860322466471015,mp100_final_sum_with_binary64_envelope
S1,leave_environment_D,polynomial,1621,31,True,1.1505879358133353,mp100_final_sum_with_binary64_envelope
S1,leave_environment_D,polynomial,1622,31,True,0.7149000656619889,mp100_final_sum_with_binary64_envelope
S1,leave_environment_D,polynomial,1623,31,True,0.8616080551103742,mp100_final_sum_with_binary64_envelope
S1,leave_environment_D,polynomial,1624,31,True,0.8690394975038346,mp100_final_sum_with_binary64_envelope
S1,leave_environment_D,polynomial,1625,31,True,0.2884531618150694,mp100_final_sum_with_binary64_envelope
S1,leave_environment_D,polynomial,1626,31,True,0.6884434071306192,mp100_final_sum_with_binary64_envelope
S1,leave_environment_D,polynomial,1628,31,True,0.4336664913056079,mp100_final_sum_with_binary64_envelope
S1,leave_environment_D,polynomial,1629,31,True,1.317481042970773,mp100_final_sum_with_binary64_envelope
S1,leave_environment_D,polynomial,1630,31,True,0.5081229013501511,mp100_final_sum_with_binary64_envelope
S1,leave_environment_D,polynomial,1631,31,True,0.5428661258165646,mp100_final_sum_with_binary64_envelope
S1,leave_environment_D,polynomial,1632,31,True,1.0654549066739032,mp100_final_sum_with_binary64_envelope
S1,leave_environment_D,polynomial,1633,31,True,0.7773288720171596,mp100_final_sum_with_binary64_envelope
S1,leave_environment_D,polynomial,1634,31,True,0.8872107498366187,mp100_final_sum_with_binary64_envelope
S1,leave_environment_D,polynomial,1635,31,True,0.15873874655951378,mp100_final_sum_with_binary64_envelope
S1,leave_environment_D,polynomial,1636,31,True,0.23514894974053374,mp100_final_sum_with_binary64_envelope
S1,leave_environment_D,polynomial,1637,31,True,0.3833260400210086,mp100_final_sum_with_binary64_envelope
S1,leave_environment_D,polynomial,1638,31,True,0.7556735225941394,mp100_final_sum_with_binary64_envelope
S1,leave_environment_D,polynomial,1639,31,True,0.11870931453436767,mp100_final_sum_with_binary64_envelope
S1,leave_environment_D,polynomial,1640,35,True,0.3559234782507552,mp100_final_sum_with_binary64_envelope
S1,leave_environment_D,polynomial,1641,32,True,0.529936748820918,mp100_final_sum_with_binary64_envelope
S1,leave_environment_D,polynomial,1642,35,True,0.3980888104773321,mp100_final_sum_with_binary64_envelope
S1,leave_environment_D,polynomial,1643,32,True,0.3920745174329956,mp100_final_sum_with_binary64_envelope
S1,leave_environment_D,polynomial,1644,32,True,0.4852235601490876,mp100_final_sum_with_binary64_envelope
S1,leave_environment_D,polynomial,1645,32,True,0.270012620848618,mp100_final_sum_with_binary64_envelope
S1,leave_environment_D,polynomial,1646,32,True,0.08920588426799785,mp100_final_sum_with_binary64_envelope
S1,leave_environment_D,polynomial,1647,32,True,0.522942718685675,mp100_final_sum_with_binary64_envelope
S1,leave_environment_D,polynomial,1648,32,True,0.6518143778468128,mp100_final_sum_with_binary64_envelope
S1,leave_environment_D,polynomial,1649,32,True,0.4935386832465567,mp100_final_sum_with_binary64_envelope
S1,leave_environment_D,polynomial,1650,32,True,0.3466325435636068,mp100_final_sum_with_binary64_envelope
S1,leave_environment_D,polynomial,1651,32,True,0.6373255117363176,mp100_final_sum_with_binary64_envelope
S1,leave_environment_D,polynomial,1653,35,True,0.45812959859584296,mp100_final_sum_with_binary64_envelope
S1,leave_environment_D,polynomial,1654,32,True,0.14837836724801512,mp100_final_sum_with_binary64_envelope
S1,leave_environment_D,polynomial,1655,32,True,0.9375500133335943,mp100_final_sum_with_binary64_envelope
S1,leave_environment_D,polynomial,1656,35,True,0.6524408099709768,mp100_final_sum_with_binary64_envelope
S1,leave_environment_D,polynomial,1657,32,True,0.3213419806744792,mp100_final_sum_with_binary64_envelope
S1,leave_environment_D,polynomial,1658,32,True,0.4997151496165818,mp100_final_sum_with_binary64_envelope
S1,leave_environment_D,polynomial,1659,32,True,0.3010416197491938,mp100_final_sum_with_binary64_envelope
S1,leave_environment_D,polynomial,1660,32,True,0.09774816458181348,mp100_final_sum_with_binary64_envelope
S1,leave_environment_D,polynomial,1661,32,True,0.477379961128978,mp100_final_sum_with_binary64_envelope
S1,leave_environment_D,polynomial,1662,32,True,0.35564192375121323,mp100_final_sum_with_binary64_envelope
S1,leave_environment_D,polynomial,1664,32,True,0.3677726488175751,mp100_final_sum_with_binary64_envelope
S1,leave_environment_D,polynomial,1665,32,True,0.495187901312315,mp100_final_sum_with_binary64_envelope
S1,leave_environment_D,polynomial,1666,32,True,0.0018545970111084665,mp100_final_sum_with_binary64_envelope
S1,leave_environment_D,polynomial,1668,32,True,0.7905193008189355,mp100_final_sum_with_binary64_envelope
S1,leave_environment_D,polynomial,1669,32,True,0.476144636068641,mp100_final_sum_with_binary64_envelope
S1,leave_environment_D,polynomial,1670,32,True,0.058334346074018155,mp100_final_sum_with_binary64_envelope
S1,leave_environment_D,polynomial,1672,35,True,0.1826760593700228,mp100_final_sum_with_binary64_envelope
S1,leave_environment_D,polynomial,1673,32,True,0.5159012802136808,mp100_final_sum_with_binary64_envelope
S1,leave_environment_D,polynomial,1674,32,True,0.404328180295768,mp100_final_sum_with_binary64_envelope
S1,leave_environment_D,polynomial,1675,32,True,0.6010554790451684,mp100_final_sum_with_binary64_envelope
S1,leave_environment_D,polynomial,1676,32,True,0.5675286270614279,mp100_final_sum_with_binary64_envelope
S1,leave_environment_D,polynomial,1677,32,True,0.05824690415152669,mp100_final_sum_with_binary64_envelope
S1,leave_environment_D,polynomial,1678,35,True,0.06342686917683414,mp100_final_sum_with_binary64_envelope
S1,leave_environment_D,polynomial,1679,35,True,0.2568712742014764,mp100_final_sum_with_binary64_envelope
S1,leave_environment_D,polynomial,1680,33,True,0.30876685293037714,mp100_final_sum_with_binary64_envelope
S1,leave_environment_D,polynomial,1681,33,True,0.22166621202865383,mp100_final_sum_with_binary64_envelope
S1,leave_environment_D,polynomial,1682,33,True,0.7654575616962626,mp100_final_sum_with_binary64_envelope
S1,leave_environment_D,polynomial,1683,33,True,0.37731726444121977,mp100_final_sum_with_binary64_envelope
S1,leave_environment_D,polynomial,1684,33,True,0.13078610648304914,mp100_final_sum_with_binary64_envelope
S1,leave_environment_D,polynomial,1685,33,True,0.21883851437717436,mp100_final_sum_with_binary64_envelope
S1,leave_environment_D,polynomial,1687,33,True,0.055032348967652966,mp100_final_sum_with_binary64_envelope
S1,leave_environment_D,polynomial,1688,33,True,0.541518450358967,mp100_final_sum_with_binary64_envelope
S1,leave_environment_D,polynomial,1690,33,True,0.1008949812766555,mp100_final_sum_with_binary64_envelope
S1,leave_environment_D,polynomial,1691,33,True,0.3950657979279445,mp100_final_sum_with_binary64_envelope
S1,leave_environment_D,polynomial,1693,33,True,0.3394291804730839,mp100_final_sum_with_binary64_envelope
S1,leave_environment_D,polynomial,1695,34,True,0.1794829153292562,mp100_final_sum_with_binary64_envelope
S1,leave_environment_D,polynomial,1697,33,True,0.5458520219054638,mp100_final_sum_with_binary64_envelope
S1,leave_environment_D,polynomial,1698,33,True,0.5351243426332168,mp100_final_sum_with_binary64_envelope
S1,leave_environment_D,polynomial,1699,33,True,0.6461639126351224,mp100_final_sum_with_binary64_envelope
S1,leave_environment_D,polynomial,1700,33,True,0.7136445194603618,mp100_final_sum_with_binary64_envelope
S1,leave_environment_D,polynomial,1701,33,True,0.21258881128043222,mp100_final_sum_with_binary64_envelope
S1,leave_environment_D,polynomial,1702,33,True,0.3330794303331196,mp100_final_sum_with_binary64_envelope
S1,leave_environment_D,polynomial,1703,33,True,0.29830307460253924,mp100_final_sum_with_binary64_envelope
S1,leave_environment_D,polynomial,1704,33,True,0.33429761269400543,mp100_final_sum_with_binary64_envelope
S1,leave_environment_D,polynomial,1705,33,True,0.5186260981817804,mp100_final_sum_with_binary64_envelope
S1,leave_environment_D,polynomial,1707,33,True,0.9510450573610174,mp100_final_sum_with_binary64_envelope
S1,leave_environment_D,polynomial,1708,34,True,0.2499553137628866,mp100_final_sum_with_binary64_envelope
S1,leave_environment_D,polynomial,1709,33,True,0.6627753074291068,mp100_final_sum_with_binary64_envelope
S1,leave_environment_D,polynomial,1710,33,True,0.14241769059247014,mp100_final_sum_with_binary64_envelope
S1,leave_environment_D,polynomial,1711,33,True,0.3742255785762275,mp100_final_sum_with_binary64_envelope
S1,leave_environment_D,polynomial,1712,33,True,0.09321330847931594,mp100_final_sum_with_binary64_envelope
S1,leave_environment_D,polynomial,1715,33,True,0.8373203636472878,mp100_final_sum_with_binary64_envelope
S1,leave_environment_D,polynomial,1716,33,True,0.4245172486534626,mp100_final_sum_with_binary64_envelope
S1,leave_environment_D,polynomial,1718,33,True,0.0025411895857798987,mp100_final_sum_with_binary64_envelope
S1,leave_environment_D,polynomial,1719,33,True,0.3949965922237714,mp100_final_sum_with_binary64_envelope
S1,leave_environment_D,polynomial,1720,34,True,0.2098305528564335,mp100_final_sum_with_binary64_envelope
S1,leave_environment_D,polynomial,1721,34,True,0.5004461295072978,mp100_final_sum_with_binary64_envelope
S1,leave_environment_D,polynomial,1722,34,True,0.3381352696223867,mp100_final_sum_with_binary64_envelope
S1,leave_environment_D,polynomial,1723,34,True,0.3306849727175496,mp100_final_sum_with_binary64_envelope
S1,leave_environment_D,polynomial,1724,34,True,0.5425686264357115,mp100_final_sum_with_binary64_envelope
S1,leave_environment_D,polynomial,1726,34,True,0.09020122345286316,mp100_final_sum_with_binary64_envelope
S1,leave_environment_D,polynomial,1727,34,True,0.18153257719793542,mp100_final_sum_with_binary64_envelope
S1,leave_environment_D,polynomial,1729,34,True,0.7641859742635693,mp100_final_sum_with_binary64_envelope
S1,leave_environment_D,polynomial,1730,38,True,0.1149140955126045,mp100_final_sum_with_binary64_envelope
S1,leave_environment_D,polynomial,1731,34,True,0.12004683248926817,mp100_final_sum_with_binary64_envelope
S1,leave_environment_D,polynomial,1732,34,True,0.14814290369591895,mp100_final_sum_with_binary64_envelope
S1,leave_environment_D,polynomial,1733,34,True,0.456174234385412,mp100_final_sum_with_binary64_envelope
S1,leave_environment_D,polynomial,1734,34,True,0.1099277867682482,mp100_final_sum_with_binary64_envelope
S1,leave_environment_D,polynomial,1735,39,True,0.24389121364378671,mp100_final_sum_with_binary64_envelope
S1,leave_environment_D,polynomial,1736,34,True,0.2359034513037127,mp100_final_sum_with_binary64_envelope
S1,leave_environment_D,polynomial,1737,34,True,0.4328853738740845,mp100_final_sum_with_binary64_envelope
S1,leave_environment_D,polynomial,1739,34,True,0.12838731231433367,mp100_final_sum_with_binary64_envelope
S1,leave_environment_D,polynomial,1740,34,True,0.2961705131408717,mp100_final_sum_with_binary64_envelope
S1,leave_environment_D,polynomial,1741,34,True,0.06001431639476896,mp100_final_sum_with_binary64_envelope
S1,leave_environment_D,polynomial,1742,38,True,0.30348836469372037,mp100_final_sum_with_binary64_envelope
S1,leave_environment_D,polynomial,1743,39,True,0.09059152506456977,mp100_final_sum_with_binary64_envelope
S1,leave_environment_D,polynomial,1744,34,True,0.37407491057952474,mp100_final_sum_with_binary64_envelope
S1,leave_environment_D,polynomial,1745,34,True,0.5177427836669501,mp100_final_sum_with_binary64_envelope
S1,leave_environment_D,polynomial,1748,35,True,0.0022234447716516733,mp100_final_sum_with_binary64_envelope
S1,leave_environment_D,polynomial,1749,34,True,0.0209244527981969,mp100_final_sum_with_binary64_envelope
S1,leave_environment_D,polynomial,1750,34,True,0.36848001127286,mp100_final_sum_with_binary64_envelope
S1,leave_environment_D,polynomial,1751,34,True,0.4332479996458052,mp100_final_sum_with_binary64_envelope
S1,leave_environment_D,polynomial,1752,34,True,0.20207319190461026,mp100_final_sum_with_binary64_envelope
S1,leave_environment_D,polynomial,1753,34,True,0.2825315925831,mp100_final_sum_with_binary64_envelope
S1,leave_environment_D,polynomial,1754,34,True,0.06490118808278969,mp100_final_sum_with_binary64_envelope
S1,leave_environment_D,polynomial,1755,34,True,0.22825516185483483,mp100_final_sum_with_binary64_envelope
S1,leave_environment_D,polynomial,1756,34,True,0.23711025502541327,mp100_final_sum_with_binary64_envelope
S1,leave_environment_D,polynomial,1757,34,True,0.43180798201511383,mp100_final_sum_with_binary64_envelope
S1,leave_environment_D,polynomial,1760,35,True,0.40349982608586665,mp100_final_sum_with_binary64_envelope
S1,leave_environment_D,polynomial,1761,35,True,0.2681161675844517,mp100_final_sum_with_binary64_envelope
S1,leave_environment_D,polynomial,1762,35,True,0.5294386549294515,mp100_final_sum_with_binary64_envelope
S1,leave_environment_D,polynomial,1763,35,True,0.8445844808457514,mp100_final_sum_with_binary64_envelope
S1,leave_environment_D,polynomial,1764,35,True,1.056442800912852,mp100_final_sum_with_binary64_envelope
S1,leave_environment_D,polynomial,1765,35,True,0.5085557776216248,mp100_final_sum_with_binary64_envelope
S1,leave_environment_D,polynomial,1766,35,True,0.5597687009019021,mp100_final_sum_with_binary64_envelope
S1,leave_environment_D,polynomial,1767,35,True,0.5183461533505387,mp100_final_sum_with_binary64_envelope
S1,leave_environment_D,polynomial,1768,35,True,0.6991394546857758,mp100_final_sum_with_binary64_envelope
S1,leave_environment_D,polynomial,1769,35,True,0.4495206294773102,mp100_final_sum_with_binary64_envelope
S1,leave_environment_D,polynomial,1770,35,True,0.5883497915534438,mp100_final_sum_with_binary64_envelope
S1,leave_environment_D,polynomial,1771,35,True,0.854215884556205,mp100_final_sum_with_binary64_envelope
S1,leave_environment_D,polynomial,1772,35,True,0.7163295520348871,mp100_final_sum_with_binary64_envelope
S1,leave_environment_D,polynomial,1773,35,True,0.6468805743558304,mp100_final_sum_with_binary64_envelope
S1,leave_environment_D,polynomial,1774,35,True,0.6240161991757878,mp100_final_sum_with_binary64_envelope
S1,leave_environment_D,polynomial,1775,35,True,0.18069914241477567,mp100_final_sum_with_binary64_envelope
S1,leave_environment_D,polynomial,1776,35,True,1.3363951687110343,mp100_final_sum_with_binary64_envelope
S1,leave_environment_D,polynomial,1778,35,True,0.8052071707552254,mp100_final_sum_with_binary64_envelope
S1,leave_environment_D,polynomial,1779,35,True,0.6273264570214483,mp100_final_sum_with_binary64_envelope
S1,leave_environment_D,polynomial,1780,35,True,0.9174757509683079,mp100_final_sum_with_binary64_envelope
S1,leave_environment_D,polynomial,1781,35,True,0.32240437006619443,mp100_final_sum_with_binary64_envelope
S1,leave_environment_D,polynomial,1782,35,True,0.6469113501769099,mp100_final_sum_with_binary64_envelope
S1,leave_environment_D,polynomial,1783,35,True,0.3479642977238848,mp100_final_sum_with_binary64_envelope
S1,leave_environment_D,polynomial,1784,35,True,0.19257932466583869,mp100_final_sum_with_binary64_envelope
S1,leave_environment_D,polynomial,1785,35,True,0.8429532746636964,mp100_final_sum_with_binary64_envelope
S1,leave_environment_D,polynomial,1786,35,True,0.9247667350881198,mp100_final_sum_with_binary64_envelope
S1,leave_environment_D,polynomial,1787,35,True,0.046678787386327115,mp100_final_sum_with_binary64_envelope
S1,leave_environment_D,polynomial,1788,35,True,0.5757513647465264,mp100_final_sum_with_binary64_envelope
S1,leave_environment_D,polynomial,1789,35,True,0.8563194046494237,mp100_final_sum_with_binary64_envelope
S1,leave_environment_D,polynomial,1790,35,True,0.901787894903765,mp100_final_sum_with_binary64_envelope
S1,leave_environment_D,polynomial,1791,35,True,0.3679508734793474,mp100_final_sum_with_binary64_envelope
S1,leave_environment_D,polynomial,1792,35,True,0.5088974498560984,mp100_final_sum_with_binary64_envelope
S1,leave_environment_D,polynomial,1793,35,True,0.424909387479366,mp100_final_sum_with_binary64_envelope
S1,leave_environment_D,polynomial,1794,35,True,0.5002427585368868,mp100_final_sum_with_binary64_envelope
S1,leave_environment_D,polynomial,1795,35,True,0.3308735921275301,mp100_final_sum_with_binary64_envelope
S1,leave_environment_D,polynomial,1796,35,True,0.5345917055665554,mp100_final_sum_with_binary64_envelope
S1,leave_environment_D,polynomial,1797,35,True,0.49028346367153486,mp100_final_sum_with_binary64_envelope
S1,leave_environment_D,polynomial,1798,35,True,0.25794012743711303,mp100_final_sum_with_binary64_envelope
S1,leave_environment_D,polynomial,1799,35,True,0.6901082617884579,mp100_final_sum_with_binary64_envelope
S1,leave_environment_D,polynomial,1803,33,True,0.03237957022904605,mp100_final_sum_with_binary64_envelope
S1,leave_environment_D,polynomial,1805,32,True,0.002127671246765139,mp100_final_sum_with_binary64_envelope
S1,leave_environment_D,polynomial,1806,36,True,0.0247201564553029,mp100_final_sum_with_binary64_envelope
S1,leave_environment_D,polynomial,1808,36,True,0.06634065165387315,mp100_final_sum_with_binary64_envelope
S1,leave_environment_D,polynomial,1809,33,True,0.36643201394471653,mp100_final_sum_with_binary64_envelope
S1,leave_environment_D,polynomial,1810,36,True,0.16707066271635326,mp100_final_sum_with_binary64_envelope
S1,leave_environment_D,polynomial,1811,31,True,0.0014491747105226606,mp100_final_sum_with_binary64_envelope
S1,leave_environment_D,polynomial,1812,35,True,0.08096159602158245,mp100_final_sum_with_binary64_envelope
S1,leave_environment_D,polynomial,1813,33,True,0.11878546349718136,mp100_final_sum_with_binary64_envelope
S1,leave_environment_D,polynomial,1814,33,True,0.1543127978840059,mp100_final_sum_with_binary64_envelope
S1,leave_environment_D,polynomial,1815,36,True,0.10955689875340449,mp100_final_sum_with_binary64_envelope
S1,leave_environment_D,polynomial,1816,36,True,0.22641825519093245,mp100_final_sum_with_binary64_envelope
S1,leave_environment_D,polynomial,1817,33,True,0.19568254746360686,mp100_final_sum_with_binary64_envelope
S1,leave_environment_D,polynomial,1818,33,True,0.015404339405166553,mp100_final_sum_with_binary64_envelope
S1,leave_environment_D,polynomial,1819,36,True,0.13362987814511984,mp100_final_sum_with_binary64_envelope
S1,leave_environment_D,polynomial,1821,34,True,0.31769409989867853,mp100_final_sum_with_binary64_envelope
S1,leave_environment_D,polynomial,1822,33,True,0.1901370293893893,mp100_final_sum_with_binary64_envelope
S1,leave_environment_D,polynomial,1823,32,True,0.2824425496647756,mp100_final_sum_with_binary64_envelope
S1,leave_environment_D,polynomial,1825,33,True,0.293889693697195,mp100_final_sum_with_binary64_envelope
S1,leave_environment_D,polynomial,1827,36,True,0.08033761586843664,mp100_final_sum_with_binary64_envelope
S1,leave_environment_D,polynomial,1828,36,True,0.38159771902805645,mp100_final_sum_with_binary64_envelope
S1,leave_environment_D,polynomial,1829,36,True,0.04406519791139258,mp100_final_sum_with_binary64_envelope
S1,leave_environment_D,polynomial,1830,33,True,0.15585564353382314,mp100_final_sum_with_binary64_envelope
S1,leave_environment_D,polynomial,1831,36,True,0.06211585729156912,mp100_final_sum_with_binary64_envelope
S1,leave_environment_D,polynomial,1832,33,True,0.18777928318997805,mp100_final_sum_with_binary64_envelope
S1,leave_environment_D,polynomial,1833,36,True,0.0757389339829903,mp100_final_sum_with_binary64_envelope
S1,leave_environment_D,polynomial,1834,36,True,0.14623218014865844,mp100_final_sum_with_binary64_envelope
S1,leave_environment_D,polynomial,1835,36,True,0.18772438208221734,mp100_final_sum_with_binary64_envelope
S1,leave_environment_D,polynomial,1838,33,True,0.40583225814427504,mp100_final_sum_with_binary64_envelope
S1,leave_environment_D,polynomial,1840,37,True,0.13495063701997997,mp100_final_sum_with_binary64_envelope
S1,leave_environment_D,polynomial,1841,39,True,0.14231549119931897,mp100_final_sum_with_binary64_envelope
S1,leave_environment_D,polynomial,1843,37,True,0.053603949751178444,mp100_final_sum_with_binary64_envelope
S1,leave_environment_D,polynomial,1844,37,True,0.41857341612385796,mp100_final_sum_with_binary64_envelope
S1,leave_environment_D,polynomial,1847,37,True,0.4840210533660867,mp100_final_sum_with_binary64_envelope
S1,leave_environment_D,polynomial,1848,37,True,0.263577890674241,mp100_final_sum_with_binary64_envelope
S1,leave_environment_D,polynomial,1850,37,True,0.09250783378552004,mp100_final_sum_with_binary64_envelope
S1,leave_environment_D,polynomial,1851,37,True,0.6737555417839587,mp100_final_sum_with_binary64_envelope
S1,leave_environment_D,polynomial,1852,37,True,0.17193569889224158,mp100_final_sum_with_binary64_envelope
S1,leave_environment_D,polynomial,1854,37,True,0.11621135641681098,mp100_final_sum_with_binary64_envelope
S1,leave_environment_D,polynomial,1856,37,True,0.15992563496067838,mp100_final_sum_with_binary64_envelope
S1,leave_environment_D,polynomial,1859,37,True,0.03611018044785363,mp100_final_sum_with_binary64_envelope
S1,leave_environment_D,polynomial,1860,37,True,0.154357553435067,mp100_final_sum_with_binary64_envelope
S1,leave_environment_D,polynomial,1862,39,True,0.1394177915653327,mp100_final_sum_with_binary64_envelope
S1,leave_environment_D,polynomial,1863,37,True,0.627020691144205,mp100_final_sum_with_binary64_envelope
S1,leave_environment_D,polynomial,1866,37,True,0.15945870262811557,mp100_final_sum_with_binary64_envelope
S1,leave_environment_D,polynomial,1867,37,True,0.6350910096429153,mp100_final_sum_with_binary64_envelope
S1,leave_environment_D,polynomial,1870,37,True,0.18189648331162048,mp100_final_sum_with_binary64_envelope
S1,leave_environment_D,polynomial,1871,37,True,0.4340034494033455,mp100_final_sum_with_binary64_envelope
S1,leave_environment_D,polynomial,1872,37,True,0.04057490656543308,mp100_final_sum_with_binary64_envelope
S1,leave_environment_D,polynomial,1875,37,True,0.07756932370884015,mp100_final_sum_with_binary64_envelope
S1,leave_environment_D,polynomial,1876,37,True,0.05757408056791998,mp100_final_sum_with_binary64_envelope
S1,leave_environment_D,polynomial,1877,37,True,0.0741666338267002,mp100_final_sum_with_binary64_envelope
S1,leave_environment_D,polynomial,1879,39,True,0.03383029269204939,mp100_final_sum_with_binary64_envelope
S1,leave_environment_D,polynomial,1880,38,True,0.5428869025233979,mp100_final_sum_with_binary64_envelope
S1,leave_environment_D,polynomial,1881,38,True,1.047672988425564,mp100_final_sum_with_binary64_envelope
S1,leave_environment_D,polynomial,1882,38,True,0.6154143027418949,mp100_final_sum_with_binary64_envelope
S1,leave_environment_D,polynomial,1883,38,True,0.8877779831845818,mp100_final_sum_with_binary64_envelope
S1,leave_environment_D,polynomial,1884,38,True,0.6896155074889426,mp100_final_sum_with_binary64_envelope
S1,leave_environment_D,polynomial,1885,38,True,0.7947555352197766,mp100_final_sum_with_binary64_envelope
S1,leave_environment_D,polynomial,1886,35,True,0.33071937025424775,mp100_final_sum_with_binary64_envelope
S1,leave_environment_D,polynomial,1887,32,True,0.33724787487669067,mp100_final_sum_with_binary64_envelope
S1,leave_environment_D,polynomial,1888,35,True,0.1339185087731278,mp100_final_sum_with_binary64_envelope
S1,leave_environment_D,polynomial,1889,38,True,0.7928279011619913,mp100_final_sum_with_binary64_envelope
S1,leave_environment_D,polynomial,1890,38,True,0.19419941278264596,mp100_final_sum_with_binary64_envelope
S1,leave_environment_D,polynomial,1891,35,True,0.4384806099514463,mp100_final_sum_with_binary64_envelope
S1,leave_environment_D,polynomial,1892,38,True,1.0747441032676006,mp100_final_sum_with_binary64_envelope
S1,leave_environment_D,polynomial,1893,38,True,0.8189736308815972,mp100_final_sum_with_binary64_envelope
S1,leave_environment_D,polynomial,1894,35,True,0.5259417527446603,mp100_final_sum_with_binary64_envelope
S1,leave_environment_D,polynomial,1895,38,True,1.1520859339415288,mp100_final_sum_with_binary64_envelope
S1,leave_environment_D,polynomial,1896,38,True,1.1011862870618199,mp100_final_sum_with_binary64_envelope
S1,leave_environment_D,polynomial,1897,38,True,0.8847068534419805,mp100_final_sum_with_binary64_envelope
S1,leave_environment_D,polynomial,1898,35,True,0.28971486173690125,mp100_final_sum_with_binary64_envelope
S1,leave_environment_D,polynomial,1899,38,True,0.8158001473817689,mp100_final_sum_with_binary64_envelope
S1,leave_environment_D,polynomial,1900,38,True,1.1008464709380947,mp100_final_sum_with_binary64_envelope
S1,leave_environment_D,polynomial,1901,35,True,0.24337400100984927,mp100_final_sum_with_binary64_envelope
S1,leave_environment_D,polynomial,1902,35,True,0.43964114209041877,mp100_final_sum_with_binary64_envelope
S1,leave_environment_D,polynomial,1903,38,True,0.3261263210218322,mp100_final_sum_with_binary64_envelope
S1,leave_environment_D,polynomial,1904,38,True,0.8232584105537012,mp100_final_sum_with_binary64_envelope
S1,leave_environment_D,polynomial,1905,31,True,0.06416429282825177,mp100_final_sum_with_binary64_envelope
S1,leave_environment_D,polynomial,1906,35,True,1.0377794682453145,mp100_final_sum_with_binary64_envelope
S1,leave_environment_D,polynomial,1907,35,True,0.9090786148657508,mp100_final_sum_with_binary64_envelope
S1,leave_environment_D,polynomial,1908,38,True,0.8854535774596363,mp100_final_sum_with_binary64_envelope
S1,leave_environment_D,polynomial,1909,38,True,0.7302353929109572,mp100_final_sum_with_binary64_envelope
S1,leave_environment_D,polynomial,1910,38,True,0.5611575658839705,mp100_final_sum_with_binary64_envelope
S1,leave_environment_D,polynomial,1911,38,True,0.481663954712767,mp100_final_sum_with_binary64_envelope
S1,leave_environment_D,polynomial,1912,38,True,1.1043901274687171,mp100_final_sum_with_binary64_envelope
S1,leave_environment_D,polynomial,1913,38,True,0.5910689160189215,mp100_final_sum_with_binary64_envelope
S1,leave_environment_D,polynomial,1914,38,True,0.3855360456076814,mp100_final_sum_with_binary64_envelope
S1,leave_environment_D,polynomial,1915,38,True,0.46218021097175366,mp100_final_sum_with_binary64_envelope
S1,leave_environment_D,polynomial,1916,38,True,0.6703964919637044,mp100_final_sum_with_binary64_envelope
S1,leave_environment_D,polynomial,1917,38,True,1.6936278357452204,mp100_final_sum_with_binary64_envelope
S1,leave_environment_D,polynomial,1918,38,True,0.8297643754063402,mp100_final_sum_with_binary64_envelope
S1,leave_environment_D,polynomial,1919,38,True,0.7122602971538626,mp100_final_sum_with_binary64_envelope
S1,leave_environment_D,polynomial,1921,39,True,0.1346613241774422,mp100_final_sum_with_binary64_envelope
S1,leave_environment_D,polynomial,1923,32,True,0.08871344834030954,mp100_final_sum_with_binary64_envelope
S1,leave_environment_D,polynomial,1924,37,True,0.20521907538553658,mp100_final_sum_with_binary64_envelope
S1,leave_environment_D,polynomial,1925,38,True,0.23396179178772067,mp100_final_sum_with_binary64_envelope
S1,leave_environment_D,polynomial,1927,35,True,0.039854618320364764,mp100_final_sum_with_binary64_envelope
S1,leave_environment_D,polynomial,1928,39,True,0.23542903187967174,mp100_final_sum_with_binary64_envelope
S1,leave_environment_D,polynomial,1929,39,True,0.11427377907435567,mp100_final_sum_with_binary64_envelope
S1,leave_environment_D,polynomial,1931,39,True,0.14879168231000287,mp100_final_sum_with_binary64_envelope
S1,leave_environment_D,polynomial,1933,39,True,0.005455725339813293,mp100_final_sum_with_binary64_envelope
S1,leave_environment_D,polynomial,1934,32,True,0.23293508914801625,mp100_final_sum_with_binary64_envelope
S1,leave_environment_D,polynomial,1935,37,True,0.3999574181373826,mp100_final_sum_with_binary64_envelope
S1,leave_environment_D,polynomial,1936,33,True,0.038297847477137506,mp100_final_sum_with_binary64_envelope
S1,leave_environment_D,polynomial,1938,39,True,0.06374535718058567,mp100_final_sum_with_binary64_envelope
S1,leave_environment_D,polynomial,1939,39,True,0.06551183232129083,mp100_final_sum_with_binary64_envelope
S1,leave_environment_D,polynomial,1940,36,True,0.006623036553352981,mp100_final_sum_with_binary64_envelope
S1,leave_environment_D,polynomial,1942,39,True,0.5881522535354686,mp100_final_sum_with_binary64_envelope
S1,leave_environment_D,polynomial,1943,38,True,0.14318671198002386,mp100_final_sum_with_binary64_envelope
S1,leave_environment_D,polynomial,1947,39,True,0.37024440295559485,mp100_final_sum_with_binary64_envelope
S1,leave_environment_D,polynomial,1948,37,True,0.07107690683642147,mp100_final_sum_with_binary64_envelope
S1,leave_environment_D,polynomial,1951,38,True,0.023834658896797145,mp100_final_sum_with_binary64_envelope
S1,leave_environment_D,polynomial,1957,33,True,0.017764766790661905,mp100_final_sum_with_binary64_envelope
S1,leave_environment_D,polynomial,1960,35,True,0.06616669553042995,mp100_final_sum_with_binary64_envelope
S1,leave_environment_D,polynomial,1963,34,True,0.08676115524009234,mp100_final_sum_with_binary64_envelope
S1,leave_environment_D,polynomial,1964,35,True,0.058023741005079975,mp100_final_sum_with_binary64_envelope
S1,leave_environment_D,polynomial,1966,40,True,0.22950942048890893,mp100_final_sum_with_binary64_envelope
S1,leave_environment_D,polynomial,1967,33,True,0.05178776651349453,mp100_final_sum_with_binary64_envelope
S1,leave_environment_D,polynomial,1968,40,True,0.16324643692625174,mp100_final_sum_with_binary64_envelope
S1,leave_environment_D,polynomial,1969,40,True,0.39387151737964365,mp100_final_sum_with_binary64_envelope
S1,leave_environment_D,polynomial,1970,33,True,0.0839343214206786,mp100_final_sum_with_binary64_envelope
S1,leave_environment_D,polynomial,1971,40,True,0.09910337558911508,mp100_final_sum_with_binary64_envelope
S1,leave_environment_D,polynomial,1972,40,True,0.13428072340923078,mp100_final_sum_with_binary64_envelope
S1,leave_environment_D,polynomial,1974,40,True,0.10713995046983217,mp100_final_sum_with_binary64_envelope
S1,leave_environment_D,polynomial,1975,40,True,0.13784277675640882,mp100_final_sum_with_binary64_envelope
S1,leave_environment_D,polynomial,1976,40,True,0.004182266438146045,mp100_final_sum_with_binary64_envelope
S1,leave_environment_D,polynomial,1977,40,True,0.0374112235124023,mp100_final_sum_with_binary64_envelope
S1,leave_environment_D,polynomial,1978,35,True,0.1107916538794375,mp100_final_sum_with_binary64_envelope
S1,leave_environment_D,polynomial,1979,40,True,0.01050552612148787,mp100_final_sum_with_binary64_envelope
S1,leave_environment_D,polynomial,1980,40,True,0.01886039302619405,mp100_final_sum_with_binary64_envelope
S1,leave_environment_D,polynomial,1981,38,True,0.16372969122454972,mp100_final_sum_with_binary64_envelope
S1,leave_environment_D,polynomial,1982,32,True,0.16708798301148292,mp100_final_sum_with_binary64_envelope
S1,leave_environment_D,polynomial,1983,32,True,0.1502692980541729,mp100_final_sum_with_binary64_envelope
S1,leave_environment_D,polynomial,1984,35,True,0.04927076788945533,mp100_final_sum_with_binary64_envelope
S1,leave_environment_D,polynomial,1985,40,True,0.11010458100451202,mp100_final_sum_with_binary64_envelope
S1,leave_environment_D,polynomial,1987,40,True,0.3228633319264159,mp100_final_sum_with_binary64_envelope
S1,leave_environment_D,polynomial,1990,40,True,0.1588278041134483,mp100_final_sum_with_binary64_envelope
S1,leave_environment_D,polynomial,1992,35,True,0.2217606357225757,mp100_final_sum_with_binary64_envelope
S1,leave_environment_D,polynomial,1993,40,True,0.025258527344582803,mp100_final_sum_with_binary64_envelope
S1,leave_environment_D,polynomial,1995,32,True,0.3581775511806741,mp100_final_sum_with_binary64_envelope
S1,leave_environment_D,polynomial,1997,40,True,0.44544494051974887,mp100_final_sum_with_binary64_envelope
S1,leave_environment_D,polynomial,1999,32,True,0.13893321659005894,mp100_final_sum_with_binary64_envelope
S1,leave_environment_D,random_orthogonal,1607,31,True,0.01164784456041228,mp100_final_sum_with_binary64_envelope
S1,leave_environment_D,random_orthogonal,1611,31,True,0.4238718698606909,mp100_final_sum_with_binary64_envelope
S1,leave_environment_D,random_orthogonal,1626,31,True,0.11682184513973924,mp100_final_sum_with_binary64_envelope
S1,leave_environment_D,random_orthogonal,1628,31,True,0.11799554808052203,mp100_final_sum_with_binary64_envelope
S1,leave_environment_D,random_orthogonal,1631,31,True,0.06383577956059523,mp100_final_sum_with_binary64_envelope
S1,leave_environment_D,permuted_polynomial,1600,31,True,0.01327255229452467,mp100_final_sum_with_binary64_envelope
S1,leave_environment_D,permuted_polynomial,1601,31,True,0.31991226975226533,mp100_final_sum_with_binary64_envelope
S1,leave_environment_D,permuted_polynomial,1603,31,True,0.2698478112562539,mp100_final_sum_with_binary64_envelope
S1,leave_environment_D,permuted_polynomial,1605,31,True,0.3064348659690913,mp100_final_sum_with_binary64_envelope
S1,leave_environment_D,permuted_polynomial,1607,31,True,0.03261448340132611,mp100_final_sum_with_binary64_envelope
S1,leave_environment_D,permuted_polynomial,1608,31,True,0.007189276263821261,mp100_final_sum_with_binary64_envelope
S1,leave_environment_D,permuted_polynomial,1610,31,True,0.7363188733242818,mp100_final_sum_with_binary64_envelope
S1,leave_environment_D,permuted_polynomial,1611,31,True,1.2716465234392376,mp100_final_sum_with_binary64_envelope
S1,leave_environment_D,permuted_polynomial,1613,31,True,0.06213166536266877,mp100_final_sum_with_binary64_envelope
S1,leave_environment_D,permuted_polynomial,1615,31,True,0.02778001194978143,mp100_final_sum_with_binary64_envelope
S1,leave_environment_D,permuted_polynomial,1617,31,True,0.11812148520008055,mp100_final_sum_with_binary64_envelope
S1,leave_environment_D,permuted_polynomial,1618,31,True,0.2698822212396706,mp100_final_sum_with_binary64_envelope
S1,leave_environment_D,permuted_polynomial,1619,31,True,0.5296082290023612,mp100_final_sum_with_binary64_envelope
S1,leave_environment_D,permuted_polynomial,1620,31,True,0.6414027226785934,mp100_final_sum_with_binary64_envelope
S1,leave_environment_D,permuted_polynomial,1621,31,True,0.9685323956424279,mp100_final_sum_with_binary64_envelope
S1,leave_environment_D,permuted_polynomial,1622,31,True,0.7904777123085382,mp100_final_sum_with_binary64_envelope
S1,leave_environment_D,permuted_polynomial,1623,31,True,0.3354764776027113,mp100_final_sum_with_binary64_envelope
S1,leave_environment_D,permuted_polynomial,1626,31,True,0.698637621195923,mp100_final_sum_with_binary64_envelope
S1,leave_environment_D,permuted_polynomial,1628,31,True,0.23211082237205494,mp100_final_sum_with_binary64_envelope
S1,leave_environment_D,permuted_polynomial,1629,31,True,1.2233209463028616,mp100_final_sum_with_binary64_envelope
S1,leave_environment_D,permuted_polynomial,1630,31,True,0.30462879501936074,mp100_final_sum_with_binary64_envelope
S1,leave_environment_D,permuted_polynomial,1631,31,True,0.16435289822661261,mp100_final_sum_with_binary64_envelope
S1,leave_environment_D,permuted_polynomial,1632,31,True,1.0272431840949192,mp100_final_sum_with_binary64_envelope
S1,leave_environment_D,permuted_polynomial,1633,31,True,0.44626677548760474,mp100_final_sum_with_binary64_envelope
S1,leave_environment_D,permuted_polynomial,1634,31,True,0.7113873684190892,mp100_final_sum_with_binary64_envelope
S1,leave_environment_D,permuted_polynomial,1635,31,True,0.15322216502798192,mp100_final_sum_with_binary64_envelope
S1,leave_environment_D,permuted_polynomial,1637,31,True,0.771131998602191,mp100_final_sum_with_binary64_envelope
S1,leave_environment_D,permuted_polynomial,1638,31,True,0.239124227898259,mp100_final_sum_with_binary64_envelope
S1,leave_environment_D,permuted_polynomial,1639,31,True,0.24241933600126203,mp100_final_sum_with_binary64_envelope
S1,leave_environment_D,permuted_polynomial,1973,31,True,0.06269945781182544,mp100_final_sum_with_binary64_envelope
S1,leave_environment_E,dct,2004,36,True,0.18565985623473302,mp100_final_sum_with_binary64_envelope
S1,leave_environment_E,dct,2005,36,True,0.09022708331583464,mp100_final_sum_with_binary64_envelope
S1,leave_environment_E,dct,2007,36,True,0.17747134998047218,mp100_final_sum_with_binary64_envelope
S1,leave_environment_E,dct,2020,31,True,0.44013101939202576,mp100_final_sum_with_binary64_envelope
S1,leave_environment_E,dct,2114,36,True,0.2894209006043399,mp100_final_sum_with_binary64_envelope
S1,leave_environment_E,dct,2144,36,True,0.08715786601577945,mp100_final_sum_with_binary64_envelope
S1,leave_environment_E,dct,2200,36,True,0.5937059579189222,mp100_final_sum_with_binary64_envelope
S1,leave_environment_E,dct,2203,36,True,0.22873042900325435,mp100_final_sum_with_binary64_envelope
S1,leave_environment_E,dct,2204,36,True,0.2582190485168538,mp100_final_sum_with_binary64_envelope
S1,leave_environment_E,dct,2217,36,True,0.2258850392255894,mp100_final_sum_with_binary64_envelope
S1,leave_environment_E,dct,2224,36,True,0.11676622370257257,mp100_final_sum_with_binary64_envelope
S1,leave_environment_E,dct,2228,36,True,0.5230285123731824,mp100_final_sum_with_binary64_envelope
S1,leave_environment_E,dct,2229,36,True,0.8093232798215403,mp100_final_sum_with_binary64_envelope
S1,leave_environment_E,dct,2237,36,True,0.6243400656715766,mp100_final_sum_with_binary64_envelope
S1,leave_environment_E,dct,2241,37,True,1.2304469198281935,mp100_final_sum_with_binary64_envelope
S1,leave_environment_E,dct,2252,37,True,0.011093577981200035,mp100_final_sum_with_binary64_envelope
S1,leave_environment_E,dct,2254,37,True,0.8623159150485662,mp100_final_sum_with_binary64_envelope
S1,leave_environment_E,dct,2255,37,True,0.45736609619970586,mp100_final_sum_with_binary64_envelope
S1,leave_environment_E,dct,2261,37,True,0.654296978459151,mp100_final_sum_with_binary64_envelope
S1,leave_environment_E,dct,2271,36,True,0.17348734063979415,mp100_final_sum_with_binary64_envelope
S1,leave_environment_E,dct,2274,37,True,0.047479963019308125,mp100_final_sum_with_binary64_envelope
S1,leave_environment_E,dct,2377,36,True,0.11467560447079404,mp100_final_sum_with_binary64_envelope
S1,leave_environment_E,dft,2012,31,True,0.1848623298704985,mp100_final_sum_with_binary64_envelope
S1,leave_environment_E,dft,2016,31,True,0.5193680703045607,mp100_final_sum_with_binary64_envelope
S1,leave_environment_E,dft,2019,31,True,0.586731720069804,mp100_final_sum_with_binary64_envelope
S1,leave_environment_E,dft,2020,31,True,0.5646618434608778,mp100_final_sum_with_binary64_envelope
S1,leave_environment_E,dft,2024,31,True,0.462164834719159,mp100_final_sum_with_binary64_envelope
S1,leave_environment_E,dft,2029,31,True,0.3993653605257795,mp100_final_sum_with_binary64_envelope
S1,leave_environment_E,dft,2030,31,True,0.008568511335224302,mp100_final_sum_with_binary64_envelope
S1,leave_environment_E,dft,2032,31,True,0.01284662773325949,mp100_final_sum_with_binary64_envelope
S1,leave_environment_E,dft,2033,31,True,0.08959929205408729,mp100_final_sum_with_binary64_envelope
S1,leave_environment_E,dft,2037,31,True,0.4438094107441535,mp100_final_sum_with_binary64_envelope
S1,leave_environment_E,dft,2038,31,True,0.5020854041554619,mp100_final_sum_with_binary64_envelope
S1,leave_environment_E,dft,2039,31,True,0.5997324557169977,mp100_final_sum_with_binary64_envelope
S1,leave_environment_E,dft,2114,36,True,0.09202439968771073,mp100_final_sum_with_binary64_envelope
S1,leave_environment_E,dft,2200,36,True,0.4616074908277846,mp100_final_sum_with_binary64_envelope
S1,leave_environment_E,polynomial,2000,40,True,0.09082908227384671,mp100_final_sum_with_binary64_envelope
S1,leave_environment_E,polynomial,2003,37,True,0.9949157807166855,mp100_final_sum_with_binary64_envelope
S1,leave_environment_E,polynomial,2005,36,True,0.15154517710383394,mp100_final_sum_with_binary64_envelope
S1,leave_environment_E,polynomial,2008,31,True,0.4155771617680147,mp100_final_sum_with_binary64_envelope
S1,leave_environment_E,polynomial,2009,32,True,0.2612730553858679,mp100_final_sum_with_binary64_envelope
S1,leave_environment_E,polynomial,2011,31,True,0.8090861212203091,mp100_final_sum_with_binary64_envelope
S1,leave_environment_E,polynomial,2012,31,True,0.19454245529318198,mp100_final_sum_with_binary64_envelope
S1,leave_environment_E,polynomial,2016,31,True,0.5915445316802191,mp100_final_sum_with_binary64_envelope
S1,leave_environment_E,polynomial,2017,31,True,0.5324760735960873,mp100_final_sum_with_binary64_envelope
S1,leave_environment_E,polynomial,2018,33,True,0.2477231372348995,mp100_final_sum_with_binary64_envelope
S1,leave_environment_E,polynomial,2019,31,True,0.6339956410919512,mp100_final_sum_with_binary64_envelope
S1,leave_environment_E,polynomial,2020,31,True,0.3623340298526986,mp100_final_sum_with_binary64_envelope
S1,leave_environment_E,polynomial,2024,31,True,0.8268257829039654,mp100_final_sum_with_binary64_envelope
S1,leave_environment_E,polynomial,2025,31,True,0.6225796162363351,mp100_final_sum_with_binary64_envelope
S1,leave_environment_E,polynomial,2026,38,True,0.05116953437014328,mp100_final_sum_with_binary64_envelope
S1,leave_environment_E,polynomial,2027,35,True,0.885718903581864,mp100_final_sum_with_binary64_envelope
S1,leave_environment_E,polynomial,2028,33,True,0.3433927669553896,mp100_final_sum_with_binary64_envelope
S1,leave_environment_E,polynomial,2029,31,True,0.36333018273809775,mp100_final_sum_with_binary64_envelope
S1,leave_environment_E,polynomial,2030,31,True,0.15608867835616375,mp100_final_sum_with_binary64_envelope
S1,leave_environment_E,polynomial,2033,31,True,1.3501360074149502,mp100_final_sum_with_binary64_envelope
S1,leave_environment_E,polynomial,2035,31,True,0.5606044405889423,mp100_final_sum_with_binary64_envelope
S1,leave_environment_E,polynomial,2038,31,True,1.0717585891649155,mp100_final_sum_with_binary64_envelope
S1,leave_environment_E,polynomial,2039,31,True,0.2276174756709888,mp100_final_sum_with_binary64_envelope
S1,leave_environment_E,polynomial,2040,32,True,0.6061941847415998,mp100_final_sum_with_binary64_envelope
S1,leave_environment_E,polynomial,2041,32,True,0.5447572688080066,mp100_final_sum_with_binary64_envelope
S1,leave_environment_E,polynomial,2044,32,True,0.12149428143214981,mp100_final_sum_with_binary64_envelope
S1,leave_environment_E,polynomial,2045,35,True,0.18240140537964564,mp100_final_sum_with_binary64_envelope
S1,leave_environment_E,polynomial,2046,32,True,0.24049333325543765,mp100_final_sum_with_binary64_envelope
S1,leave_environment_E,polynomial,2047,35,True,0.06271678108211248,mp100_final_sum_with_binary64_envelope
S1,leave_environment_E,polynomial,2048,32,True,0.49945703925819,mp100_final_sum_with_binary64_envelope
S1,leave_environment_E,polynomial,2049,32,True,0.2993680048207972,mp100_final_sum_with_binary64_envelope
S1,leave_environment_E,polynomial,2050,32,True,0.36978413221730677,mp100_final_sum_with_binary64_envelope
S1,leave_environment_E,polynomial,2051,32,True,0.36055302590119065,mp100_final_sum_with_binary64_envelope
S1,leave_environment_E,polynomial,2053,32,True,0.5899870585987195,mp100_final_sum_with_binary64_envelope
S1,leave_environment_E,polynomial,2055,32,True,0.555437845491973,mp100_final_sum_with_binary64_envelope
S1,leave_environment_E,polynomial,2058,32,True,0.5570809937774643,mp100_final_sum_with_binary64_envelope
S1,leave_environment_E,polynomial,2059,32,True,0.6978219160444507,mp100_final_sum_with_binary64_envelope
S1,leave_environment_E,polynomial,2060,32,True,0.29058889969931617,mp100_final_sum_with_binary64_envelope
S1,leave_environment_E,polynomial,2061,32,True,0.4988922850392631,mp100_final_sum_with_binary64_envelope
S1,leave_environment_E,polynomial,2062,32,True,0.28798590662076373,mp100_final_sum_with_binary64_envelope
S1,leave_environment_E,polynomial,2063,32,True,0.8349598676471747,mp100_final_sum_with_binary64_envelope
S1,leave_environment_E,polynomial,2064,32,True,0.06386111788219082,mp100_final_sum_with_binary64_envelope
S1,leave_environment_E,polynomial,2065,32,True,0.0538714529013368,mp100_final_sum_with_binary64_envelope
S1,leave_environment_E,polynomial,2067,32,True,0.8002748421916238,mp100_final_sum_with_binary64_envelope
S1,leave_environment_E,polynomial,2071,32,True,0.18483823859404894,mp100_final_sum_with_binary64_envelope
S1,leave_environment_E,polynomial,2072,32,True,0.6201781496046392,mp100_final_sum_with_binary64_envelope
S1,leave_environment_E,polynomial,2073,32,True,0.6915095853267553,mp100_final_sum_with_binary64_envelope
S1,leave_environment_E,polynomial,2074,32,True,0.6455880511172265,mp100_final_sum_with_binary64_envelope
S1,leave_environment_E,polynomial,2075,32,True,0.7593174992771764,mp100_final_sum_with_binary64_envelope
S1,leave_environment_E,polynomial,2076,32,True,0.44424769159367755,mp100_final_sum_with_binary64_envelope
S1,leave_environment_E,polynomial,2078,32,True,0.3931520918858095,mp100_final_sum_with_binary64_envelope
S1,leave_environment_E,polynomial,2079,32,True,0.5122112162248753,mp100_final_sum_with_binary64_envelope
S1,leave_environment_E,polynomial,2081,33,True,0.16914252202885158,mp100_final_sum_with_binary64_envelope
S1,leave_environment_E,polynomial,2082,33,True,0.5633757002606997,mp100_final_sum_with_binary64_envelope
S1,leave_environment_E,polynomial,2083,33,True,0.43644947200142153,mp100_final_sum_with_binary64_envelope
S1,leave_environment_E,polynomial,2084,33,True,0.5664016732803618,mp100_final_sum_with_binary64_envelope
S1,leave_environment_E,polynomial,2085,33,True,0.45634861390931686,mp100_final_sum_with_binary64_envelope
S1,leave_environment_E,polynomial,2087,33,True,0.13521982592501908,mp100_final_sum_with_binary64_envelope
S1,leave_environment_E,polynomial,2089,37,True,0.11265242009586925,mp100_final_sum_with_binary64_envelope
S1,leave_environment_E,polynomial,2090,33,True,0.16746838483393756,mp100_final_sum_with_binary64_envelope
S1,leave_environment_E,polynomial,2092,33,True,0.5669307538932219,mp100_final_sum_with_binary64_envelope
S1,leave_environment_E,polynomial,2093,33,True,0.1324815930766667,mp100_final_sum_with_binary64_envelope
S1,leave_environment_E,polynomial,2095,33,True,0.2164731376166485,mp100_final_sum_with_binary64_envelope
S1,leave_environment_E,polynomial,2096,33,True,0.03355378718556876,mp100_final_sum_with_binary64_envelope
S1,leave_environment_E,polynomial,2098,34,True,0.04338717372518432,mp100_final_sum_with_binary64_envelope
S1,leave_environment_E,polynomial,2099,37,True,0.17317537655555945,mp100_final_sum_with_binary64_envelope
S1,leave_environment_E,polynomial,2100,32,True,0.06375986470527499,mp100_final_sum_with_binary64_envelope
S1,leave_environment_E,polynomial,2101,33,True,0.2648482640212727,mp100_final_sum_with_binary64_envelope
S1,leave_environment_E,polynomial,2105,33,True,0.19682210998481176,mp100_final_sum_with_binary64_envelope
S1,leave_environment_E,polynomial,2106,33,True,0.048763575076954536,mp100_final_sum_with_binary64_envelope
S1,leave_environment_E,polynomial,2112,37,True,0.050463709776711954,mp100_final_sum_with_binary64_envelope
S1,leave_environment_E,polynomial,2113,37,True,0.4521145810876497,mp100_final_sum_with_binary64_envelope
S1,leave_environment_E,polynomial,2114,36,True,0.318233209614818,mp100_final_sum_with_binary64_envelope
S1,leave_environment_E,polynomial,2116,33,True,0.3836903851527258,mp100_final_sum_with_binary64_envelope
S1,leave_environment_E,polynomial,2118,37,True,0.15151367497905335,mp100_final_sum_with_binary64_envelope
S1,leave_environment_E,polynomial,2119,33,True,0.47966766650117654,mp100_final_sum_with_binary64_envelope
S1,leave_environment_E,polynomial,2123,34,True,0.544740653493884,mp100_final_sum_with_binary64_envelope
S1,leave_environment_E,polynomial,2124,34,True,0.21460728077877372,mp100_final_sum_with_binary64_envelope
S1,leave_environment_E,polynomial,2125,36,True,0.031491480692343546,mp100_final_sum_with_binary64_envelope
S1,leave_environment_E,polynomial,2127,34,True,0.5370065375377068,mp100_final_sum_with_binary64_envelope
S1,leave_environment_E,polynomial,2128,34,True,0.3615752377068526,mp100_final_sum_with_binary64_envelope
S1,leave_environment_E,polynomial,2129,34,True,0.3568877324325502,mp100_final_sum_with_binary64_envelope
S1,leave_environment_E,polynomial,2130,34,True,0.1372525657355096,mp100_final_sum_with_binary64_envelope
S1,leave_environment_E,polynomial,2131,34,True,0.22943233677493813,mp100_final_sum_with_binary64_envelope
S1,leave_environment_E,polynomial,2133,34,True,0.338626584165582,mp100_final_sum_with_binary64_envelope
S1,leave_environment_E,polynomial,2135,34,True,0.1496016706089629,mp100_final_sum_with_binary64_envelope
S1,leave_environment_E,polynomial,2136,34,True,0.5904344843716345,mp100_final_sum_with_binary64_envelope
S1,leave_environment_E,polynomial,2137,34,True,0.8796378928344899,mp100_final_sum_with_binary64_envelope
S1,leave_environment_E,polynomial,2138,34,True,0.2583799244223063,mp100_final_sum_with_binary64_envelope
S1,leave_environment_E,polynomial,2141,34,True,0.16154908495321724,mp100_final_sum_with_binary64_envelope
S1,leave_environment_E,polynomial,2142,34,True,0.35116319066254004,mp100_final_sum_with_binary64_envelope
S1,leave_environment_E,polynomial,2144,36,True,0.1664270198400509,mp100_final_sum_with_binary64_envelope
S1,leave_environment_E,polynomial,2145,34,True,0.25217656481900347,mp100_final_sum_with_binary64_envelope
S1,leave_environment_E,polynomial,2146,34,True,0.32045875168923615,mp100_final_sum_with_binary64_envelope
S1,leave_environment_E,polynomial,2147,34,True,0.36149721859269,mp100_final_sum_with_binary64_envelope
S1,leave_environment_E,polynomial,2148,34,True,0.2447196670477827,mp100_final_sum_with_binary64_envelope
S1,leave_environment_E,polynomial,2150,34,True,0.8047744564493573,mp100_final_sum_with_binary64_envelope
S1,leave_environment_E,polynomial,2151,34,True,0.16483329243438333,mp100_final_sum_with_binary64_envelope
S1,leave_environment_E,polynomial,2152,34,True,0.098697391980682,mp100_final_sum_with_binary64_envelope
S1,leave_environment_E,polynomial,2153,34,True,0.07211977783874048,mp100_final_sum_with_binary64_envelope
S1,leave_environment_E,polynomial,2154,34,True,0.014602936934080987,mp100_final_sum_with_binary64_envelope
S1,leave_environment_E,polynomial,2155,34,True,0.024091299001925352,mp100_final_sum_with_binary64_envelope
S1,leave_environment_E,polynomial,2156,34,True,0.10497316906390558,mp100_final_sum_with_binary64_envelope
S1,leave_environment_E,polynomial,2157,34,True,0.5628476935328465,mp100_final_sum_with_binary64_envelope
S1,leave_environment_E,polynomial,2158,34,True,0.37686642794195835,mp100_final_sum_with_binary64_envelope
S1,leave_environment_E,polynomial,2159,34,True,0.3983695523692562,mp100_final_sum_with_binary64_envelope
S1,leave_environment_E,polynomial,2160,35,True,0.5783723715963455,mp100_final_sum_with_binary64_envelope
S1,leave_environment_E,polynomial,2161,35,True,0.5991308119949512,mp100_final_sum_with_binary64_envelope
S1,leave_environment_E,polynomial,2162,35,True,0.6132100620190537,mp100_final_sum_with_binary64_envelope
S1,leave_environment_E,polynomial,2163,35,True,0.9732647790901189,mp100_final_sum_with_binary64_envelope
S1,leave_environment_E,polynomial,2164,35,True,0.9930073148875725,mp100_final_sum_with_binary64_envelope
S1,leave_environment_E,polynomial,2165,35,True,0.5417045264401903,mp100_final_sum_with_binary64_envelope
S1,leave_environment_E,polynomial,2166,35,True,0.17605200269556256,mp100_final_sum_with_binary64_envelope
S1,leave_environment_E,polynomial,2167,35,True,0.11997299549656965,mp100_final_sum_with_binary64_envelope
S1,leave_environment_E,polynomial,2168,35,True,0.4623916337063159,mp100_final_sum_with_binary64_envelope
S1,leave_environment_E,polynomial,2169,35,True,0.5453334623767675,mp100_final_sum_with_binary64_envelope
S1,leave_environment_E,polynomial,2170,35,True,0.45992958841301784,mp100_final_sum_with_binary64_envelope
S1,leave_environment_E,polynomial,2171,35,True,0.36458056295588304,mp100_final_sum_with_binary64_envelope
S1,leave_environment_E,polynomial,2172,35,True,0.49729934311492885,mp100_final_sum_with_binary64_envelope
S1,leave_environment_E,polynomial,2173,35,True,0.4025493864697702,mp100_final_sum_with_binary64_envelope
S1,leave_environment_E,polynomial,2174,35,True,0.6273849257849032,mp100_final_sum_with_binary64_envelope
S1,leave_environment_E,polynomial,2175,35,True,0.5441339849176102,mp100_final_sum_with_binary64_envelope
S1,leave_environment_E,polynomial,2176,35,True,0.06330966916566495,mp100_final_sum_with_binary64_envelope
S1,leave_environment_E,polynomial,2177,35,True,0.6657215869414932,mp100_final_sum_with_binary64_envelope
S1,leave_environment_E,polynomial,2179,35,True,0.2869268411626208,mp100_final_sum_with_binary64_envelope
S1,leave_environment_E,polynomial,2180,35,True,0.5817574533735408,mp100_final_sum_with_binary64_envelope
S1,leave_environment_E,polynomial,2181,35,True,0.45141389126470033,mp100_final_sum_with_binary64_envelope
S1,leave_environment_E,polynomial,2182,35,True,0.344445510645942,mp100_final_sum_with_binary64_envelope
S1,leave_environment_E,polynomial,2183,35,True,0.5288630278584184,mp100_final_sum_with_binary64_envelope
S1,leave_environment_E,polynomial,2184,35,True,0.45904365918265755,mp100_final_sum_with_binary64_envelope
S1,leave_environment_E,polynomial,2185,35,True,0.6069815103223013,mp100_final_sum_with_binary64_envelope
S1,leave_environment_E,polynomial,2186,35,True,0.5741639120175933,mp100_final_sum_with_binary64_envelope
S1,leave_environment_E,polynomial,2187,35,True,0.05338630922255984,mp100_final_sum_with_binary64_envelope
S1,leave_environment_E,polynomial,2188,35,True,0.28074340208269416,mp100_final_sum_with_binary64_envelope
S1,leave_environment_E,polynomial,2189,35,True,0.8360914534785391,mp100_final_sum_with_binary64_envelope
S1,leave_environment_E,polynomial,2190,35,True,0.2548212921654028,mp100_final_sum_with_binary64_envelope
S1,leave_environment_E,polynomial,2191,35,True,0.2920325357368091,mp100_final_sum_with_binary64_envelope
S1,leave_environment_E,polynomial,2192,35,True,0.37394318346145294,mp100_final_sum_with_binary64_envelope
S1,leave_environment_E,polynomial,2193,35,True,0.23270879028199884,mp100_final_sum_with_binary64_envelope
S1,leave_environment_E,polynomial,2194,35,True,0.25390751788906596,mp100_final_sum_with_binary64_envelope
S1,leave_environment_E,polynomial,2195,35,True,0.23444884836562188,mp100_final_sum_with_binary64_envelope
S1,leave_environment_E,polynomial,2196,35,True,0.2799793954374681,mp100_final_sum_with_binary64_envelope
S1,leave_environment_E,polynomial,2197,35,True,0.6439809700021011,mp100_final_sum_with_binary64_envelope
S1,leave_environment_E,polynomial,2198,35,True,0.6698848078676972,mp100_final_sum_with_binary64_envelope
S1,leave_environment_E,polynomial,2199,35,True,0.390818037951847,mp100_final_sum_with_binary64_envelope
S1,leave_environment_E,polynomial,2200,36,True,0.4099340251754535,mp100_final_sum_with_binary64_envelope
S1,leave_environment_E,polynomial,2201,37,True,0.08712446053722517,mp100_final_sum_with_binary64_envelope
S1,leave_environment_E,polynomial,2203,36,True,0.29302119698655277,mp100_final_sum_with_binary64_envelope
S1,leave_environment_E,polynomial,2204,36,True,1.1133455160121142,mp100_final_sum_with_binary64_envelope
S1,leave_environment_E,polynomial,2205,36,True,0.24624310678233396,mp100_final_sum_with_binary64_envelope
S1,leave_environment_E,polynomial,2209,39,True,0.020840673575928583,mp100_final_sum_with_binary64_envelope
S1,leave_environment_E,polynomial,2211,39,True,0.26741117195461994,mp100_final_sum_with_binary64_envelope
S1,leave_environment_E,polynomial,2213,36,True,0.14337567428241996,mp100_final_sum_with_binary64_envelope
S1,leave_environment_E,polynomial,2215,37,True,0.6793772267915451,mp100_final_sum_with_binary64_envelope
S1,leave_environment_E,polynomial,2217,36,True,0.2427939392129771,mp100_final_sum_with_binary64_envelope
S1,leave_environment_E,polynomial,2222,32,True,0.13335746009460636,mp100_final_sum_with_binary64_envelope
S1,leave_environment_E,polynomial,2224,36,True,0.09297616328254775,mp100_final_sum_with_binary64_envelope
S1,leave_environment_E,polynomial,2225,36,True,0.029620369267151805,mp100_final_sum_with_binary64_envelope
S1,leave_environment_E,polynomial,2227,32,True,0.1269407716417843,mp100_final_sum_with_binary64_envelope
S1,leave_environment_E,polynomial,2228,36,True,0.3638316058905514,mp100_final_sum_with_binary64_envelope
S1,leave_environment_E,polynomial,2229,36,True,0.9295557453106338,mp100_final_sum_with_binary64_envelope
S1,leave_environment_E,polynomial,2231,37,True,0.43989332588801294,mp100_final_sum_with_binary64_envelope
S1,leave_environment_E,polynomial,2234,34,True,0.3167983272524742,mp100_final_sum_with_binary64_envelope
S1,leave_environment_E,polynomial,2235,31,True,0.054586200357746285,mp100_final_sum_with_binary64_envelope
S1,leave_environment_E,polynomial,2237,36,True,0.7049151598638225,mp100_final_sum_with_binary64_envelope
S1,leave_environment_E,polynomial,2238,36,True,0.04923719214543617,mp100_final_sum_with_binary64_envelope
S1,leave_environment_E,polynomial,2241,37,True,1.6470010626823715,mp100_final_sum_with_binary64_envelope
S1,leave_environment_E,polynomial,2243,39,True,0.29558060196120034,mp100_final_sum_with_binary64_envelope
S1,leave_environment_E,polynomial,2244,37,True,0.25723112926430725,mp100_final_sum_with_binary64_envelope
S1,leave_environment_E,polynomial,2245,37,True,0.8623156039753507,mp100_final_sum_with_binary64_envelope
S1,leave_environment_E,polynomial,2247,37,True,0.1929684301606454,mp100_final_sum_with_binary64_envelope
S1,leave_environment_E,polynomial,2248,32,True,0.18221321653212305,mp100_final_sum_with_binary64_envelope
S1,leave_environment_E,polynomial,2250,36,True,0.10682322249719496,mp100_final_sum_with_binary64_envelope
S1,leave_environment_E,polynomial,2252,37,True,1.577633730850043,mp100_final_sum_with_binary64_envelope
S1,leave_environment_E,polynomial,2253,37,True,1.1761598743670512,mp100_final_sum_with_binary64_envelope
S1,leave_environment_E,polynomial,2254,37,True,1.67507333207984,mp100_final_sum_with_binary64_envelope
S1,leave_environment_E,polynomial,2255,37,True,0.619904045070319,mp100_final_sum_with_binary64_envelope
S1,leave_environment_E,polynomial,2256,37,True,0.2785244647471061,mp100_final_sum_with_binary64_envelope
S1,leave_environment_E,polynomial,2257,37,True,1.0881396492463404,mp100_final_sum_with_binary64_envelope
S1,leave_environment_E,polynomial,2259,37,True,0.14427301436413173,mp100_final_sum_with_binary64_envelope
S1,leave_environment_E,polynomial,2261,37,True,0.7580576834108098,mp100_final_sum_with_binary64_envelope
S1,leave_environment_E,polynomial,2262,37,True,0.007912532987350845,mp100_final_sum_with_binary64_envelope
S1,leave_environment_E,polynomial,2264,37,True,0.24499087275667356,mp100_final_sum_with_binary64_envelope
S1,leave_environment_E,polynomial,2265,37,True,1.1109521086225,mp100_final_sum_with_binary64_envelope
S1,leave_environment_E,polynomial,2266,39,True,0.13909846594857952,mp100_final_sum_with_binary64_envelope
S1,leave_environment_E,polynomial,2267,37,True,0.6342083157622138,mp100_final_sum_with_binary64_envelope
S1,leave_environment_E,polynomial,2268,31,True,0.4239953316390811,mp100_final_sum_with_binary64_envelope
S1,leave_environment_E,polynomial,2270,37,True,0.8235168145657508,mp100_final_sum_with_binary64_envelope
S1,leave_environment_E,polynomial,2271,36,True,0.5249163531834005,mp100_final_sum_with_binary64_envelope
S1,leave_environment_E,polynomial,2272,39,True,0.20825986082803952,mp100_final_sum_with_binary64_envelope
S1,leave_environment_E,polynomial,2273,31,True,0.20749343864381375,mp100_final_sum_with_binary64_envelope
S1,leave_environment_E,polynomial,2274,37,True,0.2604446924193454,mp100_final_sum_with_binary64_envelope
S1,leave_environment_E,polynomial,2275,37,True,0.03938538160191539,mp100_final_sum_with_binary64_envelope
S1,leave_environment_E,polynomial,2277,37,True,0.41793060893186906,mp100_final_sum_with_binary64_envelope
S1,leave_environment_E,polynomial,2279,39,True,0.12151423339377027,mp100_final_sum_with_binary64_envelope
S1,leave_environment_E,polynomial,2280,38,True,0.39183454820782126,mp100_final_sum_with_binary64_envelope
S1,leave_environment_E,polynomial,2281,38,True,0.743462501003949,mp100_final_sum_with_binary64_envelope
S1,leave_environment_E,polynomial,2283,38,True,0.7095098089635932,mp100_final_sum_with_binary64_envelope
S1,leave_environment_E,polynomial,2284,38,True,0.3562153625803468,mp100_final_sum_with_binary64_envelope
S1,leave_environment_E,polynomial,2285,38,True,0.7014500795253661,mp100_final_sum_with_binary64_envelope
S1,leave_environment_E,polynomial,2286,38,True,1.1261654847819729,mp100_final_sum_with_binary64_envelope
S1,leave_environment_E,polynomial,2287,38,True,1.0990184181468794,mp100_final_sum_with_binary64_envelope
S1,leave_environment_E,polynomial,2288,38,True,0.4308900107262553,mp100_final_sum_with_binary64_envelope
S1,leave_environment_E,polynomial,2289,38,True,0.18364532150743879,mp100_final_sum_with_binary64_envelope
S1,leave_environment_E,polynomial,2290,38,True,0.0719383933049721,mp100_final_sum_with_binary64_envelope
S1,leave_environment_E,polynomial,2291,38,True,0.37934061785469564,mp100_final_sum_with_binary64_envelope
S1,leave_environment_E,polynomial,2292,38,True,0.2499943835121103,mp100_final_sum_with_binary64_envelope
S1,leave_environment_E,polynomial,2293,38,True,0.5790736698435911,mp100_final_sum_with_binary64_envelope
S1,leave_environment_E,polynomial,2294,38,True,0.8075162091651591,mp100_final_sum_with_binary64_envelope
S1,leave_environment_E,polynomial,2295,38,True,0.02534162977565892,mp100_final_sum_with_binary64_envelope
S1,leave_environment_E,polynomial,2296,38,True,0.3511999018254432,mp100_final_sum_with_binary64_envelope
S1,leave_environment_E,polynomial,2297,38,True,0.2983779308271738,mp100_final_sum_with_binary64_envelope
S1,leave_environment_E,polynomial,2298,38,True,0.15738273210702292,mp100_final_sum_with_binary64_envelope
S1,leave_environment_E,polynomial,2300,38,True,0.5266206147185551,mp100_final_sum_with_binary64_envelope
S1,leave_environment_E,polynomial,2301,38,True,0.5546114815495576,mp100_final_sum_with_binary64_envelope
S1,leave_environment_E,polynomial,2302,38,True,0.7386326243294679,mp100_final_sum_with_binary64_envelope
S1,leave_environment_E,polynomial,2304,38,True,0.6348020787272914,mp100_final_sum_with_binary64_envelope
S1,leave_environment_E,polynomial,2305,38,True,0.8098808792221871,mp100_final_sum_with_binary64_envelope
S1,leave_environment_E,polynomial,2307,38,True,0.5244862019412851,mp100_final_sum_with_binary64_envelope
S1,leave_environment_E,polynomial,2308,38,True,0.11498963391187447,mp100_final_sum_with_binary64_envelope
S1,leave_environment_E,polynomial,2309,37,True,0.09263329230474746,mp100_final_sum_with_binary64_envelope
S1,leave_environment_E,polynomial,2310,38,True,0.7514577911842149,mp100_final_sum_with_binary64_envelope
S1,leave_environment_E,polynomial,2311,38,True,0.3003117377469801,mp100_final_sum_with_binary64_envelope
S1,leave_environment_E,polynomial,2312,38,True,0.3390179116031406,mp100_final_sum_with_binary64_envelope
S1,leave_environment_E,polynomial,2313,38,True,0.384926970292344,mp100_final_sum_with_binary64_envelope
S1,leave_environment_E,polynomial,2314,38,True,0.9645211386072959,mp100_final_sum_with_binary64_envelope
S1,leave_environment_E,polynomial,2316,38,True,1.205144604647778,mp100_final_sum_with_binary64_envelope
S1,leave_environment_E,polynomial,2317,38,True,0.20803349057789344,mp100_final_sum_with_binary64_envelope
S1,leave_environment_E,polynomial,2319,38,True,0.5379297707832872,mp100_final_sum_with_binary64_envelope
S1,leave_environment_E,polynomial,2320,34,True,0.34882243389031276,mp100_final_sum_with_binary64_envelope
S1,leave_environment_E,polynomial,2321,39,True,0.3710150233701389,mp100_final_sum_with_binary64_envelope
S1,leave_environment_E,polynomial,2324,37,True,0.19716757825525444,mp100_final_sum_with_binary64_envelope
S1,leave_environment_E,polynomial,2325,33,True,0.12525280807823602,mp100_final_sum_with_binary64_envelope
S1,leave_environment_E,polynomial,2327,37,True,0.1394069395296409,mp100_final_sum_with_binary64_envelope
S1,leave_environment_E,polynomial,2332,34,True,0.30980037447030984,mp100_final_sum_with_binary64_envelope
S1,leave_environment_E,polynomial,2334,39,True,0.31597501124374555,mp100_final_sum_with_binary64_envelope
S1,leave_environment_E,polynomial,2335,37,True,0.05080875126710351,mp100_final_sum_with_binary64_envelope
S1,leave_environment_E,polynomial,2336,37,True,0.21670133728710003,mp100_final_sum_with_binary64_envelope
S1,leave_environment_E,polynomial,2338,37,True,0.41111835151542286,mp100_final_sum_with_binary64_envelope
S1,leave_environment_E,polynomial,2339,39,True,0.09052773481885903,mp100_final_sum_with_binary64_envelope
S1,leave_environment_E,polynomial,2342,32,True,0.17505066192571472,mp100_final_sum_with_binary64_envelope
S1,leave_environment_E,polynomial,2344,37,True,0.05767851529679382,mp100_final_sum_with_binary64_envelope
S1,leave_environment_E,polynomial,2347,37,True,0.16863511966909178,mp100_final_sum_with_binary64_envelope
S1,leave_environment_E,polynomial,2348,37,True,0.12726581875232604,mp100_final_sum_with_binary64_envelope
S1,leave_environment_E,polynomial,2349,39,True,0.22200555519756698,mp100_final_sum_with_binary64_envelope
S1,leave_environment_E,polynomial,2350,37,True,0.14352994875795183,mp100_final_sum_with_binary64_envelope
S1,leave_environment_E,polynomial,2352,39,True,0.2209081138788902,mp100_final_sum_with_binary64_envelope
S1,leave_environment_E,polynomial,2354,39,True,0.3006876183072845,mp100_final_sum_with_binary64_envelope
S1,leave_environment_E,polynomial,2355,39,True,0.27567420607892634,mp100_final_sum_with_binary64_envelope
S1,leave_environment_E,polynomial,2356,39,True,0.033438628411213846,mp100_final_sum_with_binary64_envelope
S1,leave_environment_E,polynomial,2359,38,True,0.10739493711156683,mp100_final_sum_with_binary64_envelope
S1,leave_environment_E,polynomial,2360,40,True,0.06784280714910731,mp100_final_sum_with_binary64_envelope
S1,leave_environment_E,polynomial,2361,40,True,0.16547145782506292,mp100_final_sum_with_binary64_envelope
S1,leave_environment_E,polynomial,2363,39,True,0.15741301593134735,mp100_final_sum_with_binary64_envelope
S1,leave_environment_E,polynomial,2365,40,True,0.2696047342713783,mp100_final_sum_with_binary64_envelope
S1,leave_environment_E,polynomial,2366,40,True,0.7315730723667447,mp100_final_sum_with_binary64_envelope
S1,leave_environment_E,polynomial,2367,32,True,0.6216751493260052,mp100_final_sum_with_binary64_envelope
S1,leave_environment_E,polynomial,2368,40,True,0.2889429003394272,mp100_final_sum_with_binary64_envelope
S1,leave_environment_E,polynomial,2369,32,True,0.03949883798203312,mp100_final_sum_with_binary64_envelope
S1,leave_environment_E,polynomial,2372,40,True,0.05903907688070672,mp100_final_sum_with_binary64_envelope
S1,leave_environment_E,polynomial,2373,37,True,0.03512526763111471,mp100_final_sum_with_binary64_envelope
S1,leave_environment_E,polynomial,2376,40,True,0.6334104101433182,mp100_final_sum_with_binary64_envelope
S1,leave_environment_E,polynomial,2378,39,True,0.10977577909083171,mp100_final_sum_with_binary64_envelope
S1,leave_environment_E,polynomial,2380,40,True,0.07919133418043667,mp100_final_sum_with_binary64_envelope
S1,leave_environment_E,polynomial,2381,32,True,0.3125129362399172,mp100_final_sum_with_binary64_envelope
S1,leave_environment_E,polynomial,2383,40,True,0.231410361813477,mp100_final_sum_with_binary64_envelope
S1,leave_environment_E,polynomial,2385,40,True,0.12556058117886132,mp100_final_sum_with_binary64_envelope
S1,leave_environment_E,polynomial,2386,34,True,0.1464995344632043,mp100_final_sum_with_binary64_envelope
S1,leave_environment_E,polynomial,2387,40,True,0.07197689790857016,mp100_final_sum_with_binary64_envelope
S1,leave_environment_E,polynomial,2388,40,True,0.13882143720806372,mp100_final_sum_with_binary64_envelope
S1,leave_environment_E,polynomial,2389,39,True,0.21738987033716853,mp100_final_sum_with_binary64_envelope
S1,leave_environment_E,polynomial,2392,40,True,0.08015857053008649,mp100_final_sum_with_binary64_envelope
S1,leave_environment_E,polynomial,2393,40,True,0.6106597859950349,mp100_final_sum_with_binary64_envelope
S1,leave_environment_E,polynomial,2394,40,True,0.5892299435715739,mp100_final_sum_with_binary64_envelope
S1,leave_environment_E,polynomial,2395,40,True,0.4115252929215041,mp100_final_sum_with_binary64_envelope
S1,leave_environment_E,polynomial,2396,40,True,0.19667928955617875,mp100_final_sum_with_binary64_envelope
S1,leave_environment_E,polynomial,2398,39,True,0.011110228157931324,mp100_final_sum_with_binary64_envelope
S1,leave_environment_E,polynomial,2399,40,True,0.32715884974688847,mp100_final_sum_with_binary64_envelope
S1,leave_environment_E,random_orthogonal,2035,31,True,0.48557988440389765,mp100_final_sum_with_binary64_envelope
S1,leave_environment_E,random_orthogonal,2241,37,True,0.8308724756906667,mp100_final_sum_with_binary64_envelope
S1,leave_environment_E,random_orthogonal,2252,37,True,0.2199549686809901,mp100_final_sum_with_binary64_envelope
S1,leave_environment_E,random_orthogonal,2253,37,True,0.141182510002932,mp100_final_sum_with_binary64_envelope
S1,leave_environment_E,random_orthogonal,2254,37,True,0.6771777266327312,mp100_final_sum_with_binary64_envelope
S1,leave_environment_E,permuted_polynomial,2007,36,True,0.035439723541837775,mp100_final_sum_with_binary64_envelope
S1,leave_environment_E,permuted_polynomial,2010,31,True,0.008813073645564102,mp100_final_sum_with_binary64_envelope
S1,leave_environment_E,permuted_polynomial,2011,31,True,1.0130591763396042,mp100_final_sum_with_binary64_envelope
S1,leave_environment_E,permuted_polynomial,2015,31,True,0.07094767844325639,mp100_final_sum_with_binary64_envelope
S1,leave_environment_E,permuted_polynomial,2016,31,True,0.3787457801769101,mp100_final_sum_with_binary64_envelope
S1,leave_environment_E,permuted_polynomial,2017,31,True,0.3262103333355182,mp100_final_sum_with_binary64_envelope
S1,leave_environment_E,permuted_polynomial,2020,31,True,0.703222736428028,mp100_final_sum_with_binary64_envelope
S1,leave_environment_E,permuted_polynomial,2024,31,True,1.2698263936673357,mp100_final_sum_with_binary64_envelope
S1,leave_environment_E,permuted_polynomial,2025,31,True,0.39805585826501494,mp100_final_sum_with_binary64_envelope
S1,leave_environment_E,permuted_polynomial,2029,31,True,0.9503945442855362,mp100_final_sum_with_binary64_envelope
S1,leave_environment_E,permuted_polynomial,2030,31,True,1.0656786132473317,mp100_final_sum_with_binary64_envelope
S1,leave_environment_E,permuted_polynomial,2031,31,True,0.2967918444021241,mp100_final_sum_with_binary64_envelope
S1,leave_environment_E,permuted_polynomial,2033,31,True,0.9081609134977858,mp100_final_sum_with_binary64_envelope
S1,leave_environment_E,permuted_polynomial,2035,31,True,0.6763557095478686,mp100_final_sum_with_binary64_envelope
S1,leave_environment_E,permuted_polynomial,2038,31,True,1.4753671567708295,mp100_final_sum_with_binary64_envelope
S1,leave_environment_E,permuted_polynomial,2039,31,True,0.07675536191674065,mp100_final_sum_with_binary64_envelope
S1,leave_environment_E,permuted_polynomial,2114,36,True,0.007020131312264502,mp100_final_sum_with_binary64_envelope
S1,leave_environment_E,permuted_polynomial,2200,36,True,0.23336531184253867,mp100_final_sum_with_binary64_envelope
S1,leave_environment_E,permuted_polynomial,2235,31,True,0.062142801837982625,mp100_final_sum_with_binary64_envelope
S1,leave_environment_E,permuted_polynomial,2250,36,True,0.20150850289243877,mp100_final_sum_with_binary64_envelope
S1,leave_environment_E,permuted_polynomial,2268,31,True,0.44815317310695235,mp100_final_sum_with_binary64_envelope
S1,leave_environment_F,dct,2603,36,True,0.0666558589451034,mp100_final_sum_with_binary64_envelope
S1,leave_environment_F,dct,2606,36,True,0.19071113475204926,mp100_final_sum_with_binary64_envelope
S1,leave_environment_F,dct,2611,36,True,0.05319398388614972,mp100_final_sum_with_binary64_envelope
S1,leave_environment_F,dct,2617,36,True,0.39077237942176624,mp100_final_sum_with_binary64_envelope
S1,leave_environment_F,dct,2631,36,True,0.20278924638499377,mp100_final_sum_with_binary64_envelope
S1,leave_environment_F,dct,2632,36,True,0.36345939808060235,mp100_final_sum_with_binary64_envelope
S1,leave_environment_F,dct,2634,36,True,0.030000108566224662,mp100_final_sum_with_binary64_envelope
S1,leave_environment_F,dct,2637,36,True,0.41560185249162723,mp100_final_sum_with_binary64_envelope
S1,leave_environment_F,dct,2639,36,True,0.1705097938067048,mp100_final_sum_with_binary64_envelope
S1,leave_environment_F,dft,2405,31,True,0.0924108255149024,mp100_final_sum_with_binary64_envelope
S1,leave_environment_F,dft,2409,31,True,0.0052704214066847405,mp100_final_sum_with_binary64_envelope
S1,leave_environment_F,dft,2410,31,True,0.06588967913400079,mp100_final_sum_with_binary64_envelope
S1,leave_environment_F,dft,2424,31,True,0.06604935556563386,mp100_final_sum_with_binary64_envelope
S1,leave_environment_F,dft,2429,31,True,0.07283307656059083,mp100_final_sum_with_binary64_envelope
S1,leave_environment_F,dft,2432,31,True,0.31337898389917457,mp100_final_sum_with_binary64_envelope
S1,leave_environment_F,dft,2433,31,True,0.09487953626298759,mp100_final_sum_with_binary64_envelope
S1,leave_environment_F,polynomial,2400,31,True,0.9657035911327154,mp100_final_sum_with_binary64_envelope
S1,leave_environment_F,polynomial,2401,31,True,0.7728889663766486,mp100_final_sum_with_binary64_envelope
S1,leave_environment_F,polynomial,2402,31,True,0.2697827884745002,mp100_final_sum_with_binary64_envelope
S1,leave_environment_F,polynomial,2403,38,True,0.15875694155373235,mp100_final_sum_with_binary64_envelope
S1,leave_environment_F,polynomial,2404,31,True,0.10360336537670044,mp100_final_sum_with_binary64_envelope
S1,leave_environment_F,polynomial,2405,31,True,0.31834110451493475,mp100_final_sum_with_binary64_envelope
S1,leave_environment_F,polynomial,2406,31,True,0.261207026715352,mp100_final_sum_with_binary64_envelope
S1,leave_environment_F,polynomial,2407,31,True,0.2419904406392645,mp100_final_sum_with_binary64_envelope
S1,leave_environment_F,polynomial,2408,31,True,1.1505396825896193,mp100_final_sum_with_binary64_envelope
S1,leave_environment_F,polynomial,2409,31,True,0.7333692448810113,mp100_final_sum_with_binary64_envelope
S1,leave_environment_F,polynomial,2410,31,True,0.003999402348097108,mp100_final_sum_with_binary64_envelope
S1,leave_environment_F,polynomial,2412,31,True,0.814721534804094,mp100_final_sum_with_binary64_envelope
S1,leave_environment_F,polynomial,2413,31,True,0.7834298126301735,mp100_final_sum_with_binary64_envelope
S1,leave_environment_F,polynomial,2414,31,True,0.2616428334595775,mp100_final_sum_with_binary64_envelope
S1,leave_environment_F,polynomial,2415,31,True,0.6919391748577736,mp100_final_sum_with_binary64_envelope
S1,leave_environment_F,polynomial,2417,31,True,0.42455517801525217,mp100_final_sum_with_binary64_envelope
S1,leave_environment_F,polynomial,2418,31,True,0.3339903371219889,mp100_final_sum_with_binary64_envelope
S1,leave_environment_F,polynomial,2419,31,True,0.5055597335329022,mp100_final_sum_with_binary64_envelope
S1,leave_environment_F,polynomial,2420,31,True,0.2311442726807946,mp100_final_sum_with_binary64_envelope
S1,leave_environment_F,polynomial,2421,31,True,1.0501063475191343,mp100_final_sum_with_binary64_envelope
S1,leave_environment_F,polynomial,2422,31,True,0.47935234417646927,mp100_final_sum_with_binary64_envelope
S1,leave_environment_F,polynomial,2423,31,True,0.31714203709245503,mp100_final_sum_with_binary64_envelope
S1,leave_environment_F,polynomial,2424,31,True,0.3645288996867936,mp100_final_sum_with_binary64_envelope
S1,leave_environment_F,polynomial,2425,31,True,0.3249235731774995,mp100_final_sum_with_binary64_envelope
S1,leave_environment_F,polynomial,2426,31,True,0.6190586914817856,mp100_final_sum_with_binary64_envelope
S1,leave_environment_F,polynomial,2427,31,True,0.8583901252227734,mp100_final_sum_with_binary64_envelope
S1,leave_environment_F,polynomial,2428,31,True,0.4617235748837257,mp100_final_sum_with_binary64_envelope
S1,leave_environment_F,polynomial,2429,31,True,0.5629572347116595,mp100_final_sum_with_binary64_envelope
S1,leave_environment_F,polynomial,2430,31,True,0.14984963872538684,mp100_final_sum_with_binary64_envelope
S1,leave_environment_F,polynomial,2431,31,True,0.7333876671067353,mp100_final_sum_with_binary64_envelope
S1,leave_environment_F,polynomial,2432,31,True,0.5871491092031867,mp100_final_sum_with_binary64_envelope
S1,leave_environment_F,polynomial,2433,31,True,1.1110893272178675,mp100_final_sum_with_binary64_envelope
S1,leave_environment_F,polynomial,2434,31,True,0.1397346880635569,mp100_final_sum_with_binary64_envelope
S1,leave_environment_F,polynomial,2435,31,True,0.6439668683011335,mp100_final_sum_with_binary64_envelope
S1,leave_environment_F,polynomial,2436,31,True,1.0973276696500243,mp100_final_sum_with_binary64_envelope
S1,leave_environment_F,polynomial,2437,31,True,0.5275161999026149,mp100_final_sum_with_binary64_envelope
S1,leave_environment_F,polynomial,2438,31,True,0.9941518231943863,mp100_final_sum_with_binary64_envelope
S1,leave_environment_F,polynomial,2439,31,True,0.015460406119490795,mp100_final_sum_with_binary64_envelope
S1,leave_environment_F,polynomial,2440,32,True,0.7768105578818755,mp100_final_sum_with_binary64_envelope
S1,leave_environment_F,polynomial,2441,32,True,0.635474605099536,mp100_final_sum_with_binary64_envelope
S1,leave_environment_F,polynomial,2442,32,True,0.00400270331874049,mp100_final_sum_with_binary64_envelope
S1,leave_environment_F,polynomial,2443,35,True,0.07013359642295967,mp100_final_sum_with_binary64_envelope
S1,leave_environment_F,polynomial,2444,32,True,0.0769235714960998,mp100_final_sum_with_binary64_envelope
S1,leave_environment_F,polynomial,2446,32,True,0.34304436679061207,mp100_final_sum_with_binary64_envelope
S1,leave_environment_F,polynomial,2447,35,True,0.15266410625755075,mp100_final_sum_with_binary64_envelope
S1,leave_environment_F,polynomial,2448,32,True,0.1999905446621328,mp100_final_sum_with_binary64_envelope
S1,leave_environment_F,polynomial,2449,32,True,0.7014796119134729,mp100_final_sum_with_binary64_envelope
S1,leave_environment_F,polynomial,2450,32,True,0.13316188112728636,mp100_final_sum_with_binary64_envelope
S1,leave_environment_F,polynomial,2451,32,True,0.6681223308195932,mp100_final_sum_with_binary64_envelope
S1,leave_environment_F,polynomial,2453,32,True,0.17049785465785694,mp100_final_sum_with_binary64_envelope
S1,leave_environment_F,polynomial,2454,32,True,0.7205539249974645,mp100_final_sum_with_binary64_envelope
S1,leave_environment_F,polynomial,2455,32,True,0.8009337277282544,mp100_final_sum_with_binary64_envelope
S1,leave_environment_F,polynomial,2456,34,True,0.06323059573860619,mp100_final_sum_with_binary64_envelope
S1,leave_environment_F,polynomial,2457,32,True,0.23656780374796865,mp100_final_sum_with_binary64_envelope
S1,leave_environment_F,polynomial,2458,32,True,0.18244215856449061,mp100_final_sum_with_binary64_envelope
S1,leave_environment_F,polynomial,2459,40,True,0.04041769498622214,mp100_final_sum_with_binary64_envelope
S1,leave_environment_F,polynomial,2460,32,True,0.9622004468281331,mp100_final_sum_with_binary64_envelope
S1,leave_environment_F,polynomial,2461,35,True,0.2791738209969385,mp100_final_sum_with_binary64_envelope
S1,leave_environment_F,polynomial,2462,32,True,0.25593360087915246,mp100_final_sum_with_binary64_envelope
S1,leave_environment_F,polynomial,2463,32,True,0.2877821129728007,mp100_final_sum_with_binary64_envelope
S1,leave_environment_F,polynomial,2464,32,True,0.10583334546471075,mp100_final_sum_with_binary64_envelope
S1,leave_environment_F,polynomial,2465,32,True,0.9517220090172096,mp100_final_sum_with_binary64_envelope
S1,leave_environment_F,polynomial,2466,32,True,0.08440394551983144,mp100_final_sum_with_binary64_envelope
S1,leave_environment_F,polynomial,2467,32,True,0.15715420768130517,mp100_final_sum_with_binary64_envelope
S1,leave_environment_F,polynomial,2469,32,True,0.21042630349704095,mp100_final_sum_with_binary64_envelope
S1,leave_environment_F,polynomial,2470,32,True,0.45660060342986913,mp100_final_sum_with_binary64_envelope
S1,leave_environment_F,polynomial,2471,32,True,0.4991907711447777,mp100_final_sum_with_binary64_envelope
S1,leave_environment_F,polynomial,2473,32,True,0.8208194072416385,mp100_final_sum_with_binary64_envelope
S1,leave_environment_F,polynomial,2474,35,True,0.09340839983513415,mp100_final_sum_with_binary64_envelope
S1,leave_environment_F,polynomial,2475,32,True,0.343493887581496,mp100_final_sum_with_binary64_envelope
S1,leave_environment_F,polynomial,2476,32,True,0.7610836661517028,mp100_final_sum_with_binary64_envelope
S1,leave_environment_F,polynomial,2477,32,True,0.3934052395475847,mp100_final_sum_with_binary64_envelope
S1,leave_environment_F,polynomial,2478,32,True,0.48773801540834194,mp100_final_sum_with_binary64_envelope
S1,leave_environment_F,polynomial,2479,32,True,0.8141075851267072,mp100_final_sum_with_binary64_envelope
S1,leave_environment_F,polynomial,2480,33,True,0.7221307488293817,mp100_final_sum_with_binary64_envelope
S1,leave_environment_F,polynomial,2481,33,True,0.29863767653286927,mp100_final_sum_with_binary64_envelope
S1,leave_environment_F,polynomial,2482,33,True,0.29246625650440095,mp100_final_sum_with_binary64_envelope
S1,leave_environment_F,polynomial,2483,33,True,0.4713737535323369,mp100_final_sum_with_binary64_envelope
S1,leave_environment_F,polynomial,2484,33,True,0.37734339714253745,mp100_final_sum_with_binary64_envelope
S1,leave_environment_F,polynomial,2485,33,True,0.5487078055675492,mp100_final_sum_with_binary64_envelope
S1,leave_environment_F,polynomial,2487,33,True,0.6271701447070804,mp100_final_sum_with_binary64_envelope
S1,leave_environment_F,polynomial,2488,33,True,0.22120598004525743,mp100_final_sum_with_binary64_envelope
S1,leave_environment_F,polynomial,2489,33,True,0.47191098840439677,mp100_final_sum_with_binary64_envelope
S1,leave_environment_F,polynomial,2490,33,True,0.0907180845674768,mp100_final_sum_with_binary64_envelope
S1,leave_environment_F,polynomial,2492,33,True,0.22091853159778221,mp100_final_sum_with_binary64_envelope
S1,leave_environment_F,polynomial,2493,33,True,0.46782748626860016,mp100_final_sum_with_binary64_envelope
S1,leave_environment_F,polynomial,2494,33,True,0.5022346752492057,mp100_final_sum_with_binary64_envelope
S1,leave_environment_F,polynomial,2495,33,True,0.3234460726478948,mp100_final_sum_with_binary64_envelope
S1,leave_environment_F,polynomial,2496,33,True,0.3331794950002336,mp100_final_sum_with_binary64_envelope
S1,leave_environment_F,polynomial,2497,33,True,0.3801428623932402,mp100_final_sum_with_binary64_envelope
S1,leave_environment_F,polynomial,2498,33,True,1.0031767788231813,mp100_final_sum_with_binary64_envelope
S1,leave_environment_F,polynomial,2499,33,True,0.21078997948877562,mp100_final_sum_with_binary64_envelope
S1,leave_environment_F,polynomial,2501,33,True,0.5127241579995749,mp100_final_sum_with_binary64_envelope
S1,leave_environment_F,polynomial,2502,33,True,0.0705544756357263,mp100_final_sum_with_binary64_envelope
S1,leave_environment_F,polynomial,2504,33,True,0.6733460563148392,mp100_final_sum_with_binary64_envelope
S1,leave_environment_F,polynomial,2505,33,True,0.20383991430737217,mp100_final_sum_with_binary64_envelope
S1,leave_environment_F,polynomial,2506,33,True,0.24002745186486524,mp100_final_sum_with_binary64_envelope
S1,leave_environment_F,polynomial,2508,33,True,0.11588768663452298,mp100_final_sum_with_binary64_envelope
S1,leave_environment_F,polynomial,2510,33,True,0.2821393447387746,mp100_final_sum_with_binary64_envelope
S1,leave_environment_F,polynomial,2512,33,True,0.25092222850565804,mp100_final_sum_with_binary64_envelope
S1,leave_environment_F,polynomial,2513,33,True,0.13767976503765134,mp100_final_sum_with_binary64_envelope
S1,leave_environment_F,polynomial,2514,33,True,0.31185438864810566,mp100_final_sum_with_binary64_envelope
S1,leave_environment_F,polynomial,2515,33,True,0.29545704188469546,mp100_final_sum_with_binary64_envelope
S1,leave_environment_F,polynomial,2516,33,True,0.6088844530149049,mp100_final_sum_with_binary64_envelope
S1,leave_environment_F,polynomial,2517,36,True,0.12771070437567072,mp100_final_sum_with_binary64_envelope
S1,leave_environment_F,polynomial,2518,33,True,0.20435978217016318,mp100_final_sum_with_binary64_envelope
S1,leave_environment_F,polynomial,2519,33,True,0.7518344069369569,mp100_final_sum_with_binary64_envelope
S1,leave_environment_F,polynomial,2520,34,True,0.0924540738530958,mp100_final_sum_with_binary64_envelope
S1,leave_environment_F,polynomial,2521,34,True,0.2280159375030781,mp100_final_sum_with_binary64_envelope
S1,leave_environment_F,polynomial,2522,34,True,0.48693644630520694,mp100_final_sum_with_binary64_envelope
S1,leave_environment_F,polynomial,2523,34,True,0.29009732483276124,mp100_final_sum_with_binary64_envelope
S1,leave_environment_F,polynomial,2524,34,True,0.11369361261522969,mp100_final_sum_with_binary64_envelope
S1,leave_environment_F,polynomial,2525,34,True,0.6766837808361902,mp100_final_sum_with_binary64_envelope
S1,leave_environment_F,polynomial,2526,34,True,0.10158589025257317,mp100_final_sum_with_binary64_envelope
S1,leave_environment_F,polynomial,2527,34,True,0.08102253583181941,mp100_final_sum_with_binary64_envelope
S1,leave_environment_F,polynomial,2528,36,True,0.03906522070102461,mp100_final_sum_with_binary64_envelope
S1,leave_environment_F,polynomial,2529,34,True,0.3831803349935767,mp100_final_sum_with_binary64_envelope
S1,leave_environment_F,polynomial,2530,34,True,0.6048487147829341,mp100_final_sum_with_binary64_envelope
S1,leave_environment_F,polynomial,2531,34,True,0.2871871281116565,mp100_final_sum_with_binary64_envelope
S1,leave_environment_F,polynomial,2532,34,True,0.5754401392783552,mp100_final_sum_with_binary64_envelope
S1,leave_environment_F,polynomial,2534,34,True,0.022021300892112086,mp100_final_sum_with_binary64_envelope
S1,leave_environment_F,polynomial,2535,34,True,0.21271527604576737,mp100_final_sum_with_binary64_envelope
S1,leave_environment_F,polynomial,2537,34,True,0.47104806921078396,mp100_final_sum_with_binary64_envelope
S1,leave_environment_F,polynomial,2539,36,True,0.279986161362937,mp100_final_sum_with_binary64_envelope
S1,leave_environment_F,polynomial,2540,36,True,0.2779414042205299,mp100_final_sum_with_binary64_envelope
S1,leave_environment_F,polynomial,2541,34,True,0.3386114635730225,mp100_final_sum_with_binary64_envelope
S1,leave_environment_F,polynomial,2543,34,True,0.5022629499913519,mp100_final_sum_with_binary64_envelope
S1,leave_environment_F,polynomial,2544,34,True,0.3029527895582779,mp100_final_sum_with_binary64_envelope
S1,leave_environment_F,polynomial,2545,34,True,0.20818301713426823,mp100_final_sum_with_binary64_envelope
S1,leave_environment_F,polynomial,2546,34,True,0.03794390580920938,mp100_final_sum_with_binary64_envelope
S1,leave_environment_F,polynomial,2547,34,True,0.4303831106939871,mp100_final_sum_with_binary64_envelope
S1,leave_environment_F,polynomial,2548,34,True,0.010786529631738984,mp100_final_sum_with_binary64_envelope
S1,leave_environment_F,polynomial,2549,34,True,0.43932437628350285,mp100_final_sum_with_binary64_envelope
S1,leave_environment_F,polynomial,2551,34,True,0.22777800440136767,mp100_final_sum_with_binary64_envelope
S1,leave_environment_F,polynomial,2552,34,True,0.033673872899675154,mp100_final_sum_with_binary64_envelope
S1,leave_environment_F,polynomial,2553,34,True,0.025179638582838143,mp100_final_sum_with_binary64_envelope
S1,leave_environment_F,polynomial,2555,34,True,0.19597111932450836,mp100_final_sum_with_binary64_envelope
S1,leave_environment_F,polynomial,2556,36,True,0.2727510832332433,mp100_final_sum_with_binary64_envelope
S1,leave_environment_F,polynomial,2557,34,True,0.1888496118346442,mp100_final_sum_with_binary64_envelope
S1,leave_environment_F,polynomial,2560,35,True,0.7090899018299291,mp100_final_sum_with_binary64_envelope
S1,leave_environment_F,polynomial,2561,35,True,0.4300625499103659,mp100_final_sum_with_binary64_envelope
S1,leave_environment_F,polynomial,2562,35,True,0.2922806970451065,mp100_final_sum_with_binary64_envelope
S1,leave_environment_F,polynomial,2563,35,True,0.6683469087277116,mp100_final_sum_with_binary64_envelope
S1,leave_environment_F,polynomial,2564,40,True,0.060164099420500605,mp100_final_sum_with_binary64_envelope
S1,leave_environment_F,polynomial,2565,35,True,0.14755393323129096,mp100_final_sum_with_binary64_envelope
S1,leave_environment_F,polynomial,2567,35,True,0.6001380412625701,mp100_final_sum_with_binary64_envelope
S1,leave_environment_F,polynomial,2568,35,True,0.7121346559111484,mp100_final_sum_with_binary64_envelope
S1,leave_environment_F,polynomial,2569,35,True,0.1399299121716658,mp100_final_sum_with_binary64_envelope
S1,leave_environment_F,polynomial,2570,35,True,0.12638036240504025,mp100_final_sum_with_binary64_envelope
S1,leave_environment_F,polynomial,2571,35,True,0.6387785948137797,mp100_final_sum_with_binary64_envelope
S1,leave_environment_F,polynomial,2572,35,True,0.22624240890471625,mp100_final_sum_with_binary64_envelope
S1,leave_environment_F,polynomial,2573,35,True,0.12228638325522403,mp100_final_sum_with_binary64_envelope
S1,leave_environment_F,polynomial,2574,35,True,0.39905121924473697,mp100_final_sum_with_binary64_envelope
S1,leave_environment_F,polynomial,2575,35,True,0.4263930196898229,mp100_final_sum_with_binary64_envelope
S1,leave_environment_F,polynomial,2576,35,True,0.09035007908627685,mp100_final_sum_with_binary64_envelope
S1,leave_environment_F,polynomial,2577,35,True,0.5335000320375257,mp100_final_sum_with_binary64_envelope
S1,leave_environment_F,polynomial,2578,35,True,0.4931888840498169,mp100_final_sum_with_binary64_envelope
S1,leave_environment_F,polynomial,2579,35,True,0.6972691898539393,mp100_final_sum_with_binary64_envelope
S1,leave_environment_F,polynomial,2580,35,True,0.499508893551743,mp100_final_sum_with_binary64_envelope
S1,leave_environment_F,polynomial,2581,35,True,0.5036731717200439,mp100_final_sum_with_binary64_envelope
S1,leave_environment_F,polynomial,2582,35,True,0.37620781203895937,mp100_final_sum_with_binary64_envelope
S1,leave_environment_F,polynomial,2583,35,True,0.47138866839202376,mp100_final_sum_with_binary64_envelope
S1,leave_environment_F,polynomial,2584,35,True,0.7477918533328822,mp100_final_sum_with_binary64_envelope
S1,leave_environment_F,polynomial,2585,35,True,0.41928227539106344,mp100_final_sum_with_binary64_envelope
S1,leave_environment_F,polynomial,2586,35,True,0.15224044254567595,mp100_final_sum_with_binary64_envelope
S1,leave_environment_F,polynomial,2587,35,True,0.3237504252555362,mp100_final_sum_with_binary64_envelope
S1,leave_environment_F,polynomial,2588,35,True,0.6113166311575325,mp100_final_sum_with_binary64_envelope
S1,leave_environment_F,polynomial,2589,35,True,0.4248948030337987,mp100_final_sum_with_binary64_envelope
S1,leave_environment_F,polynomial,2590,35,True,0.5089222881967171,mp100_final_sum_with_binary64_envelope
S1,leave_environment_F,polynomial,2591,35,True,0.747167814128687,mp100_final_sum_with_binary64_envelope
S1,leave_environment_F,polynomial,2592,35,True,0.3096696878525905,mp100_final_sum_with_binary64_envelope
S1,leave_environment_F,polynomial,2593,35,True,0.15684542082771893,mp100_final_sum_with_binary64_envelope
S1,leave_environment_F,polynomial,2594,35,True,0.6859627357074407,mp100_final_sum_with_binary64_envelope
S1,leave_environment_F,polynomial,2595,35,True,0.23765846640290667,mp100_final_sum_with_binary64_envelope
S1,leave_environment_F,polynomial,2596,35,True,0.24105081393355007,mp100_final_sum_with_binary64_envelope
S1,leave_environment_F,polynomial,2597,35,True,0.2688348714246302,mp100_final_sum_with_binary64_envelope
S1,leave_environment_F,polynomial,2598,35,True,0.4246718152695651,mp100_final_sum_with_binary64_envelope
S1,leave_environment_F,polynomial,2599,35,True,0.8901201184801968,mp100_final_sum_with_binary64_envelope
S1,leave_environment_F,polynomial,2600,36,True,0.6048822088422808,mp100_final_sum_with_binary64_envelope
S1,leave_environment_F,polynomial,2602,36,True,0.20702588375941414,mp100_final_sum_with_binary64_envelope
S1,leave_environment_F,polynomial,2603,36,True,0.23791995203544045,mp100_final_sum_with_binary64_envelope
S1,leave_environment_F,polynomial,2605,36,True,0.04815700348804072,mp100_final_sum_with_binary64_envelope
S1,leave_environment_F,polynomial,2606,36,True,0.6812859464870777,mp100_final_sum_with_binary64_envelope
S1,leave_environment_F,polynomial,2607,36,True,0.30277370011047094,mp100_final_sum_with_binary64_envelope
S1,leave_environment_F,polynomial,2608,33,True,0.003226328867608895,mp100_final_sum_with_binary64_envelope
S1,leave_environment_F,polynomial,2610,33,True,0.08535551580453486,mp100_final_sum_with_binary64_envelope
S1,leave_environment_F,polynomial,2611,36,True,0.4608910828878761,mp100_final_sum_with_binary64_envelope
S1,leave_environment_F,polynomial,2613,36,True,0.2679437834513542,mp100_final_sum_with_binary64_envelope
S1,leave_environment_F,polynomial,2616,36,True,0.5846313925972876,mp100_final_sum_with_binary64_envelope
S1,leave_environment_F,polynomial,2617,36,True,1.0245290557214597,mp100_final_sum_with_binary64_envelope
S1,leave_environment_F,polynomial,2618,36,True,0.15390732026638834,mp100_final_sum_with_binary64_envelope
S1,leave_environment_F,polynomial,2619,36,True,0.07179841110538597,mp100_final_sum_with_binary64_envelope
S1,leave_environment_F,polynomial,2620,36,True,0.2244245845102523,mp100_final_sum_with_binary64_envelope
S1,leave_environment_F,polynomial,2621,36,True,0.23388882594187335,mp100_final_sum_with_binary64_envelope
S1,leave_environment_F,polynomial,2622,36,True,0.502328135064055,mp100_final_sum_with_binary64_envelope
S1,leave_environment_F,polynomial,2623,36,True,0.5636368769453016,mp100_final_sum_with_binary64_envelope
S1,leave_environment_F,polynomial,2624,39,True,0.1434584610069025,mp100_final_sum_with_binary64_envelope
S1,leave_environment_F,polynomial,2625,36,True,0.10567888513466725,mp100_final_sum_with_binary64_envelope
S1,leave_environment_F,polynomial,2627,36,True,0.37940789653493645,mp100_final_sum_with_binary64_envelope
S1,leave_environment_F,polynomial,2628,33,True,0.22272080664179622,mp100_final_sum_with_binary64_envelope
S1,leave_environment_F,polynomial,2629,36,True,0.21954914293015862,mp100_final_sum_with_binary64_envelope
S1,leave_environment_F,polynomial,2630,36,True,0.13342072076712042,mp100_final_sum_with_binary64_envelope
S1,leave_environment_F,polynomial,2631,36,True,0.061603258895740906,mp100_final_sum_with_binary64_envelope
S1,leave_environment_F,polynomial,2632,36,True,0.5010774078288867,mp100_final_sum_with_binary64_envelope
S1,leave_environment_F,polynomial,2633,36,True,0.5958004402561207,mp100_final_sum_with_binary64_envelope
S1,leave_environment_F,polynomial,2634,36,True,0.1629050279974574,mp100_final_sum_with_binary64_envelope
S1,leave_environment_F,polynomial,2635,31,True,0.028883229324126996,mp100_final_sum_with_binary64_envelope
S1,leave_environment_F,polynomial,2636,36,True,0.08637201334347874,mp100_final_sum_with_binary64_envelope
S1,leave_environment_F,polynomial,2637,36,True,0.7122420527336624,mp100_final_sum_with_binary64_envelope
S1,leave_environment_F,polynomial,2639,36,True,0.5789858149532994,mp100_final_sum_with_binary64_envelope
S1,leave_environment_F,polynomial,2640,37,True,0.24745237735155437,mp100_final_sum_with_binary64_envelope
S1,leave_environment_F,polynomial,2641,37,True,0.5128565781673756,mp100_final_sum_with_binary64_envelope
S1,leave_environment_F,polynomial,2642,37,True,0.07416721119225406,mp100_final_sum_with_binary64_envelope
S1,leave_environment_F,polynomial,2644,31,True,0.2851406740442433,mp100_final_sum_with_binary64_envelope
S1,leave_environment_F,polynomial,2645,37,True,0.03177466244974667,mp100_final_sum_with_binary64_envelope
S1,leave_environment_F,polynomial,2646,37,True,0.35228402194489133,mp100_final_sum_with_binary64_envelope
S1,leave_environment_F,polynomial,2647,37,True,0.2224503562172685,mp100_final_sum_with_binary64_envelope
S1,leave_environment_F,polynomial,2652,37,True,0.30047718974017823,mp100_final_sum_with_binary64_envelope
S1,leave_environment_F,polynomial,2654,37,True,0.36487977192544485,mp100_final_sum_with_binary64_envelope
S1,leave_environment_F,polynomial,2655,37,True,0.19753784514132458,mp100_final_sum_with_binary64_envelope
S1,leave_environment_F,polynomial,2656,37,True,0.06325271031518627,mp100_final_sum_with_binary64_envelope
S1,leave_environment_F,polynomial,2657,37,True,0.1394378410082821,mp100_final_sum_with_binary64_envelope
S1,leave_environment_F,polynomial,2658,31,True,0.05756722374250858,mp100_final_sum_with_binary64_envelope
S1,leave_environment_F,polynomial,2659,37,True,0.08453049685733169,mp100_final_sum_with_binary64_envelope
S1,leave_environment_F,polynomial,2660,37,True,0.746318036870608,mp100_final_sum_with_binary64_envelope
S1,leave_environment_F,polynomial,2661,31,True,0.17293149855100204,mp100_final_sum_with_binary64_envelope
S1,leave_environment_F,polynomial,2662,37,True,0.23386861793942176,mp100_final_sum_with_binary64_envelope
S1,leave_environment_F,polynomial,2663,37,True,0.5326971125480382,mp100_final_sum_with_binary64_envelope
S1,leave_environment_F,polynomial,2664,37,True,0.25514098557283604,mp100_final_sum_with_binary64_envelope
S1,leave_environment_F,polynomial,2665,37,True,0.11708822350765864,mp100_final_sum_with_binary64_envelope
S1,leave_environment_F,polynomial,2668,37,True,0.2734425756304094,mp100_final_sum_with_binary64_envelope
S1,leave_environment_F,polynomial,2669,37,True,0.2797165241728352,mp100_final_sum_with_binary64_envelope
S1,leave_environment_F,polynomial,2671,37,True,0.1344835871392018,mp100_final_sum_with_binary64_envelope
S1,leave_environment_F,polynomial,2674,37,True,0.09367930336275675,mp100_final_sum_with_binary64_envelope
S1,leave_environment_F,polynomial,2675,37,True,0.22573497616319624,mp100_final_sum_with_binary64_envelope
S1,leave_environment_F,polynomial,2676,37,True,0.0013497259043085662,mp100_final_sum_with_binary64_envelope
S1,leave_environment_F,polynomial,2678,37,True,0.17609733633396743,mp100_final_sum_with_binary64_envelope
S1,leave_environment_F,polynomial,2679,37,True,0.23388916262177048,mp100_final_sum_with_binary64_envelope
S1,leave_environment_F,polynomial,2680,38,True,0.6838680503819385,mp100_final_sum_with_binary64_envelope
S1,leave_environment_F,polynomial,2681,38,True,0.6231739054230643,mp100_final_sum_with_binary64_envelope
S1,leave_environment_F,polynomial,2682,38,True,0.7332551677135614,mp100_final_sum_with_binary64_envelope
S1,leave_environment_F,polynomial,2683,38,True,0.7781441262065906,mp100_final_sum_with_binary64_envelope
S1,leave_environment_F,polynomial,2684,38,True,0.8081746650974578,mp100_final_sum_with_binary64_envelope
S1,leave_environment_F,polynomial,2685,38,True,1.252670583118838,mp100_final_sum_with_binary64_envelope
S1,leave_environment_F,polynomial,2686,38,True,0.7906140382495512,mp100_final_sum_with_binary64_envelope
S1,leave_environment_F,polynomial,2687,38,True,0.9726309589980513,mp100_final_sum_with_binary64_envelope
S1,leave_environment_F,polynomial,2688,38,True,1.238420050252627,mp100_final_sum_with_binary64_envelope
S1,leave_environment_F,polynomial,2689,38,True,1.0693821686191574,mp100_final_sum_with_binary64_envelope
S1,leave_environment_F,polynomial,2690,38,True,0.8329873220117285,mp100_final_sum_with_binary64_envelope
S1,leave_environment_F,polynomial,2691,38,True,0.6598766100777879,mp100_final_sum_with_binary64_envelope
S1,leave_environment_F,polynomial,2692,38,True,1.005274068706859,mp100_final_sum_with_binary64_envelope
S1,leave_environment_F,polynomial,2693,38,True,1.107161228059479,mp100_final_sum_with_binary64_envelope
S1,leave_environment_F,polynomial,2694,38,True,1.4851070116408578,mp100_final_sum_with_binary64_envelope
S1,leave_environment_F,polynomial,2695,38,True,0.5656105140072005,mp100_final_sum_with_binary64_envelope
S1,leave_environment_F,polynomial,2696,38,True,0.7585534470160498,mp100_final_sum_with_binary64_envelope
S1,leave_environment_F,polynomial,2697,38,True,0.4134816729731297,mp100_final_sum_with_binary64_envelope
S1,leave_environment_F,polynomial,2698,38,True,0.5319949321272308,mp100_final_sum_with_binary64_envelope
S1,leave_environment_F,polynomial,2699,38,True,0.9391841086195906,mp100_final_sum_with_binary64_envelope
S1,leave_environment_F,polynomial,2700,38,True,0.5560610441843676,mp100_final_sum_with_binary64_envelope
S1,leave_environment_F,polynomial,2701,38,True,1.0024424280581123,mp100_final_sum_with_binary64_envelope
S1,leave_environment_F,polynomial,2702,38,True,0.6020841419367212,mp100_final_sum_with_binary64_envelope
S1,leave_environment_F,polynomial,2703,38,True,1.0911767938911936,mp100_final_sum_with_binary64_envelope
S1,leave_environment_F,polynomial,2704,38,True,0.24585267684686016,mp100_final_sum_with_binary64_envelope
S1,leave_environment_F,polynomial,2705,38,True,0.7842827418831172,mp100_final_sum_with_binary64_envelope
S1,leave_environment_F,polynomial,2706,38,True,0.9853687715538765,mp100_final_sum_with_binary64_envelope
S1,leave_environment_F,polynomial,2707,38,True,0.7719180604040382,mp100_final_sum_with_binary64_envelope
S1,leave_environment_F,polynomial,2708,38,True,1.1964228894757154,mp100_final_sum_with_binary64_envelope
S1,leave_environment_F,polynomial,2709,38,True,0.7977624193740886,mp100_final_sum_with_binary64_envelope
S1,leave_environment_F,polynomial,2710,38,True,1.0192910365108252,mp100_final_sum_with_binary64_envelope
S1,leave_environment_F,polynomial,2711,38,True,0.6392618971273704,mp100_final_sum_with_binary64_envelope
S1,leave_environment_F,polynomial,2712,38,True,0.7186679895497162,mp100_final_sum_with_binary64_envelope
S1,leave_environment_F,polynomial,2713,38,True,0.8644159354716205,mp100_final_sum_with_binary64_envelope
S1,leave_environment_F,polynomial,2714,38,True,0.48227875819971233,mp100_final_sum_with_binary64_envelope
S1,leave_environment_F,polynomial,2715,38,True,0.4776559079170789,mp100_final_sum_with_binary64_envelope
S1,leave_environment_F,polynomial,2716,38,True,0.7414740473842375,mp100_final_sum_with_binary64_envelope
S1,leave_environment_F,polynomial,2717,38,True,0.5233266768667263,mp100_final_sum_with_binary64_envelope
S1,leave_environment_F,polynomial,2718,38,True,0.8381034707501348,mp100_final_sum_with_binary64_envelope
S1,leave_environment_F,polynomial,2719,38,True,0.6520328634562849,mp100_final_sum_with_binary64_envelope
S1,leave_environment_F,polynomial,2720,39,True,0.03640265729136418,mp100_final_sum_with_binary64_envelope
S1,leave_environment_F,polynomial,2721,34,True,0.06510310324227275,mp100_final_sum_with_binary64_envelope
S1,leave_environment_F,polynomial,2724,39,True,0.17606274455620252,mp100_final_sum_with_binary64_envelope
S1,leave_environment_F,polynomial,2726,39,True,0.2396515420505399,mp100_final_sum_with_binary64_envelope
S1,leave_environment_F,polynomial,2727,32,True,0.11284872212944615,mp100_final_sum_with_binary64_envelope
S1,leave_environment_F,polynomial,2728,39,True,0.22025031131694986,mp100_final_sum_with_binary64_envelope
S1,leave_environment_F,polynomial,2729,39,True,0.03451712292221994,mp100_final_sum_with_binary64_envelope
S1,leave_environment_F,polynomial,2733,37,True,0.2467718553568034,mp100_final_sum_with_binary64_envelope
S1,leave_environment_F,polynomial,2734,37,True,0.10948747714501549,mp100_final_sum_with_binary64_envelope
S1,leave_environment_F,polynomial,2735,39,True,0.20478597318808675,mp100_final_sum_with_binary64_envelope
S1,leave_environment_F,polynomial,2737,37,True,0.29691239338525977,mp100_final_sum_with_binary64_envelope
S1,leave_environment_F,polynomial,2739,37,True,0.047436521946947814,mp100_final_sum_with_binary64_envelope
S1,leave_environment_F,polynomial,2740,39,True,0.17127051526564438,mp100_final_sum_with_binary64_envelope
S1,leave_environment_F,polynomial,2741,34,True,0.09877884614797472,mp100_final_sum_with_binary64_envelope
S1,leave_environment_F,polynomial,2742,39,True,0.07728413705093694,mp100_final_sum_with_binary64_envelope
S1,leave_environment_F,polynomial,2743,39,True,0.35077711722199156,mp100_final_sum_with_binary64_envelope
S1,leave_environment_F,polynomial,2744,34,True,0.04729827876238641,mp100_final_sum_with_binary64_envelope
S1,leave_environment_F,polynomial,2745,39,True,0.32359950007328486,mp100_final_sum_with_binary64_envelope
S1,leave_environment_F,polynomial,2746,39,True,0.12883897145101766,mp100_final_sum_with_binary64_envelope
S1,leave_environment_F,polynomial,2747,37,True,0.1439002845048669,mp100_final_sum_with_binary64_envelope
S1,leave_environment_F,polynomial,2749,39,True,0.37824407253068254,mp100_final_sum_with_binary64_envelope
S1,leave_environment_F,polynomial,2752,39,True,0.01782712640001051,mp100_final_sum_with_binary64_envelope
S1,leave_environment_F,polynomial,2753,39,True,0.23982703164043176,mp100_final_sum_with_binary64_envelope
S1,leave_environment_F,polynomial,2754,37,True,0.020849382469907914,mp100_final_sum_with_binary64_envelope
S1,leave_environment_F,polynomial,2756,39,True,0.5069434081938383,mp100_final_sum_with_binary64_envelope
S1,leave_environment_F,polynomial,2759,39,True,0.03656979636849176,mp100_final_sum_with_binary64_envelope
S1,leave_environment_F,polynomial,2760,40,True,0.44744046139674803,mp100_final_sum_with_binary64_envelope
S1,leave_environment_F,polynomial,2761,40,True,0.1900137304721649,mp100_final_sum_with_binary64_envelope
S1,leave_environment_F,polynomial,2762,32,True,0.05378273899779229,mp100_final_sum_with_binary64_envelope
S1,leave_environment_F,polynomial,2763,31,True,0.00690391623442439,mp100_final_sum_with_binary64_envelope
S1,leave_environment_F,polynomial,2764,40,True,0.21960321580173636,mp100_final_sum_with_binary64_envelope
S1,leave_environment_F,polynomial,2765,36,True,0.12604958273575154,mp100_final_sum_with_binary64_envelope
S1,leave_environment_F,polynomial,2766,40,True,0.1375729941692211,mp100_final_sum_with_binary64_envelope
S1,leave_environment_F,polynomial,2767,31,True,0.01766720679297659,mp100_final_sum_with_binary64_envelope
S1,leave_environment_F,polynomial,2769,40,True,0.4135389644797632,mp100_final_sum_with_binary64_envelope
S1,leave_environment_F,polynomial,2771,40,True,0.4565145154513043,mp100_final_sum_with_binary64_envelope
S1,leave_environment_F,polynomial,2772,40,True,0.42853165306721325,mp100_final_sum_with_binary64_envelope
S1,leave_environment_F,polynomial,2773,40,True,0.43667769546389584,mp100_final_sum_with_binary64_envelope
S1,leave_environment_F,polynomial,2774,40,True,0.2952513932598044,mp100_final_sum_with_binary64_envelope
S1,leave_environment_F,polynomial,2775,40,True,0.7706835932178986,mp100_final_sum_with_binary64_envelope
S1,leave_environment_F,polynomial,2776,40,True,0.47792406589843134,mp100_final_sum_with_binary64_envelope
S1,leave_environment_F,polynomial,2777,40,True,0.6579532385360383,mp100_final_sum_with_binary64_envelope
S1,leave_environment_F,polynomial,2778,40,True,0.4148245572081099,mp100_final_sum_with_binary64_envelope
S1,leave_environment_F,polynomial,2779,40,True,0.3795917233800163,mp100_final_sum_with_binary64_envelope
S1,leave_environment_F,polynomial,2780,40,True,0.33506605000249123,mp100_final_sum_with_binary64_envelope
S1,leave_environment_F,polynomial,2782,40,True,0.4096602892205546,mp100_final_sum_with_binary64_envelope
S1,leave_environment_F,polynomial,2784,40,True,0.1325410499843309,mp100_final_sum_with_binary64_envelope
S1,leave_environment_F,polynomial,2785,40,True,0.3873401558606967,mp100_final_sum_with_binary64_envelope
S1,leave_environment_F,polynomial,2786,40,True,0.4557555509620443,mp100_final_sum_with_binary64_envelope
S1,leave_environment_F,polynomial,2787,40,True,0.03678014949535725,mp100_final_sum_with_binary64_envelope
S1,leave_environment_F,polynomial,2788,40,True,0.850109935928528,mp100_final_sum_with_binary64_envelope
S1,leave_environment_F,polynomial,2789,40,True,0.4247170987492448,mp100_final_sum_with_binary64_envelope
S1,leave_environment_F,polynomial,2791,40,True,0.23653576151630923,mp100_final_sum_with_binary64_envelope
S1,leave_environment_F,polynomial,2793,40,True,0.7031404355202423,mp100_final_sum_with_binary64_envelope
S1,leave_environment_F,polynomial,2794,40,True,0.8381173471294606,mp100_final_sum_with_binary64_envelope
S1,leave_environment_F,polynomial,2796,40,True,0.5875852137211199,mp100_final_sum_with_binary64_envelope
S1,leave_environment_F,polynomial,2797,40,True,0.8161114945698164,mp100_final_sum_with_binary64_envelope
S1,leave_environment_F,polynomial,2798,31,True,0.09061185446960238,mp100_final_sum_with_binary64_envelope
S1,leave_environment_F,polynomial,2799,40,True,0.486285644121256,mp100_final_sum_with_binary64_envelope
S1,leave_environment_F,random_orthogonal,2408,31,True,0.35673011101710006,mp100_final_sum_with_binary64_envelope
S1,leave_environment_F,random_orthogonal,2421,31,True,0.509544681189164,mp100_final_sum_with_binary64_envelope
S1,leave_environment_F,random_orthogonal,2426,31,True,0.1847208876686744,mp100_final_sum_with_binary64_envelope
S1,leave_environment_F,random_orthogonal,2428,31,True,0.2881757638746041,mp100_final_sum_with_binary64_envelope
S1,leave_environment_F,random_orthogonal,2433,31,True,0.296210252670534,mp100_final_sum_with_binary64_envelope
S1,leave_environment_F,random_orthogonal,2436,31,True,0.35140916902380936,mp100_final_sum_with_binary64_envelope
S1,leave_environment_F,permuted_polynomial,2400,31,True,0.7051085907663361,mp100_final_sum_with_binary64_envelope
S1,leave_environment_F,permuted_polynomial,2401,31,True,0.8841439817343125,mp100_final_sum_with_binary64_envelope
S1,leave_environment_F,permuted_polynomial,2402,31,True,0.0038050105171692074,mp100_final_sum_with_binary64_envelope
S1,leave_environment_F,permuted_polynomial,2405,31,True,0.31614372713059175,mp100_final_sum_with_binary64_envelope
S1,leave_environment_F,permuted_polynomial,2407,31,True,0.2564697838864816,mp100_final_sum_with_binary64_envelope
S1,leave_environment_F,permuted_polynomial,2408,31,True,0.4053844851142649,mp100_final_sum_with_binary64_envelope
S1,leave_environment_F,permuted_polynomial,2409,31,True,0.6765881772545422,mp100_final_sum_with_binary64_envelope
S1,leave_environment_F,permuted_polynomial,2410,31,True,0.07513180406535798,mp100_final_sum_with_binary64_envelope
S1,leave_environment_F,permuted_polynomial,2412,31,True,0.304160236889791,mp100_final_sum_with_binary64_envelope
S1,leave_environment_F,permuted_polynomial,2413,31,True,0.9241000905659345,mp100_final_sum_with_binary64_envelope
S1,leave_environment_F,permuted_polynomial,2414,31,True,0.402393414725323,mp100_final_sum_with_binary64_envelope
S1,leave_environment_F,permuted_polynomial,2415,31,True,0.1795132181178586,mp100_final_sum_with_binary64_envelope
S1,leave_environment_F,permuted_polynomial,2417,31,True,0.11523816669300045,mp100_final_sum_with_binary64_envelope
S1,leave_environment_F,permuted_polynomial,2418,31,True,0.11218919602832465,mp100_final_sum_with_binary64_envelope
S1,leave_environment_F,permuted_polynomial,2420,31,True,0.16926378636069642,mp100_final_sum_with_binary64_envelope
S1,leave_environment_F,permuted_polynomial,2421,31,True,0.35166424325115003,mp100_final_sum_with_binary64_envelope
S1,leave_environment_F,permuted_polynomial,2423,31,True,0.18070759326812852,mp100_final_sum_with_binary64_envelope
S1,leave_environment_F,permuted_polynomial,2424,31,True,0.0066131403763534085,mp100_final_sum_with_binary64_envelope
S1,leave_environment_F,permuted_polynomial,2425,31,True,0.135018283792739,mp100_final_sum_with_binary64_envelope
S1,leave_environment_F,permuted_polynomial,2426,31,True,0.495849365266552,mp100_final_sum_with_binary64_envelope
S1,leave_environment_F,permuted_polynomial,2427,31,True,0.656324624501896,mp100_final_sum_with_binary64_envelope
S1,leave_environment_F,permuted_polynomial,2428,31,True,0.20082767559721623,mp100_final_sum_with_binary64_envelope
S1,leave_environment_F,permuted_polynomial,2430,31,True,0.002060663322028833,mp100_final_sum_with_binary64_envelope
S1,leave_environment_F,permuted_polynomial,2431,31,True,0.2779124728572937,mp100_final_sum_with_binary64_envelope
S1,leave_environment_F,permuted_polynomial,2432,31,True,0.1661036893243994,mp100_final_sum_with_binary64_envelope
S1,leave_environment_F,permuted_polynomial,2433,31,True,0.908160051409536,mp100_final_sum_with_binary64_envelope
S1,leave_environment_F,permuted_polynomial,2434,31,True,0.09863238245851152,mp100_final_sum_with_binary64_envelope
S1,leave_environment_F,permuted_polynomial,2435,31,True,0.24991408428884582,mp100_final_sum_with_binary64_envelope
S1,leave_environment_F,permuted_polynomial,2436,31,True,0.43416695540990197,mp100_final_sum_with_binary64_envelope
S1,leave_environment_F,permuted_polynomial,2437,31,True,0.7311451879784666,mp100_final_sum_with_binary64_envelope
S1,leave_environment_F,permuted_polynomial,2438,31,True,0.7583897744545901,mp100_final_sum_with_binary64_envelope
S1,leave_environment_F,permuted_polynomial,2658,31,True,0.03957957609147883,mp100_final_sum_with_binary64_envelope
S1,leave_environment_F_antenna,coordinate,4851,36,True,0.09673302865096527,mp100_final_sum_with_binary64_envelope
S1,leave_environment_F_antenna,coordinate,4853,36,True,0.12551038933788122,mp100_final_sum_with_binary64_envelope
S1,leave_environment_F_antenna,coordinate,4861,36,True,0.2677020661754681,mp100_final_sum_with_binary64_envelope
S1,leave_environment_F_antenna,coordinate,4884,36,True,0.04124710551785053,mp100_final_sum_with_binary64_envelope
S1,leave_environment_F_antenna,coordinate,4903,36,True,0.13416982185470647,mp100_final_sum_with_binary64_envelope
S1,leave_environment_F_antenna,coordinate,4924,36,True,0.05261201343696064,mp100_final_sum_with_binary64_envelope
S1,leave_environment_F_antenna,coordinate,4930,36,True,0.0684609401727172,mp100_final_sum_with_binary64_envelope
S1,leave_environment_F_antenna,coordinate,4934,36,True,0.23913513839388517,mp100_final_sum_with_binary64_envelope
S1,leave_environment_F_antenna,coordinate,4935,36,True,0.033938816770803716,mp100_final_sum_with_binary64_envelope
S1,leave_environment_F_antenna,coordinate,4937,36,True,0.2102881588138642,mp100_final_sum_with_binary64_envelope
S1,leave_environment_F_antenna,coordinate,4942,36,True,0.17831523033548127,mp100_final_sum_with_binary64_envelope
S1,leave_environment_F_antenna,coordinate,4954,36,True,0.2790569996192761,mp100_final_sum_with_binary64_envelope
S1,leave_environment_F_antenna,coordinate,4998,36,True,0.07862889379907788,mp100_final_sum_with_binary64_envelope
S1,leave_environment_F_antenna,coordinate,5000,36,True,0.2946645568061428,mp100_final_sum_with_binary64_envelope
S1,leave_environment_F_antenna,coordinate,5001,36,True,1.0601233171996547,mp100_final_sum_with_binary64_envelope
S1,leave_environment_F_antenna,coordinate,5003,36,True,0.09447990731071423,mp100_final_sum_with_binary64_envelope
S1,leave_environment_F_antenna,coordinate,5011,36,True,0.4759194632204754,mp100_final_sum_with_binary64_envelope
S1,leave_environment_F_antenna,coordinate,5016,36,True,0.09173537462186356,mp100_final_sum_with_binary64_envelope
S1,leave_environment_F_antenna,coordinate,5018,36,True,0.21648770904847753,mp100_final_sum_with_binary64_envelope
S1,leave_environment_F_antenna,coordinate,5021,36,True,0.43936273212679644,mp100_final_sum_with_binary64_envelope
S1,leave_environment_F_antenna,coordinate,5023,36,True,0.002286107524282923,mp100_final_sum_with_binary64_envelope
S1,leave_environment_F_antenna,coordinate,5029,36,True,0.5266595748713352,mp100_final_sum_with_binary64_envelope
S1,leave_environment_F_antenna,coordinate,5030,36,True,0.03321770381118137,mp100_final_sum_with_binary64_envelope
S1,leave_environment_F_antenna,coordinate,5039,36,True,0.11851828583442306,mp100_final_sum_with_binary64_envelope
S1,leave_environment_F_antenna,coordinate,5140,36,True,0.18026839877345927,mp100_final_sum_with_binary64_envelope
S1,leave_environment_F_antenna,coordinate,5167,36,True,0.31603727879969407,mp100_final_sum_with_binary64_envelope
S1,leave_environment_F_antenna,coordinate,5188,36,True,0.30771299060262675,mp100_final_sum_with_binary64_envelope
S1,leave_environment_F_antenna,dct,4954,36,True,0.31925180061168584,mp100_final_sum_with_binary64_envelope
S1,leave_environment_F_antenna,dct,5000,36,True,0.2527341268335255,mp100_final_sum_with_binary64_envelope
S1,leave_environment_F_antenna,dct,5001,36,True,0.6246630816673875,mp100_final_sum_with_binary64_envelope
S1,leave_environment_F_antenna,dct,5010,36,True,0.8611134109942199,mp100_final_sum_with_binary64_envelope
S1,leave_environment_F_antenna,dct,5011,36,True,0.1774568169461966,mp100_final_sum_with_binary64_envelope
S1,leave_environment_F_antenna,dct,5021,36,True,0.28974919821509415,mp100_final_sum_with_binary64_envelope
S1,leave_environment_F_antenna,dct,5029,36,True,0.6797332256129117,mp100_final_sum_with_binary64_envelope
S1,leave_environment_F_antenna,dct,5030,36,True,0.03586821346928624,mp100_final_sum_with_binary64_envelope
S1,leave_environment_F_antenna,dct,5034,36,True,0.035930591469572025,mp100_final_sum_with_binary64_envelope
S1,leave_environment_F_antenna,dct,5039,36,True,0.16773504935255998,mp100_final_sum_with_binary64_envelope
S1,leave_environment_F_antenna,dct,5140,36,True,0.18513081068092146,mp100_final_sum_with_binary64_envelope
S1,leave_environment_F_antenna,dct,5167,36,True,0.14787338325444313,mp100_final_sum_with_binary64_envelope
S1,leave_environment_F_antenna,dct,5188,36,True,0.15188499810902345,mp100_final_sum_with_binary64_envelope
S1,leave_environment_F_antenna,dft,5007,31,True,0.07505121553456663,mp100_final_sum_with_binary64_envelope
S1,leave_environment_F_antenna,dft,5055,36,True,0.7020835692168933,mp100_final_sum_with_binary64_envelope
S1,leave_environment_F_antenna,dft,5180,31,True,0.04563109681459466,mp100_final_sum_with_binary64_envelope
S1,leave_environment_F_antenna,polynomial,4802,31,True,0.3381454205239423,mp100_final_sum_with_binary64_envelope
S1,leave_environment_F_antenna,polynomial,4803,31,True,0.760057473520209,mp100_final_sum_with_binary64_envelope
S1,leave_environment_F_antenna,polynomial,4804,31,True,0.03407186602079615,mp100_final_sum_with_binary64_envelope
S1,leave_environment_F_antenna,polynomial,4805,35,True,0.2728653981990952,mp100_final_sum_with_binary64_envelope
S1,leave_environment_F_antenna,polynomial,4807,31,True,0.049466415983488374,mp100_final_sum_with_binary64_envelope
S1,leave_environment_F_antenna,polynomial,4810,32,True,0.21168145456146112,mp100_final_sum_with_binary64_envelope
S1,leave_environment_F_antenna,polynomial,4811,33,True,0.1474214268607214,mp100_final_sum_with_binary64_envelope
S1,leave_environment_F_antenna,polynomial,4813,31,True,0.04175442845627024,mp100_final_sum_with_binary64_envelope
S1,leave_environment_F_antenna,polynomial,4815,36,True,0.03017570829052521,mp100_final_sum_with_binary64_envelope
S1,leave_environment_F_antenna,polynomial,4817,31,True,0.17955364278421723,mp100_final_sum_with_binary64_envelope
S1,leave_environment_F_antenna,polynomial,4818,35,True,0.11770965211261386,mp100_final_sum_with_binary64_envelope
S1,leave_environment_F_antenna,polynomial,4823,31,True,0.09318561193917205,mp100_final_sum_with_binary64_envelope
S1,leave_environment_F_antenna,polynomial,4825,31,True,0.08636143501663576,mp100_final_sum_with_binary64_envelope
S1,leave_environment_F_antenna,polynomial,4826,31,True,0.014956038684106953,mp100_final_sum_with_binary64_envelope
S1,leave_environment_F_antenna,polynomial,4828,31,True,0.1766713720807112,mp100_final_sum_with_binary64_envelope
S1,leave_environment_F_antenna,polynomial,4830,31,True,0.2973012610666272,mp100_final_sum_with_binary64_envelope
S1,leave_environment_F_antenna,polynomial,4832,31,True,0.4423524405438251,mp100_final_sum_with_binary64_envelope
S1,leave_environment_F_antenna,polynomial,4836,31,True,0.16479924464806167,mp100_final_sum_with_binary64_envelope
S1,leave_environment_F_antenna,polynomial,4837,32,True,0.012736357823051322,mp100_final_sum_with_binary64_envelope
S1,leave_environment_F_antenna,polynomial,4839,31,True,0.03555215703573258,mp100_final_sum_with_binary64_envelope
S1,leave_environment_F_antenna,polynomial,4840,32,True,0.3881303017912756,mp100_final_sum_with_binary64_envelope
S1,leave_environment_F_antenna,polynomial,4841,32,True,0.221871017595202,mp100_final_sum_with_binary64_envelope
S1,leave_environment_F_antenna,polynomial,4842,32,True,0.31900406258874037,mp100_final_sum_with_binary64_envelope
S1,leave_environment_F_antenna,polynomial,4843,32,True,0.29291116027520736,mp100_final_sum_with_binary64_envelope
S1,leave_environment_F_antenna,polynomial,4847,32,True,0.8142615992136281,mp100_final_sum_with_binary64_envelope
S1,leave_environment_F_antenna,polynomial,4848,32,True,0.032368410535144,mp100_final_sum_with_binary64_envelope
S1,leave_environment_F_antenna,polynomial,4851,36,True,0.0564100689701378,mp100_final_sum_with_binary64_envelope
S1,leave_environment_F_antenna,polynomial,4852,35,True,0.08236584366624344,mp100_final_sum_with_binary64_envelope
S1,leave_environment_F_antenna,polynomial,4854,36,True,0.03968319524611527,mp100_final_sum_with_binary64_envelope
S1,leave_environment_F_antenna,polynomial,4855,32,True,0.15103529496224538,mp100_final_sum_with_binary64_envelope
S1,leave_environment_F_antenna,polynomial,4856,32,True,0.6691486822854491,mp100_final_sum_with_binary64_envelope
S1,leave_environment_F_antenna,polynomial,4859,32,True,0.4736308965063542,mp100_final_sum_with_binary64_envelope
S1,leave_environment_F_antenna,polynomial,4860,35,True,0.033946199549727614,mp100_final_sum_with_binary64_envelope
S1,leave_environment_F_antenna,polynomial,4861,36,True,0.08050026595514663,mp100_final_sum_with_binary64_envelope
S1,leave_environment_F_antenna,polynomial,4863,40,True,0.07631337328609199,mp100_final_sum_with_binary64_envelope
S1,leave_environment_F_antenna,polynomial,4864,32,True,0.2843384634978036,mp100_final_sum_with_binary64_envelope
S1,leave_environment_F_antenna,polynomial,4865,36,True,0.20325769904074859,mp100_final_sum_with_binary64_envelope
S1,leave_environment_F_antenna,polynomial,4867,32,True,0.1417392842847286,mp100_final_sum_with_binary64_envelope
S1,leave_environment_F_antenna,polynomial,4868,32,True,0.15010810095311383,mp100_final_sum_with_binary64_envelope
S1,leave_environment_F_antenna,polynomial,4869,40,True,0.23496462039629418,mp100_final_sum_with_binary64_envelope
S1,leave_environment_F_antenna,polynomial,4870,33,True,0.3430517410313933,mp100_final_sum_with_binary64_envelope
S1,leave_environment_F_antenna,polynomial,4872,36,True,0.04677743565135822,mp100_final_sum_with_binary64_envelope
S1,leave_environment_F_antenna,polynomial,4873,34,True,0.07445540196168868,mp100_final_sum_with_binary64_envelope
S1,leave_environment_F_antenna,polynomial,4875,35,True,0.01104930375374537,mp100_final_sum_with_binary64_envelope
S1,leave_environment_F_antenna,polynomial,4877,32,True,0.06803951406392447,mp100_final_sum_with_binary64_envelope
S1,leave_environment_F_antenna,polynomial,4878,32,True,0.2522338536660165,mp100_final_sum_with_binary64_envelope
S1,leave_environment_F_antenna,polynomial,4880,36,True,0.08569071709211654,mp100_final_sum_with_binary64_envelope
S1,leave_environment_F_antenna,polynomial,4881,33,True,0.1260499336181205,mp100_final_sum_with_binary64_envelope
S1,leave_environment_F_antenna,polynomial,4883,36,True,0.07657608112166239,mp100_final_sum_with_binary64_envelope
S1,leave_environment_F_antenna,polynomial,4884,36,True,0.37871245575183254,mp100_final_sum_with_binary64_envelope
S1,leave_environment_F_antenna,polynomial,4886,33,True,0.6169668407581285,mp100_final_sum_with_binary64_envelope
S1,leave_environment_F_antenna,polynomial,4887,33,True,0.22421112449791666,mp100_final_sum_with_binary64_envelope
S1,leave_environment_F_antenna,polynomial,4888,40,True,0.24172467610710174,mp100_final_sum_with_binary64_envelope
S1,leave_environment_F_antenna,polynomial,4891,37,True,0.043316120546030366,mp100_final_sum_with_binary64_envelope
S1,leave_environment_F_antenna,polynomial,4892,33,True,0.22566106695217855,mp100_final_sum_with_binary64_envelope
S1,leave_environment_F_antenna,polynomial,4893,33,True,0.0805583684096614,mp100_final_sum_with_binary64_envelope
S1,leave_environment_F_antenna,polynomial,4894,40,True,0.2907599175601168,mp100_final_sum_with_binary64_envelope
S1,leave_environment_F_antenna,polynomial,4896,33,True,0.8894697132380613,mp100_final_sum_with_binary64_envelope
S1,leave_environment_F_antenna,polynomial,4898,33,True,0.2840857715567155,mp100_final_sum_with_binary64_envelope
S1,leave_environment_F_antenna,polynomial,4901,32,True,0.09734946898649978,mp100_final_sum_with_binary64_envelope
S1,leave_environment_F_antenna,polynomial,4903,36,True,0.20520364622807813,mp100_final_sum_with_binary64_envelope
S1,leave_environment_F_antenna,polynomial,4905,33,True,0.28538223219220477,mp100_final_sum_with_binary64_envelope
S1,leave_environment_F_antenna,polynomial,4906,36,True,0.26353227451966954,mp100_final_sum_with_binary64_envelope
S1,leave_environment_F_antenna,polynomial,4907,33,True,0.31197520958894004,mp100_final_sum_with_binary64_envelope
S1,leave_environment_F_antenna,polynomial,4908,33,True,0.2074772579293898,mp100_final_sum_with_binary64_envelope
S1,leave_environment_F_antenna,polynomial,4909,33,True,0.7632240578241741,mp100_final_sum_with_binary64_envelope
S1,leave_environment_F_antenna,polynomial,4913,36,True,0.1393369596337454,mp100_final_sum_with_binary64_envelope
S1,leave_environment_F_antenna,polynomial,4914,33,True,0.5115810227733737,mp100_final_sum_with_binary64_envelope
S1,leave_environment_F_antenna,polynomial,4924,36,True,0.10909674823181649,mp100_final_sum_with_binary64_envelope
S1,leave_environment_F_antenna,polynomial,4927,34,True,0.31226077008442615,mp100_final_sum_with_binary64_envelope
S1,leave_environment_F_antenna,polynomial,4932,34,True,0.1301891030090461,mp100_final_sum_with_binary64_envelope
S1,leave_environment_F_antenna,polynomial,4934,36,True,0.17137678096448666,mp100_final_sum_with_binary64_envelope
S1,leave_environment_F_antenna,polynomial,4940,34,True,0.009162094420829001,mp100_final_sum_with_binary64_envelope
S1,leave_environment_F_antenna,polynomial,4946,34,True,0.10732808006865177,mp100_final_sum_with_binary64_envelope
S1,leave_environment_F_antenna,polynomial,4947,34,True,0.36433070661368344,mp100_final_sum_with_binary64_envelope
S1,leave_environment_F_antenna,polynomial,4948,34,True,0.1229378517843762,mp100_final_sum_with_binary64_envelope
S1,leave_environment_F_antenna,polynomial,4950,40,True,0.20106234368217116,mp100_final_sum_with_binary64_envelope
S1,leave_environment_F_antenna,polynomial,4953,34,True,0.07125048291053575,mp100_final_sum_with_binary64_envelope
S1,leave_environment_F_antenna,polynomial,4954,36,True,0.420253674707447,mp100_final_sum_with_binary64_envelope
S1,leave_environment_F_antenna,polynomial,4956,34,True,0.1745914447416212,mp100_final_sum_with_binary64_envelope
S1,leave_environment_F_antenna,polynomial,4958,40,True,0.05724714966044819,mp100_final_sum_with_binary64_envelope
S1,leave_environment_F_antenna,polynomial,4961,40,True,0.22744300681646082,mp100_final_sum_with_binary64_envelope
S1,leave_environment_F_antenna,polynomial,4964,35,True,1.0732741487471953,mp100_final_sum_with_binary64_envelope
S1,leave_environment_F_antenna,polynomial,4966,35,True,0.632966537267103,mp100_final_sum_with_binary64_envelope
S1,leave_environment_F_antenna,polynomial,4968,34,True,0.1029178108313829,mp100_final_sum_with_binary64_envelope
S1,leave_environment_F_antenna,polynomial,4970,35,True,0.039539099603756574,mp100_final_sum_with_binary64_envelope
S1,leave_environment_F_antenna,polynomial,4972,37,True,0.3508580249058353,mp100_final_sum_with_binary64_envelope
S1,leave_environment_F_antenna,polynomial,4973,40,True,0.1221581505066228,mp100_final_sum_with_binary64_envelope
S1,leave_environment_F_antenna,polynomial,4975,40,True,0.6390327545159199,mp100_final_sum_with_binary64_envelope
S1,leave_environment_F_antenna,polynomial,4977,40,True,0.0490682398383852,mp100_final_sum_with_binary64_envelope
S1,leave_environment_F_antenna,polynomial,4978,32,True,0.23661756899953124,mp100_final_sum_with_binary64_envelope
S1,leave_environment_F_antenna,polynomial,4979,35,True,0.0734979637214697,mp100_final_sum_with_binary64_envelope
S1,leave_environment_F_antenna,polynomial,4980,35,True,0.6082852104130048,mp100_final_sum_with_binary64_envelope
S1,leave_environment_F_antenna,polynomial,4981,35,True,0.28659244541815165,mp100_final_sum_with_binary64_envelope
S1,leave_environment_F_antenna,polynomial,4982,35,True,0.035363372473139,mp100_final_sum_with_binary64_envelope
S1,leave_environment_F_antenna,polynomial,4987,35,True,0.23718810113757302,mp100_final_sum_with_binary64_envelope
S1,leave_environment_F_antenna,polynomial,4995,35,True,0.512711682618184,mp100_final_sum_with_binary64_envelope
S1,leave_environment_F_antenna,polynomial,4999,40,True,0.48032287523275913,mp100_final_sum_with_binary64_envelope
S1,leave_environment_F_antenna,polynomial,5001,36,True,0.9412738921826527,mp100_final_sum_with_binary64_envelope
S1,leave_environment_F_antenna,polynomial,5005,32,True,0.44331386080622975,mp100_final_sum_with_binary64_envelope
S1,leave_environment_F_antenna,polynomial,5009,36,True,0.07220485844930265,mp100_final_sum_with_binary64_envelope
S1,leave_environment_F_antenna,polynomial,5010,36,True,1.0002875975209982,mp100_final_sum_with_binary64_envelope
S1,leave_environment_F_antenna,polynomial,5011,36,True,0.3675296351699412,mp100_final_sum_with_binary64_envelope
S1,leave_environment_F_antenna,polynomial,5013,33,True,0.44902086638881594,mp100_final_sum_with_binary64_envelope
S1,leave_environment_F_antenna,polynomial,5015,34,True,0.13318432537951294,mp100_final_sum_with_binary64_envelope
S1,leave_environment_F_antenna,polynomial,5016,36,True,0.3884864353116637,mp100_final_sum_with_binary64_envelope
S1,leave_environment_F_antenna,polynomial,5020,36,True,0.15850474311997087,mp100_final_sum_with_binary64_envelope
S1,leave_environment_F_antenna,polynomial,5021,36,True,0.32428800003296593,mp100_final_sum_with_binary64_envelope
S1,leave_environment_F_antenna,polynomial,5022,40,True,0.16060153060058321,mp100_final_sum_with_binary64_envelope
S1,leave_environment_F_antenna,polynomial,5023,36,True,0.3345469243767571,mp100_final_sum_with_binary64_envelope
S1,leave_environment_F_antenna,polynomial,5024,36,True,0.05979146022668505,mp100_final_sum_with_binary64_envelope
S1,leave_environment_F_antenna,polynomial,5025,33,True,0.08434330424744953,mp100_final_sum_with_binary64_envelope
S1,leave_environment_F_antenna,polynomial,5026,33,True,0.2739169585578352,mp100_final_sum_with_binary64_envelope
S1,leave_environment_F_antenna,polynomial,5028,34,True,0.07116095127472635,mp100_final_sum_with_binary64_envelope
S1,leave_environment_F_antenna,polynomial,5029,36,True,0.2749337011350431,mp100_final_sum_with_binary64_envelope
S1,leave_environment_F_antenna,polynomial,5030,36,True,0.14216064174241658,mp100_final_sum_with_binary64_envelope
S1,leave_environment_F_antenna,polynomial,5031,33,True,0.2705751324848718,mp100_final_sum_with_binary64_envelope
S1,leave_environment_F_antenna,polynomial,5032,33,True,0.37100713138870484,mp100_final_sum_with_binary64_envelope
S1,leave_environment_F_antenna,polynomial,5033,36,True,0.012064473884014569,mp100_final_sum_with_binary64_envelope
S1,leave_environment_F_antenna,polynomial,5034,36,True,0.27230066581655327,mp100_final_sum_with_binary64_envelope
S1,leave_environment_F_antenna,polynomial,5036,34,True,0.045011233453568396,mp100_final_sum_with_binary64_envelope
S1,leave_environment_F_antenna,polynomial,5037,36,True,0.1545578429904021,mp100_final_sum_with_binary64_envelope
S1,leave_environment_F_antenna,polynomial,5038,36,True,0.09811862592196552,mp100_final_sum_with_binary64_envelope
S1,leave_environment_F_antenna,polynomial,5039,36,True,0.4651649937991615,mp100_final_sum_with_binary64_envelope
S1,leave_environment_F_antenna,polynomial,5040,33,True,0.03450482424098128,mp100_final_sum_with_binary64_envelope
S1,leave_environment_F_antenna,polynomial,5042,37,True,0.4042542708247176,mp100_final_sum_with_binary64_envelope
S1,leave_environment_F_antenna,polynomial,5043,37,True,0.19193817148784648,mp100_final_sum_with_binary64_envelope
S1,leave_environment_F_antenna,polynomial,5044,33,True,0.3235203845759395,mp100_final_sum_with_binary64_envelope
S1,leave_environment_F_antenna,polynomial,5045,32,True,0.12602455955559047,mp100_final_sum_with_binary64_envelope
S1,leave_environment_F_antenna,polynomial,5046,37,True,0.4516643133248399,mp100_final_sum_with_binary64_envelope
S1,leave_environment_F_antenna,polynomial,5048,33,True,0.02426341990516036,mp100_final_sum_with_binary64_envelope
S1,leave_environment_F_antenna,polynomial,5049,37,True,0.30088173762817433,mp100_final_sum_with_binary64_envelope
S1,leave_environment_F_antenna,polynomial,5051,33,True,0.40814858875442744,mp100_final_sum_with_binary64_envelope
S1,leave_environment_F_antenna,polynomial,5052,37,True,0.1845979027859109,mp100_final_sum_with_binary64_envelope
S1,leave_environment_F_antenna,polynomial,5053,37,True,0.12059278532559424,mp100_final_sum_with_binary64_envelope
S1,leave_environment_F_antenna,polynomial,5054,32,True,0.05765752384814871,mp100_final_sum_with_binary64_envelope
S1,leave_environment_F_antenna,polynomial,5055,36,True,0.7080863526608442,mp100_final_sum_with_binary64_envelope
S1,leave_environment_F_antenna,polynomial,5057,37,True,0.19110988367415752,mp100_final_sum_with_binary64_envelope
S1,leave_environment_F_antenna,polynomial,5058,33,True,0.4511877668182187,mp100_final_sum_with_binary64_envelope
S1,leave_environment_F_antenna,polynomial,5059,37,True,0.04243300437788373,mp100_final_sum_with_binary64_envelope
S1,leave_environment_F_antenna,polynomial,5060,33,True,0.03271430681869997,mp100_final_sum_with_binary64_envelope
S1,leave_environment_F_antenna,polynomial,5061,32,True,0.01090649543465885,mp100_final_sum_with_binary64_envelope
S1,leave_environment_F_antenna,polynomial,5062,32,True,0.0707965437521216,mp100_final_sum_with_binary64_envelope
S1,leave_environment_F_antenna,polynomial,5065,33,True,0.6657781494758956,mp100_final_sum_with_binary64_envelope
S1,leave_environment_F_antenna,polynomial,5066,37,True,0.03161747158150719,mp100_final_sum_with_binary64_envelope
S1,leave_environment_F_antenna,polynomial,5067,37,True,0.07773130588982223,mp100_final_sum_with_binary64_envelope
S1,leave_environment_F_antenna,polynomial,5069,37,True,0.14397691505029017,mp100_final_sum_with_binary64_envelope
S1,leave_environment_F_antenna,polynomial,5071,33,True,0.03157250064028257,mp100_final_sum_with_binary64_envelope
S1,leave_environment_F_antenna,polynomial,5073,32,True,0.1221301755444131,mp100_final_sum_with_binary64_envelope
S1,leave_environment_F_antenna,polynomial,5074,37,True,0.024945664059692813,mp100_final_sum_with_binary64_envelope
S1,leave_environment_F_antenna,polynomial,5075,37,True,0.22366002214900346,mp100_final_sum_with_binary64_envelope
S1,leave_environment_F_antenna,polynomial,5076,33,True,0.09048221429117542,mp100_final_sum_with_binary64_envelope
S1,leave_environment_F_antenna,polynomial,5079,33,True,0.15137394304929977,mp100_final_sum_with_binary64_envelope
S1,leave_environment_F_antenna,polynomial,5080,38,True,0.7095660456573857,mp100_final_sum_with_binary64_envelope
S1,leave_environment_F_antenna,polynomial,5082,38,True,0.9766076972500858,mp100_final_sum_with_binary64_envelope
S1,leave_environment_F_antenna,polynomial,5083,38,True,0.5950663607756916,mp100_final_sum_with_binary64_envelope
S1,leave_environment_F_antenna,polynomial,5084,38,True,0.8847380517814827,mp100_final_sum_with_binary64_envelope
S1,leave_environment_F_antenna,polynomial,5085,38,True,0.6752996478272185,mp100_final_sum_with_binary64_envelope
S1,leave_environment_F_antenna,polynomial,5086,38,True,0.6993666421806288,mp100_final_sum_with_binary64_envelope
S1,leave_environment_F_antenna,polynomial,5087,38,True,0.7478580103276701,mp100_final_sum_with_binary64_envelope
S1,leave_environment_F_antenna,polynomial,5088,38,True,1.269878344471664,mp100_final_sum_with_binary64_envelope
S1,leave_environment_F_antenna,polynomial,5089,38,True,1.1074380894354234,mp100_final_sum_with_binary64_envelope
S1,leave_environment_F_antenna,polynomial,5090,38,True,0.3657815845034105,mp100_final_sum_with_binary64_envelope
S1,leave_environment_F_antenna,polynomial,5091,38,True,0.7430364171460638,mp100_final_sum_with_binary64_envelope
S1,leave_environment_F_antenna,polynomial,5092,38,True,1.045637549405272,mp100_final_sum_with_binary64_envelope
S1,leave_environment_F_antenna,polynomial,5093,38,True,0.5422886898996684,mp100_final_sum_with_binary64_envelope
S1,leave_environment_F_antenna,polynomial,5094,38,True,0.5319402395773438,mp100_final_sum_with_binary64_envelope
S1,leave_environment_F_antenna,polynomial,5095,38,True,0.6501790882865263,mp100_final_sum_with_binary64_envelope
S1,leave_environment_F_antenna,polynomial,5096,38,True,0.8074813761936935,mp100_final_sum_with_binary64_envelope
S1,leave_environment_F_antenna,polynomial,5097,38,True,0.7487939469862454,mp100_final_sum_with_binary64_envelope
S1,leave_environment_F_antenna,polynomial,5098,38,True,0.5335200369729899,mp100_final_sum_with_binary64_envelope
S1,leave_environment_F_antenna,polynomial,5099,38,True,0.26251460163804374,mp100_final_sum_with_binary64_envelope
S1,leave_environment_F_antenna,polynomial,5100,38,True,0.8961320149991368,mp100_final_sum_with_binary64_envelope
S1,leave_environment_F_antenna,polynomial,5101,38,True,0.8796706131979981,mp100_final_sum_with_binary64_envelope
S1,leave_environment_F_antenna,polynomial,5102,38,True,0.8811385714177642,mp100_final_sum_with_binary64_envelope
S1,leave_environment_F_antenna,polynomial,5103,38,True,0.6317790474772246,mp100_final_sum_with_binary64_envelope
S1,leave_environment_F_antenna,polynomial,5104,38,True,0.8435477599585026,mp100_final_sum_with_binary64_envelope
S1,leave_environment_F_antenna,polynomial,5105,38,True,0.7447662004447765,mp100_final_sum_with_binary64_envelope
S1,leave_environment_F_antenna,polynomial,5106,38,True,1.1143157211931,mp100_final_sum_with_binary64_envelope
S1,leave_environment_F_antenna,polynomial,5107,38,True,0.6011963636479496,mp100_final_sum_with_binary64_envelope
S1,leave_environment_F_antenna,polynomial,5108,38,True,1.2574875593430124,mp100_final_sum_with_binary64_envelope
S1,leave_environment_F_antenna,polynomial,5109,38,True,1.5285893056823323,mp100_final_sum_with_binary64_envelope
S1,leave_environment_F_antenna,polynomial,5110,38,True,0.7783261914807724,mp100_final_sum_with_binary64_envelope
S1,leave_environment_F_antenna,polynomial,5111,38,True,0.43333285316655695,mp100_final_sum_with_binary64_envelope
S1,leave_environment_F_antenna,polynomial,5112,38,True,0.9999651127013127,mp100_final_sum_with_binary64_envelope
S1,leave_environment_F_antenna,polynomial,5113,38,True,0.30082139814651737,mp100_final_sum_with_binary64_envelope
S1,leave_environment_F_antenna,polynomial,5114,38,True,0.6720575062424364,mp100_final_sum_with_binary64_envelope
S1,leave_environment_F_antenna,polynomial,5115,38,True,1.0903765040640956,mp100_final_sum_with_binary64_envelope
S1,leave_environment_F_antenna,polynomial,5116,38,True,1.3478604818362123,mp100_final_sum_with_binary64_envelope
S1,leave_environment_F_antenna,polynomial,5117,38,True,1.015771305377043,mp100_final_sum_with_binary64_envelope
S1,leave_environment_F_antenna,polynomial,5118,38,True,0.7607554437761536,mp100_final_sum_with_binary64_envelope
S1,leave_environment_F_antenna,polynomial,5119,38,True,0.7838362634302978,mp100_final_sum_with_binary64_envelope
S1,leave_environment_F_antenna,polynomial,5120,39,True,0.35176579092567173,mp100_final_sum_with_binary64_envelope
S1,leave_environment_F_antenna,polynomial,5121,37,True,0.07693960833017716,mp100_final_sum_with_binary64_envelope
S1,leave_environment_F_antenna,polynomial,5126,40,True,0.21583062272134476,mp100_final_sum_with_binary64_envelope
S1,leave_environment_F_antenna,polynomial,5130,39,True,0.19372353136298648,mp100_final_sum_with_binary64_envelope
S1,leave_environment_F_antenna,polynomial,5132,39,True,0.22511832907237633,mp100_final_sum_with_binary64_envelope
S1,leave_environment_F_antenna,polynomial,5133,39,True,0.27530184326747814,mp100_final_sum_with_binary64_envelope
S1,leave_environment_F_antenna,polynomial,5134,39,True,0.2782193947998801,mp100_final_sum_with_binary64_envelope
S1,leave_environment_F_antenna,polynomial,5139,39,True,0.2580877567004715,mp100_final_sum_with_binary64_envelope
S1,leave_environment_F_antenna,polynomial,5140,36,True,0.5991134974016298,mp100_final_sum_with_binary64_envelope
S1,leave_environment_F_antenna,polynomial,5143,39,True,0.1476066453874717,mp100_final_sum_with_binary64_envelope
S1,leave_environment_F_antenna,polynomial,5145,39,True,0.10724557753597791,mp100_final_sum_with_binary64_envelope
S1,leave_environment_F_antenna,polynomial,5149,34,True,0.02193821990885527,mp100_final_sum_with_binary64_envelope
S1,leave_environment_F_antenna,polynomial,5150,37,True,0.05000802174070989,mp100_final_sum_with_binary64_envelope
S1,leave_environment_F_antenna,polynomial,5151,39,True,1.0261436985735692,mp100_final_sum_with_binary64_envelope
S1,leave_environment_F_antenna,polynomial,5153,39,True,0.17667615699354614,mp100_final_sum_with_binary64_envelope
S1,leave_environment_F_antenna,polynomial,5155,38,True,0.29764928601992807,mp100_final_sum_with_binary64_envelope
S1,leave_environment_F_antenna,polynomial,5156,39,True,0.3074385909831658,mp100_final_sum_with_binary64_envelope
S1,leave_environment_F_antenna,polynomial,5159,38,True,0.01266063786755591,mp100_final_sum_with_binary64_envelope
S1,leave_environment_F_antenna,polynomial,5160,40,True,0.43715300221941006,mp100_final_sum_with_binary64_envelope
S1,leave_environment_F_antenna,polynomial,5161,40,True,0.8037987711965404,mp100_final_sum_with_binary64_envelope
S1,leave_environment_F_antenna,polynomial,5163,36,True,0.013799152718558572,mp100_final_sum_with_binary64_envelope
S1,leave_environment_F_antenna,polynomial,5164,40,True,0.48745355649977185,mp100_final_sum_with_binary64_envelope
S1,leave_environment_F_antenna,polynomial,5165,40,True,0.8510888209909907,mp100_final_sum_with_binary64_envelope
S1,leave_environment_F_antenna,polynomial,5166,40,True,0.5351673459310993,mp100_final_sum_with_binary64_envelope
S1,leave_environment_F_antenna,polynomial,5169,31,True,0.061274706525199354,mp100_final_sum_with_binary64_envelope
S1,leave_environment_F_antenna,polynomial,5171,40,True,1.1493548918632097,mp100_final_sum_with_binary64_envelope
S1,leave_environment_F_antenna,polynomial,5172,40,True,0.0007995551906334704,mp100_final_sum_with_binary64_envelope
S1,leave_environment_F_antenna,polynomial,5177,40,True,0.05775714071213729,mp100_final_sum_with_binary64_envelope
S1,leave_environment_F_antenna,polynomial,5178,40,True,0.2093376270433778,mp100_final_sum_with_binary64_envelope
S1,leave_environment_F_antenna,polynomial,5179,40,True,0.4580923248071247,mp100_final_sum_with_binary64_envelope
S1,leave_environment_F_antenna,polynomial,5180,31,True,0.19390292952775745,mp100_final_sum_with_binary64_envelope
S1,leave_environment_F_antenna,polynomial,5181,40,True,0.8408447081491409,mp100_final_sum_with_binary64_envelope
S1,leave_environment_F_antenna,polynomial,5183,40,True,0.961953468448466,mp100_final_sum_with_binary64_envelope
S1,leave_environment_F_antenna,polynomial,5184,40,True,0.2460529149186521,mp100_final_sum_with_binary64_envelope
S1,leave_environment_F_antenna,polynomial,5185,40,True,0.11968516865160149,mp100_final_sum_with_binary64_envelope
S1,leave_environment_F_antenna,polynomial,5186,40,True,0.4905580570575799,mp100_final_sum_with_binary64_envelope
S1,leave_environment_F_antenna,polynomial,5189,40,True,0.6706344244263528,mp100_final_sum_with_binary64_envelope
S1,leave_environment_F_antenna,polynomial,5190,40,True,1.048595182888449,mp100_final_sum_with_binary64_envelope
S1,leave_environment_F_antenna,polynomial,5191,40,True,0.21259840415763492,mp100_final_sum_with_binary64_envelope
S1,leave_environment_F_antenna,polynomial,5192,40,True,0.7336010450235384,mp100_final_sum_with_binary64_envelope
S1,leave_environment_F_antenna,polynomial,5193,40,True,0.43247539404648605,mp100_final_sum_with_binary64_envelope
S1,leave_environment_F_antenna,polynomial,5196,31,True,0.3059244999224666,mp100_final_sum_with_binary64_envelope
S1,leave_environment_F_antenna,polynomial,5199,37,True,0.03900091009614388,mp100_final_sum_with_binary64_envelope
S1,leave_environment_F_antenna,random_orthogonal,4803,31,True,0.06831519886750392,mp100_final_sum_with_binary64_envelope
S1,leave_environment_F_antenna,permuted_polynomial,4802,31,True,0.24805719755576616,mp100_final_sum_with_binary64_envelope
S1,leave_environment_F_antenna,permuted_polynomial,4803,31,True,0.49229270616346366,mp100_final_sum_with_binary64_envelope
S1,leave_environment_F_antenna,permuted_polynomial,4804,31,True,0.05675298137438298,mp100_final_sum_with_binary64_envelope
S1,leave_environment_F_antenna,permuted_polynomial,4807,31,True,0.052804808165224905,mp100_final_sum_with_binary64_envelope
S1,leave_environment_F_antenna,permuted_polynomial,4817,31,True,0.11191181969634534,mp100_final_sum_with_binary64_envelope
S1,leave_environment_F_antenna,permuted_polynomial,4826,31,True,0.12727448477031578,mp100_final_sum_with_binary64_envelope
S1,leave_environment_F_antenna,permuted_polynomial,4830,31,True,0.6065756600090716,mp100_final_sum_with_binary64_envelope
S1,leave_environment_F_antenna,permuted_polynomial,4832,31,True,0.01303651490797731,mp100_final_sum_with_binary64_envelope
S1,leave_environment_F_antenna,permuted_polynomial,4836,31,True,0.39189639257717784,mp100_final_sum_with_binary64_envelope
S1,leave_environment_F_antenna,permuted_polynomial,4839,31,True,0.03895993237840023,mp100_final_sum_with_binary64_envelope
S1,leave_environment_F_antenna,permuted_polynomial,4865,36,True,0.03929911956889445,mp100_final_sum_with_binary64_envelope
S1,leave_environment_F_antenna,permuted_polynomial,5083,38,True,0.2788763936788338,mp100_final_sum_with_binary64_envelope
S1,leave_environment_F_antenna,permuted_polynomial,5169,31,True,0.08997873326323232,mp100_final_sum_with_binary64_envelope
S1,leave_environment_F_antenna,permuted_polynomial,5196,31,True,0.15361922355481733,mp100_final_sum_with_binary64_envelope
S1,leave_environment_F_walk,dct,3308,36,True,0.02179165735643622,mp100_final_sum_with_binary64_envelope
S1,leave_environment_F_walk,dct,3401,36,True,0.08842752717593842,mp100_final_sum_with_binary64_envelope
S1,leave_environment_F_walk,dct,3408,36,True,0.2967793280015593,mp100_final_sum_with_binary64_envelope
S1,leave_environment_F_walk,dft,3219,31,True,0.5559618245375035,mp100_final_sum_with_binary64_envelope
S1,leave_environment_F_walk,polynomial,3200,31,True,0.16030911195208977,mp100_final_sum_with_binary64_envelope
S1,leave_environment_F_walk,polynomial,3201,31,True,0.8308127188312248,mp100_final_sum_with_binary64_envelope
S1,leave_environment_F_walk,polynomial,3202,31,True,0.1803495503492277,mp100_final_sum_with_binary64_envelope
S1,leave_environment_F_walk,polynomial,3203,31,True,0.9537868873699156,mp100_final_sum_with_binary64_envelope
S1,leave_environment_F_walk,polynomial,3204,32,True,0.21852264465357138,mp100_final_sum_with_binary64_envelope
S1,leave_environment_F_walk,polynomial,3206,31,True,0.1520529483270808,mp100_final_sum_with_binary64_envelope
S1,leave_environment_F_walk,polynomial,3207,31,True,0.08296721931893195,mp100_final_sum_with_binary64_envelope
S1,leave_environment_F_walk,polynomial,3208,31,True,0.43044445665207903,mp100_final_sum_with_binary64_envelope
S1,leave_environment_F_walk,polynomial,3209,31,True,0.402224749515541,mp100_final_sum_with_binary64_envelope
S1,leave_environment_F_walk,polynomial,3210,31,True,0.5033000075976,mp100_final_sum_with_binary64_envelope
S1,leave_environment_F_walk,polynomial,3211,31,True,0.579844763003452,mp100_final_sum_with_binary64_envelope
S1,leave_environment_F_walk,polynomial,3212,31,True,0.4503119348201384,mp100_final_sum_with_binary64_envelope
S1,leave_environment_F_walk,polynomial,3213,31,True,0.33297712191115914,mp100_final_sum_with_binary64_envelope
S1,leave_environment_F_walk,polynomial,3214,31,True,0.4950433489867457,mp100_final_sum_with_binary64_envelope
S1,leave_environment_F_walk,polynomial,3215,31,True,0.5809541482829081,mp100_final_sum_with_binary64_envelope
S1,leave_environment_F_walk,polynomial,3216,31,True,0.12455595645257755,mp100_final_sum_with_binary64_envelope
S1,leave_environment_F_walk,polynomial,3217,31,True,0.557371890047607,mp100_final_sum_with_binary64_envelope
S1,leave_environment_F_walk,polynomial,3218,31,True,0.6652618374751137,mp100_final_sum_with_binary64_envelope
S1,leave_environment_F_walk,polynomial,3219,31,True,0.7382390627636479,mp100_final_sum_with_binary64_envelope
S1,leave_environment_F_walk,polynomial,3220,31,True,0.030158104933220454,mp100_final_sum_with_binary64_envelope
S1,leave_environment_F_walk,polynomial,3221,31,True,0.6244634067121675,mp100_final_sum_with_binary64_envelope
S1,leave_environment_F_walk,polynomial,3222,31,True,0.13585621140510698,mp100_final_sum_with_binary64_envelope
S1,leave_environment_F_walk,polynomial,3223,31,True,0.17814152984094453,mp100_final_sum_with_binary64_envelope
S1,leave_environment_F_walk,polynomial,3224,31,True,0.5383248819514224,mp100_final_sum_with_binary64_envelope
S1,leave_environment_F_walk,polynomial,3225,31,True,0.33210714199494423,mp100_final_sum_with_binary64_envelope
S1,leave_environment_F_walk,polynomial,3226,31,True,0.1620404836421743,mp100_final_sum_with_binary64_envelope
S1,leave_environment_F_walk,polynomial,3227,31,True,0.8544170662555111,mp100_final_sum_with_binary64_envelope
S1,leave_environment_F_walk,polynomial,3228,31,True,0.6575999115573217,mp100_final_sum_with_binary64_envelope
S1,leave_environment_F_walk,polynomial,3229,31,True,0.46077511367103935,mp100_final_sum_with_binary64_envelope
S1,leave_environment_F_walk,polynomial,3230,31,True,0.13908892337383202,mp100_final_sum_with_binary64_envelope
S1,leave_environment_F_walk,polynomial,3231,31,True,0.12144602738637202,mp100_final_sum_with_binary64_envelope
S1,leave_environment_F_walk,polynomial,3232,31,True,0.8163328731983784,mp100_final_sum_with_binary64_envelope
S1,leave_environment_F_walk,polynomial,3233,31,True,0.34222095926230184,mp100_final_sum_with_binary64_envelope
S1,leave_environment_F_walk,polynomial,3234,31,True,0.22207363236369185,mp100_final_sum_with_binary64_envelope
S1,leave_environment_F_walk,polynomial,3235,31,True,0.20181042868724317,mp100_final_sum_with_binary64_envelope
S1,leave_environment_F_walk,polynomial,3237,31,True,0.4576983513879091,mp100_final_sum_with_binary64_envelope
S1,leave_environment_F_walk,polynomial,3238,31,True,0.4314069521925794,mp100_final_sum_with_binary64_envelope
S1,leave_environment_F_walk,polynomial,3239,31,True,0.1623750622828931,mp100_final_sum_with_binary64_envelope
S1,leave_environment_F_walk,polynomial,3240,32,True,0.42342060787380104,mp100_final_sum_with_binary64_envelope
S1,leave_environment_F_walk,polynomial,3241,32,True,0.020559393168671187,mp100_final_sum_with_binary64_envelope
S1,leave_environment_F_walk,polynomial,3243,32,True,0.15319510070749418,mp100_final_sum_with_binary64_envelope
S1,leave_environment_F_walk,polynomial,3245,32,True,0.2677081540341976,mp100_final_sum_with_binary64_envelope
S1,leave_environment_F_walk,polynomial,3246,32,True,0.09418541715574394,mp100_final_sum_with_binary64_envelope
S1,leave_environment_F_walk,polynomial,3247,32,True,0.17663890806361554,mp100_final_sum_with_binary64_envelope
S1,leave_environment_F_walk,polynomial,3249,32,True,0.6064288338433035,mp100_final_sum_with_binary64_envelope
S1,leave_environment_F_walk,polynomial,3250,32,True,0.09707447066797949,mp100_final_sum_with_binary64_envelope
S1,leave_environment_F_walk,polynomial,3251,32,True,0.36592112794536585,mp100_final_sum_with_binary64_envelope
S1,leave_environment_F_walk,polynomial,3252,32,True,0.14589406252737788,mp100_final_sum_with_binary64_envelope
S1,leave_environment_F_walk,polynomial,3253,32,True,0.028990432182073683,mp100_final_sum_with_binary64_envelope
S1,leave_environment_F_walk,polynomial,3254,32,True,0.39072525036639844,mp100_final_sum_with_binary64_envelope
S1,leave_environment_F_walk,polynomial,3255,32,True,0.43018561424682317,mp100_final_sum_with_binary64_envelope
S1,leave_environment_F_walk,polynomial,3256,34,True,0.0033087668604388524,mp100_final_sum_with_binary64_envelope
S1,leave_environment_F_walk,polynomial,3257,32,True,0.30604870151148683,mp100_final_sum_with_binary64_envelope
S1,leave_environment_F_walk,polynomial,3258,33,True,0.26710760373386977,mp100_final_sum_with_binary64_envelope
S1,leave_environment_F_walk,polynomial,3261,32,True,0.5289653128101682,mp100_final_sum_with_binary64_envelope
S1,leave_environment_F_walk,polynomial,3262,36,True,0.0883732285383312,mp100_final_sum_with_binary64_envelope
S1,leave_environment_F_walk,polynomial,3263,32,True,0.2860400079041555,mp100_final_sum_with_binary64_envelope
S1,leave_environment_F_walk,polynomial,3264,32,True,0.8330060453182342,mp100_final_sum_with_binary64_envelope
S1,leave_environment_F_walk,polynomial,3265,32,True,0.2842086105982319,mp100_final_sum_with_binary64_envelope
S1,leave_environment_F_walk,polynomial,3267,32,True,0.006876380039124386,mp100_final_sum_with_binary64_envelope
S1,leave_environment_F_walk,polynomial,3268,32,True,0.09962850195114703,mp100_final_sum_with_binary64_envelope
S1,leave_environment_F_walk,polynomial,3269,32,True,0.51926523402104,mp100_final_sum_with_binary64_envelope
S1,leave_environment_F_walk,polynomial,3270,35,True,0.14241172536162258,mp100_final_sum_with_binary64_envelope
S1,leave_environment_F_walk,polynomial,3271,32,True,0.3029254583855457,mp100_final_sum_with_binary64_envelope
S1,leave_environment_F_walk,polynomial,3272,32,True,0.3017065146363708,mp100_final_sum_with_binary64_envelope
S1,leave_environment_F_walk,polynomial,3273,32,True,0.13009859506269075,mp100_final_sum_with_binary64_envelope
S1,leave_environment_F_walk,polynomial,3274,32,True,0.3656291366010752,mp100_final_sum_with_binary64_envelope
S1,leave_environment_F_walk,polynomial,3275,40,True,0.42529117580669024,mp100_final_sum_with_binary64_envelope
S1,leave_environment_F_walk,polynomial,3276,32,True,0.49777019100529524,mp100_final_sum_with_binary64_envelope
S1,leave_environment_F_walk,polynomial,3277,32,True,0.3398200425088749,mp100_final_sum_with_binary64_envelope
S1,leave_environment_F_walk,polynomial,3278,32,True,0.04188392923312999,mp100_final_sum_with_binary64_envelope
S1,leave_environment_F_walk,polynomial,3279,32,True,0.4980161044931501,mp100_final_sum_with_binary64_envelope
S1,leave_environment_F_walk,polynomial,3280,33,True,0.3222171006571324,mp100_final_sum_with_binary64_envelope
S1,leave_environment_F_walk,polynomial,3281,33,True,0.8282740198836775,mp100_final_sum_with_binary64_envelope
S1,leave_environment_F_walk,polynomial,3282,33,True,0.12101269628168121,mp100_final_sum_with_binary64_envelope
S1,leave_environment_F_walk,polynomial,3284,33,True,0.0033793589693448564,mp100_final_sum_with_binary64_envelope
S1,leave_environment_F_walk,polynomial,3285,33,True,0.20011277052864995,mp100_final_sum_with_binary64_envelope
S1,leave_environment_F_walk,polynomial,3286,33,True,0.09901935678439157,mp100_final_sum_with_binary64_envelope
S1,leave_environment_F_walk,polynomial,3287,33,True,0.05461720221307463,mp100_final_sum_with_binary64_envelope
S1,leave_environment_F_walk,polynomial,3288,33,True,0.6650790371754766,mp100_final_sum_with_binary64_envelope
S1,leave_environment_F_walk,polynomial,3291,33,True,0.48387557316344265,mp100_final_sum_with_binary64_envelope
S1,leave_environment_F_walk,polynomial,3292,33,True,0.70699567553064,mp100_final_sum_with_binary64_envelope
S1,leave_environment_F_walk,polynomial,3293,33,True,0.6831954363390287,mp100_final_sum_with_binary64_envelope
S1,leave_environment_F_walk,polynomial,3294,33,True,0.17407730480059094,mp100_final_sum_with_binary64_envelope
S1,leave_environment_F_walk,polynomial,3295,32,True,0.31325411241510065,mp100_final_sum_with_binary64_envelope
S1,leave_environment_F_walk,polynomial,3296,33,True,0.4614546412841931,mp100_final_sum_with_binary64_envelope
S1,leave_environment_F_walk,polynomial,3297,31,True,0.3037314424188433,mp100_final_sum_with_binary64_envelope
S1,leave_environment_F_walk,polynomial,3298,33,True,0.2983526436101609,mp100_final_sum_with_binary64_envelope
S1,leave_environment_F_walk,polynomial,3300,33,True,0.3011366913926563,mp100_final_sum_with_binary64_envelope
S1,leave_environment_F_walk,polynomial,3301,33,True,0.8740544577041308,mp100_final_sum_with_binary64_envelope
S1,leave_environment_F_walk,polynomial,3302,32,True,0.33813736933816213,mp100_final_sum_with_binary64_envelope
S1,leave_environment_F_walk,polynomial,3303,36,True,0.27303390383754417,mp100_final_sum_with_binary64_envelope
S1,leave_environment_F_walk,polynomial,3304,39,True,0.11968036366532475,mp100_final_sum_with_binary64_envelope
S1,leave_environment_F_walk,polynomial,3305,33,True,0.10197069209359734,mp100_final_sum_with_binary64_envelope
S1,leave_environment_F_walk,polynomial,3306,33,True,0.4906428063124376,mp100_final_sum_with_binary64_envelope
S1,leave_environment_F_walk,polynomial,3307,33,True,0.3442929888652201,mp100_final_sum_with_binary64_envelope
S1,leave_environment_F_walk,polynomial,3308,36,True,0.1453905838778856,mp100_final_sum_with_binary64_envelope
S1,leave_environment_F_walk,polynomial,3309,33,True,0.21201990220948394,mp100_final_sum_with_binary64_envelope
S1,leave_environment_F_walk,polynomial,3310,33,True,0.8048734006872058,mp100_final_sum_with_binary64_envelope
S1,leave_environment_F_walk,polynomial,3311,33,True,0.21320673334416404,mp100_final_sum_with_binary64_envelope
S1,leave_environment_F_walk,polynomial,3313,33,True,0.2988283279501249,mp100_final_sum_with_binary64_envelope
S1,leave_environment_F_walk,polynomial,3315,33,True,0.044430048669729404,mp100_final_sum_with_binary64_envelope
S1,leave_environment_F_walk,polynomial,3316,33,True,0.2226030639549194,mp100_final_sum_with_binary64_envelope
S1,leave_environment_F_walk,polynomial,3318,33,True,0.24517527249148938,mp100_final_sum_with_binary64_envelope
S1,leave_environment_F_walk,polynomial,3319,33,True,0.20671277237774582,mp100_final_sum_with_binary64_envelope
S1,leave_environment_F_walk,polynomial,3323,34,True,0.19557642087256136,mp100_final_sum_with_binary64_envelope
S1,leave_environment_F_walk,polynomial,3324,36,True,0.04543382359679772,mp100_final_sum_with_binary64_envelope
S1,leave_environment_F_walk,polynomial,3329,34,True,0.0029423439586198264,mp100_final_sum_with_binary64_envelope
S1,leave_environment_F_walk,polynomial,3330,34,True,0.16426175227889084,mp100_final_sum_with_binary64_envelope
S1,leave_environment_F_walk,polynomial,3331,34,True,0.07066579776360538,mp100_final_sum_with_binary64_envelope
S1,leave_environment_F_walk,polynomial,3332,34,True,0.1128085578256193,mp100_final_sum_with_binary64_envelope
S1,leave_environment_F_walk,polynomial,3333,40,True,0.10197972810039004,mp100_final_sum_with_binary64_envelope
S1,leave_environment_F_walk,polynomial,3334,36,True,0.26771982951339596,mp100_final_sum_with_binary64_envelope
S1,leave_environment_F_walk,polynomial,3337,40,True,0.08314988732168323,mp100_final_sum_with_binary64_envelope
S1,leave_environment_F_walk,polynomial,3338,40,True,0.36731934689242807,mp100_final_sum_with_binary64_envelope
S1,leave_environment_F_walk,polynomial,3339,36,True,0.1744749235991564,mp100_final_sum_with_binary64_envelope
S1,leave_environment_F_walk,polynomial,3340,40,True,0.32038924059820784,mp100_final_sum_with_binary64_envelope
S1,leave_environment_F_walk,polynomial,3342,34,True,0.04437211125029886,mp100_final_sum_with_binary64_envelope
S1,leave_environment_F_walk,polynomial,3345,40,True,0.016064869900187632,mp100_final_sum_with_binary64_envelope
S1,leave_environment_F_walk,polynomial,3347,36,True,0.333585776284754,mp100_final_sum_with_binary64_envelope
S1,leave_environment_F_walk,polynomial,3348,34,True,0.28426852187646734,mp100_final_sum_with_binary64_envelope
S1,leave_environment_F_walk,polynomial,3349,34,True,0.14738498740417583,mp100_final_sum_with_binary64_envelope
S1,leave_environment_F_walk,polynomial,3352,34,True,0.038758552066889274,mp100_final_sum_with_binary64_envelope
S1,leave_environment_F_walk,polynomial,3353,34,True,0.32109266941589687,mp100_final_sum_with_binary64_envelope
S1,leave_environment_F_walk,polynomial,3354,36,True,0.002801018146930365,mp100_final_sum_with_binary64_envelope
S1,leave_environment_F_walk,polynomial,3355,36,True,0.711035843439259,mp100_final_sum_with_binary64_envelope
S1,leave_environment_F_walk,polynomial,3358,34,True,0.02157535650750204,mp100_final_sum_with_binary64_envelope
S1,leave_environment_F_walk,polynomial,3359,40,True,0.021203327729999284,mp100_final_sum_with_binary64_envelope
S1,leave_environment_F_walk,polynomial,3361,35,True,0.8761983075427343,mp100_final_sum_with_binary64_envelope
S1,leave_environment_F_walk,polynomial,3363,35,True,0.2193054539785035,mp100_final_sum_with_binary64_envelope
S1,leave_environment_F_walk,polynomial,3366,35,True,0.7216791029538878,mp100_final_sum_with_binary64_envelope
S1,leave_environment_F_walk,polynomial,3367,35,True,0.253873520938272,mp100_final_sum_with_binary64_envelope
S1,leave_environment_F_walk,polynomial,3369,35,True,0.5290601268687469,mp100_final_sum_with_binary64_envelope
S1,leave_environment_F_walk,polynomial,3370,35,True,0.3594940210380753,mp100_final_sum_with_binary64_envelope
S1,leave_environment_F_walk,polynomial,3371,40,True,0.10590867286366881,mp100_final_sum_with_binary64_envelope
S1,leave_environment_F_walk,polynomial,3372,35,True,0.18628790145545904,mp100_final_sum_with_binary64_envelope
S1,leave_environment_F_walk,polynomial,3373,35,True,0.00540127617519148,mp100_final_sum_with_binary64_envelope
S1,leave_environment_F_walk,polynomial,3375,35,True,0.6024773198002431,mp100_final_sum_with_binary64_envelope
S1,leave_environment_F_walk,polynomial,3376,35,True,0.6020755379293214,mp100_final_sum_with_binary64_envelope
S1,leave_environment_F_walk,polynomial,3377,40,True,0.10326545446768863,mp100_final_sum_with_binary64_envelope
S1,leave_environment_F_walk,polynomial,3378,35,True,0.2113924914101095,mp100_final_sum_with_binary64_envelope
S1,leave_environment_F_walk,polynomial,3379,35,True,0.03167421849644742,mp100_final_sum_with_binary64_envelope
S1,leave_environment_F_walk,polynomial,3381,35,True,0.35394616454860983,mp100_final_sum_with_binary64_envelope
S1,leave_environment_F_walk,polynomial,3382,35,True,0.20116272878380123,mp100_final_sum_with_binary64_envelope
S1,leave_environment_F_walk,polynomial,3383,35,True,0.36998472600927224,mp100_final_sum_with_binary64_envelope
S1,leave_environment_F_walk,polynomial,3384,35,True,0.26610666750949574,mp100_final_sum_with_binary64_envelope
S1,leave_environment_F_walk,polynomial,3385,40,True,0.14336042350016762,mp100_final_sum_with_binary64_envelope
S1,leave_environment_F_walk,polynomial,3388,34,True,0.03577077509021593,mp100_final_sum_with_binary64_envelope
S1,leave_environment_F_walk,polynomial,3389,35,True,0.6968655003925789,mp100_final_sum_with_binary64_envelope
S1,leave_environment_F_walk,polynomial,3390,35,True,0.2991426008172396,mp100_final_sum_with_binary64_envelope
S1,leave_environment_F_walk,polynomial,3392,40,True,0.034787667411658355,mp100_final_sum_with_binary64_envelope
S1,leave_environment_F_walk,polynomial,3393,35,True,0.14676286257154642,mp100_final_sum_with_binary64_envelope
S1,leave_environment_F_walk,polynomial,3394,35,True,0.040310277335326467,mp100_final_sum_with_binary64_envelope
S1,leave_environment_F_walk,polynomial,3398,35,True,0.5085193645241354,mp100_final_sum_with_binary64_envelope
S1,leave_environment_F_walk,polynomial,3400,36,True,0.03975240537880755,mp100_final_sum_with_binary64_envelope
S1,leave_environment_F_walk,polynomial,3401,36,True,0.2034379130642929,mp100_final_sum_with_binary64_envelope
S1,leave_environment_F_walk,polynomial,3402,37,True,0.026800680026055356,mp100_final_sum_with_binary64_envelope
S1,leave_environment_F_walk,polynomial,3403,40,True,0.1500099390400305,mp100_final_sum_with_binary64_envelope
S1,leave_environment_F_walk,polynomial,3404,36,True,0.40783889700353526,mp100_final_sum_with_binary64_envelope
S1,leave_environment_F_walk,polynomial,3407,40,True,0.4178553070406988,mp100_final_sum_with_binary64_envelope
S1,leave_environment_F_walk,polynomial,3408,36,True,1.2287945092488537,mp100_final_sum_with_binary64_envelope
S1,leave_environment_F_walk,polynomial,3409,36,True,0.19524587608169822,mp100_final_sum_with_binary64_envelope
S1,leave_environment_F_walk,polynomial,3410,36,True,0.5957255221936817,mp100_final_sum_with_binary64_envelope
S1,leave_environment_F_walk,polynomial,3412,36,True,0.2892720973496578,mp100_final_sum_with_binary64_envelope
S1,leave_environment_F_walk,polynomial,3413,33,True,0.05062885595231058,mp100_final_sum_with_binary64_envelope
S1,leave_environment_F_walk,polynomial,3414,36,True,0.13143721089466767,mp100_final_sum_with_binary64_envelope
S1,leave_environment_F_walk,polynomial,3416,33,True,0.10301125884598501,mp100_final_sum_with_binary64_envelope
S1,leave_environment_F_walk,polynomial,3417,36,True,0.12606224450626208,mp100_final_sum_with_binary64_envelope
S1,leave_environment_F_walk,polynomial,3418,40,True,0.011321190215501176,mp100_final_sum_with_binary64_envelope
S1,leave_environment_F_walk,polynomial,3420,32,True,0.31228081326196805,mp100_final_sum_with_binary64_envelope
S1,leave_environment_F_walk,polynomial,3422,36,True,0.5515713587829543,mp100_final_sum_with_binary64_envelope
S1,leave_environment_F_walk,polynomial,3423,37,True,0.0754352161160498,mp100_final_sum_with_binary64_envelope
S1,leave_environment_F_walk,polynomial,3424,36,True,0.40214473886445556,mp100_final_sum_with_binary64_envelope
S1,leave_environment_F_walk,polynomial,3426,36,True,0.19976849453544948,mp100_final_sum_with_binary64_envelope
S1,leave_environment_F_walk,polynomial,3428,36,True,0.6167191592310828,mp100_final_sum_with_binary64_envelope
S1,leave_environment_F_walk,polynomial,3429,32,True,0.3244295123913619,mp100_final_sum_with_binary64_envelope
S1,leave_environment_F_walk,polynomial,3431,36,True,0.3842911513522017,mp100_final_sum_with_binary64_envelope
S1,leave_environment_F_walk,polynomial,3435,40,True,0.13056862161234917,mp100_final_sum_with_binary64_envelope
S1,leave_environment_F_walk,polynomial,3436,36,True,0.07234982906111107,mp100_final_sum_with_binary64_envelope
S1,leave_environment_F_walk,polynomial,3437,33,True,0.08661160488746897,mp100_final_sum_with_binary64_envelope
S1,leave_environment_F_walk,polynomial,3439,36,True,0.4346295557732952,mp100_final_sum_with_binary64_envelope
S1,leave_environment_F_walk,polynomial,3440,39,True,0.09760501832361985,mp100_final_sum_with_binary64_envelope
S1,leave_environment_F_walk,polynomial,3441,39,True,0.1074476382614137,mp100_final_sum_with_binary64_envelope
S1,leave_environment_F_walk,polynomial,3442,37,True,0.04587563454598831,mp100_final_sum_with_binary64_envelope
S1,leave_environment_F_walk,polynomial,3444,37,True,0.062024264105750126,mp100_final_sum_with_binary64_envelope
S1,leave_environment_F_walk,polynomial,3445,40,True,0.014068794684881312,mp100_final_sum_with_binary64_envelope
S1,leave_environment_F_walk,polynomial,3447,37,True,0.394273954820691,mp100_final_sum_with_binary64_envelope
S1,leave_environment_F_walk,polynomial,3450,37,True,0.14586401897122622,mp100_final_sum_with_binary64_envelope
S1,leave_environment_F_walk,polynomial,3451,37,True,0.5385936512390126,mp100_final_sum_with_binary64_envelope
S1,leave_environment_F_walk,polynomial,3453,37,True,0.18530517041190891,mp100_final_sum_with_binary64_envelope
S1,leave_environment_F_walk,polynomial,3454,37,True,0.14859753496792877,mp100_final_sum_with_binary64_envelope
S1,leave_environment_F_walk,polynomial,3455,33,True,0.22364766734944816,mp100_final_sum_with_binary64_envelope
S1,leave_environment_F_walk,polynomial,3456,37,True,0.21185479749579844,mp100_final_sum_with_binary64_envelope
S1,leave_environment_F_walk,polynomial,3458,37,True,0.1037201947527805,mp100_final_sum_with_binary64_envelope
S1,leave_environment_F_walk,polynomial,3459,37,True,0.056385317901057753,mp100_final_sum_with_binary64_envelope
S1,leave_environment_F_walk,polynomial,3460,40,True,0.6115106807139105,mp100_final_sum_with_binary64_envelope
S1,leave_environment_F_walk,polynomial,3461,37,True,0.6885072423732385,mp100_final_sum_with_binary64_envelope
S1,leave_environment_F_walk,polynomial,3462,37,True,0.036889877584384355,mp100_final_sum_with_binary64_envelope
S1,leave_environment_F_walk,polynomial,3464,37,True,0.2043992440774328,mp100_final_sum_with_binary64_envelope
S1,leave_environment_F_walk,polynomial,3465,35,True,0.13828820103326925,mp100_final_sum_with_binary64_envelope
S1,leave_environment_F_walk,polynomial,3466,37,True,0.13593401206073924,mp100_final_sum_with_binary64_envelope
S1,leave_environment_F_walk,polynomial,3469,37,True,0.6768804159034905,mp100_final_sum_with_binary64_envelope
S1,leave_environment_F_walk,polynomial,3470,37,True,0.004119245561649587,mp100_final_sum_with_binary64_envelope
S1,leave_environment_F_walk,polynomial,3471,37,True,0.16012896338841506,mp100_final_sum_with_binary64_envelope
S1,leave_environment_F_walk,polynomial,3477,37,True,0.3734795372771307,mp100_final_sum_with_binary64_envelope
S1,leave_environment_F_walk,polynomial,3478,37,True,0.11148146855111077,mp100_final_sum_with_binary64_envelope
S1,leave_environment_F_walk,polynomial,3479,37,True,0.10812117129035345,mp100_final_sum_with_binary64_envelope
S1,leave_environment_F_walk,polynomial,3480,38,True,0.5268444219539165,mp100_final_sum_with_binary64_envelope
S1,leave_environment_F_walk,polynomial,3481,38,True,0.3602931998957524,mp100_final_sum_with_binary64_envelope
S1,leave_environment_F_walk,polynomial,3482,38,True,1.0053850487042735,mp100_final_sum_with_binary64_envelope
S1,leave_environment_F_walk,polynomial,3484,38,True,0.9422598403480577,mp100_final_sum_with_binary64_envelope
S1,leave_environment_F_walk,polynomial,3485,38,True,0.6324536290894013,mp100_final_sum_with_binary64_envelope
S1,leave_environment_F_walk,polynomial,3486,38,True,0.6288679360284806,mp100_final_sum_with_binary64_envelope
S1,leave_environment_F_walk,polynomial,3487,38,True,0.6607653584734208,mp100_final_sum_with_binary64_envelope
S1,leave_environment_F_walk,polynomial,3488,38,True,0.5847018377845264,mp100_final_sum_with_binary64_envelope
S1,leave_environment_F_walk,polynomial,3489,38,True,0.40399870104572544,mp100_final_sum_with_binary64_envelope
S1,leave_environment_F_walk,polynomial,3490,38,True,0.7113624846597707,mp100_final_sum_with_binary64_envelope
S1,leave_environment_F_walk,polynomial,3491,38,True,0.6299814363993526,mp100_final_sum_with_binary64_envelope
S1,leave_environment_F_walk,polynomial,3492,38,True,0.9574012010954157,mp100_final_sum_with_binary64_envelope
S1,leave_environment_F_walk,polynomial,3493,38,True,0.9944718262286572,mp100_final_sum_with_binary64_envelope
S1,leave_environment_F_walk,polynomial,3494,38,True,0.3570600277229345,mp100_final_sum_with_binary64_envelope
S1,leave_environment_F_walk,polynomial,3495,38,True,0.729217934335228,mp100_final_sum_with_binary64_envelope
S1,leave_environment_F_walk,polynomial,3496,38,True,0.5867487315689774,mp100_final_sum_with_binary64_envelope
S1,leave_environment_F_walk,polynomial,3497,38,True,0.6231522419668493,mp100_final_sum_with_binary64_envelope
S1,leave_environment_F_walk,polynomial,3498,38,True,1.0331646787271875,mp100_final_sum_with_binary64_envelope
S1,leave_environment_F_walk,polynomial,3499,38,True,0.1585815899650458,mp100_final_sum_with_binary64_envelope
S1,leave_environment_F_walk,polynomial,3500,38,True,0.8731358774721661,mp100_final_sum_with_binary64_envelope
S1,leave_environment_F_walk,polynomial,3501,38,True,0.5944649774274837,mp100_final_sum_with_binary64_envelope
S1,leave_environment_F_walk,polynomial,3502,38,True,0.6962654985755444,mp100_final_sum_with_binary64_envelope
S1,leave_environment_F_walk,polynomial,3503,38,True,0.38829525339861104,mp100_final_sum_with_binary64_envelope
S1,leave_environment_F_walk,polynomial,3504,38,True,0.31964657368657945,mp100_final_sum_with_binary64_envelope
S1,leave_environment_F_walk,polynomial,3505,38,True,0.48244030435444696,mp100_final_sum_with_binary64_envelope
S1,leave_environment_F_walk,polynomial,3506,38,True,0.20602377883894682,mp100_final_sum_with_binary64_envelope
S1,leave_environment_F_walk,polynomial,3507,38,True,0.5444417549831613,mp100_final_sum_with_binary64_envelope
S1,leave_environment_F_walk,polynomial,3508,38,True,0.9085472793118401,mp100_final_sum_with_binary64_envelope
S1,leave_environment_F_walk,polynomial,3509,38,True,0.6505341697923057,mp100_final_sum_with_binary64_envelope
S1,leave_environment_F_walk,polynomial,3510,38,True,0.6816764858451939,mp100_final_sum_with_binary64_envelope
S1,leave_environment_F_walk,polynomial,3511,38,True,0.4857419629797809,mp100_final_sum_with_binary64_envelope
S1,leave_environment_F_walk,polynomial,3512,38,True,0.9342756928259055,mp100_final_sum_with_binary64_envelope
S1,leave_environment_F_walk,polynomial,3513,38,True,1.0861322416261538,mp100_final_sum_with_binary64_envelope
S1,leave_environment_F_walk,polynomial,3514,38,True,0.1668743933193285,mp100_final_sum_with_binary64_envelope
S1,leave_environment_F_walk,polynomial,3515,38,True,0.8104579613309305,mp100_final_sum_with_binary64_envelope
S1,leave_environment_F_walk,polynomial,3516,38,True,0.2374418196008774,mp100_final_sum_with_binary64_envelope
S1,leave_environment_F_walk,polynomial,3517,38,True,0.35692271114345336,mp100_final_sum_with_binary64_envelope
S1,leave_environment_F_walk,polynomial,3518,38,True,0.4078156423426826,mp100_final_sum_with_binary64_envelope
S1,leave_environment_F_walk,polynomial,3519,38,True,0.19533690230764697,mp100_final_sum_with_binary64_envelope
S1,leave_environment_F_walk,polynomial,3521,32,True,0.0890840774528897,mp100_final_sum_with_binary64_envelope
S1,leave_environment_F_walk,polynomial,3522,39,True,0.1227148722587372,mp100_final_sum_with_binary64_envelope
S1,leave_environment_F_walk,polynomial,3523,40,True,0.13184647762040108,mp100_final_sum_with_binary64_envelope
S1,leave_environment_F_walk,polynomial,3524,38,True,0.08135773083716959,mp100_final_sum_with_binary64_envelope
S1,leave_environment_F_walk,polynomial,3525,39,True,0.12260625711046373,mp100_final_sum_with_binary64_envelope
S1,leave_environment_F_walk,polynomial,3526,39,True,0.18732170283998423,mp100_final_sum_with_binary64_envelope
S1,leave_environment_F_walk,polynomial,3527,40,True,0.008263304679558353,mp100_final_sum_with_binary64_envelope
S1,leave_environment_F_walk,polynomial,3528,40,True,0.06985887603747862,mp100_final_sum_with_binary64_envelope
S1,leave_environment_F_walk,polynomial,3529,40,True,0.16125247269983572,mp100_final_sum_with_binary64_envelope
S1,leave_environment_F_walk,polynomial,3530,37,True,0.1846731968413252,mp100_final_sum_with_binary64_envelope
S1,leave_environment_F_walk,polynomial,3532,39,True,0.14086069252520994,mp100_final_sum_with_binary64_envelope
S1,leave_environment_F_walk,polynomial,3536,33,True,0.13877555539624006,mp100_final_sum_with_binary64_envelope
S1,leave_environment_F_walk,polynomial,3537,40,True,0.040328835090708844,mp100_final_sum_with_binary64_envelope
S1,leave_environment_F_walk,polynomial,3539,39,True,0.18859881486660063,mp100_final_sum_with_binary64_envelope
S1,leave_environment_F_walk,polynomial,3542,39,True,0.0533661097185576,mp100_final_sum_with_binary64_envelope
S1,leave_environment_F_walk,polynomial,3543,39,True,0.004635094025991989,mp100_final_sum_with_binary64_envelope
S1,leave_environment_F_walk,polynomial,3544,39,True,0.2787977463053131,mp100_final_sum_with_binary64_envelope
S1,leave_environment_F_walk,polynomial,3545,32,True,0.00281179643481847,mp100_final_sum_with_binary64_envelope
S1,leave_environment_F_walk,polynomial,3546,39,True,0.575674682641119,mp100_final_sum_with_binary64_envelope
S1,leave_environment_F_walk,polynomial,3548,39,True,0.23127418118213164,mp100_final_sum_with_binary64_envelope
S1,leave_environment_F_walk,polynomial,3549,37,True,0.1264488506514418,mp100_final_sum_with_binary64_envelope
S1,leave_environment_F_walk,polynomial,3551,39,True,0.20953417592153956,mp100_final_sum_with_binary64_envelope
S1,leave_environment_F_walk,polynomial,3552,40,True,0.0245067107010032,mp100_final_sum_with_binary64_envelope
S1,leave_environment_F_walk,polynomial,3553,39,True,0.4312003931693104,mp100_final_sum_with_binary64_envelope
S1,leave_environment_F_walk,polynomial,3554,32,True,0.3014099311307018,mp100_final_sum_with_binary64_envelope
S1,leave_environment_F_walk,polynomial,3555,39,True,0.42196483301515547,mp100_final_sum_with_binary64_envelope
S1,leave_environment_F_walk,polynomial,3556,32,True,0.12691617001411884,mp100_final_sum_with_binary64_envelope
S1,leave_environment_F_walk,polynomial,3558,39,True,0.3464558114056867,mp100_final_sum_with_binary64_envelope
S1,leave_environment_F_walk,polynomial,3560,40,True,0.32422957630233223,mp100_final_sum_with_binary64_envelope
S1,leave_environment_F_walk,polynomial,3562,40,True,1.0603673749476596,mp100_final_sum_with_binary64_envelope
S1,leave_environment_F_walk,polynomial,3563,40,True,0.8537305482316292,mp100_final_sum_with_binary64_envelope
S1,leave_environment_F_walk,polynomial,3564,40,True,0.6389009508712828,mp100_final_sum_with_binary64_envelope
S1,leave_environment_F_walk,polynomial,3565,40,True,0.8473650778720266,mp100_final_sum_with_binary64_envelope
S1,leave_environment_F_walk,polynomial,3566,40,True,0.5392346869454699,mp100_final_sum_with_binary64_envelope
S1,leave_environment_F_walk,polynomial,3567,40,True,1.0289219573355346,mp100_final_sum_with_binary64_envelope
S1,leave_environment_F_walk,polynomial,3568,40,True,0.3001081030742991,mp100_final_sum_with_binary64_envelope
S1,leave_environment_F_walk,polynomial,3570,40,True,0.29646242726312205,mp100_final_sum_with_binary64_envelope
S1,leave_environment_F_walk,polynomial,3571,40,True,0.9792129667190593,mp100_final_sum_with_binary64_envelope
S1,leave_environment_F_walk,polynomial,3572,40,True,0.0815298770306393,mp100_final_sum_with_binary64_envelope
S1,leave_environment_F_walk,polynomial,3574,40,True,0.9368155042955805,mp100_final_sum_with_binary64_envelope
S1,leave_environment_F_walk,polynomial,3575,40,True,0.4166700987186044,mp100_final_sum_with_binary64_envelope
S1,leave_environment_F_walk,polynomial,3576,40,True,0.8848411990846465,mp100_final_sum_with_binary64_envelope
S1,leave_environment_F_walk,polynomial,3577,40,True,0.899509315833834,mp100_final_sum_with_binary64_envelope
S1,leave_environment_F_walk,polynomial,3578,40,True,0.3578021788916622,mp100_final_sum_with_binary64_envelope
S1,leave_environment_F_walk,polynomial,3579,40,True,0.04037499389061514,mp100_final_sum_with_binary64_envelope
S1,leave_environment_F_walk,polynomial,3580,40,True,0.3418366189041085,mp100_final_sum_with_binary64_envelope
S1,leave_environment_F_walk,polynomial,3581,40,True,0.6506854023918414,mp100_final_sum_with_binary64_envelope
S1,leave_environment_F_walk,polynomial,3582,40,True,0.24310766973003134,mp100_final_sum_with_binary64_envelope
S1,leave_environment_F_walk,polynomial,3583,40,True,0.526660508134967,mp100_final_sum_with_binary64_envelope
S1,leave_environment_F_walk,polynomial,3584,40,True,0.8525687875932263,mp100_final_sum_with_binary64_envelope
S1,leave_environment_F_walk,polynomial,3585,40,True,0.42898397793804965,mp100_final_sum_with_binary64_envelope
S1,leave_environment_F_walk,polynomial,3586,40,True,0.2867674513464396,mp100_final_sum_with_binary64_envelope
S1,leave_environment_F_walk,polynomial,3587,40,True,0.7885441978378525,mp100_final_sum_with_binary64_envelope
S1,leave_environment_F_walk,polynomial,3588,40,True,0.7078237520360494,mp100_final_sum_with_binary64_envelope
S1,leave_environment_F_walk,polynomial,3589,40,True,0.012910587469870425,mp100_final_sum_with_binary64_envelope
S1,leave_environment_F_walk,polynomial,3590,40,True,0.8212523666291017,mp100_final_sum_with_binary64_envelope
S1,leave_environment_F_walk,polynomial,3591,32,True,0.05382346724553335,mp100_final_sum_with_binary64_envelope
S1,leave_environment_F_walk,polynomial,3592,40,True,0.29630246859792714,mp100_final_sum_with_binary64_envelope
S1,leave_environment_F_walk,polynomial,3593,40,True,0.10046088630745142,mp100_final_sum_with_binary64_envelope
S1,leave_environment_F_walk,polynomial,3594,40,True,0.1816172284271282,mp100_final_sum_with_binary64_envelope
S1,leave_environment_F_walk,polynomial,3595,40,True,0.4302089076713562,mp100_final_sum_with_binary64_envelope
S1,leave_environment_F_walk,polynomial,3596,40,True,0.6387244562289874,mp100_final_sum_with_binary64_envelope
S1,leave_environment_F_walk,polynomial,3597,40,True,0.5831721297907844,mp100_final_sum_with_binary64_envelope
S1,leave_environment_F_walk,polynomial,3598,40,True,0.6760498355371123,mp100_final_sum_with_binary64_envelope
S1,leave_environment_F_walk,polynomial,3599,40,True,1.3492423959526862,mp100_final_sum_with_binary64_envelope
S1,leave_environment_F_walk,permuted_polynomial,3200,31,True,0.1502169362774462,mp100_final_sum_with_binary64_envelope
S1,leave_environment_F_walk,permuted_polynomial,3201,31,True,0.7424464964569192,mp100_final_sum_with_binary64_envelope
S1,leave_environment_F_walk,permuted_polynomial,3202,31,True,0.17622310855630155,mp100_final_sum_with_binary64_envelope
S1,leave_environment_F_walk,permuted_polynomial,3203,31,True,0.6758327516444685,mp100_final_sum_with_binary64_envelope
S1,leave_environment_F_walk,permuted_polynomial,3206,31,True,0.02312756574976232,mp100_final_sum_with_binary64_envelope
S1,leave_environment_F_walk,permuted_polynomial,3207,31,True,0.028576317623716475,mp100_final_sum_with_binary64_envelope
S1,leave_environment_F_walk,permuted_polynomial,3208,31,True,0.3014653413513348,mp100_final_sum_with_binary64_envelope
S1,leave_environment_F_walk,permuted_polynomial,3209,31,True,0.26065354778677097,mp100_final_sum_with_binary64_envelope
S1,leave_environment_F_walk,permuted_polynomial,3210,31,True,0.22005625499312448,mp100_final_sum_with_binary64_envelope
S1,leave_environment_F_walk,permuted_polynomial,3211,31,True,0.16228083028583573,mp100_final_sum_with_binary64_envelope
S1,leave_environment_F_walk,permuted_polynomial,3212,31,True,0.3940060933668294,mp100_final_sum_with_binary64_envelope
S1,leave_environment_F_walk,permuted_polynomial,3213,31,True,0.1424168510976174,mp100_final_sum_with_binary64_envelope
S1,leave_environment_F_walk,permuted_polynomial,3214,31,True,0.6582291477824919,mp100_final_sum_with_binary64_envelope
S1,leave_environment_F_walk,permuted_polynomial,3215,31,True,0.42569431470667624,mp100_final_sum_with_binary64_envelope
S1,leave_environment_F_walk,permuted_polynomial,3217,31,True,0.733759537075532,mp100_final_sum_with_binary64_envelope
S1,leave_environment_F_walk,permuted_polynomial,3218,31,True,0.4541936346568619,mp100_final_sum_with_binary64_envelope
S1,leave_environment_F_walk,permuted_polynomial,3219,31,True,0.22334293156365764,mp100_final_sum_with_binary64_envelope
S1,leave_environment_F_walk,permuted_polynomial,3220,31,True,0.1589689439839372,mp100_final_sum_with_binary64_envelope
S1,leave_environment_F_walk,permuted_polynomial,3221,31,True,0.31857421880598413,mp100_final_sum_with_binary64_envelope
S1,leave_environment_F_walk,permuted_polynomial,3222,31,True,0.24711858666725728,mp100_final_sum_with_binary64_envelope
S1,leave_environment_F_walk,permuted_polynomial,3223,31,True,0.14641025320419018,mp100_final_sum_with_binary64_envelope
S1,leave_environment_F_walk,permuted_polynomial,3224,31,True,0.40129214214372677,mp100_final_sum_with_binary64_envelope
S1,leave_environment_F_walk,permuted_polynomial,3225,31,True,0.1020260559337479,mp100_final_sum_with_binary64_envelope
S1,leave_environment_F_walk,permuted_polynomial,3226,31,True,0.1996536833927877,mp100_final_sum_with_binary64_envelope
S1,leave_environment_F_walk,permuted_polynomial,3227,31,True,0.038087472673681774,mp100_final_sum_with_binary64_envelope
S1,leave_environment_F_walk,permuted_polynomial,3228,31,True,1.0551086811177028,mp100_final_sum_with_binary64_envelope
S1,leave_environment_F_walk,permuted_polynomial,3229,31,True,0.28690666924034536,mp100_final_sum_with_binary64_envelope
S1,leave_environment_F_walk,permuted_polynomial,3230,31,True,0.05278244396705169,mp100_final_sum_with_binary64_envelope
S1,leave_environment_F_walk,permuted_polynomial,3231,31,True,0.14204910079215646,mp100_final_sum_with_binary64_envelope
S1,leave_environment_F_walk,permuted_polynomial,3232,31,True,0.44226726129996546,mp100_final_sum_with_binary64_envelope
S1,leave_environment_F_walk,permuted_polynomial,3233,31,True,0.28344194555123925,mp100_final_sum_with_binary64_envelope
S1,leave_environment_F_walk,permuted_polynomial,3235,31,True,0.3870915129568464,mp100_final_sum_with_binary64_envelope
S1,leave_environment_F_walk,permuted_polynomial,3237,31,True,0.2750970008274075,mp100_final_sum_with_binary64_envelope
S1,leave_environment_F_walk,permuted_polynomial,3238,31,True,0.33152821660652076,mp100_final_sum_with_binary64_envelope
S1,leave_environment_F_walk,permuted_polynomial,3297,31,True,0.3036499465205274,mp100_final_sum_with_binary64_envelope
S1,leave_environment_F_walk,permuted_polynomial,3446,36,True,0.06459467832797748,mp100_final_sum_with_binary64_envelope
S1,leave_environment_F_walk,permuted_polynomial,3465,35,True,0.08299840728273548,mp100_final_sum_with_binary64_envelope
S1,leave_environment_moving_meeting_room,coordinate,4218,36,True,0.37771459817111475,mp100_final_sum_with_binary64_envelope
S1,leave_environment_moving_meeting_room,coordinate,4222,36,True,0.2305036091912344,mp100_final_sum_with_binary64_envelope
S1,leave_environment_moving_meeting_room,dct,4007,31,True,0.42381476473470425,mp100_final_sum_with_binary64_envelope
S1,leave_environment_moving_meeting_room,dct,4009,31,True,0.7969998630246322,mp100_final_sum_with_binary64_envelope
S1,leave_environment_moving_meeting_room,dct,4017,31,True,0.0017098188807745005,mp100_final_sum_with_binary64_envelope
S1,leave_environment_moving_meeting_room,dct,4022,31,True,0.3595732471626242,mp100_final_sum_with_binary64_envelope
S1,leave_environment_moving_meeting_room,dct,4267,37,True,0.0812518724587583,mp100_final_sum_with_binary64_envelope
S1,leave_environment_moving_meeting_room,dft,4007,31,True,0.062365376773072245,mp100_final_sum_with_binary64_envelope
S1,leave_environment_moving_meeting_room,dft,4008,31,True,0.22484818447923244,mp100_final_sum_with_binary64_envelope
S1,leave_environment_moving_meeting_room,dft,4009,31,True,1.7767699787929352,mp100_final_sum_with_binary64_envelope
S1,leave_environment_moving_meeting_room,dft,4010,31,True,0.8355067371389221,mp100_final_sum_with_binary64_envelope
S1,leave_environment_moving_meeting_room,dft,4013,31,True,0.7745816190018986,mp100_final_sum_with_binary64_envelope
S1,leave_environment_moving_meeting_room,dft,4014,31,True,0.12258999918514751,mp100_final_sum_with_binary64_envelope
S1,leave_environment_moving_meeting_room,dft,4015,31,True,0.39172372079542717,mp100_final_sum_with_binary64_envelope
S1,leave_environment_moving_meeting_room,dft,4017,31,True,0.48562219628830045,mp100_final_sum_with_binary64_envelope
S1,leave_environment_moving_meeting_room,dft,4018,31,True,0.43401601753147606,mp100_final_sum_with_binary64_envelope
S1,leave_environment_moving_meeting_room,dft,4023,31,True,0.8713827340014781,mp100_final_sum_with_binary64_envelope
S1,leave_environment_moving_meeting_room,dft,4024,31,True,0.8147521317873303,mp100_final_sum_with_binary64_envelope
S1,leave_environment_moving_meeting_room,dft,4027,31,True,0.6130971833621363,mp100_final_sum_with_binary64_envelope
S1,leave_environment_moving_meeting_room,dft,4030,31,True,0.8502419478959244,mp100_final_sum_with_binary64_envelope
S1,leave_environment_moving_meeting_room,dft,4031,31,True,1.2699160763329775,mp100_final_sum_with_binary64_envelope
S1,leave_environment_moving_meeting_room,dft,4033,31,True,1.3075876339607624,mp100_final_sum_with_binary64_envelope
S1,leave_environment_moving_meeting_room,dft,4035,31,True,0.5418013335980648,mp100_final_sum_with_binary64_envelope
S1,leave_environment_moving_meeting_room,dft,4036,31,True,1.0354809975746644,mp100_final_sum_with_binary64_envelope
S1,leave_environment_moving_meeting_room,dft,4044,31,True,0.06524017556717651,mp100_final_sum_with_binary64_envelope
S1,leave_environment_moving_meeting_room,dft,4071,31,True,0.029231830001195443,mp100_final_sum_with_binary64_envelope
S1,leave_environment_moving_meeting_room,dft,4074,32,True,0.7489838728599826,mp100_final_sum_with_binary64_envelope
S1,leave_environment_moving_meeting_room,dft,4376,31,True,0.17856845916203282,mp100_final_sum_with_binary64_envelope
S1,leave_environment_moving_meeting_room,polynomial,4000,31,True,0.3645916435003297,mp100_final_sum_with_binary64_envelope
S1,leave_environment_moving_meeting_room,polynomial,4001,31,True,0.35862708580237235,mp100_final_sum_with_binary64_envelope
S1,leave_environment_moving_meeting_room,polynomial,4002,31,True,0.4365318905967395,mp100_final_sum_with_binary64_envelope
S1,leave_environment_moving_meeting_room,polynomial,4004,31,True,0.03429876940930322,mp100_final_sum_with_binary64_envelope
S1,leave_environment_moving_meeting_room,polynomial,4006,31,True,0.09373013277744653,mp100_final_sum_with_binary64_envelope
S1,leave_environment_moving_meeting_room,polynomial,4007,31,True,0.7361101092455891,mp100_final_sum_with_binary64_envelope
S1,leave_environment_moving_meeting_room,polynomial,4008,31,True,0.7619154767671408,mp100_final_sum_with_binary64_envelope
S1,leave_environment_moving_meeting_room,polynomial,4009,31,True,2.3797603131839913,mp100_final_sum_with_binary64_envelope
S1,leave_environment_moving_meeting_room,polynomial,4010,31,True,1.1105411841184474,mp100_final_sum_with_binary64_envelope
S1,leave_environment_moving_meeting_room,polynomial,4011,31,True,0.2972279267822677,mp100_final_sum_with_binary64_envelope
S1,leave_environment_moving_meeting_room,polynomial,4013,31,True,1.0241417062102764,mp100_final_sum_with_binary64_envelope
S1,leave_environment_moving_meeting_room,polynomial,4014,31,True,0.8450588592339761,mp100_final_sum_with_binary64_envelope
S1,leave_environment_moving_meeting_room,polynomial,4015,31,True,0.719044951554584,mp100_final_sum_with_binary64_envelope
S1,leave_environment_moving_meeting_room,polynomial,4016,31,True,0.9130898168723004,mp100_final_sum_with_binary64_envelope
S1,leave_environment_moving_meeting_room,polynomial,4017,31,True,1.6474830776497096,mp100_final_sum_with_binary64_envelope
S1,leave_environment_moving_meeting_room,polynomial,4018,31,True,0.5992776424788215,mp100_final_sum_with_binary64_envelope
S1,leave_environment_moving_meeting_room,polynomial,4019,31,True,0.46212485135348635,mp100_final_sum_with_binary64_envelope
S1,leave_environment_moving_meeting_room,polynomial,4020,31,True,0.23411838752575123,mp100_final_sum_with_binary64_envelope
S1,leave_environment_moving_meeting_room,polynomial,4021,31,True,0.472373277300462,mp100_final_sum_with_binary64_envelope
S1,leave_environment_moving_meeting_room,polynomial,4022,31,True,1.5688005255792843,mp100_final_sum_with_binary64_envelope
S1,leave_environment_moving_meeting_room,polynomial,4023,31,True,1.0340511539581518,mp100_final_sum_with_binary64_envelope
S1,leave_environment_moving_meeting_room,polynomial,4024,31,True,1.1444399348016823,mp100_final_sum_with_binary64_envelope
S1,leave_environment_moving_meeting_room,polynomial,4025,31,True,0.005082060679644062,mp100_final_sum_with_binary64_envelope
S1,leave_environment_moving_meeting_room,polynomial,4026,31,True,1.0861618683087673,mp100_final_sum_with_binary64_envelope
S1,leave_environment_moving_meeting_room,polynomial,4027,31,True,0.6191478867715311,mp100_final_sum_with_binary64_envelope
S1,leave_environment_moving_meeting_room,polynomial,4028,31,True,0.6219251016405611,mp100_final_sum_with_binary64_envelope
S1,leave_environment_moving_meeting_room,polynomial,4029,31,True,0.1572019926800848,mp100_final_sum_with_binary64_envelope
S1,leave_environment_moving_meeting_room,polynomial,4030,31,True,1.5103110177915404,mp100_final_sum_with_binary64_envelope
S1,leave_environment_moving_meeting_room,polynomial,4031,31,True,0.9630974951174366,mp100_final_sum_with_binary64_envelope
S1,leave_environment_moving_meeting_room,polynomial,4032,31,True,0.8300854617192871,mp100_final_sum_with_binary64_envelope
S1,leave_environment_moving_meeting_room,polynomial,4033,31,True,1.3065047764013489,mp100_final_sum_with_binary64_envelope
S1,leave_environment_moving_meeting_room,polynomial,4035,31,True,1.0258864554437084,mp100_final_sum_with_binary64_envelope
S1,leave_environment_moving_meeting_room,polynomial,4036,31,True,1.5717124298694376,mp100_final_sum_with_binary64_envelope
S1,leave_environment_moving_meeting_room,polynomial,4037,31,True,1.1223703467903077,mp100_final_sum_with_binary64_envelope
S1,leave_environment_moving_meeting_room,polynomial,4038,31,True,0.38542306673600546,mp100_final_sum_with_binary64_envelope
S1,leave_environment_moving_meeting_room,polynomial,4039,31,True,1.6089237783471757,mp100_final_sum_with_binary64_envelope
S1,leave_environment_moving_meeting_room,polynomial,4041,32,True,0.2665794810423207,mp100_final_sum_with_binary64_envelope
S1,leave_environment_moving_meeting_room,polynomial,4043,35,True,0.41806033850390356,mp100_final_sum_with_binary64_envelope
S1,leave_environment_moving_meeting_room,polynomial,4045,32,True,0.4390465848254102,mp100_final_sum_with_binary64_envelope
S1,leave_environment_moving_meeting_room,polynomial,4046,37,True,0.029151499579661445,mp100_final_sum_with_binary64_envelope
S1,leave_environment_moving_meeting_room,polynomial,4047,32,True,0.24847252676765894,mp100_final_sum_with_binary64_envelope
S1,leave_environment_moving_meeting_room,polynomial,4053,32,True,0.23914687719342503,mp100_final_sum_with_binary64_envelope
S1,leave_environment_moving_meeting_room,polynomial,4054,32,True,0.23118007846484745,mp100_final_sum_with_binary64_envelope
S1,leave_environment_moving_meeting_room,polynomial,4055,35,True,0.12829243488642128,mp100_final_sum_with_binary64_envelope
S1,leave_environment_moving_meeting_room,polynomial,4056,36,True,0.05966389548986084,mp100_final_sum_with_binary64_envelope
S1,leave_environment_moving_meeting_room,polynomial,4057,32,True,0.22458946615403866,mp100_final_sum_with_binary64_envelope
S1,leave_environment_moving_meeting_room,polynomial,4059,32,True,0.4693066776435844,mp100_final_sum_with_binary64_envelope
S1,leave_environment_moving_meeting_room,polynomial,4060,36,True,0.13763018136305977,mp100_final_sum_with_binary64_envelope
S1,leave_environment_moving_meeting_room,polynomial,4061,32,True,0.11877211975461735,mp100_final_sum_with_binary64_envelope
S1,leave_environment_moving_meeting_room,polynomial,4064,32,True,0.1151455141943983,mp100_final_sum_with_binary64_envelope
S1,leave_environment_moving_meeting_room,polynomial,4065,32,True,0.4072574551206549,mp100_final_sum_with_binary64_envelope
S1,leave_environment_moving_meeting_room,polynomial,4066,32,True,0.49358400598922486,mp100_final_sum_with_binary64_envelope
S1,leave_environment_moving_meeting_room,polynomial,4067,32,True,0.1791192404566351,mp100_final_sum_with_binary64_envelope
S1,leave_environment_moving_meeting_room,polynomial,4069,32,True,0.2396776351743785,mp100_final_sum_with_binary64_envelope
S1,leave_environment_moving_meeting_room,polynomial,4071,31,True,0.1425870680467916,mp100_final_sum_with_binary64_envelope
S1,leave_environment_moving_meeting_room,polynomial,4072,32,True,0.01784416227206116,mp100_final_sum_with_binary64_envelope
S1,leave_environment_moving_meeting_room,polynomial,4073,32,True,0.47067476789992957,mp100_final_sum_with_binary64_envelope
S1,leave_environment_moving_meeting_room,polynomial,4074,32,True,0.8653120553000723,mp100_final_sum_with_binary64_envelope
S1,leave_environment_moving_meeting_room,polynomial,4075,36,True,0.3844173450694926,mp100_final_sum_with_binary64_envelope
S1,leave_environment_moving_meeting_room,polynomial,4076,39,True,0.18928238160115832,mp100_final_sum_with_binary64_envelope
S1,leave_environment_moving_meeting_room,polynomial,4078,32,True,0.2291164745857039,mp100_final_sum_with_binary64_envelope
S1,leave_environment_moving_meeting_room,polynomial,4079,32,True,0.27028121743005246,mp100_final_sum_with_binary64_envelope
S1,leave_environment_moving_meeting_room,polynomial,4081,33,True,0.075756690428948,mp100_final_sum_with_binary64_envelope
S1,leave_environment_moving_meeting_room,polynomial,4083,40,True,0.18583277985630406,mp100_final_sum_with_binary64_envelope
S1,leave_environment_moving_meeting_room,polynomial,4084,33,True,0.37083532796197377,mp100_final_sum_with_binary64_envelope
S1,leave_environment_moving_meeting_room,polynomial,4085,33,True,0.08635908199743458,mp100_final_sum_with_binary64_envelope
S1,leave_environment_moving_meeting_room,polynomial,4086,33,True,0.2467725382570114,mp100_final_sum_with_binary64_envelope
S1,leave_environment_moving_meeting_room,polynomial,4087,36,True,0.14312652181836527,mp100_final_sum_with_binary64_envelope
S1,leave_environment_moving_meeting_room,polynomial,4088,33,True,0.01875239148490325,mp100_final_sum_with_binary64_envelope
S1,leave_environment_moving_meeting_room,polynomial,4089,34,True,0.24776011673290785,mp100_final_sum_with_binary64_envelope
S1,leave_environment_moving_meeting_room,polynomial,4090,39,True,0.13975641454665905,mp100_final_sum_with_binary64_envelope
S1,leave_environment_moving_meeting_room,polynomial,4091,33,True,0.056427885806046074,mp100_final_sum_with_binary64_envelope
S1,leave_environment_moving_meeting_room,polynomial,4093,31,True,0.08740267005240654,mp100_final_sum_with_binary64_envelope
S1,leave_environment_moving_meeting_room,polynomial,4094,36,True,0.5240967678222186,mp100_final_sum_with_binary64_envelope
S1,leave_environment_moving_meeting_room,polynomial,4095,33,True,0.25650703607068315,mp100_final_sum_with_binary64_envelope
S1,leave_environment_moving_meeting_room,polynomial,4096,33,True,0.4961192089871053,mp100_final_sum_with_binary64_envelope
S1,leave_environment_moving_meeting_room,polynomial,4097,34,True,0.04161344155217374,mp100_final_sum_with_binary64_envelope
S1,leave_environment_moving_meeting_room,polynomial,4098,36,True,0.2819541258212524,mp100_final_sum_with_binary64_envelope
S1,leave_environment_moving_meeting_room,polynomial,4100,36,True,0.013994772442891996,mp100_final_sum_with_binary64_envelope
S1,leave_environment_moving_meeting_room,polynomial,4101,33,True,0.5716008586494636,mp100_final_sum_with_binary64_envelope
S1,leave_environment_moving_meeting_room,polynomial,4102,36,True,0.1837297048231271,mp100_final_sum_with_binary64_envelope
S1,leave_environment_moving_meeting_room,polynomial,4104,39,True,0.1707624134885491,mp100_final_sum_with_binary64_envelope
S1,leave_environment_moving_meeting_room,polynomial,4105,36,True,0.014687398973646099,mp100_final_sum_with_binary64_envelope
S1,leave_environment_moving_meeting_room,polynomial,4106,33,True,0.20077518372407535,mp100_final_sum_with_binary64_envelope
S1,leave_environment_moving_meeting_room,polynomial,4112,33,True,0.2537066626885776,mp100_final_sum_with_binary64_envelope
S1,leave_environment_moving_meeting_room,polynomial,4114,36,True,0.19735822299876615,mp100_final_sum_with_binary64_envelope
S1,leave_environment_moving_meeting_room,polynomial,4115,33,True,0.048803371152657794,mp100_final_sum_with_binary64_envelope
S1,leave_environment_moving_meeting_room,polynomial,4116,33,True,0.5860952630635109,mp100_final_sum_with_binary64_envelope
S1,leave_environment_moving_meeting_room,polynomial,4119,33,True,0.4978591742819807,mp100_final_sum_with_binary64_envelope
S1,leave_environment_moving_meeting_room,polynomial,4120,39,True,0.25528835054865634,mp100_final_sum_with_binary64_envelope
S1,leave_environment_moving_meeting_room,polynomial,4121,40,True,0.4122327961042662,mp100_final_sum_with_binary64_envelope
S1,leave_environment_moving_meeting_room,polynomial,4122,36,True,0.033746971419226085,mp100_final_sum_with_binary64_envelope
S1,leave_environment_moving_meeting_room,polynomial,4123,34,True,0.17452215703188914,mp100_final_sum_with_binary64_envelope
S1,leave_environment_moving_meeting_room,polynomial,4124,37,True,0.03201669591319193,mp100_final_sum_with_binary64_envelope
S1,leave_environment_moving_meeting_room,polynomial,4127,34,True,0.05182374991606649,mp100_final_sum_with_binary64_envelope
S1,leave_environment_moving_meeting_room,polynomial,4128,36,True,0.8099997547804734,mp100_final_sum_with_binary64_envelope
S1,leave_environment_moving_meeting_room,polynomial,4131,34,True,0.005018791981102062,mp100_final_sum_with_binary64_envelope
S1,leave_environment_moving_meeting_room,polynomial,4132,34,True,0.3646967420264171,mp100_final_sum_with_binary64_envelope
S1,leave_environment_moving_meeting_room,polynomial,4133,40,True,0.1215709842715639,mp100_final_sum_with_binary64_envelope
S1,leave_environment_moving_meeting_room,polynomial,4136,34,True,4.652433341928685,mp100_final_sum_with_binary64_envelope
S1,leave_environment_moving_meeting_room,polynomial,4139,40,True,0.0801389823902482,mp100_final_sum_with_binary64_envelope
S1,leave_environment_moving_meeting_room,polynomial,4140,34,True,0.020550096116444476,mp100_final_sum_with_binary64_envelope
S1,leave_environment_moving_meeting_room,polynomial,4144,34,True,0.051709231883889414,mp100_final_sum_with_binary64_envelope
S1,leave_environment_moving_meeting_room,polynomial,4147,34,True,0.1371640744256794,mp100_final_sum_with_binary64_envelope
S1,leave_environment_moving_meeting_room,polynomial,4149,37,True,0.0010555327192049609,mp100_final_sum_with_binary64_envelope
S1,leave_environment_moving_meeting_room,polynomial,4150,34,True,0.2827804218277065,mp100_final_sum_with_binary64_envelope
S1,leave_environment_moving_meeting_room,polynomial,4151,40,True,0.17588606901494186,mp100_final_sum_with_binary64_envelope
S1,leave_environment_moving_meeting_room,polynomial,4152,34,True,0.37126828078801377,mp100_final_sum_with_binary64_envelope
S1,leave_environment_moving_meeting_room,polynomial,4153,34,True,0.3637880535506269,mp100_final_sum_with_binary64_envelope
S1,leave_environment_moving_meeting_room,polynomial,4154,34,True,0.2648490327646003,mp100_final_sum_with_binary64_envelope
S1,leave_environment_moving_meeting_room,polynomial,4156,40,True,0.10688685423289739,mp100_final_sum_with_binary64_envelope
S1,leave_environment_moving_meeting_room,polynomial,4157,34,True,0.15396597028733597,mp100_final_sum_with_binary64_envelope
S1,leave_environment_moving_meeting_room,polynomial,4158,34,True,0.5615937468779832,mp100_final_sum_with_binary64_envelope
S1,leave_environment_moving_meeting_room,polynomial,4159,40,True,0.1452794846350104,mp100_final_sum_with_binary64_envelope
S1,leave_environment_moving_meeting_room,polynomial,4161,35,True,0.18651274749328906,mp100_final_sum_with_binary64_envelope
S1,leave_environment_moving_meeting_room,polynomial,4162,35,True,0.4566285574066392,mp100_final_sum_with_binary64_envelope
S1,leave_environment_moving_meeting_room,polynomial,4165,35,True,0.33591881635056936,mp100_final_sum_with_binary64_envelope
S1,leave_environment_moving_meeting_room,polynomial,4166,35,True,0.0608375402652599,mp100_final_sum_with_binary64_envelope
S1,leave_environment_moving_meeting_room,polynomial,4167,35,True,0.1826774115329844,mp100_final_sum_with_binary64_envelope
S1,leave_environment_moving_meeting_room,polynomial,4168,35,True,0.2313156635237568,mp100_final_sum_with_binary64_envelope
S1,leave_environment_moving_meeting_room,polynomial,4170,35,True,0.10446587264812757,mp100_final_sum_with_binary64_envelope
S1,leave_environment_moving_meeting_room,polynomial,4171,35,True,0.21218347192631865,mp100_final_sum_with_binary64_envelope
S1,leave_environment_moving_meeting_room,polynomial,4172,35,True,0.5867515237370831,mp100_final_sum_with_binary64_envelope
S1,leave_environment_moving_meeting_room,polynomial,4173,35,True,0.4312800587241145,mp100_final_sum_with_binary64_envelope
S1,leave_environment_moving_meeting_room,polynomial,4176,33,True,0.03437186353727332,mp100_final_sum_with_binary64_envelope
S1,leave_environment_moving_meeting_room,polynomial,4177,35,True,0.45605788352498955,mp100_final_sum_with_binary64_envelope
S1,leave_environment_moving_meeting_room,polynomial,4178,35,True,0.4560914518436647,mp100_final_sum_with_binary64_envelope
S1,leave_environment_moving_meeting_room,polynomial,4179,35,True,0.142598495392148,mp100_final_sum_with_binary64_envelope
S1,leave_environment_moving_meeting_room,polynomial,4181,35,True,0.3534939957528821,mp100_final_sum_with_binary64_envelope
S1,leave_environment_moving_meeting_room,polynomial,4183,35,True,0.014000142343210063,mp100_final_sum_with_binary64_envelope
S1,leave_environment_moving_meeting_room,polynomial,4184,37,True,2.3922371769737376,mp100_final_sum_with_binary64_envelope
S1,leave_environment_moving_meeting_room,polynomial,4187,35,True,0.1669866680537677,mp100_final_sum_with_binary64_envelope
S1,leave_environment_moving_meeting_room,polynomial,4188,35,True,0.27999438008933,mp100_final_sum_with_binary64_envelope
S1,leave_environment_moving_meeting_room,polynomial,4189,35,True,0.07799682802628646,mp100_final_sum_with_binary64_envelope
S1,leave_environment_moving_meeting_room,polynomial,4190,35,True,0.9951758865359575,mp100_final_sum_with_binary64_envelope
S1,leave_environment_moving_meeting_room,polynomial,4191,32,True,0.015677462845538198,mp100_final_sum_with_binary64_envelope
S1,leave_environment_moving_meeting_room,polynomial,4192,35,True,0.42868065567093294,mp100_final_sum_with_binary64_envelope
S1,leave_environment_moving_meeting_room,polynomial,4193,35,True,0.3634227184439933,mp100_final_sum_with_binary64_envelope
S1,leave_environment_moving_meeting_room,polynomial,4194,35,True,0.1815995483717921,mp100_final_sum_with_binary64_envelope
S1,leave_environment_moving_meeting_room,polynomial,4196,35,True,0.13038030433072245,mp100_final_sum_with_binary64_envelope
S1,leave_environment_moving_meeting_room,polynomial,4197,35,True,0.4832456827170322,mp100_final_sum_with_binary64_envelope
S1,leave_environment_moving_meeting_room,polynomial,4198,35,True,0.72197045583656,mp100_final_sum_with_binary64_envelope
S1,leave_environment_moving_meeting_room,polynomial,4199,35,True,0.31484924486471383,mp100_final_sum_with_binary64_envelope
S1,leave_environment_moving_meeting_room,polynomial,4201,33,True,0.4004166538877118,mp100_final_sum_with_binary64_envelope
S1,leave_environment_moving_meeting_room,polynomial,4202,40,True,0.07392540683691187,mp100_final_sum_with_binary64_envelope
S1,leave_environment_moving_meeting_room,polynomial,4204,33,True,0.36247639312236746,mp100_final_sum_with_binary64_envelope
S1,leave_environment_moving_meeting_room,polynomial,4205,33,True,0.40967304644821806,mp100_final_sum_with_binary64_envelope
S1,leave_environment_moving_meeting_room,polynomial,4206,33,True,0.031349079134234736,mp100_final_sum_with_binary64_envelope
S1,leave_environment_moving_meeting_room,polynomial,4207,40,True,0.7406936573518363,mp100_final_sum_with_binary64_envelope
S1,leave_environment_moving_meeting_room,polynomial,4208,36,True,0.012674299366072462,mp100_final_sum_with_binary64_envelope
S1,leave_environment_moving_meeting_room,polynomial,4209,33,True,0.04938010315710164,mp100_final_sum_with_binary64_envelope
S1,leave_environment_moving_meeting_room,polynomial,4211,36,True,0.13649030560717254,mp100_final_sum_with_binary64_envelope
S1,leave_environment_moving_meeting_room,polynomial,4215,36,True,0.30693296531689074,mp100_final_sum_with_binary64_envelope
S1,leave_environment_moving_meeting_room,polynomial,4216,37,True,0.09656807380459582,mp100_final_sum_with_binary64_envelope
S1,leave_environment_moving_meeting_room,polynomial,4217,36,True,0.030104430647872823,mp100_final_sum_with_binary64_envelope
S1,leave_environment_moving_meeting_room,polynomial,4218,36,True,0.6973395324730842,mp100_final_sum_with_binary64_envelope
S1,leave_environment_moving_meeting_room,polynomial,4220,36,True,0.31841608856973364,mp100_final_sum_with_binary64_envelope
S1,leave_environment_moving_meeting_room,polynomial,4221,36,True,0.09646080873071557,mp100_final_sum_with_binary64_envelope
S1,leave_environment_moving_meeting_room,polynomial,4222,36,True,0.6455458120960993,mp100_final_sum_with_binary64_envelope
S1,leave_environment_moving_meeting_room,polynomial,4224,34,True,0.23153384463141588,mp100_final_sum_with_binary64_envelope
S1,leave_environment_moving_meeting_room,polynomial,4225,36,True,0.011506476076694482,mp100_final_sum_with_binary64_envelope
S1,leave_environment_moving_meeting_room,polynomial,4227,35,True,0.12006592075534175,mp100_final_sum_with_binary64_envelope
S1,leave_environment_moving_meeting_room,polynomial,4228,36,True,0.20416893970570077,mp100_final_sum_with_binary64_envelope
S1,leave_environment_moving_meeting_room,polynomial,4229,33,True,0.22987850640271656,mp100_final_sum_with_binary64_envelope
S1,leave_environment_moving_meeting_room,polynomial,4230,33,True,0.030613202579155157,mp100_final_sum_with_binary64_envelope
S1,leave_environment_moving_meeting_room,polynomial,4231,36,True,0.019521213899483515,mp100_final_sum_with_binary64_envelope
S1,leave_environment_moving_meeting_room,polynomial,4232,34,True,0.09806111288743627,mp100_final_sum_with_binary64_envelope
S1,leave_environment_moving_meeting_room,polynomial,4233,34,True,0.14754493481533595,mp100_final_sum_with_binary64_envelope
S1,leave_environment_moving_meeting_room,polynomial,4234,36,True,0.34809241959538223,mp100_final_sum_with_binary64_envelope
S1,leave_environment_moving_meeting_room,polynomial,4237,40,True,0.07116661298580249,mp100_final_sum_with_binary64_envelope
S1,leave_environment_moving_meeting_room,polynomial,4239,36,True,0.2523678949132133,mp100_final_sum_with_binary64_envelope
S1,leave_environment_moving_meeting_room,polynomial,4240,37,True,0.33504353683676397,mp100_final_sum_with_binary64_envelope
S1,leave_environment_moving_meeting_room,polynomial,4243,37,True,0.17899813862347494,mp100_final_sum_with_binary64_envelope
S1,leave_environment_moving_meeting_room,polynomial,4244,34,True,0.12751761213978932,mp100_final_sum_with_binary64_envelope
S1,leave_environment_moving_meeting_room,polynomial,4245,39,True,0.010928155913366709,mp100_final_sum_with_binary64_envelope
S1,leave_environment_moving_meeting_room,polynomial,4246,34,True,0.24948448990101435,mp100_final_sum_with_binary64_envelope
S1,leave_environment_moving_meeting_room,polynomial,4247,37,True,0.22689668903803695,mp100_final_sum_with_binary64_envelope
S1,leave_environment_moving_meeting_room,polynomial,4249,37,True,0.43954948738779037,mp100_final_sum_with_binary64_envelope
S1,leave_environment_moving_meeting_room,polynomial,4251,37,True,0.27538174068794236,mp100_final_sum_with_binary64_envelope
S1,leave_environment_moving_meeting_room,polynomial,4252,34,True,0.23840732741763407,mp100_final_sum_with_binary64_envelope
S1,leave_environment_moving_meeting_room,polynomial,4253,37,True,0.6261957218736259,mp100_final_sum_with_binary64_envelope
S1,leave_environment_moving_meeting_room,polynomial,4254,40,True,1.2737403184967957,mp100_final_sum_with_binary64_envelope
S1,leave_environment_moving_meeting_room,polynomial,4255,37,True,0.5898217046515201,mp100_final_sum_with_binary64_envelope
S1,leave_environment_moving_meeting_room,polynomial,4256,37,True,1.2064976867469044,mp100_final_sum_with_binary64_envelope
S1,leave_environment_moving_meeting_room,polynomial,4258,37,True,0.16490490781067024,mp100_final_sum_with_binary64_envelope
S1,leave_environment_moving_meeting_room,polynomial,4259,37,True,0.2653848126290212,mp100_final_sum_with_binary64_envelope
S1,leave_environment_moving_meeting_room,polynomial,4260,37,True,0.051366731527852344,mp100_final_sum_with_binary64_envelope
S1,leave_environment_moving_meeting_room,polynomial,4261,37,True,0.061406684249837334,mp100_final_sum_with_binary64_envelope
S1,leave_environment_moving_meeting_room,polynomial,4263,37,True,0.2835026243822449,mp100_final_sum_with_binary64_envelope
S1,leave_environment_moving_meeting_room,polynomial,4266,37,True,0.014314448942644675,mp100_final_sum_with_binary64_envelope
S1,leave_environment_moving_meeting_room,polynomial,4267,37,True,0.8309111225056394,mp100_final_sum_with_binary64_envelope
S1,leave_environment_moving_meeting_room,polynomial,4268,37,True,0.030189721698015606,mp100_final_sum_with_binary64_envelope
S1,leave_environment_moving_meeting_room,polynomial,4269,33,True,0.1560358394793108,mp100_final_sum_with_binary64_envelope
S1,leave_environment_moving_meeting_room,polynomial,4271,34,True,0.32511135141339725,mp100_final_sum_with_binary64_envelope
S1,leave_environment_moving_meeting_room,polynomial,4273,37,True,0.2897398806472436,mp100_final_sum_with_binary64_envelope
S1,leave_environment_moving_meeting_room,polynomial,4277,34,True,0.036169172655555096,mp100_final_sum_with_binary64_envelope
S1,leave_environment_moving_meeting_room,polynomial,4279,34,True,0.26681529872251275,mp100_final_sum_with_binary64_envelope
S1,leave_environment_moving_meeting_room,polynomial,4281,38,True,0.3484322487625196,mp100_final_sum_with_binary64_envelope
S1,leave_environment_moving_meeting_room,polynomial,4282,38,True,1.3567473708700963,mp100_final_sum_with_binary64_envelope
S1,leave_environment_moving_meeting_room,polynomial,4283,38,True,0.11382159933280762,mp100_final_sum_with_binary64_envelope
S1,leave_environment_moving_meeting_room,polynomial,4286,38,True,0.2605280375930497,mp100_final_sum_with_binary64_envelope
S1,leave_environment_moving_meeting_room,polynomial,4287,38,True,0.9428502470197101,mp100_final_sum_with_binary64_envelope
S1,leave_environment_moving_meeting_room,polynomial,4288,38,True,0.15311314554709368,mp100_final_sum_with_binary64_envelope
S1,leave_environment_moving_meeting_room,polynomial,4289,38,True,0.5907480011973235,mp100_final_sum_with_binary64_envelope
S1,leave_environment_moving_meeting_room,polynomial,4290,38,True,1.012139897331939,mp100_final_sum_with_binary64_envelope
S1,leave_environment_moving_meeting_room,polynomial,4291,38,True,0.012877574043098845,mp100_final_sum_with_binary64_envelope
S1,leave_environment_moving_meeting_room,polynomial,4292,38,True,0.9118458081231741,mp100_final_sum_with_binary64_envelope
S1,leave_environment_moving_meeting_room,polynomial,4293,38,True,0.672267392402695,mp100_final_sum_with_binary64_envelope
S1,leave_environment_moving_meeting_room,polynomial,4294,38,True,0.8574659747138507,mp100_final_sum_with_binary64_envelope
S1,leave_environment_moving_meeting_room,polynomial,4295,38,True,1.3064037932615502,mp100_final_sum_with_binary64_envelope
S1,leave_environment_moving_meeting_room,polynomial,4296,38,True,0.8517825466436335,mp100_final_sum_with_binary64_envelope
S1,leave_environment_moving_meeting_room,polynomial,4297,38,True,0.906420317207513,mp100_final_sum_with_binary64_envelope
S1,leave_environment_moving_meeting_room,polynomial,4298,38,True,0.9549608183804353,mp100_final_sum_with_binary64_envelope
S1,leave_environment_moving_meeting_room,polynomial,4299,38,True,0.8143104789578899,mp100_final_sum_with_binary64_envelope
S1,leave_environment_moving_meeting_room,polynomial,4300,38,True,0.7834421998474781,mp100_final_sum_with_binary64_envelope
S1,leave_environment_moving_meeting_room,polynomial,4301,38,True,0.5537942457391568,mp100_final_sum_with_binary64_envelope
S1,leave_environment_moving_meeting_room,polynomial,4302,38,True,0.7655196276990112,mp100_final_sum_with_binary64_envelope
S1,leave_environment_moving_meeting_room,polynomial,4303,38,True,0.3236134216474409,mp100_final_sum_with_binary64_envelope
S1,leave_environment_moving_meeting_room,polynomial,4304,38,True,0.15329867467404099,mp100_final_sum_with_binary64_envelope
S1,leave_environment_moving_meeting_room,polynomial,4305,38,True,1.0728848097315864,mp100_final_sum_with_binary64_envelope
S1,leave_environment_moving_meeting_room,polynomial,4306,38,True,0.6771342277809078,mp100_final_sum_with_binary64_envelope
S1,leave_environment_moving_meeting_room,polynomial,4307,38,True,0.4020651439177932,mp100_final_sum_with_binary64_envelope
S1,leave_environment_moving_meeting_room,polynomial,4308,38,True,0.4496438547318418,mp100_final_sum_with_binary64_envelope
S1,leave_environment_moving_meeting_room,polynomial,4309,38,True,0.791934062506172,mp100_final_sum_with_binary64_envelope
S1,leave_environment_moving_meeting_room,polynomial,4310,38,True,0.49461762350248195,mp100_final_sum_with_binary64_envelope
S1,leave_environment_moving_meeting_room,polynomial,4311,39,True,0.18530395703964417,mp100_final_sum_with_binary64_envelope
S1,leave_environment_moving_meeting_room,polynomial,4312,36,True,0.022501798833748827,mp100_final_sum_with_binary64_envelope
S1,leave_environment_moving_meeting_room,polynomial,4313,35,True,0.098850465675093,mp100_final_sum_with_binary64_envelope
S1,leave_environment_moving_meeting_room,polynomial,4315,35,True,0.06496689094902056,mp100_final_sum_with_binary64_envelope
S1,leave_environment_moving_meeting_room,polynomial,4316,38,True,0.015165602454758564,mp100_final_sum_with_binary64_envelope
S1,leave_environment_moving_meeting_room,polynomial,4317,38,True,0.5939991798202622,mp100_final_sum_with_binary64_envelope
S1,leave_environment_moving_meeting_room,polynomial,4318,38,True,0.6479992018294052,mp100_final_sum_with_binary64_envelope
S1,leave_environment_moving_meeting_room,polynomial,4319,35,True,0.03287095504006041,mp100_final_sum_with_binary64_envelope
S1,leave_environment_moving_meeting_room,polynomial,4320,40,True,0.04670460752533684,mp100_final_sum_with_binary64_envelope
S1,leave_environment_moving_meeting_room,polynomial,4323,40,True,0.1914786170546478,mp100_final_sum_with_binary64_envelope
S1,leave_environment_moving_meeting_room,polynomial,4324,39,True,0.08861019629334702,mp100_final_sum_with_binary64_envelope
S1,leave_environment_moving_meeting_room,polynomial,4325,37,True,0.4952967171180149,mp100_final_sum_with_binary64_envelope
S1,leave_environment_moving_meeting_room,polynomial,4327,37,True,0.002215975768425969,mp100_final_sum_with_binary64_envelope
S1,leave_environment_moving_meeting_room,polynomial,4329,37,True,0.809349283261165,mp100_final_sum_with_binary64_envelope
S1,leave_environment_moving_meeting_room,polynomial,4330,39,True,0.3824432163439236,mp100_final_sum_with_binary64_envelope
S1,leave_environment_moving_meeting_room,polynomial,4332,40,True,0.2214519901546213,mp100_final_sum_with_binary64_envelope
S1,leave_environment_moving_meeting_room,polynomial,4333,39,True,0.1634820366485561,mp100_final_sum_with_binary64_envelope
S1,leave_environment_moving_meeting_room,polynomial,4335,39,True,0.1336672761028877,mp100_final_sum_with_binary64_envelope
S1,leave_environment_moving_meeting_room,polynomial,4336,39,True,0.17270023982223887,mp100_final_sum_with_binary64_envelope
S1,leave_environment_moving_meeting_room,polynomial,4337,39,True,0.20708721631974017,mp100_final_sum_with_binary64_envelope
S1,leave_environment_moving_meeting_room,polynomial,4339,39,True,0.3001652898445568,mp100_final_sum_with_binary64_envelope
S1,leave_environment_moving_meeting_room,polynomial,4340,39,True,0.29839150450765184,mp100_final_sum_with_binary64_envelope
S1,leave_environment_moving_meeting_room,polynomial,4342,39,True,0.16984673445880982,mp100_final_sum_with_binary64_envelope
S1,leave_environment_moving_meeting_room,polynomial,4343,39,True,0.10460033463845307,mp100_final_sum_with_binary64_envelope
S1,leave_environment_moving_meeting_room,polynomial,4344,39,True,0.017235911898715525,mp100_final_sum_with_binary64_envelope
S1,leave_environment_moving_meeting_room,polynomial,4346,39,True,0.11599443696411076,mp100_final_sum_with_binary64_envelope
S1,leave_environment_moving_meeting_room,polynomial,4347,34,True,0.45884233454072093,mp100_final_sum_with_binary64_envelope
S1,leave_environment_moving_meeting_room,polynomial,4348,39,True,0.1050433300143391,mp100_final_sum_with_binary64_envelope
S1,leave_environment_moving_meeting_room,polynomial,4349,39,True,0.2964703713189847,mp100_final_sum_with_binary64_envelope
S1,leave_environment_moving_meeting_room,polynomial,4350,39,True,0.48968802126095234,mp100_final_sum_with_binary64_envelope
S1,leave_environment_moving_meeting_room,polynomial,4352,37,True,0.33231361699886064,mp100_final_sum_with_binary64_envelope
S1,leave_environment_moving_meeting_room,polynomial,4353,34,True,0.3363277719232415,mp100_final_sum_with_binary64_envelope
S1,leave_environment_moving_meeting_room,polynomial,4354,39,True,0.1664220436507475,mp100_final_sum_with_binary64_envelope
S1,leave_environment_moving_meeting_room,polynomial,4356,39,True,0.33626240053834167,mp100_final_sum_with_binary64_envelope
S1,leave_environment_moving_meeting_room,polynomial,4358,40,True,0.71136640706063,mp100_final_sum_with_binary64_envelope
S1,leave_environment_moving_meeting_room,polynomial,4359,40,True,0.22042331135883786,mp100_final_sum_with_binary64_envelope
S1,leave_environment_moving_meeting_room,polynomial,4360,40,True,0.6352508425893382,mp100_final_sum_with_binary64_envelope
S1,leave_environment_moving_meeting_room,polynomial,4362,40,True,0.7546814614630213,mp100_final_sum_with_binary64_envelope
S1,leave_environment_moving_meeting_room,polynomial,4364,40,True,0.6588245537331159,mp100_final_sum_with_binary64_envelope
S1,leave_environment_moving_meeting_room,polynomial,4365,40,True,0.8311423702309849,mp100_final_sum_with_binary64_envelope
S1,leave_environment_moving_meeting_room,polynomial,4366,40,True,0.14306948118795842,mp100_final_sum_with_binary64_envelope
S1,leave_environment_moving_meeting_room,polynomial,4367,40,True,0.23970064572903022,mp100_final_sum_with_binary64_envelope
S1,leave_environment_moving_meeting_room,polynomial,4368,40,True,0.34052218008986784,mp100_final_sum_with_binary64_envelope
S1,leave_environment_moving_meeting_room,polynomial,4369,40,True,0.6168205909012631,mp100_final_sum_with_binary64_envelope
S1,leave_environment_moving_meeting_room,polynomial,4370,40,True,0.621483088694029,mp100_final_sum_with_binary64_envelope
S1,leave_environment_moving_meeting_room,polynomial,4371,40,True,0.009553615890737185,mp100_final_sum_with_binary64_envelope
S1,leave_environment_moving_meeting_room,polynomial,4372,36,True,0.20297625411909984,mp100_final_sum_with_binary64_envelope
S1,leave_environment_moving_meeting_room,polynomial,4373,40,True,0.4974226950309511,mp100_final_sum_with_binary64_envelope
S1,leave_environment_moving_meeting_room,polynomial,4374,40,True,0.22937939357859405,mp100_final_sum_with_binary64_envelope
S1,leave_environment_moving_meeting_room,polynomial,4375,40,True,0.921706679968255,mp100_final_sum_with_binary64_envelope
S1,leave_environment_moving_meeting_room,polynomial,4376,31,True,0.7021367621012568,mp100_final_sum_with_binary64_envelope
S1,leave_environment_moving_meeting_room,polynomial,4378,40,True,0.560463065880582,mp100_final_sum_with_binary64_envelope
S1,leave_environment_moving_meeting_room,polynomial,4380,40,True,0.5714901688176192,mp100_final_sum_with_binary64_envelope
S1,leave_environment_moving_meeting_room,polynomial,4381,40,True,0.4439155777718503,mp100_final_sum_with_binary64_envelope
S1,leave_environment_moving_meeting_room,polynomial,4382,40,True,0.1724680483979014,mp100_final_sum_with_binary64_envelope
S1,leave_environment_moving_meeting_room,polynomial,4384,40,True,0.898909820767929,mp100_final_sum_with_binary64_envelope
S1,leave_environment_moving_meeting_room,polynomial,4385,40,True,0.7670787946483033,mp100_final_sum_with_binary64_envelope
S1,leave_environment_moving_meeting_room,polynomial,4386,40,True,0.43374666054118605,mp100_final_sum_with_binary64_envelope
S1,leave_environment_moving_meeting_room,polynomial,4390,40,True,0.34840312176365396,mp100_final_sum_with_binary64_envelope
S1,leave_environment_moving_meeting_room,polynomial,4391,40,True,0.5444241046009447,mp100_final_sum_with_binary64_envelope
S1,leave_environment_moving_meeting_room,polynomial,4392,40,True,0.5208363617590289,mp100_final_sum_with_binary64_envelope
S1,leave_environment_moving_meeting_room,polynomial,4393,40,True,0.2031452441723331,mp100_final_sum_with_binary64_envelope
S1,leave_environment_moving_meeting_room,polynomial,4394,40,True,0.5477840753241026,mp100_final_sum_with_binary64_envelope
S1,leave_environment_moving_meeting_room,polynomial,4395,40,True,0.39882819793664365,mp100_final_sum_with_binary64_envelope
S1,leave_environment_moving_meeting_room,polynomial,4396,40,True,0.7396074509089995,mp100_final_sum_with_binary64_envelope
S1,leave_environment_moving_meeting_room,polynomial,4397,40,True,0.1079499739608398,mp100_final_sum_with_binary64_envelope
S1,leave_environment_moving_meeting_room,polynomial,4398,40,True,0.4005089830877534,mp100_final_sum_with_binary64_envelope
S1,leave_environment_moving_meeting_room,polynomial,4399,40,True,0.07986616652467027,mp100_final_sum_with_binary64_envelope
S1,leave_environment_moving_meeting_room,random_orthogonal,4017,31,True,0.24473913096791222,mp100_final_sum_with_binary64_envelope
S1,leave_environment_moving_meeting_room,random_orthogonal,4022,31,True,0.21760544919491115,mp100_final_sum_with_binary64_envelope
S1,leave_environment_moving_meeting_room,random_orthogonal,4026,31,True,0.15697293199320056,mp100_final_sum_with_binary64_envelope
S1,leave_environment_moving_meeting_room,random_orthogonal,4035,31,True,0.39690938899000255,mp100_final_sum_with_binary64_envelope
S1,leave_environment_moving_meeting_room,random_orthogonal,4039,31,True,0.3011324771863695,mp100_final_sum_with_binary64_envelope
S1,leave_environment_moving_meeting_room,permuted_polynomial,4001,31,True,0.29300062629073975,mp100_final_sum_with_binary64_envelope
S1,leave_environment_moving_meeting_room,permuted_polynomial,4004,31,True,0.5437608351515477,mp100_final_sum_with_binary64_envelope
S1,leave_environment_moving_meeting_room,permuted_polynomial,4009,31,True,1.9642037999684854,mp100_final_sum_with_binary64_envelope
S1,leave_environment_moving_meeting_room,permuted_polynomial,4010,31,True,0.1493401030532444,mp100_final_sum_with_binary64_envelope
S1,leave_environment_moving_meeting_room,permuted_polynomial,4014,31,True,0.000496182634707197,mp100_final_sum_with_binary64_envelope
S1,leave_environment_moving_meeting_room,permuted_polynomial,4015,31,True,0.26225933907235477,mp100_final_sum_with_binary64_envelope
S1,leave_environment_moving_meeting_room,permuted_polynomial,4017,31,True,1.0960715851490377,mp100_final_sum_with_binary64_envelope
S1,leave_environment_moving_meeting_room,permuted_polynomial,4021,31,True,0.26313194072609136,mp100_final_sum_with_binary64_envelope
S1,leave_environment_moving_meeting_room,permuted_polynomial,4023,31,True,0.5696708902108365,mp100_final_sum_with_binary64_envelope
S1,leave_environment_moving_meeting_room,permuted_polynomial,4024,31,True,0.14430790038143193,mp100_final_sum_with_binary64_envelope
S1,leave_environment_moving_meeting_room,permuted_polynomial,4027,31,True,0.8706756159958376,mp100_final_sum_with_binary64_envelope
S1,leave_environment_moving_meeting_room,permuted_polynomial,4028,31,True,0.22488664767805325,mp100_final_sum_with_binary64_envelope
S1,leave_environment_moving_meeting_room,permuted_polynomial,4030,31,True,0.9771459135157063,mp100_final_sum_with_binary64_envelope
S1,leave_environment_moving_meeting_room,permuted_polynomial,4031,31,True,0.5547083933202532,mp100_final_sum_with_binary64_envelope
S1,leave_environment_moving_meeting_room,permuted_polynomial,4033,31,True,1.0578450558684203,mp100_final_sum_with_binary64_envelope
S1,leave_environment_moving_meeting_room,permuted_polynomial,4035,31,True,0.6011794628678797,mp100_final_sum_with_binary64_envelope
S1,leave_environment_moving_meeting_room,permuted_polynomial,4036,31,True,0.7083934638380828,mp100_final_sum_with_binary64_envelope
S1,leave_environment_moving_meeting_room,permuted_polynomial,4037,31,True,0.01893455597342974,mp100_final_sum_with_binary64_envelope
S1,leave_environment_moving_meeting_room,permuted_polynomial,4136,34,True,0.2121145603365314,mp100_final_sum_with_binary64_envelope
S1,leave_environment_moving_office,dct,3961,40,True,0.00035847838211822017,mp100_final_sum_with_binary64_envelope
S1,leave_environment_moving_office,dft,3600,31,True,0.2274562160796485,mp100_final_sum_with_binary64_envelope
S1,leave_environment_moving_office,dft,3601,31,True,1.4571045627436503,mp100_final_sum_with_binary64_envelope
S1,leave_environment_moving_office,dft,3602,31,True,1.3818621364915313,mp100_final_sum_with_binary64_envelope
S1,leave_environment_moving_office,dft,3603,31,True,1.1211514123698183,mp100_final_sum_with_binary64_envelope
S1,leave_environment_moving_office,dft,3604,31,True,2.1291515918639297,mp100_final_sum_with_binary64_envelope
S1,leave_environment_moving_office,dft,3605,31,True,0.7877769939316795,mp100_final_sum_with_binary64_envelope
S1,leave_environment_moving_office,dft,3606,31,True,1.1197336243191625,mp100_final_sum_with_binary64_envelope
S1,leave_environment_moving_office,dft,3608,31,True,1.3048914063137442,mp100_final_sum_with_binary64_envelope
S1,leave_environment_moving_office,dft,3609,31,True,0.7054199958439775,mp100_final_sum_with_binary64_envelope
S1,leave_environment_moving_office,dft,3610,31,True,0.05808632721669076,mp100_final_sum_with_binary64_envelope
S1,leave_environment_moving_office,dft,3611,31,True,1.1703903517310388,mp100_final_sum_with_binary64_envelope
S1,leave_environment_moving_office,dft,3612,31,True,1.209809722292122,mp100_final_sum_with_binary64_envelope
S1,leave_environment_moving_office,dft,3613,31,True,1.3918840387036453,mp100_final_sum_with_binary64_envelope
S1,leave_environment_moving_office,dft,3614,31,True,0.6680482274071863,mp100_final_sum_with_binary64_envelope
S1,leave_environment_moving_office,dft,3615,31,True,1.0259208495364114,mp100_final_sum_with_binary64_envelope
S1,leave_environment_moving_office,dft,3616,31,True,0.21479425133881327,mp100_final_sum_with_binary64_envelope
S1,leave_environment_moving_office,dft,3617,31,True,1.8099880434260553,mp100_final_sum_with_binary64_envelope
S1,leave_environment_moving_office,dft,3618,31,True,0.8213179712846744,mp100_final_sum_with_binary64_envelope
S1,leave_environment_moving_office,dft,3619,31,True,0.881418730082919,mp100_final_sum_with_binary64_envelope
S1,leave_environment_moving_office,dft,3620,31,True,0.8726631937245796,mp100_final_sum_with_binary64_envelope
S1,leave_environment_moving_office,dft,3621,31,True,1.083237214464495,mp100_final_sum_with_binary64_envelope
S1,leave_environment_moving_office,dft,3622,31,True,1.3634146263565174,mp100_final_sum_with_binary64_envelope
S1,leave_environment_moving_office,dft,3623,31,True,1.5037028193245663,mp100_final_sum_with_binary64_envelope
S1,leave_environment_moving_office,dft,3624,31,True,1.1635743199848017,mp100_final_sum_with_binary64_envelope
S1,leave_environment_moving_office,dft,3626,31,True,1.0744967446627622,mp100_final_sum_with_binary64_envelope
S1,leave_environment_moving_office,dft,3627,31,True,1.4534869988703638,mp100_final_sum_with_binary64_envelope
S1,leave_environment_moving_office,dft,3628,31,True,1.6662638056625105,mp100_final_sum_with_binary64_envelope
S1,leave_environment_moving_office,dft,3629,31,True,1.3529653499734853,mp100_final_sum_with_binary64_envelope
S1,leave_environment_moving_office,dft,3630,31,True,1.202840408340314,mp100_final_sum_with_binary64_envelope
S1,leave_environment_moving_office,dft,3631,31,True,1.1797785512511691,mp100_final_sum_with_binary64_envelope
S1,leave_environment_moving_office,dft,3633,31,True,0.8338558033371793,mp100_final_sum_with_binary64_envelope
S1,leave_environment_moving_office,dft,3634,31,True,1.1771518434783301,mp100_final_sum_with_binary64_envelope
S1,leave_environment_moving_office,dft,3635,31,True,0.5346821103197928,mp100_final_sum_with_binary64_envelope
S1,leave_environment_moving_office,dft,3636,31,True,1.0806890565116305,mp100_final_sum_with_binary64_envelope
S1,leave_environment_moving_office,dft,3638,31,True,1.1783028529570168,mp100_final_sum_with_binary64_envelope
S1,leave_environment_moving_office,dft,3639,31,True,0.4076090949264119,mp100_final_sum_with_binary64_envelope
S1,leave_environment_moving_office,dft,3764,31,True,0.17912907120294635,mp100_final_sum_with_binary64_envelope
S1,leave_environment_moving_office,dft,3781,31,True,0.1304164219070901,mp100_final_sum_with_binary64_envelope
S1,leave_environment_moving_office,dft,3796,31,True,0.05732839936558401,mp100_final_sum_with_binary64_envelope
S1,leave_environment_moving_office,dft,3798,31,True,0.31901090498144796,mp100_final_sum_with_binary64_envelope
S1,leave_environment_moving_office,dft,3876,31,True,0.009861564412722198,mp100_final_sum_with_binary64_envelope
S1,leave_environment_moving_office,dft,3917,31,True,0.2633118927764591,mp100_final_sum_with_binary64_envelope
S1,leave_environment_moving_office,polynomial,3600,31,True,1.2688319987300312,mp100_final_sum_with_binary64_envelope
S1,leave_environment_moving_office,polynomial,3601,31,True,1.5374289570036475,mp100_final_sum_with_binary64_envelope
S1,leave_environment_moving_office,polynomial,3602,31,True,1.5902435685729237,mp100_final_sum_with_binary64_envelope
S1,leave_environment_moving_office,polynomial,3603,31,True,1.6591754977448405,mp100_final_sum_with_binary64_envelope
S1,leave_environment_moving_office,polynomial,3604,31,True,1.852737454285522,mp100_final_sum_with_binary64_envelope
S1,leave_environment_moving_office,polynomial,3605,31,True,1.101486286352393,mp100_final_sum_with_binary64_envelope
S1,leave_environment_moving_office,polynomial,3606,31,True,0.9662665262126436,mp100_final_sum_with_binary64_envelope
S1,leave_environment_moving_office,polynomial,3607,31,True,0.8010877819724284,mp100_final_sum_with_binary64_envelope
S1,leave_environment_moving_office,polynomial,3608,31,True,1.5870991439467923,mp100_final_sum_with_binary64_envelope
S1,leave_environment_moving_office,polynomial,3609,31,True,0.779817847449862,mp100_final_sum_with_binary64_envelope
S1,leave_environment_moving_office,polynomial,3610,31,True,0.8256085969250192,mp100_final_sum_with_binary64_envelope
S1,leave_environment_moving_office,polynomial,3611,31,True,1.3082828952527465,mp100_final_sum_with_binary64_envelope
S1,leave_environment_moving_office,polynomial,3612,31,True,1.2147083715425138,mp100_final_sum_with_binary64_envelope
S1,leave_environment_moving_office,polynomial,3613,31,True,1.304469104084588,mp100_final_sum_with_binary64_envelope
S1,leave_environment_moving_office,polynomial,3614,31,True,1.4509531586555668,mp100_final_sum_with_binary64_envelope
S1,leave_environment_moving_office,polynomial,3615,31,True,1.0280701058769366,mp100_final_sum_with_binary64_envelope
S1,leave_environment_moving_office,polynomial,3616,31,True,0.6863927932178816,mp100_final_sum_with_binary64_envelope
S1,leave_environment_moving_office,polynomial,3617,31,True,1.7555902639762078,mp100_final_sum_with_binary64_envelope
S1,leave_environment_moving_office,polynomial,3618,31,True,1.0006183851449906,mp100_final_sum_with_binary64_envelope
S1,leave_environment_moving_office,polynomial,3619,31,True,1.0632593494398461,mp100_final_sum_with_binary64_envelope
S1,leave_environment_moving_office,polynomial,3620,31,True,1.2086221061886189,mp100_final_sum_with_binary64_envelope
S1,leave_environment_moving_office,polynomial,3621,31,True,1.6603388496000966,mp100_final_sum_with_binary64_envelope
S1,leave_environment_moving_office,polynomial,3622,31,True,1.7997374180174635,mp100_final_sum_with_binary64_envelope
S1,leave_environment_moving_office,polynomial,3623,31,True,1.3661934411990837,mp100_final_sum_with_binary64_envelope
S1,leave_environment_moving_office,polynomial,3624,31,True,1.4630023910994714,mp100_final_sum_with_binary64_envelope
S1,leave_environment_moving_office,polynomial,3625,31,True,1.4950261359060073,mp100_final_sum_with_binary64_envelope
S1,leave_environment_moving_office,polynomial,3626,31,True,1.5831062883128506,mp100_final_sum_with_binary64_envelope
S1,leave_environment_moving_office,polynomial,3627,31,True,1.7098377352563645,mp100_final_sum_with_binary64_envelope
S1,leave_environment_moving_office,polynomial,3628,31,True,1.6463378804388296,mp100_final_sum_with_binary64_envelope
S1,leave_environment_moving_office,polynomial,3629,31,True,1.2202140472167053,mp100_final_sum_with_binary64_envelope
S1,leave_environment_moving_office,polynomial,3630,31,True,1.1158444608263798,mp100_final_sum_with_binary64_envelope
S1,leave_environment_moving_office,polynomial,3631,31,True,1.3771192797126315,mp100_final_sum_with_binary64_envelope
S1,leave_environment_moving_office,polynomial,3632,31,True,0.9620893909210503,mp100_final_sum_with_binary64_envelope
S1,leave_environment_moving_office,polynomial,3633,31,True,1.603965065155311,mp100_final_sum_with_binary64_envelope
S1,leave_environment_moving_office,polynomial,3634,31,True,1.2336788263589207,mp100_final_sum_with_binary64_envelope
S1,leave_environment_moving_office,polynomial,3635,31,True,1.2339514992574185,mp100_final_sum_with_binary64_envelope
S1,leave_environment_moving_office,polynomial,3636,31,True,1.211393930685531,mp100_final_sum_with_binary64_envelope
S1,leave_environment_moving_office,polynomial,3637,31,True,0.8681024139592349,mp100_final_sum_with_binary64_envelope
S1,leave_environment_moving_office,polynomial,3638,31,True,1.2776274299297496,mp100_final_sum_with_binary64_envelope
S1,leave_environment_moving_office,polynomial,3639,31,True,0.598757118522478,mp100_final_sum_with_binary64_envelope
S1,leave_environment_moving_office,polynomial,3640,32,True,0.5127345881233675,mp100_final_sum_with_binary64_envelope
S1,leave_environment_moving_office,polynomial,3641,32,True,0.6778101464404666,mp100_final_sum_with_binary64_envelope
S1,leave_environment_moving_office,polynomial,3642,32,True,0.5230374799043664,mp100_final_sum_with_binary64_envelope
S1,leave_environment_moving_office,polynomial,3643,40,True,0.2312452064852038,mp100_final_sum_with_binary64_envelope
S1,leave_environment_moving_office,polynomial,3644,32,True,0.32771045252701897,mp100_final_sum_with_binary64_envelope
S1,leave_environment_moving_office,polynomial,3645,32,True,0.695940284638517,mp100_final_sum_with_binary64_envelope
S1,leave_environment_moving_office,polynomial,3646,33,True,0.06281675840636676,mp100_final_sum_with_binary64_envelope
S1,leave_environment_moving_office,polynomial,3647,32,True,1.818589285281648,mp100_final_sum_with_binary64_envelope
S1,leave_environment_moving_office,polynomial,3648,32,True,0.5278299071071908,mp100_final_sum_with_binary64_envelope
S1,leave_environment_moving_office,polynomial,3649,32,True,0.27950407511742664,mp100_final_sum_with_binary64_envelope
S1,leave_environment_moving_office,polynomial,3650,35,True,0.29277551334059926,mp100_final_sum_with_binary64_envelope
S1,leave_environment_moving_office,polynomial,3651,35,True,0.2221404143254378,mp100_final_sum_with_binary64_envelope
S1,leave_environment_moving_office,polynomial,3652,32,True,0.25044656041499,mp100_final_sum_with_binary64_envelope
S1,leave_environment_moving_office,polynomial,3653,32,True,0.3664980068973813,mp100_final_sum_with_binary64_envelope
S1,leave_environment_moving_office,polynomial,3654,32,True,0.08859803888125328,mp100_final_sum_with_binary64_envelope
S1,leave_environment_moving_office,polynomial,3656,33,True,0.17155632538707866,mp100_final_sum_with_binary64_envelope
S1,leave_environment_moving_office,polynomial,3658,32,True,1.0453520737766624,mp100_final_sum_with_binary64_envelope
S1,leave_environment_moving_office,polynomial,3659,32,True,0.16301420563709698,mp100_final_sum_with_binary64_envelope
S1,leave_environment_moving_office,polynomial,3660,32,True,1.0613792631051584,mp100_final_sum_with_binary64_envelope
S1,leave_environment_moving_office,polynomial,3661,35,True,0.1840885614431348,mp100_final_sum_with_binary64_envelope
S1,leave_environment_moving_office,polynomial,3662,32,True,0.40444841151556965,mp100_final_sum_with_binary64_envelope
S1,leave_environment_moving_office,polynomial,3663,32,True,0.1547548372560629,mp100_final_sum_with_binary64_envelope
S1,leave_environment_moving_office,polynomial,3664,32,True,0.46595285420002364,mp100_final_sum_with_binary64_envelope
S1,leave_environment_moving_office,polynomial,3665,32,True,0.37835608211963095,mp100_final_sum_with_binary64_envelope
S1,leave_environment_moving_office,polynomial,3666,32,True,0.08780276544645818,mp100_final_sum_with_binary64_envelope
S1,leave_environment_moving_office,polynomial,3667,32,True,0.03620972111382521,mp100_final_sum_with_binary64_envelope
S1,leave_environment_moving_office,polynomial,3668,32,True,0.5266814642086275,mp100_final_sum_with_binary64_envelope
S1,leave_environment_moving_office,polynomial,3669,40,True,0.1650800348464915,mp100_final_sum_with_binary64_envelope
S1,leave_environment_moving_office,polynomial,3671,32,True,0.3935408649345844,mp100_final_sum_with_binary64_envelope
S1,leave_environment_moving_office,polynomial,3672,33,True,0.06333075574739214,mp100_final_sum_with_binary64_envelope
S1,leave_environment_moving_office,polynomial,3673,32,True,0.6347608891729399,mp100_final_sum_with_binary64_envelope
S1,leave_environment_moving_office,polynomial,3674,31,True,0.23704065620052064,mp100_final_sum_with_binary64_envelope
S1,leave_environment_moving_office,polynomial,3676,32,True,0.18313337732435797,mp100_final_sum_with_binary64_envelope
S1,leave_environment_moving_office,polynomial,3677,32,True,0.1722625490747493,mp100_final_sum_with_binary64_envelope
S1,leave_environment_moving_office,polynomial,3678,32,True,0.3643430808745994,mp100_final_sum_with_binary64_envelope
S1,leave_environment_moving_office,polynomial,3679,39,True,0.05765706822102788,mp100_final_sum_with_binary64_envelope
S1,leave_environment_moving_office,polynomial,3680,33,True,0.019238618258824877,mp100_final_sum_with_binary64_envelope
S1,leave_environment_moving_office,polynomial,3681,33,True,0.4047637636353285,mp100_final_sum_with_binary64_envelope
S1,leave_environment_moving_office,polynomial,3682,36,True,0.06721229479515624,mp100_final_sum_with_binary64_envelope
S1,leave_environment_moving_office,polynomial,3683,33,True,0.4495008004841613,mp100_final_sum_with_binary64_envelope
S1,leave_environment_moving_office,polynomial,3684,32,True,0.050567449570805036,mp100_final_sum_with_binary64_envelope
S1,leave_environment_moving_office,polynomial,3686,33,True,0.39163849411648594,mp100_final_sum_with_binary64_envelope
S1,leave_environment_moving_office,polynomial,3687,33,True,0.2627296725669575,mp100_final_sum_with_binary64_envelope
S1,leave_environment_moving_office,polynomial,3689,33,True,0.20540280845377407,mp100_final_sum_with_binary64_envelope
S1,leave_environment_moving_office,polynomial,3690,33,True,0.19343043233167936,mp100_final_sum_with_binary64_envelope
S1,leave_environment_moving_office,polynomial,3691,33,True,0.08554056880828138,mp100_final_sum_with_binary64_envelope
S1,leave_environment_moving_office,polynomial,3692,32,True,0.19017108890694323,mp100_final_sum_with_binary64_envelope
S1,leave_environment_moving_office,polynomial,3694,33,True,0.5339869607511858,mp100_final_sum_with_binary64_envelope
S1,leave_environment_moving_office,polynomial,3695,33,True,0.0589715762885848,mp100_final_sum_with_binary64_envelope
S1,leave_environment_moving_office,polynomial,3696,33,True,0.23230908195268413,mp100_final_sum_with_binary64_envelope
S1,leave_environment_moving_office,polynomial,3697,33,True,0.5452176627471402,mp100_final_sum_with_binary64_envelope
S1,leave_environment_moving_office,polynomial,3698,33,True,0.0683053932387183,mp100_final_sum_with_binary64_envelope
S1,leave_environment_moving_office,polynomial,3699,33,True,0.3536537789492848,mp100_final_sum_with_binary64_envelope
S1,leave_environment_moving_office,polynomial,3700,33,True,0.43435708166150744,mp100_final_sum_with_binary64_envelope
S1,leave_environment_moving_office,polynomial,3701,33,True,0.2677213995680923,mp100_final_sum_with_binary64_envelope
S1,leave_environment_moving_office,polynomial,3702,33,True,0.051477034582032226,mp100_final_sum_with_binary64_envelope
S1,leave_environment_moving_office,polynomial,3703,33,True,0.06272153733696263,mp100_final_sum_with_binary64_envelope
S1,leave_environment_moving_office,polynomial,3705,33,True,0.006496145087777425,mp100_final_sum_with_binary64_envelope
S1,leave_environment_moving_office,polynomial,3706,34,True,0.03181675809218278,mp100_final_sum_with_binary64_envelope
S1,leave_environment_moving_office,polynomial,3708,33,True,0.3742530439645153,mp100_final_sum_with_binary64_envelope
S1,leave_environment_moving_office,polynomial,3711,33,True,0.2396850647553556,mp100_final_sum_with_binary64_envelope
S1,leave_environment_moving_office,polynomial,3712,33,True,0.12735701449327344,mp100_final_sum_with_binary64_envelope
S1,leave_environment_moving_office,polynomial,3713,33,True,0.43425159271632285,mp100_final_sum_with_binary64_envelope
S1,leave_environment_moving_office,polynomial,3714,33,True,0.18270445870336174,mp100_final_sum_with_binary64_envelope
S1,leave_environment_moving_office,polynomial,3715,33,True,0.27503739833901275,mp100_final_sum_with_binary64_envelope
S1,leave_environment_moving_office,polynomial,3716,33,True,0.26975416850890005,mp100_final_sum_with_binary64_envelope
S1,leave_environment_moving_office,polynomial,3717,33,True,0.33532086737624117,mp100_final_sum_with_binary64_envelope
S1,leave_environment_moving_office,polynomial,3719,40,True,0.10007742111708973,mp100_final_sum_with_binary64_envelope
S1,leave_environment_moving_office,polynomial,3721,39,True,0.10913975953025765,mp100_final_sum_with_binary64_envelope
S1,leave_environment_moving_office,polynomial,3722,39,True,0.00391449823502721,mp100_final_sum_with_binary64_envelope
S1,leave_environment_moving_office,polynomial,3723,39,True,0.06770969868190094,mp100_final_sum_with_binary64_envelope
S1,leave_environment_moving_office,polynomial,3725,34,True,0.21892924583060616,mp100_final_sum_with_binary64_envelope
S1,leave_environment_moving_office,polynomial,3726,38,True,0.7972930367089616,mp100_final_sum_with_binary64_envelope
S1,leave_environment_moving_office,polynomial,3730,39,True,0.05933436940250327,mp100_final_sum_with_binary64_envelope
S1,leave_environment_moving_office,polynomial,3731,34,True,0.5661727727505078,mp100_final_sum_with_binary64_envelope
S1,leave_environment_moving_office,polynomial,3733,34,True,0.09527340377441182,mp100_final_sum_with_binary64_envelope
S1,leave_environment_moving_office,polynomial,3734,33,True,0.14816963964028268,mp100_final_sum_with_binary64_envelope
S1,leave_environment_moving_office,polynomial,3735,33,True,0.0077592424290391804,mp100_final_sum_with_binary64_envelope
S1,leave_environment_moving_office,polynomial,3737,34,True,0.21760795024895455,mp100_final_sum_with_binary64_envelope
S1,leave_environment_moving_office,polynomial,3738,34,True,0.3873189782278901,mp100_final_sum_with_binary64_envelope
S1,leave_environment_moving_office,polynomial,3739,40,True,0.15491930572919704,mp100_final_sum_with_binary64_envelope
S1,leave_environment_moving_office,polynomial,3741,35,True,0.09259288297854039,mp100_final_sum_with_binary64_envelope
S1,leave_environment_moving_office,polynomial,3743,39,True,0.5532991746833883,mp100_final_sum_with_binary64_envelope
S1,leave_environment_moving_office,polynomial,3745,39,True,0.016371332272447334,mp100_final_sum_with_binary64_envelope
S1,leave_environment_moving_office,polynomial,3747,34,True,0.2510998012162189,mp100_final_sum_with_binary64_envelope
S1,leave_environment_moving_office,polynomial,3752,39,True,0.1556596187929048,mp100_final_sum_with_binary64_envelope
S1,leave_environment_moving_office,polynomial,3753,38,True,0.07193649067284416,mp100_final_sum_with_binary64_envelope
S1,leave_environment_moving_office,polynomial,3754,39,True,0.1838087921718398,mp100_final_sum_with_binary64_envelope
S1,leave_environment_moving_office,polynomial,3756,33,True,0.029399961403729035,mp100_final_sum_with_binary64_envelope
S1,leave_environment_moving_office,polynomial,3757,34,True,0.19404689666552896,mp100_final_sum_with_binary64_envelope
S1,leave_environment_moving_office,polynomial,3758,39,True,0.25460053441379793,mp100_final_sum_with_binary64_envelope
S1,leave_environment_moving_office,polynomial,3760,35,True,0.40082516867974527,mp100_final_sum_with_binary64_envelope
S1,leave_environment_moving_office,polynomial,3761,35,True,0.7206392478328796,mp100_final_sum_with_binary64_envelope
S1,leave_environment_moving_office,polynomial,3763,40,True,0.011388533188389107,mp100_final_sum_with_binary64_envelope
S1,leave_environment_moving_office,polynomial,3765,35,True,0.5372372187573209,mp100_final_sum_with_binary64_envelope
S1,leave_environment_moving_office,polynomial,3766,35,True,0.29445792682370975,mp100_final_sum_with_binary64_envelope
S1,leave_environment_moving_office,polynomial,3767,35,True,0.7179636247579527,mp100_final_sum_with_binary64_envelope
S1,leave_environment_moving_office,polynomial,3768,35,True,0.2563785618695496,mp100_final_sum_with_binary64_envelope
S1,leave_environment_moving_office,polynomial,3769,35,True,0.2644585970679867,mp100_final_sum_with_binary64_envelope
S1,leave_environment_moving_office,polynomial,3770,35,True,0.29670122369360885,mp100_final_sum_with_binary64_envelope
S1,leave_environment_moving_office,polynomial,3771,35,True,0.714366785967169,mp100_final_sum_with_binary64_envelope
S1,leave_environment_moving_office,polynomial,3772,35,True,0.3075502014126991,mp100_final_sum_with_binary64_envelope
S1,leave_environment_moving_office,polynomial,3773,35,True,0.1770635525882762,mp100_final_sum_with_binary64_envelope
S1,leave_environment_moving_office,polynomial,3776,35,True,0.04560098836962653,mp100_final_sum_with_binary64_envelope
S1,leave_environment_moving_office,polynomial,3777,35,True,0.34203183936009024,mp100_final_sum_with_binary64_envelope
S1,leave_environment_moving_office,polynomial,3778,35,True,0.08232019145219419,mp100_final_sum_with_binary64_envelope
S1,leave_environment_moving_office,polynomial,3779,35,True,0.2672553684278389,mp100_final_sum_with_binary64_envelope
S1,leave_environment_moving_office,polynomial,3780,35,True,0.14668050735819563,mp100_final_sum_with_binary64_envelope
S1,leave_environment_moving_office,polynomial,3781,31,True,0.4803323372867242,mp100_final_sum_with_binary64_envelope
S1,leave_environment_moving_office,polynomial,3782,31,True,0.5554037130842531,mp100_final_sum_with_binary64_envelope
S1,leave_environment_moving_office,polynomial,3783,35,True,0.365411526669955,mp100_final_sum_with_binary64_envelope
S1,leave_environment_moving_office,polynomial,3784,31,True,0.3041828346236285,mp100_final_sum_with_binary64_envelope
S1,leave_environment_moving_office,polynomial,3785,31,True,0.060232032684762474,mp100_final_sum_with_binary64_envelope
S1,leave_environment_moving_office,polynomial,3788,31,True,0.36906975289761756,mp100_final_sum_with_binary64_envelope
S1,leave_environment_moving_office,polynomial,3789,31,True,0.25213365914190355,mp100_final_sum_with_binary64_envelope
S1,leave_environment_moving_office,polynomial,3790,35,True,0.046957310621333646,mp100_final_sum_with_binary64_envelope
S1,leave_environment_moving_office,polynomial,3791,35,True,0.10830891449697262,mp100_final_sum_with_binary64_envelope
S1,leave_environment_moving_office,polynomial,3792,31,True,0.14185782716330153,mp100_final_sum_with_binary64_envelope
S1,leave_environment_moving_office,polynomial,3793,31,True,0.0659938769703575,mp100_final_sum_with_binary64_envelope
S1,leave_environment_moving_office,polynomial,3794,35,True,0.1876644861472306,mp100_final_sum_with_binary64_envelope
S1,leave_environment_moving_office,polynomial,3795,31,True,0.1260343183283287,mp100_final_sum_with_binary64_envelope
S1,leave_environment_moving_office,polynomial,3796,31,True,0.537981833553644,mp100_final_sum_with_binary64_envelope
S1,leave_environment_moving_office,polynomial,3798,31,True,0.6449670858157209,mp100_final_sum_with_binary64_envelope
S1,leave_environment_moving_office,polynomial,3799,31,True,0.15272813914406713,mp100_final_sum_with_binary64_envelope
S1,leave_environment_moving_office,polynomial,3800,35,True,0.1077068619239884,mp100_final_sum_with_binary64_envelope
S1,leave_environment_moving_office,polynomial,3801,35,True,0.011074316665588422,mp100_final_sum_with_binary64_envelope
S1,leave_environment_moving_office,polynomial,3802,33,True,0.14117642149907217,mp100_final_sum_with_binary64_envelope
S1,leave_environment_moving_office,polynomial,3805,34,True,0.14239452037415626,mp100_final_sum_with_binary64_envelope
S1,leave_environment_moving_office,polynomial,3809,36,True,0.040730995756679364,mp100_final_sum_with_binary64_envelope
S1,leave_environment_moving_office,polynomial,3810,36,True,0.03985753199046453,mp100_final_sum_with_binary64_envelope
S1,leave_environment_moving_office,polynomial,3811,33,True,0.10148770095389249,mp100_final_sum_with_binary64_envelope
S1,leave_environment_moving_office,polynomial,3813,33,True,0.05067834473022367,mp100_final_sum_with_binary64_envelope
S1,leave_environment_moving_office,polynomial,3814,36,True,0.2747655843113257,mp100_final_sum_with_binary64_envelope
S1,leave_environment_moving_office,polynomial,3815,33,True,0.05472096409572081,mp100_final_sum_with_binary64_envelope
S1,leave_environment_moving_office,polynomial,3818,33,True,0.2646540081015456,mp100_final_sum_with_binary64_envelope
S1,leave_environment_moving_office,polynomial,3820,33,True,0.2150723671912194,mp100_final_sum_with_binary64_envelope
S1,leave_environment_moving_office,polynomial,3821,33,True,0.10907046451184153,mp100_final_sum_with_binary64_envelope
S1,leave_environment_moving_office,polynomial,3824,33,True,0.14853809315393995,mp100_final_sum_with_binary64_envelope
S1,leave_environment_moving_office,polynomial,3826,33,True,0.19320231012743988,mp100_final_sum_with_binary64_envelope
S1,leave_environment_moving_office,polynomial,3828,33,True,0.07927484616149626,mp100_final_sum_with_binary64_envelope
S1,leave_environment_moving_office,polynomial,3830,33,True,0.19976493487396618,mp100_final_sum_with_binary64_envelope
S1,leave_environment_moving_office,polynomial,3831,33,True,0.16085488561651307,mp100_final_sum_with_binary64_envelope
S1,leave_environment_moving_office,polynomial,3832,33,True,0.33501350636206667,mp100_final_sum_with_binary64_envelope
S1,leave_environment_moving_office,polynomial,3833,35,True,0.2034527260423119,mp100_final_sum_with_binary64_envelope
S1,leave_environment_moving_office,polynomial,3835,34,True,0.14024255580901623,mp100_final_sum_with_binary64_envelope
S1,leave_environment_moving_office,polynomial,3837,33,True,0.23674300523359418,mp100_final_sum_with_binary64_envelope
S1,leave_environment_moving_office,polynomial,3840,33,True,0.00189326037342076,mp100_final_sum_with_binary64_envelope
S1,leave_environment_moving_office,polynomial,3841,33,True,0.06517378931925097,mp100_final_sum_with_binary64_envelope
S1,leave_environment_moving_office,polynomial,3842,37,True,0.0821861914398878,mp100_final_sum_with_binary64_envelope
S1,leave_environment_moving_office,polynomial,3843,39,True,0.01678599001955923,mp100_final_sum_with_binary64_envelope
S1,leave_environment_moving_office,polynomial,3846,33,True,0.04263200397453328,mp100_final_sum_with_binary64_envelope
S1,leave_environment_moving_office,polynomial,3849,37,True,0.14958989914001616,mp100_final_sum_with_binary64_envelope
S1,leave_environment_moving_office,polynomial,3850,37,True,0.16128393112269257,mp100_final_sum_with_binary64_envelope
S1,leave_environment_moving_office,polynomial,3851,32,True,0.12882138895794715,mp100_final_sum_with_binary64_envelope
S1,leave_environment_moving_office,polynomial,3854,37,True,0.001804108258636805,mp100_final_sum_with_binary64_envelope
S1,leave_environment_moving_office,polynomial,3855,33,True,0.40361807925452925,mp100_final_sum_with_binary64_envelope
S1,leave_environment_moving_office,polynomial,3857,33,True,0.21852830184559752,mp100_final_sum_with_binary64_envelope
S1,leave_environment_moving_office,polynomial,3858,39,True,0.028145617627598447,mp100_final_sum_with_binary64_envelope
S1,leave_environment_moving_office,polynomial,3859,39,True,0.03363680078358535,mp100_final_sum_with_binary64_envelope
S1,leave_environment_moving_office,polynomial,3861,37,True,0.15232131997387785,mp100_final_sum_with_binary64_envelope
S1,leave_environment_moving_office,polynomial,3862,39,True,0.0015093290238414455,mp100_final_sum_with_binary64_envelope
S1,leave_environment_moving_office,polynomial,3866,37,True,0.07138350858316994,mp100_final_sum_with_binary64_envelope
S1,leave_environment_moving_office,polynomial,3868,39,True,0.19050614693438406,mp100_final_sum_with_binary64_envelope
S1,leave_environment_moving_office,polynomial,3869,39,True,0.06147788826696482,mp100_final_sum_with_binary64_envelope
S1,leave_environment_moving_office,polynomial,3873,39,True,0.12272710821117648,mp100_final_sum_with_binary64_envelope
S1,leave_environment_moving_office,polynomial,3874,33,True,0.014499461263358658,mp100_final_sum_with_binary64_envelope
S1,leave_environment_moving_office,polynomial,3875,33,True,0.3042505134209743,mp100_final_sum_with_binary64_envelope
S1,leave_environment_moving_office,polynomial,3876,31,True,0.011413385566644351,mp100_final_sum_with_binary64_envelope
S1,leave_environment_moving_office,polynomial,3877,33,True,0.36981656869252627,mp100_final_sum_with_binary64_envelope
S1,leave_environment_moving_office,polynomial,3878,37,True,0.3309753981968703,mp100_final_sum_with_binary64_envelope
S1,leave_environment_moving_office,polynomial,3879,37,True,0.26090859657954574,mp100_final_sum_with_binary64_envelope
S1,leave_environment_moving_office,polynomial,3880,38,True,0.27495940342698655,mp100_final_sum_with_binary64_envelope
S1,leave_environment_moving_office,polynomial,3881,38,True,0.3592435692712368,mp100_final_sum_with_binary64_envelope
S1,leave_environment_moving_office,polynomial,3882,38,True,0.030406526148310124,mp100_final_sum_with_binary64_envelope
S1,leave_environment_moving_office,polynomial,3883,38,True,0.23850186272710647,mp100_final_sum_with_binary64_envelope
S1,leave_environment_moving_office,polynomial,3884,38,True,0.46180017901259657,mp100_final_sum_with_binary64_envelope
S1,leave_environment_moving_office,polynomial,3885,38,True,0.3103557598977305,mp100_final_sum_with_binary64_envelope
S1,leave_environment_moving_office,polynomial,3886,38,True,0.20765874921651778,mp100_final_sum_with_binary64_envelope
S1,leave_environment_moving_office,polynomial,3887,38,True,0.607007247709673,mp100_final_sum_with_binary64_envelope
S1,leave_environment_moving_office,polynomial,3888,38,True,0.07511410721096035,mp100_final_sum_with_binary64_envelope
S1,leave_environment_moving_office,polynomial,3890,38,True,0.08743577919933311,mp100_final_sum_with_binary64_envelope
S1,leave_environment_moving_office,polynomial,3891,38,True,0.5773001669007983,mp100_final_sum_with_binary64_envelope
S1,leave_environment_moving_office,polynomial,3892,38,True,0.43182543771476417,mp100_final_sum_with_binary64_envelope
S1,leave_environment_moving_office,polynomial,3893,31,True,0.16125090432177608,mp100_final_sum_with_binary64_envelope
S1,leave_environment_moving_office,polynomial,3894,38,True,0.5118136860231463,mp100_final_sum_with_binary64_envelope
S1,leave_environment_moving_office,polynomial,3895,38,True,0.2506743525899611,mp100_final_sum_with_binary64_envelope
S1,leave_environment_moving_office,polynomial,3896,38,True,0.09184397101854734,mp100_final_sum_with_binary64_envelope
S1,leave_environment_moving_office,polynomial,3899,31,True,0.0608943335268045,mp100_final_sum_with_binary64_envelope
S1,leave_environment_moving_office,polynomial,3901,38,True,0.09148939899883182,mp100_final_sum_with_binary64_envelope
S1,leave_environment_moving_office,polynomial,3902,38,True,0.10208666790885623,mp100_final_sum_with_binary64_envelope
S1,leave_environment_moving_office,polynomial,3904,38,True,0.1090015405013587,mp100_final_sum_with_binary64_envelope
S1,leave_environment_moving_office,polynomial,3905,38,True,0.1099846556042028,mp100_final_sum_with_binary64_envelope
S1,leave_environment_moving_office,polynomial,3906,31,True,0.20521806489912295,mp100_final_sum_with_binary64_envelope
S1,leave_environment_moving_office,polynomial,3907,31,True,0.1005649548428433,mp100_final_sum_with_binary64_envelope
S1,leave_environment_moving_office,polynomial,3909,38,True,0.3386943916425671,mp100_final_sum_with_binary64_envelope
S1,leave_environment_moving_office,polynomial,3911,39,True,0.11192216805872664,mp100_final_sum_with_binary64_envelope
S1,leave_environment_moving_office,polynomial,3913,31,True,0.3114096006022022,mp100_final_sum_with_binary64_envelope
S1,leave_environment_moving_office,polynomial,3916,38,True,0.06790933063806835,mp100_final_sum_with_binary64_envelope
S1,leave_environment_moving_office,polynomial,3917,31,True,0.11560466927873422,mp100_final_sum_with_binary64_envelope
S1,leave_environment_moving_office,polynomial,3918,38,True,0.16663359457043594,mp100_final_sum_with_binary64_envelope
S1,leave_environment_moving_office,polynomial,3919,31,True,0.001953928784441638,mp100_final_sum_with_binary64_envelope
S1,leave_environment_moving_office,polynomial,3920,39,True,0.05216201231103457,mp100_final_sum_with_binary64_envelope
S1,leave_environment_moving_office,polynomial,3921,39,True,0.5901133738659805,mp100_final_sum_with_binary64_envelope
S1,leave_environment_moving_office,polynomial,3922,37,True,0.01858838487321102,mp100_final_sum_with_binary64_envelope
S1,leave_environment_moving_office,polynomial,3923,39,True,0.25585061070578324,mp100_final_sum_with_binary64_envelope
S1,leave_environment_moving_office,polynomial,3925,39,True,0.10297620042901925,mp100_final_sum_with_binary64_envelope
S1,leave_environment_moving_office,polynomial,3927,39,True,0.11215830300092676,mp100_final_sum_with_binary64_envelope
S1,leave_environment_moving_office,polynomial,3928,37,True,0.032317229866576105,mp100_final_sum_with_binary64_envelope
S1,leave_environment_moving_office,polynomial,3929,39,True,0.300605380501491,mp100_final_sum_with_binary64_envelope
S1,leave_environment_moving_office,polynomial,3930,39,True,0.10944358076986255,mp100_final_sum_with_binary64_envelope
S1,leave_environment_moving_office,polynomial,3931,39,True,0.010965884901704193,mp100_final_sum_with_binary64_envelope
S1,leave_environment_moving_office,polynomial,3932,39,True,0.36889916708054504,mp100_final_sum_with_binary64_envelope
S1,leave_environment_moving_office,polynomial,3934,39,True,0.3059730371327983,mp100_final_sum_with_binary64_envelope
S1,leave_environment_moving_office,polynomial,3935,39,True,0.05764467759158824,mp100_final_sum_with_binary64_envelope
S1,leave_environment_moving_office,polynomial,3937,39,True,0.7784643625993009,mp100_final_sum_with_binary64_envelope
S1,leave_environment_moving_office,polynomial,3939,39,True,0.5938060687480812,mp100_final_sum_with_binary64_envelope
S1,leave_environment_moving_office,polynomial,3940,39,True,0.8502208657565443,mp100_final_sum_with_binary64_envelope
S1,leave_environment_moving_office,polynomial,3941,39,True,0.45720816281367666,mp100_final_sum_with_binary64_envelope
S1,leave_environment_moving_office,polynomial,3942,39,True,0.2450623312777424,mp100_final_sum_with_binary64_envelope
S1,leave_environment_moving_office,polynomial,3943,32,True,0.1119578953007251,mp100_final_sum_with_binary64_envelope
S1,leave_environment_moving_office,polynomial,3944,37,True,0.09152233425724009,mp100_final_sum_with_binary64_envelope
S1,leave_environment_moving_office,polynomial,3945,39,True,0.40316876177494854,mp100_final_sum_with_binary64_envelope
S1,leave_environment_moving_office,polynomial,3946,39,True,0.2162141211148577,mp100_final_sum_with_binary64_envelope
S1,leave_environment_moving_office,polynomial,3947,39,True,0.9013732951051158,mp100_final_sum_with_binary64_envelope
S1,leave_environment_moving_office,polynomial,3949,37,True,0.056638885685573015,mp100_final_sum_with_binary64_envelope
S1,leave_environment_moving_office,polynomial,3950,39,True,0.06604089264483733,mp100_final_sum_with_binary64_envelope
S1,leave_environment_moving_office,polynomial,3951,39,True,0.2067614038491742,mp100_final_sum_with_binary64_envelope
S1,leave_environment_moving_office,polynomial,3952,39,True,0.18099943635123225,mp100_final_sum_with_binary64_envelope
S1,leave_environment_moving_office,polynomial,3954,39,True,0.34449729917330174,mp100_final_sum_with_binary64_envelope
S1,leave_environment_moving_office,polynomial,3955,39,True,0.12136219977170626,mp100_final_sum_with_binary64_envelope
S1,leave_environment_moving_office,polynomial,3956,39,True,0.9132928751019468,mp100_final_sum_with_binary64_envelope
S1,leave_environment_moving_office,polynomial,3957,39,True,0.08656825906323364,mp100_final_sum_with_binary64_envelope
S1,leave_environment_moving_office,polynomial,3958,39,True,0.3657039692745785,mp100_final_sum_with_binary64_envelope
S1,leave_environment_moving_office,polynomial,3959,39,True,0.6858361187934934,mp100_final_sum_with_binary64_envelope
S1,leave_environment_moving_office,polynomial,3960,39,True,0.360800933817011,mp100_final_sum_with_binary64_envelope
S1,leave_environment_moving_office,polynomial,3961,40,True,1.2596767175339,mp100_final_sum_with_binary64_envelope
S1,leave_environment_moving_office,polynomial,3962,40,True,0.48614655194055323,mp100_final_sum_with_binary64_envelope
S1,leave_environment_moving_office,polynomial,3963,40,True,0.08543140121756992,mp100_final_sum_with_binary64_envelope
S1,leave_environment_moving_office,polynomial,3965,35,True,0.5298179539115756,mp100_final_sum_with_binary64_envelope
S1,leave_environment_moving_office,polynomial,3966,34,True,0.12980297263267582,mp100_final_sum_with_binary64_envelope
S1,leave_environment_moving_office,polynomial,3967,40,True,0.0338034267762358,mp100_final_sum_with_binary64_envelope
S1,leave_environment_moving_office,polynomial,3969,35,True,0.039281918627156895,mp100_final_sum_with_binary64_envelope
S1,leave_environment_moving_office,polynomial,3971,40,True,0.691294111302029,mp100_final_sum_with_binary64_envelope
S1,leave_environment_moving_office,polynomial,3973,35,True,0.2819171160653497,mp100_final_sum_with_binary64_envelope
S1,leave_environment_moving_office,polynomial,3974,31,True,0.12434900874069867,mp100_final_sum_with_binary64_envelope
S1,leave_environment_moving_office,polynomial,3975,31,True,0.005353909540077717,mp100_final_sum_with_binary64_envelope
S1,leave_environment_moving_office,polynomial,3976,40,True,0.09479971980827587,mp100_final_sum_with_binary64_envelope
S1,leave_environment_moving_office,polynomial,3980,40,True,0.16769528459047764,mp100_final_sum_with_binary64_envelope
S1,leave_environment_moving_office,polynomial,3981,40,True,0.09036769870376295,mp100_final_sum_with_binary64_envelope
S1,leave_environment_moving_office,polynomial,3985,31,True,0.31380483703957185,mp100_final_sum_with_binary64_envelope
S1,leave_environment_moving_office,polynomial,3986,40,True,0.1414850080478302,mp100_final_sum_with_binary64_envelope
S1,leave_environment_moving_office,polynomial,3987,34,True,0.12027955437857224,mp100_final_sum_with_binary64_envelope
S1,leave_environment_moving_office,polynomial,3989,40,True,0.009145741947901607,mp100_final_sum_with_binary64_envelope
S1,leave_environment_moving_office,polynomial,3993,34,True,0.04590552360565786,mp100_final_sum_with_binary64_envelope
S1,leave_environment_moving_office,polynomial,3994,35,True,0.10404186486663297,mp100_final_sum_with_binary64_envelope
S1,leave_environment_moving_office,polynomial,3996,40,True,0.08429657036307373,mp100_final_sum_with_binary64_envelope
S1,leave_environment_moving_office,random_orthogonal,3600,31,True,0.18030822490117746,mp100_final_sum_with_binary64_envelope
S1,leave_environment_moving_office,random_orthogonal,3603,31,True,0.8857125563818398,mp100_final_sum_with_binary64_envelope
S1,leave_environment_moving_office,random_orthogonal,3604,31,True,0.6535830165935799,mp100_final_sum_with_binary64_envelope
S1,leave_environment_moving_office,random_orthogonal,3613,31,True,0.8627932036989204,mp100_final_sum_with_binary64_envelope
S1,leave_environment_moving_office,random_orthogonal,3617,31,True,0.4909648335229555,mp100_final_sum_with_binary64_envelope
S1,leave_environment_moving_office,random_orthogonal,3623,31,True,0.5329598410190017,mp100_final_sum_with_binary64_envelope
S1,leave_environment_moving_office,random_orthogonal,3626,31,True,1.0079283983856393,mp100_final_sum_with_binary64_envelope
S1,leave_environment_moving_office,random_orthogonal,3627,31,True,0.9397881258991058,mp100_final_sum_with_binary64_envelope
S1,leave_environment_moving_office,random_orthogonal,3628,31,True,0.15476599846378716,mp100_final_sum_with_binary64_envelope
S1,leave_environment_moving_office,random_orthogonal,3629,31,True,0.13613969346513258,mp100_final_sum_with_binary64_envelope
S1,leave_environment_moving_office,random_orthogonal,3630,31,True,0.17852819385330343,mp100_final_sum_with_binary64_envelope
S1,leave_environment_moving_office,random_orthogonal,3633,31,True,0.03400185972542629,mp100_final_sum_with_binary64_envelope
S1,leave_environment_moving_office,random_orthogonal,3636,31,True,0.48480554522568403,mp100_final_sum_with_binary64_envelope
S1,leave_environment_moving_office,permuted_polynomial,3601,31,True,0.5183353259448733,mp100_final_sum_with_binary64_envelope
S1,leave_environment_moving_office,permuted_polynomial,3602,31,True,0.5148991969984177,mp100_final_sum_with_binary64_envelope
S1,leave_environment_moving_office,permuted_polynomial,3603,31,True,0.03958253113721813,mp100_final_sum_with_binary64_envelope
S1,leave_environment_moving_office,permuted_polynomial,3604,31,True,1.0713641194358026,mp100_final_sum_with_binary64_envelope
S1,leave_environment_moving_office,permuted_polynomial,3606,31,True,0.3327704675457235,mp100_final_sum_with_binary64_envelope
S1,leave_environment_moving_office,permuted_polynomial,3608,31,True,0.26075780811564175,mp100_final_sum_with_binary64_envelope
S1,leave_environment_moving_office,permuted_polynomial,3610,31,True,0.06690010926272273,mp100_final_sum_with_binary64_envelope
S1,leave_environment_moving_office,permuted_polynomial,3611,31,True,0.10746601348720193,mp100_final_sum_with_binary64_envelope
S1,leave_environment_moving_office,permuted_polynomial,3617,31,True,0.6717553824263098,mp100_final_sum_with_binary64_envelope
S1,leave_environment_moving_office,permuted_polynomial,3622,31,True,0.017695250395066624,mp100_final_sum_with_binary64_envelope
S1,leave_environment_moving_office,permuted_polynomial,3627,31,True,0.23680980983875521,mp100_final_sum_with_binary64_envelope
S1,leave_environment_moving_office,permuted_polynomial,3628,31,True,0.8141325361924756,mp100_final_sum_with_binary64_envelope
S1,leave_environment_moving_office,permuted_polynomial,3629,31,True,0.7067270289578322,mp100_final_sum_with_binary64_envelope
S1,leave_environment_moving_office,permuted_polynomial,3631,31,True,0.09737150150127254,mp100_final_sum_with_binary64_envelope
S1,leave_environment_moving_office,permuted_polynomial,3633,31,True,0.24383457767122604,mp100_final_sum_with_binary64_envelope
S1,leave_environment_moving_office,permuted_polynomial,3634,31,True,0.12080051351351263,mp100_final_sum_with_binary64_envelope
S1,leave_environment_moving_office,permuted_polynomial,3636,31,True,0.1893377574070587,mp100_final_sum_with_binary64_envelope
S1,leave_environment_moving_office,permuted_polynomial,3645,32,True,0.3306802063142832,mp100_final_sum_with_binary64_envelope
S1,leave_environment_moving_office,permuted_polynomial,3673,32,True,0.20030147417619512,mp100_final_sum_with_binary64_envelope
S1,leave_environment_moving_office,permuted_polynomial,3764,31,True,0.3071582337163649,mp100_final_sum_with_binary64_envelope
S1,leave_environment_moving_office,permuted_polynomial,3781,31,True,0.43323383019361955,mp100_final_sum_with_binary64_envelope
S1,leave_environment_moving_office,permuted_polynomial,3788,31,True,0.4903947261800608,mp100_final_sum_with_binary64_envelope
S1,leave_environment_moving_office,permuted_polynomial,3789,31,True,0.08690498862089731,mp100_final_sum_with_binary64_envelope
S1,leave_environment_moving_office,permuted_polynomial,3798,31,True,0.397864651946544,mp100_final_sum_with_binary64_envelope
S1,leave_environment_moving_office,permuted_polynomial,3799,31,True,0.3272193960730009,mp100_final_sum_with_binary64_envelope
S1,leave_environment_moving_office,permuted_polynomial,3907,31,True,0.06442015835480445,mp100_final_sum_with_binary64_envelope
S1,leave_environment_moving_office,permuted_polynomial,3913,31,True,0.16473501297703888,mp100_final_sum_with_binary64_envelope
S1,leave_environment_moving_office,permuted_polynomial,3974,31,True,0.15130579384298018,mp100_final_sum_with_binary64_envelope
S1,leave_environment_residential,coordinate,4,31,True,0.5575491773231044,mp100_final_sum_with_binary64_envelope
S1,leave_environment_residential,dct,219,36,True,0.1656034894755917,mp100_final_sum_with_binary64_envelope
S1,leave_environment_residential,dft,0,31,True,0.9332072498653494,mp100_final_sum_with_binary64_envelope
S1,leave_environment_residential,dft,1,31,True,0.1801979689449793,mp100_final_sum_with_binary64_envelope
S1,leave_environment_residential,dft,2,31,True,0.20031345807538853,mp100_final_sum_with_binary64_envelope
S1,leave_environment_residential,dft,3,31,True,0.08053775021003744,mp100_final_sum_with_binary64_envelope
S1,leave_environment_residential,dft,4,31,True,0.9071498273045171,mp100_final_sum_with_binary64_envelope
S1,leave_environment_residential,dft,5,31,True,0.42966116590860043,mp100_final_sum_with_binary64_envelope
S1,leave_environment_residential,dft,7,31,True,0.38109046417990283,mp100_final_sum_with_binary64_envelope
S1,leave_environment_residential,dft,8,31,True,0.5310431468192728,mp100_final_sum_with_binary64_envelope
S1,leave_environment_residential,dft,9,31,True,0.10855114260792496,mp100_final_sum_with_binary64_envelope
S1,leave_environment_residential,dft,10,31,True,0.45698898559163437,mp100_final_sum_with_binary64_envelope
S1,leave_environment_residential,dft,11,31,True,0.9468350082009103,mp100_final_sum_with_binary64_envelope
S1,leave_environment_residential,dft,12,31,True,0.7120171414351113,mp100_final_sum_with_binary64_envelope
S1,leave_environment_residential,dft,13,31,True,0.08929369455443827,mp100_final_sum_with_binary64_envelope
S1,leave_environment_residential,dft,16,31,True,0.1412648505302558,mp100_final_sum_with_binary64_envelope
S1,leave_environment_residential,dft,17,31,True,0.02527648922923058,mp100_final_sum_with_binary64_envelope
S1,leave_environment_residential,dft,19,31,True,0.024134235979531675,mp100_final_sum_with_binary64_envelope
S1,leave_environment_residential,dft,20,31,True,0.6492663533311565,mp100_final_sum_with_binary64_envelope
S1,leave_environment_residential,dft,21,31,True,0.06383706985413763,mp100_final_sum_with_binary64_envelope
S1,leave_environment_residential,dft,22,31,True,0.020251676247617575,mp100_final_sum_with_binary64_envelope
S1,leave_environment_residential,dft,24,31,True,0.4829953991689984,mp100_final_sum_with_binary64_envelope
S1,leave_environment_residential,dft,25,31,True,0.04964966739245774,mp100_final_sum_with_binary64_envelope
S1,leave_environment_residential,dft,26,31,True,0.6164966027292965,mp100_final_sum_with_binary64_envelope
S1,leave_environment_residential,dft,27,31,True,0.35309161499813774,mp100_final_sum_with_binary64_envelope
S1,leave_environment_residential,dft,28,31,True,0.01557183732443637,mp100_final_sum_with_binary64_envelope
S1,leave_environment_residential,dft,29,31,True,0.576928632494342,mp100_final_sum_with_binary64_envelope
S1,leave_environment_residential,dft,30,31,True,0.36287433505367817,mp100_final_sum_with_binary64_envelope
S1,leave_environment_residential,dft,32,31,True,0.6069591264917827,mp100_final_sum_with_binary64_envelope
S1,leave_environment_residential,dft,33,31,True,0.626274757548124,mp100_final_sum_with_binary64_envelope
S1,leave_environment_residential,dft,34,31,True,0.39983107286840025,mp100_final_sum_with_binary64_envelope
S1,leave_environment_residential,dft,35,31,True,0.6161901555386109,mp100_final_sum_with_binary64_envelope
S1,leave_environment_residential,dft,36,31,True,0.48889684336053524,mp100_final_sum_with_binary64_envelope
S1,leave_environment_residential,dft,37,31,True,0.8093764981442841,mp100_final_sum_with_binary64_envelope
S1,leave_environment_residential,dft,38,31,True,0.030304552587519892,mp100_final_sum_with_binary64_envelope
S1,leave_environment_residential,dft,39,31,True,0.9384684013544988,mp100_final_sum_with_binary64_envelope
S1,leave_environment_residential,polynomial,0,31,True,1.0061443077538683,mp100_final_sum_with_binary64_envelope
S1,leave_environment_residential,polynomial,1,31,True,0.5880355163863493,mp100_final_sum_with_binary64_envelope
S1,leave_environment_residential,polynomial,2,31,True,0.36654436547958863,mp100_final_sum_with_binary64_envelope
S1,leave_environment_residential,polynomial,3,31,True,0.573369561796809,mp100_final_sum_with_binary64_envelope
S1,leave_environment_residential,polynomial,4,31,True,1.434278027418635,mp100_final_sum_with_binary64_envelope
S1,leave_environment_residential,polynomial,5,31,True,0.679870615515425,mp100_final_sum_with_binary64_envelope
S1,leave_environment_residential,polynomial,6,31,True,0.0887787182563313,mp100_final_sum_with_binary64_envelope
S1,leave_environment_residential,polynomial,7,31,True,0.6871234519114527,mp100_final_sum_with_binary64_envelope
S1,leave_environment_residential,polynomial,8,31,True,0.5580970818684192,mp100_final_sum_with_binary64_envelope
S1,leave_environment_residential,polynomial,9,31,True,0.30694836533292,mp100_final_sum_with_binary64_envelope
S1,leave_environment_residential,polynomial,10,31,True,0.5569096975425298,mp100_final_sum_with_binary64_envelope
S1,leave_environment_residential,polynomial,11,31,True,1.1989457959250442,mp100_final_sum_with_binary64_envelope
S1,leave_environment_residential,polynomial,12,31,True,1.0768381716772835,mp100_final_sum_with_binary64_envelope
S1,leave_environment_residential,polynomial,13,31,True,0.44128423350753204,mp100_final_sum_with_binary64_envelope
S1,leave_environment_residential,polynomial,14,31,True,0.4161936273381291,mp100_final_sum_with_binary64_envelope
S1,leave_environment_residential,polynomial,15,31,True,0.5096204308847818,mp100_final_sum_with_binary64_envelope
S1,leave_environment_residential,polynomial,16,31,True,0.6601003888203782,mp100_final_sum_with_binary64_envelope
S1,leave_environment_residential,polynomial,17,31,True,0.31881916781426023,mp100_final_sum_with_binary64_envelope
S1,leave_environment_residential,polynomial,19,31,True,0.5624980964637409,mp100_final_sum_with_binary64_envelope
S1,leave_environment_residential,polynomial,20,31,True,1.069442218545641,mp100_final_sum_with_binary64_envelope
S1,leave_environment_residential,polynomial,21,31,True,0.5833070444120172,mp100_final_sum_with_binary64_envelope
S1,leave_environment_residential,polynomial,22,31,True,0.6233754120502125,mp100_final_sum_with_binary64_envelope
S1,leave_environment_residential,polynomial,23,31,True,0.3411920534327252,mp100_final_sum_with_binary64_envelope
S1,leave_environment_residential,polynomial,24,31,True,0.9419875690921561,mp100_final_sum_with_binary64_envelope
S1,leave_environment_residential,polynomial,25,31,True,0.3910883606507731,mp100_final_sum_with_binary64_envelope
S1,leave_environment_residential,polynomial,26,31,True,1.0644036955735325,mp100_final_sum_with_binary64_envelope
S1,leave_environment_residential,polynomial,27,31,True,0.4239260039543482,mp100_final_sum_with_binary64_envelope
S1,leave_environment_residential,polynomial,28,31,True,0.16132177811944837,mp100_final_sum_with_binary64_envelope
S1,leave_environment_residential,polynomial,29,31,True,0.6431129876608966,mp100_final_sum_with_binary64_envelope
S1,leave_environment_residential,polynomial,30,31,True,1.3333459434975692,mp100_final_sum_with_binary64_envelope
S1,leave_environment_residential,polynomial,31,31,True,0.35796930544105876,mp100_final_sum_with_binary64_envelope
S1,leave_environment_residential,polynomial,32,31,True,1.128006445994185,mp100_final_sum_with_binary64_envelope
S1,leave_environment_residential,polynomial,33,31,True,1.1577913521016214,mp100_final_sum_with_binary64_envelope
S1,leave_environment_residential,polynomial,34,31,True,0.928922424837069,mp100_final_sum_with_binary64_envelope
S1,leave_environment_residential,polynomial,35,31,True,0.9913089213846322,mp100_final_sum_with_binary64_envelope
S1,leave_environment_residential,polynomial,36,31,True,1.2679095985015842,mp100_final_sum_with_binary64_envelope
S1,leave_environment_residential,polynomial,37,31,True,1.0947261375455184,mp100_final_sum_with_binary64_envelope
S1,leave_environment_residential,polynomial,38,31,True,0.8800179274059043,mp100_final_sum_with_binary64_envelope
S1,leave_environment_residential,polynomial,39,31,True,1.5873042535339457,mp100_final_sum_with_binary64_envelope
S1,leave_environment_residential,polynomial,40,32,True,0.4310975350266761,mp100_final_sum_with_binary64_envelope
S1,leave_environment_residential,polynomial,41,32,True,0.6345910160851901,mp100_final_sum_with_binary64_envelope
S1,leave_environment_residential,polynomial,42,32,True,0.9055313741489985,mp100_final_sum_with_binary64_envelope
S1,leave_environment_residential,polynomial,43,32,True,0.42978192608091165,mp100_final_sum_with_binary64_envelope
S1,leave_environment_residential,polynomial,45,32,True,0.32337748605666383,mp100_final_sum_with_binary64_envelope
S1,leave_environment_residential,polynomial,46,32,True,0.7866980574156515,mp100_final_sum_with_binary64_envelope
S1,leave_environment_residential,polynomial,47,35,True,0.20215992841402824,mp100_final_sum_with_binary64_envelope
S1,leave_environment_residential,polynomial,48,32,True,0.2767432511080538,mp100_final_sum_with_binary64_envelope
S1,leave_environment_residential,polynomial,49,32,True,0.7542711893554839,mp100_final_sum_with_binary64_envelope
S1,leave_environment_residential,polynomial,51,32,True,0.8550379501429167,mp100_final_sum_with_binary64_envelope
S1,leave_environment_residential,polynomial,52,35,True,0.1347256838801412,mp100_final_sum_with_binary64_envelope
S1,leave_environment_residential,polynomial,53,32,True,0.5631809514954628,mp100_final_sum_with_binary64_envelope
S1,leave_environment_residential,polynomial,54,32,True,0.1977234246317646,mp100_final_sum_with_binary64_envelope
S1,leave_environment_residential,polynomial,55,32,True,0.3069334425629689,mp100_final_sum_with_binary64_envelope
S1,leave_environment_residential,polynomial,56,32,True,0.19841876628807614,mp100_final_sum_with_binary64_envelope
S1,leave_environment_residential,polynomial,57,32,True,0.25289112958310606,mp100_final_sum_with_binary64_envelope
S1,leave_environment_residential,polynomial,58,35,True,0.06743395143955982,mp100_final_sum_with_binary64_envelope
S1,leave_environment_residential,polynomial,59,32,True,0.9205794959984607,mp100_final_sum_with_binary64_envelope
S1,leave_environment_residential,polynomial,60,32,True,0.1771047946081944,mp100_final_sum_with_binary64_envelope
S1,leave_environment_residential,polynomial,61,35,True,0.17054895006102092,mp100_final_sum_with_binary64_envelope
S1,leave_environment_residential,polynomial,62,32,True,0.7415824727622704,mp100_final_sum_with_binary64_envelope
S1,leave_environment_residential,polynomial,63,32,True,0.30359901279675683,mp100_final_sum_with_binary64_envelope
S1,leave_environment_residential,polynomial,64,32,True,0.6731890436741582,mp100_final_sum_with_binary64_envelope
S1,leave_environment_residential,polynomial,65,32,True,0.7749924481834676,mp100_final_sum_with_binary64_envelope
S1,leave_environment_residential,polynomial,67,33,True,0.02331987285954412,mp100_final_sum_with_binary64_envelope
S1,leave_environment_residential,polynomial,68,35,True,0.014806338634456377,mp100_final_sum_with_binary64_envelope
S1,leave_environment_residential,polynomial,69,32,True,0.5402243667803199,mp100_final_sum_with_binary64_envelope
S1,leave_environment_residential,polynomial,70,32,True,0.7014714934840184,mp100_final_sum_with_binary64_envelope
S1,leave_environment_residential,polynomial,72,32,True,0.9361007957183817,mp100_final_sum_with_binary64_envelope
S1,leave_environment_residential,polynomial,73,32,True,0.5589897523107299,mp100_final_sum_with_binary64_envelope
S1,leave_environment_residential,polynomial,74,32,True,1.2461316294255154,mp100_final_sum_with_binary64_envelope
S1,leave_environment_residential,polynomial,75,32,True,0.6747258901313836,mp100_final_sum_with_binary64_envelope
S1,leave_environment_residential,polynomial,76,32,True,0.37749426461545615,mp100_final_sum_with_binary64_envelope
S1,leave_environment_residential,polynomial,77,35,True,0.13912235388942684,mp100_final_sum_with_binary64_envelope
S1,leave_environment_residential,polynomial,80,33,True,0.25311998458762763,mp100_final_sum_with_binary64_envelope
S1,leave_environment_residential,polynomial,81,34,True,0.2741350275989781,mp100_final_sum_with_binary64_envelope
S1,leave_environment_residential,polynomial,83,33,True,0.5188172971367869,mp100_final_sum_with_binary64_envelope
S1,leave_environment_residential,polynomial,84,33,True,0.1486777913912269,mp100_final_sum_with_binary64_envelope
S1,leave_environment_residential,polynomial,85,34,True,0.07605922240174708,mp100_final_sum_with_binary64_envelope
S1,leave_environment_residential,polynomial,87,33,True,0.48909932466178024,mp100_final_sum_with_binary64_envelope
S1,leave_environment_residential,polynomial,89,33,True,0.4131771078858097,mp100_final_sum_with_binary64_envelope
S1,leave_environment_residential,polynomial,91,33,True,0.08811758657755654,mp100_final_sum_with_binary64_envelope
S1,leave_environment_residential,polynomial,93,33,True,0.3968812746911938,mp100_final_sum_with_binary64_envelope
S1,leave_environment_residential,polynomial,94,33,True,0.22785879022716932,mp100_final_sum_with_binary64_envelope
S1,leave_environment_residential,polynomial,95,33,True,0.27205450053723623,mp100_final_sum_with_binary64_envelope
S1,leave_environment_residential,polynomial,98,33,True,0.6152169208290383,mp100_final_sum_with_binary64_envelope
S1,leave_environment_residential,polynomial,99,33,True,0.5202657573532437,mp100_final_sum_with_binary64_envelope
S1,leave_environment_residential,polynomial,100,33,True,0.1781651808904007,mp100_final_sum_with_binary64_envelope
S1,leave_environment_residential,polynomial,102,33,True,0.6571503592292094,mp100_final_sum_with_binary64_envelope
S1,leave_environment_residential,polynomial,103,33,True,0.2556115988042783,mp100_final_sum_with_binary64_envelope
S1,leave_environment_residential,polynomial,104,33,True,0.13917422629564505,mp100_final_sum_with_binary64_envelope
S1,leave_environment_residential,polynomial,106,33,True,0.05048135920579009,mp100_final_sum_with_binary64_envelope
S1,leave_environment_residential,polynomial,107,33,True,0.1361807824071941,mp100_final_sum_with_binary64_envelope
S1,leave_environment_residential,polynomial,108,33,True,0.4923166397040639,mp100_final_sum_with_binary64_envelope
S1,leave_environment_residential,polynomial,109,33,True,0.047077406486730616,mp100_final_sum_with_binary64_envelope
S1,leave_environment_residential,polynomial,111,33,True,0.0629419975043194,mp100_final_sum_with_binary64_envelope
S1,leave_environment_residential,polynomial,112,33,True,0.3778995424804949,mp100_final_sum_with_binary64_envelope
S1,leave_environment_residential,polynomial,114,36,True,0.04731176096026141,mp100_final_sum_with_binary64_envelope
S1,leave_environment_residential,polynomial,115,32,True,0.14321597551671236,mp100_final_sum_with_binary64_envelope
S1,leave_environment_residential,polynomial,117,33,True,0.23029700400217926,mp100_final_sum_with_binary64_envelope
S1,leave_environment_residential,polynomial,118,33,True,0.31054473650253483,mp100_final_sum_with_binary64_envelope
S1,leave_environment_residential,polynomial,119,33,True,0.7222918458432137,mp100_final_sum_with_binary64_envelope
S1,leave_environment_residential,polynomial,120,34,True,0.5510052613850647,mp100_final_sum_with_binary64_envelope
S1,leave_environment_residential,polynomial,122,34,True,0.15650486205943165,mp100_final_sum_with_binary64_envelope
S1,leave_environment_residential,polynomial,123,34,True,0.343192547827956,mp100_final_sum_with_binary64_envelope
S1,leave_environment_residential,polynomial,124,34,True,0.0008256278119901138,mp100_final_sum_with_binary64_envelope
S1,leave_environment_residential,polynomial,125,34,True,0.6402886152094945,mp100_final_sum_with_binary64_envelope
S1,leave_environment_residential,polynomial,126,34,True,0.5538118282390075,mp100_final_sum_with_binary64_envelope
S1,leave_environment_residential,polynomial,127,34,True,0.1065355480342407,mp100_final_sum_with_binary64_envelope
S1,leave_environment_residential,polynomial,128,34,True,0.84349941030507,mp100_final_sum_with_binary64_envelope
S1,leave_environment_residential,polynomial,129,34,True,0.12616527015010906,mp100_final_sum_with_binary64_envelope
S1,leave_environment_residential,polynomial,130,34,True,0.392288879001747,mp100_final_sum_with_binary64_envelope
S1,leave_environment_residential,polynomial,131,34,True,0.496528845213773,mp100_final_sum_with_binary64_envelope
S1,leave_environment_residential,polynomial,132,34,True,0.24434760880263767,mp100_final_sum_with_binary64_envelope
S1,leave_environment_residential,polynomial,133,34,True,0.18532955158039574,mp100_final_sum_with_binary64_envelope
S1,leave_environment_residential,polynomial,134,34,True,0.37372505673741224,mp100_final_sum_with_binary64_envelope
S1,leave_environment_residential,polynomial,136,34,True,0.027853137696790747,mp100_final_sum_with_binary64_envelope
S1,leave_environment_residential,polynomial,137,34,True,0.2872671952872629,mp100_final_sum_with_binary64_envelope
S1,leave_environment_residential,polynomial,140,32,True,0.8290748035686735,mp100_final_sum_with_binary64_envelope
S1,leave_environment_residential,polynomial,141,34,True,0.5004211518126612,mp100_final_sum_with_binary64_envelope
S1,leave_environment_residential,polynomial,142,34,True,0.3236124482853505,mp100_final_sum_with_binary64_envelope
S1,leave_environment_residential,polynomial,143,34,True,0.029713288568522633,mp100_final_sum_with_binary64_envelope
S1,leave_environment_residential,polynomial,144,34,True,0.04000970020296627,mp100_final_sum_with_binary64_envelope
S1,leave_environment_residential,polynomial,146,34,True,0.5019061574005105,mp100_final_sum_with_binary64_envelope
S1,leave_environment_residential,polynomial,147,34,True,0.42112837828052085,mp100_final_sum_with_binary64_envelope
S1,leave_environment_residential,polynomial,148,34,True,0.3750887923431612,mp100_final_sum_with_binary64_envelope
S1,leave_environment_residential,polynomial,149,34,True,0.6993638237038582,mp100_final_sum_with_binary64_envelope
S1,leave_environment_residential,polynomial,150,38,True,0.04766169415381781,mp100_final_sum_with_binary64_envelope
S1,leave_environment_residential,polynomial,151,39,True,0.048546938170806374,mp100_final_sum_with_binary64_envelope
S1,leave_environment_residential,polynomial,152,34,True,0.24062646393482345,mp100_final_sum_with_binary64_envelope
S1,leave_environment_residential,polynomial,153,34,True,0.48674787381129253,mp100_final_sum_with_binary64_envelope
S1,leave_environment_residential,polynomial,154,34,True,0.5050757232296367,mp100_final_sum_with_binary64_envelope
S1,leave_environment_residential,polynomial,155,34,True,0.5117472764467053,mp100_final_sum_with_binary64_envelope
S1,leave_environment_residential,polynomial,156,34,True,0.38072100009322074,mp100_final_sum_with_binary64_envelope
S1,leave_environment_residential,polynomial,157,34,True,0.22783489529279052,mp100_final_sum_with_binary64_envelope
S1,leave_environment_residential,polynomial,158,34,True,0.27220131652158414,mp100_final_sum_with_binary64_envelope
S1,leave_environment_residential,polynomial,159,34,True,0.2380834963430035,mp100_final_sum_with_binary64_envelope
S1,leave_environment_residential,polynomial,160,35,True,0.1172834414875309,mp100_final_sum_with_binary64_envelope
S1,leave_environment_residential,polynomial,161,35,True,0.7300145272091927,mp100_final_sum_with_binary64_envelope
S1,leave_environment_residential,polynomial,162,35,True,0.6920018486708102,mp100_final_sum_with_binary64_envelope
S1,leave_environment_residential,polynomial,163,35,True,0.8681050506086887,mp100_final_sum_with_binary64_envelope
S1,leave_environment_residential,polynomial,164,35,True,0.7322996907006842,mp100_final_sum_with_binary64_envelope
S1,leave_environment_residential,polynomial,165,35,True,0.3021652127387723,mp100_final_sum_with_binary64_envelope
S1,leave_environment_residential,polynomial,166,35,True,0.15613531385018228,mp100_final_sum_with_binary64_envelope
S1,leave_environment_residential,polynomial,168,35,True,0.731432644595802,mp100_final_sum_with_binary64_envelope
S1,leave_environment_residential,polynomial,169,35,True,0.18924582480609822,mp100_final_sum_with_binary64_envelope
S1,leave_environment_residential,polynomial,170,35,True,0.14143042225233332,mp100_final_sum_with_binary64_envelope
S1,leave_environment_residential,polynomial,171,35,True,0.25882593334959975,mp100_final_sum_with_binary64_envelope
S1,leave_environment_residential,polynomial,172,35,True,0.4872268131947198,mp100_final_sum_with_binary64_envelope
S1,leave_environment_residential,polynomial,173,35,True,0.23272899995240798,mp100_final_sum_with_binary64_envelope
S1,leave_environment_residential,polynomial,174,35,True,1.0419022225933097,mp100_final_sum_with_binary64_envelope
S1,leave_environment_residential,polynomial,175,35,True,0.5097431376151438,mp100_final_sum_with_binary64_envelope
S1,leave_environment_residential,polynomial,176,35,True,0.04609364036394322,mp100_final_sum_with_binary64_envelope
S1,leave_environment_residential,polynomial,177,35,True,0.09409468712208836,mp100_final_sum_with_binary64_envelope
S1,leave_environment_residential,polynomial,178,35,True,0.025016243295093932,mp100_final_sum_with_binary64_envelope
S1,leave_environment_residential,polynomial,179,35,True,0.4768428818771516,mp100_final_sum_with_binary64_envelope
S1,leave_environment_residential,polynomial,180,35,True,0.4613497968134939,mp100_final_sum_with_binary64_envelope
S1,leave_environment_residential,polynomial,181,35,True,0.6692816185009491,mp100_final_sum_with_binary64_envelope
S1,leave_environment_residential,polynomial,182,35,True,0.7705815744632288,mp100_final_sum_with_binary64_envelope
S1,leave_environment_residential,polynomial,183,35,True,0.6806276928260659,mp100_final_sum_with_binary64_envelope
S1,leave_environment_residential,polynomial,184,35,True,0.6771767159765383,mp100_final_sum_with_binary64_envelope
S1,leave_environment_residential,polynomial,185,35,True,0.36347009240889483,mp100_final_sum_with_binary64_envelope
S1,leave_environment_residential,polynomial,186,35,True,0.6840967749457759,mp100_final_sum_with_binary64_envelope
S1,leave_environment_residential,polynomial,187,35,True,0.8755346475351892,mp100_final_sum_with_binary64_envelope
S1,leave_environment_residential,polynomial,188,35,True,0.7522292808247089,mp100_final_sum_with_binary64_envelope
S1,leave_environment_residential,polynomial,189,35,True,0.5309891346391156,mp100_final_sum_with_binary64_envelope
S1,leave_environment_residential,polynomial,190,35,True,0.2917459443232467,mp100_final_sum_with_binary64_envelope
S1,leave_environment_residential,polynomial,191,35,True,0.10946856732418446,mp100_final_sum_with_binary64_envelope
S1,leave_environment_residential,polynomial,192,35,True,0.4423440216649372,mp100_final_sum_with_binary64_envelope
S1,leave_environment_residential,polynomial,193,35,True,0.44167422352806457,mp100_final_sum_with_binary64_envelope
S1,leave_environment_residential,polynomial,194,35,True,0.7248565600310712,mp100_final_sum_with_binary64_envelope
S1,leave_environment_residential,polynomial,195,35,True,0.43427668302034494,mp100_final_sum_with_binary64_envelope
S1,leave_environment_residential,polynomial,196,35,True,0.33320851957365333,mp100_final_sum_with_binary64_envelope
S1,leave_environment_residential,polynomial,197,35,True,0.8201362519582911,mp100_final_sum_with_binary64_envelope
S1,leave_environment_residential,polynomial,199,35,True,0.12524463756822315,mp100_final_sum_with_binary64_envelope
S1,leave_environment_residential,polynomial,200,36,True,0.12115978259609621,mp100_final_sum_with_binary64_envelope
S1,leave_environment_residential,polynomial,201,36,True,0.17648378383739524,mp100_final_sum_with_binary64_envelope
S1,leave_environment_residential,polynomial,202,36,True,0.17006446330100075,mp100_final_sum_with_binary64_envelope
S1,leave_environment_residential,polynomial,204,36,True,0.45270010300262997,mp100_final_sum_with_binary64_envelope
S1,leave_environment_residential,polynomial,205,36,True,0.04530749575356298,mp100_final_sum_with_binary64_envelope
S1,leave_environment_residential,polynomial,206,40,True,0.010390449156440966,mp100_final_sum_with_binary64_envelope
S1,leave_environment_residential,polynomial,207,36,True,0.33148902005537656,mp100_final_sum_with_binary64_envelope
S1,leave_environment_residential,polynomial,208,33,True,0.18617790298358364,mp100_final_sum_with_binary64_envelope
S1,leave_environment_residential,polynomial,210,36,True,0.6093606927191353,mp100_final_sum_with_binary64_envelope
S1,leave_environment_residential,polynomial,211,33,True,0.30342121563544944,mp100_final_sum_with_binary64_envelope
S1,leave_environment_residential,polynomial,212,34,True,0.09769279543465464,mp100_final_sum_with_binary64_envelope
S1,leave_environment_residential,polynomial,215,33,True,0.13152851597795473,mp100_final_sum_with_binary64_envelope
S1,leave_environment_residential,polynomial,216,33,True,0.0676846890490752,mp100_final_sum_with_binary64_envelope
S1,leave_environment_residential,polynomial,217,34,True,0.20104878116852928,mp100_final_sum_with_binary64_envelope
S1,leave_environment_residential,polynomial,218,36,True,0.4170019564804404,mp100_final_sum_with_binary64_envelope
S1,leave_environment_residential,polynomial,219,36,True,0.588158853728551,mp100_final_sum_with_binary64_envelope
S1,leave_environment_residential,polynomial,220,40,True,0.21739391028803393,mp100_final_sum_with_binary64_envelope
S1,leave_environment_residential,polynomial,221,36,True,0.30260264101426465,mp100_final_sum_with_binary64_envelope
S1,leave_environment_residential,polynomial,222,36,True,0.19104633556185607,mp100_final_sum_with_binary64_envelope
S1,leave_environment_residential,polynomial,223,32,True,0.0074684952022526846,mp100_final_sum_with_binary64_envelope
S1,leave_environment_residential,polynomial,224,36,True,0.004212271685253178,mp100_final_sum_with_binary64_envelope
S1,leave_environment_residential,polynomial,225,36,True,0.39679780410477145,mp100_final_sum_with_binary64_envelope
S1,leave_environment_residential,polynomial,226,36,True,0.21570499856390293,mp100_final_sum_with_binary64_envelope
S1,leave_environment_residential,polynomial,227,36,True,0.0826873143111199,mp100_final_sum_with_binary64_envelope
S1,leave_environment_residential,polynomial,228,36,True,0.23802600833473228,mp100_final_sum_with_binary64_envelope
S1,leave_environment_residential,polynomial,230,36,True,0.330074600312271,mp100_final_sum_with_binary64_envelope
S1,leave_environment_residential,polynomial,231,36,True,0.24853131858743352,mp100_final_sum_with_binary64_envelope
S1,leave_environment_residential,polynomial,232,36,True,0.06395030653334877,mp100_final_sum_with_binary64_envelope
S1,leave_environment_residential,polynomial,233,36,True,0.07909943590050292,mp100_final_sum_with_binary64_envelope
S1,leave_environment_residential,polynomial,234,36,True,0.0390641840564545,mp100_final_sum_with_binary64_envelope
S1,leave_environment_residential,polynomial,235,36,True,0.5956827944311076,mp100_final_sum_with_binary64_envelope
S1,leave_environment_residential,polynomial,237,36,True,0.141543789430831,mp100_final_sum_with_binary64_envelope
S1,leave_environment_residential,polynomial,238,36,True,0.3409039392567961,mp100_final_sum_with_binary64_envelope
S1,leave_environment_residential,polynomial,241,39,True,0.0772834887979571,mp100_final_sum_with_binary64_envelope
S1,leave_environment_residential,polynomial,242,37,True,0.08779820208782638,mp100_final_sum_with_binary64_envelope
S1,leave_environment_residential,polynomial,243,33,True,0.11746506545756914,mp100_final_sum_with_binary64_envelope
S1,leave_environment_residential,polynomial,244,37,True,0.16219483615052033,mp100_final_sum_with_binary64_envelope
S1,leave_environment_residential,polynomial,245,33,True,0.03161515984234936,mp100_final_sum_with_binary64_envelope
S1,leave_environment_residential,polynomial,247,37,True,0.29295926001838457,mp100_final_sum_with_binary64_envelope
S1,leave_environment_residential,polynomial,248,37,True,0.37012268769764056,mp100_final_sum_with_binary64_envelope
S1,leave_environment_residential,polynomial,249,39,True,0.005071629828336009,mp100_final_sum_with_binary64_envelope
S1,leave_environment_residential,polynomial,250,37,True,0.29095929169409196,mp100_final_sum_with_binary64_envelope
S1,leave_environment_residential,polynomial,252,32,True,0.012305767830002463,mp100_final_sum_with_binary64_envelope
S1,leave_environment_residential,polynomial,256,32,True,0.19017887363898497,mp100_final_sum_with_binary64_envelope
S1,leave_environment_residential,polynomial,257,37,True,0.38654183930197844,mp100_final_sum_with_binary64_envelope
S1,leave_environment_residential,polynomial,258,37,True,0.5577263720465594,mp100_final_sum_with_binary64_envelope
S1,leave_environment_residential,polynomial,261,32,True,0.1187930140630199,mp100_final_sum_with_binary64_envelope
S1,leave_environment_residential,polynomial,262,33,True,0.11908271384744396,mp100_final_sum_with_binary64_envelope
S1,leave_environment_residential,polynomial,265,37,True,0.03743838050631376,mp100_final_sum_with_binary64_envelope
S1,leave_environment_residential,polynomial,267,37,True,0.46203110389261814,mp100_final_sum_with_binary64_envelope
S1,leave_environment_residential,polynomial,268,37,True,0.28987392486269753,mp100_final_sum_with_binary64_envelope
S1,leave_environment_residential,polynomial,269,37,True,0.17227699931788376,mp100_final_sum_with_binary64_envelope
S1,leave_environment_residential,polynomial,270,37,True,0.40893308170982484,mp100_final_sum_with_binary64_envelope
S1,leave_environment_residential,polynomial,271,37,True,0.5215872079471542,mp100_final_sum_with_binary64_envelope
S1,leave_environment_residential,polynomial,272,37,True,0.196719813075339,mp100_final_sum_with_binary64_envelope
S1,leave_environment_residential,polynomial,276,36,True,0.1972870109094053,mp100_final_sum_with_binary64_envelope
S1,leave_environment_residential,polynomial,277,37,True,0.1052056613083006,mp100_final_sum_with_binary64_envelope
S1,leave_environment_residential,polynomial,278,37,True,0.5676844920323187,mp100_final_sum_with_binary64_envelope
S1,leave_environment_residential,polynomial,279,37,True,0.14364785321443355,mp100_final_sum_with_binary64_envelope
S1,leave_environment_residential,polynomial,280,38,True,0.13737674081596446,mp100_final_sum_with_binary64_envelope
S1,leave_environment_residential,polynomial,281,38,True,0.5454595420236249,mp100_final_sum_with_binary64_envelope
S1,leave_environment_residential,polynomial,282,38,True,0.6523207158754253,mp100_final_sum_with_binary64_envelope
S1,leave_environment_residential,polynomial,283,38,True,0.2107026638716858,mp100_final_sum_with_binary64_envelope
S1,leave_environment_residential,polynomial,284,38,True,0.4963006245602975,mp100_final_sum_with_binary64_envelope
S1,leave_environment_residential,polynomial,285,38,True,0.6416706518453215,mp100_final_sum_with_binary64_envelope
S1,leave_environment_residential,polynomial,286,38,True,0.22808248397801165,mp100_final_sum_with_binary64_envelope
S1,leave_environment_residential,polynomial,287,38,True,0.9208921907289362,mp100_final_sum_with_binary64_envelope
S1,leave_environment_residential,polynomial,288,38,True,0.5182182996462555,mp100_final_sum_with_binary64_envelope
S1,leave_environment_residential,polynomial,289,38,True,0.5043777927959389,mp100_final_sum_with_binary64_envelope
S1,leave_environment_residential,polynomial,290,38,True,0.6388304617065246,mp100_final_sum_with_binary64_envelope
S1,leave_environment_residential,polynomial,291,38,True,0.8410433476036742,mp100_final_sum_with_binary64_envelope
S1,leave_environment_residential,polynomial,292,38,True,0.4521458675478151,mp100_final_sum_with_binary64_envelope
S1,leave_environment_residential,polynomial,293,38,True,0.4560020472474296,mp100_final_sum_with_binary64_envelope
S1,leave_environment_residential,polynomial,294,38,True,0.47686382946746797,mp100_final_sum_with_binary64_envelope
S1,leave_environment_residential,polynomial,295,38,True,0.7508943225463995,mp100_final_sum_with_binary64_envelope
S1,leave_environment_residential,polynomial,296,38,True,0.8198207948632245,mp100_final_sum_with_binary64_envelope
S1,leave_environment_residential,polynomial,297,38,True,0.7619314377958898,mp100_final_sum_with_binary64_envelope
S1,leave_environment_residential,polynomial,298,38,True,0.6085385899271734,mp100_final_sum_with_binary64_envelope
S1,leave_environment_residential,polynomial,299,38,True,0.7697931168440397,mp100_final_sum_with_binary64_envelope
S1,leave_environment_residential,polynomial,300,38,True,0.8817157847593335,mp100_final_sum_with_binary64_envelope
S1,leave_environment_residential,polynomial,301,38,True,0.9114520610530111,mp100_final_sum_with_binary64_envelope
S1,leave_environment_residential,polynomial,302,38,True,0.2894511444689875,mp100_final_sum_with_binary64_envelope
S1,leave_environment_residential,polynomial,303,38,True,0.720895866049883,mp100_final_sum_with_binary64_envelope
S1,leave_environment_residential,polynomial,304,38,True,0.6284517379120254,mp100_final_sum_with_binary64_envelope
S1,leave_environment_residential,polynomial,305,38,True,0.6475304653667378,mp100_final_sum_with_binary64_envelope
S1,leave_environment_residential,polynomial,306,38,True,0.6084380157339597,mp100_final_sum_with_binary64_envelope
S1,leave_environment_residential,polynomial,307,38,True,0.5313627341509842,mp100_final_sum_with_binary64_envelope
S1,leave_environment_residential,polynomial,308,38,True,0.5461825640265542,mp100_final_sum_with_binary64_envelope
S1,leave_environment_residential,polynomial,309,38,True,0.3670966353154207,mp100_final_sum_with_binary64_envelope
S1,leave_environment_residential,polynomial,310,38,True,0.7395645715596721,mp100_final_sum_with_binary64_envelope
S1,leave_environment_residential,polynomial,311,38,True,0.7290429008663948,mp100_final_sum_with_binary64_envelope
S1,leave_environment_residential,polynomial,312,38,True,0.43129091587755247,mp100_final_sum_with_binary64_envelope
S1,leave_environment_residential,polynomial,313,38,True,0.5947320427619033,mp100_final_sum_with_binary64_envelope
S1,leave_environment_residential,polynomial,314,38,True,0.7379992419933563,mp100_final_sum_with_binary64_envelope
S1,leave_environment_residential,polynomial,315,38,True,0.8107966609875287,mp100_final_sum_with_binary64_envelope
S1,leave_environment_residential,polynomial,316,38,True,0.17281839132977894,mp100_final_sum_with_binary64_envelope
S1,leave_environment_residential,polynomial,317,38,True,0.6950102150614147,mp100_final_sum_with_binary64_envelope
S1,leave_environment_residential,polynomial,318,38,True,0.39044080492765765,mp100_final_sum_with_binary64_envelope
S1,leave_environment_residential,polynomial,319,38,True,0.583783872698181,mp100_final_sum_with_binary64_envelope
S1,leave_environment_residential,polynomial,323,39,True,0.027250822982850503,mp100_final_sum_with_binary64_envelope
S1,leave_environment_residential,polynomial,328,37,True,0.1485619711760217,mp100_final_sum_with_binary64_envelope
S1,leave_environment_residential,polynomial,329,39,True,0.13912463521369062,mp100_final_sum_with_binary64_envelope
S1,leave_environment_residential,polynomial,330,39,True,0.09736339240963415,mp100_final_sum_with_binary64_envelope
S1,leave_environment_residential,polynomial,333,37,True,0.03762289201601291,mp100_final_sum_with_binary64_envelope
S1,leave_environment_residential,polynomial,334,37,True,0.18973990083467215,mp100_final_sum_with_binary64_envelope
S1,leave_environment_residential,polynomial,337,34,True,0.0018305799056485637,mp100_final_sum_with_binary64_envelope
S1,leave_environment_residential,polynomial,340,34,True,0.4684211886464133,mp100_final_sum_with_binary64_envelope
S1,leave_environment_residential,polynomial,341,39,True,0.2695436853384444,mp100_final_sum_with_binary64_envelope
S1,leave_environment_residential,polynomial,344,39,True,0.14492277617476595,mp100_final_sum_with_binary64_envelope
S1,leave_environment_residential,polynomial,345,37,True,0.06440864093414665,mp100_final_sum_with_binary64_envelope
S1,leave_environment_residential,polynomial,347,32,True,0.07625299807377403,mp100_final_sum_with_binary64_envelope
S1,leave_environment_residential,polynomial,349,34,True,0.12836836920683306,mp100_final_sum_with_binary64_envelope
S1,leave_environment_residential,polynomial,351,39,True,0.23150807267913387,mp100_final_sum_with_binary64_envelope
S1,leave_environment_residential,polynomial,355,39,True,0.04228882264367514,mp100_final_sum_with_binary64_envelope
S1,leave_environment_residential,polynomial,356,39,True,0.01174432594564454,mp100_final_sum_with_binary64_envelope
S1,leave_environment_residential,polynomial,358,39,True,0.01164824459274036,mp100_final_sum_with_binary64_envelope
S1,leave_environment_residential,polynomial,359,37,True,0.004833689315585872,mp100_final_sum_with_binary64_envelope
S1,leave_environment_residential,polynomial,360,40,True,0.434605629112577,mp100_final_sum_with_binary64_envelope
S1,leave_environment_residential,polynomial,361,40,True,0.3807895623190295,mp100_final_sum_with_binary64_envelope
S1,leave_environment_residential,polynomial,362,40,True,0.31587503117892324,mp100_final_sum_with_binary64_envelope
S1,leave_environment_residential,polynomial,363,40,True,0.11783947951569028,mp100_final_sum_with_binary64_envelope
S1,leave_environment_residential,polynomial,364,36,True,0.011791951066357111,mp100_final_sum_with_binary64_envelope
S1,leave_environment_residential,polynomial,365,40,True,0.5953817298600445,mp100_final_sum_with_binary64_envelope
S1,leave_environment_residential,polynomial,368,40,True,0.5016475606186127,mp100_final_sum_with_binary64_envelope
S1,leave_environment_residential,polynomial,369,40,True,0.3135145337331921,mp100_final_sum_with_binary64_envelope
S1,leave_environment_residential,polynomial,370,40,True,0.09516074124503553,mp100_final_sum_with_binary64_envelope
S1,leave_environment_residential,polynomial,371,40,True,0.17956032647201453,mp100_final_sum_with_binary64_envelope
S1,leave_environment_residential,polynomial,373,40,True,0.08516292087241437,mp100_final_sum_with_binary64_envelope
S1,leave_environment_residential,polynomial,374,40,True,0.28078480816854406,mp100_final_sum_with_binary64_envelope
S1,leave_environment_residential,polynomial,375,40,True,0.4110118551936396,mp100_final_sum_with_binary64_envelope
S1,leave_environment_residential,polynomial,376,40,True,0.4357214118603118,mp100_final_sum_with_binary64_envelope
S1,leave_environment_residential,polynomial,377,40,True,0.32371731671595594,mp100_final_sum_with_binary64_envelope
S1,leave_environment_residential,polynomial,378,40,True,0.34481873125478013,mp100_final_sum_with_binary64_envelope
S1,leave_environment_residential,polynomial,379,40,True,0.27941780657171916,mp100_final_sum_with_binary64_envelope
S1,leave_environment_residential,polynomial,381,40,True,0.4117685787685919,mp100_final_sum_with_binary64_envelope
S1,leave_environment_residential,polynomial,382,40,True,0.5205306988922863,mp100_final_sum_with_binary64_envelope
S1,leave_environment_residential,polynomial,383,40,True,0.6759630541963211,mp100_final_sum_with_binary64_envelope
S1,leave_environment_residential,polynomial,384,40,True,0.10081170674984098,mp100_final_sum_with_binary64_envelope
S1,leave_environment_residential,polynomial,385,32,True,0.0952712709166842,mp100_final_sum_with_binary64_envelope
S1,leave_environment_residential,polynomial,386,40,True,0.42962638470130743,mp100_final_sum_with_binary64_envelope
S1,leave_environment_residential,polynomial,388,40,True,0.1984564375554986,mp100_final_sum_with_binary64_envelope
S1,leave_environment_residential,polynomial,390,40,True,0.03559104782301233,mp100_final_sum_with_binary64_envelope
S1,leave_environment_residential,polynomial,391,40,True,0.5538397821324358,mp100_final_sum_with_binary64_envelope
S1,leave_environment_residential,polynomial,392,40,True,0.34111646466568535,mp100_final_sum_with_binary64_envelope
S1,leave_environment_residential,polynomial,393,40,True,0.4915374930362102,mp100_final_sum_with_binary64_envelope
S1,leave_environment_residential,polynomial,394,40,True,0.6363428878082573,mp100_final_sum_with_binary64_envelope
S1,leave_environment_residential,polynomial,396,40,True,0.30556714953549213,mp100_final_sum_with_binary64_envelope
S1,leave_environment_residential,polynomial,397,32,True,0.5441953982133468,mp100_final_sum_with_binary64_envelope
S1,leave_environment_residential,polynomial,398,40,True,0.3650338950667614,mp100_final_sum_with_binary64_envelope
S1,leave_environment_residential,random_orthogonal,0,31,True,0.04618404719578722,mp100_final_sum_with_binary64_envelope
S1,leave_environment_residential,random_orthogonal,4,31,True,0.08237580500499535,mp100_final_sum_with_binary64_envelope
S1,leave_environment_residential,random_orthogonal,12,31,True,0.37872273944203644,mp100_final_sum_with_binary64_envelope
S1,leave_environment_residential,random_orthogonal,39,31,True,0.7328358187587547,mp100_final_sum_with_binary64_envelope
S1,leave_environment_residential,permuted_polynomial,0,31,True,0.4951712990577055,mp100_final_sum_with_binary64_envelope
S1,leave_environment_residential,permuted_polynomial,2,31,True,0.36573851112906647,mp100_final_sum_with_binary64_envelope
S1,leave_environment_residential,permuted_polynomial,3,31,True,0.14034160454593722,mp100_final_sum_with_binary64_envelope
S1,leave_environment_residential,permuted_polynomial,4,31,True,1.148422941088912,mp100_final_sum_with_binary64_envelope
S1,leave_environment_residential,permuted_polynomial,5,31,True,0.48726722606122774,mp100_final_sum_with_binary64_envelope
S1,leave_environment_residential,permuted_polynomial,6,31,True,0.08143654869245233,mp100_final_sum_with_binary64_envelope
S1,leave_environment_residential,permuted_polynomial,7,31,True,0.28923731383712487,mp100_final_sum_with_binary64_envelope
S1,leave_environment_residential,permuted_polynomial,8,31,True,0.095484264651577,mp100_final_sum_with_binary64_envelope
S1,leave_environment_residential,permuted_polynomial,11,31,True,1.2580283737375253,mp100_final_sum_with_binary64_envelope
S1,leave_environment_residential,permuted_polynomial,12,31,True,1.0240895812856015,mp100_final_sum_with_binary64_envelope
S1,leave_environment_residential,permuted_polynomial,15,31,True,0.5346394757510868,mp100_final_sum_with_binary64_envelope
S1,leave_environment_residential,permuted_polynomial,16,31,True,0.3294876239023667,mp100_final_sum_with_binary64_envelope
S1,leave_environment_residential,permuted_polynomial,18,31,True,0.0695509210198835,mp100_final_sum_with_binary64_envelope
S1,leave_environment_residential,permuted_polynomial,20,31,True,1.158032646427192,mp100_final_sum_with_binary64_envelope
S1,leave_environment_residential,permuted_polynomial,22,31,True,0.19762110174864145,mp100_final_sum_with_binary64_envelope
S1,leave_environment_residential,permuted_polynomial,23,31,True,0.14543974503149934,mp100_final_sum_with_binary64_envelope
S1,leave_environment_residential,permuted_polynomial,24,31,True,0.7242334592718332,mp100_final_sum_with_binary64_envelope
S1,leave_environment_residential,permuted_polynomial,26,31,True,0.5300253801509405,mp100_final_sum_with_binary64_envelope
S1,leave_environment_residential,permuted_polynomial,27,31,True,0.39580770564653567,mp100_final_sum_with_binary64_envelope
S1,leave_environment_residential,permuted_polynomial,29,31,True,0.6852853544991343,mp100_final_sum_with_binary64_envelope
S1,leave_environment_residential,permuted_polynomial,30,31,True,0.9956322227174729,mp100_final_sum_with_binary64_envelope
S1,leave_environment_residential,permuted_polynomial,31,31,True,0.09842515488693149,mp100_final_sum_with_binary64_envelope
S1,leave_environment_residential,permuted_polynomial,32,31,True,0.9962444602920153,mp100_final_sum_with_binary64_envelope
S1,leave_environment_residential,permuted_polynomial,33,31,True,1.07604659621383,mp100_final_sum_with_binary64_envelope
S1,leave_environment_residential,permuted_polynomial,34,31,True,0.6574182940204487,mp100_final_sum_with_binary64_envelope
S1,leave_environment_residential,permuted_polynomial,35,31,True,0.7964285381983753,mp100_final_sum_with_binary64_envelope
S1,leave_environment_residential,permuted_polynomial,36,31,True,0.7426025400764656,mp100_final_sum_with_binary64_envelope
S1,leave_environment_residential,permuted_polynomial,37,31,True,0.6623512235626063,mp100_final_sum_with_binary64_envelope
S1,leave_environment_residential,permuted_polynomial,38,31,True,0.34948935319152813,mp100_final_sum_with_binary64_envelope
S1,leave_environment_residential,permuted_polynomial,39,31,True,1.296170791485133,mp100_final_sum_with_binary64_envelope
S4,leave_day1_out,coordinate,2,10,True,0.9130424464561878,mp100_final_sum_with_binary64_envelope
S4,leave_day1_out,coordinate,3,10,True,0.22444172012702787,mp100_final_sum_with_binary64_envelope
S4,leave_day1_out,coordinate,7,10,True,0.6451869203271919,mp100_final_sum_with_binary64_envelope
S4,leave_day1_out,coordinate,8,10,True,0.34076698804012406,mp100_final_sum_with_binary64_envelope
S4,leave_day1_out,coordinate,10,10,True,0.5473398944624565,mp100_final_sum_with_binary64_envelope
S4,leave_day1_out,coordinate,16,9,True,0.04262833654315215,mp100_final_sum_with_binary64_envelope
S4,leave_day1_out,coordinate,25,7,True,0.13339047594366651,mp100_final_sum_with_binary64_envelope
S4,leave_day1_out,coordinate,35,7,True,0.1867589305764168,mp100_final_sum_with_binary64_envelope
S4,leave_day1_out,coordinate,36,2,True,0.3341959482332688,mp100_final_sum_with_binary64_envelope
S4,leave_day1_out,coordinate,37,2,True,1.2742476499220894,mp100_final_sum_with_binary64_envelope
S4,leave_day1_out,coordinate,38,2,True,0.9133733394202231,mp100_final_sum_with_binary64_envelope
S4,leave_day1_out,coordinate,39,2,True,0.8030971394106097,mp100_final_sum_with_binary64_envelope
S4,leave_day1_out,coordinate,40,2,True,0.2636792404290267,mp100_final_sum_with_binary64_envelope
S4,leave_day1_out,coordinate,41,2,True,1.4015677912109987,mp100_final_sum_with_binary64_envelope
S4,leave_day1_out,coordinate,42,2,True,1.7027039192905373,mp100_final_sum_with_binary64_envelope
S4,leave_day1_out,coordinate,43,2,True,0.8742031863729244,mp100_final_sum_with_binary64_envelope
S4,leave_day1_out,coordinate,45,2,True,1.1707192640234945,mp100_final_sum_with_binary64_envelope
S4,leave_day1_out,coordinate,46,2,True,0.08674026508523776,mp100_final_sum_with_binary64_envelope
S4,leave_day1_out,coordinate,50,15,True,0.23588827595110934,mp100_final_sum_with_binary64_envelope
S4,leave_day1_out,coordinate,56,15,True,0.2543191855008354,mp100_final_sum_with_binary64_envelope
S4,leave_day1_out,coordinate,58,14,True,0.19054919492472397,mp100_final_sum_with_binary64_envelope
S4,leave_day1_out,coordinate,65,15,True,0.47889158971842444,mp100_final_sum_with_binary64_envelope
S4,leave_day1_out,coordinate,76,15,True,1.2408969246474542,mp100_final_sum_with_binary64_envelope
S4,leave_day1_out,coordinate,78,9,True,0.3766621261934627,mp100_final_sum_with_binary64_envelope
S4,leave_day1_out,coordinate,82,14,True,0.06552970138794324,mp100_final_sum_with_binary64_envelope
S4,leave_day1_out,coordinate,84,2,True,1.6397552106351965,mp100_final_sum_with_binary64_envelope
S4,leave_day1_out,coordinate,85,2,True,1.8630623417707697,mp100_final_sum_with_binary64_envelope
S4,leave_day1_out,coordinate,86,2,True,1.6737243604062342,mp100_final_sum_with_binary64_envelope
S4,leave_day1_out,coordinate,87,2,True,1.5755084739409824,mp100_final_sum_with_binary64_envelope
S4,leave_day1_out,coordinate,88,2,True,1.9579674287317914,mp100_final_sum_with_binary64_envelope
S4,leave_day1_out,coordinate,89,2,True,1.9559058948851553,mp100_final_sum_with_binary64_envelope
S4,leave_day1_out,coordinate,90,2,True,2.003798423499268,mp100_final_sum_with_binary64_envelope
S4,leave_day1_out,coordinate,91,2,True,0.21108988817568583,mp100_final_sum_with_binary64_envelope
S4,leave_day1_out,coordinate,92,2,True,1.3782254551354884,mp100_final_sum_with_binary64_envelope
S4,leave_day1_out,coordinate,93,2,True,1.892514331755937,mp100_final_sum_with_binary64_envelope
S4,leave_day1_out,coordinate,94,2,True,1.7707385314116937,mp100_final_sum_with_binary64_envelope
S4,leave_day1_out,coordinate,95,2,True,1.6753611534211732,mp100_final_sum_with_binary64_envelope
S4,leave_day1_out,coordinate,96,3,True,1.6770532563369118,mp100_final_sum_with_binary64_envelope
S4,leave_day1_out,coordinate,97,3,True,0.6350023398188518,mp100_final_sum_with_binary64_envelope
S4,leave_day1_out,coordinate,98,3,True,1.2607292731048738,mp100_final_sum_with_binary64_envelope
S4,leave_day1_out,coordinate,99,3,True,1.6348449346512752,mp100_final_sum_with_binary64_envelope
S4,leave_day1_out,coordinate,100,3,True,1.1108184013092124,mp100_final_sum_with_binary64_envelope
S4,leave_day1_out,coordinate,102,3,True,1.3886553105850306,mp100_final_sum_with_binary64_envelope
S4,leave_day1_out,coordinate,103,3,True,1.6705455843353412,mp100_final_sum_with_binary64_envelope
S4,leave_day1_out,coordinate,104,3,True,1.6274666169006748,mp100_final_sum_with_binary64_envelope
S4,leave_day1_out,coordinate,105,3,True,1.2356768160043736,mp100_final_sum_with_binary64_envelope
S4,leave_day1_out,coordinate,106,3,True,1.3003459113394586,mp100_final_sum_with_binary64_envelope
S4,leave_day1_out,coordinate,107,3,True,1.190561590745471,mp100_final_sum_with_binary64_envelope
S4,leave_day1_out,coordinate,113,7,True,0.3206170526746196,mp100_final_sum_with_binary64_envelope
S4,leave_day1_out,coordinate,120,7,True,1.027124772452032,mp100_final_sum_with_binary64_envelope
S4,leave_day1_out,coordinate,123,7,True,0.1261581768839044,mp100_final_sum_with_binary64_envelope
S4,leave_day1_out,coordinate,128,7,True,1.1196455472848048,mp100_final_sum_with_binary64_envelope
S4,leave_day1_out,coordinate,129,7,True,0.4869268655605216,mp100_final_sum_with_binary64_envelope
S4,leave_day1_out,coordinate,132,8,True,0.3021355943470483,mp100_final_sum_with_binary64_envelope
S4,leave_day1_out,coordinate,133,8,True,1.0933493840420383,mp100_final_sum_with_binary64_envelope
S4,leave_day1_out,coordinate,135,8,True,1.217765227151886,mp100_final_sum_with_binary64_envelope
S4,leave_day1_out,coordinate,136,8,True,1.7926033371556185,mp100_final_sum_with_binary64_envelope
S4,leave_day1_out,coordinate,137,8,True,1.6251780573504364,mp100_final_sum_with_binary64_envelope
S4,leave_day1_out,coordinate,138,8,True,0.5873469653115732,mp100_final_sum_with_binary64_envelope
S4,leave_day1_out,coordinate,139,8,True,1.0484570611513093,mp100_final_sum_with_binary64_envelope
S4,leave_day1_out,coordinate,140,8,True,1.1694165880277472,mp100_final_sum_with_binary64_envelope
S4,leave_day1_out,coordinate,141,8,True,1.0822103191306813,mp100_final_sum_with_binary64_envelope
S4,leave_day1_out,coordinate,142,8,True,1.7602332219407566,mp100_final_sum_with_binary64_envelope
S4,leave_day1_out,coordinate,143,8,True,1.600965056347523,mp100_final_sum_with_binary64_envelope
S4,leave_day1_out,coordinate,144,9,True,0.7220044038656854,mp100_final_sum_with_binary64_envelope
S4,leave_day1_out,coordinate,145,9,True,0.3299905620502396,mp100_final_sum_with_binary64_envelope
S4,leave_day1_out,coordinate,146,9,True,0.14054753822521676,mp100_final_sum_with_binary64_envelope
S4,leave_day1_out,coordinate,147,9,True,1.2857480936422054,mp100_final_sum_with_binary64_envelope
S4,leave_day1_out,coordinate,148,9,True,1.147816761822509,mp100_final_sum_with_binary64_envelope
S4,leave_day1_out,coordinate,150,9,True,1.3432149158365811,mp100_final_sum_with_binary64_envelope
S4,leave_day1_out,coordinate,151,9,True,1.200611744006917,mp100_final_sum_with_binary64_envelope
S4,leave_day1_out,coordinate,153,9,True,0.7684702680875758,mp100_final_sum_with_binary64_envelope
S4,leave_day1_out,coordinate,154,9,True,0.19277632610819573,mp100_final_sum_with_binary64_envelope
S4,leave_day1_out,coordinate,158,9,True,1.148507320366493,mp100_final_sum_with_binary64_envelope
S4,leave_day1_out,coordinate,159,9,True,0.16949675970902614,mp100_final_sum_with_binary64_envelope
S4,leave_day1_out,coordinate,160,9,True,0.6793005675689805,mp100_final_sum_with_binary64_envelope
S4,leave_day1_out,coordinate,161,9,True,1.062634739690657,mp100_final_sum_with_binary64_envelope
S4,leave_day1_out,coordinate,163,9,True,0.5463501085265559,mp100_final_sum_with_binary64_envelope
S4,leave_day1_out,coordinate,164,9,True,0.45042989129867983,mp100_final_sum_with_binary64_envelope
S4,leave_day1_out,coordinate,165,9,True,1.7833660872055466,mp100_final_sum_with_binary64_envelope
S4,leave_day1_out,coordinate,166,9,True,0.13446909819623687,mp100_final_sum_with_binary64_envelope
S4,leave_day1_out,coordinate,167,9,True,0.6317587744144619,mp100_final_sum_with_binary64_envelope
S4,leave_day1_out,dct,19,11,True,0.015094507128709604,mp100_final_sum_with_binary64_envelope
S4,leave_day1_out,dct,21,9,True,0.38922586670108233,mp100_final_sum_with_binary64_envelope
S4,leave_day1_out,dct,23,9,True,0.8107507890861487,mp100_final_sum_with_binary64_envelope
S4,leave_day1_out,dct,24,7,True,0.27177521272899857,mp100_final_sum_with_binary64_envelope
S4,leave_day1_out,dct,25,7,True,0.21180070523645814,mp100_final_sum_with_binary64_envelope
S4,leave_day1_out,dct,26,7,True,0.37253890862816463,mp100_final_sum_with_binary64_envelope
S4,leave_day1_out,dct,27,7,True,0.6181424129963242,mp100_final_sum_with_binary64_envelope
S4,leave_day1_out,dct,29,7,True,0.8014585954108598,mp100_final_sum_with_binary64_envelope
S4,leave_day1_out,dct,30,7,True,0.15923049379430243,mp100_final_sum_with_binary64_envelope
S4,leave_day1_out,dct,31,7,True,0.04424548772259218,mp100_final_sum_with_binary64_envelope
S4,leave_day1_out,dct,33,7,True,0.5688079633726398,mp100_final_sum_with_binary64_envelope
S4,leave_day1_out,dct,35,7,True,0.24374770958774494,mp100_final_sum_with_binary64_envelope
S4,leave_day1_out,dct,36,2,True,0.3068867179106146,mp100_final_sum_with_binary64_envelope
S4,leave_day1_out,dct,37,2,True,0.3780416115998973,mp100_final_sum_with_binary64_envelope
S4,leave_day1_out,dct,39,2,True,0.8941093979973921,mp100_final_sum_with_binary64_envelope
S4,leave_day1_out,dct,41,2,True,0.35992864901579014,mp100_final_sum_with_binary64_envelope
S4,leave_day1_out,dct,42,2,True,0.680547913929973,mp100_final_sum_with_binary64_envelope
S4,leave_day1_out,dct,43,2,True,0.33862536259110243,mp100_final_sum_with_binary64_envelope
S4,leave_day1_out,dct,46,2,True,0.11122436969010843,mp100_final_sum_with_binary64_envelope
S4,leave_day1_out,dct,47,2,True,0.3420919786842027,mp100_final_sum_with_binary64_envelope
S4,leave_day1_out,dct,50,15,True,0.8016307996697438,mp100_final_sum_with_binary64_envelope
S4,leave_day1_out,dct,65,15,True,0.03505451143376052,mp100_final_sum_with_binary64_envelope
S4,leave_day1_out,dct,74,15,True,0.012488294791432559,mp100_final_sum_with_binary64_envelope
S4,leave_day1_out,dct,77,14,True,0.05586565901442646,mp100_final_sum_with_binary64_envelope
S4,leave_day1_out,dct,82,14,True,0.03640627522067405,mp100_final_sum_with_binary64_envelope
S4,leave_day1_out,dct,84,2,True,0.856150922358342,mp100_final_sum_with_binary64_envelope
S4,leave_day1_out,dct,85,2,True,0.6569876841388893,mp100_final_sum_with_binary64_envelope
S4,leave_day1_out,dct,86,2,True,0.8374759793181062,mp100_final_sum_with_binary64_envelope
S4,leave_day1_out,dct,87,2,True,0.4299585667954234,mp100_final_sum_with_binary64_envelope
S4,leave_day1_out,dct,88,2,True,1.1150253050062988,mp100_final_sum_with_binary64_envelope
S4,leave_day1_out,dct,89,2,True,0.9142825564296186,mp100_final_sum_with_binary64_envelope
S4,leave_day1_out,dct,90,2,True,0.45650821559062243,mp100_final_sum_with_binary64_envelope
S4,leave_day1_out,dct,91,2,True,1.42033451654102,mp100_final_sum_with_binary64_envelope
S4,leave_day1_out,dct,92,2,True,0.8894430437098512,mp100_final_sum_with_binary64_envelope
S4,leave_day1_out,dct,93,2,True,0.5350954014600492,mp100_final_sum_with_binary64_envelope
S4,leave_day1_out,dct,94,2,True,1.4158372710038514,mp100_final_sum_with_binary64_envelope
S4,leave_day1_out,dct,95,2,True,1.21284033225609,mp100_final_sum_with_binary64_envelope
S4,leave_day1_out,dct,96,3,True,1.870918932998612,mp100_final_sum_with_binary64_envelope
S4,leave_day1_out,dct,97,3,True,0.574914113365655,mp100_final_sum_with_binary64_envelope
S4,leave_day1_out,dct,98,3,True,1.6814860068614994,mp100_final_sum_with_binary64_envelope
S4,leave_day1_out,dct,99,3,True,1.6103369127401037,mp100_final_sum_with_binary64_envelope
S4,leave_day1_out,dct,100,3,True,1.654954255001196,mp100_final_sum_with_binary64_envelope
S4,leave_day1_out,dct,101,3,True,0.2961397464726167,mp100_final_sum_with_binary64_envelope
S4,leave_day1_out,dct,102,3,True,1.6500186921640005,mp100_final_sum_with_binary64_envelope
S4,leave_day1_out,dct,103,3,True,1.2675661366567372,mp100_final_sum_with_binary64_envelope
S4,leave_day1_out,dct,104,3,True,1.8607610499684129,mp100_final_sum_with_binary64_envelope
S4,leave_day1_out,dct,105,3,True,1.2133456441846286,mp100_final_sum_with_binary64_envelope
S4,leave_day1_out,dct,106,3,True,1.5769022180815155,mp100_final_sum_with_binary64_envelope
S4,leave_day1_out,dct,107,3,True,1.2482005046556306,mp100_final_sum_with_binary64_envelope
S4,leave_day1_out,dct,128,7,True,0.036123144438407646,mp100_final_sum_with_binary64_envelope
S4,leave_day1_out,dct,129,7,True,0.03755214200329259,mp100_final_sum_with_binary64_envelope
S4,leave_day1_out,dct,132,8,True,0.47036021247769855,mp100_final_sum_with_binary64_envelope
S4,leave_day1_out,dct,133,8,True,0.4666829085715661,mp100_final_sum_with_binary64_envelope
S4,leave_day1_out,dct,134,15,True,1.2747962464106632,mp100_final_sum_with_binary64_envelope
S4,leave_day1_out,dct,135,8,True,0.4487554504652934,mp100_final_sum_with_binary64_envelope
S4,leave_day1_out,dct,136,8,True,1.4494254262759132,mp100_final_sum_with_binary64_envelope
S4,leave_day1_out,dct,137,8,True,1.6709579247766806,mp100_final_sum_with_binary64_envelope
S4,leave_day1_out,dct,138,8,True,1.1066029806238271,mp100_final_sum_with_binary64_envelope
S4,leave_day1_out,dct,139,8,True,1.8736190202696423,mp100_final_sum_with_binary64_envelope
S4,leave_day1_out,dct,140,8,True,0.8243618946991256,mp100_final_sum_with_binary64_envelope
S4,leave_day1_out,dct,141,8,True,0.45364539088147204,mp100_final_sum_with_binary64_envelope
S4,leave_day1_out,dct,142,8,True,1.4861982812412171,mp100_final_sum_with_binary64_envelope
S4,leave_day1_out,dct,143,8,True,0.879342783409404,mp100_final_sum_with_binary64_envelope
S4,leave_day1_out,dct,144,9,True,1.165702199918056,mp100_final_sum_with_binary64_envelope
S4,leave_day1_out,dct,146,9,True,1.1535896731783293,mp100_final_sum_with_binary64_envelope
S4,leave_day1_out,dct,147,9,True,0.850591471073617,mp100_final_sum_with_binary64_envelope
S4,leave_day1_out,dct,148,9,True,1.264507465210078,mp100_final_sum_with_binary64_envelope
S4,leave_day1_out,dct,150,9,True,1.5147834802825348,mp100_final_sum_with_binary64_envelope
S4,leave_day1_out,dct,151,9,True,0.80240376386041,mp100_final_sum_with_binary64_envelope
S4,leave_day1_out,dct,152,14,True,0.12378053295103761,mp100_final_sum_with_binary64_envelope
S4,leave_day1_out,dct,153,9,True,0.7106154464476945,mp100_final_sum_with_binary64_envelope
S4,leave_day1_out,dct,158,9,True,0.6958326158404564,mp100_final_sum_with_binary64_envelope
S4,leave_day1_out,dct,160,9,True,0.2554219395102872,mp100_final_sum_with_binary64_envelope
S4,leave_day1_out,dct,161,9,True,0.5505310125279693,mp100_final_sum_with_binary64_envelope
S4,leave_day1_out,dct,163,9,True,0.7164616213220377,mp100_final_sum_with_binary64_envelope
S4,leave_day1_out,dct,164,9,True,0.25123204693750717,mp100_final_sum_with_binary64_envelope
S4,leave_day1_out,dct,165,9,True,1.349426436025147,mp100_final_sum_with_binary64_envelope
S4,leave_day1_out,dct,166,9,True,0.0945823743440479,mp100_final_sum_with_binary64_envelope
S4,leave_day1_out,dct,167,9,True,1.9055171163215627,mp100_final_sum_with_binary64_envelope
S4,leave_day1_out,dft,0,11,True,0.07892834456418292,mp100_final_sum_with_binary64_envelope
S4,leave_day1_out,dft,1,10,True,0.6272325057092982,mp100_final_sum_with_binary64_envelope
S4,leave_day1_out,dft,2,10,True,0.5085870775730758,mp100_final_sum_with_binary64_envelope
S4,leave_day1_out,dft,3,10,True,0.34476781804599094,mp100_final_sum_with_binary64_envelope
S4,leave_day1_out,dft,4,10,True,0.6187177510541031,mp100_final_sum_with_binary64_envelope
S4,leave_day1_out,dft,5,10,True,0.7373904179703162,mp100_final_sum_with_binary64_envelope
S4,leave_day1_out,dft,13,9,True,1.3237241672948998,mp100_final_sum_with_binary64_envelope
S4,leave_day1_out,dft,14,11,True,0.10438877233785156,mp100_final_sum_with_binary64_envelope
S4,leave_day1_out,dft,15,11,True,0.15874331172179862,mp100_final_sum_with_binary64_envelope
S4,leave_day1_out,dft,16,9,True,0.10060519691305563,mp100_final_sum_with_binary64_envelope
S4,leave_day1_out,dft,17,9,True,1.8175120815425596,mp100_final_sum_with_binary64_envelope
S4,leave_day1_out,dft,18,11,True,0.48664111203916594,mp100_final_sum_with_binary64_envelope
S4,leave_day1_out,dft,19,11,True,0.8391121735906373,mp100_final_sum_with_binary64_envelope
S4,leave_day1_out,dft,20,11,True,0.5334873108599685,mp100_final_sum_with_binary64_envelope
S4,leave_day1_out,dft,21,9,True,1.5655659000204996,mp100_final_sum_with_binary64_envelope
S4,leave_day1_out,dft,25,7,True,1.130934757851904,mp100_final_sum_with_binary64_envelope
S4,leave_day1_out,dft,26,7,True,0.38866443757623564,mp100_final_sum_with_binary64_envelope
S4,leave_day1_out,dft,29,7,True,1.6216073849912067,mp100_final_sum_with_binary64_envelope
S4,leave_day1_out,dft,30,7,True,1.3855784179098698,mp100_final_sum_with_binary64_envelope
S4,leave_day1_out,dft,31,7,True,0.8119527839754802,mp100_final_sum_with_binary64_envelope
S4,leave_day1_out,dft,33,7,True,1.2568370399804571,mp100_final_sum_with_binary64_envelope
S4,leave_day1_out,dft,36,2,True,0.5783781922561945,mp100_final_sum_with_binary64_envelope
S4,leave_day1_out,dft,37,2,True,0.850002648234425,mp100_final_sum_with_binary64_envelope
S4,leave_day1_out,dft,39,2,True,0.8853807153593211,mp100_final_sum_with_binary64_envelope
S4,leave_day1_out,dft,41,2,True,1.2411435676891764,mp100_final_sum_with_binary64_envelope
S4,leave_day1_out,dft,42,2,True,0.7172000805879153,mp100_final_sum_with_binary64_envelope
S4,leave_day1_out,dft,43,2,True,0.503899787822646,mp100_final_sum_with_binary64_envelope
S4,leave_day1_out,dft,48,15,True,0.040363158407473704,mp100_final_sum_with_binary64_envelope
S4,leave_day1_out,dft,50,15,True,0.5037509466576003,mp100_final_sum_with_binary64_envelope
S4,leave_day1_out,dft,52,15,True,0.25495116233984205,mp100_final_sum_with_binary64_envelope
S4,leave_day1_out,dft,54,15,True,0.36521905693392204,mp100_final_sum_with_binary64_envelope
S4,leave_day1_out,dft,58,14,True,0.5400797193329975,mp100_final_sum_with_binary64_envelope
S4,leave_day1_out,dft,61,15,True,1.155979968063846,mp100_final_sum_with_binary64_envelope
S4,leave_day1_out,dft,62,14,True,0.4997700699530138,mp100_final_sum_with_binary64_envelope
S4,leave_day1_out,dft,63,14,True,0.11111610437011378,mp100_final_sum_with_binary64_envelope
S4,leave_day1_out,dft,71,14,True,0.028632944404689806,mp100_final_sum_with_binary64_envelope
S4,leave_day1_out,dft,72,15,True,0.03950098521697777,mp100_final_sum_with_binary64_envelope
S4,leave_day1_out,dft,78,9,True,0.031015132251092894,mp100_final_sum_with_binary64_envelope
S4,leave_day1_out,dft,79,9,True,0.12928307684263718,mp100_final_sum_with_binary64_envelope
S4,leave_day1_out,dft,81,14,True,0.21310915613485396,mp100_final_sum_with_binary64_envelope
S4,leave_day1_out,dft,82,14,True,0.09918840378226752,mp100_final_sum_with_binary64_envelope
S4,leave_day1_out,dft,84,2,True,0.7308026438755041,mp100_final_sum_with_binary64_envelope
S4,leave_day1_out,dft,85,2,True,1.2358653232405643,mp100_final_sum_with_binary64_envelope
S4,leave_day1_out,dft,86,2,True,0.6076765954064756,mp100_final_sum_with_binary64_envelope
S4,leave_day1_out,dft,87,2,True,0.3892356523885092,mp100_final_sum_with_binary64_envelope
S4,leave_day1_out,dft,88,2,True,0.7650017024810579,mp100_final_sum_with_binary64_envelope
S4,leave_day1_out,dft,89,2,True,1.5996941035806107,mp100_final_sum_with_binary64_envelope
S4,leave_day1_out,dft,90,2,True,1.111513955551096,mp100_final_sum_with_binary64_envelope
S4,leave_day1_out,dft,91,2,True,0.8153074031861831,mp100_final_sum_with_binary64_envelope
S4,leave_day1_out,dft,92,2,True,1.1783538540071552,mp100_final_sum_with_binary64_envelope
S4,leave_day1_out,dft,93,2,True,1.131550855001533,mp100_final_sum_with_binary64_envelope
S4,leave_day1_out,dft,94,2,True,1.3786151246506406,mp100_final_sum_with_binary64_envelope
S4,leave_day1_out,dft,95,2,True,1.7039766620291237,mp100_final_sum_with_binary64_envelope
S4,leave_day1_out,dft,96,3,True,0.5143897159717327,mp100_final_sum_with_binary64_envelope
S4,leave_day1_out,dft,98,3,True,0.29278901473755437,mp100_final_sum_with_binary64_envelope
S4,leave_day1_out,dft,100,3,True,0.4251822413228319,mp100_final_sum_with_binary64_envelope
S4,leave_day1_out,dft,101,3,True,0.080215263103398,mp100_final_sum_with_binary64_envelope
S4,leave_day1_out,dft,102,3,True,0.23682965337955586,mp100_final_sum_with_binary64_envelope
S4,leave_day1_out,dft,104,3,True,0.7971977333385398,mp100_final_sum_with_binary64_envelope
S4,leave_day1_out,dft,108,7,True,1.284215216166365,mp100_final_sum_with_binary64_envelope
S4,leave_day1_out,dft,109,7,True,1.5157937068996334,mp100_final_sum_with_binary64_envelope
S4,leave_day1_out,dft,110,7,True,0.47973079066756397,mp100_final_sum_with_binary64_envelope
S4,leave_day1_out,dft,112,7,True,1.6214047273386032,mp100_final_sum_with_binary64_envelope
S4,leave_day1_out,dft,113,7,True,0.6794917180556426,mp100_final_sum_with_binary64_envelope
S4,leave_day1_out,dft,114,7,True,1.8374642202228324,mp100_final_sum_with_binary64_envelope
S4,leave_day1_out,dft,115,7,True,1.6847718262627258,mp100_final_sum_with_binary64_envelope
S4,leave_day1_out,dft,116,7,True,1.5894654588617314,mp100_final_sum_with_binary64_envelope
S4,leave_day1_out,dft,117,7,True,1.6745216622439012,mp100_final_sum_with_binary64_envelope
S4,leave_day1_out,dft,118,7,True,1.4443159138495294,mp100_final_sum_with_binary64_envelope
S4,leave_day1_out,dft,119,7,True,0.41957525759213493,mp100_final_sum_with_binary64_envelope
S4,leave_day1_out,dft,120,7,True,0.6926119599798688,mp100_final_sum_with_binary64_envelope
S4,leave_day1_out,dft,122,7,True,1.6200652318331579,mp100_final_sum_with_binary64_envelope
S4,leave_day1_out,dft,123,7,True,0.3456451998646132,mp100_final_sum_with_binary64_envelope
S4,leave_day1_out,dft,124,7,True,1.8539629575311207,mp100_final_sum_with_binary64_envelope
S4,leave_day1_out,dft,125,7,True,0.6959053932451433,mp100_final_sum_with_binary64_envelope
S4,leave_day1_out,dft,126,7,True,1.710628592243229,mp100_final_sum_with_binary64_envelope
S4,leave_day1_out,dft,127,7,True,1.8100192581540082,mp100_final_sum_with_binary64_envelope
S4,leave_day1_out,dft,128,7,True,1.2467442190827425,mp100_final_sum_with_binary64_envelope
S4,leave_day1_out,dft,129,7,True,0.7193944018823953,mp100_final_sum_with_binary64_envelope
S4,leave_day1_out,dft,131,7,True,1.3574572278190629,mp100_final_sum_with_binary64_envelope
S4,leave_day1_out,dft,132,8,True,1.216105818895012,mp100_final_sum_with_binary64_envelope
S4,leave_day1_out,dft,133,8,True,1.1766205577305662,mp100_final_sum_with_binary64_envelope
S4,leave_day1_out,dft,135,8,True,1.5653863206914638,mp100_final_sum_with_binary64_envelope
S4,leave_day1_out,dft,137,8,True,0.05394873363041073,mp100_final_sum_with_binary64_envelope
S4,leave_day1_out,dft,138,8,True,1.3360184825883323,mp100_final_sum_with_binary64_envelope
S4,leave_day1_out,dft,139,8,True,1.438792031650182,mp100_final_sum_with_binary64_envelope
S4,leave_day1_out,dft,140,8,True,1.354048871939986,mp100_final_sum_with_binary64_envelope
S4,leave_day1_out,dft,141,8,True,1.4069020904972795,mp100_final_sum_with_binary64_envelope
S4,leave_day1_out,dft,143,8,True,1.127805608987549,mp100_final_sum_with_binary64_envelope
S4,leave_day1_out,dft,144,9,True,1.4022520239699214,mp100_final_sum_with_binary64_envelope
S4,leave_day1_out,dft,146,9,True,0.584105005615291,mp100_final_sum_with_binary64_envelope
S4,leave_day1_out,dft,148,9,True,0.5120599743331629,mp100_final_sum_with_binary64_envelope
S4,leave_day1_out,dft,150,9,True,0.48723236693662514,mp100_final_sum_with_binary64_envelope
S4,leave_day1_out,dft,151,9,True,0.07742931744427595,mp100_final_sum_with_binary64_envelope
S4,leave_day1_out,dft,153,9,True,0.22025689625395686,mp100_final_sum_with_binary64_envelope
S4,leave_day1_out,dft,157,9,True,0.6912169228085419,mp100_final_sum_with_binary64_envelope
S4,leave_day1_out,dft,158,9,True,0.19118555396013012,mp100_final_sum_with_binary64_envelope
S4,leave_day1_out,dft,159,9,True,0.34633844848439865,mp100_final_sum_with_binary64_envelope
S4,leave_day1_out,dft,160,9,True,0.6098942887207174,mp100_final_sum_with_binary64_envelope
S4,leave_day1_out,dft,165,9,True,0.7228825354131677,mp100_final_sum_with_binary64_envelope
S4,leave_day1_out,dft,166,9,True,1.0950031099741249,mp100_final_sum_with_binary64_envelope
S4,leave_day1_out,dft,167,9,True,1.7196330109457287,mp100_final_sum_with_binary64_envelope
S4,leave_day1_out,polynomial,13,9,True,1.093805445093736,mp100_final_sum_with_binary64_envelope
S4,leave_day1_out,polynomial,17,9,True,1.1735492236756853,mp100_final_sum_with_binary64_envelope
S4,leave_day1_out,polynomial,21,9,True,0.9069974099420917,mp100_final_sum_with_binary64_envelope
S4,leave_day1_out,polynomial,37,2,True,0.8039553719501711,mp100_final_sum_with_binary64_envelope
S4,leave_day1_out,polynomial,38,2,True,0.5539996674845521,mp100_final_sum_with_binary64_envelope
S4,leave_day1_out,polynomial,39,2,True,0.5402890881171496,mp100_final_sum_with_binary64_envelope
S4,leave_day1_out,polynomial,41,2,True,0.9116951284659318,mp100_final_sum_with_binary64_envelope
S4,leave_day1_out,polynomial,42,2,True,1.331960619308674,mp100_final_sum_with_binary64_envelope
S4,leave_day1_out,polynomial,43,2,True,1.201668750026024,mp100_final_sum_with_binary64_envelope
S4,leave_day1_out,polynomial,45,2,True,0.9759121423135881,mp100_final_sum_with_binary64_envelope
S4,leave_day1_out,polynomial,50,15,True,0.6942817123300864,mp100_final_sum_with_binary64_envelope
S4,leave_day1_out,polynomial,56,15,True,0.48035558852868804,mp100_final_sum_with_binary64_envelope
S4,leave_day1_out,polynomial,61,15,True,0.8368755959876727,mp100_final_sum_with_binary64_envelope
S4,leave_day1_out,polynomial,65,15,True,0.36481540515885935,mp100_final_sum_with_binary64_envelope
S4,leave_day1_out,polynomial,74,15,True,0.552243668919167,mp100_final_sum_with_binary64_envelope
S4,leave_day1_out,polynomial,76,15,True,0.8777249988955789,mp100_final_sum_with_binary64_envelope
S4,leave_day1_out,polynomial,78,9,True,0.3823659113075225,mp100_final_sum_with_binary64_envelope
S4,leave_day1_out,polynomial,84,2,True,1.6468752738129768,mp100_final_sum_with_binary64_envelope
S4,leave_day1_out,polynomial,85,2,True,1.190410557783904,mp100_final_sum_with_binary64_envelope
S4,leave_day1_out,polynomial,86,2,True,1.6341827602849535,mp100_final_sum_with_binary64_envelope
S4,leave_day1_out,polynomial,87,2,True,1.572641330246649,mp100_final_sum_with_binary64_envelope
S4,leave_day1_out,polynomial,88,2,True,1.2904827857908165,mp100_final_sum_with_binary64_envelope
S4,leave_day1_out,polynomial,89,2,True,1.2604290093545667,mp100_final_sum_with_binary64_envelope
S4,leave_day1_out,polynomial,90,2,True,1.2203218060417218,mp100_final_sum_with_binary64_envelope
S4,leave_day1_out,polynomial,91,2,True,0.8957129319746894,mp100_final_sum_with_binary64_envelope
S4,leave_day1_out,polynomial,92,2,True,1.6635592162691846,mp100_final_sum_with_binary64_envelope
S4,leave_day1_out,polynomial,93,2,True,1.4541053187157738,mp100_final_sum_with_binary64_envelope
S4,leave_day1_out,polynomial,94,2,True,2.0371946298269354,mp100_final_sum_with_binary64_envelope
S4,leave_day1_out,polynomial,95,2,True,1.2152405152897312,mp100_final_sum_with_binary64_envelope
S4,leave_day1_out,polynomial,96,3,True,1.903533262979318,mp100_final_sum_with_binary64_envelope
S4,leave_day1_out,polynomial,97,3,True,0.6544590552882605,mp100_final_sum_with_binary64_envelope
S4,leave_day1_out,polynomial,98,3,True,1.853724251533545,mp100_final_sum_with_binary64_envelope
S4,leave_day1_out,polynomial,99,3,True,1.6689396664826073,mp100_final_sum_with_binary64_envelope
S4,leave_day1_out,polynomial,100,3,True,1.6615885601841012,mp100_final_sum_with_binary64_envelope
S4,leave_day1_out,polynomial,101,3,True,0.27449465019107727,mp100_final_sum_with_binary64_envelope
S4,leave_day1_out,polynomial,102,3,True,1.6490369307993067,mp100_final_sum_with_binary64_envelope
S4,leave_day1_out,polynomial,103,3,True,1.714981941366508,mp100_final_sum_with_binary64_envelope
S4,leave_day1_out,polynomial,104,3,True,1.8619716122660315,mp100_final_sum_with_binary64_envelope
S4,leave_day1_out,polynomial,105,3,True,1.270956554628443,mp100_final_sum_with_binary64_envelope
S4,leave_day1_out,polynomial,106,3,True,1.572726120307043,mp100_final_sum_with_binary64_envelope
S4,leave_day1_out,polynomial,107,3,True,1.2535873781282822,mp100_final_sum_with_binary64_envelope
S4,leave_day1_out,polynomial,130,11,True,0.2872479245008531,mp100_final_sum_with_binary64_envelope
S4,leave_day1_out,polynomial,132,8,True,1.088227549536486,mp100_final_sum_with_binary64_envelope
S4,leave_day1_out,polynomial,133,8,True,1.5912303532567382,mp100_final_sum_with_binary64_envelope
S4,leave_day1_out,polynomial,134,15,True,1.29921495895749,mp100_final_sum_with_binary64_envelope
S4,leave_day1_out,polynomial,135,8,True,1.3551741164257236,mp100_final_sum_with_binary64_envelope
S4,leave_day1_out,polynomial,136,8,True,1.8606804936129469,mp100_final_sum_with_binary64_envelope
S4,leave_day1_out,polynomial,137,8,True,1.7600315296353253,mp100_final_sum_with_binary64_envelope
S4,leave_day1_out,polynomial,138,8,True,1.798569770247988,mp100_final_sum_with_binary64_envelope
S4,leave_day1_out,polynomial,139,8,True,1.9878200635817393,mp100_final_sum_with_binary64_envelope
S4,leave_day1_out,polynomial,140,8,True,1.8440732606811718,mp100_final_sum_with_binary64_envelope
S4,leave_day1_out,polynomial,141,8,True,1.685477214466608,mp100_final_sum_with_binary64_envelope
S4,leave_day1_out,polynomial,142,8,True,1.9068340247684432,mp100_final_sum_with_binary64_envelope
S4,leave_day1_out,polynomial,143,8,True,1.8793520316549568,mp100_final_sum_with_binary64_envelope
S4,leave_day1_out,polynomial,157,9,True,0.9375206851702029,mp100_final_sum_with_binary64_envelope
S4,leave_day1_out,polynomial,158,9,True,0.15995136286987316,mp100_final_sum_with_binary64_envelope
S4,leave_day1_out,polynomial,160,9,True,0.5385829113944562,mp100_final_sum_with_binary64_envelope
S4,leave_day1_out,polynomial,165,9,True,0.10631897745463781,mp100_final_sum_with_binary64_envelope
S4,leave_day1_out,polynomial,166,9,True,0.5376996599617698,mp100_final_sum_with_binary64_envelope
S4,leave_day1_out,random_orthogonal,13,9,True,0.5214860883727516,mp100_final_sum_with_binary64_envelope
S4,leave_day1_out,random_orthogonal,17,9,True,0.4115522551757283,mp100_final_sum_with_binary64_envelope
S4,leave_day1_out,random_orthogonal,21,9,True,1.2125271030109475,mp100_final_sum_with_binary64_envelope
S4,leave_day1_out,random_orthogonal,22,9,True,0.24279718189973776,mp100_final_sum_with_binary64_envelope
S4,leave_day1_out,random_orthogonal,23,9,True,1.0082913981638177,mp100_final_sum_with_binary64_envelope
S4,leave_day1_out,random_orthogonal,31,7,True,0.08554796000760742,mp100_final_sum_with_binary64_envelope
S4,leave_day1_out,random_orthogonal,34,15,True,0.8153942127940805,mp100_final_sum_with_binary64_envelope
S4,leave_day1_out,random_orthogonal,44,9,True,0.06491429153054586,mp100_final_sum_with_binary64_envelope
S4,leave_day1_out,random_orthogonal,78,9,True,0.4548958705125369,mp100_final_sum_with_binary64_envelope
S4,leave_day1_out,random_orthogonal,96,3,True,1.5166683171116495,mp100_final_sum_with_binary64_envelope
S4,leave_day1_out,random_orthogonal,97,3,True,0.5988870682918784,mp100_final_sum_with_binary64_envelope
S4,leave_day1_out,random_orthogonal,98,3,True,1.232141156473552,mp100_final_sum_with_binary64_envelope
S4,leave_day1_out,random_orthogonal,99,3,True,0.6826630934428348,mp100_final_sum_with_binary64_envelope
S4,leave_day1_out,random_orthogonal,100,3,True,1.466187791787779,mp100_final_sum_with_binary64_envelope
S4,leave_day1_out,random_orthogonal,101,3,True,0.10933618420639855,mp100_final_sum_with_binary64_envelope
S4,leave_day1_out,random_orthogonal,102,3,True,1.4313666963683078,mp100_final_sum_with_binary64_envelope
S4,leave_day1_out,random_orthogonal,103,3,True,0.6900750283398992,mp100_final_sum_with_binary64_envelope
S4,leave_day1_out,random_orthogonal,104,3,True,1.6405988896827286,mp100_final_sum_with_binary64_envelope
S4,leave_day1_out,random_orthogonal,105,3,True,1.0673548990431068,mp100_final_sum_with_binary64_envelope
S4,leave_day1_out,random_orthogonal,106,3,True,1.3053068619518922,mp100_final_sum_with_binary64_envelope
S4,leave_day1_out,random_orthogonal,107,3,True,0.6326645283071133,mp100_final_sum_with_binary64_envelope
S4,leave_day1_out,random_orthogonal,110,7,True,0.09353474260578586,mp100_final_sum_with_binary64_envelope
S4,leave_day1_out,random_orthogonal,111,15,True,0.1362518052937011,mp100_final_sum_with_binary64_envelope
S4,leave_day1_out,random_orthogonal,113,7,True,0.019441682512489105,mp100_final_sum_with_binary64_envelope
S4,leave_day1_out,random_orthogonal,129,7,True,0.19751131779546804,mp100_final_sum_with_binary64_envelope
S4,leave_day1_out,random_orthogonal,144,9,True,1.12564269545628,mp100_final_sum_with_binary64_envelope
S4,leave_day1_out,random_orthogonal,147,9,True,0.49121565767618053,mp100_final_sum_with_binary64_envelope
S4,leave_day1_out,random_orthogonal,148,9,True,1.005259108444203,mp100_final_sum_with_binary64_envelope
S4,leave_day1_out,random_orthogonal,150,9,True,1.0893496299083913,mp100_final_sum_with_binary64_envelope
S4,leave_day1_out,random_orthogonal,151,9,True,0.4372920735176035,mp100_final_sum_with_binary64_envelope
S4,leave_day1_out,random_orthogonal,153,9,True,0.19896200442648942,mp100_final_sum_with_binary64_envelope
S4,leave_day1_out,random_orthogonal,157,9,True,0.9508802670187553,mp100_final_sum_with_binary64_envelope
S4,leave_day1_out,random_orthogonal,158,9,True,0.4401095255619396,mp100_final_sum_with_binary64_envelope
S4,leave_day1_out,random_orthogonal,161,9,True,0.17103056126331542,mp100_final_sum_with_binary64_envelope
S4,leave_day1_out,random_orthogonal,163,9,True,0.23715450813944414,mp100_final_sum_with_binary64_envelope
S4,leave_day1_out,random_orthogonal,164,9,True,0.26744401048065103,mp100_final_sum_with_binary64_envelope
S4,leave_day1_out,random_orthogonal,165,9,True,0.8642642335964711,mp100_final_sum_with_binary64_envelope
S4,leave_day1_out,random_orthogonal,166,9,True,1.1655475207079327,mp100_final_sum_with_binary64_envelope
S4,leave_day1_out,random_orthogonal,167,9,True,1.469077745700494,mp100_final_sum_with_binary64_envelope
S4,leave_day1_out,permuted_polynomial,1,10,True,0.30266866517236585,mp100_final_sum_with_binary64_envelope
S4,leave_day1_out,permuted_polynomial,2,10,True,0.06638446780283114,mp100_final_sum_with_binary64_envelope
S4,leave_day1_out,permuted_polynomial,3,10,True,0.08101280149679574,mp100_final_sum_with_binary64_envelope
S4,leave_day1_out,permuted_polynomial,5,10,True,0.29692263199878277,mp100_final_sum_with_binary64_envelope
S4,leave_day1_out,permuted_polynomial,6,10,True,0.23922073178269987,mp100_final_sum_with_binary64_envelope
S4,leave_day1_out,permuted_polynomial,7,10,True,0.051523350697332514,mp100_final_sum_with_binary64_envelope
S4,leave_day1_out,permuted_polynomial,9,10,True,0.19279275300408066,mp100_final_sum_with_binary64_envelope
S4,leave_day1_out,permuted_polynomial,10,10,True,0.357663995521407,mp100_final_sum_with_binary64_envelope
S4,leave_day1_out,permuted_polynomial,13,9,True,0.10535426235389432,mp100_final_sum_with_binary64_envelope
S4,leave_day1_out,permuted_polynomial,14,11,True,0.2589439885572385,mp100_final_sum_with_binary64_envelope
S4,leave_day1_out,permuted_polynomial,15,11,True,0.30499955295851156,mp100_final_sum_with_binary64_envelope
S4,leave_day1_out,permuted_polynomial,18,11,True,0.27706529135848684,mp100_final_sum_with_binary64_envelope
S4,leave_day1_out,permuted_polynomial,19,11,True,0.8068637759540551,mp100_final_sum_with_binary64_envelope
S4,leave_day1_out,permuted_polynomial,20,11,True,0.5866902974845201,mp100_final_sum_with_binary64_envelope
S4,leave_day1_out,permuted_polynomial,21,9,True,1.2511075118090518,mp100_final_sum_with_binary64_envelope
S4,leave_day1_out,permuted_polynomial,23,9,True,0.9972097057571487,mp100_final_sum_with_binary64_envelope
S4,leave_day1_out,permuted_polynomial,25,7,True,0.5502571005458531,mp100_final_sum_with_binary64_envelope
S4,leave_day1_out,permuted_polynomial,29,7,True,0.8213930889349645,mp100_final_sum_with_binary64_envelope
S4,leave_day1_out,permuted_polynomial,30,7,True,0.6641636300988536,mp100_final_sum_with_binary64_envelope
S4,leave_day1_out,permuted_polynomial,31,7,True,0.3461907661719694,mp100_final_sum_with_binary64_envelope
S4,leave_day1_out,permuted_polynomial,33,7,True,0.6286239771653996,mp100_final_sum_with_binary64_envelope
S4,leave_day1_out,permuted_polynomial,34,15,True,1.5407795170839507,mp100_final_sum_with_binary64_envelope
S4,leave_day1_out,permuted_polynomial,35,7,True,0.3525089308054605,mp100_final_sum_with_binary64_envelope
S4,leave_day1_out,permuted_polynomial,37,2,True,0.6847764619745449,mp100_final_sum_with_binary64_envelope
S4,leave_day1_out,permuted_polynomial,39,2,True,0.5791310607579312,mp100_final_sum_with_binary64_envelope
S4,leave_day1_out,permuted_polynomial,50,15,True,0.2661914114347572,mp100_final_sum_with_binary64_envelope
S4,leave_day1_out,permuted_polynomial,53,14,True,0.43399124175800713,mp100_final_sum_with_binary64_envelope
S4,leave_day1_out,permuted_polynomial,65,15,True,0.1656090949717164,mp100_final_sum_with_binary64_envelope
S4,leave_day1_out,permuted_polynomial,71,14,True,0.21085138125146896,mp100_final_sum_with_binary64_envelope
S4,leave_day1_out,permuted_polynomial,76,15,True,0.6523492501946434,mp100_final_sum_with_binary64_envelope
S4,leave_day1_out,permuted_polynomial,79,9,True,0.5869385569932429,mp100_final_sum_with_binary64_envelope
S4,leave_day1_out,permuted_polynomial,94,2,True,1.0594961026589447,mp100_final_sum_with_binary64_envelope
S4,leave_day1_out,permuted_polynomial,96,3,True,1.1485227110145615,mp100_final_sum_with_binary64_envelope
S4,leave_day1_out,permuted_polynomial,97,3,True,0.2611473398023217,mp100_final_sum_with_binary64_envelope
S4,leave_day1_out,permuted_polynomial,98,3,True,0.3950986434318386,mp100_final_sum_with_binary64_envelope
S4,leave_day1_out,permuted_polynomial,99,3,True,0.5210904974495725,mp100_final_sum_with_binary64_envelope
S4,leave_day1_out,permuted_polynomial,100,3,True,0.6849822224972921,mp100_final_sum_with_binary64_envelope
S4,leave_day1_out,permuted_polynomial,102,3,True,0.5768237849666145,mp100_final_sum_with_binary64_envelope
S4,leave_day1_out,permuted_polynomial,104,3,True,1.1917433400539208,mp100_final_sum_with_binary64_envelope
S4,leave_day1_out,permuted_polynomial,106,3,True,0.5751482621098153,mp100_final_sum_with_binary64_envelope
S4,leave_day1_out,permuted_polynomial,108,7,True,0.49164217405807814,mp100_final_sum_with_binary64_envelope
S4,leave_day1_out,permuted_polynomial,109,7,True,0.39899728307603005,mp100_final_sum_with_binary64_envelope
S4,leave_day1_out,permuted_polynomial,110,7,True,0.3990948001379864,mp100_final_sum_with_binary64_envelope
S4,leave_day1_out,permuted_polynomial,111,15,True,0.4380878474838848,mp100_final_sum_with_binary64_envelope
S4,leave_day1_out,permuted_polynomial,112,7,True,0.48268936921957717,mp100_final_sum_with_binary64_envelope
S4,leave_day1_out,permuted_polynomial,113,7,True,0.5719692029657452,mp100_final_sum_with_binary64_envelope
S4,leave_day1_out,permuted_polynomial,114,7,True,0.9785131173105913,mp100_final_sum_with_binary64_envelope
S4,leave_day1_out,permuted_polynomial,115,7,True,0.6604211059148534,mp100_final_sum_with_binary64_envelope
S4,leave_day1_out,permuted_polynomial,116,7,True,1.0132123158460622,mp100_final_sum_with_binary64_envelope
S4,leave_day1_out,permuted_polynomial,117,7,True,0.8363675199504517,mp100_final_sum_with_binary64_envelope
S4,leave_day1_out,permuted_polynomial,119,7,True,0.05984751357218315,mp100_final_sum_with_binary64_envelope
S4,leave_day1_out,permuted_polynomial,120,7,True,0.3571714016386524,mp100_final_sum_with_binary64_envelope
S4,leave_day1_out,permuted_polynomial,122,7,True,0.9016493950145538,mp100_final_sum_with_binary64_envelope
S4,leave_day1_out,permuted_polynomial,123,7,True,0.3498953622018856,mp100_final_sum_with_binary64_envelope
S4,leave_day1_out,permuted_polynomial,124,7,True,0.7758429530291197,mp100_final_sum_with_binary64_envelope
S4,leave_day1_out,permuted_polynomial,125,7,True,0.04038119731821833,mp100_final_sum_with_binary64_envelope
S4,leave_day1_out,permuted_polynomial,126,7,True,0.9592660282286963,mp100_final_sum_with_binary64_envelope
S4,leave_day1_out,permuted_polynomial,127,7,True,0.8218559366887107,mp100_final_sum_with_binary64_envelope
S4,leave_day1_out,permuted_polynomial,128,7,True,0.4603337852707329,mp100_final_sum_with_binary64_envelope
S4,leave_day1_out,permuted_polynomial,129,7,True,1.2265193341589282,mp100_final_sum_with_binary64_envelope
S4,leave_day1_out,permuted_polynomial,131,7,True,0.5964030472080626,mp100_final_sum_with_binary64_envelope
S4,leave_day1_out,permuted_polynomial,136,8,True,0.19346769733872043,mp100_final_sum_with_binary64_envelope
S4,leave_day1_out,permuted_polynomial,144,9,True,1.4100716235505235,mp100_final_sum_with_binary64_envelope
S4,leave_day1_out,permuted_polynomial,145,9,True,0.44606655128516953,mp100_final_sum_with_binary64_envelope
S4,leave_day1_out,permuted_polynomial,146,9,True,1.2455093045660866,mp100_final_sum_with_binary64_envelope
S4,leave_day1_out,permuted_polynomial,147,9,True,1.070502237352564,mp100_final_sum_with_binary64_envelope
S4,leave_day1_out,permuted_polynomial,148,9,True,1.527130084160558,mp100_final_sum_with_binary64_envelope
S4,leave_day1_out,permuted_polynomial,150,9,True,1.5158030870243326,mp100_final_sum_with_binary64_envelope
S4,leave_day1_out,permuted_polynomial,151,9,True,1.0972673579350098,mp100_final_sum_with_binary64_envelope
S4,leave_day1_out,permuted_polynomial,152,14,True,0.47791957464606805,mp100_final_sum_with_binary64_envelope
S4,leave_day1_out,permuted_polynomial,157,9,True,0.015837094567636188,mp100_final_sum_with_binary64_envelope
S4,leave_day1_out,permuted_polynomial,158,9,True,1.0555466606557995,mp100_final_sum_with_binary64_envelope
S4,leave_day1_out,permuted_polynomial,159,9,True,0.2459476674283446,mp100_final_sum_with_binary64_envelope
S4,leave_day1_out,permuted_polynomial,161,9,True,0.594950543855644,mp100_final_sum_with_binary64_envelope
S4,leave_day1_out,permuted_polynomial,163,9,True,0.7458493637462595,mp100_final_sum_with_binary64_envelope
S4,leave_day1_out,permuted_polynomial,164,9,True,0.7427735534454508,mp100_final_sum_with_binary64_envelope
S4,leave_day1_out,permuted_polynomial,165,9,True,1.643123506651703,mp100_final_sum_with_binary64_envelope
S4,leave_day1_out,permuted_polynomial,167,9,True,1.346280285157442,mp100_final_sum_with_binary64_envelope
S4,leave_day3_out,coordinate,168,10,True,1.2589934300509085,mp100_final_sum_with_binary64_envelope
S4,leave_day3_out,coordinate,169,10,True,0.6502572096140654,mp100_final_sum_with_binary64_envelope
S4,leave_day3_out,coordinate,170,10,True,1.3298237048221895,mp100_final_sum_with_binary64_envelope
S4,leave_day3_out,coordinate,171,10,True,1.1933046828999567,mp100_final_sum_with_binary64_envelope
S4,leave_day3_out,coordinate,172,10,True,0.12040129932603792,mp100_final_sum_with_binary64_envelope
S4,leave_day3_out,coordinate,173,10,True,0.681329505115183,mp100_final_sum_with_binary64_envelope
S4,leave_day3_out,coordinate,174,10,True,0.03484462356480762,mp100_final_sum_with_binary64_envelope
S4,leave_day3_out,coordinate,175,10,True,0.12234788504445009,mp100_final_sum_with_binary64_envelope
S4,leave_day3_out,coordinate,176,10,True,0.913974920412472,mp100_final_sum_with_binary64_envelope
S4,leave_day3_out,coordinate,177,10,True,0.3338235219658209,mp100_final_sum_with_binary64_envelope
S4,leave_day3_out,coordinate,179,10,True,0.8271242726489719,mp100_final_sum_with_binary64_envelope
S4,leave_day3_out,coordinate,180,11,True,1.0284087147593919,mp100_final_sum_with_binary64_envelope
S4,leave_day3_out,coordinate,181,11,True,0.9000196632749226,mp100_final_sum_with_binary64_envelope
S4,leave_day3_out,coordinate,182,11,True,0.8742376002355802,mp100_final_sum_with_binary64_envelope
S4,leave_day3_out,coordinate,183,9,True,0.5989466169746992,mp100_final_sum_with_binary64_envelope
S4,leave_day3_out,coordinate,185,11,True,0.5316452383106665,mp100_final_sum_with_binary64_envelope
S4,leave_day3_out,coordinate,186,11,True,0.4203687367949283,mp100_final_sum_with_binary64_envelope
S4,leave_day3_out,coordinate,191,11,True,0.44821394545579774,mp100_final_sum_with_binary64_envelope
S4,leave_day3_out,coordinate,192,2,True,1.5343964781727826,mp100_final_sum_with_binary64_envelope
S4,leave_day3_out,coordinate,193,2,True,0.9346203808539029,mp100_final_sum_with_binary64_envelope
S4,leave_day3_out,coordinate,194,2,True,0.3689689064784898,mp100_final_sum_with_binary64_envelope
S4,leave_day3_out,coordinate,195,2,True,1.6353005479403637,mp100_final_sum_with_binary64_envelope
S4,leave_day3_out,coordinate,196,2,True,1.661866660468978,mp100_final_sum_with_binary64_envelope
S4,leave_day3_out,coordinate,197,2,True,1.7486327531519694,mp100_final_sum_with_binary64_envelope
S4,leave_day3_out,coordinate,198,2,True,1.6266626278457523,mp100_final_sum_with_binary64_envelope
S4,leave_day3_out,coordinate,201,2,True,1.4633440562078843,mp100_final_sum_with_binary64_envelope
S4,leave_day3_out,coordinate,202,2,True,1.17321668361518,mp100_final_sum_with_binary64_envelope
S4,leave_day3_out,coordinate,203,2,True,2.4599382432067785,mp100_final_sum_with_binary64_envelope
S4,leave_day3_out,coordinate,204,14,True,0.0053484882109768525,mp100_final_sum_with_binary64_envelope
S4,leave_day3_out,coordinate,213,14,True,0.6267876133149325,mp100_final_sum_with_binary64_envelope
S4,leave_day3_out,coordinate,220,15,True,0.622265604488771,mp100_final_sum_with_binary64_envelope
S4,leave_day3_out,coordinate,224,15,True,1.236620082403194,mp100_final_sum_with_binary64_envelope
S4,leave_day3_out,coordinate,228,14,True,0.25669738052660535,mp100_final_sum_with_binary64_envelope
S4,leave_day3_out,coordinate,237,14,True,0.1881744589749392,mp100_final_sum_with_binary64_envelope
S4,leave_day3_out,coordinate,238,14,True,0.1908284794123669,mp100_final_sum_with_binary64_envelope
S4,leave_day3_out,coordinate,240,2,True,1.6715285356145753,mp100_final_sum_with_binary64_envelope
S4,leave_day3_out,coordinate,241,2,True,2.079983593667009,mp100_final_sum_with_binary64_envelope
S4,leave_day3_out,coordinate,242,2,True,2.0555939527388825,mp100_final_sum_with_binary64_envelope
S4,leave_day3_out,coordinate,243,2,True,1.2780506552890538,mp100_final_sum_with_binary64_envelope
S4,leave_day3_out,coordinate,244,2,True,1.8175274052414128,mp100_final_sum_with_binary64_envelope
S4,leave_day3_out,coordinate,245,2,True,1.1896226170943696,mp100_final_sum_with_binary64_envelope
S4,leave_day3_out,coordinate,246,2,True,1.8207500029537051,mp100_final_sum_with_binary64_envelope
S4,leave_day3_out,coordinate,247,2,True,2.1052429250979077,mp100_final_sum_with_binary64_envelope
S4,leave_day3_out,coordinate,248,2,True,1.7904843055214095,mp100_final_sum_with_binary64_envelope
S4,leave_day3_out,coordinate,249,2,True,2.3620611073363005,mp100_final_sum_with_binary64_envelope
S4,leave_day3_out,coordinate,250,2,True,1.7955680558173606,mp100_final_sum_with_binary64_envelope
S4,leave_day3_out,coordinate,251,2,True,1.2022150951932054,mp100_final_sum_with_binary64_envelope
S4,leave_day3_out,coordinate,252,2,True,2.1935912385782537,mp100_final_sum_with_binary64_envelope
S4,leave_day3_out,coordinate,253,15,True,0.6504112205783746,mp100_final_sum_with_binary64_envelope
S4,leave_day3_out,coordinate,254,2,True,0.11082997160600254,mp100_final_sum_with_binary64_envelope
S4,leave_day3_out,coordinate,255,2,True,2.435415228139489,mp100_final_sum_with_binary64_envelope
S4,leave_day3_out,coordinate,256,2,True,2.734756540773511,mp100_final_sum_with_binary64_envelope
S4,leave_day3_out,coordinate,257,2,True,1.9259045044725414,mp100_final_sum_with_binary64_envelope
S4,leave_day3_out,coordinate,258,2,True,2.6328746546018937,mp100_final_sum_with_binary64_envelope
S4,leave_day3_out,coordinate,259,2,True,2.1813525928930684,mp100_final_sum_with_binary64_envelope
S4,leave_day3_out,coordinate,260,2,True,2.2523064726719744,mp100_final_sum_with_binary64_envelope
S4,leave_day3_out,coordinate,261,2,True,1.0468525586983697,mp100_final_sum_with_binary64_envelope
S4,leave_day3_out,coordinate,262,2,True,2.5974615043639138,mp100_final_sum_with_binary64_envelope
S4,leave_day3_out,coordinate,265,3,True,0.22617946748628728,mp100_final_sum_with_binary64_envelope
S4,leave_day3_out,coordinate,266,3,True,1.0224885856465993,mp100_final_sum_with_binary64_envelope
S4,leave_day3_out,coordinate,267,3,True,0.748857580604793,mp100_final_sum_with_binary64_envelope
S4,leave_day3_out,coordinate,270,3,True,0.7093955597284656,mp100_final_sum_with_binary64_envelope
S4,leave_day3_out,coordinate,272,3,True,0.8724211701467952,mp100_final_sum_with_binary64_envelope
S4,leave_day3_out,coordinate,273,3,True,1.2839205781373098,mp100_final_sum_with_binary64_envelope
S4,leave_day3_out,coordinate,274,3,True,0.08741478693642907,mp100_final_sum_with_binary64_envelope
S4,leave_day3_out,coordinate,284,3,True,0.12694891972570393,mp100_final_sum_with_binary64_envelope
S4,leave_day3_out,coordinate,288,7,True,0.841793246103719,mp100_final_sum_with_binary64_envelope
S4,leave_day3_out,coordinate,289,7,True,0.8549691350725371,mp100_final_sum_with_binary64_envelope
S4,leave_day3_out,coordinate,291,7,True,0.7994938041734608,mp100_final_sum_with_binary64_envelope
S4,leave_day3_out,coordinate,292,7,True,1.0564937332656057,mp100_final_sum_with_binary64_envelope
S4,leave_day3_out,coordinate,293,7,True,1.1609919522922327,mp100_final_sum_with_binary64_envelope
S4,leave_day3_out,coordinate,294,7,True,0.6257531292948806,mp100_final_sum_with_binary64_envelope
S4,leave_day3_out,coordinate,296,7,True,0.7728808333425025,mp100_final_sum_with_binary64_envelope
S4,leave_day3_out,coordinate,297,7,True,0.19397870940490666,mp100_final_sum_with_binary64_envelope
S4,leave_day3_out,coordinate,298,7,True,0.4469977343211294,mp100_final_sum_with_binary64_envelope
S4,leave_day3_out,coordinate,305,8,True,1.4822195712252633,mp100_final_sum_with_binary64_envelope
S4,leave_day3_out,coordinate,307,8,True,0.022642326631858774,mp100_final_sum_with_binary64_envelope
S4,leave_day3_out,coordinate,310,8,True,0.7147853088746212,mp100_final_sum_with_binary64_envelope
S4,leave_day3_out,coordinate,311,8,True,0.2180476525535436,mp100_final_sum_with_binary64_envelope
S4,leave_day3_out,coordinate,314,8,True,0.07321565509605416,mp100_final_sum_with_binary64_envelope
S4,leave_day3_out,coordinate,317,8,True,0.44364961562787564,mp100_final_sum_with_binary64_envelope
S4,leave_day3_out,coordinate,320,8,True,0.30702816142749406,mp100_final_sum_with_binary64_envelope
S4,leave_day3_out,coordinate,324,11,True,1.0012882854179797,mp100_final_sum_with_binary64_envelope
S4,leave_day3_out,coordinate,325,11,True,0.9796013114830295,mp100_final_sum_with_binary64_envelope
S4,leave_day3_out,coordinate,326,11,True,0.721980845463272,mp100_final_sum_with_binary64_envelope
S4,leave_day3_out,coordinate,327,11,True,1.2752459325991616,mp100_final_sum_with_binary64_envelope
S4,leave_day3_out,coordinate,328,11,True,0.6855975578437904,mp100_final_sum_with_binary64_envelope
S4,leave_day3_out,coordinate,329,11,True,0.9740109530995532,mp100_final_sum_with_binary64_envelope
S4,leave_day3_out,coordinate,330,11,True,0.9518988273675272,mp100_final_sum_with_binary64_envelope
S4,leave_day3_out,coordinate,331,11,True,0.901380317499952,mp100_final_sum_with_binary64_envelope
S4,leave_day3_out,coordinate,333,11,True,1.215888369484395,mp100_final_sum_with_binary64_envelope
S4,leave_day3_out,coordinate,334,9,True,0.051070013695371,mp100_final_sum_with_binary64_envelope
S4,leave_day3_out,dct,183,9,True,0.6222571483332641,mp100_final_sum_with_binary64_envelope
S4,leave_day3_out,dct,190,11,True,0.2724534803871196,mp100_final_sum_with_binary64_envelope
S4,leave_day3_out,dct,192,2,True,1.740848219988671,mp100_final_sum_with_binary64_envelope
S4,leave_day3_out,dct,193,2,True,1.1135929548686114,mp100_final_sum_with_binary64_envelope
S4,leave_day3_out,dct,194,2,True,1.6046716799474765,mp100_final_sum_with_binary64_envelope
S4,leave_day3_out,dct,195,2,True,1.709215827155134,mp100_final_sum_with_binary64_envelope
S4,leave_day3_out,dct,196,2,True,1.663329708849947,mp100_final_sum_with_binary64_envelope
S4,leave_day3_out,dct,197,2,True,2.0646818683273374,mp100_final_sum_with_binary64_envelope
S4,leave_day3_out,dct,198,2,True,2.1702948562798583,mp100_final_sum_with_binary64_envelope
S4,leave_day3_out,dct,200,9,True,0.8839482688092626,mp100_final_sum_with_binary64_envelope
S4,leave_day3_out,dct,201,2,True,1.6831602662734164,mp100_final_sum_with_binary64_envelope
S4,leave_day3_out,dct,202,2,True,1.333914907537373,mp100_final_sum_with_binary64_envelope
S4,leave_day3_out,dct,203,2,True,2.6588622564420277,mp100_final_sum_with_binary64_envelope
S4,leave_day3_out,dct,204,14,True,0.802722586704626,mp100_final_sum_with_binary64_envelope
S4,leave_day3_out,dct,205,14,True,1.1428043707447566,mp100_final_sum_with_binary64_envelope
S4,leave_day3_out,dct,206,14,True,0.9167443885462176,mp100_final_sum_with_binary64_envelope
S4,leave_day3_out,dct,207,14,True,1.0269175857192736,mp100_final_sum_with_binary64_envelope
S4,leave_day3_out,dct,209,15,True,0.27673845133108455,mp100_final_sum_with_binary64_envelope
S4,leave_day3_out,dct,211,14,True,0.28199792605418617,mp100_final_sum_with_binary64_envelope
S4,leave_day3_out,dct,212,14,True,1.363228405954987,mp100_final_sum_with_binary64_envelope
S4,leave_day3_out,dct,213,14,True,0.9097858199726142,mp100_final_sum_with_binary64_envelope
S4,leave_day3_out,dct,214,14,True,0.6370017296216355,mp100_final_sum_with_binary64_envelope
S4,leave_day3_out,dct,215,14,True,0.4108226387474442,mp100_final_sum_with_binary64_envelope
S4,leave_day3_out,dct,216,14,True,0.6850141613196404,mp100_final_sum_with_binary64_envelope
S4,leave_day3_out,dct,218,15,True,0.41051888613895426,mp100_final_sum_with_binary64_envelope
S4,leave_day3_out,dct,219,15,True,0.4599873492247483,mp100_final_sum_with_binary64_envelope
S4,leave_day3_out,dct,224,15,True,0.2305864309334132,mp100_final_sum_with_binary64_envelope
S4,leave_day3_out,dct,226,14,True,0.5309804421561972,mp100_final_sum_with_binary64_envelope
S4,leave_day3_out,dct,228,14,True,0.30016947186257875,mp100_final_sum_with_binary64_envelope
S4,leave_day3_out,dct,231,14,True,0.6610417755158497,mp100_final_sum_with_binary64_envelope
S4,leave_day3_out,dct,232,14,True,0.6692355423094659,mp100_final_sum_with_binary64_envelope
S4,leave_day3_out,dct,233,14,True,0.8317294387587938,mp100_final_sum_with_binary64_envelope
S4,leave_day3_out,dct,235,14,True,0.13142018176837217,mp100_final_sum_with_binary64_envelope
S4,leave_day3_out,dct,236,14,True,1.1199725614715332,mp100_final_sum_with_binary64_envelope
S4,leave_day3_out,dct,238,14,True,1.0492393606647183,mp100_final_sum_with_binary64_envelope
S4,leave_day3_out,dct,239,14,True,0.8711237771784508,mp100_final_sum_with_binary64_envelope
S4,leave_day3_out,dct,240,2,True,2.5548703212593957,mp100_final_sum_with_binary64_envelope
S4,leave_day3_out,dct,241,2,True,2.6890807918088666,mp100_final_sum_with_binary64_envelope
S4,leave_day3_out,dct,242,2,True,2.57492942239228,mp100_final_sum_with_binary64_envelope
S4,leave_day3_out,dct,243,2,True,2.283960579728862,mp100_final_sum_with_binary64_envelope
S4,leave_day3_out,dct,244,2,True,2.111101076862899,mp100_final_sum_with_binary64_envelope
S4,leave_day3_out,dct,245,2,True,1.8020347793515787,mp100_final_sum_with_binary64_envelope
S4,leave_day3_out,dct,246,2,True,2.013684958496131,mp100_final_sum_with_binary64_envelope
S4,leave_day3_out,dct,247,2,True,2.0337843589067672,mp100_final_sum_with_binary64_envelope
S4,leave_day3_out,dct,248,2,True,2.175097809204684,mp100_final_sum_with_binary64_envelope
S4,leave_day3_out,dct,249,2,True,2.4449620644831285,mp100_final_sum_with_binary64_envelope
S4,leave_day3_out,dct,250,2,True,3.0402178790081713,mp100_final_sum_with_binary64_envelope
S4,leave_day3_out,dct,251,2,True,0.6315995444325999,mp100_final_sum_with_binary64_envelope
S4,leave_day3_out,dct,252,2,True,2.5241390988903136,mp100_final_sum_with_binary64_envelope
S4,leave_day3_out,dct,253,15,True,0.5122826081755675,mp100_final_sum_with_binary64_envelope
S4,leave_day3_out,dct,254,2,True,1.7022886103136443,mp100_final_sum_with_binary64_envelope
S4,leave_day3_out,dct,255,2,True,2.7226119181333046,mp100_final_sum_with_binary64_envelope
S4,leave_day3_out,dct,256,2,True,2.639136231144243,mp100_final_sum_with_binary64_envelope
S4,leave_day3_out,dct,257,2,True,2.7651832090805657,mp100_final_sum_with_binary64_envelope
S4,leave_day3_out,dct,258,2,True,2.741852901882438,mp100_final_sum_with_binary64_envelope
S4,leave_day3_out,dct,259,2,True,1.913375206786192,mp100_final_sum_with_binary64_envelope
S4,leave_day3_out,dct,260,2,True,2.4732889702852594,mp100_final_sum_with_binary64_envelope
S4,leave_day3_out,dct,261,2,True,0.8564207952679106,mp100_final_sum_with_binary64_envelope
S4,leave_day3_out,dct,262,2,True,2.7576404500644203,mp100_final_sum_with_binary64_envelope
S4,leave_day3_out,dct,264,3,True,0.19319061007408364,mp100_final_sum_with_binary64_envelope
S4,leave_day3_out,dct,265,3,True,0.6029874228923995,mp100_final_sum_with_binary64_envelope
S4,leave_day3_out,dct,266,3,True,1.430624420638445,mp100_final_sum_with_binary64_envelope
S4,leave_day3_out,dct,267,3,True,1.265453422775151,mp100_final_sum_with_binary64_envelope
S4,leave_day3_out,dct,268,3,True,0.24699599158871124,mp100_final_sum_with_binary64_envelope
S4,leave_day3_out,dct,269,3,True,0.7907671513330149,mp100_final_sum_with_binary64_envelope
S4,leave_day3_out,dct,270,3,True,1.0478873256568848,mp100_final_sum_with_binary64_envelope
S4,leave_day3_out,dct,271,11,True,0.6463743214933751,mp100_final_sum_with_binary64_envelope
S4,leave_day3_out,dct,272,3,True,0.3506033752457275,mp100_final_sum_with_binary64_envelope
S4,leave_day3_out,dct,273,3,True,1.3197687033459715,mp100_final_sum_with_binary64_envelope
S4,leave_day3_out,dct,274,3,True,0.37086613331319684,mp100_final_sum_with_binary64_envelope
S4,leave_day3_out,dct,275,11,True,0.24952122114854028,mp100_final_sum_with_binary64_envelope
S4,leave_day3_out,dct,277,3,True,0.0021624642831677907,mp100_final_sum_with_binary64_envelope
S4,leave_day3_out,dct,278,3,True,0.6495818081199634,mp100_final_sum_with_binary64_envelope
S4,leave_day3_out,dct,279,3,True,0.807227861028003,mp100_final_sum_with_binary64_envelope
S4,leave_day3_out,dct,281,3,True,0.054591233554306805,mp100_final_sum_with_binary64_envelope
S4,leave_day3_out,dct,282,14,True,0.31248159823147637,mp100_final_sum_with_binary64_envelope
S4,leave_day3_out,dct,283,3,True,0.20049086886556702,mp100_final_sum_with_binary64_envelope
S4,leave_day3_out,dct,284,3,True,0.866919336281182,mp100_final_sum_with_binary64_envelope
S4,leave_day3_out,dct,285,3,True,0.23175693657626834,mp100_final_sum_with_binary64_envelope
S4,leave_day3_out,dct,301,8,True,1.004986856945082,mp100_final_sum_with_binary64_envelope
S4,leave_day3_out,dct,303,8,True,0.6513629609592357,mp100_final_sum_with_binary64_envelope
S4,leave_day3_out,dct,305,8,True,1.4872004626569562,mp100_final_sum_with_binary64_envelope
S4,leave_day3_out,dct,310,8,True,0.7721293654226539,mp100_final_sum_with_binary64_envelope
S4,leave_day3_out,dct,311,8,True,0.8837369002592803,mp100_final_sum_with_binary64_envelope
S4,leave_day3_out,dct,312,15,True,0.006146634531973228,mp100_final_sum_with_binary64_envelope
S4,leave_day3_out,dct,314,8,True,0.8191104346168253,mp100_final_sum_with_binary64_envelope
S4,leave_day3_out,dct,317,8,True,0.3709315015502931,mp100_final_sum_with_binary64_envelope
S4,leave_day3_out,dct,318,15,True,0.008157857724058705,mp100_final_sum_with_binary64_envelope
S4,leave_day3_out,dct,320,8,True,0.09356816980048067,mp100_final_sum_with_binary64_envelope
S4,leave_day3_out,dct,321,14,True,0.373849397503169,mp100_final_sum_with_binary64_envelope
S4,leave_day3_out,dft,168,10,True,0.4633315681492376,mp100_final_sum_with_binary64_envelope
S4,leave_day3_out,dft,169,10,True,0.36256881110350636,mp100_final_sum_with_binary64_envelope
S4,leave_day3_out,dft,170,10,True,0.6584688969963296,mp100_final_sum_with_binary64_envelope
S4,leave_day3_out,dft,171,10,True,1.0078694310133587,mp100_final_sum_with_binary64_envelope
S4,leave_day3_out,dft,172,10,True,0.7019953505073583,mp100_final_sum_with_binary64_envelope
S4,leave_day3_out,dft,173,10,True,0.7008255561655435,mp100_final_sum_with_binary64_envelope
S4,leave_day3_out,dft,175,10,True,0.4342420722642691,mp100_final_sum_with_binary64_envelope
S4,leave_day3_out,dft,177,10,True,0.31431539979519013,mp100_final_sum_with_binary64_envelope
S4,leave_day3_out,dft,178,10,True,1.3934384729631317,mp100_final_sum_with_binary64_envelope
S4,leave_day3_out,dft,179,10,True,0.6483947567903485,mp100_final_sum_with_binary64_envelope
S4,leave_day3_out,dft,180,11,True,0.819988291366795,mp100_final_sum_with_binary64_envelope
S4,leave_day3_out,dft,181,11,True,0.5951952032084938,mp100_final_sum_with_binary64_envelope
S4,leave_day3_out,dft,182,11,True,0.8772522551231775,mp100_final_sum_with_binary64_envelope
S4,leave_day3_out,dft,183,9,True,1.1561774620385432,mp100_final_sum_with_binary64_envelope
S4,leave_day3_out,dft,185,11,True,1.0164009076990272,mp100_final_sum_with_binary64_envelope
S4,leave_day3_out,dft,186,11,True,0.3540953010266773,mp100_final_sum_with_binary64_envelope
S4,leave_day3_out,dft,187,11,True,0.7138542620568641,mp100_final_sum_with_binary64_envelope
S4,leave_day3_out,dft,188,11,True,0.5255264046595713,mp100_final_sum_with_binary64_envelope
S4,leave_day3_out,dft,189,11,True,0.9764428630758334,mp100_final_sum_with_binary64_envelope
S4,leave_day3_out,dft,190,11,True,0.7538316383708238,mp100_final_sum_with_binary64_envelope
S4,leave_day3_out,dft,195,2,True,0.6793829859466755,mp100_final_sum_with_binary64_envelope
S4,leave_day3_out,dft,196,2,True,1.5853831470880573,mp100_final_sum_with_binary64_envelope
S4,leave_day3_out,dft,203,2,True,0.011245881248935368,mp100_final_sum_with_binary64_envelope
S4,leave_day3_out,dft,204,14,True,0.608528737347626,mp100_final_sum_with_binary64_envelope
S4,leave_day3_out,dft,205,14,True,0.9255337282999934,mp100_final_sum_with_binary64_envelope
S4,leave_day3_out,dft,206,14,True,0.8739828502280501,mp100_final_sum_with_binary64_envelope
S4,leave_day3_out,dft,207,14,True,1.1526361543312,mp100_final_sum_with_binary64_envelope
S4,leave_day3_out,dft,208,15,True,0.07745201745994112,mp100_final_sum_with_binary64_envelope
S4,leave_day3_out,dft,209,15,True,0.4392045302670559,mp100_final_sum_with_binary64_envelope
S4,leave_day3_out,dft,210,15,True,0.11419017486952697,mp100_final_sum_with_binary64_envelope
S4,leave_day3_out,dft,211,14,True,0.4664966850857074,mp100_final_sum_with_binary64_envelope
S4,leave_day3_out,dft,212,14,True,0.939599114127896,mp100_final_sum_with_binary64_envelope
S4,leave_day3_out,dft,213,14,True,0.7359754340642426,mp100_final_sum_with_binary64_envelope
S4,leave_day3_out,dft,214,14,True,0.7244008502093712,mp100_final_sum_with_binary64_envelope
S4,leave_day3_out,dft,215,14,True,0.6259193859569107,mp100_final_sum_with_binary64_envelope
S4,leave_day3_out,dft,216,14,True,0.49609369353925853,mp100_final_sum_with_binary64_envelope
S4,leave_day3_out,dft,219,15,True,1.9001112796661312,mp100_final_sum_with_binary64_envelope
S4,leave_day3_out,dft,220,15,True,1.3096948938091844,mp100_final_sum_with_binary64_envelope
S4,leave_day3_out,dft,221,15,True,0.9766408108409931,mp100_final_sum_with_binary64_envelope
S4,leave_day3_out,dft,224,15,True,1.9236870571126428,mp100_final_sum_with_binary64_envelope
S4,leave_day3_out,dft,226,14,True,0.46449624150557417,mp100_final_sum_with_binary64_envelope
S4,leave_day3_out,dft,229,14,True,0.018354398905137816,mp100_final_sum_with_binary64_envelope
S4,leave_day3_out,dft,230,14,True,0.2584602553772821,mp100_final_sum_with_binary64_envelope
S4,leave_day3_out,dft,231,14,True,0.8493068925205726,mp100_final_sum_with_binary64_envelope
S4,leave_day3_out,dft,232,14,True,1.0910790131720909,mp100_final_sum_with_binary64_envelope
S4,leave_day3_out,dft,233,14,True,1.1034436867165585,mp100_final_sum_with_binary64_envelope
S4,leave_day3_out,dft,234,14,True,0.2459184116857013,mp100_final_sum_with_binary64_envelope
S4,leave_day3_out,dft,235,14,True,0.4569034953311396,mp100_final_sum_with_binary64_envelope
S4,leave_day3_out,dft,236,14,True,1.2295754654389688,mp100_final_sum_with_binary64_envelope
S4,leave_day3_out,dft,237,14,True,0.09967014587665637,mp100_final_sum_with_binary64_envelope
S4,leave_day3_out,dft,238,14,True,0.9910955281776818,mp100_final_sum_with_binary64_envelope
S4,leave_day3_out,dft,239,14,True,0.8649425852638927,mp100_final_sum_with_binary64_envelope
S4,leave_day3_out,dft,240,2,True,1.9280742616879594,mp100_final_sum_with_binary64_envelope
S4,leave_day3_out,dft,241,2,True,2.3273373271008015,mp100_final_sum_with_binary64_envelope
S4,leave_day3_out,dft,242,2,True,1.9478501546825038,mp100_final_sum_with_binary64_envelope
S4,leave_day3_out,dft,243,2,True,1.9772377470889635,mp100_final_sum_with_binary64_envelope
S4,leave_day3_out,dft,244,2,True,1.7400009517028971,mp100_final_sum_with_binary64_envelope
S4,leave_day3_out,dft,245,2,True,1.9846647059389437,mp100_final_sum_with_binary64_envelope
S4,leave_day3_out,dft,248,2,True,1.7019124723233903,mp100_final_sum_with_binary64_envelope
S4,leave_day3_out,dft,249,2,True,1.9390197329982066,mp100_final_sum_with_binary64_envelope
S4,leave_day3_out,dft,250,2,True,2.67058576432253,mp100_final_sum_with_binary64_envelope
S4,leave_day3_out,dft,252,2,True,2.234106081751023,mp100_final_sum_with_binary64_envelope
S4,leave_day3_out,dft,253,15,True,0.3477406556631854,mp100_final_sum_with_binary64_envelope
S4,leave_day3_out,dft,254,2,True,1.6081936057003654,mp100_final_sum_with_binary64_envelope
S4,leave_day3_out,dft,255,2,True,1.7962845974526924,mp100_final_sum_with_binary64_envelope
S4,leave_day3_out,dft,256,2,True,1.5884573504370147,mp100_final_sum_with_binary64_envelope
S4,leave_day3_out,dft,257,2,True,2.125920236725637,mp100_final_sum_with_binary64_envelope
S4,leave_day3_out,dft,258,2,True,1.520902979569243,mp100_final_sum_with_binary64_envelope
S4,leave_day3_out,dft,260,2,True,1.7445678079627933,mp100_final_sum_with_binary64_envelope
S4,leave_day3_out,dft,262,2,True,1.825903065757807,mp100_final_sum_with_binary64_envelope
S4,leave_day3_out,dft,264,3,True,0.2349883233170039,mp100_final_sum_with_binary64_envelope
S4,leave_day3_out,dft,265,3,True,0.7195877701434139,mp100_final_sum_with_binary64_envelope
S4,leave_day3_out,dft,266,3,True,1.4606575718256902,mp100_final_sum_with_binary64_envelope
S4,leave_day3_out,dft,267,3,True,0.6429398283017691,mp100_final_sum_with_binary64_envelope
S4,leave_day3_out,dft,268,3,True,0.32456932842622976,mp100_final_sum_with_binary64_envelope
S4,leave_day3_out,dft,269,3,True,0.6792618699910512,mp100_final_sum_with_binary64_envelope
S4,leave_day3_out,dft,270,3,True,0.8455059735510161,mp100_final_sum_with_binary64_envelope
S4,leave_day3_out,dft,271,11,True,0.27676235575025526,mp100_final_sum_with_binary64_envelope
S4,leave_day3_out,dft,273,3,True,1.202736699197691,mp100_final_sum_with_binary64_envelope
S4,leave_day3_out,dft,274,3,True,0.48774108765281304,mp100_final_sum_with_binary64_envelope
S4,leave_day3_out,dft,278,3,True,0.11815408141928664,mp100_final_sum_with_binary64_envelope
S4,leave_day3_out,dft,279,3,True,0.06089556739432612,mp100_final_sum_with_binary64_envelope
S4,leave_day3_out,dft,284,3,True,0.02966817466770156,mp100_final_sum_with_binary64_envelope
S4,leave_day3_out,dft,288,7,True,1.4814794086939589,mp100_final_sum_with_binary64_envelope
S4,leave_day3_out,dft,289,7,True,1.2731047651810468,mp100_final_sum_with_binary64_envelope
S4,leave_day3_out,dft,290,7,True,0.9102691924563264,mp100_final_sum_with_binary64_envelope
S4,leave_day3_out,dft,291,7,True,0.922464398912447,mp100_final_sum_with_binary64_envelope
S4,leave_day3_out,dft,292,7,True,1.1184846888222901,mp100_final_sum_with_binary64_envelope
S4,leave_day3_out,dft,293,7,True,1.155983659168639,mp100_final_sum_with_binary64_envelope
S4,leave_day3_out,dft,294,7,True,0.41795503847452403,mp100_final_sum_with_binary64_envelope
S4,leave_day3_out,dft,295,7,True,1.3862385560164427,mp100_final_sum_with_binary64_envelope
S4,leave_day3_out,dft,296,7,True,0.16538841559650905,mp100_final_sum_with_binary64_envelope
S4,leave_day3_out,dft,297,7,True,0.22911408155171004,mp100_final_sum_with_binary64_envelope
S4,leave_day3_out,dft,298,7,True,0.1450485748662776,mp100_final_sum_with_binary64_envelope
S4,leave_day3_out,dft,300,8,True,0.19227440690096934,mp100_final_sum_with_binary64_envelope
S4,leave_day3_out,dft,301,8,True,0.24207118071763925,mp100_final_sum_with_binary64_envelope
S4,leave_day3_out,dft,303,8,True,0.9044572888183718,mp100_final_sum_with_binary64_envelope
S4,leave_day3_out,dft,304,8,True,0.1593149589063857,mp100_final_sum_with_binary64_envelope
S4,leave_day3_out,dft,305,8,True,1.3992590260396025,mp100_final_sum_with_binary64_envelope
S4,leave_day3_out,dft,306,8,True,0.4269085774309698,mp100_final_sum_with_binary64_envelope
S4,leave_day3_out,dft,307,8,True,0.04567143163993367,mp100_final_sum_with_binary64_envelope
S4,leave_day3_out,dft,309,8,True,0.4517417079679335,mp100_final_sum_with_binary64_envelope
S4,leave_day3_out,dft,310,8,True,0.8144177686954611,mp100_final_sum_with_binary64_envelope
S4,leave_day3_out,dft,311,8,True,1.0966437361897543,mp100_final_sum_with_binary64_envelope
S4,leave_day3_out,dft,312,15,True,0.12197692177177874,mp100_final_sum_with_binary64_envelope
S4,leave_day3_out,dft,314,8,True,1.2002186895703548,mp100_final_sum_with_binary64_envelope
S4,leave_day3_out,dft,316,8,True,0.3960855290534713,mp100_final_sum_with_binary64_envelope
S4,leave_day3_out,dft,317,8,True,0.02485323049419166,mp100_final_sum_with_binary64_envelope
S4,leave_day3_out,dft,318,15,True,0.14763553133572604,mp100_final_sum_with_binary64_envelope
S4,leave_day3_out,dft,322,8,True,0.047523250381397236,mp100_final_sum_with_binary64_envelope
S4,leave_day3_out,dft,323,8,True,0.2301181309207591,mp100_final_sum_with_binary64_envelope
S4,leave_day3_out,dft,324,11,True,0.5164052341489149,mp100_final_sum_with_binary64_envelope
S4,leave_day3_out,dft,325,11,True,0.14354585084848706,mp100_final_sum_with_binary64_envelope
S4,leave_day3_out,dft,326,11,True,0.24785104069560648,mp100_final_sum_with_binary64_envelope
S4,leave_day3_out,dft,327,11,True,0.664697241771277,mp100_final_sum_with_binary64_envelope
S4,leave_day3_out,dft,328,11,True,0.17701865009750983,mp100_final_sum_with_binary64_envelope
S4,leave_day3_out,dft,329,11,True,1.0332739435106135,mp100_final_sum_with_binary64_envelope
S4,leave_day3_out,dft,330,11,True,0.4976175301190051,mp100_final_sum_with_binary64_envelope
S4,leave_day3_out,dft,331,11,True,1.0500485560268258,mp100_final_sum_with_binary64_envelope
S4,leave_day3_out,dft,332,9,True,0.0497438654354797,mp100_final_sum_with_binary64_envelope
S4,leave_day3_out,dft,333,11,True,0.6173341695813818,mp100_final_sum_with_binary64_envelope
S4,leave_day3_out,dft,335,11,True,1.2693388447782816,mp100_final_sum_with_binary64_envelope
S4,leave_day3_out,polynomial,192,2,True,1.74186277405808,mp100_final_sum_with_binary64_envelope
S4,leave_day3_out,polynomial,193,2,True,1.122533654678338,mp100_final_sum_with_binary64_envelope
S4,leave_day3_out,polynomial,194,2,True,1.6017216198508861,mp100_final_sum_with_binary64_envelope
S4,leave_day3_out,polynomial,195,2,True,1.9247137740577656,mp100_final_sum_with_binary64_envelope
S4,leave_day3_out,polynomial,196,2,True,2.1341510419563794,mp100_final_sum_with_binary64_envelope
S4,leave_day3_out,polynomial,197,2,True,2.2161436780190953,mp100_final_sum_with_binary64_envelope
S4,leave_day3_out,polynomial,198,2,True,2.1774698931119505,mp100_final_sum_with_binary64_envelope
S4,leave_day3_out,polynomial,199,15,True,0.09368321706155794,mp100_final_sum_with_binary64_envelope
S4,leave_day3_out,polynomial,200,9,True,1.11010851236586,mp100_final_sum_with_binary64_envelope
S4,leave_day3_out,polynomial,201,2,True,1.873399685594454,mp100_final_sum_with_binary64_envelope
S4,leave_day3_out,polynomial,202,2,True,1.5421907694565822,mp100_final_sum_with_binary64_envelope
S4,leave_day3_out,polynomial,203,2,True,2.7239513071874426,mp100_final_sum_with_binary64_envelope
S4,leave_day3_out,polynomial,205,14,True,0.11652062317626986,mp100_final_sum_with_binary64_envelope
S4,leave_day3_out,polynomial,207,14,True,0.7836824833294347,mp100_final_sum_with_binary64_envelope
S4,leave_day3_out,polynomial,208,15,True,0.06667741867563352,mp100_final_sum_with_binary64_envelope
S4,leave_day3_out,polynomial,209,15,True,1.0989619425612203,mp100_final_sum_with_binary64_envelope
S4,leave_day3_out,polynomial,211,14,True,0.12863598496814632,mp100_final_sum_with_binary64_envelope
S4,leave_day3_out,polynomial,212,14,True,1.1337796323133162,mp100_final_sum_with_binary64_envelope
S4,leave_day3_out,polynomial,213,14,True,0.32288536411327423,mp100_final_sum_with_binary64_envelope
S4,leave_day3_out,polynomial,218,15,True,0.7662221364643036,mp100_final_sum_with_binary64_envelope
S4,leave_day3_out,polynomial,219,15,True,1.6978987362023616,mp100_final_sum_with_binary64_envelope
S4,leave_day3_out,polynomial,220,15,True,2.113346743720502,mp100_final_sum_with_binary64_envelope
S4,leave_day3_out,polynomial,221,15,True,0.5197439816560473,mp100_final_sum_with_binary64_envelope
S4,leave_day3_out,polynomial,223,15,True,0.05644023827827851,mp100_final_sum_with_binary64_envelope
S4,leave_day3_out,polynomial,224,15,True,2.176001038150941,mp100_final_sum_with_binary64_envelope
S4,leave_day3_out,polynomial,225,15,True,0.22325205285599112,mp100_final_sum_with_binary64_envelope
S4,leave_day3_out,polynomial,226,14,True,0.19945275250634362,mp100_final_sum_with_binary64_envelope
S4,leave_day3_out,polynomial,230,14,True,0.10458393439843797,mp100_final_sum_with_binary64_envelope
S4,leave_day3_out,polynomial,232,14,True,0.691323915919121,mp100_final_sum_with_binary64_envelope
S4,leave_day3_out,polynomial,233,14,True,0.7076588379685933,mp100_final_sum_with_binary64_envelope
S4,leave_day3_out,polynomial,236,14,True,0.40113174046636185,mp100_final_sum_with_binary64_envelope
S4,leave_day3_out,polynomial,238,14,True,0.6589677424657796,mp100_final_sum_with_binary64_envelope
S4,leave_day3_out,polynomial,239,14,True,0.07738128007512901,mp100_final_sum_with_binary64_envelope
S4,leave_day3_out,polynomial,240,2,True,2.3280254765898825,mp100_final_sum_with_binary64_envelope
S4,leave_day3_out,polynomial,241,2,True,2.399025977468916,mp100_final_sum_with_binary64_envelope
S4,leave_day3_out,polynomial,242,2,True,2.4684386691021385,mp100_final_sum_with_binary64_envelope
S4,leave_day3_out,polynomial,243,2,True,2.0741540283389344,mp100_final_sum_with_binary64_envelope
S4,leave_day3_out,polynomial,244,2,True,1.9804978957711243,mp100_final_sum_with_binary64_envelope
S4,leave_day3_out,polynomial,245,2,True,1.9482381946069143,mp100_final_sum_with_binary64_envelope
S4,leave_day3_out,polynomial,246,2,True,2.0688340512589956,mp100_final_sum_with_binary64_envelope
S4,leave_day3_out,polynomial,247,2,True,1.8886371493356546,mp100_final_sum_with_binary64_envelope
S4,leave_day3_out,polynomial,248,2,True,1.835226917236195,mp100_final_sum_with_binary64_envelope
S4,leave_day3_out,polynomial,249,2,True,2.447687948893904,mp100_final_sum_with_binary64_envelope
S4,leave_day3_out,polynomial,250,2,True,2.729033079370833,mp100_final_sum_with_binary64_envelope
S4,leave_day3_out,polynomial,251,2,True,1.1051114056949354,mp100_final_sum_with_binary64_envelope
S4,leave_day3_out,polynomial,252,2,True,2.1413134476990887,mp100_final_sum_with_binary64_envelope
S4,leave_day3_out,polynomial,253,15,True,0.2832513057709072,mp100_final_sum_with_binary64_envelope
S4,leave_day3_out,polynomial,254,2,True,1.6741666501760075,mp100_final_sum_with_binary64_envelope
S4,leave_day3_out,polynomial,255,2,True,2.5711550583905503,mp100_final_sum_with_binary64_envelope
S4,leave_day3_out,polynomial,256,2,True,2.3584122438013173,mp100_final_sum_with_binary64_envelope
S4,leave_day3_out,polynomial,257,2,True,2.592601190419285,mp100_final_sum_with_binary64_envelope
S4,leave_day3_out,polynomial,258,2,True,2.384272053751471,mp100_final_sum_with_binary64_envelope
S4,leave_day3_out,polynomial,259,2,True,2.0691064717747207,mp100_final_sum_with_binary64_envelope
S4,leave_day3_out,polynomial,260,2,True,2.561856043207531,mp100_final_sum_with_binary64_envelope
S4,leave_day3_out,polynomial,261,2,True,1.050478062861305,mp100_final_sum_with_binary64_envelope
S4,leave_day3_out,polynomial,262,2,True,2.6697232934605397,mp100_final_sum_with_binary64_envelope
S4,leave_day3_out,polynomial,263,2,True,0.030071034987064465,mp100_final_sum_with_binary64_envelope
S4,leave_day3_out,polynomial,264,3,True,0.4628130088450082,mp100_final_sum_with_binary64_envelope
S4,leave_day3_out,polynomial,265,3,True,0.784311400095599,mp100_final_sum_with_binary64_envelope
S4,leave_day3_out,polynomial,266,3,True,1.605955019300566,mp100_final_sum_with_binary64_envelope
S4,leave_day3_out,polynomial,267,3,True,1.3471025588276175,mp100_final_sum_with_binary64_envelope
S4,leave_day3_out,polynomial,268,3,True,0.4512604159195228,mp100_final_sum_with_binary64_envelope
S4,leave_day3_out,polynomial,269,3,True,1.2306033854139644,mp100_final_sum_with_binary64_envelope
S4,leave_day3_out,polynomial,270,3,True,1.2324682770931212,mp100_final_sum_with_binary64_envelope
S4,leave_day3_out,polynomial,271,11,True,0.6735503647117316,mp100_final_sum_with_binary64_envelope
S4,leave_day3_out,polynomial,272,3,True,0.8828131190266366,mp100_final_sum_with_binary64_envelope
S4,leave_day3_out,polynomial,273,3,True,1.3613807568239986,mp100_final_sum_with_binary64_envelope
S4,leave_day3_out,polynomial,274,3,True,0.6208081080869571,mp100_final_sum_with_binary64_envelope
S4,leave_day3_out,polynomial,275,11,True,0.2989037752178078,mp100_final_sum_with_binary64_envelope
S4,leave_day3_out,polynomial,277,3,True,0.22930720151432463,mp100_final_sum_with_binary64_envelope
S4,leave_day3_out,polynomial,278,3,True,0.6483983833315476,mp100_final_sum_with_binary64_envelope
S4,leave_day3_out,polynomial,279,3,True,0.8470202483150081,mp100_final_sum_with_binary64_envelope
S4,leave_day3_out,polynomial,281,3,True,0.3370422795051613,mp100_final_sum_with_binary64_envelope
S4,leave_day3_out,polynomial,282,14,True,0.3329772665243817,mp100_final_sum_with_binary64_envelope
S4,leave_day3_out,polynomial,283,3,True,0.1980244654814065,mp100_final_sum_with_binary64_envelope
S4,leave_day3_out,polynomial,284,3,True,1.0793594847407988,mp100_final_sum_with_binary64_envelope
S4,leave_day3_out,polynomial,285,3,True,0.43967979627433457,mp100_final_sum_with_binary64_envelope
S4,leave_day3_out,polynomial,286,3,True,0.21656634352113288,mp100_final_sum_with_binary64_envelope
S4,leave_day3_out,polynomial,300,8,True,0.495502837673281,mp100_final_sum_with_binary64_envelope
S4,leave_day3_out,polynomial,301,8,True,1.0313182353172603,mp100_final_sum_with_binary64_envelope
S4,leave_day3_out,polynomial,303,8,True,1.4650751160530842,mp100_final_sum_with_binary64_envelope
S4,leave_day3_out,polynomial,304,8,True,0.28117149428394006,mp100_final_sum_with_binary64_envelope
S4,leave_day3_out,polynomial,305,8,True,1.602613166528043,mp100_final_sum_with_binary64_envelope
S4,leave_day3_out,polynomial,306,8,True,0.8272774174731361,mp100_final_sum_with_binary64_envelope
S4,leave_day3_out,polynomial,307,8,True,0.23083840675728542,mp100_final_sum_with_binary64_envelope
S4,leave_day3_out,polynomial,309,8,True,1.209383942429384,mp100_final_sum_with_binary64_envelope
S4,leave_day3_out,polynomial,310,8,True,1.2313256401969543,mp100_final_sum_with_binary64_envelope
S4,leave_day3_out,polynomial,311,8,True,1.1098159011382773,mp100_final_sum_with_binary64_envelope
S4,leave_day3_out,polynomial,312,15,True,0.12436716933899256,mp100_final_sum_with_binary64_envelope
S4,leave_day3_out,polynomial,314,8,True,0.8682642657765303,mp100_final_sum_with_binary64_envelope
S4,leave_day3_out,polynomial,315,15,True,0.03587061368834948,mp100_final_sum_with_binary64_envelope
S4,leave_day3_out,polynomial,316,8,True,0.34396576956544295,mp100_final_sum_with_binary64_envelope
S4,leave_day3_out,polynomial,317,8,True,0.6490026026034537,mp100_final_sum_with_binary64_envelope
S4,leave_day3_out,polynomial,318,15,True,0.05847894836600174,mp100_final_sum_with_binary64_envelope
S4,leave_day3_out,polynomial,320,8,True,0.08619559966826643,mp100_final_sum_with_binary64_envelope
S4,leave_day3_out,polynomial,321,14,True,0.5587576038282309,mp100_final_sum_with_binary64_envelope
S4,leave_day3_out,polynomial,322,8,True,0.03322911797380839,mp100_final_sum_with_binary64_envelope
S4,leave_day3_out,polynomial,323,8,True,0.201376591001089,mp100_final_sum_with_binary64_envelope
S4,leave_day3_out,random_orthogonal,220,15,True,0.9691798063761348,mp100_final_sum_with_binary64_envelope
S4,leave_day3_out,random_orthogonal,221,15,True,0.03320761617289501,mp100_final_sum_with_binary64_envelope
S4,leave_day3_out,random_orthogonal,224,15,True,1.1543549167739222,mp100_final_sum_with_binary64_envelope
S4,leave_day3_out,random_orthogonal,264,3,True,0.22856602720632865,mp100_final_sum_with_binary64_envelope
S4,leave_day3_out,random_orthogonal,265,3,True,0.5178224555354489,mp100_final_sum_with_binary64_envelope
S4,leave_day3_out,random_orthogonal,266,3,True,1.2944377153156301,mp100_final_sum_with_binary64_envelope
S4,leave_day3_out,random_orthogonal,267,3,True,1.162362718851089,mp100_final_sum_with_binary64_envelope
S4,leave_day3_out,random_orthogonal,268,3,True,0.3576556275068884,mp100_final_sum_with_binary64_envelope
S4,leave_day3_out,random_orthogonal,269,3,True,1.142411981257944,mp100_final_sum_with_binary64_envelope
S4,leave_day3_out,random_orthogonal,270,3,True,1.0255086752940747,mp100_final_sum_with_binary64_envelope
S4,leave_day3_out,random_orthogonal,271,11,True,0.6751944442972031,mp100_final_sum_with_binary64_envelope
S4,leave_day3_out,random_orthogonal,272,3,True,0.5678426782599264,mp100_final_sum_with_binary64_envelope
S4,leave_day3_out,random_orthogonal,273,3,True,1.2302486485373767,mp100_final_sum_with_binary64_envelope
S4,leave_day3_out,random_orthogonal,274,3,True,0.3545196185838133,mp100_final_sum_with_binary64_envelope
S4,leave_day3_out,random_orthogonal,275,11,True,0.030933941936853282,mp100_final_sum_with_binary64_envelope
S4,leave_day3_out,random_orthogonal,277,3,True,0.25876164796951523,mp100_final_sum_with_binary64_envelope
S4,leave_day3_out,random_orthogonal,278,3,True,0.6081041393173003,mp100_final_sum_with_binary64_envelope
S4,leave_day3_out,random_orthogonal,279,3,True,0.8474751173904634,mp100_final_sum_with_binary64_envelope
S4,leave_day3_out,random_orthogonal,281,3,True,0.2945268296831097,mp100_final_sum_with_binary64_envelope
S4,leave_day3_out,random_orthogonal,282,14,True,0.26241629077552625,mp100_final_sum_with_binary64_envelope
S4,leave_day3_out,random_orthogonal,283,3,True,0.13328213695496227,mp100_final_sum_with_binary64_envelope
S4,leave_day3_out,random_orthogonal,284,3,True,0.9416476753096855,mp100_final_sum_with_binary64_envelope
S4,leave_day3_out,random_orthogonal,285,3,True,0.4380670507766353,mp100_final_sum_with_binary64_envelope
S4,leave_day3_out,random_orthogonal,286,3,True,0.1411719238498789,mp100_final_sum_with_binary64_envelope
S4,leave_day3_out,random_orthogonal,298,7,True,0.3489105962873573,mp100_final_sum_with_binary64_envelope
S4,leave_day3_out,random_orthogonal,324,11,True,0.015495528409276907,mp100_final_sum_with_binary64_envelope
S4,leave_day3_out,random_orthogonal,325,11,True,0.41693249182222863,mp100_final_sum_with_binary64_envelope
S4,leave_day3_out,permuted_polynomial,168,10,True,0.20278723555993966,mp100_final_sum_with_binary64_envelope
S4,leave_day3_out,permuted_polynomial,169,10,True,0.7952167728958748,mp100_final_sum_with_binary64_envelope
S4,leave_day3_out,permuted_polynomial,170,10,True,0.4039509403527272,mp100_final_sum_with_binary64_envelope
S4,leave_day3_out,permuted_polynomial,171,10,True,0.22706615756105764,mp100_final_sum_with_binary64_envelope
S4,leave_day3_out,permuted_polynomial,172,10,True,0.23702247558940404,mp100_final_sum_with_binary64_envelope
S4,leave_day3_out,permuted_polynomial,173,10,True,0.09053382844220281,mp100_final_sum_with_binary64_envelope
S4,leave_day3_out,permuted_polynomial,175,10,True,0.284025835373191,mp100_final_sum_with_binary64_envelope
S4,leave_day3_out,permuted_polynomial,176,10,True,0.11760946491845843,mp100_final_sum_with_binary64_envelope
S4,leave_day3_out,permuted_polynomial,177,10,True,0.07669557819153515,mp100_final_sum_with_binary64_envelope
S4,leave_day3_out,permuted_polynomial,178,10,True,0.2562166547265581,mp100_final_sum_with_binary64_envelope
S4,leave_day3_out,permuted_polynomial,179,10,True,0.33589831171529744,mp100_final_sum_with_binary64_envelope
S4,leave_day3_out,permuted_polynomial,181,11,True,0.7854515578018929,mp100_final_sum_with_binary64_envelope
S4,leave_day3_out,permuted_polynomial,183,9,True,1.451491748464894,mp100_final_sum_with_binary64_envelope
S4,leave_day3_out,permuted_polynomial,184,11,True,0.4619903533539925,mp100_final_sum_with_binary64_envelope
S4,leave_day3_out,permuted_polynomial,212,14,True,1.1087340084971808,mp100_final_sum_with_binary64_envelope
S4,leave_day3_out,permuted_polynomial,215,14,True,0.11378310387367395,mp100_final_sum_with_binary64_envelope
S4,leave_day3_out,permuted_polynomial,219,15,True,0.2768705023280509,mp100_final_sum_with_binary64_envelope
S4,leave_day3_out,permuted_polynomial,224,15,True,0.5480522866851605,mp100_final_sum_with_binary64_envelope
S4,leave_day3_out,permuted_polynomial,232,14,True,1.236940434524901,mp100_final_sum_with_binary64_envelope
S4,leave_day3_out,permuted_polynomial,247,2,True,0.31544720483144945,mp100_final_sum_with_binary64_envelope
S4,leave_day3_out,permuted_polynomial,259,2,True,0.8459093047610556,mp100_final_sum_with_binary64_envelope
S4,leave_day3_out,permuted_polynomial,264,3,True,0.4194061479418555,mp100_final_sum_with_binary64_envelope
S4,leave_day3_out,permuted_polynomial,265,3,True,0.7662223365011752,mp100_final_sum_with_binary64_envelope
S4,leave_day3_out,permuted_polynomial,266,3,True,1.594800858189057,mp100_final_sum_with_binary64_envelope
S4,leave_day3_out,permuted_polynomial,267,3,True,1.3300459277335992,mp100_final_sum_with_binary64_envelope
S4,leave_day3_out,permuted_polynomial,268,3,True,0.3705777521210272,mp100_final_sum_with_binary64_envelope
S4,leave_day3_out,permuted_polynomial,270,3,True,0.9597789141990003,mp100_final_sum_with_binary64_envelope
S4,leave_day3_out,permuted_polynomial,271,11,True,0.3963153117985302,mp100_final_sum_with_binary64_envelope
S4,leave_day3_out,permuted_polynomial,272,3,True,0.18975923152287116,mp100_final_sum_with_binary64_envelope
S4,leave_day3_out,permuted_polynomial,273,3,True,1.237518415030017,mp100_final_sum_with_binary64_envelope
S4,leave_day3_out,permuted_polynomial,274,3,True,0.6123460276526588,mp100_final_sum_with_binary64_envelope
S4,leave_day3_out,permuted_polynomial,278,3,True,0.12200376889797275,mp100_final_sum_with_binary64_envelope
S4,leave_day3_out,permuted_polynomial,279,3,True,0.804079857016569,mp100_final_sum_with_binary64_envelope
S4,leave_day3_out,permuted_polynomial,284,3,True,0.9566912140577253,mp100_final_sum_with_binary64_envelope
S4,leave_day3_out,permuted_polynomial,285,3,True,0.4295471481077347,mp100_final_sum_with_binary64_envelope
S4,leave_day3_out,permuted_polynomial,286,3,True,0.0688622273300696,mp100_final_sum_with_binary64_envelope
S4,leave_day3_out,permuted_polynomial,288,7,True,0.6339744161207909,mp100_final_sum_with_binary64_envelope
S4,leave_day3_out,permuted_polynomial,289,7,True,0.5713363755411317,mp100_final_sum_with_binary64_envelope
S4,leave_day3_out,permuted_polynomial,291,7,True,0.4421012980848689,mp100_final_sum_with_binary64_envelope
S4,leave_day3_out,permuted_polynomial,292,7,True,0.5827682990304365,mp100_final_sum_with_binary64_envelope
S4,leave_day3_out,permuted_polynomial,293,7,True,0.6149598266643463,mp100_final_sum_with_binary64_envelope
S4,leave_day3_out,permuted_polynomial,294,7,True,0.3566772653141729,mp100_final_sum_with_binary64_envelope
S4,leave_day3_out,permuted_polynomial,296,7,True,0.06875399447802263,mp100_final_sum_with_binary64_envelope
S4,leave_day3_out,permuted_polynomial,298,7,True,0.22318830882328047,mp100_final_sum_with_binary64_envelope
S4,leave_day3_out,permuted_polynomial,321,14,True,0.4363296434916436,mp100_final_sum_with_binary64_envelope
S4,leave_day3_out,permuted_polynomial,324,11,True,1.2668549360748251,mp100_final_sum_with_binary64_envelope
S4,leave_day3_out,permuted_polynomial,325,11,True,1.4591745622138208,mp100_final_sum_with_binary64_envelope
S4,leave_day3_out,permuted_polynomial,326,11,True,0.6214966934905582,mp100_final_sum_with_binary64_envelope
S4,leave_day3_out,permuted_polynomial,327,11,True,1.4763316830087616,mp100_final_sum_with_binary64_envelope
S4,leave_day3_out,permuted_polynomial,328,11,True,0.5672741671677275,mp100_final_sum_with_binary64_envelope
S4,leave_day3_out,permuted_polynomial,330,11,True,0.5890583043914088,mp100_final_sum_with_binary64_envelope
S4,leave_day3_out,permuted_polynomial,333,11,True,1.6559476595928961,mp100_final_sum_with_binary64_envelope
S4,leave_day5_out,coordinate,336,10,True,1.8740568083106997,mp100_final_sum_with_binary64_envelope
S4,leave_day5_out,coordinate,337,10,True,0.9824731277978667,mp100_final_sum_with_binary64_envelope
S4,leave_day5_out,coordinate,338,10,True,0.9122223208415937,mp100_final_sum_with_binary64_envelope
S4,leave_day5_out,coordinate,339,10,True,1.7093985011620545,mp100_final_sum_with_binary64_envelope
S4,leave_day5_out,coordinate,340,10,True,1.6788138529344736,mp100_final_sum_with_binary64_envelope
S4,leave_day5_out,coordinate,342,10,True,1.937738430647933,mp100_final_sum_with_binary64_envelope
S4,leave_day5_out,coordinate,343,10,True,1.4980022099907824,mp100_final_sum_with_binary64_envelope
S4,leave_day5_out,coordinate,344,10,True,1.0625462496905864,mp100_final_sum_with_binary64_envelope
S4,leave_day5_out,coordinate,346,10,True,1.8844043879421244,mp100_final_sum_with_binary64_envelope
S4,leave_day5_out,coordinate,347,10,True,1.2871934388954243,mp100_final_sum_with_binary64_envelope
S4,leave_day5_out,coordinate,348,10,True,2.192050176583988,mp100_final_sum_with_binary64_envelope
S4,leave_day5_out,coordinate,349,10,True,1.3651405678695812,mp100_final_sum_with_binary64_envelope
S4,leave_day5_out,coordinate,350,10,True,2.147392733509912,mp100_final_sum_with_binary64_envelope
S4,leave_day5_out,coordinate,351,10,True,2.0247558065387796,mp100_final_sum_with_binary64_envelope
S4,leave_day5_out,coordinate,352,10,True,1.172667309218734,mp100_final_sum_with_binary64_envelope
S4,leave_day5_out,coordinate,353,10,True,2.235423119196955,mp100_final_sum_with_binary64_envelope
S4,leave_day5_out,coordinate,354,10,True,1.8173618597878045,mp100_final_sum_with_binary64_envelope
S4,leave_day5_out,coordinate,355,10,True,2.2859139055556987,mp100_final_sum_with_binary64_envelope
S4,leave_day5_out,coordinate,356,10,True,2.2006128162686323,mp100_final_sum_with_binary64_envelope
S4,leave_day5_out,coordinate,357,10,True,1.9236199254322068,mp100_final_sum_with_binary64_envelope
S4,leave_day5_out,coordinate,359,10,True,2.037905976221949,mp100_final_sum_with_binary64_envelope
S4,leave_day5_out,coordinate,361,9,True,0.4684004384817655,mp100_final_sum_with_binary64_envelope
S4,leave_day5_out,coordinate,363,11,True,0.10822562484903923,mp100_final_sum_with_binary64_envelope
S4,leave_day5_out,coordinate,364,9,True,0.5524076260240152,mp100_final_sum_with_binary64_envelope
S4,leave_day5_out,coordinate,368,9,True,0.5960915604677127,mp100_final_sum_with_binary64_envelope
S4,leave_day5_out,coordinate,369,11,True,0.8216299917890585,mp100_final_sum_with_binary64_envelope
S4,leave_day5_out,coordinate,370,11,True,0.5208795454148933,mp100_final_sum_with_binary64_envelope
S4,leave_day5_out,coordinate,374,10,True,0.10394034264352797,mp100_final_sum_with_binary64_envelope
S4,leave_day5_out,coordinate,383,9,True,0.11670458927941675,mp100_final_sum_with_binary64_envelope
S4,leave_day5_out,coordinate,384,13,True,0.6726986829338658,mp100_final_sum_with_binary64_envelope
S4,leave_day5_out,coordinate,386,13,True,0.26362639661100606,mp100_final_sum_with_binary64_envelope
S4,leave_day5_out,coordinate,387,13,True,0.7996739944222875,mp100_final_sum_with_binary64_envelope
S4,leave_day5_out,coordinate,389,13,True,0.996509100899512,mp100_final_sum_with_binary64_envelope
S4,leave_day5_out,coordinate,391,13,True,1.5969037995711197,mp100_final_sum_with_binary64_envelope
S4,leave_day5_out,coordinate,392,13,True,1.3841185303094166,mp100_final_sum_with_binary64_envelope
S4,leave_day5_out,coordinate,393,13,True,0.11726610931348193,mp100_final_sum_with_binary64_envelope
S4,leave_day5_out,coordinate,395,13,True,0.6333162160750466,mp100_final_sum_with_binary64_envelope
S4,leave_day5_out,coordinate,400,14,True,0.029576525592343857,mp100_final_sum_with_binary64_envelope
S4,leave_day5_out,coordinate,403,14,True,0.6775429331872359,mp100_final_sum_with_binary64_envelope
S4,leave_day5_out,coordinate,404,14,True,0.0886366049929079,mp100_final_sum_with_binary64_envelope
S4,leave_day5_out,coordinate,405,14,True,0.3509426321539198,mp100_final_sum_with_binary64_envelope
S4,leave_day5_out,coordinate,406,14,True,1.154259524255293,mp100_final_sum_with_binary64_envelope
S4,leave_day5_out,coordinate,407,14,True,0.19326049797414707,mp100_final_sum_with_binary64_envelope
S4,leave_day5_out,coordinate,409,14,True,0.5430539110556524,mp100_final_sum_with_binary64_envelope
S4,leave_day5_out,coordinate,410,14,True,0.8703496243880379,mp100_final_sum_with_binary64_envelope
S4,leave_day5_out,coordinate,411,14,True,0.5814539409009765,mp100_final_sum_with_binary64_envelope
S4,leave_day5_out,coordinate,412,14,True,0.39616933595445475,mp100_final_sum_with_binary64_envelope
S4,leave_day5_out,coordinate,413,14,True,0.7919198400854925,mp100_final_sum_with_binary64_envelope
S4,leave_day5_out,coordinate,414,14,True,0.26626465284117007,mp100_final_sum_with_binary64_envelope
S4,leave_day5_out,coordinate,415,14,True,0.9202047350895095,mp100_final_sum_with_binary64_envelope
S4,leave_day5_out,coordinate,417,14,True,0.6596330452246009,mp100_final_sum_with_binary64_envelope
S4,leave_day5_out,coordinate,418,14,True,0.826477606793364,mp100_final_sum_with_binary64_envelope
S4,leave_day5_out,coordinate,419,14,True,0.33750918006165265,mp100_final_sum_with_binary64_envelope
S4,leave_day5_out,coordinate,420,2,True,0.6201857582237332,mp100_final_sum_with_binary64_envelope
S4,leave_day5_out,coordinate,421,2,True,1.3636755796795024,mp100_final_sum_with_binary64_envelope
S4,leave_day5_out,coordinate,422,2,True,0.38813121334903283,mp100_final_sum_with_binary64_envelope
S4,leave_day5_out,coordinate,423,2,True,0.5333548414438066,mp100_final_sum_with_binary64_envelope
S4,leave_day5_out,coordinate,424,2,True,1.560204994781105,mp100_final_sum_with_binary64_envelope
S4,leave_day5_out,coordinate,425,2,True,0.7881562615266153,mp100_final_sum_with_binary64_envelope
S4,leave_day5_out,coordinate,426,2,True,0.8919084230142436,mp100_final_sum_with_binary64_envelope
S4,leave_day5_out,coordinate,427,2,True,0.1681681929802576,mp100_final_sum_with_binary64_envelope
S4,leave_day5_out,coordinate,429,2,True,1.1362648818965455,mp100_final_sum_with_binary64_envelope
S4,leave_day5_out,coordinate,430,2,True,0.06891927525103662,mp100_final_sum_with_binary64_envelope
S4,leave_day5_out,coordinate,431,2,True,0.7405382060494458,mp100_final_sum_with_binary64_envelope
S4,leave_day5_out,coordinate,432,3,True,0.4156407370223425,mp100_final_sum_with_binary64_envelope
S4,leave_day5_out,coordinate,433,3,True,1.0084643053231206,mp100_final_sum_with_binary64_envelope
S4,leave_day5_out,coordinate,434,3,True,0.6818561638616727,mp100_final_sum_with_binary64_envelope
S4,leave_day5_out,coordinate,436,3,True,1.0596826517604356,mp100_final_sum_with_binary64_envelope
S4,leave_day5_out,coordinate,437,3,True,0.9855534466969172,mp100_final_sum_with_binary64_envelope
S4,leave_day5_out,coordinate,438,3,True,0.4470099821469783,mp100_final_sum_with_binary64_envelope
S4,leave_day5_out,coordinate,439,3,True,1.0341895915894856,mp100_final_sum_with_binary64_envelope
S4,leave_day5_out,coordinate,440,3,True,1.2766916657670535,mp100_final_sum_with_binary64_envelope
S4,leave_day5_out,coordinate,441,3,True,0.39711918889256587,mp100_final_sum_with_binary64_envelope
S4,leave_day5_out,coordinate,442,3,True,0.7593292750151759,mp100_final_sum_with_binary64_envelope
S4,leave_day5_out,coordinate,443,3,True,1.004114546907833,mp100_final_sum_with_binary64_envelope
S4,leave_day5_out,coordinate,444,7,True,2.100787653834193,mp100_final_sum_with_binary64_envelope
S4,leave_day5_out,coordinate,445,7,True,2.231714536109138,mp100_final_sum_with_binary64_envelope
S4,leave_day5_out,coordinate,446,7,True,2.1360215721134925,mp100_final_sum_with_binary64_envelope
S4,leave_day5_out,coordinate,447,7,True,2.253325289796299,mp100_final_sum_with_binary64_envelope
S4,leave_day5_out,coordinate,448,7,True,2.2418807158656877,mp100_final_sum_with_binary64_envelope
S4,leave_day5_out,coordinate,449,7,True,0.5739234481116594,mp100_final_sum_with_binary64_envelope
S4,leave_day5_out,coordinate,450,7,True,0.26271353442316403,mp100_final_sum_with_binary64_envelope
S4,leave_day5_out,coordinate,451,7,True,1.8860894973865219,mp100_final_sum_with_binary64_envelope
S4,leave_day5_out,coordinate,452,7,True,2.563466005042987,mp100_final_sum_with_binary64_envelope
S4,leave_day5_out,coordinate,454,7,True,2.011075235425882,mp100_final_sum_with_binary64_envelope
S4,leave_day5_out,coordinate,456,8,True,1.0543783200230905,mp100_final_sum_with_binary64_envelope
S4,leave_day5_out,coordinate,458,8,True,0.7629916624358202,mp100_final_sum_with_binary64_envelope
S4,leave_day5_out,coordinate,459,8,True,0.3607697769726054,mp100_final_sum_with_binary64_envelope
S4,leave_day5_out,coordinate,460,8,True,1.3505944415099456,mp100_final_sum_with_binary64_envelope
S4,leave_day5_out,coordinate,461,8,True,0.9310749860680696,mp100_final_sum_with_binary64_envelope
S4,leave_day5_out,coordinate,462,8,True,1.1461731914262347,mp100_final_sum_with_binary64_envelope
S4,leave_day5_out,coordinate,463,8,True,0.9357252926211893,mp100_final_sum_with_binary64_envelope
S4,leave_day5_out,coordinate,464,8,True,1.2163281238871826,mp100_final_sum_with_binary64_envelope
S4,leave_day5_out,coordinate,465,8,True,0.5209542601122483,mp100_final_sum_with_binary64_envelope
S4,leave_day5_out,coordinate,467,8,True,1.189037614927035,mp100_final_sum_with_binary64_envelope
S4,leave_day5_out,coordinate,470,9,True,0.21585696600760765,mp100_final_sum_with_binary64_envelope
S4,leave_day5_out,coordinate,471,9,True,0.3123231711469389,mp100_final_sum_with_binary64_envelope
S4,leave_day5_out,coordinate,472,9,True,0.6458278359937205,mp100_final_sum_with_binary64_envelope
S4,leave_day5_out,coordinate,473,9,True,0.7669266151926031,mp100_final_sum_with_binary64_envelope
S4,leave_day5_out,coordinate,474,9,True,0.7363044683775953,mp100_final_sum_with_binary64_envelope
S4,leave_day5_out,coordinate,476,9,True,0.3915203338239837,mp100_final_sum_with_binary64_envelope
S4,leave_day5_out,dct,363,11,True,0.2877059931627853,mp100_final_sum_with_binary64_envelope
S4,leave_day5_out,dct,384,13,True,1.4470300863796557,mp100_final_sum_with_binary64_envelope
S4,leave_day5_out,dct,385,13,True,0.7833839508990469,mp100_final_sum_with_binary64_envelope
S4,leave_day5_out,dct,386,13,True,1.6494542465561897,mp100_final_sum_with_binary64_envelope
S4,leave_day5_out,dct,387,13,True,2.081493448402323,mp100_final_sum_with_binary64_envelope
S4,leave_day5_out,dct,388,13,True,1.680435690243929,mp100_final_sum_with_binary64_envelope
S4,leave_day5_out,dct,389,13,True,2.7300075775746753,mp100_final_sum_with_binary64_envelope
S4,leave_day5_out,dct,390,13,True,1.4068264631996046,mp100_final_sum_with_binary64_envelope
S4,leave_day5_out,dct,391,13,True,2.1539786362482567,mp100_final_sum_with_binary64_envelope
S4,leave_day5_out,dct,392,13,True,2.1803334199563564,mp100_final_sum_with_binary64_envelope
S4,leave_day5_out,dct,393,13,True,1.7851642287369236,mp100_final_sum_with_binary64_envelope
S4,leave_day5_out,dct,394,13,True,2.2055322134071496,mp100_final_sum_with_binary64_envelope
S4,leave_day5_out,dct,395,13,True,1.6011460618954811,mp100_final_sum_with_binary64_envelope
S4,leave_day5_out,dct,396,15,True,0.03775403019377597,mp100_final_sum_with_binary64_envelope
S4,leave_day5_out,dct,398,14,True,0.2662552793348032,mp100_final_sum_with_binary64_envelope
S4,leave_day5_out,dct,399,14,True,0.25928784041560865,mp100_final_sum_with_binary64_envelope
S4,leave_day5_out,dct,400,14,True,0.062447670894826154,mp100_final_sum_with_binary64_envelope
S4,leave_day5_out,dct,401,14,True,0.15763203292287598,mp100_final_sum_with_binary64_envelope
S4,leave_day5_out,dct,402,14,True,0.48391769795419504,mp100_final_sum_with_binary64_envelope
S4,leave_day5_out,dct,403,14,True,1.4623283689126714,mp100_final_sum_with_binary64_envelope
S4,leave_day5_out,dct,404,14,True,0.05480092277936999,mp100_final_sum_with_binary64_envelope
S4,leave_day5_out,dct,405,14,True,1.0298458634278764,mp100_final_sum_with_binary64_envelope
S4,leave_day5_out,dct,406,14,True,1.8480270645580679,mp100_final_sum_with_binary64_envelope
S4,leave_day5_out,dct,407,14,True,0.38318177702982337,mp100_final_sum_with_binary64_envelope
S4,leave_day5_out,dct,409,14,True,1.1858042181010409,mp100_final_sum_with_binary64_envelope
S4,leave_day5_out,dct,410,14,True,0.5921918595611897,mp100_final_sum_with_binary64_envelope
S4,leave_day5_out,dct,411,14,True,0.6092556272978162,mp100_final_sum_with_binary64_envelope
S4,leave_day5_out,dct,412,14,True,0.29991370580911725,mp100_final_sum_with_binary64_envelope
S4,leave_day5_out,dct,413,14,True,1.0782173708130145,mp100_final_sum_with_binary64_envelope
S4,leave_day5_out,dct,414,14,True,0.10465606868915987,mp100_final_sum_with_binary64_envelope
S4,leave_day5_out,dct,415,14,True,0.755703351189053,mp100_final_sum_with_binary64_envelope
S4,leave_day5_out,dct,417,14,True,0.7906790657448397,mp100_final_sum_with_binary64_envelope
S4,leave_day5_out,dct,418,14,True,0.8220976168428257,mp100_final_sum_with_binary64_envelope
S4,leave_day5_out,dct,419,14,True,0.5692964109189743,mp100_final_sum_with_binary64_envelope
S4,leave_day5_out,dct,420,2,True,0.6197661433630817,mp100_final_sum_with_binary64_envelope
S4,leave_day5_out,dct,421,2,True,1.2110473798763417,mp100_final_sum_with_binary64_envelope
S4,leave_day5_out,dct,422,2,True,0.028239831462480196,mp100_final_sum_with_binary64_envelope
S4,leave_day5_out,dct,423,2,True,0.8873536308161463,mp100_final_sum_with_binary64_envelope
S4,leave_day5_out,dct,424,2,True,1.3730930752738537,mp100_final_sum_with_binary64_envelope
S4,leave_day5_out,dct,425,2,True,0.747464990051862,mp100_final_sum_with_binary64_envelope
S4,leave_day5_out,dct,426,2,True,1.256639996068618,mp100_final_sum_with_binary64_envelope
S4,leave_day5_out,dct,427,2,True,0.9506212491438575,mp100_final_sum_with_binary64_envelope
S4,leave_day5_out,dct,428,2,True,0.06685456716085292,mp100_final_sum_with_binary64_envelope
S4,leave_day5_out,dct,429,2,True,0.5950828935717472,mp100_final_sum_with_binary64_envelope
S4,leave_day5_out,dct,431,2,True,0.23367931971411757,mp100_final_sum_with_binary64_envelope
S4,leave_day5_out,dct,432,3,True,0.16556408333307024,mp100_final_sum_with_binary64_envelope
S4,leave_day5_out,dct,433,3,True,0.9879591502683918,mp100_final_sum_with_binary64_envelope
S4,leave_day5_out,dct,434,3,True,1.0057980227993082,mp100_final_sum_with_binary64_envelope
S4,leave_day5_out,dct,435,2,True,0.027475148520467632,mp100_final_sum_with_binary64_envelope
S4,leave_day5_out,dct,436,3,True,0.984334816208035,mp100_final_sum_with_binary64_envelope
S4,leave_day5_out,dct,437,3,True,1.6028609514837313,mp100_final_sum_with_binary64_envelope
S4,leave_day5_out,dct,438,3,True,1.8697657463547344,mp100_final_sum_with_binary64_envelope
S4,leave_day5_out,dct,439,3,True,0.7366842325131701,mp100_final_sum_with_binary64_envelope
S4,leave_day5_out,dct,440,3,True,1.8041814420644005,mp100_final_sum_with_binary64_envelope
S4,leave_day5_out,dct,441,3,True,1.7285581927403926,mp100_final_sum_with_binary64_envelope
S4,leave_day5_out,dct,442,3,True,0.8317627610330482,mp100_final_sum_with_binary64_envelope
S4,leave_day5_out,dct,443,3,True,0.8275602238022439,mp100_final_sum_with_binary64_envelope
S4,leave_day5_out,dct,456,8,True,1.3470442134226617,mp100_final_sum_with_binary64_envelope
S4,leave_day5_out,dct,457,8,True,0.7530883916736951,mp100_final_sum_with_binary64_envelope
S4,leave_day5_out,dct,458,8,True,1.5019875593295315,mp100_final_sum_with_binary64_envelope
S4,leave_day5_out,dct,459,8,True,1.4694533485951662,mp100_final_sum_with_binary64_envelope
S4,leave_day5_out,dct,460,8,True,1.574914806244903,mp100_final_sum_with_binary64_envelope
S4,leave_day5_out,dct,461,8,True,1.925237357437727,mp100_final_sum_with_binary64_envelope
S4,leave_day5_out,dct,462,8,True,1.7154306840982512,mp100_final_sum_with_binary64_envelope
S4,leave_day5_out,dct,463,8,True,1.3710155082316065,mp100_final_sum_with_binary64_envelope
S4,leave_day5_out,dct,464,8,True,1.3537318723674263,mp100_final_sum_with_binary64_envelope
S4,leave_day5_out,dct,465,8,True,0.5883214800152446,mp100_final_sum_with_binary64_envelope
S4,leave_day5_out,dct,466,8,True,0.20834069449272424,mp100_final_sum_with_binary64_envelope
S4,leave_day5_out,dct,467,8,True,1.317566056240664,mp100_final_sum_with_binary64_envelope
S4,leave_day5_out,dct,469,11,True,0.28436172833884443,mp100_final_sum_with_binary64_envelope
S4,leave_day5_out,dct,472,9,True,0.10138632041690375,mp100_final_sum_with_binary64_envelope
S4,leave_day5_out,dct,474,9,True,0.38740112347453687,mp100_final_sum_with_binary64_envelope
S4,leave_day5_out,dct,475,11,True,0.33757208089197055,mp100_final_sum_with_binary64_envelope
S4,leave_day5_out,dct,476,9,True,0.06166999850694874,mp100_final_sum_with_binary64_envelope
S4,leave_day5_out,dct,477,9,True,0.7426688406329505,mp100_final_sum_with_binary64_envelope
S4,leave_day5_out,dct,478,11,True,0.8674306766761155,mp100_final_sum_with_binary64_envelope
S4,leave_day5_out,dft,336,10,True,1.3281505736063706,mp100_final_sum_with_binary64_envelope
S4,leave_day5_out,dft,337,10,True,0.8172449044183157,mp100_final_sum_with_binary64_envelope
S4,leave_day5_out,dft,338,10,True,1.3377299076878904,mp100_final_sum_with_binary64_envelope
S4,leave_day5_out,dft,339,10,True,1.339801229824579,mp100_final_sum_with_binary64_envelope
S4,leave_day5_out,dft,340,10,True,1.0969643758110432,mp100_final_sum_with_binary64_envelope
S4,leave_day5_out,dft,341,10,True,0.7158775492436209,mp100_final_sum_with_binary64_envelope
S4,leave_day5_out,dft,342,10,True,1.1529240669376573,mp100_final_sum_with_binary64_envelope
S4,leave_day5_out,dft,343,10,True,1.1653523830708594,mp100_final_sum_with_binary64_envelope
S4,leave_day5_out,dft,344,10,True,0.6621759859599826,mp100_final_sum_with_binary64_envelope
S4,leave_day5_out,dft,346,10,True,1.0623312807043093,mp100_final_sum_with_binary64_envelope
S4,leave_day5_out,dft,347,10,True,1.3476269910291536,mp100_final_sum_with_binary64_envelope
S4,leave_day5_out,dft,348,10,True,1.7643979510607746,mp100_final_sum_with_binary64_envelope
S4,leave_day5_out,dft,349,10,True,2.306569212994146,mp100_final_sum_with_binary64_envelope
S4,leave_day5_out,dft,350,10,True,1.947829392965515,mp100_final_sum_with_binary64_envelope
S4,leave_day5_out,dft,351,10,True,1.7408270338564271,mp100_final_sum_with_binary64_envelope
S4,leave_day5_out,dft,352,10,True,1.6779580784334247,mp100_final_sum_with_binary64_envelope
S4,leave_day5_out,dft,353,10,True,1.6759650650946305,mp100_final_sum_with_binary64_envelope
S4,leave_day5_out,dft,354,10,True,1.5035404395046978,mp100_final_sum_with_binary64_envelope
S4,leave_day5_out,dft,355,10,True,1.8689716544836732,mp100_final_sum_with_binary64_envelope
S4,leave_day5_out,dft,356,10,True,2.0272836867453634,mp100_final_sum_with_binary64_envelope
S4,leave_day5_out,dft,357,10,True,1.2692652409384348,mp100_final_sum_with_binary64_envelope
S4,leave_day5_out,dft,358,15,True,0.29383608307289255,mp100_final_sum_with_binary64_envelope
S4,leave_day5_out,dft,359,10,True,1.9371603139252114,mp100_final_sum_with_binary64_envelope
S4,leave_day5_out,dft,360,11,True,1.016838552398693,mp100_final_sum_with_binary64_envelope
S4,leave_day5_out,dft,361,9,True,1.3937693668330204,mp100_final_sum_with_binary64_envelope
S4,leave_day5_out,dft,363,11,True,2.370129613136351,mp100_final_sum_with_binary64_envelope
S4,leave_day5_out,dft,364,9,True,0.574262548876703,mp100_final_sum_with_binary64_envelope
S4,leave_day5_out,dft,365,11,True,1.586779125278147,mp100_final_sum_with_binary64_envelope
S4,leave_day5_out,dft,366,11,True,1.1784525334085145,mp100_final_sum_with_binary64_envelope
S4,leave_day5_out,dft,369,11,True,0.7743382673169767,mp100_final_sum_with_binary64_envelope
S4,leave_day5_out,dft,370,11,True,0.1980380274002497,mp100_final_sum_with_binary64_envelope
S4,leave_day5_out,dft,372,11,True,0.3430625152622731,mp100_final_sum_with_binary64_envelope
S4,leave_day5_out,dft,380,11,True,0.8603275589254727,mp100_final_sum_with_binary64_envelope
S4,leave_day5_out,dft,383,9,True,0.09273440057977463,mp100_final_sum_with_binary64_envelope
S4,leave_day5_out,dft,398,14,True,0.37724147030029664,mp100_final_sum_with_binary64_envelope
S4,leave_day5_out,dft,401,14,True,0.26670987552391495,mp100_final_sum_with_binary64_envelope
S4,leave_day5_out,dft,403,14,True,1.5343453694388027,mp100_final_sum_with_binary64_envelope
S4,leave_day5_out,dft,404,14,True,0.028810186994737835,mp100_final_sum_with_binary64_envelope
S4,leave_day5_out,dft,405,14,True,1.1134386477360385,mp100_final_sum_with_binary64_envelope
S4,leave_day5_out,dft,406,14,True,1.851839767310064,mp100_final_sum_with_binary64_envelope
S4,leave_day5_out,dft,407,14,True,0.4407599132067502,mp100_final_sum_with_binary64_envelope
S4,leave_day5_out,dft,409,14,True,1.2993515440344172,mp100_final_sum_with_binary64_envelope
S4,leave_day5_out,dft,410,14,True,0.11772231417072285,mp100_final_sum_with_binary64_envelope
S4,leave_day5_out,dft,411,14,True,0.8585167974173091,mp100_final_sum_with_binary64_envelope
S4,leave_day5_out,dft,412,14,True,0.5193592582258973,mp100_final_sum_with_binary64_envelope
S4,leave_day5_out,dft,413,14,True,1.128512761129234,mp100_final_sum_with_binary64_envelope
S4,leave_day5_out,dft,414,14,True,0.3038359177872023,mp100_final_sum_with_binary64_envelope
S4,leave_day5_out,dft,415,14,True,1.1100134389625078,mp100_final_sum_with_binary64_envelope
S4,leave_day5_out,dft,416,14,True,0.21047541669343373,mp100_final_sum_with_binary64_envelope
S4,leave_day5_out,dft,417,14,True,0.8001644547472807,mp100_final_sum_with_binary64_envelope
S4,leave_day5_out,dft,418,14,True,0.8713600276365542,mp100_final_sum_with_binary64_envelope
S4,leave_day5_out,dft,419,14,True,0.5693869554822867,mp100_final_sum_with_binary64_envelope
S4,leave_day5_out,dft,421,2,True,0.5079275511703922,mp100_final_sum_with_binary64_envelope
S4,leave_day5_out,dft,424,2,True,1.0279373112156451,mp100_final_sum_with_binary64_envelope
S4,leave_day5_out,dft,425,2,True,1.2053318222186071,mp100_final_sum_with_binary64_envelope
S4,leave_day5_out,dft,426,2,True,0.12911910722368514,mp100_final_sum_with_binary64_envelope
S4,leave_day5_out,dft,427,2,True,0.01624140360862947,mp100_final_sum_with_binary64_envelope
S4,leave_day5_out,dft,428,2,True,0.5878446864323894,mp100_final_sum_with_binary64_envelope
S4,leave_day5_out,dft,429,2,True,0.9745060710672283,mp100_final_sum_with_binary64_envelope
S4,leave_day5_out,dft,437,3,True,0.2738207562732719,mp100_final_sum_with_binary64_envelope
S4,leave_day5_out,dft,438,3,True,1.0143188401833414,mp100_final_sum_with_binary64_envelope
S4,leave_day5_out,dft,440,3,True,0.41913054135217404,mp100_final_sum_with_binary64_envelope
S4,leave_day5_out,dft,441,3,True,0.3530831695010657,mp100_final_sum_with_binary64_envelope
S4,leave_day5_out,dft,442,3,True,0.009062908934084084,mp100_final_sum_with_binary64_envelope
S4,leave_day5_out,dft,444,7,True,2.064931797727494,mp100_final_sum_with_binary64_envelope
S4,leave_day5_out,dft,445,7,True,2.4674605578225184,mp100_final_sum_with_binary64_envelope
S4,leave_day5_out,dft,446,7,True,2.070683215964609,mp100_final_sum_with_binary64_envelope
S4,leave_day5_out,dft,447,7,True,2.2565756197145825,mp100_final_sum_with_binary64_envelope
S4,leave_day5_out,dft,448,7,True,2.153691106409518,mp100_final_sum_with_binary64_envelope
S4,leave_day5_out,dft,449,7,True,1.0486500017638931,mp100_final_sum_with_binary64_envelope
S4,leave_day5_out,dft,450,7,True,0.6319671998785599,mp100_final_sum_with_binary64_envelope
S4,leave_day5_out,dft,451,7,True,1.855189866314765,mp100_final_sum_with_binary64_envelope
S4,leave_day5_out,dft,452,7,True,2.2592214693227124,mp100_final_sum_with_binary64_envelope
S4,leave_day5_out,dft,454,7,True,1.9604980114216695,mp100_final_sum_with_binary64_envelope
S4,leave_day5_out,dft,455,7,True,0.27342606189296154,mp100_final_sum_with_binary64_envelope
S4,leave_day5_out,dft,456,8,True,0.9991904876186345,mp100_final_sum_with_binary64_envelope
S4,leave_day5_out,dft,458,8,True,0.5209615040274856,mp100_final_sum_with_binary64_envelope
S4,leave_day5_out,dft,459,8,True,0.08170623503030806,mp100_final_sum_with_binary64_envelope
S4,leave_day5_out,dft,460,8,True,0.7558968117461617,mp100_final_sum_with_binary64_envelope
S4,leave_day5_out,dft,461,8,True,1.006157943365762,mp100_final_sum_with_binary64_envelope
S4,leave_day5_out,dft,462,8,True,1.5547197798045334,mp100_final_sum_with_binary64_envelope
S4,leave_day5_out,dft,463,8,True,1.0460193320456885,mp100_final_sum_with_binary64_envelope
S4,leave_day5_out,dft,464,8,True,0.13446455640311486,mp100_final_sum_with_binary64_envelope
S4,leave_day5_out,dft,467,8,True,0.7871814537942046,mp100_final_sum_with_binary64_envelope
S4,leave_day5_out,dft,468,11,True,0.26807760116274154,mp100_final_sum_with_binary64_envelope
S4,leave_day5_out,dft,469,11,True,0.20950231668145786,mp100_final_sum_with_binary64_envelope
S4,leave_day5_out,dft,476,9,True,0.32847892529019046,mp100_final_sum_with_binary64_envelope
S4,leave_day5_out,dft,478,11,True,1.099682510033121,mp100_final_sum_with_binary64_envelope
S4,leave_day5_out,polynomial,384,13,True,2.1780084045051864,mp100_final_sum_with_binary64_envelope
S4,leave_day5_out,polynomial,385,13,True,1.375626778161313,mp100_final_sum_with_binary64_envelope
S4,leave_day5_out,polynomial,386,13,True,2.1538949449616016,mp100_final_sum_with_binary64_envelope
S4,leave_day5_out,polynomial,387,13,True,2.264493064685498,mp100_final_sum_with_binary64_envelope
S4,leave_day5_out,polynomial,388,13,True,1.6932697342897411,mp100_final_sum_with_binary64_envelope
S4,leave_day5_out,polynomial,389,13,True,3.641532262181123,mp100_final_sum_with_binary64_envelope
S4,leave_day5_out,polynomial,390,13,True,2.1421145693898773,mp100_final_sum_with_binary64_envelope
S4,leave_day5_out,polynomial,391,13,True,2.8292665332817424,mp100_final_sum_with_binary64_envelope
S4,leave_day5_out,polynomial,392,13,True,3.143597518190324,mp100_final_sum_with_binary64_envelope
S4,leave_day5_out,polynomial,393,13,True,2.332669953979868,mp100_final_sum_with_binary64_envelope
S4,leave_day5_out,polynomial,394,13,True,2.422264357230173,mp100_final_sum_with_binary64_envelope
S4,leave_day5_out,polynomial,395,13,True,2.1175489629861057,mp100_final_sum_with_binary64_envelope
S4,leave_day5_out,polynomial,406,14,True,0.40409132220028743,mp100_final_sum_with_binary64_envelope
S4,leave_day5_out,polynomial,408,15,True,0.544402030451472,mp100_final_sum_with_binary64_envelope
S4,leave_day5_out,polynomial,413,14,True,0.03241625379565256,mp100_final_sum_with_binary64_envelope
S4,leave_day5_out,polynomial,419,14,True,0.22840086176864421,mp100_final_sum_with_binary64_envelope
S4,leave_day5_out,polynomial,421,2,True,0.4352843453523745,mp100_final_sum_with_binary64_envelope
S4,leave_day5_out,polynomial,423,2,True,0.42247850418503896,mp100_final_sum_with_binary64_envelope
S4,leave_day5_out,polynomial,424,2,True,0.8324661772353654,mp100_final_sum_with_binary64_envelope
S4,leave_day5_out,polynomial,425,2,True,0.3423601145749206,mp100_final_sum_with_binary64_envelope
S4,leave_day5_out,polynomial,426,2,True,0.22762731542782877,mp100_final_sum_with_binary64_envelope
S4,leave_day5_out,polynomial,427,2,True,0.5071896445030943,mp100_final_sum_with_binary64_envelope
S4,leave_day5_out,polynomial,429,2,True,0.7215656696963849,mp100_final_sum_with_binary64_envelope
S4,leave_day5_out,polynomial,431,2,True,0.5667146862277702,mp100_final_sum_with_binary64_envelope
S4,leave_day5_out,polynomial,432,3,True,0.42779429113792583,mp100_final_sum_with_binary64_envelope
S4,leave_day5_out,polynomial,433,3,True,0.9758738710512728,mp100_final_sum_with_binary64_envelope
S4,leave_day5_out,polynomial,434,3,True,1.031183258120997,mp100_final_sum_with_binary64_envelope
S4,leave_day5_out,polynomial,435,2,True,0.03223003687991608,mp100_final_sum_with_binary64_envelope
S4,leave_day5_out,polynomial,436,3,True,1.1388164810257841,mp100_final_sum_with_binary64_envelope
S4,leave_day5_out,polynomial,437,3,True,1.7814646888743344,mp100_final_sum_with_binary64_envelope
S4,leave_day5_out,polynomial,438,3,True,1.8754798050307047,mp100_final_sum_with_binary64_envelope
S4,leave_day5_out,polynomial,439,3,True,1.0344740015178617,mp100_final_sum_with_binary64_envelope
S4,leave_day5_out,polynomial,440,3,True,1.8076016316654164,mp100_final_sum_with_binary64_envelope
S4,leave_day5_out,polynomial,441,3,True,1.91602978662039,mp100_final_sum_with_binary64_envelope
S4,leave_day5_out,polynomial,442,3,True,0.8075646861284266,mp100_final_sum_with_binary64_envelope
S4,leave_day5_out,polynomial,443,3,True,1.0062509543531015,mp100_final_sum_with_binary64_envelope
S4,leave_day5_out,polynomial,456,8,True,1.8292700690156818,mp100_final_sum_with_binary64_envelope
S4,leave_day5_out,polynomial,457,8,True,0.8485267001156626,mp100_final_sum_with_binary64_envelope
S4,leave_day5_out,polynomial,458,8,True,1.7013858625642573,mp100_final_sum_with_binary64_envelope
S4,leave_day5_out,polynomial,459,8,True,1.5146679842925086,mp100_final_sum_with_binary64_envelope
S4,leave_day5_out,polynomial,460,8,True,1.923477179397496,mp100_final_sum_with_binary64_envelope
S4,leave_day5_out,polynomial,461,8,True,2.056477255278204,mp100_final_sum_with_binary64_envelope
S4,leave_day5_out,polynomial,462,8,True,1.7165456018185814,mp100_final_sum_with_binary64_envelope
S4,leave_day5_out,polynomial,463,8,True,2.0099151538877402,mp100_final_sum_with_binary64_envelope
S4,leave_day5_out,polynomial,464,8,True,1.5391458086769718,mp100_final_sum_with_binary64_envelope
S4,leave_day5_out,polynomial,465,8,True,0.6478055151869119,mp100_final_sum_with_binary64_envelope
S4,leave_day5_out,polynomial,466,8,True,0.48185328340866235,mp100_final_sum_with_binary64_envelope
S4,leave_day5_out,polynomial,467,8,True,1.7796892848561612,mp100_final_sum_with_binary64_envelope
S4,leave_day5_out,random_orthogonal,339,10,True,0.11326576898021969,mp100_final_sum_with_binary64_envelope
S4,leave_day5_out,random_orthogonal,347,10,True,0.1883266284468771,mp100_final_sum_with_binary64_envelope
S4,leave_day5_out,random_orthogonal,350,10,True,0.36570118840736904,mp100_final_sum_with_binary64_envelope
S4,leave_day5_out,random_orthogonal,351,10,True,0.6420124833259819,mp100_final_sum_with_binary64_envelope
S4,leave_day5_out,random_orthogonal,353,10,True,0.20615022258515853,mp100_final_sum_with_binary64_envelope
S4,leave_day5_out,random_orthogonal,355,10,True,0.24512489789949882,mp100_final_sum_with_binary64_envelope
S4,leave_day5_out,random_orthogonal,356,10,True,0.4342796570375576,mp100_final_sum_with_binary64_envelope
S4,leave_day5_out,random_orthogonal,358,15,True,0.13618998730923226,mp100_final_sum_with_binary64_envelope
S4,leave_day5_out,random_orthogonal,389,13,True,1.0122156641406386,mp100_final_sum_with_binary64_envelope
S4,leave_day5_out,random_orthogonal,390,13,True,0.11446685120355005,mp100_final_sum_with_binary64_envelope
S4,leave_day5_out,random_orthogonal,432,3,True,0.10767666888284372,mp100_final_sum_with_binary64_envelope
S4,leave_day5_out,random_orthogonal,433,3,True,0.9900105990383867,mp100_final_sum_with_binary64_envelope
S4,leave_day5_out,random_orthogonal,434,3,True,0.5413318939010503,mp100_final_sum_with_binary64_envelope
S4,leave_day5_out,random_orthogonal,436,3,True,1.1256674890380427,mp100_final_sum_with_binary64_envelope
S4,leave_day5_out,random_orthogonal,437,3,True,1.3987380520268646,mp100_final_sum_with_binary64_envelope
S4,leave_day5_out,random_orthogonal,438,3,True,1.4832712528219631,mp100_final_sum_with_binary64_envelope
S4,leave_day5_out,random_orthogonal,439,3,True,0.9863789894178789,mp100_final_sum_with_binary64_envelope
S4,leave_day5_out,random_orthogonal,440,3,True,1.3482130811123485,mp100_final_sum_with_binary64_envelope
S4,leave_day5_out,random_orthogonal,441,3,True,1.3479155448641347,mp100_final_sum_with_binary64_envelope
S4,leave_day5_out,random_orthogonal,443,3,True,0.6151615975799776,mp100_final_sum_with_binary64_envelope
S4,leave_day5_out,permuted_polynomial,336,10,True,0.8325604977233674,mp100_final_sum_with_binary64_envelope
S4,leave_day5_out,permuted_polynomial,337,10,True,0.2814800187192753,mp100_final_sum_with_binary64_envelope
S4,leave_day5_out,permuted_polynomial,339,10,True,0.8771885823189187,mp100_final_sum_with_binary64_envelope
S4,leave_day5_out,permuted_polynomial,340,10,True,1.0021953737826024,mp100_final_sum_with_binary64_envelope
S4,leave_day5_out,permuted_polynomial,341,10,True,0.05835714756043859,mp100_final_sum_with_binary64_envelope
S4,leave_day5_out,permuted_polynomial,342,10,True,0.7312983939747031,mp100_final_sum_with_binary64_envelope
S4,leave_day5_out,permuted_polynomial,343,10,True,0.9376765147143007,mp100_final_sum_with_binary64_envelope
S4,leave_day5_out,permuted_polynomial,346,10,True,0.7694609361183161,mp100_final_sum_with_binary64_envelope
S4,leave_day5_out,permuted_polynomial,347,10,True,1.2016631910810274,mp100_final_sum_with_binary64_envelope
S4,leave_day5_out,permuted_polynomial,348,10,True,1.3746762516837034,mp100_final_sum_with_binary64_envelope
S4,leave_day5_out,permuted_polynomial,349,10,True,1.6617863029557802,mp100_final_sum_with_binary64_envelope
S4,leave_day5_out,permuted_polynomial,350,10,True,0.27611116054979584,mp100_final_sum_with_binary64_envelope
S4,leave_day5_out,permuted_polynomial,351,10,True,1.8042878385518937,mp100_final_sum_with_binary64_envelope
S4,leave_day5_out,permuted_polynomial,352,10,True,0.3215482072870961,mp100_final_sum_with_binary64_envelope
S4,leave_day5_out,permuted_polynomial,353,10,True,1.8692356196102693,mp100_final_sum_with_binary64_envelope
S4,leave_day5_out,permuted_polynomial,354,10,True,1.1122026179668552,mp100_final_sum_with_binary64_envelope
S4,leave_day5_out,permuted_polynomial,355,10,True,1.6463005207136283,mp100_final_sum_with_binary64_envelope
S4,leave_day5_out,permuted_polynomial,356,10,True,1.6886154572076986,mp100_final_sum_with_binary64_envelope
S4,leave_day5_out,permuted_polynomial,357,10,True,2.0224920992078,mp100_final_sum_with_binary64_envelope
S4,leave_day5_out,permuted_polynomial,359,10,True,1.551684944517185,mp100_final_sum_with_binary64_envelope
S4,leave_day5_out,permuted_polynomial,363,11,True,1.826822920370095,mp100_final_sum_with_binary64_envelope
S4,leave_day5_out,permuted_polynomial,365,11,True,1.122145020943937,mp100_final_sum_with_binary64_envelope
S4,leave_day5_out,permuted_polynomial,369,11,True,0.6735449644655832,mp100_final_sum_with_binary64_envelope
S4,leave_day5_out,permuted_polynomial,370,11,True,0.8481361483733159,mp100_final_sum_with_binary64_envelope
S4,leave_day5_out,permuted_polynomial,371,11,True,0.8058748281034758,mp100_final_sum_with_binary64_envelope
S4,leave_day5_out,permuted_polynomial,375,11,True,0.12944203026542428,mp100_final_sum_with_binary64_envelope
S4,leave_day5_out,permuted_polynomial,376,11,True,0.059496695960356,mp100_final_sum_with_binary64_envelope
S4,leave_day5_out,permuted_polynomial,380,11,True,0.7652324126758048,mp100_final_sum_with_binary64_envelope
S4,leave_day5_out,permuted_polynomial,388,13,True,0.5844392805880375,mp100_final_sum_with_binary64_envelope
S4,leave_day5_out,permuted_polynomial,394,13,True,0.26575799909827025,mp100_final_sum_with_binary64_envelope
S4,leave_day5_out,permuted_polynomial,396,15,True,0.7626780442531454,mp100_final_sum_with_binary64_envelope
S4,leave_day5_out,permuted_polynomial,397,15,True,0.21581276855402898,mp100_final_sum_with_binary64_envelope
S4,leave_day5_out,permuted_polynomial,408,15,True,0.14958593748136176,mp100_final_sum_with_binary64_envelope
S4,leave_day5_out,permuted_polynomial,434,3,True,0.5196738678226513,mp100_final_sum_with_binary64_envelope
S4,leave_day5_out,permuted_polynomial,437,3,True,0.022323051198333246,mp100_final_sum_with_binary64_envelope
S4,leave_day5_out,permuted_polynomial,438,3,True,0.8980073286201449,mp100_final_sum_with_binary64_envelope
S4,leave_day5_out,permuted_polynomial,440,3,True,0.486913654616803,mp100_final_sum_with_binary64_envelope
S4,leave_day5_out,permuted_polynomial,444,7,True,0.8120243998872029,mp100_final_sum_with_binary64_envelope
S4,leave_day5_out,permuted_polynomial,445,7,True,1.7122236739341945,mp100_final_sum_with_binary64_envelope
S4,leave_day5_out,permuted_polynomial,446,7,True,1.5049325839002576,mp100_final_sum_with_binary64_envelope
S4,leave_day5_out,permuted_polynomial,447,7,True,1.363791914655711,mp100_final_sum_with_binary64_envelope
S4,leave_day5_out,permuted_polynomial,448,7,True,0.7615557529148036,mp100_final_sum_with_binary64_envelope
S4,leave_day5_out,permuted_polynomial,450,7,True,1.2834056702733145,mp100_final_sum_with_binary64_envelope
S4,leave_day5_out,permuted_polynomial,451,7,True,0.4509992841261501,mp100_final_sum_with_binary64_envelope
S4,leave_day5_out,permuted_polynomial,452,7,True,1.5270056401396876,mp100_final_sum_with_binary64_envelope
S4,leave_day5_out,permuted_polynomial,454,7,True,1.5569659788014025,mp100_final_sum_with_binary64_envelope
S4,leave_day5_out,permuted_polynomial,455,7,True,0.9050795063064023,mp100_final_sum_with_binary64_envelope
S4,leave_day5_out,permuted_polynomial,470,9,True,0.4232559589285259,mp100_final_sum_with_binary64_envelope
S4,leave_day5_out,permuted_polynomial,473,9,True,0.040526762540665486,mp100_final_sum_with_binary64_envelope
S4,leave_day5_out,permuted_polynomial,474,9,True,1.2165408115682903,mp100_final_sum_with_binary64_envelope
S4,leave_day5_out,permuted_polynomial,477,9,True,1.866493463083811,mp100_final_sum_with_binary64_envelope
S4,leave_day5_out,permuted_polynomial,478,11,True,0.8775197450283684,mp100_final_sum_with_binary64_envelope
S4,leave_day5_out,permuted_polynomial,479,9,True,0.4078207205435475,mp100_final_sum_with_binary64_envelope
