source,fold,flag,mode,method,total_rows,selected_rows,coverage,verified_unsound_rows,unresolved_rows,fiber_unsoundness_lower,fiber_unsoundness_upper,reference_agreement_rows,reference_head_agreement,device_correct_rows,device_label_precision,criterion,status
S1,leave_environment_A,coordinate,certificate_matched,exact_fiber,400,0,0.0,0,0,,,0,,0,,numerical phase witness upper<0; positive conservative lower certifies sound,VERIFIED
S1,leave_environment_A,coordinate,certificate_matched,center_margin,400,0,0.0,0,0,,,0,,0,,numerical phase witness upper<0; positive conservative lower certifies sound,VERIFIED
S1,leave_environment_A,coordinate,certificate_matched,maximum_response,400,0,0.0,0,0,,,0,,0,,numerical phase witness upper<0; positive conservative lower certifies sound,VERIFIED
S1,leave_environment_A,coordinate,certificate_matched,negative_entropy,400,0,0.0,0,0,,,0,,0,,numerical phase witness upper<0; positive conservative lower certifies sound,VERIFIED
S1,leave_environment_A,coordinate,certificate_matched,full_state_margin,400,0,0.0,0,0,,,0,,0,,numerical phase witness upper<0; positive conservative lower certifies sound,VERIFIED
S1,leave_environment_A,coordinate,fixed_coverage_grid,center_margin,400,20,0.05,20,0,1.0,1.0,7,0.35,7,0.35,numerical phase witness upper<0; positive conservative lower certifies sound,VERIFIED
S1,leave_environment_A,coordinate,fixed_coverage_grid,maximum_response,400,20,0.05,20,0,1.0,1.0,6,0.3,6,0.3,numerical phase witness upper<0; positive conservative lower certifies sound,VERIFIED
S1,leave_environment_A,coordinate,fixed_coverage_grid,negative_entropy,400,20,0.05,20,0,1.0,1.0,7,0.35,7,0.35,numerical phase witness upper<0; positive conservative lower certifies sound,VERIFIED
S1,leave_environment_A,coordinate,fixed_coverage_grid,full_state_margin,400,20,0.05,20,0,1.0,1.0,20,1.0,20,1.0,numerical phase witness upper<0; positive conservative lower certifies sound,VERIFIED
S1,leave_environment_A,coordinate,fixed_coverage_grid,center_margin,400,40,0.1,40,0,1.0,1.0,9,0.225,9,0.225,numerical phase witness upper<0; positive conservative lower certifies sound,VERIFIED
S1,leave_environment_A,coordinate,fixed_coverage_grid,maximum_response,400,40,0.1,40,0,1.0,1.0,7,0.175,7,0.175,numerical phase witness upper<0; positive conservative lower certifies sound,VERIFIED
S1,leave_environment_A,coordinate,fixed_coverage_grid,negative_entropy,400,40,0.1,40,0,1.0,1.0,11,0.275,11,0.275,numerical phase witness upper<0; positive conservative lower certifies sound,VERIFIED
S1,leave_environment_A,coordinate,fixed_coverage_grid,full_state_margin,400,40,0.1,40,0,1.0,1.0,40,1.0,40,1.0,numerical phase witness upper<0; positive conservative lower certifies sound,VERIFIED
S1,leave_environment_A,coordinate,fixed_coverage_grid,center_margin,400,80,0.2,80,0,1.0,1.0,11,0.1375,11,0.1375,numerical phase witness upper<0; positive conservative lower certifies sound,VERIFIED
S1,leave_environment_A,coordinate,fixed_coverage_grid,maximum_response,400,80,0.2,80,0,1.0,1.0,11,0.1375,11,0.1375,numerical phase witness upper<0; positive conservative lower certifies sound,VERIFIED
S1,leave_environment_A,coordinate,fixed_coverage_grid,negative_entropy,400,80,0.2,80,0,1.0,1.0,12,0.15,12,0.15,numerical phase witness upper<0; positive conservative lower certifies sound,VERIFIED
S1,leave_environment_A,coordinate,fixed_coverage_grid,full_state_margin,400,80,0.2,80,0,1.0,1.0,80,1.0,80,1.0,numerical phase witness upper<0; positive conservative lower certifies sound,VERIFIED
S1,leave_environment_A,coordinate,fixed_coverage_grid,center_margin,400,160,0.4,160,0,1.0,1.0,19,0.11875,20,0.125,numerical phase witness upper<0; positive conservative lower certifies sound,VERIFIED
S1,leave_environment_A,coordinate,fixed_coverage_grid,maximum_response,400,160,0.4,160,0,1.0,1.0,20,0.125,21,0.13125,numerical phase witness upper<0; positive conservative lower certifies sound,VERIFIED
S1,leave_environment_A,coordinate,fixed_coverage_grid,negative_entropy,400,160,0.4,160,0,1.0,1.0,18,0.1125,19,0.11875,numerical phase witness upper<0; positive conservative lower certifies sound,VERIFIED
S1,leave_environment_A,coordinate,fixed_coverage_grid,full_state_margin,400,160,0.4,160,0,1.0,1.0,160,1.0,160,1.0,numerical phase witness upper<0; positive conservative lower certifies sound,VERIFIED
S1,leave_environment_A,coordinate,fixed_coverage_grid,center_margin,400,240,0.6,240,0,1.0,1.0,31,0.12916666666666668,33,0.1375,numerical phase witness upper<0; positive conservative lower certifies sound,VERIFIED
S1,leave_environment_A,coordinate,fixed_coverage_grid,maximum_response,400,240,0.6,240,0,1.0,1.0,35,0.14583333333333334,36,0.15,numerical phase witness upper<0; positive conservative lower certifies sound,VERIFIED
S1,leave_environment_A,coordinate,fixed_coverage_grid,negative_entropy,400,240,0.6,240,0,1.0,1.0,30,0.125,32,0.13333333333333333,numerical phase witness upper<0; positive conservative lower certifies sound,VERIFIED
S1,leave_environment_A,coordinate,fixed_coverage_grid,full_state_margin,400,240,0.6,240,0,1.0,1.0,240,1.0,233,0.9708333333333333,numerical phase witness upper<0; positive conservative lower certifies sound,VERIFIED
S1,leave_environment_A,coordinate,fixed_coverage_grid,center_margin,400,320,0.8,320,0,1.0,1.0,38,0.11875,40,0.125,numerical phase witness upper<0; positive conservative lower certifies sound,VERIFIED
S1,leave_environment_A,coordinate,fixed_coverage_grid,maximum_response,400,320,0.8,320,0,1.0,1.0,42,0.13125,43,0.134375,numerical phase witness upper<0; positive conservative lower certifies sound,VERIFIED
S1,leave_environment_A,coordinate,fixed_coverage_grid,negative_entropy,400,320,0.8,320,0,1.0,1.0,41,0.128125,43,0.134375,numerical phase witness upper<0; positive conservative lower certifies sound,VERIFIED
S1,leave_environment_A,coordinate,fixed_coverage_grid,full_state_margin,400,320,0.8,320,0,1.0,1.0,320,1.0,289,0.903125,numerical phase witness upper<0; positive conservative lower certifies sound,VERIFIED
S1,leave_environment_A,coordinate,fixed_coverage_grid,center_margin,400,400,1.0,400,0,1.0,1.0,46,0.115,50,0.125,numerical phase witness upper<0; positive conservative lower certifies sound,VERIFIED
S1,leave_environment_A,coordinate,fixed_coverage_grid,maximum_response,400,400,1.0,400,0,1.0,1.0,46,0.115,50,0.125,numerical phase witness upper<0; positive conservative lower certifies sound,VERIFIED
S1,leave_environment_A,coordinate,fixed_coverage_grid,negative_entropy,400,400,1.0,400,0,1.0,1.0,46,0.115,50,0.125,numerical phase witness upper<0; positive conservative lower certifies sound,VERIFIED
S1,leave_environment_A,coordinate,fixed_coverage_grid,full_state_margin,400,400,1.0,400,0,1.0,1.0,400,1.0,333,0.8325,numerical phase witness upper<0; positive conservative lower certifies sound,VERIFIED
S1,leave_environment_A,dct,certificate_matched,exact_fiber,400,7,0.0175,0,0,0.0,0.0,7,1.0,7,1.0,numerical phase witness upper<0; positive conservative lower certifies sound,VERIFIED
S1,leave_environment_A,dct,certificate_matched,center_margin,400,7,0.0175,7,0,1.0,1.0,0,0.0,0,0.0,numerical phase witness upper<0; positive conservative lower certifies sound,VERIFIED
S1,leave_environment_A,dct,certificate_matched,maximum_response,400,7,0.0175,7,0,1.0,1.0,1,0.14285714285714285,1,0.14285714285714285,numerical phase witness upper<0; positive conservative lower certifies sound,VERIFIED
S1,leave_environment_A,dct,certificate_matched,negative_entropy,400,7,0.0175,7,0,1.0,1.0,0,0.0,0,0.0,numerical phase witness upper<0; positive conservative lower certifies sound,VERIFIED
S1,leave_environment_A,dct,certificate_matched,full_state_margin,400,7,0.0175,7,0,1.0,1.0,7,1.0,7,1.0,numerical phase witness upper<0; positive conservative lower certifies sound,VERIFIED
S1,leave_environment_A,dct,fixed_coverage_grid,center_margin,400,20,0.05,20,0,1.0,1.0,0,0.0,0,0.0,numerical phase witness upper<0; positive conservative lower certifies sound,VERIFIED
S1,leave_environment_A,dct,fixed_coverage_grid,maximum_response,400,20,0.05,20,0,1.0,1.0,2,0.1,2,0.1,numerical phase witness upper<0; positive conservative lower certifies sound,VERIFIED
S1,leave_environment_A,dct,fixed_coverage_grid,negative_entropy,400,20,0.05,20,0,1.0,1.0,3,0.15,3,0.15,numerical phase witness upper<0; positive conservative lower certifies sound,VERIFIED
S1,leave_environment_A,dct,fixed_coverage_grid,full_state_margin,400,20,0.05,20,0,1.0,1.0,20,1.0,20,1.0,numerical phase witness upper<0; positive conservative lower certifies sound,VERIFIED
S1,leave_environment_A,dct,fixed_coverage_grid,center_margin,400,40,0.1,36,0,0.9,0.9,4,0.1,8,0.2,numerical phase witness upper<0; positive conservative lower certifies sound,VERIFIED
S1,leave_environment_A,dct,fixed_coverage_grid,maximum_response,400,40,0.1,40,0,1.0,1.0,2,0.05,5,0.125,numerical phase witness upper<0; positive conservative lower certifies sound,VERIFIED
S1,leave_environment_A,dct,fixed_coverage_grid,negative_entropy,400,40,0.1,40,0,1.0,1.0,3,0.075,6,0.15,numerical phase witness upper<0; positive conservative lower certifies sound,VERIFIED
S1,leave_environment_A,dct,fixed_coverage_grid,full_state_margin,400,40,0.1,40,0,1.0,1.0,40,1.0,40,1.0,numerical phase witness upper<0; positive conservative lower certifies sound,VERIFIED
S1,leave_environment_A,dct,fixed_coverage_grid,center_margin,400,80,0.2,75,0,0.9375,0.9375,14,0.175,20,0.25,numerical phase witness upper<0; positive conservative lower certifies sound,VERIFIED
S1,leave_environment_A,dct,fixed_coverage_grid,maximum_response,400,80,0.2,80,0,1.0,1.0,5,0.0625,9,0.1125,numerical phase witness upper<0; positive conservative lower certifies sound,VERIFIED
S1,leave_environment_A,dct,fixed_coverage_grid,negative_entropy,400,80,0.2,80,0,1.0,1.0,10,0.125,14,0.175,numerical phase witness upper<0; positive conservative lower certifies sound,VERIFIED
S1,leave_environment_A,dct,fixed_coverage_grid,full_state_margin,400,80,0.2,80,0,1.0,1.0,80,1.0,80,1.0,numerical phase witness upper<0; positive conservative lower certifies sound,VERIFIED
S1,leave_environment_A,dct,fixed_coverage_grid,center_margin,400,160,0.4,153,0,0.95625,0.95625,38,0.2375,44,0.275,numerical phase witness upper<0; positive conservative lower certifies sound,VERIFIED
S1,leave_environment_A,dct,fixed_coverage_grid,maximum_response,400,160,0.4,155,0,0.96875,0.96875,26,0.1625,31,0.19375,numerical phase witness upper<0; positive conservative lower certifies sound,VERIFIED
S1,leave_environment_A,dct,fixed_coverage_grid,negative_entropy,400,160,0.4,155,0,0.96875,0.96875,25,0.15625,30,0.1875,numerical phase witness upper<0; positive conservative lower certifies sound,VERIFIED
S1,leave_environment_A,dct,fixed_coverage_grid,full_state_margin,400,160,0.4,158,0,0.9875,0.9875,160,1.0,160,1.0,numerical phase witness upper<0; positive conservative lower certifies sound,VERIFIED
S1,leave_environment_A,dct,fixed_coverage_grid,center_margin,400,240,0.6,233,0,0.9708333333333333,0.9708333333333333,63,0.2625,70,0.2916666666666667,numerical phase witness upper<0; positive conservative lower certifies sound,VERIFIED
S1,leave_environment_A,dct,fixed_coverage_grid,maximum_response,400,240,0.6,233,0,0.9708333333333333,0.9708333333333333,63,0.2625,72,0.3,numerical phase witness upper<0; positive conservative lower certifies sound,VERIFIED
S1,leave_environment_A,dct,fixed_coverage_grid,negative_entropy,400,240,0.6,233,0,0.9708333333333333,0.9708333333333333,61,0.25416666666666665,70,0.2916666666666667,numerical phase witness upper<0; positive conservative lower certifies sound,VERIFIED
S1,leave_environment_A,dct,fixed_coverage_grid,full_state_margin,400,240,0.6,234,0,0.975,0.975,240,1.0,233,0.9708333333333333,numerical phase witness upper<0; positive conservative lower certifies sound,VERIFIED
S1,leave_environment_A,dct,fixed_coverage_grid,center_margin,400,320,0.8,313,0,0.978125,0.978125,76,0.2375,82,0.25625,numerical phase witness upper<0; positive conservative lower certifies sound,VERIFIED
S1,leave_environment_A,dct,fixed_coverage_grid,maximum_response,400,320,0.8,313,0,0.978125,0.978125,86,0.26875,92,0.2875,numerical phase witness upper<0; positive conservative lower certifies sound,VERIFIED
S1,leave_environment_A,dct,fixed_coverage_grid,negative_entropy,400,320,0.8,313,0,0.978125,0.978125,84,0.2625,91,0.284375,numerical phase witness upper<0; positive conservative lower certifies sound,VERIFIED
S1,leave_environment_A,dct,fixed_coverage_grid,full_state_margin,400,320,0.8,313,0,0.978125,0.978125,320,1.0,289,0.903125,numerical phase witness upper<0; positive conservative lower certifies sound,VERIFIED
S1,leave_environment_A,dct,fixed_coverage_grid,center_margin,400,400,1.0,393,0,0.9825,0.9825,94,0.235,96,0.24,numerical phase witness upper<0; positive conservative lower certifies sound,VERIFIED
S1,leave_environment_A,dct,fixed_coverage_grid,maximum_response,400,400,1.0,393,0,0.9825,0.9825,94,0.235,96,0.24,numerical phase witness upper<0; positive conservative lower certifies sound,VERIFIED
S1,leave_environment_A,dct,fixed_coverage_grid,negative_entropy,400,400,1.0,393,0,0.9825,0.9825,94,0.235,96,0.24,numerical phase witness upper<0; positive conservative lower certifies sound,VERIFIED
S1,leave_environment_A,dct,fixed_coverage_grid,full_state_margin,400,400,1.0,393,0,0.9825,0.9825,400,1.0,333,0.8325,numerical phase witness upper<0; positive conservative lower certifies sound,VERIFIED
S1,leave_environment_A,dft,certificate_matched,exact_fiber,400,13,0.0325,0,0,0.0,0.0,13,1.0,13,1.0,numerical phase witness upper<0; positive conservative lower certifies sound,VERIFIED
S1,leave_environment_A,dft,certificate_matched,center_margin,400,13,0.0325,9,0,0.6923076923076923,0.6923076923076923,11,0.8461538461538461,11,0.8461538461538461,numerical phase witness upper<0; positive conservative lower certifies sound,VERIFIED
S1,leave_environment_A,dft,certificate_matched,maximum_response,400,13,0.0325,13,0,1.0,1.0,0,0.0,0,0.0,numerical phase witness upper<0; positive conservative lower certifies sound,VERIFIED
S1,leave_environment_A,dft,certificate_matched,negative_entropy,400,13,0.0325,13,0,1.0,1.0,2,0.15384615384615385,2,0.15384615384615385,numerical phase witness upper<0; positive conservative lower certifies sound,VERIFIED
S1,leave_environment_A,dft,certificate_matched,full_state_margin,400,13,0.0325,11,0,0.8461538461538461,0.8461538461538461,13,1.0,13,1.0,numerical phase witness upper<0; positive conservative lower certifies sound,VERIFIED
S1,leave_environment_A,dft,fixed_coverage_grid,center_margin,400,20,0.05,14,0,0.7,0.7,16,0.8,16,0.8,numerical phase witness upper<0; positive conservative lower certifies sound,VERIFIED
S1,leave_environment_A,dft,fixed_coverage_grid,maximum_response,400,20,0.05,20,0,1.0,1.0,0,0.0,0,0.0,numerical phase witness upper<0; positive conservative lower certifies sound,VERIFIED
S1,leave_environment_A,dft,fixed_coverage_grid,negative_entropy,400,20,0.05,19,0,0.95,0.95,3,0.15,3,0.15,numerical phase witness upper<0; positive conservative lower certifies sound,VERIFIED
S1,leave_environment_A,dft,fixed_coverage_grid,full_state_margin,400,20,0.05,16,0,0.8,0.8,20,1.0,20,1.0,numerical phase witness upper<0; positive conservative lower certifies sound,VERIFIED
S1,leave_environment_A,dft,fixed_coverage_grid,center_margin,400,40,0.1,29,0,0.725,0.725,26,0.65,26,0.65,numerical phase witness upper<0; positive conservative lower certifies sound,VERIFIED
S1,leave_environment_A,dft,fixed_coverage_grid,maximum_response,400,40,0.1,40,0,1.0,1.0,2,0.05,2,0.05,numerical phase witness upper<0; positive conservative lower certifies sound,VERIFIED
S1,leave_environment_A,dft,fixed_coverage_grid,negative_entropy,400,40,0.1,38,0,0.95,0.95,6,0.15,6,0.15,numerical phase witness upper<0; positive conservative lower certifies sound,VERIFIED
S1,leave_environment_A,dft,fixed_coverage_grid,full_state_margin,400,40,0.1,33,0,0.825,0.825,40,1.0,40,1.0,numerical phase witness upper<0; positive conservative lower certifies sound,VERIFIED
S1,leave_environment_A,dft,fixed_coverage_grid,center_margin,400,80,0.2,68,0,0.85,0.85,35,0.4375,35,0.4375,numerical phase witness upper<0; positive conservative lower certifies sound,VERIFIED
S1,leave_environment_A,dft,fixed_coverage_grid,maximum_response,400,80,0.2,77,0,0.9625,0.9625,7,0.0875,7,0.0875,numerical phase witness upper<0; positive conservative lower certifies sound,VERIFIED
S1,leave_environment_A,dft,fixed_coverage_grid,negative_entropy,400,80,0.2,76,0,0.95,0.95,13,0.1625,13,0.1625,numerical phase witness upper<0; positive conservative lower certifies sound,VERIFIED
S1,leave_environment_A,dft,fixed_coverage_grid,full_state_margin,400,80,0.2,69,0,0.8625,0.8625,80,1.0,80,1.0,numerical phase witness upper<0; positive conservative lower certifies sound,VERIFIED
S1,leave_environment_A,dft,fixed_coverage_grid,center_margin,400,160,0.4,147,0,0.91875,0.91875,41,0.25625,40,0.25,numerical phase witness upper<0; positive conservative lower certifies sound,VERIFIED
S1,leave_environment_A,dft,fixed_coverage_grid,maximum_response,400,160,0.4,150,0,0.9375,0.9375,30,0.1875,29,0.18125,numerical phase witness upper<0; positive conservative lower certifies sound,VERIFIED
S1,leave_environment_A,dft,fixed_coverage_grid,negative_entropy,400,160,0.4,149,0,0.93125,0.93125,32,0.2,31,0.19375,numerical phase witness upper<0; positive conservative lower certifies sound,VERIFIED
S1,leave_environment_A,dft,fixed_coverage_grid,full_state_margin,400,160,0.4,147,0,0.91875,0.91875,160,1.0,160,1.0,numerical phase witness upper<0; positive conservative lower certifies sound,VERIFIED
S1,leave_environment_A,dft,fixed_coverage_grid,center_margin,400,240,0.6,227,0,0.9458333333333333,0.9458333333333333,48,0.2,49,0.20416666666666666,numerical phase witness upper<0; positive conservative lower certifies sound,VERIFIED
S1,leave_environment_A,dft,fixed_coverage_grid,maximum_response,400,240,0.6,228,0,0.95,0.95,52,0.21666666666666667,51,0.2125,numerical phase witness upper<0; positive conservative lower certifies sound,VERIFIED
S1,leave_environment_A,dft,fixed_coverage_grid,negative_entropy,400,240,0.6,229,0,0.9541666666666667,0.9541666666666667,51,0.2125,50,0.20833333333333334,numerical phase witness upper<0; positive conservative lower certifies sound,VERIFIED
S1,leave_environment_A,dft,fixed_coverage_grid,full_state_margin,400,240,0.6,227,0,0.9458333333333333,0.9458333333333333,240,1.0,233,0.9708333333333333,numerical phase witness upper<0; positive conservative lower certifies sound,VERIFIED
S1,leave_environment_A,dft,fixed_coverage_grid,center_margin,400,320,0.8,307,0,0.959375,0.959375,56,0.175,60,0.1875,numerical phase witness upper<0; positive conservative lower certifies sound,VERIFIED
S1,leave_environment_A,dft,fixed_coverage_grid,maximum_response,400,320,0.8,307,0,0.959375,0.959375,62,0.19375,61,0.190625,numerical phase witness upper<0; positive conservative lower certifies sound,VERIFIED
S1,leave_environment_A,dft,fixed_coverage_grid,negative_entropy,400,320,0.8,307,0,0.959375,0.959375,62,0.19375,61,0.190625,numerical phase witness upper<0; positive conservative lower certifies sound,VERIFIED
S1,leave_environment_A,dft,fixed_coverage_grid,full_state_margin,400,320,0.8,307,0,0.959375,0.959375,320,1.0,289,0.903125,numerical phase witness upper<0; positive conservative lower certifies sound,VERIFIED
S1,leave_environment_A,dft,fixed_coverage_grid,center_margin,400,400,1.0,387,0,0.9675,0.9675,72,0.18,74,0.185,numerical phase witness upper<0; positive conservative lower certifies sound,VERIFIED
S1,leave_environment_A,dft,fixed_coverage_grid,maximum_response,400,400,1.0,387,0,0.9675,0.9675,72,0.18,74,0.185,numerical phase witness upper<0; positive conservative lower certifies sound,VERIFIED
S1,leave_environment_A,dft,fixed_coverage_grid,negative_entropy,400,400,1.0,387,0,0.9675,0.9675,72,0.18,74,0.185,numerical phase witness upper<0; positive conservative lower certifies sound,VERIFIED
S1,leave_environment_A,dft,fixed_coverage_grid,full_state_margin,400,400,1.0,387,0,0.9675,0.9675,400,1.0,333,0.8325,numerical phase witness upper<0; positive conservative lower certifies sound,VERIFIED
S1,leave_environment_A,polynomial,certificate_matched,exact_fiber,400,337,0.8425,0,0,0.0,0.0,337,1.0,301,0.8931750741839762,numerical phase witness upper<0; positive conservative lower certifies sound,VERIFIED
S1,leave_environment_A,polynomial,certificate_matched,center_margin,400,337,0.8425,8,0,0.02373887240356083,0.02373887240356083,335,0.9940652818991098,303,0.8991097922848664,numerical phase witness upper<0; positive conservative lower certifies sound,VERIFIED
S1,leave_environment_A,polynomial,certificate_matched,maximum_response,400,337,0.8425,22,0,0.06528189910979229,0.06528189910979229,327,0.9703264094955489,301,0.8931750741839762,numerical phase witness upper<0; positive conservative lower certifies sound,VERIFIED
S1,leave_environment_A,polynomial,certificate_matched,negative_entropy,400,337,0.8425,31,0,0.09198813056379822,0.09198813056379822,324,0.9614243323442137,297,0.8813056379821959,numerical phase witness upper<0; positive conservative lower certifies sound,VERIFIED
S1,leave_environment_A,polynomial,certificate_matched,full_state_margin,400,337,0.8425,21,0,0.06231454005934718,0.06231454005934718,337,1.0,301,0.8931750741839762,numerical phase witness upper<0; positive conservative lower certifies sound,VERIFIED
S1,leave_environment_A,polynomial,fixed_coverage_grid,center_margin,400,20,0.05,0,0,0.0,0.0,20,1.0,20,1.0,numerical phase witness upper<0; positive conservative lower certifies sound,VERIFIED
S1,leave_environment_A,polynomial,fixed_coverage_grid,maximum_response,400,20,0.05,0,0,0.0,0.0,20,1.0,20,1.0,numerical phase witness upper<0; positive conservative lower certifies sound,VERIFIED
S1,leave_environment_A,polynomial,fixed_coverage_grid,negative_entropy,400,20,0.05,0,0,0.0,0.0,20,1.0,17,0.85,numerical phase witness upper<0; positive conservative lower certifies sound,VERIFIED
S1,leave_environment_A,polynomial,fixed_coverage_grid,full_state_margin,400,20,0.05,0,0,0.0,0.0,20,1.0,20,1.0,numerical phase witness upper<0; positive conservative lower certifies sound,VERIFIED
S1,leave_environment_A,polynomial,fixed_coverage_grid,center_margin,400,40,0.1,0,0,0.0,0.0,40,1.0,40,1.0,numerical phase witness upper<0; positive conservative lower certifies sound,VERIFIED
S1,leave_environment_A,polynomial,fixed_coverage_grid,maximum_response,400,40,0.1,0,0,0.0,0.0,40,1.0,39,0.975,numerical phase witness upper<0; positive conservative lower certifies sound,VERIFIED
S1,leave_environment_A,polynomial,fixed_coverage_grid,negative_entropy,400,40,0.1,3,0,0.075,0.075,38,0.95,33,0.825,numerical phase witness upper<0; positive conservative lower certifies sound,VERIFIED
S1,leave_environment_A,polynomial,fixed_coverage_grid,full_state_margin,400,40,0.1,0,0,0.0,0.0,40,1.0,40,1.0,numerical phase witness upper<0; positive conservative lower certifies sound,VERIFIED
S1,leave_environment_A,polynomial,fixed_coverage_grid,center_margin,400,80,0.2,0,0,0.0,0.0,80,1.0,80,1.0,numerical phase witness upper<0; positive conservative lower certifies sound,VERIFIED
S1,leave_environment_A,polynomial,fixed_coverage_grid,maximum_response,400,80,0.2,0,0,0.0,0.0,80,1.0,78,0.975,numerical phase witness upper<0; positive conservative lower certifies sound,VERIFIED
S1,leave_environment_A,polynomial,fixed_coverage_grid,negative_entropy,400,80,0.2,4,0,0.05,0.05,77,0.9625,71,0.8875,numerical phase witness upper<0; positive conservative lower certifies sound,VERIFIED
S1,leave_environment_A,polynomial,fixed_coverage_grid,full_state_margin,400,80,0.2,0,0,0.0,0.0,80,1.0,80,1.0,numerical phase witness upper<0; positive conservative lower certifies sound,VERIFIED
S1,leave_environment_A,polynomial,fixed_coverage_grid,center_margin,400,160,0.4,0,0,0.0,0.0,160,1.0,160,1.0,numerical phase witness upper<0; positive conservative lower certifies sound,VERIFIED
S1,leave_environment_A,polynomial,fixed_coverage_grid,maximum_response,400,160,0.4,3,0,0.01875,0.01875,158,0.9875,152,0.95,numerical phase witness upper<0; positive conservative lower certifies sound,VERIFIED
S1,leave_environment_A,polynomial,fixed_coverage_grid,negative_entropy,400,160,0.4,6,0,0.0375,0.0375,155,0.96875,149,0.93125,numerical phase witness upper<0; positive conservative lower certifies sound,VERIFIED
S1,leave_environment_A,polynomial,fixed_coverage_grid,full_state_margin,400,160,0.4,0,0,0.0,0.0,160,1.0,160,1.0,numerical phase witness upper<0; positive conservative lower certifies sound,VERIFIED
S1,leave_environment_A,polynomial,fixed_coverage_grid,center_margin,400,240,0.6,0,0,0.0,0.0,240,1.0,234,0.975,numerical phase witness upper<0; positive conservative lower certifies sound,VERIFIED
S1,leave_environment_A,polynomial,fixed_coverage_grid,maximum_response,400,240,0.6,7,0,0.029166666666666667,0.029166666666666667,235,0.9791666666666666,227,0.9458333333333333,numerical phase witness upper<0; positive conservative lower certifies sound,VERIFIED
S1,leave_environment_A,polynomial,fixed_coverage_grid,negative_entropy,400,240,0.6,14,0,0.058333333333333334,0.058333333333333334,233,0.9708333333333333,219,0.9125,numerical phase witness upper<0; positive conservative lower certifies sound,VERIFIED
S1,leave_environment_A,polynomial,fixed_coverage_grid,full_state_margin,400,240,0.6,1,0,0.004166666666666667,0.004166666666666667,240,1.0,233,0.9708333333333333,numerical phase witness upper<0; positive conservative lower certifies sound,VERIFIED
S1,leave_environment_A,polynomial,fixed_coverage_grid,center_margin,400,320,0.8,2,0,0.00625,0.00625,319,0.996875,293,0.915625,numerical phase witness upper<0; positive conservative lower certifies sound,VERIFIED
S1,leave_environment_A,polynomial,fixed_coverage_grid,maximum_response,400,320,0.8,16,0,0.05,0.05,312,0.975,291,0.909375,numerical phase witness upper<0; positive conservative lower certifies sound,VERIFIED
S1,leave_environment_A,polynomial,fixed_coverage_grid,negative_entropy,400,320,0.8,26,0,0.08125,0.08125,308,0.9625,283,0.884375,numerical phase witness upper<0; positive conservative lower certifies sound,VERIFIED
S1,leave_environment_A,polynomial,fixed_coverage_grid,full_state_margin,400,320,0.8,15,0,0.046875,0.046875,320,1.0,289,0.903125,numerical phase witness upper<0; positive conservative lower certifies sound,VERIFIED
S1,leave_environment_A,polynomial,fixed_coverage_grid,center_margin,400,400,1.0,63,0,0.1575,0.1575,382,0.955,335,0.8375,numerical phase witness upper<0; positive conservative lower certifies sound,VERIFIED
S1,leave_environment_A,polynomial,fixed_coverage_grid,maximum_response,400,400,1.0,63,0,0.1575,0.1575,382,0.955,335,0.8375,numerical phase witness upper<0; positive conservative lower certifies sound,VERIFIED
S1,leave_environment_A,polynomial,fixed_coverage_grid,negative_entropy,400,400,1.0,63,0,0.1575,0.1575,382,0.955,335,0.8375,numerical phase witness upper<0; positive conservative lower certifies sound,VERIFIED
S1,leave_environment_A,polynomial,fixed_coverage_grid,full_state_margin,400,400,1.0,63,0,0.1575,0.1575,400,1.0,333,0.8325,numerical phase witness upper<0; positive conservative lower certifies sound,VERIFIED
S1,leave_environment_A,random_orthogonal,certificate_matched,exact_fiber,400,8,0.02,0,0,0.0,0.0,8,1.0,8,1.0,numerical phase witness upper<0; positive conservative lower certifies sound,VERIFIED
S1,leave_environment_A,random_orthogonal,certificate_matched,center_margin,400,8,0.02,2,0,0.25,0.25,8,1.0,8,1.0,numerical phase witness upper<0; positive conservative lower certifies sound,VERIFIED
S1,leave_environment_A,random_orthogonal,certificate_matched,maximum_response,400,8,0.02,2,0,0.25,0.25,8,1.0,8,1.0,numerical phase witness upper<0; positive conservative lower certifies sound,VERIFIED
S1,leave_environment_A,random_orthogonal,certificate_matched,negative_entropy,400,8,0.02,2,0,0.25,0.25,8,1.0,8,1.0,numerical phase witness upper<0; positive conservative lower certifies sound,VERIFIED
S1,leave_environment_A,random_orthogonal,certificate_matched,full_state_margin,400,8,0.02,5,0,0.625,0.625,8,1.0,8,1.0,numerical phase witness upper<0; positive conservative lower certifies sound,VERIFIED
S1,leave_environment_A,random_orthogonal,fixed_coverage_grid,center_margin,400,20,0.05,12,0,0.6,0.6,17,0.85,17,0.85,numerical phase witness upper<0; positive conservative lower certifies sound,VERIFIED
S1,leave_environment_A,random_orthogonal,fixed_coverage_grid,maximum_response,400,20,0.05,12,0,0.6,0.6,18,0.9,18,0.9,numerical phase witness upper<0; positive conservative lower certifies sound,VERIFIED
S1,leave_environment_A,random_orthogonal,fixed_coverage_grid,negative_entropy,400,20,0.05,12,0,0.6,0.6,18,0.9,18,0.9,numerical phase witness upper<0; positive conservative lower certifies sound,VERIFIED
S1,leave_environment_A,random_orthogonal,fixed_coverage_grid,full_state_margin,400,20,0.05,13,0,0.65,0.65,20,1.0,20,1.0,numerical phase witness upper<0; positive conservative lower certifies sound,VERIFIED
S1,leave_environment_A,random_orthogonal,fixed_coverage_grid,center_margin,400,40,0.1,32,0,0.8,0.8,26,0.65,26,0.65,numerical phase witness upper<0; positive conservative lower certifies sound,VERIFIED
S1,leave_environment_A,random_orthogonal,fixed_coverage_grid,maximum_response,400,40,0.1,32,0,0.8,0.8,22,0.55,22,0.55,numerical phase witness upper<0; positive conservative lower certifies sound,VERIFIED
S1,leave_environment_A,random_orthogonal,fixed_coverage_grid,negative_entropy,400,40,0.1,32,0,0.8,0.8,22,0.55,22,0.55,numerical phase witness upper<0; positive conservative lower certifies sound,VERIFIED
S1,leave_environment_A,random_orthogonal,fixed_coverage_grid,full_state_margin,400,40,0.1,33,0,0.825,0.825,40,1.0,40,1.0,numerical phase witness upper<0; positive conservative lower certifies sound,VERIFIED
S1,leave_environment_A,random_orthogonal,fixed_coverage_grid,center_margin,400,80,0.2,72,0,0.9,0.9,36,0.45,35,0.4375,numerical phase witness upper<0; positive conservative lower certifies sound,VERIFIED
S1,leave_environment_A,random_orthogonal,fixed_coverage_grid,maximum_response,400,80,0.2,72,0,0.9,0.9,35,0.4375,35,0.4375,numerical phase witness upper<0; positive conservative lower certifies sound,VERIFIED
S1,leave_environment_A,random_orthogonal,fixed_coverage_grid,negative_entropy,400,80,0.2,72,0,0.9,0.9,39,0.4875,38,0.475,numerical phase witness upper<0; positive conservative lower certifies sound,VERIFIED
S1,leave_environment_A,random_orthogonal,fixed_coverage_grid,full_state_margin,400,80,0.2,73,0,0.9125,0.9125,80,1.0,80,1.0,numerical phase witness upper<0; positive conservative lower certifies sound,VERIFIED
S1,leave_environment_A,random_orthogonal,fixed_coverage_grid,center_margin,400,160,0.4,152,0,0.95,0.95,48,0.3,48,0.3,numerical phase witness upper<0; positive conservative lower certifies sound,VERIFIED
S1,leave_environment_A,random_orthogonal,fixed_coverage_grid,maximum_response,400,160,0.4,152,0,0.95,0.95,54,0.3375,53,0.33125,numerical phase witness upper<0; positive conservative lower certifies sound,VERIFIED
S1,leave_environment_A,random_orthogonal,fixed_coverage_grid,negative_entropy,400,160,0.4,152,0,0.95,0.95,52,0.325,52,0.325,numerical phase witness upper<0; positive conservative lower certifies sound,VERIFIED
S1,leave_environment_A,random_orthogonal,fixed_coverage_grid,full_state_margin,400,160,0.4,152,0,0.95,0.95,160,1.0,160,1.0,numerical phase witness upper<0; positive conservative lower certifies sound,VERIFIED
S1,leave_environment_A,random_orthogonal,fixed_coverage_grid,center_margin,400,240,0.6,232,0,0.9666666666666667,0.9666666666666667,54,0.225,54,0.225,numerical phase witness upper<0; positive conservative lower certifies sound,VERIFIED
S1,leave_environment_A,random_orthogonal,fixed_coverage_grid,maximum_response,400,240,0.6,232,0,0.9666666666666667,0.9666666666666667,62,0.25833333333333336,59,0.24583333333333332,numerical phase witness upper<0; positive conservative lower certifies sound,VERIFIED
S1,leave_environment_A,random_orthogonal,fixed_coverage_grid,negative_entropy,400,240,0.6,232,0,0.9666666666666667,0.9666666666666667,62,0.25833333333333336,59,0.24583333333333332,numerical phase witness upper<0; positive conservative lower certifies sound,VERIFIED
S1,leave_environment_A,random_orthogonal,fixed_coverage_grid,full_state_margin,400,240,0.6,232,0,0.9666666666666667,0.9666666666666667,240,1.0,233,0.9708333333333333,numerical phase witness upper<0; positive conservative lower certifies sound,VERIFIED
S1,leave_environment_A,random_orthogonal,fixed_coverage_grid,center_margin,400,320,0.8,312,0,0.975,0.975,60,0.1875,62,0.19375,numerical phase witness upper<0; positive conservative lower certifies sound,VERIFIED
S1,leave_environment_A,random_orthogonal,fixed_coverage_grid,maximum_response,400,320,0.8,312,0,0.975,0.975,66,0.20625,65,0.203125,numerical phase witness upper<0; positive conservative lower certifies sound,VERIFIED
S1,leave_environment_A,random_orthogonal,fixed_coverage_grid,negative_entropy,400,320,0.8,312,0,0.975,0.975,66,0.20625,65,0.203125,numerical phase witness upper<0; positive conservative lower certifies sound,VERIFIED
S1,leave_environment_A,random_orthogonal,fixed_coverage_grid,full_state_margin,400,320,0.8,312,0,0.975,0.975,320,1.0,289,0.903125,numerical phase witness upper<0; positive conservative lower certifies sound,VERIFIED
S1,leave_environment_A,random_orthogonal,fixed_coverage_grid,center_margin,400,400,1.0,392,0,0.98,0.98,72,0.18,70,0.175,numerical phase witness upper<0; positive conservative lower certifies sound,VERIFIED
S1,leave_environment_A,random_orthogonal,fixed_coverage_grid,maximum_response,400,400,1.0,392,0,0.98,0.98,72,0.18,70,0.175,numerical phase witness upper<0; positive conservative lower certifies sound,VERIFIED
S1,leave_environment_A,random_orthogonal,fixed_coverage_grid,negative_entropy,400,400,1.0,392,0,0.98,0.98,72,0.18,70,0.175,numerical phase witness upper<0; positive conservative lower certifies sound,VERIFIED
S1,leave_environment_A,random_orthogonal,fixed_coverage_grid,full_state_margin,400,400,1.0,392,0,0.98,0.98,400,1.0,333,0.8325,numerical phase witness upper<0; positive conservative lower certifies sound,VERIFIED
S1,leave_environment_A,permuted_polynomial,certificate_matched,exact_fiber,400,29,0.0725,0,0,0.0,0.0,29,1.0,29,1.0,numerical phase witness upper<0; positive conservative lower certifies sound,VERIFIED
S1,leave_environment_A,permuted_polynomial,certificate_matched,center_margin,400,29,0.0725,16,0,0.5517241379310345,0.5517241379310345,13,0.4482758620689655,13,0.4482758620689655,numerical phase witness upper<0; positive conservative lower certifies sound,VERIFIED
S1,leave_environment_A,permuted_polynomial,certificate_matched,maximum_response,400,29,0.0725,28,0,0.9655172413793104,0.9655172413793104,1,0.034482758620689655,1,0.034482758620689655,numerical phase witness upper<0; positive conservative lower certifies sound,VERIFIED
S1,leave_environment_A,permuted_polynomial,certificate_matched,negative_entropy,400,29,0.0725,28,0,0.9655172413793104,0.9655172413793104,1,0.034482758620689655,1,0.034482758620689655,numerical phase witness upper<0; positive conservative lower certifies sound,VERIFIED
S1,leave_environment_A,permuted_polynomial,certificate_matched,full_state_margin,400,29,0.0725,17,0,0.5862068965517241,0.5862068965517241,29,1.0,29,1.0,numerical phase witness upper<0; positive conservative lower certifies sound,VERIFIED
S1,leave_environment_A,permuted_polynomial,fixed_coverage_grid,center_margin,400,20,0.05,9,0,0.45,0.45,11,0.55,11,0.55,numerical phase witness upper<0; positive conservative lower certifies sound,VERIFIED
S1,leave_environment_A,permuted_polynomial,fixed_coverage_grid,maximum_response,400,20,0.05,20,0,1.0,1.0,0,0.0,0,0.0,numerical phase witness upper<0; positive conservative lower certifies sound,VERIFIED
S1,leave_environment_A,permuted_polynomial,fixed_coverage_grid,negative_entropy,400,20,0.05,19,0,0.95,0.95,1,0.05,1,0.05,numerical phase witness upper<0; positive conservative lower certifies sound,VERIFIED
S1,leave_environment_A,permuted_polynomial,fixed_coverage_grid,full_state_margin,400,20,0.05,11,0,0.55,0.55,20,1.0,20,1.0,numerical phase witness upper<0; positive conservative lower certifies sound,VERIFIED
S1,leave_environment_A,permuted_polynomial,fixed_coverage_grid,center_margin,400,40,0.1,26,0,0.65,0.65,15,0.375,14,0.35,numerical phase witness upper<0; positive conservative lower certifies sound,VERIFIED
S1,leave_environment_A,permuted_polynomial,fixed_coverage_grid,maximum_response,400,40,0.1,39,0,0.975,0.975,1,0.025,1,0.025,numerical phase witness upper<0; positive conservative lower certifies sound,VERIFIED
S1,leave_environment_A,permuted_polynomial,fixed_coverage_grid,negative_entropy,400,40,0.1,39,0,0.975,0.975,1,0.025,1,0.025,numerical phase witness upper<0; positive conservative lower certifies sound,VERIFIED
S1,leave_environment_A,permuted_polynomial,fixed_coverage_grid,full_state_margin,400,40,0.1,25,0,0.625,0.625,40,1.0,40,1.0,numerical phase witness upper<0; positive conservative lower certifies sound,VERIFIED
S1,leave_environment_A,permuted_polynomial,fixed_coverage_grid,center_margin,400,80,0.2,61,0,0.7625,0.7625,20,0.25,19,0.2375,numerical phase witness upper<0; positive conservative lower certifies sound,VERIFIED
S1,leave_environment_A,permuted_polynomial,fixed_coverage_grid,maximum_response,400,80,0.2,77,0,0.9625,0.9625,3,0.0375,3,0.0375,numerical phase witness upper<0; positive conservative lower certifies sound,VERIFIED
S1,leave_environment_A,permuted_polynomial,fixed_coverage_grid,negative_entropy,400,80,0.2,75,0,0.9375,0.9375,5,0.0625,5,0.0625,numerical phase witness upper<0; positive conservative lower certifies sound,VERIFIED
S1,leave_environment_A,permuted_polynomial,fixed_coverage_grid,full_state_margin,400,80,0.2,57,0,0.7125,0.7125,80,1.0,80,1.0,numerical phase witness upper<0; positive conservative lower certifies sound,VERIFIED
S1,leave_environment_A,permuted_polynomial,fixed_coverage_grid,center_margin,400,160,0.4,134,0,0.8375,0.8375,31,0.19375,30,0.1875,numerical phase witness upper<0; positive conservative lower certifies sound,VERIFIED
S1,leave_environment_A,permuted_polynomial,fixed_coverage_grid,maximum_response,400,160,0.4,148,0,0.925,0.925,13,0.08125,12,0.075,numerical phase witness upper<0; positive conservative lower certifies sound,VERIFIED
S1,leave_environment_A,permuted_polynomial,fixed_coverage_grid,negative_entropy,400,160,0.4,148,0,0.925,0.925,13,0.08125,12,0.075,numerical phase witness upper<0; positive conservative lower certifies sound,VERIFIED
S1,leave_environment_A,permuted_polynomial,fixed_coverage_grid,full_state_margin,400,160,0.4,134,0,0.8375,0.8375,160,1.0,160,1.0,numerical phase witness upper<0; positive conservative lower certifies sound,VERIFIED
S1,leave_environment_A,permuted_polynomial,fixed_coverage_grid,center_margin,400,240,0.6,211,0,0.8791666666666667,0.8791666666666667,38,0.15833333333333333,37,0.15416666666666667,numerical phase witness upper<0; positive conservative lower certifies sound,VERIFIED
S1,leave_environment_A,permuted_polynomial,fixed_coverage_grid,maximum_response,400,240,0.6,217,0,0.9041666666666667,0.9041666666666667,26,0.10833333333333334,25,0.10416666666666667,numerical phase witness upper<0; positive conservative lower certifies sound,VERIFIED
S1,leave_environment_A,permuted_polynomial,fixed_coverage_grid,negative_entropy,400,240,0.6,219,0,0.9125,0.9125,25,0.10416666666666667,24,0.1,numerical phase witness upper<0; positive conservative lower certifies sound,VERIFIED
S1,leave_environment_A,permuted_polynomial,fixed_coverage_grid,full_state_margin,400,240,0.6,212,0,0.8833333333333333,0.8833333333333333,240,1.0,233,0.9708333333333333,numerical phase witness upper<0; positive conservative lower certifies sound,VERIFIED
S1,leave_environment_A,permuted_polynomial,fixed_coverage_grid,center_margin,400,320,0.8,291,0,0.909375,0.909375,53,0.165625,53,0.165625,numerical phase witness upper<0; positive conservative lower certifies sound,VERIFIED
S1,leave_environment_A,permuted_polynomial,fixed_coverage_grid,maximum_response,400,320,0.8,291,0,0.909375,0.909375,49,0.153125,49,0.153125,numerical phase witness upper<0; positive conservative lower certifies sound,VERIFIED
S1,leave_environment_A,permuted_polynomial,fixed_coverage_grid,negative_entropy,400,320,0.8,291,0,0.909375,0.909375,52,0.1625,51,0.159375,numerical phase witness upper<0; positive conservative lower certifies sound,VERIFIED
S1,leave_environment_A,permuted_polynomial,fixed_coverage_grid,full_state_margin,400,320,0.8,291,0,0.909375,0.909375,320,1.0,289,0.903125,numerical phase witness upper<0; positive conservative lower certifies sound,VERIFIED
S1,leave_environment_A,permuted_polynomial,fixed_coverage_grid,center_margin,400,400,1.0,371,0,0.9275,0.9275,76,0.19,78,0.195,numerical phase witness upper<0; positive conservative lower certifies sound,VERIFIED
S1,leave_environment_A,permuted_polynomial,fixed_coverage_grid,maximum_response,400,400,1.0,371,0,0.9275,0.9275,76,0.19,78,0.195,numerical phase witness upper<0; positive conservative lower certifies sound,VERIFIED
S1,leave_environment_A,permuted_polynomial,fixed_coverage_grid,negative_entropy,400,400,1.0,371,0,0.9275,0.9275,76,0.19,78,0.195,numerical phase witness upper<0; positive conservative lower certifies sound,VERIFIED
S1,leave_environment_A,permuted_polynomial,fixed_coverage_grid,full_state_margin,400,400,1.0,371,0,0.9275,0.9275,400,1.0,333,0.8325,numerical phase witness upper<0; positive conservative lower certifies sound,VERIFIED
S1,leave_environment_B,coordinate,certificate_matched,exact_fiber,400,0,0.0,0,0,,,0,,0,,numerical phase witness upper<0; positive conservative lower certifies sound,VERIFIED
S1,leave_environment_B,coordinate,certificate_matched,center_margin,400,0,0.0,0,0,,,0,,0,,numerical phase witness upper<0; positive conservative lower certifies sound,VERIFIED
S1,leave_environment_B,coordinate,certificate_matched,maximum_response,400,0,0.0,0,0,,,0,,0,,numerical phase witness upper<0; positive conservative lower certifies sound,VERIFIED
S1,leave_environment_B,coordinate,certificate_matched,negative_entropy,400,0,0.0,0,0,,,0,,0,,numerical phase witness upper<0; positive conservative lower certifies sound,VERIFIED
S1,leave_environment_B,coordinate,certificate_matched,full_state_margin,400,0,0.0,0,0,,,0,,0,,numerical phase witness upper<0; positive conservative lower certifies sound,VERIFIED
S1,leave_environment_B,coordinate,fixed_coverage_grid,center_margin,400,20,0.05,20,0,1.0,1.0,0,0.0,0,0.0,numerical phase witness upper<0; positive conservative lower certifies sound,VERIFIED
S1,leave_environment_B,coordinate,fixed_coverage_grid,maximum_response,400,20,0.05,20,0,1.0,1.0,3,0.15,4,0.2,numerical phase witness upper<0; positive conservative lower certifies sound,VERIFIED
S1,leave_environment_B,coordinate,fixed_coverage_grid,negative_entropy,400,20,0.05,20,0,1.0,1.0,1,0.05,1,0.05,numerical phase witness upper<0; positive conservative lower certifies sound,VERIFIED
S1,leave_environment_B,coordinate,fixed_coverage_grid,full_state_margin,400,20,0.05,20,0,1.0,1.0,20,1.0,20,1.0,numerical phase witness upper<0; positive conservative lower certifies sound,VERIFIED
S1,leave_environment_B,coordinate,fixed_coverage_grid,center_margin,400,40,0.1,40,0,1.0,1.0,2,0.05,2,0.05,numerical phase witness upper<0; positive conservative lower certifies sound,VERIFIED
S1,leave_environment_B,coordinate,fixed_coverage_grid,maximum_response,400,40,0.1,40,0,1.0,1.0,4,0.1,6,0.15,numerical phase witness upper<0; positive conservative lower certifies sound,VERIFIED
S1,leave_environment_B,coordinate,fixed_coverage_grid,negative_entropy,400,40,0.1,40,0,1.0,1.0,5,0.125,5,0.125,numerical phase witness upper<0; positive conservative lower certifies sound,VERIFIED
S1,leave_environment_B,coordinate,fixed_coverage_grid,full_state_margin,400,40,0.1,40,0,1.0,1.0,40,1.0,40,1.0,numerical phase witness upper<0; positive conservative lower certifies sound,VERIFIED
S1,leave_environment_B,coordinate,fixed_coverage_grid,center_margin,400,80,0.2,80,0,1.0,1.0,11,0.1375,10,0.125,numerical phase witness upper<0; positive conservative lower certifies sound,VERIFIED
S1,leave_environment_B,coordinate,fixed_coverage_grid,maximum_response,400,80,0.2,80,0,1.0,1.0,9,0.1125,12,0.15,numerical phase witness upper<0; positive conservative lower certifies sound,VERIFIED
S1,leave_environment_B,coordinate,fixed_coverage_grid,negative_entropy,400,80,0.2,80,0,1.0,1.0,13,0.1625,14,0.175,numerical phase witness upper<0; positive conservative lower certifies sound,VERIFIED
S1,leave_environment_B,coordinate,fixed_coverage_grid,full_state_margin,400,80,0.2,80,0,1.0,1.0,80,1.0,80,1.0,numerical phase witness upper<0; positive conservative lower certifies sound,VERIFIED
S1,leave_environment_B,coordinate,fixed_coverage_grid,center_margin,400,160,0.4,160,0,1.0,1.0,23,0.14375,24,0.15,numerical phase witness upper<0; positive conservative lower certifies sound,VERIFIED
S1,leave_environment_B,coordinate,fixed_coverage_grid,maximum_response,400,160,0.4,160,0,1.0,1.0,19,0.11875,22,0.1375,numerical phase witness upper<0; positive conservative lower certifies sound,VERIFIED
S1,leave_environment_B,coordinate,fixed_coverage_grid,negative_entropy,400,160,0.4,160,0,1.0,1.0,22,0.1375,23,0.14375,numerical phase witness upper<0; positive conservative lower certifies sound,VERIFIED
S1,leave_environment_B,coordinate,fixed_coverage_grid,full_state_margin,400,160,0.4,160,0,1.0,1.0,160,1.0,154,0.9625,numerical phase witness upper<0; positive conservative lower certifies sound,VERIFIED
S1,leave_environment_B,coordinate,fixed_coverage_grid,center_margin,400,240,0.6,240,0,1.0,1.0,25,0.10416666666666667,26,0.10833333333333334,numerical phase witness upper<0; positive conservative lower certifies sound,VERIFIED
S1,leave_environment_B,coordinate,fixed_coverage_grid,maximum_response,400,240,0.6,240,0,1.0,1.0,21,0.0875,25,0.10416666666666667,numerical phase witness upper<0; positive conservative lower certifies sound,VERIFIED
S1,leave_environment_B,coordinate,fixed_coverage_grid,negative_entropy,400,240,0.6,240,0,1.0,1.0,23,0.09583333333333334,24,0.1,numerical phase witness upper<0; positive conservative lower certifies sound,VERIFIED
S1,leave_environment_B,coordinate,fixed_coverage_grid,full_state_margin,400,240,0.6,240,0,1.0,1.0,240,1.0,225,0.9375,numerical phase witness upper<0; positive conservative lower certifies sound,VERIFIED
S1,leave_environment_B,coordinate,fixed_coverage_grid,center_margin,400,320,0.8,320,0,1.0,1.0,28,0.0875,29,0.090625,numerical phase witness upper<0; positive conservative lower certifies sound,VERIFIED
S1,leave_environment_B,coordinate,fixed_coverage_grid,maximum_response,400,320,0.8,320,0,1.0,1.0,29,0.090625,32,0.1,numerical phase witness upper<0; positive conservative lower certifies sound,VERIFIED
S1,leave_environment_B,coordinate,fixed_coverage_grid,negative_entropy,400,320,0.8,320,0,1.0,1.0,30,0.09375,32,0.1,numerical phase witness upper<0; positive conservative lower certifies sound,VERIFIED
S1,leave_environment_B,coordinate,fixed_coverage_grid,full_state_margin,400,320,0.8,320,0,1.0,1.0,320,1.0,284,0.8875,numerical phase witness upper<0; positive conservative lower certifies sound,VERIFIED
S1,leave_environment_B,coordinate,fixed_coverage_grid,center_margin,400,400,1.0,400,0,1.0,1.0,34,0.085,37,0.0925,numerical phase witness upper<0; positive conservative lower certifies sound,VERIFIED
S1,leave_environment_B,coordinate,fixed_coverage_grid,maximum_response,400,400,1.0,400,0,1.0,1.0,34,0.085,37,0.0925,numerical phase witness upper<0; positive conservative lower certifies sound,VERIFIED
S1,leave_environment_B,coordinate,fixed_coverage_grid,negative_entropy,400,400,1.0,400,0,1.0,1.0,34,0.085,37,0.0925,numerical phase witness upper<0; positive conservative lower certifies sound,VERIFIED
S1,leave_environment_B,coordinate,fixed_coverage_grid,full_state_margin,400,400,1.0,400,0,1.0,1.0,400,1.0,318,0.795,numerical phase witness upper<0; positive conservative lower certifies sound,VERIFIED
S1,leave_environment_B,dct,certificate_matched,exact_fiber,400,8,0.02,0,0,0.0,0.0,8,1.0,8,1.0,numerical phase witness upper<0; positive conservative lower certifies sound,VERIFIED
S1,leave_environment_B,dct,certificate_matched,center_margin,400,8,0.02,6,0,0.75,0.75,2,0.25,6,0.75,numerical phase witness upper<0; positive conservative lower certifies sound,VERIFIED
S1,leave_environment_B,dct,certificate_matched,maximum_response,400,8,0.02,8,0,1.0,1.0,1,0.125,6,0.75,numerical phase witness upper<0; positive conservative lower certifies sound,VERIFIED
S1,leave_environment_B,dct,certificate_matched,negative_entropy,400,8,0.02,8,0,1.0,1.0,1,0.125,7,0.875,numerical phase witness upper<0; positive conservative lower certifies sound,VERIFIED
S1,leave_environment_B,dct,certificate_matched,full_state_margin,400,8,0.02,8,0,1.0,1.0,8,1.0,8,1.0,numerical phase witness upper<0; positive conservative lower certifies sound,VERIFIED
S1,leave_environment_B,dct,fixed_coverage_grid,center_margin,400,20,0.05,16,0,0.8,0.8,4,0.2,10,0.5,numerical phase witness upper<0; positive conservative lower certifies sound,VERIFIED
S1,leave_environment_B,dct,fixed_coverage_grid,maximum_response,400,20,0.05,20,0,1.0,1.0,1,0.05,7,0.35,numerical phase witness upper<0; positive conservative lower certifies sound,VERIFIED
S1,leave_environment_B,dct,fixed_coverage_grid,negative_entropy,400,20,0.05,20,0,1.0,1.0,1,0.05,7,0.35,numerical phase witness upper<0; positive conservative lower certifies sound,VERIFIED
S1,leave_environment_B,dct,fixed_coverage_grid,full_state_margin,400,20,0.05,18,0,0.9,0.9,20,1.0,20,1.0,numerical phase witness upper<0; positive conservative lower certifies sound,VERIFIED
S1,leave_environment_B,dct,fixed_coverage_grid,center_margin,400,40,0.1,34,0,0.85,0.85,12,0.3,18,0.45,numerical phase witness upper<0; positive conservative lower certifies sound,VERIFIED
S1,leave_environment_B,dct,fixed_coverage_grid,maximum_response,400,40,0.1,40,0,1.0,1.0,1,0.025,7,0.175,numerical phase witness upper<0; positive conservative lower certifies sound,VERIFIED
S1,leave_environment_B,dct,fixed_coverage_grid,negative_entropy,400,40,0.1,40,0,1.0,1.0,2,0.05,8,0.2,numerical phase witness upper<0; positive conservative lower certifies sound,VERIFIED
S1,leave_environment_B,dct,fixed_coverage_grid,full_state_margin,400,40,0.1,38,0,0.95,0.95,40,1.0,40,1.0,numerical phase witness upper<0; positive conservative lower certifies sound,VERIFIED
S1,leave_environment_B,dct,fixed_coverage_grid,center_margin,400,80,0.2,72,0,0.9,0.9,24,0.3,31,0.3875,numerical phase witness upper<0; positive conservative lower certifies sound,VERIFIED
S1,leave_environment_B,dct,fixed_coverage_grid,maximum_response,400,80,0.2,80,0,1.0,1.0,5,0.0625,12,0.15,numerical phase witness upper<0; positive conservative lower certifies sound,VERIFIED
S1,leave_environment_B,dct,fixed_coverage_grid,negative_entropy,400,80,0.2,80,0,1.0,1.0,5,0.0625,12,0.15,numerical phase witness upper<0; positive conservative lower certifies sound,VERIFIED
S1,leave_environment_B,dct,fixed_coverage_grid,full_state_margin,400,80,0.2,75,0,0.9375,0.9375,80,1.0,80,1.0,numerical phase witness upper<0; positive conservative lower certifies sound,VERIFIED
S1,leave_environment_B,dct,fixed_coverage_grid,center_margin,400,160,0.4,152,0,0.95,0.95,50,0.3125,58,0.3625,numerical phase witness upper<0; positive conservative lower certifies sound,VERIFIED
S1,leave_environment_B,dct,fixed_coverage_grid,maximum_response,400,160,0.4,152,0,0.95,0.95,31,0.19375,40,0.25,numerical phase witness upper<0; positive conservative lower certifies sound,VERIFIED
S1,leave_environment_B,dct,fixed_coverage_grid,negative_entropy,400,160,0.4,153,0,0.95625,0.95625,27,0.16875,34,0.2125,numerical phase witness upper<0; positive conservative lower certifies sound,VERIFIED
S1,leave_environment_B,dct,fixed_coverage_grid,full_state_margin,400,160,0.4,152,0,0.95,0.95,160,1.0,154,0.9625,numerical phase witness upper<0; positive conservative lower certifies sound,VERIFIED
S1,leave_environment_B,dct,fixed_coverage_grid,center_margin,400,240,0.6,232,0,0.9666666666666667,0.9666666666666667,64,0.26666666666666666,74,0.30833333333333335,numerical phase witness upper<0; positive conservative lower certifies sound,VERIFIED
S1,leave_environment_B,dct,fixed_coverage_grid,maximum_response,400,240,0.6,232,0,0.9666666666666667,0.9666666666666667,64,0.26666666666666666,73,0.30416666666666664,numerical phase witness upper<0; positive conservative lower certifies sound,VERIFIED
S1,leave_environment_B,dct,fixed_coverage_grid,negative_entropy,400,240,0.6,232,0,0.9666666666666667,0.9666666666666667,64,0.26666666666666666,74,0.30833333333333335,numerical phase witness upper<0; positive conservative lower certifies sound,VERIFIED
S1,leave_environment_B,dct,fixed_coverage_grid,full_state_margin,400,240,0.6,232,0,0.9666666666666667,0.9666666666666667,240,1.0,225,0.9375,numerical phase witness upper<0; positive conservative lower certifies sound,VERIFIED
S1,leave_environment_B,dct,fixed_coverage_grid,center_margin,400,320,0.8,312,0,0.975,0.975,74,0.23125,83,0.259375,numerical phase witness upper<0; positive conservative lower certifies sound,VERIFIED
S1,leave_environment_B,dct,fixed_coverage_grid,maximum_response,400,320,0.8,312,0,0.975,0.975,80,0.25,87,0.271875,numerical phase witness upper<0; positive conservative lower certifies sound,VERIFIED
S1,leave_environment_B,dct,fixed_coverage_grid,negative_entropy,400,320,0.8,312,0,0.975,0.975,83,0.259375,88,0.275,numerical phase witness upper<0; positive conservative lower certifies sound,VERIFIED
S1,leave_environment_B,dct,fixed_coverage_grid,full_state_margin,400,320,0.8,312,0,0.975,0.975,320,1.0,284,0.8875,numerical phase witness upper<0; positive conservative lower certifies sound,VERIFIED
S1,leave_environment_B,dct,fixed_coverage_grid,center_margin,400,400,1.0,392,0,0.98,0.98,95,0.2375,97,0.2425,numerical phase witness upper<0; positive conservative lower certifies sound,VERIFIED
S1,leave_environment_B,dct,fixed_coverage_grid,maximum_response,400,400,1.0,392,0,0.98,0.98,95,0.2375,97,0.2425,numerical phase witness upper<0; positive conservative lower certifies sound,VERIFIED
S1,leave_environment_B,dct,fixed_coverage_grid,negative_entropy,400,400,1.0,392,0,0.98,0.98,95,0.2375,97,0.2425,numerical phase witness upper<0; positive conservative lower certifies sound,VERIFIED
S1,leave_environment_B,dct,fixed_coverage_grid,full_state_margin,400,400,1.0,392,0,0.98,0.98,400,1.0,318,0.795,numerical phase witness upper<0; positive conservative lower certifies sound,VERIFIED
S1,leave_environment_B,dft,certificate_matched,exact_fiber,400,23,0.0575,0,0,0.0,0.0,23,1.0,23,1.0,numerical phase witness upper<0; positive conservative lower certifies sound,VERIFIED
S1,leave_environment_B,dft,certificate_matched,center_margin,400,23,0.0575,17,0,0.7391304347826086,0.7391304347826086,11,0.4782608695652174,11,0.4782608695652174,numerical phase witness upper<0; positive conservative lower certifies sound,VERIFIED
S1,leave_environment_B,dft,certificate_matched,maximum_response,400,23,0.0575,23,0,1.0,1.0,0,0.0,0,0.0,numerical phase witness upper<0; positive conservative lower certifies sound,VERIFIED
S1,leave_environment_B,dft,certificate_matched,negative_entropy,400,23,0.0575,22,0,0.9565217391304348,0.9565217391304348,4,0.17391304347826086,4,0.17391304347826086,numerical phase witness upper<0; positive conservative lower certifies sound,VERIFIED
S1,leave_environment_B,dft,certificate_matched,full_state_margin,400,23,0.0575,18,0,0.782608695652174,0.782608695652174,23,1.0,23,1.0,numerical phase witness upper<0; positive conservative lower certifies sound,VERIFIED
S1,leave_environment_B,dft,fixed_coverage_grid,center_margin,400,20,0.05,14,0,0.7,0.7,10,0.5,10,0.5,numerical phase witness upper<0; positive conservative lower certifies sound,VERIFIED
S1,leave_environment_B,dft,fixed_coverage_grid,maximum_response,400,20,0.05,20,0,1.0,1.0,0,0.0,0,0.0,numerical phase witness upper<0; positive conservative lower certifies sound,VERIFIED
S1,leave_environment_B,dft,fixed_coverage_grid,negative_entropy,400,20,0.05,19,0,0.95,0.95,4,0.2,4,0.2,numerical phase witness upper<0; positive conservative lower certifies sound,VERIFIED
S1,leave_environment_B,dft,fixed_coverage_grid,full_state_margin,400,20,0.05,15,0,0.75,0.75,20,1.0,20,1.0,numerical phase witness upper<0; positive conservative lower certifies sound,VERIFIED
S1,leave_environment_B,dft,fixed_coverage_grid,center_margin,400,40,0.1,31,0,0.775,0.775,14,0.35,14,0.35,numerical phase witness upper<0; positive conservative lower certifies sound,VERIFIED
S1,leave_environment_B,dft,fixed_coverage_grid,maximum_response,400,40,0.1,40,0,1.0,1.0,3,0.075,3,0.075,numerical phase witness upper<0; positive conservative lower certifies sound,VERIFIED
S1,leave_environment_B,dft,fixed_coverage_grid,negative_entropy,400,40,0.1,39,0,0.975,0.975,9,0.225,9,0.225,numerical phase witness upper<0; positive conservative lower certifies sound,VERIFIED
S1,leave_environment_B,dft,fixed_coverage_grid,full_state_margin,400,40,0.1,33,0,0.825,0.825,40,1.0,40,1.0,numerical phase witness upper<0; positive conservative lower certifies sound,VERIFIED
S1,leave_environment_B,dft,fixed_coverage_grid,center_margin,400,80,0.2,64,0,0.8,0.8,29,0.3625,30,0.375,numerical phase witness upper<0; positive conservative lower certifies sound,VERIFIED
S1,leave_environment_B,dft,fixed_coverage_grid,maximum_response,400,80,0.2,79,0,0.9875,0.9875,16,0.2,15,0.1875,numerical phase witness upper<0; positive conservative lower certifies sound,VERIFIED
S1,leave_environment_B,dft,fixed_coverage_grid,negative_entropy,400,80,0.2,79,0,0.9875,0.9875,18,0.225,18,0.225,numerical phase witness upper<0; positive conservative lower certifies sound,VERIFIED
S1,leave_environment_B,dft,fixed_coverage_grid,full_state_margin,400,80,0.2,69,0,0.8625,0.8625,80,1.0,80,1.0,numerical phase witness upper<0; positive conservative lower certifies sound,VERIFIED
S1,leave_environment_B,dft,fixed_coverage_grid,center_margin,400,160,0.4,138,0,0.8625,0.8625,47,0.29375,51,0.31875,numerical phase witness upper<0; positive conservative lower certifies sound,VERIFIED
S1,leave_environment_B,dft,fixed_coverage_grid,maximum_response,400,160,0.4,156,0,0.975,0.975,33,0.20625,35,0.21875,numerical phase witness upper<0; positive conservative lower certifies sound,VERIFIED
S1,leave_environment_B,dft,fixed_coverage_grid,negative_entropy,400,160,0.4,156,0,0.975,0.975,33,0.20625,35,0.21875,numerical phase witness upper<0; positive conservative lower certifies sound,VERIFIED
S1,leave_environment_B,dft,fixed_coverage_grid,full_state_margin,400,160,0.4,141,0,0.88125,0.88125,160,1.0,154,0.9625,numerical phase witness upper<0; positive conservative lower certifies sound,VERIFIED
S1,leave_environment_B,dft,fixed_coverage_grid,center_margin,400,240,0.6,217,0,0.9041666666666667,0.9041666666666667,57,0.2375,61,0.25416666666666665,numerical phase witness upper<0; positive conservative lower certifies sound,VERIFIED
S1,leave_environment_B,dft,fixed_coverage_grid,maximum_response,400,240,0.6,226,0,0.9416666666666667,0.9416666666666667,50,0.20833333333333334,52,0.21666666666666667,numerical phase witness upper<0; positive conservative lower certifies sound,VERIFIED
S1,leave_environment_B,dft,fixed_coverage_grid,negative_entropy,400,240,0.6,228,0,0.95,0.95,45,0.1875,47,0.19583333333333333,numerical phase witness upper<0; positive conservative lower certifies sound,VERIFIED
S1,leave_environment_B,dft,fixed_coverage_grid,full_state_margin,400,240,0.6,217,0,0.9041666666666667,0.9041666666666667,240,1.0,225,0.9375,numerical phase witness upper<0; positive conservative lower certifies sound,VERIFIED
S1,leave_environment_B,dft,fixed_coverage_grid,center_margin,400,320,0.8,297,0,0.928125,0.928125,67,0.209375,73,0.228125,numerical phase witness upper<0; positive conservative lower certifies sound,VERIFIED
S1,leave_environment_B,dft,fixed_coverage_grid,maximum_response,400,320,0.8,297,0,0.928125,0.928125,72,0.225,77,0.240625,numerical phase witness upper<0; positive conservative lower certifies sound,VERIFIED
S1,leave_environment_B,dft,fixed_coverage_grid,negative_entropy,400,320,0.8,297,0,0.928125,0.928125,72,0.225,78,0.24375,numerical phase witness upper<0; positive conservative lower certifies sound,VERIFIED
S1,leave_environment_B,dft,fixed_coverage_grid,full_state_margin,400,320,0.8,297,0,0.928125,0.928125,320,1.0,284,0.8875,numerical phase witness upper<0; positive conservative lower certifies sound,VERIFIED
S1,leave_environment_B,dft,fixed_coverage_grid,center_margin,400,400,1.0,377,0,0.9425,0.9425,78,0.195,85,0.2125,numerical phase witness upper<0; positive conservative lower certifies sound,VERIFIED
S1,leave_environment_B,dft,fixed_coverage_grid,maximum_response,400,400,1.0,377,0,0.9425,0.9425,78,0.195,85,0.2125,numerical phase witness upper<0; positive conservative lower certifies sound,VERIFIED
S1,leave_environment_B,dft,fixed_coverage_grid,negative_entropy,400,400,1.0,377,0,0.9425,0.9425,78,0.195,85,0.2125,numerical phase witness upper<0; positive conservative lower certifies sound,VERIFIED
S1,leave_environment_B,dft,fixed_coverage_grid,full_state_margin,400,400,1.0,377,0,0.9425,0.9425,400,1.0,318,0.795,numerical phase witness upper<0; positive conservative lower certifies sound,VERIFIED
S1,leave_environment_B,polynomial,certificate_matched,exact_fiber,400,336,0.84,0,0,0.0,0.0,336,1.0,293,0.8720238095238095,numerical phase witness upper<0; positive conservative lower certifies sound,VERIFIED
S1,leave_environment_B,polynomial,certificate_matched,center_margin,400,336,0.84,13,0,0.03869047619047619,0.03869047619047619,332,0.9880952380952381,292,0.8690476190476191,numerical phase witness upper<0; positive conservative lower certifies sound,VERIFIED
S1,leave_environment_B,polynomial,certificate_matched,maximum_response,400,336,0.84,34,0,0.10119047619047619,0.10119047619047619,327,0.9732142857142857,288,0.8571428571428571,numerical phase witness upper<0; positive conservative lower certifies sound,VERIFIED
S1,leave_environment_B,polynomial,certificate_matched,negative_entropy,400,336,0.84,44,0,0.13095238095238096,0.13095238095238096,324,0.9642857142857143,280,0.8333333333333334,numerical phase witness upper<0; positive conservative lower certifies sound,VERIFIED
S1,leave_environment_B,polynomial,certificate_matched,full_state_margin,400,336,0.84,19,0,0.05654761904761905,0.05654761904761905,336,1.0,290,0.8630952380952381,numerical phase witness upper<0; positive conservative lower certifies sound,VERIFIED
S1,leave_environment_B,polynomial,fixed_coverage_grid,center_margin,400,20,0.05,0,0,0.0,0.0,20,1.0,20,1.0,numerical phase witness upper<0; positive conservative lower certifies sound,VERIFIED
S1,leave_environment_B,polynomial,fixed_coverage_grid,maximum_response,400,20,0.05,0,0,0.0,0.0,20,1.0,20,1.0,numerical phase witness upper<0; positive conservative lower certifies sound,VERIFIED
S1,leave_environment_B,polynomial,fixed_coverage_grid,negative_entropy,400,20,0.05,0,0,0.0,0.0,20,1.0,20,1.0,numerical phase witness upper<0; positive conservative lower certifies sound,VERIFIED
S1,leave_environment_B,polynomial,fixed_coverage_grid,full_state_margin,400,20,0.05,0,0,0.0,0.0,20,1.0,20,1.0,numerical phase witness upper<0; positive conservative lower certifies sound,VERIFIED
S1,leave_environment_B,polynomial,fixed_coverage_grid,center_margin,400,40,0.1,0,0,0.0,0.0,40,1.0,40,1.0,numerical phase witness upper<0; positive conservative lower certifies sound,VERIFIED
S1,leave_environment_B,polynomial,fixed_coverage_grid,maximum_response,400,40,0.1,0,0,0.0,0.0,40,1.0,40,1.0,numerical phase witness upper<0; positive conservative lower certifies sound,VERIFIED
S1,leave_environment_B,polynomial,fixed_coverage_grid,negative_entropy,400,40,0.1,1,0,0.025,0.025,39,0.975,37,0.925,numerical phase witness upper<0; positive conservative lower certifies sound,VERIFIED
S1,leave_environment_B,polynomial,fixed_coverage_grid,full_state_margin,400,40,0.1,0,0,0.0,0.0,40,1.0,40,1.0,numerical phase witness upper<0; positive conservative lower certifies sound,VERIFIED
S1,leave_environment_B,polynomial,fixed_coverage_grid,center_margin,400,80,0.2,0,0,0.0,0.0,80,1.0,80,1.0,numerical phase witness upper<0; positive conservative lower certifies sound,VERIFIED
S1,leave_environment_B,polynomial,fixed_coverage_grid,maximum_response,400,80,0.2,0,0,0.0,0.0,80,1.0,78,0.975,numerical phase witness upper<0; positive conservative lower certifies sound,VERIFIED
S1,leave_environment_B,polynomial,fixed_coverage_grid,negative_entropy,400,80,0.2,3,0,0.0375,0.0375,78,0.975,75,0.9375,numerical phase witness upper<0; positive conservative lower certifies sound,VERIFIED
S1,leave_environment_B,polynomial,fixed_coverage_grid,full_state_margin,400,80,0.2,0,0,0.0,0.0,80,1.0,80,1.0,numerical phase witness upper<0; positive conservative lower certifies sound,VERIFIED
S1,leave_environment_B,polynomial,fixed_coverage_grid,center_margin,400,160,0.4,0,0,0.0,0.0,160,1.0,157,0.98125,numerical phase witness upper<0; positive conservative lower certifies sound,VERIFIED
S1,leave_environment_B,polynomial,fixed_coverage_grid,maximum_response,400,160,0.4,2,0,0.0125,0.0125,158,0.9875,153,0.95625,numerical phase witness upper<0; positive conservative lower certifies sound,VERIFIED
S1,leave_environment_B,polynomial,fixed_coverage_grid,negative_entropy,400,160,0.4,10,0,0.0625,0.0625,156,0.975,146,0.9125,numerical phase witness upper<0; positive conservative lower certifies sound,VERIFIED
S1,leave_environment_B,polynomial,fixed_coverage_grid,full_state_margin,400,160,0.4,0,0,0.0,0.0,160,1.0,154,0.9625,numerical phase witness upper<0; positive conservative lower certifies sound,VERIFIED
S1,leave_environment_B,polynomial,fixed_coverage_grid,center_margin,400,240,0.6,0,0,0.0,0.0,240,1.0,221,0.9208333333333333,numerical phase witness upper<0; positive conservative lower certifies sound,VERIFIED
S1,leave_environment_B,polynomial,fixed_coverage_grid,maximum_response,400,240,0.6,10,0,0.041666666666666664,0.041666666666666664,237,0.9875,215,0.8958333333333334,numerical phase witness upper<0; positive conservative lower certifies sound,VERIFIED
S1,leave_environment_B,polynomial,fixed_coverage_grid,negative_entropy,400,240,0.6,26,0,0.10833333333333334,0.10833333333333334,231,0.9625,213,0.8875,numerical phase witness upper<0; positive conservative lower certifies sound,VERIFIED
S1,leave_environment_B,polynomial,fixed_coverage_grid,full_state_margin,400,240,0.6,1,0,0.004166666666666667,0.004166666666666667,240,1.0,225,0.9375,numerical phase witness upper<0; positive conservative lower certifies sound,VERIFIED
S1,leave_environment_B,polynomial,fixed_coverage_grid,center_margin,400,320,0.8,5,0,0.015625,0.015625,319,0.996875,282,0.88125,numerical phase witness upper<0; positive conservative lower certifies sound,VERIFIED
S1,leave_environment_B,polynomial,fixed_coverage_grid,maximum_response,400,320,0.8,30,0,0.09375,0.09375,311,0.971875,276,0.8625,numerical phase witness upper<0; positive conservative lower certifies sound,VERIFIED
S1,leave_environment_B,polynomial,fixed_coverage_grid,negative_entropy,400,320,0.8,40,0,0.125,0.125,309,0.965625,268,0.8375,numerical phase witness upper<0; positive conservative lower certifies sound,VERIFIED
S1,leave_environment_B,polynomial,fixed_coverage_grid,full_state_margin,400,320,0.8,13,0,0.040625,0.040625,320,1.0,284,0.8875,numerical phase witness upper<0; positive conservative lower certifies sound,VERIFIED
S1,leave_environment_B,polynomial,fixed_coverage_grid,center_margin,400,400,1.0,64,0,0.16,0.16,380,0.95,317,0.7925,numerical phase witness upper<0; positive conservative lower certifies sound,VERIFIED
S1,leave_environment_B,polynomial,fixed_coverage_grid,maximum_response,400,400,1.0,64,0,0.16,0.16,380,0.95,317,0.7925,numerical phase witness upper<0; positive conservative lower certifies sound,VERIFIED
S1,leave_environment_B,polynomial,fixed_coverage_grid,negative_entropy,400,400,1.0,64,0,0.16,0.16,380,0.95,317,0.7925,numerical phase witness upper<0; positive conservative lower certifies sound,VERIFIED
S1,leave_environment_B,polynomial,fixed_coverage_grid,full_state_margin,400,400,1.0,64,0,0.16,0.16,400,1.0,318,0.795,numerical phase witness upper<0; positive conservative lower certifies sound,VERIFIED
S1,leave_environment_B,random_orthogonal,certificate_matched,exact_fiber,400,1,0.0025,0,0,0.0,0.0,1,1.0,1,1.0,numerical phase witness upper<0; positive conservative lower certifies sound,VERIFIED
S1,leave_environment_B,random_orthogonal,certificate_matched,center_margin,400,1,0.0025,0,0,0.0,0.0,1,1.0,1,1.0,numerical phase witness upper<0; positive conservative lower certifies sound,VERIFIED
S1,leave_environment_B,random_orthogonal,certificate_matched,maximum_response,400,1,0.0025,0,0,0.0,0.0,1,1.0,1,1.0,numerical phase witness upper<0; positive conservative lower certifies sound,VERIFIED
S1,leave_environment_B,random_orthogonal,certificate_matched,negative_entropy,400,1,0.0025,0,0,0.0,0.0,1,1.0,1,1.0,numerical phase witness upper<0; positive conservative lower certifies sound,VERIFIED
S1,leave_environment_B,random_orthogonal,certificate_matched,full_state_margin,400,1,0.0025,0,0,0.0,0.0,1,1.0,1,1.0,numerical phase witness upper<0; positive conservative lower certifies sound,VERIFIED
S1,leave_environment_B,random_orthogonal,fixed_coverage_grid,center_margin,400,20,0.05,19,0,0.95,0.95,15,0.75,15,0.75,numerical phase witness upper<0; positive conservative lower certifies sound,VERIFIED
S1,leave_environment_B,random_orthogonal,fixed_coverage_grid,maximum_response,400,20,0.05,19,0,0.95,0.95,16,0.8,16,0.8,numerical phase witness upper<0; positive conservative lower certifies sound,VERIFIED
S1,leave_environment_B,random_orthogonal,fixed_coverage_grid,negative_entropy,400,20,0.05,19,0,0.95,0.95,16,0.8,15,0.75,numerical phase witness upper<0; positive conservative lower certifies sound,VERIFIED
S1,leave_environment_B,random_orthogonal,fixed_coverage_grid,full_state_margin,400,20,0.05,19,0,0.95,0.95,20,1.0,20,1.0,numerical phase witness upper<0; positive conservative lower certifies sound,VERIFIED
S1,leave_environment_B,random_orthogonal,fixed_coverage_grid,center_margin,400,40,0.1,39,0,0.975,0.975,21,0.525,19,0.475,numerical phase witness upper<0; positive conservative lower certifies sound,VERIFIED
S1,leave_environment_B,random_orthogonal,fixed_coverage_grid,maximum_response,400,40,0.1,39,0,0.975,0.975,20,0.5,19,0.475,numerical phase witness upper<0; positive conservative lower certifies sound,VERIFIED
S1,leave_environment_B,random_orthogonal,fixed_coverage_grid,negative_entropy,400,40,0.1,39,0,0.975,0.975,20,0.5,19,0.475,numerical phase witness upper<0; positive conservative lower certifies sound,VERIFIED
S1,leave_environment_B,random_orthogonal,fixed_coverage_grid,full_state_margin,400,40,0.1,39,0,0.975,0.975,40,1.0,40,1.0,numerical phase witness upper<0; positive conservative lower certifies sound,VERIFIED
S1,leave_environment_B,random_orthogonal,fixed_coverage_grid,center_margin,400,80,0.2,79,0,0.9875,0.9875,25,0.3125,23,0.2875,numerical phase witness upper<0; positive conservative lower certifies sound,VERIFIED
S1,leave_environment_B,random_orthogonal,fixed_coverage_grid,maximum_response,400,80,0.2,79,0,0.9875,0.9875,29,0.3625,27,0.3375,numerical phase witness upper<0; positive conservative lower certifies sound,VERIFIED
S1,leave_environment_B,random_orthogonal,fixed_coverage_grid,negative_entropy,400,80,0.2,79,0,0.9875,0.9875,28,0.35,26,0.325,numerical phase witness upper<0; positive conservative lower certifies sound,VERIFIED
S1,leave_environment_B,random_orthogonal,fixed_coverage_grid,full_state_margin,400,80,0.2,79,0,0.9875,0.9875,80,1.0,80,1.0,numerical phase witness upper<0; positive conservative lower certifies sound,VERIFIED
S1,leave_environment_B,random_orthogonal,fixed_coverage_grid,center_margin,400,160,0.4,159,0,0.99375,0.99375,37,0.23125,33,0.20625,numerical phase witness upper<0; positive conservative lower certifies sound,VERIFIED
S1,leave_environment_B,random_orthogonal,fixed_coverage_grid,maximum_response,400,160,0.4,159,0,0.99375,0.99375,46,0.2875,39,0.24375,numerical phase witness upper<0; positive conservative lower certifies sound,VERIFIED
S1,leave_environment_B,random_orthogonal,fixed_coverage_grid,negative_entropy,400,160,0.4,159,0,0.99375,0.99375,43,0.26875,37,0.23125,numerical phase witness upper<0; positive conservative lower certifies sound,VERIFIED
S1,leave_environment_B,random_orthogonal,fixed_coverage_grid,full_state_margin,400,160,0.4,159,0,0.99375,0.99375,160,1.0,154,0.9625,numerical phase witness upper<0; positive conservative lower certifies sound,VERIFIED
S1,leave_environment_B,random_orthogonal,fixed_coverage_grid,center_margin,400,240,0.6,239,0,0.9958333333333333,0.9958333333333333,45,0.1875,41,0.17083333333333334,numerical phase witness upper<0; positive conservative lower certifies sound,VERIFIED
S1,leave_environment_B,random_orthogonal,fixed_coverage_grid,maximum_response,400,240,0.6,239,0,0.9958333333333333,0.9958333333333333,55,0.22916666666666666,49,0.20416666666666666,numerical phase witness upper<0; positive conservative lower certifies sound,VERIFIED
S1,leave_environment_B,random_orthogonal,fixed_coverage_grid,negative_entropy,400,240,0.6,239,0,0.9958333333333333,0.9958333333333333,58,0.24166666666666667,52,0.21666666666666667,numerical phase witness upper<0; positive conservative lower certifies sound,VERIFIED
S1,leave_environment_B,random_orthogonal,fixed_coverage_grid,full_state_margin,400,240,0.6,239,0,0.9958333333333333,0.9958333333333333,240,1.0,225,0.9375,numerical phase witness upper<0; positive conservative lower certifies sound,VERIFIED
S1,leave_environment_B,random_orthogonal,fixed_coverage_grid,center_margin,400,320,0.8,319,0,0.996875,0.996875,55,0.171875,50,0.15625,numerical phase witness upper<0; positive conservative lower certifies sound,VERIFIED
S1,leave_environment_B,random_orthogonal,fixed_coverage_grid,maximum_response,400,320,0.8,319,0,0.996875,0.996875,64,0.2,60,0.1875,numerical phase witness upper<0; positive conservative lower certifies sound,VERIFIED
S1,leave_environment_B,random_orthogonal,fixed_coverage_grid,negative_entropy,400,320,0.8,319,0,0.996875,0.996875,66,0.20625,62,0.19375,numerical phase witness upper<0; positive conservative lower certifies sound,VERIFIED
S1,leave_environment_B,random_orthogonal,fixed_coverage_grid,full_state_margin,400,320,0.8,319,0,0.996875,0.996875,320,1.0,284,0.8875,numerical phase witness upper<0; positive conservative lower certifies sound,VERIFIED
S1,leave_environment_B,random_orthogonal,fixed_coverage_grid,center_margin,400,400,1.0,399,0,0.9975,0.9975,67,0.1675,64,0.16,numerical phase witness upper<0; positive conservative lower certifies sound,VERIFIED
S1,leave_environment_B,random_orthogonal,fixed_coverage_grid,maximum_response,400,400,1.0,399,0,0.9975,0.9975,67,0.1675,64,0.16,numerical phase witness upper<0; positive conservative lower certifies sound,VERIFIED
S1,leave_environment_B,random_orthogonal,fixed_coverage_grid,negative_entropy,400,400,1.0,399,0,0.9975,0.9975,67,0.1675,64,0.16,numerical phase witness upper<0; positive conservative lower certifies sound,VERIFIED
S1,leave_environment_B,random_orthogonal,fixed_coverage_grid,full_state_margin,400,400,1.0,399,0,0.9975,0.9975,400,1.0,318,0.795,numerical phase witness upper<0; positive conservative lower certifies sound,VERIFIED
S1,leave_environment_B,permuted_polynomial,certificate_matched,exact_fiber,400,21,0.0525,0,0,0.0,0.0,21,1.0,21,1.0,numerical phase witness upper<0; positive conservative lower certifies sound,VERIFIED
S1,leave_environment_B,permuted_polynomial,certificate_matched,center_margin,400,21,0.0525,18,0,0.8571428571428571,0.8571428571428571,4,0.19047619047619047,3,0.14285714285714285,numerical phase witness upper<0; positive conservative lower certifies sound,VERIFIED
S1,leave_environment_B,permuted_polynomial,certificate_matched,maximum_response,400,21,0.0525,21,0,1.0,1.0,0,0.0,0,0.0,numerical phase witness upper<0; positive conservative lower certifies sound,VERIFIED
S1,leave_environment_B,permuted_polynomial,certificate_matched,negative_entropy,400,21,0.0525,21,0,1.0,1.0,0,0.0,0,0.0,numerical phase witness upper<0; positive conservative lower certifies sound,VERIFIED
S1,leave_environment_B,permuted_polynomial,certificate_matched,full_state_margin,400,21,0.0525,14,0,0.6666666666666666,0.6666666666666666,21,1.0,21,1.0,numerical phase witness upper<0; positive conservative lower certifies sound,VERIFIED
S1,leave_environment_B,permuted_polynomial,fixed_coverage_grid,center_margin,400,20,0.05,17,0,0.85,0.85,4,0.2,3,0.15,numerical phase witness upper<0; positive conservative lower certifies sound,VERIFIED
S1,leave_environment_B,permuted_polynomial,fixed_coverage_grid,maximum_response,400,20,0.05,20,0,1.0,1.0,0,0.0,0,0.0,numerical phase witness upper<0; positive conservative lower certifies sound,VERIFIED
S1,leave_environment_B,permuted_polynomial,fixed_coverage_grid,negative_entropy,400,20,0.05,20,0,1.0,1.0,0,0.0,0,0.0,numerical phase witness upper<0; positive conservative lower certifies sound,VERIFIED
S1,leave_environment_B,permuted_polynomial,fixed_coverage_grid,full_state_margin,400,20,0.05,13,0,0.65,0.65,20,1.0,20,1.0,numerical phase witness upper<0; positive conservative lower certifies sound,VERIFIED
S1,leave_environment_B,permuted_polynomial,fixed_coverage_grid,center_margin,400,40,0.1,35,0,0.875,0.875,6,0.15,5,0.125,numerical phase witness upper<0; positive conservative lower certifies sound,VERIFIED
S1,leave_environment_B,permuted_polynomial,fixed_coverage_grid,maximum_response,400,40,0.1,40,0,1.0,1.0,0,0.0,0,0.0,numerical phase witness upper<0; positive conservative lower certifies sound,VERIFIED
S1,leave_environment_B,permuted_polynomial,fixed_coverage_grid,negative_entropy,400,40,0.1,40,0,1.0,1.0,1,0.025,0,0.0,numerical phase witness upper<0; positive conservative lower certifies sound,VERIFIED
S1,leave_environment_B,permuted_polynomial,fixed_coverage_grid,full_state_margin,400,40,0.1,31,0,0.775,0.775,40,1.0,40,1.0,numerical phase witness upper<0; positive conservative lower certifies sound,VERIFIED
S1,leave_environment_B,permuted_polynomial,fixed_coverage_grid,center_margin,400,80,0.2,75,0,0.9375,0.9375,6,0.075,5,0.0625,numerical phase witness upper<0; positive conservative lower certifies sound,VERIFIED
S1,leave_environment_B,permuted_polynomial,fixed_coverage_grid,maximum_response,400,80,0.2,79,0,0.9875,0.9875,2,0.025,1,0.0125,numerical phase witness upper<0; positive conservative lower certifies sound,VERIFIED
S1,leave_environment_B,permuted_polynomial,fixed_coverage_grid,negative_entropy,400,80,0.2,79,0,0.9875,0.9875,2,0.025,1,0.0125,numerical phase witness upper<0; positive conservative lower certifies sound,VERIFIED
S1,leave_environment_B,permuted_polynomial,fixed_coverage_grid,full_state_margin,400,80,0.2,67,0,0.8375,0.8375,80,1.0,80,1.0,numerical phase witness upper<0; positive conservative lower certifies sound,VERIFIED
S1,leave_environment_B,permuted_polynomial,fixed_coverage_grid,center_margin,400,160,0.4,150,0,0.9375,0.9375,11,0.06875,10,0.0625,numerical phase witness upper<0; positive conservative lower certifies sound,VERIFIED
S1,leave_environment_B,permuted_polynomial,fixed_coverage_grid,maximum_response,400,160,0.4,155,0,0.96875,0.96875,6,0.0375,5,0.03125,numerical phase witness upper<0; positive conservative lower certifies sound,VERIFIED
S1,leave_environment_B,permuted_polynomial,fixed_coverage_grid,negative_entropy,400,160,0.4,155,0,0.96875,0.96875,6,0.0375,5,0.03125,numerical phase witness upper<0; positive conservative lower certifies sound,VERIFIED
S1,leave_environment_B,permuted_polynomial,fixed_coverage_grid,full_state_margin,400,160,0.4,143,0,0.89375,0.89375,160,1.0,154,0.9625,numerical phase witness upper<0; positive conservative lower certifies sound,VERIFIED
S1,leave_environment_B,permuted_polynomial,fixed_coverage_grid,center_margin,400,240,0.6,221,0,0.9208333333333333,0.9208333333333333,23,0.09583333333333334,23,0.09583333333333334,numerical phase witness upper<0; positive conservative lower certifies sound,VERIFIED
S1,leave_environment_B,permuted_polynomial,fixed_coverage_grid,maximum_response,400,240,0.6,234,0,0.975,0.975,9,0.0375,8,0.03333333333333333,numerical phase witness upper<0; positive conservative lower certifies sound,VERIFIED
S1,leave_environment_B,permuted_polynomial,fixed_coverage_grid,negative_entropy,400,240,0.6,235,0,0.9791666666666666,0.9791666666666666,8,0.03333333333333333,7,0.029166666666666667,numerical phase witness upper<0; positive conservative lower certifies sound,VERIFIED
S1,leave_environment_B,permuted_polynomial,fixed_coverage_grid,full_state_margin,400,240,0.6,219,0,0.9125,0.9125,240,1.0,225,0.9375,numerical phase witness upper<0; positive conservative lower certifies sound,VERIFIED
S1,leave_environment_B,permuted_polynomial,fixed_coverage_grid,center_margin,400,320,0.8,299,0,0.934375,0.934375,42,0.13125,46,0.14375,numerical phase witness upper<0; positive conservative lower certifies sound,VERIFIED
S1,leave_environment_B,permuted_polynomial,fixed_coverage_grid,maximum_response,400,320,0.8,299,0,0.934375,0.934375,47,0.146875,48,0.15,numerical phase witness upper<0; positive conservative lower certifies sound,VERIFIED
S1,leave_environment_B,permuted_polynomial,fixed_coverage_grid,negative_entropy,400,320,0.8,299,0,0.934375,0.934375,46,0.14375,48,0.15,numerical phase witness upper<0; positive conservative lower certifies sound,VERIFIED
S1,leave_environment_B,permuted_polynomial,fixed_coverage_grid,full_state_margin,400,320,0.8,299,0,0.934375,0.934375,320,1.0,284,0.8875,numerical phase witness upper<0; positive conservative lower certifies sound,VERIFIED
S1,leave_environment_B,permuted_polynomial,fixed_coverage_grid,center_margin,400,400,1.0,379,0,0.9475,0.9475,67,0.1675,74,0.185,numerical phase witness upper<0; positive conservative lower certifies sound,VERIFIED
S1,leave_environment_B,permuted_polynomial,fixed_coverage_grid,maximum_response,400,400,1.0,379,0,0.9475,0.9475,67,0.1675,74,0.185,numerical phase witness upper<0; positive conservative lower certifies sound,VERIFIED
S1,leave_environment_B,permuted_polynomial,fixed_coverage_grid,negative_entropy,400,400,1.0,379,0,0.9475,0.9475,67,0.1675,74,0.185,numerical phase witness upper<0; positive conservative lower certifies sound,VERIFIED
S1,leave_environment_B,permuted_polynomial,fixed_coverage_grid,full_state_margin,400,400,1.0,379,0,0.9475,0.9475,400,1.0,318,0.795,numerical phase witness upper<0; positive conservative lower certifies sound,VERIFIED
S1,leave_environment_B_antenna,coordinate,certificate_matched,exact_fiber,400,0,0.0,0,0,,,0,,0,,numerical phase witness upper<0; positive conservative lower certifies sound,VERIFIED
S1,leave_environment_B_antenna,coordinate,certificate_matched,center_margin,400,0,0.0,0,0,,,0,,0,,numerical phase witness upper<0; positive conservative lower certifies sound,VERIFIED
S1,leave_environment_B_antenna,coordinate,certificate_matched,maximum_response,400,0,0.0,0,0,,,0,,0,,numerical phase witness upper<0; positive conservative lower certifies sound,VERIFIED
S1,leave_environment_B_antenna,coordinate,certificate_matched,negative_entropy,400,0,0.0,0,0,,,0,,0,,numerical phase witness upper<0; positive conservative lower certifies sound,VERIFIED
S1,leave_environment_B_antenna,coordinate,certificate_matched,full_state_margin,400,0,0.0,0,0,,,0,,0,,numerical phase witness upper<0; positive conservative lower certifies sound,VERIFIED
S1,leave_environment_B_antenna,coordinate,fixed_coverage_grid,center_margin,400,20,0.05,20,0,1.0,1.0,2,0.1,2,0.1,numerical phase witness upper<0; positive conservative lower certifies sound,VERIFIED
S1,leave_environment_B_antenna,coordinate,fixed_coverage_grid,maximum_response,400,20,0.05,20,0,1.0,1.0,4,0.2,7,0.35,numerical phase witness upper<0; positive conservative lower certifies sound,VERIFIED
S1,leave_environment_B_antenna,coordinate,fixed_coverage_grid,negative_entropy,400,20,0.05,20,0,1.0,1.0,5,0.25,7,0.35,numerical phase witness upper<0; positive conservative lower certifies sound,VERIFIED
S1,leave_environment_B_antenna,coordinate,fixed_coverage_grid,full_state_margin,400,20,0.05,20,0,1.0,1.0,20,1.0,20,1.0,numerical phase witness upper<0; positive conservative lower certifies sound,VERIFIED
S1,leave_environment_B_antenna,coordinate,fixed_coverage_grid,center_margin,400,40,0.1,40,0,1.0,1.0,6,0.15,9,0.225,numerical phase witness upper<0; positive conservative lower certifies sound,VERIFIED
S1,leave_environment_B_antenna,coordinate,fixed_coverage_grid,maximum_response,400,40,0.1,40,0,1.0,1.0,5,0.125,8,0.2,numerical phase witness upper<0; positive conservative lower certifies sound,VERIFIED
S1,leave_environment_B_antenna,coordinate,fixed_coverage_grid,negative_entropy,400,40,0.1,40,0,1.0,1.0,10,0.25,13,0.325,numerical phase witness upper<0; positive conservative lower certifies sound,VERIFIED
S1,leave_environment_B_antenna,coordinate,fixed_coverage_grid,full_state_margin,400,40,0.1,40,0,1.0,1.0,40,1.0,40,1.0,numerical phase witness upper<0; positive conservative lower certifies sound,VERIFIED
S1,leave_environment_B_antenna,coordinate,fixed_coverage_grid,center_margin,400,80,0.2,80,0,1.0,1.0,15,0.1875,16,0.2,numerical phase witness upper<0; positive conservative lower certifies sound,VERIFIED
S1,leave_environment_B_antenna,coordinate,fixed_coverage_grid,maximum_response,400,80,0.2,80,0,1.0,1.0,8,0.1,13,0.1625,numerical phase witness upper<0; positive conservative lower certifies sound,VERIFIED
S1,leave_environment_B_antenna,coordinate,fixed_coverage_grid,negative_entropy,400,80,0.2,80,0,1.0,1.0,15,0.1875,18,0.225,numerical phase witness upper<0; positive conservative lower certifies sound,VERIFIED
S1,leave_environment_B_antenna,coordinate,fixed_coverage_grid,full_state_margin,400,80,0.2,80,0,1.0,1.0,80,1.0,78,0.975,numerical phase witness upper<0; positive conservative lower certifies sound,VERIFIED
S1,leave_environment_B_antenna,coordinate,fixed_coverage_grid,center_margin,400,160,0.4,160,0,1.0,1.0,22,0.1375,31,0.19375,numerical phase witness upper<0; positive conservative lower certifies sound,VERIFIED
S1,leave_environment_B_antenna,coordinate,fixed_coverage_grid,maximum_response,400,160,0.4,160,0,1.0,1.0,15,0.09375,21,0.13125,numerical phase witness upper<0; positive conservative lower certifies sound,VERIFIED
S1,leave_environment_B_antenna,coordinate,fixed_coverage_grid,negative_entropy,400,160,0.4,160,0,1.0,1.0,22,0.1375,30,0.1875,numerical phase witness upper<0; positive conservative lower certifies sound,VERIFIED
S1,leave_environment_B_antenna,coordinate,fixed_coverage_grid,full_state_margin,400,160,0.4,160,0,1.0,1.0,160,1.0,149,0.93125,numerical phase witness upper<0; positive conservative lower certifies sound,VERIFIED
S1,leave_environment_B_antenna,coordinate,fixed_coverage_grid,center_margin,400,240,0.6,240,0,1.0,1.0,24,0.1,34,0.14166666666666666,numerical phase witness upper<0; positive conservative lower certifies sound,VERIFIED
S1,leave_environment_B_antenna,coordinate,fixed_coverage_grid,maximum_response,400,240,0.6,240,0,1.0,1.0,20,0.08333333333333333,30,0.125,numerical phase witness upper<0; positive conservative lower certifies sound,VERIFIED
S1,leave_environment_B_antenna,coordinate,fixed_coverage_grid,negative_entropy,400,240,0.6,240,0,1.0,1.0,24,0.1,34,0.14166666666666666,numerical phase witness upper<0; positive conservative lower certifies sound,VERIFIED
S1,leave_environment_B_antenna,coordinate,fixed_coverage_grid,full_state_margin,400,240,0.6,240,0,1.0,1.0,240,1.0,206,0.8583333333333333,numerical phase witness upper<0; positive conservative lower certifies sound,VERIFIED
S1,leave_environment_B_antenna,coordinate,fixed_coverage_grid,center_margin,400,320,0.8,320,0,1.0,1.0,28,0.0875,37,0.115625,numerical phase witness upper<0; positive conservative lower certifies sound,VERIFIED
S1,leave_environment_B_antenna,coordinate,fixed_coverage_grid,maximum_response,400,320,0.8,320,0,1.0,1.0,27,0.084375,34,0.10625,numerical phase witness upper<0; positive conservative lower certifies sound,VERIFIED
S1,leave_environment_B_antenna,coordinate,fixed_coverage_grid,negative_entropy,400,320,0.8,320,0,1.0,1.0,26,0.08125,37,0.115625,numerical phase witness upper<0; positive conservative lower certifies sound,VERIFIED
S1,leave_environment_B_antenna,coordinate,fixed_coverage_grid,full_state_margin,400,320,0.8,320,0,1.0,1.0,320,1.0,252,0.7875,numerical phase witness upper<0; positive conservative lower certifies sound,VERIFIED
S1,leave_environment_B_antenna,coordinate,fixed_coverage_grid,center_margin,400,400,1.0,400,0,1.0,1.0,32,0.08,40,0.1,numerical phase witness upper<0; positive conservative lower certifies sound,VERIFIED
S1,leave_environment_B_antenna,coordinate,fixed_coverage_grid,maximum_response,400,400,1.0,400,0,1.0,1.0,32,0.08,40,0.1,numerical phase witness upper<0; positive conservative lower certifies sound,VERIFIED
S1,leave_environment_B_antenna,coordinate,fixed_coverage_grid,negative_entropy,400,400,1.0,400,0,1.0,1.0,32,0.08,40,0.1,numerical phase witness upper<0; positive conservative lower certifies sound,VERIFIED
S1,leave_environment_B_antenna,coordinate,fixed_coverage_grid,full_state_margin,400,400,1.0,400,0,1.0,1.0,400,1.0,285,0.7125,numerical phase witness upper<0; positive conservative lower certifies sound,VERIFIED
S1,leave_environment_B_antenna,dct,certificate_matched,exact_fiber,400,3,0.0075,0,0,0.0,0.0,3,1.0,2,0.6666666666666666,numerical phase witness upper<0; positive conservative lower certifies sound,VERIFIED
S1,leave_environment_B_antenna,dct,certificate_matched,center_margin,400,3,0.0075,2,0,0.6666666666666666,0.6666666666666666,1,0.3333333333333333,0,0.0,numerical phase witness upper<0; positive conservative lower certifies sound,VERIFIED
S1,leave_environment_B_antenna,dct,certificate_matched,maximum_response,400,3,0.0075,2,0,0.6666666666666666,0.6666666666666666,2,0.6666666666666666,1,0.3333333333333333,numerical phase witness upper<0; positive conservative lower certifies sound,VERIFIED
S1,leave_environment_B_antenna,dct,certificate_matched,negative_entropy,400,3,0.0075,2,0,0.6666666666666666,0.6666666666666666,2,0.6666666666666666,0,0.0,numerical phase witness upper<0; positive conservative lower certifies sound,VERIFIED
S1,leave_environment_B_antenna,dct,certificate_matched,full_state_margin,400,3,0.0075,3,0,1.0,1.0,3,1.0,3,1.0,numerical phase witness upper<0; positive conservative lower certifies sound,VERIFIED
S1,leave_environment_B_antenna,dct,fixed_coverage_grid,center_margin,400,20,0.05,17,0,0.85,0.85,7,0.35,3,0.15,numerical phase witness upper<0; positive conservative lower certifies sound,VERIFIED
S1,leave_environment_B_antenna,dct,fixed_coverage_grid,maximum_response,400,20,0.05,19,0,0.95,0.95,5,0.25,3,0.15,numerical phase witness upper<0; positive conservative lower certifies sound,VERIFIED
S1,leave_environment_B_antenna,dct,fixed_coverage_grid,negative_entropy,400,20,0.05,19,0,0.95,0.95,6,0.3,4,0.2,numerical phase witness upper<0; positive conservative lower certifies sound,VERIFIED
S1,leave_environment_B_antenna,dct,fixed_coverage_grid,full_state_margin,400,20,0.05,20,0,1.0,1.0,20,1.0,20,1.0,numerical phase witness upper<0; positive conservative lower certifies sound,VERIFIED
S1,leave_environment_B_antenna,dct,fixed_coverage_grid,center_margin,400,40,0.1,37,0,0.925,0.925,9,0.225,6,0.15,numerical phase witness upper<0; positive conservative lower certifies sound,VERIFIED
S1,leave_environment_B_antenna,dct,fixed_coverage_grid,maximum_response,400,40,0.1,39,0,0.975,0.975,8,0.2,7,0.175,numerical phase witness upper<0; positive conservative lower certifies sound,VERIFIED
S1,leave_environment_B_antenna,dct,fixed_coverage_grid,negative_entropy,400,40,0.1,39,0,0.975,0.975,9,0.225,8,0.2,numerical phase witness upper<0; positive conservative lower certifies sound,VERIFIED
S1,leave_environment_B_antenna,dct,fixed_coverage_grid,full_state_margin,400,40,0.1,38,0,0.95,0.95,40,1.0,40,1.0,numerical phase witness upper<0; positive conservative lower certifies sound,VERIFIED
S1,leave_environment_B_antenna,dct,fixed_coverage_grid,center_margin,400,80,0.2,77,0,0.9625,0.9625,14,0.175,18,0.225,numerical phase witness upper<0; positive conservative lower certifies sound,VERIFIED
S1,leave_environment_B_antenna,dct,fixed_coverage_grid,maximum_response,400,80,0.2,77,0,0.9625,0.9625,12,0.15,11,0.1375,numerical phase witness upper<0; positive conservative lower certifies sound,VERIFIED
S1,leave_environment_B_antenna,dct,fixed_coverage_grid,negative_entropy,400,80,0.2,78,0,0.975,0.975,13,0.1625,12,0.15,numerical phase witness upper<0; positive conservative lower certifies sound,VERIFIED
S1,leave_environment_B_antenna,dct,fixed_coverage_grid,full_state_margin,400,80,0.2,78,0,0.975,0.975,80,1.0,78,0.975,numerical phase witness upper<0; positive conservative lower certifies sound,VERIFIED
S1,leave_environment_B_antenna,dct,fixed_coverage_grid,center_margin,400,160,0.4,157,0,0.98125,0.98125,29,0.18125,38,0.2375,numerical phase witness upper<0; positive conservative lower certifies sound,VERIFIED
S1,leave_environment_B_antenna,dct,fixed_coverage_grid,maximum_response,400,160,0.4,157,0,0.98125,0.98125,25,0.15625,29,0.18125,numerical phase witness upper<0; positive conservative lower certifies sound,VERIFIED
S1,leave_environment_B_antenna,dct,fixed_coverage_grid,negative_entropy,400,160,0.4,157,0,0.98125,0.98125,21,0.13125,24,0.15,numerical phase witness upper<0; positive conservative lower certifies sound,VERIFIED
S1,leave_environment_B_antenna,dct,fixed_coverage_grid,full_state_margin,400,160,0.4,157,0,0.98125,0.98125,160,1.0,149,0.93125,numerical phase witness upper<0; positive conservative lower certifies sound,VERIFIED
S1,leave_environment_B_antenna,dct,fixed_coverage_grid,center_margin,400,240,0.6,237,0,0.9875,0.9875,41,0.17083333333333334,51,0.2125,numerical phase witness upper<0; positive conservative lower certifies sound,VERIFIED
S1,leave_environment_B_antenna,dct,fixed_coverage_grid,maximum_response,400,240,0.6,237,0,0.9875,0.9875,51,0.2125,63,0.2625,numerical phase witness upper<0; positive conservative lower certifies sound,VERIFIED
S1,leave_environment_B_antenna,dct,fixed_coverage_grid,negative_entropy,400,240,0.6,237,0,0.9875,0.9875,51,0.2125,62,0.25833333333333336,numerical phase witness upper<0; positive conservative lower certifies sound,VERIFIED
S1,leave_environment_B_antenna,dct,fixed_coverage_grid,full_state_margin,400,240,0.6,237,0,0.9875,0.9875,240,1.0,206,0.8583333333333333,numerical phase witness upper<0; positive conservative lower certifies sound,VERIFIED
S1,leave_environment_B_antenna,dct,fixed_coverage_grid,center_margin,400,320,0.8,317,0,0.990625,0.990625,65,0.203125,77,0.240625,numerical phase witness upper<0; positive conservative lower certifies sound,VERIFIED
S1,leave_environment_B_antenna,dct,fixed_coverage_grid,maximum_response,400,320,0.8,317,0,0.990625,0.990625,69,0.215625,81,0.253125,numerical phase witness upper<0; positive conservative lower certifies sound,VERIFIED
S1,leave_environment_B_antenna,dct,fixed_coverage_grid,negative_entropy,400,320,0.8,317,0,0.990625,0.990625,72,0.225,85,0.265625,numerical phase witness upper<0; positive conservative lower certifies sound,VERIFIED
S1,leave_environment_B_antenna,dct,fixed_coverage_grid,full_state_margin,400,320,0.8,317,0,0.990625,0.990625,320,1.0,252,0.7875,numerical phase witness upper<0; positive conservative lower certifies sound,VERIFIED
S1,leave_environment_B_antenna,dct,fixed_coverage_grid,center_margin,400,400,1.0,397,0,0.9925,0.9925,87,0.2175,98,0.245,numerical phase witness upper<0; positive conservative lower certifies sound,VERIFIED
S1,leave_environment_B_antenna,dct,fixed_coverage_grid,maximum_response,400,400,1.0,397,0,0.9925,0.9925,87,0.2175,98,0.245,numerical phase witness upper<0; positive conservative lower certifies sound,VERIFIED
S1,leave_environment_B_antenna,dct,fixed_coverage_grid,negative_entropy,400,400,1.0,397,0,0.9925,0.9925,87,0.2175,98,0.245,numerical phase witness upper<0; positive conservative lower certifies sound,VERIFIED
S1,leave_environment_B_antenna,dct,fixed_coverage_grid,full_state_margin,400,400,1.0,397,0,0.9925,0.9925,400,1.0,285,0.7125,numerical phase witness upper<0; positive conservative lower certifies sound,VERIFIED
S1,leave_environment_B_antenna,dft,certificate_matched,exact_fiber,400,4,0.01,0,0,0.0,0.0,4,1.0,2,0.5,numerical phase witness upper<0; positive conservative lower certifies sound,VERIFIED
S1,leave_environment_B_antenna,dft,certificate_matched,center_margin,400,4,0.01,4,0,1.0,1.0,2,0.5,2,0.5,numerical phase witness upper<0; positive conservative lower certifies sound,VERIFIED
S1,leave_environment_B_antenna,dft,certificate_matched,maximum_response,400,4,0.01,4,0,1.0,1.0,0,0.0,0,0.0,numerical phase witness upper<0; positive conservative lower certifies sound,VERIFIED
S1,leave_environment_B_antenna,dft,certificate_matched,negative_entropy,400,4,0.01,4,0,1.0,1.0,0,0.0,0,0.0,numerical phase witness upper<0; positive conservative lower certifies sound,VERIFIED
S1,leave_environment_B_antenna,dft,certificate_matched,full_state_margin,400,4,0.01,4,0,1.0,1.0,4,1.0,4,1.0,numerical phase witness upper<0; positive conservative lower certifies sound,VERIFIED
S1,leave_environment_B_antenna,dft,fixed_coverage_grid,center_margin,400,20,0.05,18,0,0.9,0.9,7,0.35,8,0.4,numerical phase witness upper<0; positive conservative lower certifies sound,VERIFIED
S1,leave_environment_B_antenna,dft,fixed_coverage_grid,maximum_response,400,20,0.05,20,0,1.0,1.0,0,0.0,0,0.0,numerical phase witness upper<0; positive conservative lower certifies sound,VERIFIED
S1,leave_environment_B_antenna,dft,fixed_coverage_grid,negative_entropy,400,20,0.05,20,0,1.0,1.0,1,0.05,1,0.05,numerical phase witness upper<0; positive conservative lower certifies sound,VERIFIED
S1,leave_environment_B_antenna,dft,fixed_coverage_grid,full_state_margin,400,20,0.05,19,0,0.95,0.95,20,1.0,20,1.0,numerical phase witness upper<0; positive conservative lower certifies sound,VERIFIED
S1,leave_environment_B_antenna,dft,fixed_coverage_grid,center_margin,400,40,0.1,38,0,0.95,0.95,11,0.275,12,0.3,numerical phase witness upper<0; positive conservative lower certifies sound,VERIFIED
S1,leave_environment_B_antenna,dft,fixed_coverage_grid,maximum_response,400,40,0.1,40,0,1.0,1.0,2,0.05,1,0.025,numerical phase witness upper<0; positive conservative lower certifies sound,VERIFIED
S1,leave_environment_B_antenna,dft,fixed_coverage_grid,negative_entropy,400,40,0.1,40,0,1.0,1.0,2,0.05,3,0.075,numerical phase witness upper<0; positive conservative lower certifies sound,VERIFIED
S1,leave_environment_B_antenna,dft,fixed_coverage_grid,full_state_margin,400,40,0.1,39,0,0.975,0.975,40,1.0,40,1.0,numerical phase witness upper<0; positive conservative lower certifies sound,VERIFIED
S1,leave_environment_B_antenna,dft,fixed_coverage_grid,center_margin,400,80,0.2,76,0,0.95,0.95,23,0.2875,24,0.3,numerical phase witness upper<0; positive conservative lower certifies sound,VERIFIED
S1,leave_environment_B_antenna,dft,fixed_coverage_grid,maximum_response,400,80,0.2,80,0,1.0,1.0,8,0.1,10,0.125,numerical phase witness upper<0; positive conservative lower certifies sound,VERIFIED
S1,leave_environment_B_antenna,dft,fixed_coverage_grid,negative_entropy,400,80,0.2,79,0,0.9875,0.9875,11,0.1375,13,0.1625,numerical phase witness upper<0; positive conservative lower certifies sound,VERIFIED
S1,leave_environment_B_antenna,dft,fixed_coverage_grid,full_state_margin,400,80,0.2,78,0,0.975,0.975,80,1.0,78,0.975,numerical phase witness upper<0; positive conservative lower certifies sound,VERIFIED
S1,leave_environment_B_antenna,dft,fixed_coverage_grid,center_margin,400,160,0.4,156,0,0.975,0.975,35,0.21875,43,0.26875,numerical phase witness upper<0; positive conservative lower certifies sound,VERIFIED
S1,leave_environment_B_antenna,dft,fixed_coverage_grid,maximum_response,400,160,0.4,158,0,0.9875,0.9875,22,0.1375,33,0.20625,numerical phase witness upper<0; positive conservative lower certifies sound,VERIFIED
S1,leave_environment_B_antenna,dft,fixed_coverage_grid,negative_entropy,400,160,0.4,158,0,0.9875,0.9875,22,0.1375,32,0.2,numerical phase witness upper<0; positive conservative lower certifies sound,VERIFIED
S1,leave_environment_B_antenna,dft,fixed_coverage_grid,full_state_margin,400,160,0.4,157,0,0.98125,0.98125,160,1.0,149,0.93125,numerical phase witness upper<0; positive conservative lower certifies sound,VERIFIED
S1,leave_environment_B_antenna,dft,fixed_coverage_grid,center_margin,400,240,0.6,236,0,0.9833333333333333,0.9833333333333333,44,0.18333333333333332,59,0.24583333333333332,numerical phase witness upper<0; positive conservative lower certifies sound,VERIFIED
S1,leave_environment_B_antenna,dft,fixed_coverage_grid,maximum_response,400,240,0.6,237,0,0.9875,0.9875,43,0.17916666666666667,54,0.225,numerical phase witness upper<0; positive conservative lower certifies sound,VERIFIED
S1,leave_environment_B_antenna,dft,fixed_coverage_grid,negative_entropy,400,240,0.6,238,0,0.9916666666666667,0.9916666666666667,36,0.15,48,0.2,numerical phase witness upper<0; positive conservative lower certifies sound,VERIFIED
S1,leave_environment_B_antenna,dft,fixed_coverage_grid,full_state_margin,400,240,0.6,237,0,0.9875,0.9875,240,1.0,206,0.8583333333333333,numerical phase witness upper<0; positive conservative lower certifies sound,VERIFIED
S1,leave_environment_B_antenna,dft,fixed_coverage_grid,center_margin,400,320,0.8,316,0,0.9875,0.9875,53,0.165625,68,0.2125,numerical phase witness upper<0; positive conservative lower certifies sound,VERIFIED
S1,leave_environment_B_antenna,dft,fixed_coverage_grid,maximum_response,400,320,0.8,316,0,0.9875,0.9875,56,0.175,69,0.215625,numerical phase witness upper<0; positive conservative lower certifies sound,VERIFIED
S1,leave_environment_B_antenna,dft,fixed_coverage_grid,negative_entropy,400,320,0.8,316,0,0.9875,0.9875,54,0.16875,68,0.2125,numerical phase witness upper<0; positive conservative lower certifies sound,VERIFIED
S1,leave_environment_B_antenna,dft,fixed_coverage_grid,full_state_margin,400,320,0.8,316,0,0.9875,0.9875,320,1.0,252,0.7875,numerical phase witness upper<0; positive conservative lower certifies sound,VERIFIED
S1,leave_environment_B_antenna,dft,fixed_coverage_grid,center_margin,400,400,1.0,396,0,0.99,0.99,61,0.1525,80,0.2,numerical phase witness upper<0; positive conservative lower certifies sound,VERIFIED
S1,leave_environment_B_antenna,dft,fixed_coverage_grid,maximum_response,400,400,1.0,396,0,0.99,0.99,61,0.1525,80,0.2,numerical phase witness upper<0; positive conservative lower certifies sound,VERIFIED
S1,leave_environment_B_antenna,dft,fixed_coverage_grid,negative_entropy,400,400,1.0,396,0,0.99,0.99,61,0.1525,80,0.2,numerical phase witness upper<0; positive conservative lower certifies sound,VERIFIED
S1,leave_environment_B_antenna,dft,fixed_coverage_grid,full_state_margin,400,400,1.0,396,0,0.99,0.99,400,1.0,285,0.7125,numerical phase witness upper<0; positive conservative lower certifies sound,VERIFIED
S1,leave_environment_B_antenna,polynomial,certificate_matched,exact_fiber,400,282,0.705,0,0,0.0,0.0,282,1.0,231,0.8191489361702128,numerical phase witness upper<0; positive conservative lower certifies sound,VERIFIED
S1,leave_environment_B_antenna,polynomial,certificate_matched,center_margin,400,282,0.705,20,0,0.07092198581560284,0.07092198581560284,280,0.9929078014184397,231,0.8191489361702128,numerical phase witness upper<0; positive conservative lower certifies sound,VERIFIED
S1,leave_environment_B_antenna,polynomial,certificate_matched,maximum_response,400,282,0.705,42,0,0.14893617021276595,0.14893617021276595,275,0.975177304964539,224,0.7943262411347518,numerical phase witness upper<0; positive conservative lower certifies sound,VERIFIED
S1,leave_environment_B_antenna,polynomial,certificate_matched,negative_entropy,400,282,0.705,58,0,0.20567375886524822,0.20567375886524822,270,0.9574468085106383,214,0.7588652482269503,numerical phase witness upper<0; positive conservative lower certifies sound,VERIFIED
S1,leave_environment_B_antenna,polynomial,certificate_matched,full_state_margin,400,282,0.705,29,0,0.10283687943262411,0.10283687943262411,282,1.0,231,0.8191489361702128,numerical phase witness upper<0; positive conservative lower certifies sound,VERIFIED
S1,leave_environment_B_antenna,polynomial,fixed_coverage_grid,center_margin,400,20,0.05,0,0,0.0,0.0,20,1.0,20,1.0,numerical phase witness upper<0; positive conservative lower certifies sound,VERIFIED
S1,leave_environment_B_antenna,polynomial,fixed_coverage_grid,maximum_response,400,20,0.05,1,0,0.05,0.05,19,0.95,20,1.0,numerical phase witness upper<0; positive conservative lower certifies sound,VERIFIED
S1,leave_environment_B_antenna,polynomial,fixed_coverage_grid,negative_entropy,400,20,0.05,3,0,0.15,0.15,18,0.9,17,0.85,numerical phase witness upper<0; positive conservative lower certifies sound,VERIFIED
S1,leave_environment_B_antenna,polynomial,fixed_coverage_grid,full_state_margin,400,20,0.05,0,0,0.0,0.0,20,1.0,20,1.0,numerical phase witness upper<0; positive conservative lower certifies sound,VERIFIED
S1,leave_environment_B_antenna,polynomial,fixed_coverage_grid,center_margin,400,40,0.1,0,0,0.0,0.0,40,1.0,39,0.975,numerical phase witness upper<0; positive conservative lower certifies sound,VERIFIED
S1,leave_environment_B_antenna,polynomial,fixed_coverage_grid,maximum_response,400,40,0.1,3,0,0.075,0.075,38,0.95,36,0.9,numerical phase witness upper<0; positive conservative lower certifies sound,VERIFIED
S1,leave_environment_B_antenna,polynomial,fixed_coverage_grid,negative_entropy,400,40,0.1,5,0,0.125,0.125,38,0.95,34,0.85,numerical phase witness upper<0; positive conservative lower certifies sound,VERIFIED
S1,leave_environment_B_antenna,polynomial,fixed_coverage_grid,full_state_margin,400,40,0.1,0,0,0.0,0.0,40,1.0,40,1.0,numerical phase witness upper<0; positive conservative lower certifies sound,VERIFIED
S1,leave_environment_B_antenna,polynomial,fixed_coverage_grid,center_margin,400,80,0.2,0,0,0.0,0.0,80,1.0,78,0.975,numerical phase witness upper<0; positive conservative lower certifies sound,VERIFIED
S1,leave_environment_B_antenna,polynomial,fixed_coverage_grid,maximum_response,400,80,0.2,4,0,0.05,0.05,78,0.975,72,0.9,numerical phase witness upper<0; positive conservative lower certifies sound,VERIFIED
S1,leave_environment_B_antenna,polynomial,fixed_coverage_grid,negative_entropy,400,80,0.2,11,0,0.1375,0.1375,77,0.9625,71,0.8875,numerical phase witness upper<0; positive conservative lower certifies sound,VERIFIED
S1,leave_environment_B_antenna,polynomial,fixed_coverage_grid,full_state_margin,400,80,0.2,0,0,0.0,0.0,80,1.0,78,0.975,numerical phase witness upper<0; positive conservative lower certifies sound,VERIFIED
S1,leave_environment_B_antenna,polynomial,fixed_coverage_grid,center_margin,400,160,0.4,0,0,0.0,0.0,160,1.0,148,0.925,numerical phase witness upper<0; positive conservative lower certifies sound,VERIFIED
S1,leave_environment_B_antenna,polynomial,fixed_coverage_grid,maximum_response,400,160,0.4,12,0,0.075,0.075,156,0.975,140,0.875,numerical phase witness upper<0; positive conservative lower certifies sound,VERIFIED
S1,leave_environment_B_antenna,polynomial,fixed_coverage_grid,negative_entropy,400,160,0.4,24,0,0.15,0.15,153,0.95625,131,0.81875,numerical phase witness upper<0; positive conservative lower certifies sound,VERIFIED
S1,leave_environment_B_antenna,polynomial,fixed_coverage_grid,full_state_margin,400,160,0.4,4,0,0.025,0.025,160,1.0,149,0.93125,numerical phase witness upper<0; positive conservative lower certifies sound,VERIFIED
S1,leave_environment_B_antenna,polynomial,fixed_coverage_grid,center_margin,400,240,0.6,4,0,0.016666666666666666,0.016666666666666666,239,0.9958333333333333,206,0.8583333333333333,numerical phase witness upper<0; positive conservative lower certifies sound,VERIFIED
S1,leave_environment_B_antenna,polynomial,fixed_coverage_grid,maximum_response,400,240,0.6,24,0,0.1,0.1,234,0.975,194,0.8083333333333333,numerical phase witness upper<0; positive conservative lower certifies sound,VERIFIED
S1,leave_environment_B_antenna,polynomial,fixed_coverage_grid,negative_entropy,400,240,0.6,50,0,0.20833333333333334,0.20833333333333334,229,0.9541666666666667,181,0.7541666666666667,numerical phase witness upper<0; positive conservative lower certifies sound,VERIFIED
S1,leave_environment_B_antenna,polynomial,fixed_coverage_grid,full_state_margin,400,240,0.6,13,0,0.05416666666666667,0.05416666666666667,240,1.0,206,0.8583333333333333,numerical phase witness upper<0; positive conservative lower certifies sound,VERIFIED
S1,leave_environment_B_antenna,polynomial,fixed_coverage_grid,center_margin,400,320,0.8,48,0,0.15,0.15,311,0.971875,251,0.784375,numerical phase witness upper<0; positive conservative lower certifies sound,VERIFIED
S1,leave_environment_B_antenna,polynomial,fixed_coverage_grid,maximum_response,400,320,0.8,60,0,0.1875,0.1875,307,0.959375,249,0.778125,numerical phase witness upper<0; positive conservative lower certifies sound,VERIFIED
S1,leave_environment_B_antenna,polynomial,fixed_coverage_grid,negative_entropy,400,320,0.8,74,0,0.23125,0.23125,302,0.94375,242,0.75625,numerical phase witness upper<0; positive conservative lower certifies sound,VERIFIED
S1,leave_environment_B_antenna,polynomial,fixed_coverage_grid,full_state_margin,400,320,0.8,52,0,0.1625,0.1625,320,1.0,252,0.7875,numerical phase witness upper<0; positive conservative lower certifies sound,VERIFIED
S1,leave_environment_B_antenna,polynomial,fixed_coverage_grid,center_margin,400,400,1.0,118,0,0.295,0.295,367,0.9175,287,0.7175,numerical phase witness upper<0; positive conservative lower certifies sound,VERIFIED
S1,leave_environment_B_antenna,polynomial,fixed_coverage_grid,maximum_response,400,400,1.0,118,0,0.295,0.295,367,0.9175,287,0.7175,numerical phase witness upper<0; positive conservative lower certifies sound,VERIFIED
S1,leave_environment_B_antenna,polynomial,fixed_coverage_grid,negative_entropy,400,400,1.0,118,0,0.295,0.295,367,0.9175,287,0.7175,numerical phase witness upper<0; positive conservative lower certifies sound,VERIFIED
S1,leave_environment_B_antenna,polynomial,fixed_coverage_grid,full_state_margin,400,400,1.0,118,0,0.295,0.295,400,1.0,285,0.7125,numerical phase witness upper<0; positive conservative lower certifies sound,VERIFIED
S1,leave_environment_B_antenna,random_orthogonal,certificate_matched,exact_fiber,400,1,0.0025,0,0,0.0,0.0,1,1.0,1,1.0,numerical phase witness upper<0; positive conservative lower certifies sound,VERIFIED
S1,leave_environment_B_antenna,random_orthogonal,certificate_matched,center_margin,400,1,0.0025,1,0,1.0,1.0,0,0.0,1,1.0,numerical phase witness upper<0; positive conservative lower certifies sound,VERIFIED
S1,leave_environment_B_antenna,random_orthogonal,certificate_matched,maximum_response,400,1,0.0025,1,0,1.0,1.0,0,0.0,1,1.0,numerical phase witness upper<0; positive conservative lower certifies sound,VERIFIED
S1,leave_environment_B_antenna,random_orthogonal,certificate_matched,negative_entropy,400,1,0.0025,1,0,1.0,1.0,0,0.0,1,1.0,numerical phase witness upper<0; positive conservative lower certifies sound,VERIFIED
S1,leave_environment_B_antenna,random_orthogonal,certificate_matched,full_state_margin,400,1,0.0025,1,0,1.0,1.0,1,1.0,1,1.0,numerical phase witness upper<0; positive conservative lower certifies sound,VERIFIED
S1,leave_environment_B_antenna,random_orthogonal,fixed_coverage_grid,center_margin,400,20,0.05,19,0,0.95,0.95,7,0.35,11,0.55,numerical phase witness upper<0; positive conservative lower certifies sound,VERIFIED
S1,leave_environment_B_antenna,random_orthogonal,fixed_coverage_grid,maximum_response,400,20,0.05,19,0,0.95,0.95,8,0.4,12,0.6,numerical phase witness upper<0; positive conservative lower certifies sound,VERIFIED
S1,leave_environment_B_antenna,random_orthogonal,fixed_coverage_grid,negative_entropy,400,20,0.05,19,0,0.95,0.95,9,0.45,13,0.65,numerical phase witness upper<0; positive conservative lower certifies sound,VERIFIED
S1,leave_environment_B_antenna,random_orthogonal,fixed_coverage_grid,full_state_margin,400,20,0.05,19,0,0.95,0.95,20,1.0,20,1.0,numerical phase witness upper<0; positive conservative lower certifies sound,VERIFIED
S1,leave_environment_B_antenna,random_orthogonal,fixed_coverage_grid,center_margin,400,40,0.1,39,0,0.975,0.975,16,0.4,20,0.5,numerical phase witness upper<0; positive conservative lower certifies sound,VERIFIED
S1,leave_environment_B_antenna,random_orthogonal,fixed_coverage_grid,maximum_response,400,40,0.1,39,0,0.975,0.975,11,0.275,19,0.475,numerical phase witness upper<0; positive conservative lower certifies sound,VERIFIED
S1,leave_environment_B_antenna,random_orthogonal,fixed_coverage_grid,negative_entropy,400,40,0.1,39,0,0.975,0.975,11,0.275,18,0.45,numerical phase witness upper<0; positive conservative lower certifies sound,VERIFIED
S1,leave_environment_B_antenna,random_orthogonal,fixed_coverage_grid,full_state_margin,400,40,0.1,39,0,0.975,0.975,40,1.0,40,1.0,numerical phase witness upper<0; positive conservative lower certifies sound,VERIFIED
S1,leave_environment_B_antenna,random_orthogonal,fixed_coverage_grid,center_margin,400,80,0.2,79,0,0.9875,0.9875,21,0.2625,28,0.35,numerical phase witness upper<0; positive conservative lower certifies sound,VERIFIED
S1,leave_environment_B_antenna,random_orthogonal,fixed_coverage_grid,maximum_response,400,80,0.2,79,0,0.9875,0.9875,23,0.2875,28,0.35,numerical phase witness upper<0; positive conservative lower certifies sound,VERIFIED
S1,leave_environment_B_antenna,random_orthogonal,fixed_coverage_grid,negative_entropy,400,80,0.2,79,0,0.9875,0.9875,24,0.3,31,0.3875,numerical phase witness upper<0; positive conservative lower certifies sound,VERIFIED
S1,leave_environment_B_antenna,random_orthogonal,fixed_coverage_grid,full_state_margin,400,80,0.2,79,0,0.9875,0.9875,80,1.0,78,0.975,numerical phase witness upper<0; positive conservative lower certifies sound,VERIFIED
S1,leave_environment_B_antenna,random_orthogonal,fixed_coverage_grid,center_margin,400,160,0.4,159,0,0.99375,0.99375,30,0.1875,35,0.21875,numerical phase witness upper<0; positive conservative lower certifies sound,VERIFIED
S1,leave_environment_B_antenna,random_orthogonal,fixed_coverage_grid,maximum_response,400,160,0.4,159,0,0.99375,0.99375,40,0.25,46,0.2875,numerical phase witness upper<0; positive conservative lower certifies sound,VERIFIED
S1,leave_environment_B_antenna,random_orthogonal,fixed_coverage_grid,negative_entropy,400,160,0.4,159,0,0.99375,0.99375,40,0.25,45,0.28125,numerical phase witness upper<0; positive conservative lower certifies sound,VERIFIED
S1,leave_environment_B_antenna,random_orthogonal,fixed_coverage_grid,full_state_margin,400,160,0.4,159,0,0.99375,0.99375,160,1.0,149,0.93125,numerical phase witness upper<0; positive conservative lower certifies sound,VERIFIED
S1,leave_environment_B_antenna,random_orthogonal,fixed_coverage_grid,center_margin,400,240,0.6,239,0,0.9958333333333333,0.9958333333333333,41,0.17083333333333334,45,0.1875,numerical phase witness upper<0; positive conservative lower certifies sound,VERIFIED
S1,leave_environment_B_antenna,random_orthogonal,fixed_coverage_grid,maximum_response,400,240,0.6,239,0,0.9958333333333333,0.9958333333333333,49,0.20416666666666666,57,0.2375,numerical phase witness upper<0; positive conservative lower certifies sound,VERIFIED
S1,leave_environment_B_antenna,random_orthogonal,fixed_coverage_grid,negative_entropy,400,240,0.6,239,0,0.9958333333333333,0.9958333333333333,50,0.20833333333333334,59,0.24583333333333332,numerical phase witness upper<0; positive conservative lower certifies sound,VERIFIED
S1,leave_environment_B_antenna,random_orthogonal,fixed_coverage_grid,full_state_margin,400,240,0.6,239,0,0.9958333333333333,0.9958333333333333,240,1.0,206,0.8583333333333333,numerical phase witness upper<0; positive conservative lower certifies sound,VERIFIED
S1,leave_environment_B_antenna,random_orthogonal,fixed_coverage_grid,center_margin,400,320,0.8,319,0,0.996875,0.996875,49,0.153125,59,0.184375,numerical phase witness upper<0; positive conservative lower certifies sound,VERIFIED
S1,leave_environment_B_antenna,random_orthogonal,fixed_coverage_grid,maximum_response,400,320,0.8,319,0,0.996875,0.996875,53,0.165625,66,0.20625,numerical phase witness upper<0; positive conservative lower certifies sound,VERIFIED
S1,leave_environment_B_antenna,random_orthogonal,fixed_coverage_grid,negative_entropy,400,320,0.8,319,0,0.996875,0.996875,53,0.165625,67,0.209375,numerical phase witness upper<0; positive conservative lower certifies sound,VERIFIED
S1,leave_environment_B_antenna,random_orthogonal,fixed_coverage_grid,full_state_margin,400,320,0.8,319,0,0.996875,0.996875,320,1.0,252,0.7875,numerical phase witness upper<0; positive conservative lower certifies sound,VERIFIED
S1,leave_environment_B_antenna,random_orthogonal,fixed_coverage_grid,center_margin,400,400,1.0,399,0,0.9975,0.9975,54,0.135,70,0.175,numerical phase witness upper<0; positive conservative lower certifies sound,VERIFIED
S1,leave_environment_B_antenna,random_orthogonal,fixed_coverage_grid,maximum_response,400,400,1.0,399,0,0.9975,0.9975,54,0.135,70,0.175,numerical phase witness upper<0; positive conservative lower certifies sound,VERIFIED
S1,leave_environment_B_antenna,random_orthogonal,fixed_coverage_grid,negative_entropy,400,400,1.0,399,0,0.9975,0.9975,54,0.135,70,0.175,numerical phase witness upper<0; positive conservative lower certifies sound,VERIFIED
S1,leave_environment_B_antenna,random_orthogonal,fixed_coverage_grid,full_state_margin,400,400,1.0,399,0,0.9975,0.9975,400,1.0,285,0.7125,numerical phase witness upper<0; positive conservative lower certifies sound,VERIFIED
S1,leave_environment_B_antenna,permuted_polynomial,certificate_matched,exact_fiber,400,14,0.035,0,0,0.0,0.0,14,1.0,11,0.7857142857142857,numerical phase witness upper<0; positive conservative lower certifies sound,VERIFIED
S1,leave_environment_B_antenna,permuted_polynomial,certificate_matched,center_margin,400,14,0.035,10,0,0.7142857142857143,0.7142857142857143,4,0.2857142857142857,5,0.35714285714285715,numerical phase witness upper<0; positive conservative lower certifies sound,VERIFIED
S1,leave_environment_B_antenna,permuted_polynomial,certificate_matched,maximum_response,400,14,0.035,14,0,1.0,1.0,0,0.0,0,0.0,numerical phase witness upper<0; positive conservative lower certifies sound,VERIFIED
S1,leave_environment_B_antenna,permuted_polynomial,certificate_matched,negative_entropy,400,14,0.035,14,0,1.0,1.0,0,0.0,0,0.0,numerical phase witness upper<0; positive conservative lower certifies sound,VERIFIED
S1,leave_environment_B_antenna,permuted_polynomial,certificate_matched,full_state_margin,400,14,0.035,14,0,1.0,1.0,14,1.0,14,1.0,numerical phase witness upper<0; positive conservative lower certifies sound,VERIFIED
S1,leave_environment_B_antenna,permuted_polynomial,fixed_coverage_grid,center_margin,400,20,0.05,16,0,0.8,0.8,4,0.2,5,0.25,numerical phase witness upper<0; positive conservative lower certifies sound,VERIFIED
S1,leave_environment_B_antenna,permuted_polynomial,fixed_coverage_grid,maximum_response,400,20,0.05,20,0,1.0,1.0,0,0.0,0,0.0,numerical phase witness upper<0; positive conservative lower certifies sound,VERIFIED
S1,leave_environment_B_antenna,permuted_polynomial,fixed_coverage_grid,negative_entropy,400,20,0.05,20,0,1.0,1.0,0,0.0,0,0.0,numerical phase witness upper<0; positive conservative lower certifies sound,VERIFIED
S1,leave_environment_B_antenna,permuted_polynomial,fixed_coverage_grid,full_state_margin,400,20,0.05,19,0,0.95,0.95,20,1.0,20,1.0,numerical phase witness upper<0; positive conservative lower certifies sound,VERIFIED
S1,leave_environment_B_antenna,permuted_polynomial,fixed_coverage_grid,center_margin,400,40,0.1,34,0,0.85,0.85,7,0.175,7,0.175,numerical phase witness upper<0; positive conservative lower certifies sound,VERIFIED
S1,leave_environment_B_antenna,permuted_polynomial,fixed_coverage_grid,maximum_response,400,40,0.1,39,0,0.975,0.975,2,0.05,2,0.05,numerical phase witness upper<0; positive conservative lower certifies sound,VERIFIED
S1,leave_environment_B_antenna,permuted_polynomial,fixed_coverage_grid,negative_entropy,400,40,0.1,40,0,1.0,1.0,2,0.05,2,0.05,numerical phase witness upper<0; positive conservative lower certifies sound,VERIFIED
S1,leave_environment_B_antenna,permuted_polynomial,fixed_coverage_grid,full_state_margin,400,40,0.1,38,0,0.95,0.95,40,1.0,40,1.0,numerical phase witness upper<0; positive conservative lower certifies sound,VERIFIED
S1,leave_environment_B_antenna,permuted_polynomial,fixed_coverage_grid,center_margin,400,80,0.2,72,0,0.9,0.9,13,0.1625,14,0.175,numerical phase witness upper<0; positive conservative lower certifies sound,VERIFIED
S1,leave_environment_B_antenna,permuted_polynomial,fixed_coverage_grid,maximum_response,400,80,0.2,76,0,0.95,0.95,9,0.1125,8,0.1,numerical phase witness upper<0; positive conservative lower certifies sound,VERIFIED
S1,leave_environment_B_antenna,permuted_polynomial,fixed_coverage_grid,negative_entropy,400,80,0.2,78,0,0.975,0.975,7,0.0875,5,0.0625,numerical phase witness upper<0; positive conservative lower certifies sound,VERIFIED
S1,leave_environment_B_antenna,permuted_polynomial,fixed_coverage_grid,full_state_margin,400,80,0.2,75,0,0.9375,0.9375,80,1.0,78,0.975,numerical phase witness upper<0; positive conservative lower certifies sound,VERIFIED
S1,leave_environment_B_antenna,permuted_polynomial,fixed_coverage_grid,center_margin,400,160,0.4,147,0,0.91875,0.91875,30,0.1875,30,0.1875,numerical phase witness upper<0; positive conservative lower certifies sound,VERIFIED
S1,leave_environment_B_antenna,permuted_polynomial,fixed_coverage_grid,maximum_response,400,160,0.4,156,0,0.975,0.975,22,0.1375,21,0.13125,numerical phase witness upper<0; positive conservative lower certifies sound,VERIFIED
S1,leave_environment_B_antenna,permuted_polynomial,fixed_coverage_grid,negative_entropy,400,160,0.4,156,0,0.975,0.975,23,0.14375,21,0.13125,numerical phase witness upper<0; positive conservative lower certifies sound,VERIFIED
S1,leave_environment_B_antenna,permuted_polynomial,fixed_coverage_grid,full_state_margin,400,160,0.4,151,0,0.94375,0.94375,160,1.0,149,0.93125,numerical phase witness upper<0; positive conservative lower certifies sound,VERIFIED
S1,leave_environment_B_antenna,permuted_polynomial,fixed_coverage_grid,center_margin,400,240,0.6,226,0,0.9416666666666667,0.9416666666666667,51,0.2125,52,0.21666666666666667,numerical phase witness upper<0; positive conservative lower certifies sound,VERIFIED
S1,leave_environment_B_antenna,permuted_polynomial,fixed_coverage_grid,maximum_response,400,240,0.6,234,0,0.975,0.975,50,0.20833333333333334,47,0.19583333333333333,numerical phase witness upper<0; positive conservative lower certifies sound,VERIFIED
S1,leave_environment_B_antenna,permuted_polynomial,fixed_coverage_grid,negative_entropy,400,240,0.6,235,0,0.9791666666666666,0.9791666666666666,50,0.20833333333333334,46,0.19166666666666668,numerical phase witness upper<0; positive conservative lower certifies sound,VERIFIED
S1,leave_environment_B_antenna,permuted_polynomial,fixed_coverage_grid,full_state_margin,400,240,0.6,229,0,0.9541666666666667,0.9541666666666667,240,1.0,206,0.8583333333333333,numerical phase witness upper<0; positive conservative lower certifies sound,VERIFIED
S1,leave_environment_B_antenna,permuted_polynomial,fixed_coverage_grid,center_margin,400,320,0.8,306,0,0.95625,0.95625,64,0.2,66,0.20625,numerical phase witness upper<0; positive conservative lower certifies sound,VERIFIED
S1,leave_environment_B_antenna,permuted_polynomial,fixed_coverage_grid,maximum_response,400,320,0.8,306,0,0.95625,0.95625,77,0.240625,72,0.225,numerical phase witness upper<0; positive conservative lower certifies sound,VERIFIED
S1,leave_environment_B_antenna,permuted_polynomial,fixed_coverage_grid,negative_entropy,400,320,0.8,306,0,0.95625,0.95625,78,0.24375,75,0.234375,numerical phase witness upper<0; positive conservative lower certifies sound,VERIFIED
S1,leave_environment_B_antenna,permuted_polynomial,fixed_coverage_grid,full_state_margin,400,320,0.8,308,0,0.9625,0.9625,320,1.0,252,0.7875,numerical phase witness upper<0; positive conservative lower certifies sound,VERIFIED
S1,leave_environment_B_antenna,permuted_polynomial,fixed_coverage_grid,center_margin,400,400,1.0,386,0,0.965,0.965,87,0.2175,89,0.2225,numerical phase witness upper<0; positive conservative lower certifies sound,VERIFIED
S1,leave_environment_B_antenna,permuted_polynomial,fixed_coverage_grid,maximum_response,400,400,1.0,386,0,0.965,0.965,87,0.2175,89,0.2225,numerical phase witness upper<0; positive conservative lower certifies sound,VERIFIED
S1,leave_environment_B_antenna,permuted_polynomial,fixed_coverage_grid,negative_entropy,400,400,1.0,386,0,0.965,0.965,87,0.2175,89,0.2225,numerical phase witness upper<0; positive conservative lower certifies sound,VERIFIED
S1,leave_environment_B_antenna,permuted_polynomial,fixed_coverage_grid,full_state_margin,400,400,1.0,386,0,0.965,0.965,400,1.0,285,0.7125,numerical phase witness upper<0; positive conservative lower certifies sound,VERIFIED
S1,leave_environment_B_walk,coordinate,certificate_matched,exact_fiber,400,0,0.0,0,0,,,0,,0,,numerical phase witness upper<0; positive conservative lower certifies sound,VERIFIED
S1,leave_environment_B_walk,coordinate,certificate_matched,center_margin,400,0,0.0,0,0,,,0,,0,,numerical phase witness upper<0; positive conservative lower certifies sound,VERIFIED
S1,leave_environment_B_walk,coordinate,certificate_matched,maximum_response,400,0,0.0,0,0,,,0,,0,,numerical phase witness upper<0; positive conservative lower certifies sound,VERIFIED
S1,leave_environment_B_walk,coordinate,certificate_matched,negative_entropy,400,0,0.0,0,0,,,0,,0,,numerical phase witness upper<0; positive conservative lower certifies sound,VERIFIED
S1,leave_environment_B_walk,coordinate,certificate_matched,full_state_margin,400,0,0.0,0,0,,,0,,0,,numerical phase witness upper<0; positive conservative lower certifies sound,VERIFIED
S1,leave_environment_B_walk,coordinate,fixed_coverage_grid,center_margin,400,20,0.05,20,0,1.0,1.0,9,0.45,8,0.4,numerical phase witness upper<0; positive conservative lower certifies sound,VERIFIED
S1,leave_environment_B_walk,coordinate,fixed_coverage_grid,maximum_response,400,20,0.05,20,0,1.0,1.0,5,0.25,4,0.2,numerical phase witness upper<0; positive conservative lower certifies sound,VERIFIED
S1,leave_environment_B_walk,coordinate,fixed_coverage_grid,negative_entropy,400,20,0.05,20,0,1.0,1.0,10,0.5,8,0.4,numerical phase witness upper<0; positive conservative lower certifies sound,VERIFIED
S1,leave_environment_B_walk,coordinate,fixed_coverage_grid,full_state_margin,400,20,0.05,20,0,1.0,1.0,20,1.0,20,1.0,numerical phase witness upper<0; positive conservative lower certifies sound,VERIFIED
S1,leave_environment_B_walk,coordinate,fixed_coverage_grid,center_margin,400,40,0.1,40,0,1.0,1.0,13,0.325,11,0.275,numerical phase witness upper<0; positive conservative lower certifies sound,VERIFIED
S1,leave_environment_B_walk,coordinate,fixed_coverage_grid,maximum_response,400,40,0.1,40,0,1.0,1.0,12,0.3,11,0.275,numerical phase witness upper<0; positive conservative lower certifies sound,VERIFIED
S1,leave_environment_B_walk,coordinate,fixed_coverage_grid,negative_entropy,400,40,0.1,40,0,1.0,1.0,14,0.35,12,0.3,numerical phase witness upper<0; positive conservative lower certifies sound,VERIFIED
S1,leave_environment_B_walk,coordinate,fixed_coverage_grid,full_state_margin,400,40,0.1,40,0,1.0,1.0,40,1.0,40,1.0,numerical phase witness upper<0; positive conservative lower certifies sound,VERIFIED
S1,leave_environment_B_walk,coordinate,fixed_coverage_grid,center_margin,400,80,0.2,80,0,1.0,1.0,24,0.3,21,0.2625,numerical phase witness upper<0; positive conservative lower certifies sound,VERIFIED
S1,leave_environment_B_walk,coordinate,fixed_coverage_grid,maximum_response,400,80,0.2,80,0,1.0,1.0,15,0.1875,15,0.1875,numerical phase witness upper<0; positive conservative lower certifies sound,VERIFIED
S1,leave_environment_B_walk,coordinate,fixed_coverage_grid,negative_entropy,400,80,0.2,80,0,1.0,1.0,23,0.2875,21,0.2625,numerical phase witness upper<0; positive conservative lower certifies sound,VERIFIED
S1,leave_environment_B_walk,coordinate,fixed_coverage_grid,full_state_margin,400,80,0.2,80,0,1.0,1.0,80,1.0,78,0.975,numerical phase witness upper<0; positive conservative lower certifies sound,VERIFIED
S1,leave_environment_B_walk,coordinate,fixed_coverage_grid,center_margin,400,160,0.4,160,0,1.0,1.0,37,0.23125,35,0.21875,numerical phase witness upper<0; positive conservative lower certifies sound,VERIFIED
S1,leave_environment_B_walk,coordinate,fixed_coverage_grid,maximum_response,400,160,0.4,160,0,1.0,1.0,23,0.14375,22,0.1375,numerical phase witness upper<0; positive conservative lower certifies sound,VERIFIED
S1,leave_environment_B_walk,coordinate,fixed_coverage_grid,negative_entropy,400,160,0.4,160,0,1.0,1.0,34,0.2125,31,0.19375,numerical phase witness upper<0; positive conservative lower certifies sound,VERIFIED
S1,leave_environment_B_walk,coordinate,fixed_coverage_grid,full_state_margin,400,160,0.4,160,0,1.0,1.0,160,1.0,155,0.96875,numerical phase witness upper<0; positive conservative lower certifies sound,VERIFIED
S1,leave_environment_B_walk,coordinate,fixed_coverage_grid,center_margin,400,240,0.6,240,0,1.0,1.0,46,0.19166666666666668,42,0.175,numerical phase witness upper<0; positive conservative lower certifies sound,VERIFIED
S1,leave_environment_B_walk,coordinate,fixed_coverage_grid,maximum_response,400,240,0.6,240,0,1.0,1.0,32,0.13333333333333333,30,0.125,numerical phase witness upper<0; positive conservative lower certifies sound,VERIFIED
S1,leave_environment_B_walk,coordinate,fixed_coverage_grid,negative_entropy,400,240,0.6,240,0,1.0,1.0,38,0.15833333333333333,35,0.14583333333333334,numerical phase witness upper<0; positive conservative lower certifies sound,VERIFIED
S1,leave_environment_B_walk,coordinate,fixed_coverage_grid,full_state_margin,400,240,0.6,240,0,1.0,1.0,240,1.0,225,0.9375,numerical phase witness upper<0; positive conservative lower certifies sound,VERIFIED
S1,leave_environment_B_walk,coordinate,fixed_coverage_grid,center_margin,400,320,0.8,320,0,1.0,1.0,54,0.16875,49,0.153125,numerical phase witness upper<0; positive conservative lower certifies sound,VERIFIED
S1,leave_environment_B_walk,coordinate,fixed_coverage_grid,maximum_response,400,320,0.8,320,0,1.0,1.0,45,0.140625,40,0.125,numerical phase witness upper<0; positive conservative lower certifies sound,VERIFIED
S1,leave_environment_B_walk,coordinate,fixed_coverage_grid,negative_entropy,400,320,0.8,320,0,1.0,1.0,48,0.15,42,0.13125,numerical phase witness upper<0; positive conservative lower certifies sound,VERIFIED
S1,leave_environment_B_walk,coordinate,fixed_coverage_grid,full_state_margin,400,320,0.8,320,0,1.0,1.0,320,1.0,283,0.884375,numerical phase witness upper<0; positive conservative lower certifies sound,VERIFIED
S1,leave_environment_B_walk,coordinate,fixed_coverage_grid,center_margin,400,400,1.0,400,0,1.0,1.0,66,0.165,59,0.1475,numerical phase witness upper<0; positive conservative lower certifies sound,VERIFIED
S1,leave_environment_B_walk,coordinate,fixed_coverage_grid,maximum_response,400,400,1.0,400,0,1.0,1.0,66,0.165,59,0.1475,numerical phase witness upper<0; positive conservative lower certifies sound,VERIFIED
S1,leave_environment_B_walk,coordinate,fixed_coverage_grid,negative_entropy,400,400,1.0,400,0,1.0,1.0,66,0.165,59,0.1475,numerical phase witness upper<0; positive conservative lower certifies sound,VERIFIED
S1,leave_environment_B_walk,coordinate,fixed_coverage_grid,full_state_margin,400,400,1.0,400,0,1.0,1.0,400,1.0,317,0.7925,numerical phase witness upper<0; positive conservative lower certifies sound,VERIFIED
S1,leave_environment_B_walk,dct,certificate_matched,exact_fiber,400,1,0.0025,0,0,0.0,0.0,1,1.0,0,0.0,numerical phase witness upper<0; positive conservative lower certifies sound,VERIFIED
S1,leave_environment_B_walk,dct,certificate_matched,center_margin,400,1,0.0025,1,0,1.0,1.0,0,0.0,0,0.0,numerical phase witness upper<0; positive conservative lower certifies sound,VERIFIED
S1,leave_environment_B_walk,dct,certificate_matched,maximum_response,400,1,0.0025,1,0,1.0,1.0,0,0.0,0,0.0,numerical phase witness upper<0; positive conservative lower certifies sound,VERIFIED
S1,leave_environment_B_walk,dct,certificate_matched,negative_entropy,400,1,0.0025,1,0,1.0,1.0,0,0.0,0,0.0,numerical phase witness upper<0; positive conservative lower certifies sound,VERIFIED
S1,leave_environment_B_walk,dct,certificate_matched,full_state_margin,400,1,0.0025,1,0,1.0,1.0,1,1.0,1,1.0,numerical phase witness upper<0; positive conservative lower certifies sound,VERIFIED
S1,leave_environment_B_walk,dct,fixed_coverage_grid,center_margin,400,20,0.05,19,0,0.95,0.95,6,0.3,5,0.25,numerical phase witness upper<0; positive conservative lower certifies sound,VERIFIED
S1,leave_environment_B_walk,dct,fixed_coverage_grid,maximum_response,400,20,0.05,19,0,0.95,0.95,8,0.4,8,0.4,numerical phase witness upper<0; positive conservative lower certifies sound,VERIFIED
S1,leave_environment_B_walk,dct,fixed_coverage_grid,negative_entropy,400,20,0.05,19,0,0.95,0.95,9,0.45,9,0.45,numerical phase witness upper<0; positive conservative lower certifies sound,VERIFIED
S1,leave_environment_B_walk,dct,fixed_coverage_grid,full_state_margin,400,20,0.05,20,0,1.0,1.0,20,1.0,20,1.0,numerical phase witness upper<0; positive conservative lower certifies sound,VERIFIED
S1,leave_environment_B_walk,dct,fixed_coverage_grid,center_margin,400,40,0.1,39,0,0.975,0.975,11,0.275,11,0.275,numerical phase witness upper<0; positive conservative lower certifies sound,VERIFIED
S1,leave_environment_B_walk,dct,fixed_coverage_grid,maximum_response,400,40,0.1,39,0,0.975,0.975,13,0.325,14,0.35,numerical phase witness upper<0; positive conservative lower certifies sound,VERIFIED
S1,leave_environment_B_walk,dct,fixed_coverage_grid,negative_entropy,400,40,0.1,39,0,0.975,0.975,15,0.375,16,0.4,numerical phase witness upper<0; positive conservative lower certifies sound,VERIFIED
S1,leave_environment_B_walk,dct,fixed_coverage_grid,full_state_margin,400,40,0.1,40,0,1.0,1.0,40,1.0,40,1.0,numerical phase witness upper<0; positive conservative lower certifies sound,VERIFIED
S1,leave_environment_B_walk,dct,fixed_coverage_grid,center_margin,400,80,0.2,79,0,0.9875,0.9875,28,0.35,28,0.35,numerical phase witness upper<0; positive conservative lower certifies sound,VERIFIED
S1,leave_environment_B_walk,dct,fixed_coverage_grid,maximum_response,400,80,0.2,79,0,0.9875,0.9875,20,0.25,21,0.2625,numerical phase witness upper<0; positive conservative lower certifies sound,VERIFIED
S1,leave_environment_B_walk,dct,fixed_coverage_grid,negative_entropy,400,80,0.2,79,0,0.9875,0.9875,21,0.2625,23,0.2875,numerical phase witness upper<0; positive conservative lower certifies sound,VERIFIED
S1,leave_environment_B_walk,dct,fixed_coverage_grid,full_state_margin,400,80,0.2,79,0,0.9875,0.9875,80,1.0,78,0.975,numerical phase witness upper<0; positive conservative lower certifies sound,VERIFIED
S1,leave_environment_B_walk,dct,fixed_coverage_grid,center_margin,400,160,0.4,159,0,0.99375,0.99375,58,0.3625,61,0.38125,numerical phase witness upper<0; positive conservative lower certifies sound,VERIFIED
S1,leave_environment_B_walk,dct,fixed_coverage_grid,maximum_response,400,160,0.4,159,0,0.99375,0.99375,39,0.24375,41,0.25625,numerical phase witness upper<0; positive conservative lower certifies sound,VERIFIED
S1,leave_environment_B_walk,dct,fixed_coverage_grid,negative_entropy,400,160,0.4,159,0,0.99375,0.99375,38,0.2375,40,0.25,numerical phase witness upper<0; positive conservative lower certifies sound,VERIFIED
S1,leave_environment_B_walk,dct,fixed_coverage_grid,full_state_margin,400,160,0.4,159,0,0.99375,0.99375,160,1.0,155,0.96875,numerical phase witness upper<0; positive conservative lower certifies sound,VERIFIED
S1,leave_environment_B_walk,dct,fixed_coverage_grid,center_margin,400,240,0.6,239,0,0.9958333333333333,0.9958333333333333,83,0.3458333333333333,85,0.3541666666666667,numerical phase witness upper<0; positive conservative lower certifies sound,VERIFIED
S1,leave_environment_B_walk,dct,fixed_coverage_grid,maximum_response,400,240,0.6,239,0,0.9958333333333333,0.9958333333333333,82,0.3416666666666667,83,0.3458333333333333,numerical phase witness upper<0; positive conservative lower certifies sound,VERIFIED
S1,leave_environment_B_walk,dct,fixed_coverage_grid,negative_entropy,400,240,0.6,239,0,0.9958333333333333,0.9958333333333333,75,0.3125,77,0.32083333333333336,numerical phase witness upper<0; positive conservative lower certifies sound,VERIFIED
S1,leave_environment_B_walk,dct,fixed_coverage_grid,full_state_margin,400,240,0.6,239,0,0.9958333333333333,0.9958333333333333,240,1.0,225,0.9375,numerical phase witness upper<0; positive conservative lower certifies sound,VERIFIED
S1,leave_environment_B_walk,dct,fixed_coverage_grid,center_margin,400,320,0.8,319,0,0.996875,0.996875,105,0.328125,104,0.325,numerical phase witness upper<0; positive conservative lower certifies sound,VERIFIED
S1,leave_environment_B_walk,dct,fixed_coverage_grid,maximum_response,400,320,0.8,319,0,0.996875,0.996875,114,0.35625,114,0.35625,numerical phase witness upper<0; positive conservative lower certifies sound,VERIFIED
S1,leave_environment_B_walk,dct,fixed_coverage_grid,negative_entropy,400,320,0.8,319,0,0.996875,0.996875,113,0.353125,113,0.353125,numerical phase witness upper<0; positive conservative lower certifies sound,VERIFIED
S1,leave_environment_B_walk,dct,fixed_coverage_grid,full_state_margin,400,320,0.8,319,0,0.996875,0.996875,320,1.0,283,0.884375,numerical phase witness upper<0; positive conservative lower certifies sound,VERIFIED
S1,leave_environment_B_walk,dct,fixed_coverage_grid,center_margin,400,400,1.0,399,0,0.9975,0.9975,123,0.3075,124,0.31,numerical phase witness upper<0; positive conservative lower certifies sound,VERIFIED
S1,leave_environment_B_walk,dct,fixed_coverage_grid,maximum_response,400,400,1.0,399,0,0.9975,0.9975,123,0.3075,124,0.31,numerical phase witness upper<0; positive conservative lower certifies sound,VERIFIED
S1,leave_environment_B_walk,dct,fixed_coverage_grid,negative_entropy,400,400,1.0,399,0,0.9975,0.9975,123,0.3075,124,0.31,numerical phase witness upper<0; positive conservative lower certifies sound,VERIFIED
S1,leave_environment_B_walk,dct,fixed_coverage_grid,full_state_margin,400,400,1.0,399,0,0.9975,0.9975,400,1.0,317,0.7925,numerical phase witness upper<0; positive conservative lower certifies sound,VERIFIED
S1,leave_environment_B_walk,dft,certificate_matched,exact_fiber,400,23,0.0575,0,0,0.0,0.0,23,1.0,23,1.0,numerical phase witness upper<0; positive conservative lower certifies sound,VERIFIED
S1,leave_environment_B_walk,dft,certificate_matched,center_margin,400,23,0.0575,14,0,0.6086956521739131,0.6086956521739131,9,0.391304347826087,9,0.391304347826087,numerical phase witness upper<0; positive conservative lower certifies sound,VERIFIED
S1,leave_environment_B_walk,dft,certificate_matched,maximum_response,400,23,0.0575,23,0,1.0,1.0,0,0.0,1,0.043478260869565216,numerical phase witness upper<0; positive conservative lower certifies sound,VERIFIED
S1,leave_environment_B_walk,dft,certificate_matched,negative_entropy,400,23,0.0575,22,0,0.9565217391304348,0.9565217391304348,1,0.043478260869565216,2,0.08695652173913043,numerical phase witness upper<0; positive conservative lower certifies sound,VERIFIED
S1,leave_environment_B_walk,dft,certificate_matched,full_state_margin,400,23,0.0575,17,0,0.7391304347826086,0.7391304347826086,23,1.0,23,1.0,numerical phase witness upper<0; positive conservative lower certifies sound,VERIFIED
S1,leave_environment_B_walk,dft,fixed_coverage_grid,center_margin,400,20,0.05,11,0,0.55,0.55,9,0.45,9,0.45,numerical phase witness upper<0; positive conservative lower certifies sound,VERIFIED
S1,leave_environment_B_walk,dft,fixed_coverage_grid,maximum_response,400,20,0.05,20,0,1.0,1.0,0,0.0,1,0.05,numerical phase witness upper<0; positive conservative lower certifies sound,VERIFIED
S1,leave_environment_B_walk,dft,fixed_coverage_grid,negative_entropy,400,20,0.05,19,0,0.95,0.95,1,0.05,2,0.1,numerical phase witness upper<0; positive conservative lower certifies sound,VERIFIED
S1,leave_environment_B_walk,dft,fixed_coverage_grid,full_state_margin,400,20,0.05,14,0,0.7,0.7,20,1.0,20,1.0,numerical phase witness upper<0; positive conservative lower certifies sound,VERIFIED
S1,leave_environment_B_walk,dft,fixed_coverage_grid,center_margin,400,40,0.1,29,0,0.725,0.725,14,0.35,14,0.35,numerical phase witness upper<0; positive conservative lower certifies sound,VERIFIED
S1,leave_environment_B_walk,dft,fixed_coverage_grid,maximum_response,400,40,0.1,39,0,0.975,0.975,2,0.05,3,0.075,numerical phase witness upper<0; positive conservative lower certifies sound,VERIFIED
S1,leave_environment_B_walk,dft,fixed_coverage_grid,negative_entropy,400,40,0.1,39,0,0.975,0.975,1,0.025,2,0.05,numerical phase witness upper<0; positive conservative lower certifies sound,VERIFIED
S1,leave_environment_B_walk,dft,fixed_coverage_grid,full_state_margin,400,40,0.1,31,0,0.775,0.775,40,1.0,40,1.0,numerical phase witness upper<0; positive conservative lower certifies sound,VERIFIED
S1,leave_environment_B_walk,dft,fixed_coverage_grid,center_margin,400,80,0.2,62,0,0.775,0.775,26,0.325,27,0.3375,numerical phase witness upper<0; positive conservative lower certifies sound,VERIFIED
S1,leave_environment_B_walk,dft,fixed_coverage_grid,maximum_response,400,80,0.2,79,0,0.9875,0.9875,5,0.0625,6,0.075,numerical phase witness upper<0; positive conservative lower certifies sound,VERIFIED
S1,leave_environment_B_walk,dft,fixed_coverage_grid,negative_entropy,400,80,0.2,74,0,0.925,0.925,8,0.1,9,0.1125,numerical phase witness upper<0; positive conservative lower certifies sound,VERIFIED
S1,leave_environment_B_walk,dft,fixed_coverage_grid,full_state_margin,400,80,0.2,68,0,0.85,0.85,80,1.0,78,0.975,numerical phase witness upper<0; positive conservative lower certifies sound,VERIFIED
S1,leave_environment_B_walk,dft,fixed_coverage_grid,center_margin,400,160,0.4,137,0,0.85625,0.85625,41,0.25625,40,0.25,numerical phase witness upper<0; positive conservative lower certifies sound,VERIFIED
S1,leave_environment_B_walk,dft,fixed_coverage_grid,maximum_response,400,160,0.4,151,0,0.94375,0.94375,20,0.125,19,0.11875,numerical phase witness upper<0; positive conservative lower certifies sound,VERIFIED
S1,leave_environment_B_walk,dft,fixed_coverage_grid,negative_entropy,400,160,0.4,150,0,0.9375,0.9375,22,0.1375,22,0.1375,numerical phase witness upper<0; positive conservative lower certifies sound,VERIFIED
S1,leave_environment_B_walk,dft,fixed_coverage_grid,full_state_margin,400,160,0.4,137,0,0.85625,0.85625,160,1.0,155,0.96875,numerical phase witness upper<0; positive conservative lower certifies sound,VERIFIED
S1,leave_environment_B_walk,dft,fixed_coverage_grid,center_margin,400,240,0.6,217,0,0.9041666666666667,0.9041666666666667,56,0.23333333333333334,54,0.225,numerical phase witness upper<0; positive conservative lower certifies sound,VERIFIED
S1,leave_environment_B_walk,dft,fixed_coverage_grid,maximum_response,400,240,0.6,218,0,0.9083333333333333,0.9083333333333333,49,0.20416666666666666,47,0.19583333333333333,numerical phase witness upper<0; positive conservative lower certifies sound,VERIFIED
S1,leave_environment_B_walk,dft,fixed_coverage_grid,negative_entropy,400,240,0.6,222,0,0.925,0.925,46,0.19166666666666668,44,0.18333333333333332,numerical phase witness upper<0; positive conservative lower certifies sound,VERIFIED
S1,leave_environment_B_walk,dft,fixed_coverage_grid,full_state_margin,400,240,0.6,217,0,0.9041666666666667,0.9041666666666667,240,1.0,225,0.9375,numerical phase witness upper<0; positive conservative lower certifies sound,VERIFIED
S1,leave_environment_B_walk,dft,fixed_coverage_grid,center_margin,400,320,0.8,297,0,0.928125,0.928125,68,0.2125,65,0.203125,numerical phase witness upper<0; positive conservative lower certifies sound,VERIFIED
S1,leave_environment_B_walk,dft,fixed_coverage_grid,maximum_response,400,320,0.8,297,0,0.928125,0.928125,72,0.225,69,0.215625,numerical phase witness upper<0; positive conservative lower certifies sound,VERIFIED
S1,leave_environment_B_walk,dft,fixed_coverage_grid,negative_entropy,400,320,0.8,297,0,0.928125,0.928125,70,0.21875,67,0.209375,numerical phase witness upper<0; positive conservative lower certifies sound,VERIFIED
S1,leave_environment_B_walk,dft,fixed_coverage_grid,full_state_margin,400,320,0.8,297,0,0.928125,0.928125,320,1.0,283,0.884375,numerical phase witness upper<0; positive conservative lower certifies sound,VERIFIED
S1,leave_environment_B_walk,dft,fixed_coverage_grid,center_margin,400,400,1.0,377,0,0.9425,0.9425,78,0.195,76,0.19,numerical phase witness upper<0; positive conservative lower certifies sound,VERIFIED
S1,leave_environment_B_walk,dft,fixed_coverage_grid,maximum_response,400,400,1.0,377,0,0.9425,0.9425,78,0.195,76,0.19,numerical phase witness upper<0; positive conservative lower certifies sound,VERIFIED
S1,leave_environment_B_walk,dft,fixed_coverage_grid,negative_entropy,400,400,1.0,377,0,0.9425,0.9425,78,0.195,76,0.19,numerical phase witness upper<0; positive conservative lower certifies sound,VERIFIED
S1,leave_environment_B_walk,dft,fixed_coverage_grid,full_state_margin,400,400,1.0,377,0,0.9425,0.9425,400,1.0,317,0.7925,numerical phase witness upper<0; positive conservative lower certifies sound,VERIFIED
S1,leave_environment_B_walk,polynomial,certificate_matched,exact_fiber,400,341,0.8525,0,0,0.0,0.0,341,1.0,291,0.8533724340175953,numerical phase witness upper<0; positive conservative lower certifies sound,VERIFIED
S1,leave_environment_B_walk,polynomial,certificate_matched,center_margin,400,341,0.8525,15,0,0.04398826979472141,0.04398826979472141,338,0.9912023460410557,295,0.8651026392961877,numerical phase witness upper<0; positive conservative lower certifies sound,VERIFIED
S1,leave_environment_B_walk,polynomial,certificate_matched,maximum_response,400,341,0.8525,26,0,0.07624633431085044,0.07624633431085044,335,0.9824046920821115,295,0.8651026392961877,numerical phase witness upper<0; positive conservative lower certifies sound,VERIFIED
S1,leave_environment_B_walk,polynomial,certificate_matched,negative_entropy,400,341,0.8525,35,0,0.10263929618768329,0.10263929618768329,334,0.9794721407624634,290,0.8504398826979472,numerical phase witness upper<0; positive conservative lower certifies sound,VERIFIED
S1,leave_environment_B_walk,polynomial,certificate_matched,full_state_margin,400,341,0.8525,25,0,0.07331378299120235,0.07331378299120235,341,1.0,295,0.8651026392961877,numerical phase witness upper<0; positive conservative lower certifies sound,VERIFIED
S1,leave_environment_B_walk,polynomial,fixed_coverage_grid,center_margin,400,20,0.05,0,0,0.0,0.0,20,1.0,20,1.0,numerical phase witness upper<0; positive conservative lower certifies sound,VERIFIED
S1,leave_environment_B_walk,polynomial,fixed_coverage_grid,maximum_response,400,20,0.05,0,0,0.0,0.0,20,1.0,18,0.9,numerical phase witness upper<0; positive conservative lower certifies sound,VERIFIED
S1,leave_environment_B_walk,polynomial,fixed_coverage_grid,negative_entropy,400,20,0.05,0,0,0.0,0.0,20,1.0,18,0.9,numerical phase witness upper<0; positive conservative lower certifies sound,VERIFIED
S1,leave_environment_B_walk,polynomial,fixed_coverage_grid,full_state_margin,400,20,0.05,0,0,0.0,0.0,20,1.0,20,1.0,numerical phase witness upper<0; positive conservative lower certifies sound,VERIFIED
S1,leave_environment_B_walk,polynomial,fixed_coverage_grid,center_margin,400,40,0.1,0,0,0.0,0.0,40,1.0,39,0.975,numerical phase witness upper<0; positive conservative lower certifies sound,VERIFIED
S1,leave_environment_B_walk,polynomial,fixed_coverage_grid,maximum_response,400,40,0.1,0,0,0.0,0.0,40,1.0,37,0.925,numerical phase witness upper<0; positive conservative lower certifies sound,VERIFIED
S1,leave_environment_B_walk,polynomial,fixed_coverage_grid,negative_entropy,400,40,0.1,0,0,0.0,0.0,40,1.0,37,0.925,numerical phase witness upper<0; positive conservative lower certifies sound,VERIFIED
S1,leave_environment_B_walk,polynomial,fixed_coverage_grid,full_state_margin,400,40,0.1,0,0,0.0,0.0,40,1.0,40,1.0,numerical phase witness upper<0; positive conservative lower certifies sound,VERIFIED
S1,leave_environment_B_walk,polynomial,fixed_coverage_grid,center_margin,400,80,0.2,0,0,0.0,0.0,80,1.0,79,0.9875,numerical phase witness upper<0; positive conservative lower certifies sound,VERIFIED
S1,leave_environment_B_walk,polynomial,fixed_coverage_grid,maximum_response,400,80,0.2,0,0,0.0,0.0,80,1.0,77,0.9625,numerical phase witness upper<0; positive conservative lower certifies sound,VERIFIED
S1,leave_environment_B_walk,polynomial,fixed_coverage_grid,negative_entropy,400,80,0.2,3,0,0.0375,0.0375,78,0.975,76,0.95,numerical phase witness upper<0; positive conservative lower certifies sound,VERIFIED
S1,leave_environment_B_walk,polynomial,fixed_coverage_grid,full_state_margin,400,80,0.2,0,0,0.0,0.0,80,1.0,78,0.975,numerical phase witness upper<0; positive conservative lower certifies sound,VERIFIED
S1,leave_environment_B_walk,polynomial,fixed_coverage_grid,center_margin,400,160,0.4,0,0,0.0,0.0,160,1.0,157,0.98125,numerical phase witness upper<0; positive conservative lower certifies sound,VERIFIED
S1,leave_environment_B_walk,polynomial,fixed_coverage_grid,maximum_response,400,160,0.4,2,0,0.0125,0.0125,159,0.99375,155,0.96875,numerical phase witness upper<0; positive conservative lower certifies sound,VERIFIED
S1,leave_environment_B_walk,polynomial,fixed_coverage_grid,negative_entropy,400,160,0.4,7,0,0.04375,0.04375,157,0.98125,153,0.95625,numerical phase witness upper<0; positive conservative lower certifies sound,VERIFIED
S1,leave_environment_B_walk,polynomial,fixed_coverage_grid,full_state_margin,400,160,0.4,0,0,0.0,0.0,160,1.0,155,0.96875,numerical phase witness upper<0; positive conservative lower certifies sound,VERIFIED
S1,leave_environment_B_walk,polynomial,fixed_coverage_grid,center_margin,400,240,0.6,0,0,0.0,0.0,240,1.0,225,0.9375,numerical phase witness upper<0; positive conservative lower certifies sound,VERIFIED
S1,leave_environment_B_walk,polynomial,fixed_coverage_grid,maximum_response,400,240,0.6,8,0,0.03333333333333333,0.03333333333333333,237,0.9875,224,0.9333333333333333,numerical phase witness upper<0; positive conservative lower certifies sound,VERIFIED
S1,leave_environment_B_walk,polynomial,fixed_coverage_grid,negative_entropy,400,240,0.6,16,0,0.06666666666666667,0.06666666666666667,237,0.9875,218,0.9083333333333333,numerical phase witness upper<0; positive conservative lower certifies sound,VERIFIED
S1,leave_environment_B_walk,polynomial,fixed_coverage_grid,full_state_margin,400,240,0.6,2,0,0.008333333333333333,0.008333333333333333,240,1.0,225,0.9375,numerical phase witness upper<0; positive conservative lower certifies sound,VERIFIED
S1,leave_environment_B_walk,polynomial,fixed_coverage_grid,center_margin,400,320,0.8,5,0,0.015625,0.015625,320,1.0,287,0.896875,numerical phase witness upper<0; positive conservative lower certifies sound,VERIFIED
S1,leave_environment_B_walk,polynomial,fixed_coverage_grid,maximum_response,400,320,0.8,21,0,0.065625,0.065625,316,0.9875,282,0.88125,numerical phase witness upper<0; positive conservative lower certifies sound,VERIFIED
S1,leave_environment_B_walk,polynomial,fixed_coverage_grid,negative_entropy,400,320,0.8,31,0,0.096875,0.096875,315,0.984375,274,0.85625,numerical phase witness upper<0; positive conservative lower certifies sound,VERIFIED
S1,leave_environment_B_walk,polynomial,fixed_coverage_grid,full_state_margin,400,320,0.8,18,0,0.05625,0.05625,320,1.0,283,0.884375,numerical phase witness upper<0; positive conservative lower certifies sound,VERIFIED
S1,leave_environment_B_walk,polynomial,fixed_coverage_grid,center_margin,400,400,1.0,59,0,0.1475,0.1475,382,0.955,319,0.7975,numerical phase witness upper<0; positive conservative lower certifies sound,VERIFIED
S1,leave_environment_B_walk,polynomial,fixed_coverage_grid,maximum_response,400,400,1.0,59,0,0.1475,0.1475,382,0.955,319,0.7975,numerical phase witness upper<0; positive conservative lower certifies sound,VERIFIED
S1,leave_environment_B_walk,polynomial,fixed_coverage_grid,negative_entropy,400,400,1.0,59,0,0.1475,0.1475,382,0.955,319,0.7975,numerical phase witness upper<0; positive conservative lower certifies sound,VERIFIED
S1,leave_environment_B_walk,polynomial,fixed_coverage_grid,full_state_margin,400,400,1.0,59,0,0.1475,0.1475,400,1.0,317,0.7925,numerical phase witness upper<0; positive conservative lower certifies sound,VERIFIED
S1,leave_environment_B_walk,random_orthogonal,certificate_matched,exact_fiber,400,4,0.01,0,0,0.0,0.0,4,1.0,4,1.0,numerical phase witness upper<0; positive conservative lower certifies sound,VERIFIED
S1,leave_environment_B_walk,random_orthogonal,certificate_matched,center_margin,400,4,0.01,1,0,0.25,0.25,4,1.0,4,1.0,numerical phase witness upper<0; positive conservative lower certifies sound,VERIFIED
S1,leave_environment_B_walk,random_orthogonal,certificate_matched,maximum_response,400,4,0.01,2,0,0.5,0.5,3,0.75,3,0.75,numerical phase witness upper<0; positive conservative lower certifies sound,VERIFIED
S1,leave_environment_B_walk,random_orthogonal,certificate_matched,negative_entropy,400,4,0.01,1,0,0.25,0.25,4,1.0,4,1.0,numerical phase witness upper<0; positive conservative lower certifies sound,VERIFIED
S1,leave_environment_B_walk,random_orthogonal,certificate_matched,full_state_margin,400,4,0.01,1,0,0.25,0.25,4,1.0,4,1.0,numerical phase witness upper<0; positive conservative lower certifies sound,VERIFIED
S1,leave_environment_B_walk,random_orthogonal,fixed_coverage_grid,center_margin,400,20,0.05,16,0,0.8,0.8,17,0.85,15,0.75,numerical phase witness upper<0; positive conservative lower certifies sound,VERIFIED
S1,leave_environment_B_walk,random_orthogonal,fixed_coverage_grid,maximum_response,400,20,0.05,16,0,0.8,0.8,13,0.65,12,0.6,numerical phase witness upper<0; positive conservative lower certifies sound,VERIFIED
S1,leave_environment_B_walk,random_orthogonal,fixed_coverage_grid,negative_entropy,400,20,0.05,16,0,0.8,0.8,15,0.75,14,0.7,numerical phase witness upper<0; positive conservative lower certifies sound,VERIFIED
S1,leave_environment_B_walk,random_orthogonal,fixed_coverage_grid,full_state_margin,400,20,0.05,16,0,0.8,0.8,20,1.0,20,1.0,numerical phase witness upper<0; positive conservative lower certifies sound,VERIFIED
S1,leave_environment_B_walk,random_orthogonal,fixed_coverage_grid,center_margin,400,40,0.1,36,0,0.9,0.9,27,0.675,22,0.55,numerical phase witness upper<0; positive conservative lower certifies sound,VERIFIED
S1,leave_environment_B_walk,random_orthogonal,fixed_coverage_grid,maximum_response,400,40,0.1,36,0,0.9,0.9,26,0.65,24,0.6,numerical phase witness upper<0; positive conservative lower certifies sound,VERIFIED
S1,leave_environment_B_walk,random_orthogonal,fixed_coverage_grid,negative_entropy,400,40,0.1,36,0,0.9,0.9,26,0.65,23,0.575,numerical phase witness upper<0; positive conservative lower certifies sound,VERIFIED
S1,leave_environment_B_walk,random_orthogonal,fixed_coverage_grid,full_state_margin,400,40,0.1,36,0,0.9,0.9,40,1.0,40,1.0,numerical phase witness upper<0; positive conservative lower certifies sound,VERIFIED
S1,leave_environment_B_walk,random_orthogonal,fixed_coverage_grid,center_margin,400,80,0.2,76,0,0.95,0.95,34,0.425,28,0.35,numerical phase witness upper<0; positive conservative lower certifies sound,VERIFIED
S1,leave_environment_B_walk,random_orthogonal,fixed_coverage_grid,maximum_response,400,80,0.2,76,0,0.95,0.95,36,0.45,30,0.375,numerical phase witness upper<0; positive conservative lower certifies sound,VERIFIED
S1,leave_environment_B_walk,random_orthogonal,fixed_coverage_grid,negative_entropy,400,80,0.2,76,0,0.95,0.95,37,0.4625,30,0.375,numerical phase witness upper<0; positive conservative lower certifies sound,VERIFIED
S1,leave_environment_B_walk,random_orthogonal,fixed_coverage_grid,full_state_margin,400,80,0.2,76,0,0.95,0.95,80,1.0,78,0.975,numerical phase witness upper<0; positive conservative lower certifies sound,VERIFIED
S1,leave_environment_B_walk,random_orthogonal,fixed_coverage_grid,center_margin,400,160,0.4,156,0,0.975,0.975,45,0.28125,36,0.225,numerical phase witness upper<0; positive conservative lower certifies sound,VERIFIED
S1,leave_environment_B_walk,random_orthogonal,fixed_coverage_grid,maximum_response,400,160,0.4,156,0,0.975,0.975,49,0.30625,38,0.2375,numerical phase witness upper<0; positive conservative lower certifies sound,VERIFIED
S1,leave_environment_B_walk,random_orthogonal,fixed_coverage_grid,negative_entropy,400,160,0.4,156,0,0.975,0.975,48,0.3,38,0.2375,numerical phase witness upper<0; positive conservative lower certifies sound,VERIFIED
S1,leave_environment_B_walk,random_orthogonal,fixed_coverage_grid,full_state_margin,400,160,0.4,156,0,0.975,0.975,160,1.0,155,0.96875,numerical phase witness upper<0; positive conservative lower certifies sound,VERIFIED
S1,leave_environment_B_walk,random_orthogonal,fixed_coverage_grid,center_margin,400,240,0.6,236,0,0.9833333333333333,0.9833333333333333,49,0.20416666666666666,40,0.16666666666666666,numerical phase witness upper<0; positive conservative lower certifies sound,VERIFIED
S1,leave_environment_B_walk,random_orthogonal,fixed_coverage_grid,maximum_response,400,240,0.6,236,0,0.9833333333333333,0.9833333333333333,59,0.24583333333333332,45,0.1875,numerical phase witness upper<0; positive conservative lower certifies sound,VERIFIED
S1,leave_environment_B_walk,random_orthogonal,fixed_coverage_grid,negative_entropy,400,240,0.6,236,0,0.9833333333333333,0.9833333333333333,59,0.24583333333333332,45,0.1875,numerical phase witness upper<0; positive conservative lower certifies sound,VERIFIED
S1,leave_environment_B_walk,random_orthogonal,fixed_coverage_grid,full_state_margin,400,240,0.6,236,0,0.9833333333333333,0.9833333333333333,240,1.0,225,0.9375,numerical phase witness upper<0; positive conservative lower certifies sound,VERIFIED
S1,leave_environment_B_walk,random_orthogonal,fixed_coverage_grid,center_margin,400,320,0.8,316,0,0.9875,0.9875,59,0.184375,48,0.15,numerical phase witness upper<0; positive conservative lower certifies sound,VERIFIED
S1,leave_environment_B_walk,random_orthogonal,fixed_coverage_grid,maximum_response,400,320,0.8,316,0,0.9875,0.9875,66,0.20625,55,0.171875,numerical phase witness upper<0; positive conservative lower certifies sound,VERIFIED
S1,leave_environment_B_walk,random_orthogonal,fixed_coverage_grid,negative_entropy,400,320,0.8,316,0,0.9875,0.9875,67,0.209375,56,0.175,numerical phase witness upper<0; positive conservative lower certifies sound,VERIFIED
S1,leave_environment_B_walk,random_orthogonal,fixed_coverage_grid,full_state_margin,400,320,0.8,316,0,0.9875,0.9875,320,1.0,283,0.884375,numerical phase witness upper<0; positive conservative lower certifies sound,VERIFIED
S1,leave_environment_B_walk,random_orthogonal,fixed_coverage_grid,center_margin,400,400,1.0,396,0,0.99,0.99,69,0.1725,59,0.1475,numerical phase witness upper<0; positive conservative lower certifies sound,VERIFIED
S1,leave_environment_B_walk,random_orthogonal,fixed_coverage_grid,maximum_response,400,400,1.0,396,0,0.99,0.99,69,0.1725,59,0.1475,numerical phase witness upper<0; positive conservative lower certifies sound,VERIFIED
S1,leave_environment_B_walk,random_orthogonal,fixed_coverage_grid,negative_entropy,400,400,1.0,396,0,0.99,0.99,69,0.1725,59,0.1475,numerical phase witness upper<0; positive conservative lower certifies sound,VERIFIED
S1,leave_environment_B_walk,random_orthogonal,fixed_coverage_grid,full_state_margin,400,400,1.0,396,0,0.99,0.99,400,1.0,317,0.7925,numerical phase witness upper<0; positive conservative lower certifies sound,VERIFIED
S1,leave_environment_B_walk,permuted_polynomial,certificate_matched,exact_fiber,400,25,0.0625,0,0,0.0,0.0,25,1.0,25,1.0,numerical phase witness upper<0; positive conservative lower certifies sound,VERIFIED
S1,leave_environment_B_walk,permuted_polynomial,certificate_matched,center_margin,400,25,0.0625,18,0,0.72,0.72,8,0.32,7,0.28,numerical phase witness upper<0; positive conservative lower certifies sound,VERIFIED
S1,leave_environment_B_walk,permuted_polynomial,certificate_matched,maximum_response,400,25,0.0625,24,0,0.96,0.96,2,0.08,1,0.04,numerical phase witness upper<0; positive conservative lower certifies sound,VERIFIED
S1,leave_environment_B_walk,permuted_polynomial,certificate_matched,negative_entropy,400,25,0.0625,24,0,0.96,0.96,2,0.08,1,0.04,numerical phase witness upper<0; positive conservative lower certifies sound,VERIFIED
S1,leave_environment_B_walk,permuted_polynomial,certificate_matched,full_state_margin,400,25,0.0625,18,0,0.72,0.72,25,1.0,25,1.0,numerical phase witness upper<0; positive conservative lower certifies sound,VERIFIED
S1,leave_environment_B_walk,permuted_polynomial,fixed_coverage_grid,center_margin,400,20,0.05,15,0,0.75,0.75,6,0.3,5,0.25,numerical phase witness upper<0; positive conservative lower certifies sound,VERIFIED
S1,leave_environment_B_walk,permuted_polynomial,fixed_coverage_grid,maximum_response,400,20,0.05,19,0,0.95,0.95,2,0.1,1,0.05,numerical phase witness upper<0; positive conservative lower certifies sound,VERIFIED
S1,leave_environment_B_walk,permuted_polynomial,fixed_coverage_grid,negative_entropy,400,20,0.05,19,0,0.95,0.95,2,0.1,1,0.05,numerical phase witness upper<0; positive conservative lower certifies sound,VERIFIED
S1,leave_environment_B_walk,permuted_polynomial,fixed_coverage_grid,full_state_margin,400,20,0.05,13,0,0.65,0.65,20,1.0,20,1.0,numerical phase witness upper<0; positive conservative lower certifies sound,VERIFIED
S1,leave_environment_B_walk,permuted_polynomial,fixed_coverage_grid,center_margin,400,40,0.1,33,0,0.825,0.825,8,0.2,7,0.175,numerical phase witness upper<0; positive conservative lower certifies sound,VERIFIED
S1,leave_environment_B_walk,permuted_polynomial,fixed_coverage_grid,maximum_response,400,40,0.1,39,0,0.975,0.975,2,0.05,1,0.025,numerical phase witness upper<0; positive conservative lower certifies sound,VERIFIED
S1,leave_environment_B_walk,permuted_polynomial,fixed_coverage_grid,negative_entropy,400,40,0.1,38,0,0.95,0.95,3,0.075,2,0.05,numerical phase witness upper<0; positive conservative lower certifies sound,VERIFIED
S1,leave_environment_B_walk,permuted_polynomial,fixed_coverage_grid,full_state_margin,400,40,0.1,30,0,0.75,0.75,40,1.0,40,1.0,numerical phase witness upper<0; positive conservative lower certifies sound,VERIFIED
S1,leave_environment_B_walk,permuted_polynomial,fixed_coverage_grid,center_margin,400,80,0.2,70,0,0.875,0.875,12,0.15,11,0.1375,numerical phase witness upper<0; positive conservative lower certifies sound,VERIFIED
S1,leave_environment_B_walk,permuted_polynomial,fixed_coverage_grid,maximum_response,400,80,0.2,78,0,0.975,0.975,3,0.0375,2,0.025,numerical phase witness upper<0; positive conservative lower certifies sound,VERIFIED
S1,leave_environment_B_walk,permuted_polynomial,fixed_coverage_grid,negative_entropy,400,80,0.2,77,0,0.9625,0.9625,4,0.05,3,0.0375,numerical phase witness upper<0; positive conservative lower certifies sound,VERIFIED
S1,leave_environment_B_walk,permuted_polynomial,fixed_coverage_grid,full_state_margin,400,80,0.2,66,0,0.825,0.825,80,1.0,78,0.975,numerical phase witness upper<0; positive conservative lower certifies sound,VERIFIED
S1,leave_environment_B_walk,permuted_polynomial,fixed_coverage_grid,center_margin,400,160,0.4,146,0,0.9125,0.9125,16,0.1,16,0.1,numerical phase witness upper<0; positive conservative lower certifies sound,VERIFIED
S1,leave_environment_B_walk,permuted_polynomial,fixed_coverage_grid,maximum_response,400,160,0.4,154,0,0.9625,0.9625,7,0.04375,6,0.0375,numerical phase witness upper<0; positive conservative lower certifies sound,VERIFIED
S1,leave_environment_B_walk,permuted_polynomial,fixed_coverage_grid,negative_entropy,400,160,0.4,154,0,0.9625,0.9625,9,0.05625,8,0.05,numerical phase witness upper<0; positive conservative lower certifies sound,VERIFIED
S1,leave_environment_B_walk,permuted_polynomial,fixed_coverage_grid,full_state_margin,400,160,0.4,137,0,0.85625,0.85625,160,1.0,155,0.96875,numerical phase witness upper<0; positive conservative lower certifies sound,VERIFIED
S1,leave_environment_B_walk,permuted_polynomial,fixed_coverage_grid,center_margin,400,240,0.6,220,0,0.9166666666666666,0.9166666666666666,33,0.1375,33,0.1375,numerical phase witness upper<0; positive conservative lower certifies sound,VERIFIED
S1,leave_environment_B_walk,permuted_polynomial,fixed_coverage_grid,maximum_response,400,240,0.6,226,0,0.9416666666666667,0.9416666666666667,18,0.075,17,0.07083333333333333,numerical phase witness upper<0; positive conservative lower certifies sound,VERIFIED
S1,leave_environment_B_walk,permuted_polynomial,fixed_coverage_grid,negative_entropy,400,240,0.6,228,0,0.95,0.95,18,0.075,17,0.07083333333333333,numerical phase witness upper<0; positive conservative lower certifies sound,VERIFIED
S1,leave_environment_B_walk,permuted_polynomial,fixed_coverage_grid,full_state_margin,400,240,0.6,216,0,0.9,0.9,240,1.0,225,0.9375,numerical phase witness upper<0; positive conservative lower certifies sound,VERIFIED
S1,leave_environment_B_walk,permuted_polynomial,fixed_coverage_grid,center_margin,400,320,0.8,296,0,0.925,0.925,55,0.171875,54,0.16875,numerical phase witness upper<0; positive conservative lower certifies sound,VERIFIED
S1,leave_environment_B_walk,permuted_polynomial,fixed_coverage_grid,maximum_response,400,320,0.8,295,0,0.921875,0.921875,58,0.18125,56,0.175,numerical phase witness upper<0; positive conservative lower certifies sound,VERIFIED
S1,leave_environment_B_walk,permuted_polynomial,fixed_coverage_grid,negative_entropy,400,320,0.8,296,0,0.925,0.925,54,0.16875,55,0.171875,numerical phase witness upper<0; positive conservative lower certifies sound,VERIFIED
S1,leave_environment_B_walk,permuted_polynomial,fixed_coverage_grid,full_state_margin,400,320,0.8,296,0,0.925,0.925,320,1.0,283,0.884375,numerical phase witness upper<0; positive conservative lower certifies sound,VERIFIED
S1,leave_environment_B_walk,permuted_polynomial,fixed_coverage_grid,center_margin,400,400,1.0,375,0,0.9375,0.9375,76,0.19,80,0.2,numerical phase witness upper<0; positive conservative lower certifies sound,VERIFIED
S1,leave_environment_B_walk,permuted_polynomial,fixed_coverage_grid,maximum_response,400,400,1.0,375,0,0.9375,0.9375,76,0.19,80,0.2,numerical phase witness upper<0; positive conservative lower certifies sound,VERIFIED
S1,leave_environment_B_walk,permuted_polynomial,fixed_coverage_grid,negative_entropy,400,400,1.0,375,0,0.9375,0.9375,76,0.19,80,0.2,numerical phase witness upper<0; positive conservative lower certifies sound,VERIFIED
S1,leave_environment_B_walk,permuted_polynomial,fixed_coverage_grid,full_state_margin,400,400,1.0,375,0,0.9375,0.9375,400,1.0,317,0.7925,numerical phase witness upper<0; positive conservative lower certifies sound,VERIFIED
S1,leave_environment_C,coordinate,certificate_matched,exact_fiber,400,0,0.0,0,0,,,0,,0,,numerical phase witness upper<0; positive conservative lower certifies sound,VERIFIED
S1,leave_environment_C,coordinate,certificate_matched,center_margin,400,0,0.0,0,0,,,0,,0,,numerical phase witness upper<0; positive conservative lower certifies sound,VERIFIED
S1,leave_environment_C,coordinate,certificate_matched,maximum_response,400,0,0.0,0,0,,,0,,0,,numerical phase witness upper<0; positive conservative lower certifies sound,VERIFIED
S1,leave_environment_C,coordinate,certificate_matched,negative_entropy,400,0,0.0,0,0,,,0,,0,,numerical phase witness upper<0; positive conservative lower certifies sound,VERIFIED
S1,leave_environment_C,coordinate,certificate_matched,full_state_margin,400,0,0.0,0,0,,,0,,0,,numerical phase witness upper<0; positive conservative lower certifies sound,VERIFIED
S1,leave_environment_C,coordinate,fixed_coverage_grid,center_margin,400,20,0.05,20,0,1.0,1.0,0,0.0,0,0.0,numerical phase witness upper<0; positive conservative lower certifies sound,VERIFIED
S1,leave_environment_C,coordinate,fixed_coverage_grid,maximum_response,400,20,0.05,20,0,1.0,1.0,2,0.1,1,0.05,numerical phase witness upper<0; positive conservative lower certifies sound,VERIFIED
S1,leave_environment_C,coordinate,fixed_coverage_grid,negative_entropy,400,20,0.05,20,0,1.0,1.0,1,0.05,1,0.05,numerical phase witness upper<0; positive conservative lower certifies sound,VERIFIED
S1,leave_environment_C,coordinate,fixed_coverage_grid,full_state_margin,400,20,0.05,20,0,1.0,1.0,20,1.0,20,1.0,numerical phase witness upper<0; positive conservative lower certifies sound,VERIFIED
S1,leave_environment_C,coordinate,fixed_coverage_grid,center_margin,400,40,0.1,40,0,1.0,1.0,3,0.075,2,0.05,numerical phase witness upper<0; positive conservative lower certifies sound,VERIFIED
S1,leave_environment_C,coordinate,fixed_coverage_grid,maximum_response,400,40,0.1,40,0,1.0,1.0,5,0.125,7,0.175,numerical phase witness upper<0; positive conservative lower certifies sound,VERIFIED
S1,leave_environment_C,coordinate,fixed_coverage_grid,negative_entropy,400,40,0.1,40,0,1.0,1.0,5,0.125,4,0.1,numerical phase witness upper<0; positive conservative lower certifies sound,VERIFIED
S1,leave_environment_C,coordinate,fixed_coverage_grid,full_state_margin,400,40,0.1,40,0,1.0,1.0,40,1.0,40,1.0,numerical phase witness upper<0; positive conservative lower certifies sound,VERIFIED
S1,leave_environment_C,coordinate,fixed_coverage_grid,center_margin,400,80,0.2,80,0,1.0,1.0,10,0.125,12,0.15,numerical phase witness upper<0; positive conservative lower certifies sound,VERIFIED
S1,leave_environment_C,coordinate,fixed_coverage_grid,maximum_response,400,80,0.2,80,0,1.0,1.0,8,0.1,12,0.15,numerical phase witness upper<0; positive conservative lower certifies sound,VERIFIED
S1,leave_environment_C,coordinate,fixed_coverage_grid,negative_entropy,400,80,0.2,80,0,1.0,1.0,10,0.125,13,0.1625,numerical phase witness upper<0; positive conservative lower certifies sound,VERIFIED
S1,leave_environment_C,coordinate,fixed_coverage_grid,full_state_margin,400,80,0.2,80,0,1.0,1.0,80,1.0,79,0.9875,numerical phase witness upper<0; positive conservative lower certifies sound,VERIFIED
S1,leave_environment_C,coordinate,fixed_coverage_grid,center_margin,400,160,0.4,160,0,1.0,1.0,16,0.1,22,0.1375,numerical phase witness upper<0; positive conservative lower certifies sound,VERIFIED
S1,leave_environment_C,coordinate,fixed_coverage_grid,maximum_response,400,160,0.4,160,0,1.0,1.0,20,0.125,27,0.16875,numerical phase witness upper<0; positive conservative lower certifies sound,VERIFIED
S1,leave_environment_C,coordinate,fixed_coverage_grid,negative_entropy,400,160,0.4,160,0,1.0,1.0,18,0.1125,23,0.14375,numerical phase witness upper<0; positive conservative lower certifies sound,VERIFIED
S1,leave_environment_C,coordinate,fixed_coverage_grid,full_state_margin,400,160,0.4,160,0,1.0,1.0,160,1.0,154,0.9625,numerical phase witness upper<0; positive conservative lower certifies sound,VERIFIED
S1,leave_environment_C,coordinate,fixed_coverage_grid,center_margin,400,240,0.6,240,0,1.0,1.0,22,0.09166666666666666,28,0.11666666666666667,numerical phase witness upper<0; positive conservative lower certifies sound,VERIFIED
S1,leave_environment_C,coordinate,fixed_coverage_grid,maximum_response,400,240,0.6,240,0,1.0,1.0,30,0.125,36,0.15,numerical phase witness upper<0; positive conservative lower certifies sound,VERIFIED
S1,leave_environment_C,coordinate,fixed_coverage_grid,negative_entropy,400,240,0.6,240,0,1.0,1.0,21,0.0875,28,0.11666666666666667,numerical phase witness upper<0; positive conservative lower certifies sound,VERIFIED
S1,leave_environment_C,coordinate,fixed_coverage_grid,full_state_margin,400,240,0.6,240,0,1.0,1.0,240,1.0,219,0.9125,numerical phase witness upper<0; positive conservative lower certifies sound,VERIFIED
S1,leave_environment_C,coordinate,fixed_coverage_grid,center_margin,400,320,0.8,320,0,1.0,1.0,26,0.08125,34,0.10625,numerical phase witness upper<0; positive conservative lower certifies sound,VERIFIED
S1,leave_environment_C,coordinate,fixed_coverage_grid,maximum_response,400,320,0.8,320,0,1.0,1.0,36,0.1125,45,0.140625,numerical phase witness upper<0; positive conservative lower certifies sound,VERIFIED
S1,leave_environment_C,coordinate,fixed_coverage_grid,negative_entropy,400,320,0.8,320,0,1.0,1.0,35,0.109375,44,0.1375,numerical phase witness upper<0; positive conservative lower certifies sound,VERIFIED
S1,leave_environment_C,coordinate,fixed_coverage_grid,full_state_margin,400,320,0.8,320,0,1.0,1.0,320,1.0,254,0.79375,numerical phase witness upper<0; positive conservative lower certifies sound,VERIFIED
S1,leave_environment_C,coordinate,fixed_coverage_grid,center_margin,400,400,1.0,400,0,1.0,1.0,44,0.11,50,0.125,numerical phase witness upper<0; positive conservative lower certifies sound,VERIFIED
S1,leave_environment_C,coordinate,fixed_coverage_grid,maximum_response,400,400,1.0,400,0,1.0,1.0,44,0.11,50,0.125,numerical phase witness upper<0; positive conservative lower certifies sound,VERIFIED
S1,leave_environment_C,coordinate,fixed_coverage_grid,negative_entropy,400,400,1.0,400,0,1.0,1.0,44,0.11,50,0.125,numerical phase witness upper<0; positive conservative lower certifies sound,VERIFIED
S1,leave_environment_C,coordinate,fixed_coverage_grid,full_state_margin,400,400,1.0,400,0,1.0,1.0,400,1.0,284,0.71,numerical phase witness upper<0; positive conservative lower certifies sound,VERIFIED
S1,leave_environment_C,dct,certificate_matched,exact_fiber,400,0,0.0,0,0,,,0,,0,,numerical phase witness upper<0; positive conservative lower certifies sound,VERIFIED
S1,leave_environment_C,dct,certificate_matched,center_margin,400,0,0.0,0,0,,,0,,0,,numerical phase witness upper<0; positive conservative lower certifies sound,VERIFIED
S1,leave_environment_C,dct,certificate_matched,maximum_response,400,0,0.0,0,0,,,0,,0,,numerical phase witness upper<0; positive conservative lower certifies sound,VERIFIED
S1,leave_environment_C,dct,certificate_matched,negative_entropy,400,0,0.0,0,0,,,0,,0,,numerical phase witness upper<0; positive conservative lower certifies sound,VERIFIED
S1,leave_environment_C,dct,certificate_matched,full_state_margin,400,0,0.0,0,0,,,0,,0,,numerical phase witness upper<0; positive conservative lower certifies sound,VERIFIED
S1,leave_environment_C,dct,fixed_coverage_grid,center_margin,400,20,0.05,20,0,1.0,1.0,11,0.55,11,0.55,numerical phase witness upper<0; positive conservative lower certifies sound,VERIFIED
S1,leave_environment_C,dct,fixed_coverage_grid,maximum_response,400,20,0.05,20,0,1.0,1.0,20,1.0,20,1.0,numerical phase witness upper<0; positive conservative lower certifies sound,VERIFIED
S1,leave_environment_C,dct,fixed_coverage_grid,negative_entropy,400,20,0.05,20,0,1.0,1.0,20,1.0,20,1.0,numerical phase witness upper<0; positive conservative lower certifies sound,VERIFIED
S1,leave_environment_C,dct,fixed_coverage_grid,full_state_margin,400,20,0.05,20,0,1.0,1.0,20,1.0,20,1.0,numerical phase witness upper<0; positive conservative lower certifies sound,VERIFIED
S1,leave_environment_C,dct,fixed_coverage_grid,center_margin,400,40,0.1,40,0,1.0,1.0,16,0.4,20,0.5,numerical phase witness upper<0; positive conservative lower certifies sound,VERIFIED
S1,leave_environment_C,dct,fixed_coverage_grid,maximum_response,400,40,0.1,40,0,1.0,1.0,29,0.725,31,0.775,numerical phase witness upper<0; positive conservative lower certifies sound,VERIFIED
S1,leave_environment_C,dct,fixed_coverage_grid,negative_entropy,400,40,0.1,40,0,1.0,1.0,30,0.75,31,0.775,numerical phase witness upper<0; positive conservative lower certifies sound,VERIFIED
S1,leave_environment_C,dct,fixed_coverage_grid,full_state_margin,400,40,0.1,40,0,1.0,1.0,40,1.0,40,1.0,numerical phase witness upper<0; positive conservative lower certifies sound,VERIFIED
S1,leave_environment_C,dct,fixed_coverage_grid,center_margin,400,80,0.2,80,0,1.0,1.0,29,0.3625,34,0.425,numerical phase witness upper<0; positive conservative lower certifies sound,VERIFIED
S1,leave_environment_C,dct,fixed_coverage_grid,maximum_response,400,80,0.2,80,0,1.0,1.0,34,0.425,37,0.4625,numerical phase witness upper<0; positive conservative lower certifies sound,VERIFIED
S1,leave_environment_C,dct,fixed_coverage_grid,negative_entropy,400,80,0.2,80,0,1.0,1.0,36,0.45,39,0.4875,numerical phase witness upper<0; positive conservative lower certifies sound,VERIFIED
S1,leave_environment_C,dct,fixed_coverage_grid,full_state_margin,400,80,0.2,80,0,1.0,1.0,80,1.0,79,0.9875,numerical phase witness upper<0; positive conservative lower certifies sound,VERIFIED
S1,leave_environment_C,dct,fixed_coverage_grid,center_margin,400,160,0.4,160,0,1.0,1.0,59,0.36875,59,0.36875,numerical phase witness upper<0; positive conservative lower certifies sound,VERIFIED
S1,leave_environment_C,dct,fixed_coverage_grid,maximum_response,400,160,0.4,160,0,1.0,1.0,45,0.28125,51,0.31875,numerical phase witness upper<0; positive conservative lower certifies sound,VERIFIED
S1,leave_environment_C,dct,fixed_coverage_grid,negative_entropy,400,160,0.4,160,0,1.0,1.0,42,0.2625,48,0.3,numerical phase witness upper<0; positive conservative lower certifies sound,VERIFIED
S1,leave_environment_C,dct,fixed_coverage_grid,full_state_margin,400,160,0.4,160,0,1.0,1.0,160,1.0,154,0.9625,numerical phase witness upper<0; positive conservative lower certifies sound,VERIFIED
S1,leave_environment_C,dct,fixed_coverage_grid,center_margin,400,240,0.6,240,0,1.0,1.0,76,0.31666666666666665,76,0.31666666666666665,numerical phase witness upper<0; positive conservative lower certifies sound,VERIFIED
S1,leave_environment_C,dct,fixed_coverage_grid,maximum_response,400,240,0.6,240,0,1.0,1.0,76,0.31666666666666665,79,0.32916666666666666,numerical phase witness upper<0; positive conservative lower certifies sound,VERIFIED
S1,leave_environment_C,dct,fixed_coverage_grid,negative_entropy,400,240,0.6,240,0,1.0,1.0,71,0.29583333333333334,75,0.3125,numerical phase witness upper<0; positive conservative lower certifies sound,VERIFIED
S1,leave_environment_C,dct,fixed_coverage_grid,full_state_margin,400,240,0.6,240,0,1.0,1.0,240,1.0,219,0.9125,numerical phase witness upper<0; positive conservative lower certifies sound,VERIFIED
S1,leave_environment_C,dct,fixed_coverage_grid,center_margin,400,320,0.8,320,0,1.0,1.0,101,0.315625,97,0.303125,numerical phase witness upper<0; positive conservative lower certifies sound,VERIFIED
S1,leave_environment_C,dct,fixed_coverage_grid,maximum_response,400,320,0.8,320,0,1.0,1.0,100,0.3125,98,0.30625,numerical phase witness upper<0; positive conservative lower certifies sound,VERIFIED
S1,leave_environment_C,dct,fixed_coverage_grid,negative_entropy,400,320,0.8,320,0,1.0,1.0,99,0.309375,101,0.315625,numerical phase witness upper<0; positive conservative lower certifies sound,VERIFIED
S1,leave_environment_C,dct,fixed_coverage_grid,full_state_margin,400,320,0.8,320,0,1.0,1.0,320,1.0,254,0.79375,numerical phase witness upper<0; positive conservative lower certifies sound,VERIFIED
S1,leave_environment_C,dct,fixed_coverage_grid,center_margin,400,400,1.0,400,0,1.0,1.0,120,0.3,115,0.2875,numerical phase witness upper<0; positive conservative lower certifies sound,VERIFIED
S1,leave_environment_C,dct,fixed_coverage_grid,maximum_response,400,400,1.0,400,0,1.0,1.0,120,0.3,115,0.2875,numerical phase witness upper<0; positive conservative lower certifies sound,VERIFIED
S1,leave_environment_C,dct,fixed_coverage_grid,negative_entropy,400,400,1.0,400,0,1.0,1.0,120,0.3,115,0.2875,numerical phase witness upper<0; positive conservative lower certifies sound,VERIFIED
S1,leave_environment_C,dct,fixed_coverage_grid,full_state_margin,400,400,1.0,400,0,1.0,1.0,400,1.0,284,0.71,numerical phase witness upper<0; positive conservative lower certifies sound,VERIFIED
S1,leave_environment_C,dft,certificate_matched,exact_fiber,400,39,0.0975,0,0,0.0,0.0,39,1.0,38,0.9743589743589743,numerical phase witness upper<0; positive conservative lower certifies sound,VERIFIED
S1,leave_environment_C,dft,certificate_matched,center_margin,400,39,0.0975,17,0,0.4358974358974359,0.4358974358974359,23,0.5897435897435898,22,0.5641025641025641,numerical phase witness upper<0; positive conservative lower certifies sound,VERIFIED
S1,leave_environment_C,dft,certificate_matched,maximum_response,400,39,0.0975,39,0,1.0,1.0,2,0.05128205128205128,0,0.0,numerical phase witness upper<0; positive conservative lower certifies sound,VERIFIED
S1,leave_environment_C,dft,certificate_matched,negative_entropy,400,39,0.0975,36,0,0.9230769230769231,0.9230769230769231,5,0.1282051282051282,3,0.07692307692307693,numerical phase witness upper<0; positive conservative lower certifies sound,VERIFIED
S1,leave_environment_C,dft,certificate_matched,full_state_margin,400,39,0.0975,9,0,0.23076923076923078,0.23076923076923078,39,1.0,39,1.0,numerical phase witness upper<0; positive conservative lower certifies sound,VERIFIED
S1,leave_environment_C,dft,fixed_coverage_grid,center_margin,400,20,0.05,6,0,0.3,0.3,14,0.7,14,0.7,numerical phase witness upper<0; positive conservative lower certifies sound,VERIFIED
S1,leave_environment_C,dft,fixed_coverage_grid,maximum_response,400,20,0.05,20,0,1.0,1.0,1,0.05,0,0.0,numerical phase witness upper<0; positive conservative lower certifies sound,VERIFIED
S1,leave_environment_C,dft,fixed_coverage_grid,negative_entropy,400,20,0.05,19,0,0.95,0.95,2,0.1,1,0.05,numerical phase witness upper<0; positive conservative lower certifies sound,VERIFIED
S1,leave_environment_C,dft,fixed_coverage_grid,full_state_margin,400,20,0.05,1,0,0.05,0.05,20,1.0,20,1.0,numerical phase witness upper<0; positive conservative lower certifies sound,VERIFIED
S1,leave_environment_C,dft,fixed_coverage_grid,center_margin,400,40,0.1,18,0,0.45,0.45,23,0.575,22,0.55,numerical phase witness upper<0; positive conservative lower certifies sound,VERIFIED
S1,leave_environment_C,dft,fixed_coverage_grid,maximum_response,400,40,0.1,39,0,0.975,0.975,3,0.075,1,0.025,numerical phase witness upper<0; positive conservative lower certifies sound,VERIFIED
S1,leave_environment_C,dft,fixed_coverage_grid,negative_entropy,400,40,0.1,37,0,0.925,0.925,5,0.125,3,0.075,numerical phase witness upper<0; positive conservative lower certifies sound,VERIFIED
S1,leave_environment_C,dft,fixed_coverage_grid,full_state_margin,400,40,0.1,10,0,0.25,0.25,40,1.0,40,1.0,numerical phase witness upper<0; positive conservative lower certifies sound,VERIFIED
S1,leave_environment_C,dft,fixed_coverage_grid,center_margin,400,80,0.2,48,0,0.6,0.6,33,0.4125,32,0.4,numerical phase witness upper<0; positive conservative lower certifies sound,VERIFIED
S1,leave_environment_C,dft,fixed_coverage_grid,maximum_response,400,80,0.2,75,0,0.9375,0.9375,7,0.0875,5,0.0625,numerical phase witness upper<0; positive conservative lower certifies sound,VERIFIED
S1,leave_environment_C,dft,fixed_coverage_grid,negative_entropy,400,80,0.2,68,0,0.85,0.85,14,0.175,12,0.15,numerical phase witness upper<0; positive conservative lower certifies sound,VERIFIED
S1,leave_environment_C,dft,fixed_coverage_grid,full_state_margin,400,80,0.2,44,0,0.55,0.55,80,1.0,79,0.9875,numerical phase witness upper<0; positive conservative lower certifies sound,VERIFIED
S1,leave_environment_C,dft,fixed_coverage_grid,center_margin,400,160,0.4,121,0,0.75625,0.75625,43,0.26875,38,0.2375,numerical phase witness upper<0; positive conservative lower certifies sound,VERIFIED
S1,leave_environment_C,dft,fixed_coverage_grid,maximum_response,400,160,0.4,136,0,0.85,0.85,27,0.16875,24,0.15,numerical phase witness upper<0; positive conservative lower certifies sound,VERIFIED
S1,leave_environment_C,dft,fixed_coverage_grid,negative_entropy,400,160,0.4,136,0,0.85,0.85,27,0.16875,24,0.15,numerical phase witness upper<0; positive conservative lower certifies sound,VERIFIED
S1,leave_environment_C,dft,fixed_coverage_grid,full_state_margin,400,160,0.4,123,0,0.76875,0.76875,160,1.0,154,0.9625,numerical phase witness upper<0; positive conservative lower certifies sound,VERIFIED
S1,leave_environment_C,dft,fixed_coverage_grid,center_margin,400,240,0.6,201,0,0.8375,0.8375,45,0.1875,39,0.1625,numerical phase witness upper<0; positive conservative lower certifies sound,VERIFIED
S1,leave_environment_C,dft,fixed_coverage_grid,maximum_response,400,240,0.6,203,0,0.8458333333333333,0.8458333333333333,44,0.18333333333333332,37,0.15416666666666667,numerical phase witness upper<0; positive conservative lower certifies sound,VERIFIED
S1,leave_environment_C,dft,fixed_coverage_grid,negative_entropy,400,240,0.6,204,0,0.85,0.85,43,0.17916666666666667,36,0.15,numerical phase witness upper<0; positive conservative lower certifies sound,VERIFIED
S1,leave_environment_C,dft,fixed_coverage_grid,full_state_margin,400,240,0.6,201,0,0.8375,0.8375,240,1.0,219,0.9125,numerical phase witness upper<0; positive conservative lower certifies sound,VERIFIED
S1,leave_environment_C,dft,fixed_coverage_grid,center_margin,400,320,0.8,281,0,0.878125,0.878125,48,0.15,41,0.128125,numerical phase witness upper<0; positive conservative lower certifies sound,VERIFIED
S1,leave_environment_C,dft,fixed_coverage_grid,maximum_response,400,320,0.8,281,0,0.878125,0.878125,54,0.16875,42,0.13125,numerical phase witness upper<0; positive conservative lower certifies sound,VERIFIED
S1,leave_environment_C,dft,fixed_coverage_grid,negative_entropy,400,320,0.8,281,0,0.878125,0.878125,54,0.16875,42,0.13125,numerical phase witness upper<0; positive conservative lower certifies sound,VERIFIED
S1,leave_environment_C,dft,fixed_coverage_grid,full_state_margin,400,320,0.8,281,0,0.878125,0.878125,320,1.0,254,0.79375,numerical phase witness upper<0; positive conservative lower certifies sound,VERIFIED
S1,leave_environment_C,dft,fixed_coverage_grid,center_margin,400,400,1.0,361,0,0.9025,0.9025,58,0.145,49,0.1225,numerical phase witness upper<0; positive conservative lower certifies sound,VERIFIED
S1,leave_environment_C,dft,fixed_coverage_grid,maximum_response,400,400,1.0,361,0,0.9025,0.9025,58,0.145,49,0.1225,numerical phase witness upper<0; positive conservative lower certifies sound,VERIFIED
S1,leave_environment_C,dft,fixed_coverage_grid,negative_entropy,400,400,1.0,361,0,0.9025,0.9025,58,0.145,49,0.1225,numerical phase witness upper<0; positive conservative lower certifies sound,VERIFIED
S1,leave_environment_C,dft,fixed_coverage_grid,full_state_margin,400,400,1.0,361,0,0.9025,0.9025,400,1.0,284,0.71,numerical phase witness upper<0; positive conservative lower certifies sound,VERIFIED
S1,leave_environment_C,polynomial,certificate_matched,exact_fiber,400,307,0.7675,0,0,0.0,0.0,307,1.0,255,0.8306188925081434,numerical phase witness upper<0; positive conservative lower certifies sound,VERIFIED
S1,leave_environment_C,polynomial,certificate_matched,center_margin,400,307,0.7675,16,0,0.05211726384364821,0.05211726384364821,307,1.0,253,0.8241042345276873,numerical phase witness upper<0; positive conservative lower certifies sound,VERIFIED
S1,leave_environment_C,polynomial,certificate_matched,maximum_response,400,307,0.7675,34,0,0.11074918566775244,0.11074918566775244,302,0.9837133550488599,254,0.8273615635179153,numerical phase witness upper<0; positive conservative lower certifies sound,VERIFIED
S1,leave_environment_C,polynomial,certificate_matched,negative_entropy,400,307,0.7675,56,0,0.18241042345276873,0.18241042345276873,296,0.9641693811074918,243,0.7915309446254072,numerical phase witness upper<0; positive conservative lower certifies sound,VERIFIED
S1,leave_environment_C,polynomial,certificate_matched,full_state_margin,400,307,0.7675,26,0,0.08469055374592833,0.08469055374592833,307,1.0,250,0.8143322475570033,numerical phase witness upper<0; positive conservative lower certifies sound,VERIFIED
S1,leave_environment_C,polynomial,fixed_coverage_grid,center_margin,400,20,0.05,0,0,0.0,0.0,20,1.0,20,1.0,numerical phase witness upper<0; positive conservative lower certifies sound,VERIFIED
S1,leave_environment_C,polynomial,fixed_coverage_grid,maximum_response,400,20,0.05,0,0,0.0,0.0,20,1.0,20,1.0,numerical phase witness upper<0; positive conservative lower certifies sound,VERIFIED
S1,leave_environment_C,polynomial,fixed_coverage_grid,negative_entropy,400,20,0.05,1,0,0.05,0.05,20,1.0,19,0.95,numerical phase witness upper<0; positive conservative lower certifies sound,VERIFIED
S1,leave_environment_C,polynomial,fixed_coverage_grid,full_state_margin,400,20,0.05,0,0,0.0,0.0,20,1.0,20,1.0,numerical phase witness upper<0; positive conservative lower certifies sound,VERIFIED
S1,leave_environment_C,polynomial,fixed_coverage_grid,center_margin,400,40,0.1,0,0,0.0,0.0,40,1.0,40,1.0,numerical phase witness upper<0; positive conservative lower certifies sound,VERIFIED
S1,leave_environment_C,polynomial,fixed_coverage_grid,maximum_response,400,40,0.1,1,0,0.025,0.025,40,1.0,40,1.0,numerical phase witness upper<0; positive conservative lower certifies sound,VERIFIED
S1,leave_environment_C,polynomial,fixed_coverage_grid,negative_entropy,400,40,0.1,2,0,0.05,0.05,40,1.0,36,0.9,numerical phase witness upper<0; positive conservative lower certifies sound,VERIFIED
S1,leave_environment_C,polynomial,fixed_coverage_grid,full_state_margin,400,40,0.1,0,0,0.0,0.0,40,1.0,40,1.0,numerical phase witness upper<0; positive conservative lower certifies sound,VERIFIED
S1,leave_environment_C,polynomial,fixed_coverage_grid,center_margin,400,80,0.2,0,0,0.0,0.0,80,1.0,79,0.9875,numerical phase witness upper<0; positive conservative lower certifies sound,VERIFIED
S1,leave_environment_C,polynomial,fixed_coverage_grid,maximum_response,400,80,0.2,2,0,0.025,0.025,80,1.0,75,0.9375,numerical phase witness upper<0; positive conservative lower certifies sound,VERIFIED
S1,leave_environment_C,polynomial,fixed_coverage_grid,negative_entropy,400,80,0.2,3,0,0.0375,0.0375,80,1.0,72,0.9,numerical phase witness upper<0; positive conservative lower certifies sound,VERIFIED
S1,leave_environment_C,polynomial,fixed_coverage_grid,full_state_margin,400,80,0.2,0,0,0.0,0.0,80,1.0,79,0.9875,numerical phase witness upper<0; positive conservative lower certifies sound,VERIFIED
S1,leave_environment_C,polynomial,fixed_coverage_grid,center_margin,400,160,0.4,0,0,0.0,0.0,160,1.0,152,0.95,numerical phase witness upper<0; positive conservative lower certifies sound,VERIFIED
S1,leave_environment_C,polynomial,fixed_coverage_grid,maximum_response,400,160,0.4,4,0,0.025,0.025,160,1.0,149,0.93125,numerical phase witness upper<0; positive conservative lower certifies sound,VERIFIED
S1,leave_environment_C,polynomial,fixed_coverage_grid,negative_entropy,400,160,0.4,9,0,0.05625,0.05625,159,0.99375,145,0.90625,numerical phase witness upper<0; positive conservative lower certifies sound,VERIFIED
S1,leave_environment_C,polynomial,fixed_coverage_grid,full_state_margin,400,160,0.4,0,0,0.0,0.0,160,1.0,154,0.9625,numerical phase witness upper<0; positive conservative lower certifies sound,VERIFIED
S1,leave_environment_C,polynomial,fixed_coverage_grid,center_margin,400,240,0.6,0,0,0.0,0.0,240,1.0,217,0.9041666666666667,numerical phase witness upper<0; positive conservative lower certifies sound,VERIFIED
S1,leave_environment_C,polynomial,fixed_coverage_grid,maximum_response,400,240,0.6,11,0,0.04583333333333333,0.04583333333333333,239,0.9958333333333333,210,0.875,numerical phase witness upper<0; positive conservative lower certifies sound,VERIFIED
S1,leave_environment_C,polynomial,fixed_coverage_grid,negative_entropy,400,240,0.6,28,0,0.11666666666666667,0.11666666666666667,237,0.9875,201,0.8375,numerical phase witness upper<0; positive conservative lower certifies sound,VERIFIED
S1,leave_environment_C,polynomial,fixed_coverage_grid,full_state_margin,400,240,0.6,4,0,0.016666666666666666,0.016666666666666666,240,1.0,219,0.9125,numerical phase witness upper<0; positive conservative lower certifies sound,VERIFIED
S1,leave_environment_C,polynomial,fixed_coverage_grid,center_margin,400,320,0.8,23,0,0.071875,0.071875,318,0.99375,260,0.8125,numerical phase witness upper<0; positive conservative lower certifies sound,VERIFIED
S1,leave_environment_C,polynomial,fixed_coverage_grid,maximum_response,400,320,0.8,45,0,0.140625,0.140625,313,0.978125,259,0.809375,numerical phase witness upper<0; positive conservative lower certifies sound,VERIFIED
S1,leave_environment_C,polynomial,fixed_coverage_grid,negative_entropy,400,320,0.8,58,0,0.18125,0.18125,308,0.9625,251,0.784375,numerical phase witness upper<0; positive conservative lower certifies sound,VERIFIED
S1,leave_environment_C,polynomial,fixed_coverage_grid,full_state_margin,400,320,0.8,34,0,0.10625,0.10625,320,1.0,254,0.79375,numerical phase witness upper<0; positive conservative lower certifies sound,VERIFIED
S1,leave_environment_C,polynomial,fixed_coverage_grid,center_margin,400,400,1.0,93,0,0.2325,0.2325,374,0.935,290,0.725,numerical phase witness upper<0; positive conservative lower certifies sound,VERIFIED
S1,leave_environment_C,polynomial,fixed_coverage_grid,maximum_response,400,400,1.0,93,0,0.2325,0.2325,374,0.935,290,0.725,numerical phase witness upper<0; positive conservative lower certifies sound,VERIFIED
S1,leave_environment_C,polynomial,fixed_coverage_grid,negative_entropy,400,400,1.0,93,0,0.2325,0.2325,374,0.935,290,0.725,numerical phase witness upper<0; positive conservative lower certifies sound,VERIFIED
S1,leave_environment_C,polynomial,fixed_coverage_grid,full_state_margin,400,400,1.0,93,0,0.2325,0.2325,400,1.0,284,0.71,numerical phase witness upper<0; positive conservative lower certifies sound,VERIFIED
S1,leave_environment_C,random_orthogonal,certificate_matched,exact_fiber,400,5,0.0125,0,0,0.0,0.0,5,1.0,5,1.0,numerical phase witness upper<0; positive conservative lower certifies sound,VERIFIED
S1,leave_environment_C,random_orthogonal,certificate_matched,center_margin,400,5,0.0125,1,0,0.2,0.2,5,1.0,5,1.0,numerical phase witness upper<0; positive conservative lower certifies sound,VERIFIED
S1,leave_environment_C,random_orthogonal,certificate_matched,maximum_response,400,5,0.0125,2,0,0.4,0.4,5,1.0,5,1.0,numerical phase witness upper<0; positive conservative lower certifies sound,VERIFIED
S1,leave_environment_C,random_orthogonal,certificate_matched,negative_entropy,400,5,0.0125,1,0,0.2,0.2,5,1.0,5,1.0,numerical phase witness upper<0; positive conservative lower certifies sound,VERIFIED
S1,leave_environment_C,random_orthogonal,certificate_matched,full_state_margin,400,5,0.0125,2,0,0.4,0.4,5,1.0,5,1.0,numerical phase witness upper<0; positive conservative lower certifies sound,VERIFIED
S1,leave_environment_C,random_orthogonal,fixed_coverage_grid,center_margin,400,20,0.05,15,0,0.75,0.75,17,0.85,16,0.8,numerical phase witness upper<0; positive conservative lower certifies sound,VERIFIED
S1,leave_environment_C,random_orthogonal,fixed_coverage_grid,maximum_response,400,20,0.05,15,0,0.75,0.75,18,0.9,17,0.85,numerical phase witness upper<0; positive conservative lower certifies sound,VERIFIED
S1,leave_environment_C,random_orthogonal,fixed_coverage_grid,negative_entropy,400,20,0.05,15,0,0.75,0.75,18,0.9,17,0.85,numerical phase witness upper<0; positive conservative lower certifies sound,VERIFIED
S1,leave_environment_C,random_orthogonal,fixed_coverage_grid,full_state_margin,400,20,0.05,15,0,0.75,0.75,20,1.0,20,1.0,numerical phase witness upper<0; positive conservative lower certifies sound,VERIFIED
S1,leave_environment_C,random_orthogonal,fixed_coverage_grid,center_margin,400,40,0.1,35,0,0.875,0.875,29,0.725,27,0.675,numerical phase witness upper<0; positive conservative lower certifies sound,VERIFIED
S1,leave_environment_C,random_orthogonal,fixed_coverage_grid,maximum_response,400,40,0.1,35,0,0.875,0.875,26,0.65,24,0.6,numerical phase witness upper<0; positive conservative lower certifies sound,VERIFIED
S1,leave_environment_C,random_orthogonal,fixed_coverage_grid,negative_entropy,400,40,0.1,35,0,0.875,0.875,27,0.675,25,0.625,numerical phase witness upper<0; positive conservative lower certifies sound,VERIFIED
S1,leave_environment_C,random_orthogonal,fixed_coverage_grid,full_state_margin,400,40,0.1,35,0,0.875,0.875,40,1.0,40,1.0,numerical phase witness upper<0; positive conservative lower certifies sound,VERIFIED
S1,leave_environment_C,random_orthogonal,fixed_coverage_grid,center_margin,400,80,0.2,75,0,0.9375,0.9375,38,0.475,36,0.45,numerical phase witness upper<0; positive conservative lower certifies sound,VERIFIED
S1,leave_environment_C,random_orthogonal,fixed_coverage_grid,maximum_response,400,80,0.2,75,0,0.9375,0.9375,36,0.45,34,0.425,numerical phase witness upper<0; positive conservative lower certifies sound,VERIFIED
S1,leave_environment_C,random_orthogonal,fixed_coverage_grid,negative_entropy,400,80,0.2,75,0,0.9375,0.9375,35,0.4375,34,0.425,numerical phase witness upper<0; positive conservative lower certifies sound,VERIFIED
S1,leave_environment_C,random_orthogonal,fixed_coverage_grid,full_state_margin,400,80,0.2,75,0,0.9375,0.9375,80,1.0,79,0.9875,numerical phase witness upper<0; positive conservative lower certifies sound,VERIFIED
S1,leave_environment_C,random_orthogonal,fixed_coverage_grid,center_margin,400,160,0.4,155,0,0.96875,0.96875,49,0.30625,45,0.28125,numerical phase witness upper<0; positive conservative lower certifies sound,VERIFIED
S1,leave_environment_C,random_orthogonal,fixed_coverage_grid,maximum_response,400,160,0.4,155,0,0.96875,0.96875,54,0.3375,48,0.3,numerical phase witness upper<0; positive conservative lower certifies sound,VERIFIED
S1,leave_environment_C,random_orthogonal,fixed_coverage_grid,negative_entropy,400,160,0.4,155,0,0.96875,0.96875,52,0.325,46,0.2875,numerical phase witness upper<0; positive conservative lower certifies sound,VERIFIED
S1,leave_environment_C,random_orthogonal,fixed_coverage_grid,full_state_margin,400,160,0.4,155,0,0.96875,0.96875,160,1.0,154,0.9625,numerical phase witness upper<0; positive conservative lower certifies sound,VERIFIED
S1,leave_environment_C,random_orthogonal,fixed_coverage_grid,center_margin,400,240,0.6,235,0,0.9791666666666666,0.9791666666666666,61,0.25416666666666665,54,0.225,numerical phase witness upper<0; positive conservative lower certifies sound,VERIFIED
S1,leave_environment_C,random_orthogonal,fixed_coverage_grid,maximum_response,400,240,0.6,235,0,0.9791666666666666,0.9791666666666666,66,0.275,57,0.2375,numerical phase witness upper<0; positive conservative lower certifies sound,VERIFIED
S1,leave_environment_C,random_orthogonal,fixed_coverage_grid,negative_entropy,400,240,0.6,235,0,0.9791666666666666,0.9791666666666666,64,0.26666666666666666,57,0.2375,numerical phase witness upper<0; positive conservative lower certifies sound,VERIFIED
S1,leave_environment_C,random_orthogonal,fixed_coverage_grid,full_state_margin,400,240,0.6,235,0,0.9791666666666666,0.9791666666666666,240,1.0,219,0.9125,numerical phase witness upper<0; positive conservative lower certifies sound,VERIFIED
S1,leave_environment_C,random_orthogonal,fixed_coverage_grid,center_margin,400,320,0.8,315,0,0.984375,0.984375,65,0.203125,57,0.178125,numerical phase witness upper<0; positive conservative lower certifies sound,VERIFIED
S1,leave_environment_C,random_orthogonal,fixed_coverage_grid,maximum_response,400,320,0.8,315,0,0.984375,0.984375,68,0.2125,62,0.19375,numerical phase witness upper<0; positive conservative lower certifies sound,VERIFIED
S1,leave_environment_C,random_orthogonal,fixed_coverage_grid,negative_entropy,400,320,0.8,315,0,0.984375,0.984375,68,0.2125,62,0.19375,numerical phase witness upper<0; positive conservative lower certifies sound,VERIFIED
S1,leave_environment_C,random_orthogonal,fixed_coverage_grid,full_state_margin,400,320,0.8,315,0,0.984375,0.984375,320,1.0,254,0.79375,numerical phase witness upper<0; positive conservative lower certifies sound,VERIFIED
S1,leave_environment_C,random_orthogonal,fixed_coverage_grid,center_margin,400,400,1.0,395,0,0.9875,0.9875,69,0.1725,63,0.1575,numerical phase witness upper<0; positive conservative lower certifies sound,VERIFIED
S1,leave_environment_C,random_orthogonal,fixed_coverage_grid,maximum_response,400,400,1.0,395,0,0.9875,0.9875,69,0.1725,63,0.1575,numerical phase witness upper<0; positive conservative lower certifies sound,VERIFIED
S1,leave_environment_C,random_orthogonal,fixed_coverage_grid,negative_entropy,400,400,1.0,395,0,0.9875,0.9875,69,0.1725,63,0.1575,numerical phase witness upper<0; positive conservative lower certifies sound,VERIFIED
S1,leave_environment_C,random_orthogonal,fixed_coverage_grid,full_state_margin,400,400,1.0,395,0,0.9875,0.9875,400,1.0,284,0.71,numerical phase witness upper<0; positive conservative lower certifies sound,VERIFIED
S1,leave_environment_C,permuted_polynomial,certificate_matched,exact_fiber,400,39,0.0975,0,0,0.0,0.0,39,1.0,39,1.0,numerical phase witness upper<0; positive conservative lower certifies sound,VERIFIED
S1,leave_environment_C,permuted_polynomial,certificate_matched,center_margin,400,39,0.0975,24,0,0.6153846153846154,0.6153846153846154,17,0.4358974358974359,15,0.38461538461538464,numerical phase witness upper<0; positive conservative lower certifies sound,VERIFIED
S1,leave_environment_C,permuted_polynomial,certificate_matched,maximum_response,400,39,0.0975,36,0,0.9230769230769231,0.9230769230769231,5,0.1282051282051282,3,0.07692307692307693,numerical phase witness upper<0; positive conservative lower certifies sound,VERIFIED
S1,leave_environment_C,permuted_polynomial,certificate_matched,negative_entropy,400,39,0.0975,36,0,0.9230769230769231,0.9230769230769231,5,0.1282051282051282,3,0.07692307692307693,numerical phase witness upper<0; positive conservative lower certifies sound,VERIFIED
S1,leave_environment_C,permuted_polynomial,certificate_matched,full_state_margin,400,39,0.0975,9,0,0.23076923076923078,0.23076923076923078,39,1.0,39,1.0,numerical phase witness upper<0; positive conservative lower certifies sound,VERIFIED
S1,leave_environment_C,permuted_polynomial,fixed_coverage_grid,center_margin,400,20,0.05,10,0,0.5,0.5,11,0.55,10,0.5,numerical phase witness upper<0; positive conservative lower certifies sound,VERIFIED
S1,leave_environment_C,permuted_polynomial,fixed_coverage_grid,maximum_response,400,20,0.05,20,0,1.0,1.0,2,0.1,0,0.0,numerical phase witness upper<0; positive conservative lower certifies sound,VERIFIED
S1,leave_environment_C,permuted_polynomial,fixed_coverage_grid,negative_entropy,400,20,0.05,19,0,0.95,0.95,3,0.15,1,0.05,numerical phase witness upper<0; positive conservative lower certifies sound,VERIFIED
S1,leave_environment_C,permuted_polynomial,fixed_coverage_grid,full_state_margin,400,20,0.05,1,0,0.05,0.05,20,1.0,20,1.0,numerical phase witness upper<0; positive conservative lower certifies sound,VERIFIED
S1,leave_environment_C,permuted_polynomial,fixed_coverage_grid,center_margin,400,40,0.1,24,0,0.6,0.6,18,0.45,16,0.4,numerical phase witness upper<0; positive conservative lower certifies sound,VERIFIED
S1,leave_environment_C,permuted_polynomial,fixed_coverage_grid,maximum_response,400,40,0.1,37,0,0.925,0.925,5,0.125,3,0.075,numerical phase witness upper<0; positive conservative lower certifies sound,VERIFIED
S1,leave_environment_C,permuted_polynomial,fixed_coverage_grid,negative_entropy,400,40,0.1,37,0,0.925,0.925,5,0.125,3,0.075,numerical phase witness upper<0; positive conservative lower certifies sound,VERIFIED
S1,leave_environment_C,permuted_polynomial,fixed_coverage_grid,full_state_margin,400,40,0.1,10,0,0.25,0.25,40,1.0,40,1.0,numerical phase witness upper<0; positive conservative lower certifies sound,VERIFIED
S1,leave_environment_C,permuted_polynomial,fixed_coverage_grid,center_margin,400,80,0.2,55,0,0.6875,0.6875,27,0.3375,25,0.3125,numerical phase witness upper<0; positive conservative lower certifies sound,VERIFIED
S1,leave_environment_C,permuted_polynomial,fixed_coverage_grid,maximum_response,400,80,0.2,73,0,0.9125,0.9125,9,0.1125,7,0.0875,numerical phase witness upper<0; positive conservative lower certifies sound,VERIFIED
S1,leave_environment_C,permuted_polynomial,fixed_coverage_grid,negative_entropy,400,80,0.2,72,0,0.9,0.9,10,0.125,8,0.1,numerical phase witness upper<0; positive conservative lower certifies sound,VERIFIED
S1,leave_environment_C,permuted_polynomial,fixed_coverage_grid,full_state_margin,400,80,0.2,43,0,0.5375,0.5375,80,1.0,79,0.9875,numerical phase witness upper<0; positive conservative lower certifies sound,VERIFIED
S1,leave_environment_C,permuted_polynomial,fixed_coverage_grid,center_margin,400,160,0.4,128,0,0.8,0.8,35,0.21875,32,0.2,numerical phase witness upper<0; positive conservative lower certifies sound,VERIFIED
S1,leave_environment_C,permuted_polynomial,fixed_coverage_grid,maximum_response,400,160,0.4,141,0,0.88125,0.88125,21,0.13125,19,0.11875,numerical phase witness upper<0; positive conservative lower certifies sound,VERIFIED
S1,leave_environment_C,permuted_polynomial,fixed_coverage_grid,negative_entropy,400,160,0.4,143,0,0.89375,0.89375,20,0.125,17,0.10625,numerical phase witness upper<0; positive conservative lower certifies sound,VERIFIED
S1,leave_environment_C,permuted_polynomial,fixed_coverage_grid,full_state_margin,400,160,0.4,122,0,0.7625,0.7625,160,1.0,154,0.9625,numerical phase witness upper<0; positive conservative lower certifies sound,VERIFIED
S1,leave_environment_C,permuted_polynomial,fixed_coverage_grid,center_margin,400,240,0.6,201,0,0.8375,0.8375,44,0.18333333333333332,42,0.175,numerical phase witness upper<0; positive conservative lower certifies sound,VERIFIED
S1,leave_environment_C,permuted_polynomial,fixed_coverage_grid,maximum_response,400,240,0.6,209,0,0.8708333333333333,0.8708333333333333,36,0.15,32,0.13333333333333333,numerical phase witness upper<0; positive conservative lower certifies sound,VERIFIED
S1,leave_environment_C,permuted_polynomial,fixed_coverage_grid,negative_entropy,400,240,0.6,214,0,0.8916666666666667,0.8916666666666667,32,0.13333333333333333,28,0.11666666666666667,numerical phase witness upper<0; positive conservative lower certifies sound,VERIFIED
S1,leave_environment_C,permuted_polynomial,fixed_coverage_grid,full_state_margin,400,240,0.6,201,0,0.8375,0.8375,240,1.0,219,0.9125,numerical phase witness upper<0; positive conservative lower certifies sound,VERIFIED
S1,leave_environment_C,permuted_polynomial,fixed_coverage_grid,center_margin,400,320,0.8,281,0,0.878125,0.878125,54,0.16875,54,0.16875,numerical phase witness upper<0; positive conservative lower certifies sound,VERIFIED
S1,leave_environment_C,permuted_polynomial,fixed_coverage_grid,maximum_response,400,320,0.8,281,0,0.878125,0.878125,61,0.190625,58,0.18125,numerical phase witness upper<0; positive conservative lower certifies sound,VERIFIED
S1,leave_environment_C,permuted_polynomial,fixed_coverage_grid,negative_entropy,400,320,0.8,281,0,0.878125,0.878125,62,0.19375,59,0.184375,numerical phase witness upper<0; positive conservative lower certifies sound,VERIFIED
S1,leave_environment_C,permuted_polynomial,fixed_coverage_grid,full_state_margin,400,320,0.8,281,0,0.878125,0.878125,320,1.0,254,0.79375,numerical phase witness upper<0; positive conservative lower certifies sound,VERIFIED
S1,leave_environment_C,permuted_polynomial,fixed_coverage_grid,center_margin,400,400,1.0,361,0,0.9025,0.9025,76,0.19,75,0.1875,numerical phase witness upper<0; positive conservative lower certifies sound,VERIFIED
S1,leave_environment_C,permuted_polynomial,fixed_coverage_grid,maximum_response,400,400,1.0,361,0,0.9025,0.9025,76,0.19,75,0.1875,numerical phase witness upper<0; positive conservative lower certifies sound,VERIFIED
S1,leave_environment_C,permuted_polynomial,fixed_coverage_grid,negative_entropy,400,400,1.0,361,0,0.9025,0.9025,76,0.19,75,0.1875,numerical phase witness upper<0; positive conservative lower certifies sound,VERIFIED
S1,leave_environment_C,permuted_polynomial,fixed_coverage_grid,full_state_margin,400,400,1.0,361,0,0.9025,0.9025,400,1.0,284,0.71,numerical phase witness upper<0; positive conservative lower certifies sound,VERIFIED
S1,leave_environment_D,coordinate,certificate_matched,exact_fiber,400,1,0.0025,0,0,0.0,0.0,1,1.0,1,1.0,numerical phase witness upper<0; positive conservative lower certifies sound,VERIFIED
S1,leave_environment_D,coordinate,certificate_matched,center_margin,400,1,0.0025,1,0,1.0,1.0,0,0.0,0,0.0,numerical phase witness upper<0; positive conservative lower certifies sound,VERIFIED
S1,leave_environment_D,coordinate,certificate_matched,maximum_response,400,1,0.0025,1,0,1.0,1.0,0,0.0,0,0.0,numerical phase witness upper<0; positive conservative lower certifies sound,VERIFIED
S1,leave_environment_D,coordinate,certificate_matched,negative_entropy,400,1,0.0025,1,0,1.0,1.0,0,0.0,0,0.0,numerical phase witness upper<0; positive conservative lower certifies sound,VERIFIED
S1,leave_environment_D,coordinate,certificate_matched,full_state_margin,400,1,0.0025,0,0,0.0,0.0,1,1.0,1,1.0,numerical phase witness upper<0; positive conservative lower certifies sound,VERIFIED
S1,leave_environment_D,coordinate,fixed_coverage_grid,center_margin,400,20,0.05,20,0,1.0,1.0,3,0.15,5,0.25,numerical phase witness upper<0; positive conservative lower certifies sound,VERIFIED
S1,leave_environment_D,coordinate,fixed_coverage_grid,maximum_response,400,20,0.05,20,0,1.0,1.0,1,0.05,2,0.1,numerical phase witness upper<0; positive conservative lower certifies sound,VERIFIED
S1,leave_environment_D,coordinate,fixed_coverage_grid,negative_entropy,400,20,0.05,20,0,1.0,1.0,3,0.15,5,0.25,numerical phase witness upper<0; positive conservative lower certifies sound,VERIFIED
S1,leave_environment_D,coordinate,fixed_coverage_grid,full_state_margin,400,20,0.05,19,0,0.95,0.95,20,1.0,19,0.95,numerical phase witness upper<0; positive conservative lower certifies sound,VERIFIED
S1,leave_environment_D,coordinate,fixed_coverage_grid,center_margin,400,40,0.1,40,0,1.0,1.0,6,0.15,10,0.25,numerical phase witness upper<0; positive conservative lower certifies sound,VERIFIED
S1,leave_environment_D,coordinate,fixed_coverage_grid,maximum_response,400,40,0.1,40,0,1.0,1.0,3,0.075,5,0.125,numerical phase witness upper<0; positive conservative lower certifies sound,VERIFIED
S1,leave_environment_D,coordinate,fixed_coverage_grid,negative_entropy,400,40,0.1,40,0,1.0,1.0,6,0.15,10,0.25,numerical phase witness upper<0; positive conservative lower certifies sound,VERIFIED
S1,leave_environment_D,coordinate,fixed_coverage_grid,full_state_margin,400,40,0.1,39,0,0.975,0.975,40,1.0,38,0.95,numerical phase witness upper<0; positive conservative lower certifies sound,VERIFIED
S1,leave_environment_D,coordinate,fixed_coverage_grid,center_margin,400,80,0.2,80,0,1.0,1.0,8,0.1,13,0.1625,numerical phase witness upper<0; positive conservative lower certifies sound,VERIFIED
S1,leave_environment_D,coordinate,fixed_coverage_grid,maximum_response,400,80,0.2,80,0,1.0,1.0,7,0.0875,11,0.1375,numerical phase witness upper<0; positive conservative lower certifies sound,VERIFIED
S1,leave_environment_D,coordinate,fixed_coverage_grid,negative_entropy,400,80,0.2,80,0,1.0,1.0,8,0.1,12,0.15,numerical phase witness upper<0; positive conservative lower certifies sound,VERIFIED
S1,leave_environment_D,coordinate,fixed_coverage_grid,full_state_margin,400,80,0.2,79,0,0.9875,0.9875,80,1.0,77,0.9625,numerical phase witness upper<0; positive conservative lower certifies sound,VERIFIED
S1,leave_environment_D,coordinate,fixed_coverage_grid,center_margin,400,160,0.4,160,0,1.0,1.0,12,0.075,19,0.11875,numerical phase witness upper<0; positive conservative lower certifies sound,VERIFIED
S1,leave_environment_D,coordinate,fixed_coverage_grid,maximum_response,400,160,0.4,160,0,1.0,1.0,10,0.0625,16,0.1,numerical phase witness upper<0; positive conservative lower certifies sound,VERIFIED
S1,leave_environment_D,coordinate,fixed_coverage_grid,negative_entropy,400,160,0.4,160,0,1.0,1.0,12,0.075,18,0.1125,numerical phase witness upper<0; positive conservative lower certifies sound,VERIFIED
S1,leave_environment_D,coordinate,fixed_coverage_grid,full_state_margin,400,160,0.4,159,0,0.99375,0.99375,160,1.0,147,0.91875,numerical phase witness upper<0; positive conservative lower certifies sound,VERIFIED
S1,leave_environment_D,coordinate,fixed_coverage_grid,center_margin,400,240,0.6,240,0,1.0,1.0,14,0.058333333333333334,25,0.10416666666666667,numerical phase witness upper<0; positive conservative lower certifies sound,VERIFIED
S1,leave_environment_D,coordinate,fixed_coverage_grid,maximum_response,400,240,0.6,239,0,0.9958333333333333,0.9958333333333333,14,0.058333333333333334,26,0.10833333333333334,numerical phase witness upper<0; positive conservative lower certifies sound,VERIFIED
S1,leave_environment_D,coordinate,fixed_coverage_grid,negative_entropy,400,240,0.6,240,0,1.0,1.0,16,0.06666666666666667,27,0.1125,numerical phase witness upper<0; positive conservative lower certifies sound,VERIFIED
S1,leave_environment_D,coordinate,fixed_coverage_grid,full_state_margin,400,240,0.6,239,0,0.9958333333333333,0.9958333333333333,240,1.0,204,0.85,numerical phase witness upper<0; positive conservative lower certifies sound,VERIFIED
S1,leave_environment_D,coordinate,fixed_coverage_grid,center_margin,400,320,0.8,319,0,0.996875,0.996875,31,0.096875,45,0.140625,numerical phase witness upper<0; positive conservative lower certifies sound,VERIFIED
S1,leave_environment_D,coordinate,fixed_coverage_grid,maximum_response,400,320,0.8,319,0,0.996875,0.996875,34,0.10625,49,0.153125,numerical phase witness upper<0; positive conservative lower certifies sound,VERIFIED
S1,leave_environment_D,coordinate,fixed_coverage_grid,negative_entropy,400,320,0.8,319,0,0.996875,0.996875,34,0.10625,48,0.15,numerical phase witness upper<0; positive conservative lower certifies sound,VERIFIED
S1,leave_environment_D,coordinate,fixed_coverage_grid,full_state_margin,400,320,0.8,319,0,0.996875,0.996875,320,1.0,249,0.778125,numerical phase witness upper<0; positive conservative lower certifies sound,VERIFIED
S1,leave_environment_D,coordinate,fixed_coverage_grid,center_margin,400,400,1.0,399,0,0.9975,0.9975,43,0.1075,57,0.1425,numerical phase witness upper<0; positive conservative lower certifies sound,VERIFIED
S1,leave_environment_D,coordinate,fixed_coverage_grid,maximum_response,400,400,1.0,399,0,0.9975,0.9975,43,0.1075,57,0.1425,numerical phase witness upper<0; positive conservative lower certifies sound,VERIFIED
S1,leave_environment_D,coordinate,fixed_coverage_grid,negative_entropy,400,400,1.0,399,0,0.9975,0.9975,43,0.1075,57,0.1425,numerical phase witness upper<0; positive conservative lower certifies sound,VERIFIED
S1,leave_environment_D,coordinate,fixed_coverage_grid,full_state_margin,400,400,1.0,399,0,0.9975,0.9975,400,1.0,284,0.71,numerical phase witness upper<0; positive conservative lower certifies sound,VERIFIED
S1,leave_environment_D,dct,certificate_matched,exact_fiber,400,1,0.0025,0,0,0.0,0.0,1,1.0,1,1.0,numerical phase witness upper<0; positive conservative lower certifies sound,VERIFIED
S1,leave_environment_D,dct,certificate_matched,center_margin,400,1,0.0025,1,0,1.0,1.0,0,0.0,0,0.0,numerical phase witness upper<0; positive conservative lower certifies sound,VERIFIED
S1,leave_environment_D,dct,certificate_matched,maximum_response,400,1,0.0025,1,0,1.0,1.0,0,0.0,0,0.0,numerical phase witness upper<0; positive conservative lower certifies sound,VERIFIED
S1,leave_environment_D,dct,certificate_matched,negative_entropy,400,1,0.0025,1,0,1.0,1.0,0,0.0,0,0.0,numerical phase witness upper<0; positive conservative lower certifies sound,VERIFIED
S1,leave_environment_D,dct,certificate_matched,full_state_margin,400,1,0.0025,1,0,1.0,1.0,1,1.0,1,1.0,numerical phase witness upper<0; positive conservative lower certifies sound,VERIFIED
S1,leave_environment_D,dct,fixed_coverage_grid,center_margin,400,20,0.05,20,0,1.0,1.0,0,0.0,2,0.1,numerical phase witness upper<0; positive conservative lower certifies sound,VERIFIED
S1,leave_environment_D,dct,fixed_coverage_grid,maximum_response,400,20,0.05,20,0,1.0,1.0,4,0.2,8,0.4,numerical phase witness upper<0; positive conservative lower certifies sound,VERIFIED
S1,leave_environment_D,dct,fixed_coverage_grid,negative_entropy,400,20,0.05,20,0,1.0,1.0,6,0.3,9,0.45,numerical phase witness upper<0; positive conservative lower certifies sound,VERIFIED
S1,leave_environment_D,dct,fixed_coverage_grid,full_state_margin,400,20,0.05,20,0,1.0,1.0,20,1.0,19,0.95,numerical phase witness upper<0; positive conservative lower certifies sound,VERIFIED
S1,leave_environment_D,dct,fixed_coverage_grid,center_margin,400,40,0.1,40,0,1.0,1.0,2,0.05,7,0.175,numerical phase witness upper<0; positive conservative lower certifies sound,VERIFIED
S1,leave_environment_D,dct,fixed_coverage_grid,maximum_response,400,40,0.1,40,0,1.0,1.0,6,0.15,10,0.25,numerical phase witness upper<0; positive conservative lower certifies sound,VERIFIED
S1,leave_environment_D,dct,fixed_coverage_grid,negative_entropy,400,40,0.1,40,0,1.0,1.0,7,0.175,11,0.275,numerical phase witness upper<0; positive conservative lower certifies sound,VERIFIED
S1,leave_environment_D,dct,fixed_coverage_grid,full_state_margin,400,40,0.1,40,0,1.0,1.0,40,1.0,38,0.95,numerical phase witness upper<0; positive conservative lower certifies sound,VERIFIED
S1,leave_environment_D,dct,fixed_coverage_grid,center_margin,400,80,0.2,79,0,0.9875,0.9875,7,0.0875,15,0.1875,numerical phase witness upper<0; positive conservative lower certifies sound,VERIFIED
S1,leave_environment_D,dct,fixed_coverage_grid,maximum_response,400,80,0.2,80,0,1.0,1.0,8,0.1,15,0.1875,numerical phase witness upper<0; positive conservative lower certifies sound,VERIFIED
S1,leave_environment_D,dct,fixed_coverage_grid,negative_entropy,400,80,0.2,80,0,1.0,1.0,12,0.15,19,0.2375,numerical phase witness upper<0; positive conservative lower certifies sound,VERIFIED
S1,leave_environment_D,dct,fixed_coverage_grid,full_state_margin,400,80,0.2,80,0,1.0,1.0,80,1.0,77,0.9625,numerical phase witness upper<0; positive conservative lower certifies sound,VERIFIED
S1,leave_environment_D,dct,fixed_coverage_grid,center_margin,400,160,0.4,159,0,0.99375,0.99375,24,0.15,39,0.24375,numerical phase witness upper<0; positive conservative lower certifies sound,VERIFIED
S1,leave_environment_D,dct,fixed_coverage_grid,maximum_response,400,160,0.4,159,0,0.99375,0.99375,27,0.16875,35,0.21875,numerical phase witness upper<0; positive conservative lower certifies sound,VERIFIED
S1,leave_environment_D,dct,fixed_coverage_grid,negative_entropy,400,160,0.4,159,0,0.99375,0.99375,26,0.1625,34,0.2125,numerical phase witness upper<0; positive conservative lower certifies sound,VERIFIED
S1,leave_environment_D,dct,fixed_coverage_grid,full_state_margin,400,160,0.4,159,0,0.99375,0.99375,160,1.0,147,0.91875,numerical phase witness upper<0; positive conservative lower certifies sound,VERIFIED
S1,leave_environment_D,dct,fixed_coverage_grid,center_margin,400,240,0.6,239,0,0.9958333333333333,0.9958333333333333,33,0.1375,51,0.2125,numerical phase witness upper<0; positive conservative lower certifies sound,VERIFIED
S1,leave_environment_D,dct,fixed_coverage_grid,maximum_response,400,240,0.6,239,0,0.9958333333333333,0.9958333333333333,47,0.19583333333333333,61,0.25416666666666665,numerical phase witness upper<0; positive conservative lower certifies sound,VERIFIED
S1,leave_environment_D,dct,fixed_coverage_grid,negative_entropy,400,240,0.6,239,0,0.9958333333333333,0.9958333333333333,49,0.20416666666666666,65,0.2708333333333333,numerical phase witness upper<0; positive conservative lower certifies sound,VERIFIED
S1,leave_environment_D,dct,fixed_coverage_grid,full_state_margin,400,240,0.6,239,0,0.9958333333333333,0.9958333333333333,240,1.0,204,0.85,numerical phase witness upper<0; positive conservative lower certifies sound,VERIFIED
S1,leave_environment_D,dct,fixed_coverage_grid,center_margin,400,320,0.8,319,0,0.996875,0.996875,55,0.171875,73,0.228125,numerical phase witness upper<0; positive conservative lower certifies sound,VERIFIED
S1,leave_environment_D,dct,fixed_coverage_grid,maximum_response,400,320,0.8,319,0,0.996875,0.996875,65,0.203125,83,0.259375,numerical phase witness upper<0; positive conservative lower certifies sound,VERIFIED
S1,leave_environment_D,dct,fixed_coverage_grid,negative_entropy,400,320,0.8,319,0,0.996875,0.996875,67,0.209375,83,0.259375,numerical phase witness upper<0; positive conservative lower certifies sound,VERIFIED
S1,leave_environment_D,dct,fixed_coverage_grid,full_state_margin,400,320,0.8,319,0,0.996875,0.996875,320,1.0,249,0.778125,numerical phase witness upper<0; positive conservative lower certifies sound,VERIFIED
S1,leave_environment_D,dct,fixed_coverage_grid,center_margin,400,400,1.0,399,0,0.9975,0.9975,75,0.1875,87,0.2175,numerical phase witness upper<0; positive conservative lower certifies sound,VERIFIED
S1,leave_environment_D,dct,fixed_coverage_grid,maximum_response,400,400,1.0,399,0,0.9975,0.9975,75,0.1875,87,0.2175,numerical phase witness upper<0; positive conservative lower certifies sound,VERIFIED
S1,leave_environment_D,dct,fixed_coverage_grid,negative_entropy,400,400,1.0,399,0,0.9975,0.9975,75,0.1875,87,0.2175,numerical phase witness upper<0; positive conservative lower certifies sound,VERIFIED
S1,leave_environment_D,dct,fixed_coverage_grid,full_state_margin,400,400,1.0,399,0,0.9975,0.9975,400,1.0,284,0.71,numerical phase witness upper<0; positive conservative lower certifies sound,VERIFIED
S1,leave_environment_D,dft,certificate_matched,exact_fiber,400,21,0.0525,0,0,0.0,0.0,21,1.0,21,1.0,numerical phase witness upper<0; positive conservative lower certifies sound,VERIFIED
S1,leave_environment_D,dft,certificate_matched,center_margin,400,21,0.0525,11,0,0.5238095238095238,0.5238095238095238,15,0.7142857142857143,14,0.6666666666666666,numerical phase witness upper<0; positive conservative lower certifies sound,VERIFIED
S1,leave_environment_D,dft,certificate_matched,maximum_response,400,21,0.0525,20,0,0.9523809523809523,0.9523809523809523,2,0.09523809523809523,1,0.047619047619047616,numerical phase witness upper<0; positive conservative lower certifies sound,VERIFIED
S1,leave_environment_D,dft,certificate_matched,negative_entropy,400,21,0.0525,19,0,0.9047619047619048,0.9047619047619048,4,0.19047619047619047,3,0.14285714285714285,numerical phase witness upper<0; positive conservative lower certifies sound,VERIFIED
S1,leave_environment_D,dft,certificate_matched,full_state_margin,400,21,0.0525,14,0,0.6666666666666666,0.6666666666666666,21,1.0,20,0.9523809523809523,numerical phase witness upper<0; positive conservative lower certifies sound,VERIFIED
S1,leave_environment_D,dft,fixed_coverage_grid,center_margin,400,20,0.05,10,0,0.5,0.5,15,0.75,14,0.7,numerical phase witness upper<0; positive conservative lower certifies sound,VERIFIED
S1,leave_environment_D,dft,fixed_coverage_grid,maximum_response,400,20,0.05,19,0,0.95,0.95,1,0.05,1,0.05,numerical phase witness upper<0; positive conservative lower certifies sound,VERIFIED
S1,leave_environment_D,dft,fixed_coverage_grid,negative_entropy,400,20,0.05,18,0,0.9,0.9,4,0.2,3,0.15,numerical phase witness upper<0; positive conservative lower certifies sound,VERIFIED
S1,leave_environment_D,dft,fixed_coverage_grid,full_state_margin,400,20,0.05,13,0,0.65,0.65,20,1.0,19,0.95,numerical phase witness upper<0; positive conservative lower certifies sound,VERIFIED
S1,leave_environment_D,dft,fixed_coverage_grid,center_margin,400,40,0.1,30,0,0.75,0.75,23,0.575,21,0.525,numerical phase witness upper<0; positive conservative lower certifies sound,VERIFIED
S1,leave_environment_D,dft,fixed_coverage_grid,maximum_response,400,40,0.1,38,0,0.95,0.95,4,0.1,3,0.075,numerical phase witness upper<0; positive conservative lower certifies sound,VERIFIED
S1,leave_environment_D,dft,fixed_coverage_grid,negative_entropy,400,40,0.1,36,0,0.9,0.9,6,0.15,5,0.125,numerical phase witness upper<0; positive conservative lower certifies sound,VERIFIED
S1,leave_environment_D,dft,fixed_coverage_grid,full_state_margin,400,40,0.1,32,0,0.8,0.8,40,1.0,38,0.95,numerical phase witness upper<0; positive conservative lower certifies sound,VERIFIED
S1,leave_environment_D,dft,fixed_coverage_grid,center_margin,400,80,0.2,64,0,0.8,0.8,31,0.3875,28,0.35,numerical phase witness upper<0; positive conservative lower certifies sound,VERIFIED
S1,leave_environment_D,dft,fixed_coverage_grid,maximum_response,400,80,0.2,76,0,0.95,0.95,10,0.125,7,0.0875,numerical phase witness upper<0; positive conservative lower certifies sound,VERIFIED
S1,leave_environment_D,dft,fixed_coverage_grid,negative_entropy,400,80,0.2,75,0,0.9375,0.9375,10,0.125,8,0.1,numerical phase witness upper<0; positive conservative lower certifies sound,VERIFIED
S1,leave_environment_D,dft,fixed_coverage_grid,full_state_margin,400,80,0.2,65,0,0.8125,0.8125,80,1.0,77,0.9625,numerical phase witness upper<0; positive conservative lower certifies sound,VERIFIED
S1,leave_environment_D,dft,fixed_coverage_grid,center_margin,400,160,0.4,140,0,0.875,0.875,40,0.25,36,0.225,numerical phase witness upper<0; positive conservative lower certifies sound,VERIFIED
S1,leave_environment_D,dft,fixed_coverage_grid,maximum_response,400,160,0.4,150,0,0.9375,0.9375,19,0.11875,16,0.1,numerical phase witness upper<0; positive conservative lower certifies sound,VERIFIED
S1,leave_environment_D,dft,fixed_coverage_grid,negative_entropy,400,160,0.4,150,0,0.9375,0.9375,20,0.125,17,0.10625,numerical phase witness upper<0; positive conservative lower certifies sound,VERIFIED
S1,leave_environment_D,dft,fixed_coverage_grid,full_state_margin,400,160,0.4,140,0,0.875,0.875,160,1.0,147,0.91875,numerical phase witness upper<0; positive conservative lower certifies sound,VERIFIED
S1,leave_environment_D,dft,fixed_coverage_grid,center_margin,400,240,0.6,219,0,0.9125,0.9125,44,0.18333333333333332,40,0.16666666666666666,numerical phase witness upper<0; positive conservative lower certifies sound,VERIFIED
S1,leave_environment_D,dft,fixed_coverage_grid,maximum_response,400,240,0.6,225,0,0.9375,0.9375,35,0.14583333333333334,32,0.13333333333333333,numerical phase witness upper<0; positive conservative lower certifies sound,VERIFIED
S1,leave_environment_D,dft,fixed_coverage_grid,negative_entropy,400,240,0.6,227,0,0.9458333333333333,0.9458333333333333,33,0.1375,28,0.11666666666666667,numerical phase witness upper<0; positive conservative lower certifies sound,VERIFIED
S1,leave_environment_D,dft,fixed_coverage_grid,full_state_margin,400,240,0.6,219,0,0.9125,0.9125,240,1.0,204,0.85,numerical phase witness upper<0; positive conservative lower certifies sound,VERIFIED
S1,leave_environment_D,dft,fixed_coverage_grid,center_margin,400,320,0.8,299,0,0.934375,0.934375,49,0.153125,46,0.14375,numerical phase witness upper<0; positive conservative lower certifies sound,VERIFIED
S1,leave_environment_D,dft,fixed_coverage_grid,maximum_response,400,320,0.8,299,0,0.934375,0.934375,53,0.165625,47,0.146875,numerical phase witness upper<0; positive conservative lower certifies sound,VERIFIED
S1,leave_environment_D,dft,fixed_coverage_grid,negative_entropy,400,320,0.8,299,0,0.934375,0.934375,54,0.16875,48,0.15,numerical phase witness upper<0; positive conservative lower certifies sound,VERIFIED
S1,leave_environment_D,dft,fixed_coverage_grid,full_state_margin,400,320,0.8,299,0,0.934375,0.934375,320,1.0,249,0.778125,numerical phase witness upper<0; positive conservative lower certifies sound,VERIFIED
S1,leave_environment_D,dft,fixed_coverage_grid,center_margin,400,400,1.0,379,0,0.9475,0.9475,58,0.145,55,0.1375,numerical phase witness upper<0; positive conservative lower certifies sound,VERIFIED
S1,leave_environment_D,dft,fixed_coverage_grid,maximum_response,400,400,1.0,379,0,0.9475,0.9475,58,0.145,55,0.1375,numerical phase witness upper<0; positive conservative lower certifies sound,VERIFIED
S1,leave_environment_D,dft,fixed_coverage_grid,negative_entropy,400,400,1.0,379,0,0.9475,0.9475,58,0.145,55,0.1375,numerical phase witness upper<0; positive conservative lower certifies sound,VERIFIED
S1,leave_environment_D,dft,fixed_coverage_grid,full_state_margin,400,400,1.0,379,0,0.9475,0.9475,400,1.0,284,0.71,numerical phase witness upper<0; positive conservative lower certifies sound,VERIFIED
S1,leave_environment_D,polynomial,certificate_matched,exact_fiber,400,320,0.8,0,0,0.0,0.0,320,1.0,251,0.784375,numerical phase witness upper<0; positive conservative lower certifies sound,VERIFIED
S1,leave_environment_D,polynomial,certificate_matched,center_margin,400,320,0.8,16,0,0.05,0.05,319,0.996875,250,0.78125,numerical phase witness upper<0; positive conservative lower certifies sound,VERIFIED
S1,leave_environment_D,polynomial,certificate_matched,maximum_response,400,320,0.8,34,0,0.10625,0.10625,312,0.975,255,0.796875,numerical phase witness upper<0; positive conservative lower certifies sound,VERIFIED
S1,leave_environment_D,polynomial,certificate_matched,negative_entropy,400,320,0.8,48,0,0.15,0.15,307,0.959375,252,0.7875,numerical phase witness upper<0; positive conservative lower certifies sound,VERIFIED
S1,leave_environment_D,polynomial,certificate_matched,full_state_margin,400,320,0.8,25,0,0.078125,0.078125,320,1.0,249,0.778125,numerical phase witness upper<0; positive conservative lower certifies sound,VERIFIED
S1,leave_environment_D,polynomial,fixed_coverage_grid,center_margin,400,20,0.05,0,0,0.0,0.0,20,1.0,19,0.95,numerical phase witness upper<0; positive conservative lower certifies sound,VERIFIED
S1,leave_environment_D,polynomial,fixed_coverage_grid,maximum_response,400,20,0.05,0,0,0.0,0.0,20,1.0,19,0.95,numerical phase witness upper<0; positive conservative lower certifies sound,VERIFIED
S1,leave_environment_D,polynomial,fixed_coverage_grid,negative_entropy,400,20,0.05,1,0,0.05,0.05,20,1.0,18,0.9,numerical phase witness upper<0; positive conservative lower certifies sound,VERIFIED
S1,leave_environment_D,polynomial,fixed_coverage_grid,full_state_margin,400,20,0.05,0,0,0.0,0.0,20,1.0,19,0.95,numerical phase witness upper<0; positive conservative lower certifies sound,VERIFIED
S1,leave_environment_D,polynomial,fixed_coverage_grid,center_margin,400,40,0.1,0,0,0.0,0.0,40,1.0,38,0.95,numerical phase witness upper<0; positive conservative lower certifies sound,VERIFIED
S1,leave_environment_D,polynomial,fixed_coverage_grid,maximum_response,400,40,0.1,0,0,0.0,0.0,40,1.0,39,0.975,numerical phase witness upper<0; positive conservative lower certifies sound,VERIFIED
S1,leave_environment_D,polynomial,fixed_coverage_grid,negative_entropy,400,40,0.1,1,0,0.025,0.025,40,1.0,36,0.9,numerical phase witness upper<0; positive conservative lower certifies sound,VERIFIED
S1,leave_environment_D,polynomial,fixed_coverage_grid,full_state_margin,400,40,0.1,0,0,0.0,0.0,40,1.0,38,0.95,numerical phase witness upper<0; positive conservative lower certifies sound,VERIFIED
S1,leave_environment_D,polynomial,fixed_coverage_grid,center_margin,400,80,0.2,0,0,0.0,0.0,80,1.0,78,0.975,numerical phase witness upper<0; positive conservative lower certifies sound,VERIFIED
S1,leave_environment_D,polynomial,fixed_coverage_grid,maximum_response,400,80,0.2,0,0,0.0,0.0,80,1.0,74,0.925,numerical phase witness upper<0; positive conservative lower certifies sound,VERIFIED
S1,leave_environment_D,polynomial,fixed_coverage_grid,negative_entropy,400,80,0.2,1,0,0.0125,0.0125,80,1.0,71,0.8875,numerical phase witness upper<0; positive conservative lower certifies sound,VERIFIED
S1,leave_environment_D,polynomial,fixed_coverage_grid,full_state_margin,400,80,0.2,0,0,0.0,0.0,80,1.0,77,0.9625,numerical phase witness upper<0; positive conservative lower certifies sound,VERIFIED
S1,leave_environment_D,polynomial,fixed_coverage_grid,center_margin,400,160,0.4,0,0,0.0,0.0,160,1.0,146,0.9125,numerical phase witness upper<0; positive conservative lower certifies sound,VERIFIED
S1,leave_environment_D,polynomial,fixed_coverage_grid,maximum_response,400,160,0.4,1,0,0.00625,0.00625,160,1.0,147,0.91875,numerical phase witness upper<0; positive conservative lower certifies sound,VERIFIED
S1,leave_environment_D,polynomial,fixed_coverage_grid,negative_entropy,400,160,0.4,6,0,0.0375,0.0375,159,0.99375,142,0.8875,numerical phase witness upper<0; positive conservative lower certifies sound,VERIFIED
S1,leave_environment_D,polynomial,fixed_coverage_grid,full_state_margin,400,160,0.4,0,0,0.0,0.0,160,1.0,147,0.91875,numerical phase witness upper<0; positive conservative lower certifies sound,VERIFIED
S1,leave_environment_D,polynomial,fixed_coverage_grid,center_margin,400,240,0.6,0,0,0.0,0.0,240,1.0,205,0.8541666666666666,numerical phase witness upper<0; positive conservative lower certifies sound,VERIFIED
S1,leave_environment_D,polynomial,fixed_coverage_grid,maximum_response,400,240,0.6,8,0,0.03333333333333333,0.03333333333333333,240,1.0,203,0.8458333333333333,numerical phase witness upper<0; positive conservative lower certifies sound,VERIFIED
S1,leave_environment_D,polynomial,fixed_coverage_grid,negative_entropy,400,240,0.6,29,0,0.12083333333333333,0.12083333333333333,233,0.9708333333333333,204,0.85,numerical phase witness upper<0; positive conservative lower certifies sound,VERIFIED
S1,leave_environment_D,polynomial,fixed_coverage_grid,full_state_margin,400,240,0.6,6,0,0.025,0.025,240,1.0,204,0.85,numerical phase witness upper<0; positive conservative lower certifies sound,VERIFIED
S1,leave_environment_D,polynomial,fixed_coverage_grid,center_margin,400,320,0.8,16,0,0.05,0.05,319,0.996875,250,0.78125,numerical phase witness upper<0; positive conservative lower certifies sound,VERIFIED
S1,leave_environment_D,polynomial,fixed_coverage_grid,maximum_response,400,320,0.8,34,0,0.10625,0.10625,312,0.975,255,0.796875,numerical phase witness upper<0; positive conservative lower certifies sound,VERIFIED
S1,leave_environment_D,polynomial,fixed_coverage_grid,negative_entropy,400,320,0.8,48,0,0.15,0.15,307,0.959375,252,0.7875,numerical phase witness upper<0; positive conservative lower certifies sound,VERIFIED
S1,leave_environment_D,polynomial,fixed_coverage_grid,full_state_margin,400,320,0.8,25,0,0.078125,0.078125,320,1.0,249,0.778125,numerical phase witness upper<0; positive conservative lower certifies sound,VERIFIED
S1,leave_environment_D,polynomial,fixed_coverage_grid,center_margin,400,400,1.0,80,0,0.2,0.2,377,0.9425,286,0.715,numerical phase witness upper<0; positive conservative lower certifies sound,VERIFIED
S1,leave_environment_D,polynomial,fixed_coverage_grid,maximum_response,400,400,1.0,80,0,0.2,0.2,377,0.9425,286,0.715,numerical phase witness upper<0; positive conservative lower certifies sound,VERIFIED
S1,leave_environment_D,polynomial,fixed_coverage_grid,negative_entropy,400,400,1.0,80,0,0.2,0.2,377,0.9425,286,0.715,numerical phase witness upper<0; positive conservative lower certifies sound,VERIFIED
S1,leave_environment_D,polynomial,fixed_coverage_grid,full_state_margin,400,400,1.0,80,0,0.2,0.2,400,1.0,284,0.71,numerical phase witness upper<0; positive conservative lower certifies sound,VERIFIED
S1,leave_environment_D,random_orthogonal,certificate_matched,exact_fiber,400,5,0.0125,0,0,0.0,0.0,5,1.0,5,1.0,numerical phase witness upper<0; positive conservative lower certifies sound,VERIFIED
S1,leave_environment_D,random_orthogonal,certificate_matched,center_margin,400,5,0.0125,3,0,0.6,0.6,5,1.0,5,1.0,numerical phase witness upper<0; positive conservative lower certifies sound,VERIFIED
S1,leave_environment_D,random_orthogonal,certificate_matched,maximum_response,400,5,0.0125,3,0,0.6,0.6,5,1.0,5,1.0,numerical phase witness upper<0; positive conservative lower certifies sound,VERIFIED
S1,leave_environment_D,random_orthogonal,certificate_matched,negative_entropy,400,5,0.0125,3,0,0.6,0.6,5,1.0,5,1.0,numerical phase witness upper<0; positive conservative lower certifies sound,VERIFIED
S1,leave_environment_D,random_orthogonal,certificate_matched,full_state_margin,400,5,0.0125,4,0,0.8,0.8,5,1.0,5,1.0,numerical phase witness upper<0; positive conservative lower certifies sound,VERIFIED
S1,leave_environment_D,random_orthogonal,fixed_coverage_grid,center_margin,400,20,0.05,15,0,0.75,0.75,18,0.9,17,0.85,numerical phase witness upper<0; positive conservative lower certifies sound,VERIFIED
S1,leave_environment_D,random_orthogonal,fixed_coverage_grid,maximum_response,400,20,0.05,15,0,0.75,0.75,20,1.0,20,1.0,numerical phase witness upper<0; positive conservative lower certifies sound,VERIFIED
S1,leave_environment_D,random_orthogonal,fixed_coverage_grid,negative_entropy,400,20,0.05,15,0,0.75,0.75,19,0.95,19,0.95,numerical phase witness upper<0; positive conservative lower certifies sound,VERIFIED
S1,leave_environment_D,random_orthogonal,fixed_coverage_grid,full_state_margin,400,20,0.05,18,0,0.9,0.9,20,1.0,19,0.95,numerical phase witness upper<0; positive conservative lower certifies sound,VERIFIED
S1,leave_environment_D,random_orthogonal,fixed_coverage_grid,center_margin,400,40,0.1,35,0,0.875,0.875,26,0.65,24,0.6,numerical phase witness upper<0; positive conservative lower certifies sound,VERIFIED
S1,leave_environment_D,random_orthogonal,fixed_coverage_grid,maximum_response,400,40,0.1,35,0,0.875,0.875,24,0.6,22,0.55,numerical phase witness upper<0; positive conservative lower certifies sound,VERIFIED
S1,leave_environment_D,random_orthogonal,fixed_coverage_grid,negative_entropy,400,40,0.1,35,0,0.875,0.875,25,0.625,23,0.575,numerical phase witness upper<0; positive conservative lower certifies sound,VERIFIED
S1,leave_environment_D,random_orthogonal,fixed_coverage_grid,full_state_margin,400,40,0.1,37,0,0.925,0.925,40,1.0,38,0.95,numerical phase witness upper<0; positive conservative lower certifies sound,VERIFIED
S1,leave_environment_D,random_orthogonal,fixed_coverage_grid,center_margin,400,80,0.2,75,0,0.9375,0.9375,31,0.3875,30,0.375,numerical phase witness upper<0; positive conservative lower certifies sound,VERIFIED
S1,leave_environment_D,random_orthogonal,fixed_coverage_grid,maximum_response,400,80,0.2,75,0,0.9375,0.9375,34,0.425,31,0.3875,numerical phase witness upper<0; positive conservative lower certifies sound,VERIFIED
S1,leave_environment_D,random_orthogonal,fixed_coverage_grid,negative_entropy,400,80,0.2,75,0,0.9375,0.9375,30,0.375,29,0.3625,numerical phase witness upper<0; positive conservative lower certifies sound,VERIFIED
S1,leave_environment_D,random_orthogonal,fixed_coverage_grid,full_state_margin,400,80,0.2,76,0,0.95,0.95,80,1.0,77,0.9625,numerical phase witness upper<0; positive conservative lower certifies sound,VERIFIED
S1,leave_environment_D,random_orthogonal,fixed_coverage_grid,center_margin,400,160,0.4,155,0,0.96875,0.96875,38,0.2375,39,0.24375,numerical phase witness upper<0; positive conservative lower certifies sound,VERIFIED
S1,leave_environment_D,random_orthogonal,fixed_coverage_grid,maximum_response,400,160,0.4,155,0,0.96875,0.96875,54,0.3375,50,0.3125,numerical phase witness upper<0; positive conservative lower certifies sound,VERIFIED
S1,leave_environment_D,random_orthogonal,fixed_coverage_grid,negative_entropy,400,160,0.4,155,0,0.96875,0.96875,52,0.325,48,0.3,numerical phase witness upper<0; positive conservative lower certifies sound,VERIFIED
S1,leave_environment_D,random_orthogonal,fixed_coverage_grid,full_state_margin,400,160,0.4,155,0,0.96875,0.96875,160,1.0,147,0.91875,numerical phase witness upper<0; positive conservative lower certifies sound,VERIFIED
S1,leave_environment_D,random_orthogonal,fixed_coverage_grid,center_margin,400,240,0.6,235,0,0.9791666666666666,0.9791666666666666,51,0.2125,52,0.21666666666666667,numerical phase witness upper<0; positive conservative lower certifies sound,VERIFIED
S1,leave_environment_D,random_orthogonal,fixed_coverage_grid,maximum_response,400,240,0.6,235,0,0.9791666666666666,0.9791666666666666,60,0.25,60,0.25,numerical phase witness upper<0; positive conservative lower certifies sound,VERIFIED
S1,leave_environment_D,random_orthogonal,fixed_coverage_grid,negative_entropy,400,240,0.6,235,0,0.9791666666666666,0.9791666666666666,61,0.25416666666666665,60,0.25,numerical phase witness upper<0; positive conservative lower certifies sound,VERIFIED
S1,leave_environment_D,random_orthogonal,fixed_coverage_grid,full_state_margin,400,240,0.6,235,0,0.9791666666666666,0.9791666666666666,240,1.0,204,0.85,numerical phase witness upper<0; positive conservative lower certifies sound,VERIFIED
S1,leave_environment_D,random_orthogonal,fixed_coverage_grid,center_margin,400,320,0.8,315,0,0.984375,0.984375,60,0.1875,61,0.190625,numerical phase witness upper<0; positive conservative lower certifies sound,VERIFIED
S1,leave_environment_D,random_orthogonal,fixed_coverage_grid,maximum_response,400,320,0.8,315,0,0.984375,0.984375,64,0.2,65,0.203125,numerical phase witness upper<0; positive conservative lower certifies sound,VERIFIED
S1,leave_environment_D,random_orthogonal,fixed_coverage_grid,negative_entropy,400,320,0.8,315,0,0.984375,0.984375,65,0.203125,67,0.209375,numerical phase witness upper<0; positive conservative lower certifies sound,VERIFIED
S1,leave_environment_D,random_orthogonal,fixed_coverage_grid,full_state_margin,400,320,0.8,315,0,0.984375,0.984375,320,1.0,249,0.778125,numerical phase witness upper<0; positive conservative lower certifies sound,VERIFIED
S1,leave_environment_D,random_orthogonal,fixed_coverage_grid,center_margin,400,400,1.0,395,0,0.9875,0.9875,65,0.1625,67,0.1675,numerical phase witness upper<0; positive conservative lower certifies sound,VERIFIED
S1,leave_environment_D,random_orthogonal,fixed_coverage_grid,maximum_response,400,400,1.0,395,0,0.9875,0.9875,65,0.1625,67,0.1675,numerical phase witness upper<0; positive conservative lower certifies sound,VERIFIED
S1,leave_environment_D,random_orthogonal,fixed_coverage_grid,negative_entropy,400,400,1.0,395,0,0.9875,0.9875,65,0.1625,67,0.1675,numerical phase witness upper<0; positive conservative lower certifies sound,VERIFIED
S1,leave_environment_D,random_orthogonal,fixed_coverage_grid,full_state_margin,400,400,1.0,395,0,0.9875,0.9875,400,1.0,284,0.71,numerical phase witness upper<0; positive conservative lower certifies sound,VERIFIED
S1,leave_environment_D,permuted_polynomial,certificate_matched,exact_fiber,400,30,0.075,0,0,0.0,0.0,30,1.0,29,0.9666666666666667,numerical phase witness upper<0; positive conservative lower certifies sound,VERIFIED
S1,leave_environment_D,permuted_polynomial,certificate_matched,center_margin,400,30,0.075,20,0,0.6666666666666666,0.6666666666666666,11,0.36666666666666664,9,0.3,numerical phase witness upper<0; positive conservative lower certifies sound,VERIFIED
S1,leave_environment_D,permuted_polynomial,certificate_matched,maximum_response,400,30,0.075,28,0,0.9333333333333333,0.9333333333333333,3,0.1,2,0.06666666666666667,numerical phase witness upper<0; positive conservative lower certifies sound,VERIFIED
S1,leave_environment_D,permuted_polynomial,certificate_matched,negative_entropy,400,30,0.075,27,0,0.9,0.9,4,0.13333333333333333,3,0.1,numerical phase witness upper<0; positive conservative lower certifies sound,VERIFIED
S1,leave_environment_D,permuted_polynomial,certificate_matched,full_state_margin,400,30,0.075,21,0,0.7,0.7,30,1.0,28,0.9333333333333333,numerical phase witness upper<0; positive conservative lower certifies sound,VERIFIED
S1,leave_environment_D,permuted_polynomial,fixed_coverage_grid,center_margin,400,20,0.05,12,0,0.6,0.6,9,0.45,7,0.35,numerical phase witness upper<0; positive conservative lower certifies sound,VERIFIED
S1,leave_environment_D,permuted_polynomial,fixed_coverage_grid,maximum_response,400,20,0.05,18,0,0.9,0.9,2,0.1,2,0.1,numerical phase witness upper<0; positive conservative lower certifies sound,VERIFIED
S1,leave_environment_D,permuted_polynomial,fixed_coverage_grid,negative_entropy,400,20,0.05,18,0,0.9,0.9,3,0.15,2,0.1,numerical phase witness upper<0; positive conservative lower certifies sound,VERIFIED
S1,leave_environment_D,permuted_polynomial,fixed_coverage_grid,full_state_margin,400,20,0.05,12,0,0.6,0.6,20,1.0,19,0.95,numerical phase witness upper<0; positive conservative lower certifies sound,VERIFIED
S1,leave_environment_D,permuted_polynomial,fixed_coverage_grid,center_margin,400,40,0.1,30,0,0.75,0.75,11,0.275,9,0.225,numerical phase witness upper<0; positive conservative lower certifies sound,VERIFIED
S1,leave_environment_D,permuted_polynomial,fixed_coverage_grid,maximum_response,400,40,0.1,37,0,0.925,0.925,4,0.1,3,0.075,numerical phase witness upper<0; positive conservative lower certifies sound,VERIFIED
S1,leave_environment_D,permuted_polynomial,fixed_coverage_grid,negative_entropy,400,40,0.1,37,0,0.925,0.925,4,0.1,3,0.075,numerical phase witness upper<0; positive conservative lower certifies sound,VERIFIED
S1,leave_environment_D,permuted_polynomial,fixed_coverage_grid,full_state_margin,400,40,0.1,30,0,0.75,0.75,40,1.0,38,0.95,numerical phase witness upper<0; positive conservative lower certifies sound,VERIFIED
S1,leave_environment_D,permuted_polynomial,fixed_coverage_grid,center_margin,400,80,0.2,66,0,0.825,0.825,16,0.2,13,0.1625,numerical phase witness upper<0; positive conservative lower certifies sound,VERIFIED
S1,leave_environment_D,permuted_polynomial,fixed_coverage_grid,maximum_response,400,80,0.2,74,0,0.925,0.925,8,0.1,5,0.0625,numerical phase witness upper<0; positive conservative lower certifies sound,VERIFIED
S1,leave_environment_D,permuted_polynomial,fixed_coverage_grid,negative_entropy,400,80,0.2,73,0,0.9125,0.9125,9,0.1125,6,0.075,numerical phase witness upper<0; positive conservative lower certifies sound,VERIFIED
S1,leave_environment_D,permuted_polynomial,fixed_coverage_grid,full_state_margin,400,80,0.2,60,0,0.75,0.75,80,1.0,77,0.9625,numerical phase witness upper<0; positive conservative lower certifies sound,VERIFIED
S1,leave_environment_D,permuted_polynomial,fixed_coverage_grid,center_margin,400,160,0.4,140,0,0.875,0.875,23,0.14375,20,0.125,numerical phase witness upper<0; positive conservative lower certifies sound,VERIFIED
S1,leave_environment_D,permuted_polynomial,fixed_coverage_grid,maximum_response,400,160,0.4,148,0,0.925,0.925,15,0.09375,11,0.06875,numerical phase witness upper<0; positive conservative lower certifies sound,VERIFIED
S1,leave_environment_D,permuted_polynomial,fixed_coverage_grid,negative_entropy,400,160,0.4,149,0,0.93125,0.93125,16,0.1,11,0.06875,numerical phase witness upper<0; positive conservative lower certifies sound,VERIFIED
S1,leave_environment_D,permuted_polynomial,fixed_coverage_grid,full_state_margin,400,160,0.4,134,0,0.8375,0.8375,160,1.0,147,0.91875,numerical phase witness upper<0; positive conservative lower certifies sound,VERIFIED
S1,leave_environment_D,permuted_polynomial,fixed_coverage_grid,center_margin,400,240,0.6,212,0,0.8833333333333333,0.8833333333333333,37,0.15416666666666667,33,0.1375,numerical phase witness upper<0; positive conservative lower certifies sound,VERIFIED
S1,leave_environment_D,permuted_polynomial,fixed_coverage_grid,maximum_response,400,240,0.6,220,0,0.9166666666666666,0.9166666666666666,30,0.125,25,0.10416666666666667,numerical phase witness upper<0; positive conservative lower certifies sound,VERIFIED
S1,leave_environment_D,permuted_polynomial,fixed_coverage_grid,negative_entropy,400,240,0.6,221,0,0.9208333333333333,0.9208333333333333,31,0.12916666666666668,25,0.10416666666666667,numerical phase witness upper<0; positive conservative lower certifies sound,VERIFIED
S1,leave_environment_D,permuted_polynomial,fixed_coverage_grid,full_state_margin,400,240,0.6,211,0,0.8791666666666667,0.8791666666666667,240,1.0,204,0.85,numerical phase witness upper<0; positive conservative lower certifies sound,VERIFIED
S1,leave_environment_D,permuted_polynomial,fixed_coverage_grid,center_margin,400,320,0.8,290,0,0.90625,0.90625,57,0.178125,55,0.171875,numerical phase witness upper<0; positive conservative lower certifies sound,VERIFIED
S1,leave_environment_D,permuted_polynomial,fixed_coverage_grid,maximum_response,400,320,0.8,290,0,0.90625,0.90625,64,0.2,56,0.175,numerical phase witness upper<0; positive conservative lower certifies sound,VERIFIED
S1,leave_environment_D,permuted_polynomial,fixed_coverage_grid,negative_entropy,400,320,0.8,290,0,0.90625,0.90625,64,0.2,56,0.175,numerical phase witness upper<0; positive conservative lower certifies sound,VERIFIED
S1,leave_environment_D,permuted_polynomial,fixed_coverage_grid,full_state_margin,400,320,0.8,291,0,0.909375,0.909375,320,1.0,249,0.778125,numerical phase witness upper<0; positive conservative lower certifies sound,VERIFIED
S1,leave_environment_D,permuted_polynomial,fixed_coverage_grid,center_margin,400,400,1.0,370,0,0.925,0.925,86,0.215,81,0.2025,numerical phase witness upper<0; positive conservative lower certifies sound,VERIFIED
S1,leave_environment_D,permuted_polynomial,fixed_coverage_grid,maximum_response,400,400,1.0,370,0,0.925,0.925,86,0.215,81,0.2025,numerical phase witness upper<0; positive conservative lower certifies sound,VERIFIED
S1,leave_environment_D,permuted_polynomial,fixed_coverage_grid,negative_entropy,400,400,1.0,370,0,0.925,0.925,86,0.215,81,0.2025,numerical phase witness upper<0; positive conservative lower certifies sound,VERIFIED
S1,leave_environment_D,permuted_polynomial,fixed_coverage_grid,full_state_margin,400,400,1.0,370,0,0.925,0.925,400,1.0,284,0.71,numerical phase witness upper<0; positive conservative lower certifies sound,VERIFIED
S1,leave_environment_E,coordinate,certificate_matched,exact_fiber,400,0,0.0,0,0,,,0,,0,,numerical phase witness upper<0; positive conservative lower certifies sound,VERIFIED
S1,leave_environment_E,coordinate,certificate_matched,center_margin,400,0,0.0,0,0,,,0,,0,,numerical phase witness upper<0; positive conservative lower certifies sound,VERIFIED
S1,leave_environment_E,coordinate,certificate_matched,maximum_response,400,0,0.0,0,0,,,0,,0,,numerical phase witness upper<0; positive conservative lower certifies sound,VERIFIED
S1,leave_environment_E,coordinate,certificate_matched,negative_entropy,400,0,0.0,0,0,,,0,,0,,numerical phase witness upper<0; positive conservative lower certifies sound,VERIFIED
S1,leave_environment_E,coordinate,certificate_matched,full_state_margin,400,0,0.0,0,0,,,0,,0,,numerical phase witness upper<0; positive conservative lower certifies sound,VERIFIED
S1,leave_environment_E,coordinate,fixed_coverage_grid,center_margin,400,20,0.05,20,0,1.0,1.0,0,0.0,0,0.0,numerical phase witness upper<0; positive conservative lower certifies sound,VERIFIED
S1,leave_environment_E,coordinate,fixed_coverage_grid,maximum_response,400,20,0.05,20,0,1.0,1.0,4,0.2,3,0.15,numerical phase witness upper<0; positive conservative lower certifies sound,VERIFIED
S1,leave_environment_E,coordinate,fixed_coverage_grid,negative_entropy,400,20,0.05,20,0,1.0,1.0,0,0.0,0,0.0,numerical phase witness upper<0; positive conservative lower certifies sound,VERIFIED
S1,leave_environment_E,coordinate,fixed_coverage_grid,full_state_margin,400,20,0.05,20,0,1.0,1.0,20,1.0,19,0.95,numerical phase witness upper<0; positive conservative lower certifies sound,VERIFIED
S1,leave_environment_E,coordinate,fixed_coverage_grid,center_margin,400,40,0.1,40,0,1.0,1.0,0,0.0,0,0.0,numerical phase witness upper<0; positive conservative lower certifies sound,VERIFIED
S1,leave_environment_E,coordinate,fixed_coverage_grid,maximum_response,400,40,0.1,40,0,1.0,1.0,6,0.15,3,0.075,numerical phase witness upper<0; positive conservative lower certifies sound,VERIFIED
S1,leave_environment_E,coordinate,fixed_coverage_grid,negative_entropy,400,40,0.1,40,0,1.0,1.0,0,0.0,0,0.0,numerical phase witness upper<0; positive conservative lower certifies sound,VERIFIED
S1,leave_environment_E,coordinate,fixed_coverage_grid,full_state_margin,400,40,0.1,40,0,1.0,1.0,40,1.0,37,0.925,numerical phase witness upper<0; positive conservative lower certifies sound,VERIFIED
S1,leave_environment_E,coordinate,fixed_coverage_grid,center_margin,400,80,0.2,80,0,1.0,1.0,2,0.025,0,0.0,numerical phase witness upper<0; positive conservative lower certifies sound,VERIFIED
S1,leave_environment_E,coordinate,fixed_coverage_grid,maximum_response,400,80,0.2,80,0,1.0,1.0,8,0.1,5,0.0625,numerical phase witness upper<0; positive conservative lower certifies sound,VERIFIED
S1,leave_environment_E,coordinate,fixed_coverage_grid,negative_entropy,400,80,0.2,80,0,1.0,1.0,2,0.025,0,0.0,numerical phase witness upper<0; positive conservative lower certifies sound,VERIFIED
S1,leave_environment_E,coordinate,fixed_coverage_grid,full_state_margin,400,80,0.2,80,0,1.0,1.0,80,1.0,75,0.9375,numerical phase witness upper<0; positive conservative lower certifies sound,VERIFIED
S1,leave_environment_E,coordinate,fixed_coverage_grid,center_margin,400,160,0.4,160,0,1.0,1.0,7,0.04375,7,0.04375,numerical phase witness upper<0; positive conservative lower certifies sound,VERIFIED
S1,leave_environment_E,coordinate,fixed_coverage_grid,maximum_response,400,160,0.4,160,0,1.0,1.0,14,0.0875,9,0.05625,numerical phase witness upper<0; positive conservative lower certifies sound,VERIFIED
S1,leave_environment_E,coordinate,fixed_coverage_grid,negative_entropy,400,160,0.4,160,0,1.0,1.0,8,0.05,9,0.05625,numerical phase witness upper<0; positive conservative lower certifies sound,VERIFIED
S1,leave_environment_E,coordinate,fixed_coverage_grid,full_state_margin,400,160,0.4,160,0,1.0,1.0,160,1.0,141,0.88125,numerical phase witness upper<0; positive conservative lower certifies sound,VERIFIED
S1,leave_environment_E,coordinate,fixed_coverage_grid,center_margin,400,240,0.6,240,0,1.0,1.0,17,0.07083333333333333,16,0.06666666666666667,numerical phase witness upper<0; positive conservative lower certifies sound,VERIFIED
S1,leave_environment_E,coordinate,fixed_coverage_grid,maximum_response,400,240,0.6,240,0,1.0,1.0,17,0.07083333333333333,12,0.05,numerical phase witness upper<0; positive conservative lower certifies sound,VERIFIED
S1,leave_environment_E,coordinate,fixed_coverage_grid,negative_entropy,400,240,0.6,240,0,1.0,1.0,16,0.06666666666666667,17,0.07083333333333333,numerical phase witness upper<0; positive conservative lower certifies sound,VERIFIED
S1,leave_environment_E,coordinate,fixed_coverage_grid,full_state_margin,400,240,0.6,240,0,1.0,1.0,240,1.0,194,0.8083333333333333,numerical phase witness upper<0; positive conservative lower certifies sound,VERIFIED
S1,leave_environment_E,coordinate,fixed_coverage_grid,center_margin,400,320,0.8,320,0,1.0,1.0,24,0.075,24,0.075,numerical phase witness upper<0; positive conservative lower certifies sound,VERIFIED
S1,leave_environment_E,coordinate,fixed_coverage_grid,maximum_response,400,320,0.8,320,0,1.0,1.0,30,0.09375,25,0.078125,numerical phase witness upper<0; positive conservative lower certifies sound,VERIFIED
S1,leave_environment_E,coordinate,fixed_coverage_grid,negative_entropy,400,320,0.8,320,0,1.0,1.0,24,0.075,22,0.06875,numerical phase witness upper<0; positive conservative lower certifies sound,VERIFIED
S1,leave_environment_E,coordinate,fixed_coverage_grid,full_state_margin,400,320,0.8,320,0,1.0,1.0,320,1.0,237,0.740625,numerical phase witness upper<0; positive conservative lower certifies sound,VERIFIED
S1,leave_environment_E,coordinate,fixed_coverage_grid,center_margin,400,400,1.0,400,0,1.0,1.0,36,0.09,32,0.08,numerical phase witness upper<0; positive conservative lower certifies sound,VERIFIED
S1,leave_environment_E,coordinate,fixed_coverage_grid,maximum_response,400,400,1.0,400,0,1.0,1.0,36,0.09,32,0.08,numerical phase witness upper<0; positive conservative lower certifies sound,VERIFIED
S1,leave_environment_E,coordinate,fixed_coverage_grid,negative_entropy,400,400,1.0,400,0,1.0,1.0,36,0.09,32,0.08,numerical phase witness upper<0; positive conservative lower certifies sound,VERIFIED
S1,leave_environment_E,coordinate,fixed_coverage_grid,full_state_margin,400,400,1.0,400,0,1.0,1.0,400,1.0,273,0.6825,numerical phase witness upper<0; positive conservative lower certifies sound,VERIFIED
S1,leave_environment_E,dct,certificate_matched,exact_fiber,400,22,0.055,0,0,0.0,0.0,22,1.0,15,0.6818181818181818,numerical phase witness upper<0; positive conservative lower certifies sound,VERIFIED
S1,leave_environment_E,dct,certificate_matched,center_margin,400,22,0.055,15,0,0.6818181818181818,0.6818181818181818,9,0.4090909090909091,7,0.3181818181818182,numerical phase witness upper<0; positive conservative lower certifies sound,VERIFIED
S1,leave_environment_E,dct,certificate_matched,maximum_response,400,22,0.055,17,0,0.7727272727272727,0.7727272727272727,8,0.36363636363636365,5,0.22727272727272727,numerical phase witness upper<0; positive conservative lower certifies sound,VERIFIED
S1,leave_environment_E,dct,certificate_matched,negative_entropy,400,22,0.055,17,0,0.7727272727272727,0.7727272727272727,8,0.36363636363636365,4,0.18181818181818182,numerical phase witness upper<0; positive conservative lower certifies sound,VERIFIED
S1,leave_environment_E,dct,certificate_matched,full_state_margin,400,22,0.055,17,0,0.7727272727272727,0.7727272727272727,22,1.0,21,0.9545454545454546,numerical phase witness upper<0; positive conservative lower certifies sound,VERIFIED
S1,leave_environment_E,dct,fixed_coverage_grid,center_margin,400,20,0.05,13,0,0.65,0.65,9,0.45,7,0.35,numerical phase witness upper<0; positive conservative lower certifies sound,VERIFIED
S1,leave_environment_E,dct,fixed_coverage_grid,maximum_response,400,20,0.05,15,0,0.75,0.75,8,0.4,4,0.2,numerical phase witness upper<0; positive conservative lower certifies sound,VERIFIED
S1,leave_environment_E,dct,fixed_coverage_grid,negative_entropy,400,20,0.05,15,0,0.75,0.75,7,0.35,3,0.15,numerical phase witness upper<0; positive conservative lower certifies sound,VERIFIED
S1,leave_environment_E,dct,fixed_coverage_grid,full_state_margin,400,20,0.05,15,0,0.75,0.75,20,1.0,19,0.95,numerical phase witness upper<0; positive conservative lower certifies sound,VERIFIED
S1,leave_environment_E,dct,fixed_coverage_grid,center_margin,400,40,0.1,30,0,0.75,0.75,14,0.35,11,0.275,numerical phase witness upper<0; positive conservative lower certifies sound,VERIFIED
S1,leave_environment_E,dct,fixed_coverage_grid,maximum_response,400,40,0.1,35,0,0.875,0.875,9,0.225,7,0.175,numerical phase witness upper<0; positive conservative lower certifies sound,VERIFIED
S1,leave_environment_E,dct,fixed_coverage_grid,negative_entropy,400,40,0.1,35,0,0.875,0.875,9,0.225,7,0.175,numerical phase witness upper<0; positive conservative lower certifies sound,VERIFIED
S1,leave_environment_E,dct,fixed_coverage_grid,full_state_margin,400,40,0.1,33,0,0.825,0.825,40,1.0,37,0.925,numerical phase witness upper<0; positive conservative lower certifies sound,VERIFIED
S1,leave_environment_E,dct,fixed_coverage_grid,center_margin,400,80,0.2,65,0,0.8125,0.8125,22,0.275,19,0.2375,numerical phase witness upper<0; positive conservative lower certifies sound,VERIFIED
S1,leave_environment_E,dct,fixed_coverage_grid,maximum_response,400,80,0.2,72,0,0.9,0.9,17,0.2125,17,0.2125,numerical phase witness upper<0; positive conservative lower certifies sound,VERIFIED
S1,leave_environment_E,dct,fixed_coverage_grid,negative_entropy,400,80,0.2,72,0,0.9,0.9,16,0.2,16,0.2,numerical phase witness upper<0; positive conservative lower certifies sound,VERIFIED
S1,leave_environment_E,dct,fixed_coverage_grid,full_state_margin,400,80,0.2,71,0,0.8875,0.8875,80,1.0,75,0.9375,numerical phase witness upper<0; positive conservative lower certifies sound,VERIFIED
S1,leave_environment_E,dct,fixed_coverage_grid,center_margin,400,160,0.4,140,0,0.875,0.875,34,0.2125,35,0.21875,numerical phase witness upper<0; positive conservative lower certifies sound,VERIFIED
S1,leave_environment_E,dct,fixed_coverage_grid,maximum_response,400,160,0.4,138,0,0.8625,0.8625,48,0.3,52,0.325,numerical phase witness upper<0; positive conservative lower certifies sound,VERIFIED
S1,leave_environment_E,dct,fixed_coverage_grid,negative_entropy,400,160,0.4,138,0,0.8625,0.8625,48,0.3,52,0.325,numerical phase witness upper<0; positive conservative lower certifies sound,VERIFIED
S1,leave_environment_E,dct,fixed_coverage_grid,full_state_margin,400,160,0.4,145,0,0.90625,0.90625,160,1.0,141,0.88125,numerical phase witness upper<0; positive conservative lower certifies sound,VERIFIED
S1,leave_environment_E,dct,fixed_coverage_grid,center_margin,400,240,0.6,219,0,0.9125,0.9125,51,0.2125,56,0.23333333333333334,numerical phase witness upper<0; positive conservative lower certifies sound,VERIFIED
S1,leave_environment_E,dct,fixed_coverage_grid,maximum_response,400,240,0.6,218,0,0.9083333333333333,0.9083333333333333,63,0.2625,74,0.30833333333333335,numerical phase witness upper<0; positive conservative lower certifies sound,VERIFIED
S1,leave_environment_E,dct,fixed_coverage_grid,negative_entropy,400,240,0.6,218,0,0.9083333333333333,0.9083333333333333,65,0.2708333333333333,77,0.32083333333333336,numerical phase witness upper<0; positive conservative lower certifies sound,VERIFIED
S1,leave_environment_E,dct,fixed_coverage_grid,full_state_margin,400,240,0.6,221,0,0.9208333333333333,0.9208333333333333,240,1.0,194,0.8083333333333333,numerical phase witness upper<0; positive conservative lower certifies sound,VERIFIED
S1,leave_environment_E,dct,fixed_coverage_grid,center_margin,400,320,0.8,298,0,0.93125,0.93125,70,0.21875,79,0.246875,numerical phase witness upper<0; positive conservative lower certifies sound,VERIFIED
S1,leave_environment_E,dct,fixed_coverage_grid,maximum_response,400,320,0.8,298,0,0.93125,0.93125,78,0.24375,88,0.275,numerical phase witness upper<0; positive conservative lower certifies sound,VERIFIED
S1,leave_environment_E,dct,fixed_coverage_grid,negative_entropy,400,320,0.8,298,0,0.93125,0.93125,81,0.253125,91,0.284375,numerical phase witness upper<0; positive conservative lower certifies sound,VERIFIED
S1,leave_environment_E,dct,fixed_coverage_grid,full_state_margin,400,320,0.8,299,0,0.934375,0.934375,320,1.0,237,0.740625,numerical phase witness upper<0; positive conservative lower certifies sound,VERIFIED
S1,leave_environment_E,dct,fixed_coverage_grid,center_margin,400,400,1.0,378,0,0.945,0.945,91,0.2275,98,0.245,numerical phase witness upper<0; positive conservative lower certifies sound,VERIFIED
S1,leave_environment_E,dct,fixed_coverage_grid,maximum_response,400,400,1.0,378,0,0.945,0.945,91,0.2275,98,0.245,numerical phase witness upper<0; positive conservative lower certifies sound,VERIFIED
S1,leave_environment_E,dct,fixed_coverage_grid,negative_entropy,400,400,1.0,378,0,0.945,0.945,91,0.2275,98,0.245,numerical phase witness upper<0; positive conservative lower certifies sound,VERIFIED
S1,leave_environment_E,dct,fixed_coverage_grid,full_state_margin,400,400,1.0,378,0,0.945,0.945,400,1.0,273,0.6825,numerical phase witness upper<0; positive conservative lower certifies sound,VERIFIED
S1,leave_environment_E,dft,certificate_matched,exact_fiber,400,14,0.035,0,0,0.0,0.0,14,1.0,13,0.9285714285714286,numerical phase witness upper<0; positive conservative lower certifies sound,VERIFIED
S1,leave_environment_E,dft,certificate_matched,center_margin,400,14,0.035,7,0,0.5,0.5,11,0.7857142857142857,12,0.8571428571428571,numerical phase witness upper<0; positive conservative lower certifies sound,VERIFIED
S1,leave_environment_E,dft,certificate_matched,maximum_response,400,14,0.035,14,0,1.0,1.0,2,0.14285714285714285,1,0.07142857142857142,numerical phase witness upper<0; positive conservative lower certifies sound,VERIFIED
S1,leave_environment_E,dft,certificate_matched,negative_entropy,400,14,0.035,8,0,0.5714285714285714,0.5714285714285714,8,0.5714285714285714,8,0.5714285714285714,numerical phase witness upper<0; positive conservative lower certifies sound,VERIFIED
S1,leave_environment_E,dft,certificate_matched,full_state_margin,400,14,0.035,11,0,0.7857142857142857,0.7857142857142857,14,1.0,13,0.9285714285714286,numerical phase witness upper<0; positive conservative lower certifies sound,VERIFIED
S1,leave_environment_E,dft,fixed_coverage_grid,center_margin,400,20,0.05,10,0,0.5,0.5,15,0.75,15,0.75,numerical phase witness upper<0; positive conservative lower certifies sound,VERIFIED
S1,leave_environment_E,dft,fixed_coverage_grid,maximum_response,400,20,0.05,18,0,0.9,0.9,5,0.25,3,0.15,numerical phase witness upper<0; positive conservative lower certifies sound,VERIFIED
S1,leave_environment_E,dft,fixed_coverage_grid,negative_entropy,400,20,0.05,14,0,0.7,0.7,11,0.55,11,0.55,numerical phase witness upper<0; positive conservative lower certifies sound,VERIFIED
S1,leave_environment_E,dft,fixed_coverage_grid,full_state_margin,400,20,0.05,15,0,0.75,0.75,20,1.0,19,0.95,numerical phase witness upper<0; positive conservative lower certifies sound,VERIFIED
S1,leave_environment_E,dft,fixed_coverage_grid,center_margin,400,40,0.1,28,0,0.7,0.7,21,0.525,22,0.55,numerical phase witness upper<0; positive conservative lower certifies sound,VERIFIED
S1,leave_environment_E,dft,fixed_coverage_grid,maximum_response,400,40,0.1,34,0,0.85,0.85,10,0.25,8,0.2,numerical phase witness upper<0; positive conservative lower certifies sound,VERIFIED
S1,leave_environment_E,dft,fixed_coverage_grid,negative_entropy,400,40,0.1,32,0,0.8,0.8,20,0.5,18,0.45,numerical phase witness upper<0; positive conservative lower certifies sound,VERIFIED
S1,leave_environment_E,dft,fixed_coverage_grid,full_state_margin,400,40,0.1,34,0,0.85,0.85,40,1.0,37,0.925,numerical phase witness upper<0; positive conservative lower certifies sound,VERIFIED
S1,leave_environment_E,dft,fixed_coverage_grid,center_margin,400,80,0.2,67,0,0.8375,0.8375,33,0.4125,33,0.4125,numerical phase witness upper<0; positive conservative lower certifies sound,VERIFIED
S1,leave_environment_E,dft,fixed_coverage_grid,maximum_response,400,80,0.2,72,0,0.9,0.9,24,0.3,22,0.275,numerical phase witness upper<0; positive conservative lower certifies sound,VERIFIED
S1,leave_environment_E,dft,fixed_coverage_grid,negative_entropy,400,80,0.2,70,0,0.875,0.875,30,0.375,29,0.3625,numerical phase witness upper<0; positive conservative lower certifies sound,VERIFIED
S1,leave_environment_E,dft,fixed_coverage_grid,full_state_margin,400,80,0.2,72,0,0.9,0.9,80,1.0,75,0.9375,numerical phase witness upper<0; positive conservative lower certifies sound,VERIFIED
S1,leave_environment_E,dft,fixed_coverage_grid,center_margin,400,160,0.4,147,0,0.91875,0.91875,42,0.2625,38,0.2375,numerical phase witness upper<0; positive conservative lower certifies sound,VERIFIED
S1,leave_environment_E,dft,fixed_coverage_grid,maximum_response,400,160,0.4,149,0,0.93125,0.93125,37,0.23125,37,0.23125,numerical phase witness upper<0; positive conservative lower certifies sound,VERIFIED
S1,leave_environment_E,dft,fixed_coverage_grid,negative_entropy,400,160,0.4,148,0,0.925,0.925,38,0.2375,40,0.25,numerical phase witness upper<0; positive conservative lower certifies sound,VERIFIED
S1,leave_environment_E,dft,fixed_coverage_grid,full_state_margin,400,160,0.4,149,0,0.93125,0.93125,160,1.0,141,0.88125,numerical phase witness upper<0; positive conservative lower certifies sound,VERIFIED
S1,leave_environment_E,dft,fixed_coverage_grid,center_margin,400,240,0.6,227,0,0.9458333333333333,0.9458333333333333,49,0.20416666666666666,44,0.18333333333333332,numerical phase witness upper<0; positive conservative lower certifies sound,VERIFIED
S1,leave_environment_E,dft,fixed_coverage_grid,maximum_response,400,240,0.6,227,0,0.9458333333333333,0.9458333333333333,47,0.19583333333333333,46,0.19166666666666668,numerical phase witness upper<0; positive conservative lower certifies sound,VERIFIED
S1,leave_environment_E,dft,fixed_coverage_grid,negative_entropy,400,240,0.6,227,0,0.9458333333333333,0.9458333333333333,48,0.2,45,0.1875,numerical phase witness upper<0; positive conservative lower certifies sound,VERIFIED
S1,leave_environment_E,dft,fixed_coverage_grid,full_state_margin,400,240,0.6,227,0,0.9458333333333333,0.9458333333333333,240,1.0,194,0.8083333333333333,numerical phase witness upper<0; positive conservative lower certifies sound,VERIFIED
S1,leave_environment_E,dft,fixed_coverage_grid,center_margin,400,320,0.8,306,0,0.95625,0.95625,61,0.190625,53,0.165625,numerical phase witness upper<0; positive conservative lower certifies sound,VERIFIED
S1,leave_environment_E,dft,fixed_coverage_grid,maximum_response,400,320,0.8,306,0,0.95625,0.95625,57,0.178125,54,0.16875,numerical phase witness upper<0; positive conservative lower certifies sound,VERIFIED
S1,leave_environment_E,dft,fixed_coverage_grid,negative_entropy,400,320,0.8,306,0,0.95625,0.95625,57,0.178125,54,0.16875,numerical phase witness upper<0; positive conservative lower certifies sound,VERIFIED
S1,leave_environment_E,dft,fixed_coverage_grid,full_state_margin,400,320,0.8,306,0,0.95625,0.95625,320,1.0,237,0.740625,numerical phase witness upper<0; positive conservative lower certifies sound,VERIFIED
S1,leave_environment_E,dft,fixed_coverage_grid,center_margin,400,400,1.0,386,0,0.965,0.965,64,0.16,58,0.145,numerical phase witness upper<0; positive conservative lower certifies sound,VERIFIED
S1,leave_environment_E,dft,fixed_coverage_grid,maximum_response,400,400,1.0,386,0,0.965,0.965,64,0.16,58,0.145,numerical phase witness upper<0; positive conservative lower certifies sound,VERIFIED
S1,leave_environment_E,dft,fixed_coverage_grid,negative_entropy,400,400,1.0,386,0,0.965,0.965,64,0.16,58,0.145,numerical phase witness upper<0; positive conservative lower certifies sound,VERIFIED
S1,leave_environment_E,dft,fixed_coverage_grid,full_state_margin,400,400,1.0,386,0,0.965,0.965,400,1.0,273,0.6825,numerical phase witness upper<0; positive conservative lower certifies sound,VERIFIED
S1,leave_environment_E,polynomial,certificate_matched,exact_fiber,400,278,0.695,0,0,0.0,0.0,278,1.0,216,0.7769784172661871,numerical phase witness upper<0; positive conservative lower certifies sound,VERIFIED
S1,leave_environment_E,polynomial,certificate_matched,center_margin,400,278,0.695,19,0,0.0683453237410072,0.0683453237410072,274,0.9856115107913669,216,0.7769784172661871,numerical phase witness upper<0; positive conservative lower certifies sound,VERIFIED
S1,leave_environment_E,polynomial,certificate_matched,maximum_response,400,278,0.695,53,0,0.1906474820143885,0.1906474820143885,269,0.9676258992805755,213,0.7661870503597122,numerical phase witness upper<0; positive conservative lower certifies sound,VERIFIED
S1,leave_environment_E,polynomial,certificate_matched,negative_entropy,400,278,0.695,68,0,0.2446043165467626,0.2446043165467626,261,0.9388489208633094,200,0.7194244604316546,numerical phase witness upper<0; positive conservative lower certifies sound,VERIFIED
S1,leave_environment_E,polynomial,certificate_matched,full_state_margin,400,278,0.695,40,0,0.14388489208633093,0.14388489208633093,278,1.0,215,0.7733812949640287,numerical phase witness upper<0; positive conservative lower certifies sound,VERIFIED
S1,leave_environment_E,polynomial,fixed_coverage_grid,center_margin,400,20,0.05,0,0,0.0,0.0,20,1.0,18,0.9,numerical phase witness upper<0; positive conservative lower certifies sound,VERIFIED
S1,leave_environment_E,polynomial,fixed_coverage_grid,maximum_response,400,20,0.05,1,0,0.05,0.05,20,1.0,18,0.9,numerical phase witness upper<0; positive conservative lower certifies sound,VERIFIED
S1,leave_environment_E,polynomial,fixed_coverage_grid,negative_entropy,400,20,0.05,3,0,0.15,0.15,20,1.0,18,0.9,numerical phase witness upper<0; positive conservative lower certifies sound,VERIFIED
S1,leave_environment_E,polynomial,fixed_coverage_grid,full_state_margin,400,20,0.05,0,0,0.0,0.0,20,1.0,19,0.95,numerical phase witness upper<0; positive conservative lower certifies sound,VERIFIED
S1,leave_environment_E,polynomial,fixed_coverage_grid,center_margin,400,40,0.1,0,0,0.0,0.0,40,1.0,36,0.9,numerical phase witness upper<0; positive conservative lower certifies sound,VERIFIED
S1,leave_environment_E,polynomial,fixed_coverage_grid,maximum_response,400,40,0.1,5,0,0.125,0.125,39,0.975,33,0.825,numerical phase witness upper<0; positive conservative lower certifies sound,VERIFIED
S1,leave_environment_E,polynomial,fixed_coverage_grid,negative_entropy,400,40,0.1,7,0,0.175,0.175,39,0.975,31,0.775,numerical phase witness upper<0; positive conservative lower certifies sound,VERIFIED
S1,leave_environment_E,polynomial,fixed_coverage_grid,full_state_margin,400,40,0.1,0,0,0.0,0.0,40,1.0,37,0.925,numerical phase witness upper<0; positive conservative lower certifies sound,VERIFIED
S1,leave_environment_E,polynomial,fixed_coverage_grid,center_margin,400,80,0.2,1,0,0.0125,0.0125,80,1.0,73,0.9125,numerical phase witness upper<0; positive conservative lower certifies sound,VERIFIED
S1,leave_environment_E,polynomial,fixed_coverage_grid,maximum_response,400,80,0.2,12,0,0.15,0.15,79,0.9875,64,0.8,numerical phase witness upper<0; positive conservative lower certifies sound,VERIFIED
S1,leave_environment_E,polynomial,fixed_coverage_grid,negative_entropy,400,80,0.2,17,0,0.2125,0.2125,79,0.9875,63,0.7875,numerical phase witness upper<0; positive conservative lower certifies sound,VERIFIED
S1,leave_environment_E,polynomial,fixed_coverage_grid,full_state_margin,400,80,0.2,0,0,0.0,0.0,80,1.0,75,0.9375,numerical phase witness upper<0; positive conservative lower certifies sound,VERIFIED
S1,leave_environment_E,polynomial,fixed_coverage_grid,center_margin,400,160,0.4,2,0,0.0125,0.0125,160,1.0,140,0.875,numerical phase witness upper<0; positive conservative lower certifies sound,VERIFIED
S1,leave_environment_E,polynomial,fixed_coverage_grid,maximum_response,400,160,0.4,26,0,0.1625,0.1625,157,0.98125,126,0.7875,numerical phase witness upper<0; positive conservative lower certifies sound,VERIFIED
S1,leave_environment_E,polynomial,fixed_coverage_grid,negative_entropy,400,160,0.4,39,0,0.24375,0.24375,155,0.96875,118,0.7375,numerical phase witness upper<0; positive conservative lower certifies sound,VERIFIED
S1,leave_environment_E,polynomial,fixed_coverage_grid,full_state_margin,400,160,0.4,4,0,0.025,0.025,160,1.0,141,0.88125,numerical phase witness upper<0; positive conservative lower certifies sound,VERIFIED
S1,leave_environment_E,polynomial,fixed_coverage_grid,center_margin,400,240,0.6,10,0,0.041666666666666664,0.041666666666666664,238,0.9916666666666667,191,0.7958333333333333,numerical phase witness upper<0; positive conservative lower certifies sound,VERIFIED
S1,leave_environment_E,polynomial,fixed_coverage_grid,maximum_response,400,240,0.6,43,0,0.17916666666666667,0.17916666666666667,234,0.975,186,0.775,numerical phase witness upper<0; positive conservative lower certifies sound,VERIFIED
S1,leave_environment_E,polynomial,fixed_coverage_grid,negative_entropy,400,240,0.6,58,0,0.24166666666666667,0.24166666666666667,226,0.9416666666666667,175,0.7291666666666666,numerical phase witness upper<0; positive conservative lower certifies sound,VERIFIED
S1,leave_environment_E,polynomial,fixed_coverage_grid,full_state_margin,400,240,0.6,24,0,0.1,0.1,240,1.0,194,0.8083333333333333,numerical phase witness upper<0; positive conservative lower certifies sound,VERIFIED
S1,leave_environment_E,polynomial,fixed_coverage_grid,center_margin,400,320,0.8,48,0,0.15,0.15,311,0.971875,239,0.746875,numerical phase witness upper<0; positive conservative lower certifies sound,VERIFIED
S1,leave_environment_E,polynomial,fixed_coverage_grid,maximum_response,400,320,0.8,63,0,0.196875,0.196875,308,0.9625,239,0.746875,numerical phase witness upper<0; positive conservative lower certifies sound,VERIFIED
S1,leave_environment_E,polynomial,fixed_coverage_grid,negative_entropy,400,320,0.8,83,0,0.259375,0.259375,298,0.93125,229,0.715625,numerical phase witness upper<0; positive conservative lower certifies sound,VERIFIED
S1,leave_environment_E,polynomial,fixed_coverage_grid,full_state_margin,400,320,0.8,63,0,0.196875,0.196875,320,1.0,237,0.740625,numerical phase witness upper<0; positive conservative lower certifies sound,VERIFIED
S1,leave_environment_E,polynomial,fixed_coverage_grid,center_margin,400,400,1.0,122,0,0.305,0.305,361,0.9025,270,0.675,numerical phase witness upper<0; positive conservative lower certifies sound,VERIFIED
S1,leave_environment_E,polynomial,fixed_coverage_grid,maximum_response,400,400,1.0,122,0,0.305,0.305,361,0.9025,270,0.675,numerical phase witness upper<0; positive conservative lower certifies sound,VERIFIED
S1,leave_environment_E,polynomial,fixed_coverage_grid,negative_entropy,400,400,1.0,122,0,0.305,0.305,361,0.9025,270,0.675,numerical phase witness upper<0; positive conservative lower certifies sound,VERIFIED
S1,leave_environment_E,polynomial,fixed_coverage_grid,full_state_margin,400,400,1.0,122,0,0.305,0.305,400,1.0,273,0.6825,numerical phase witness upper<0; positive conservative lower certifies sound,VERIFIED
S1,leave_environment_E,random_orthogonal,certificate_matched,exact_fiber,400,5,0.0125,0,0,0.0,0.0,5,1.0,5,1.0,numerical phase witness upper<0; positive conservative lower certifies sound,VERIFIED
S1,leave_environment_E,random_orthogonal,certificate_matched,center_margin,400,5,0.0125,3,0,0.6,0.6,3,0.6,5,1.0,numerical phase witness upper<0; positive conservative lower certifies sound,VERIFIED
S1,leave_environment_E,random_orthogonal,certificate_matched,maximum_response,400,5,0.0125,4,0,0.8,0.8,3,0.6,5,1.0,numerical phase witness upper<0; positive conservative lower certifies sound,VERIFIED
S1,leave_environment_E,random_orthogonal,certificate_matched,negative_entropy,400,5,0.0125,4,0,0.8,0.8,3,0.6,5,1.0,numerical phase witness upper<0; positive conservative lower certifies sound,VERIFIED
S1,leave_environment_E,random_orthogonal,certificate_matched,full_state_margin,400,5,0.0125,1,0,0.2,0.2,5,1.0,4,0.8,numerical phase witness upper<0; positive conservative lower certifies sound,VERIFIED
S1,leave_environment_E,random_orthogonal,fixed_coverage_grid,center_margin,400,20,0.05,16,0,0.8,0.8,14,0.7,17,0.85,numerical phase witness upper<0; positive conservative lower certifies sound,VERIFIED
S1,leave_environment_E,random_orthogonal,fixed_coverage_grid,maximum_response,400,20,0.05,15,0,0.75,0.75,13,0.65,16,0.8,numerical phase witness upper<0; positive conservative lower certifies sound,VERIFIED
S1,leave_environment_E,random_orthogonal,fixed_coverage_grid,negative_entropy,400,20,0.05,16,0,0.8,0.8,14,0.7,17,0.85,numerical phase witness upper<0; positive conservative lower certifies sound,VERIFIED
S1,leave_environment_E,random_orthogonal,fixed_coverage_grid,full_state_margin,400,20,0.05,16,0,0.8,0.8,20,1.0,19,0.95,numerical phase witness upper<0; positive conservative lower certifies sound,VERIFIED
S1,leave_environment_E,random_orthogonal,fixed_coverage_grid,center_margin,400,40,0.1,36,0,0.9,0.9,22,0.55,23,0.575,numerical phase witness upper<0; positive conservative lower certifies sound,VERIFIED
S1,leave_environment_E,random_orthogonal,fixed_coverage_grid,maximum_response,400,40,0.1,35,0,0.875,0.875,26,0.65,28,0.7,numerical phase witness upper<0; positive conservative lower certifies sound,VERIFIED
S1,leave_environment_E,random_orthogonal,fixed_coverage_grid,negative_entropy,400,40,0.1,35,0,0.875,0.875,23,0.575,25,0.625,numerical phase witness upper<0; positive conservative lower certifies sound,VERIFIED
S1,leave_environment_E,random_orthogonal,fixed_coverage_grid,full_state_margin,400,40,0.1,36,0,0.9,0.9,40,1.0,37,0.925,numerical phase witness upper<0; positive conservative lower certifies sound,VERIFIED
S1,leave_environment_E,random_orthogonal,fixed_coverage_grid,center_margin,400,80,0.2,76,0,0.95,0.95,35,0.4375,30,0.375,numerical phase witness upper<0; positive conservative lower certifies sound,VERIFIED
S1,leave_environment_E,random_orthogonal,fixed_coverage_grid,maximum_response,400,80,0.2,75,0,0.9375,0.9375,38,0.475,39,0.4875,numerical phase witness upper<0; positive conservative lower certifies sound,VERIFIED
S1,leave_environment_E,random_orthogonal,fixed_coverage_grid,negative_entropy,400,80,0.2,75,0,0.9375,0.9375,39,0.4875,37,0.4625,numerical phase witness upper<0; positive conservative lower certifies sound,VERIFIED
S1,leave_environment_E,random_orthogonal,fixed_coverage_grid,full_state_margin,400,80,0.2,75,0,0.9375,0.9375,80,1.0,75,0.9375,numerical phase witness upper<0; positive conservative lower certifies sound,VERIFIED
S1,leave_environment_E,random_orthogonal,fixed_coverage_grid,center_margin,400,160,0.4,155,0,0.96875,0.96875,49,0.30625,39,0.24375,numerical phase witness upper<0; positive conservative lower certifies sound,VERIFIED
S1,leave_environment_E,random_orthogonal,fixed_coverage_grid,maximum_response,400,160,0.4,155,0,0.96875,0.96875,65,0.40625,52,0.325,numerical phase witness upper<0; positive conservative lower certifies sound,VERIFIED
S1,leave_environment_E,random_orthogonal,fixed_coverage_grid,negative_entropy,400,160,0.4,155,0,0.96875,0.96875,63,0.39375,51,0.31875,numerical phase witness upper<0; positive conservative lower certifies sound,VERIFIED
S1,leave_environment_E,random_orthogonal,fixed_coverage_grid,full_state_margin,400,160,0.4,155,0,0.96875,0.96875,160,1.0,141,0.88125,numerical phase witness upper<0; positive conservative lower certifies sound,VERIFIED
S1,leave_environment_E,random_orthogonal,fixed_coverage_grid,center_margin,400,240,0.6,235,0,0.9791666666666666,0.9791666666666666,66,0.275,49,0.20416666666666666,numerical phase witness upper<0; positive conservative lower certifies sound,VERIFIED
S1,leave_environment_E,random_orthogonal,fixed_coverage_grid,maximum_response,400,240,0.6,235,0,0.9791666666666666,0.9791666666666666,77,0.32083333333333336,59,0.24583333333333332,numerical phase witness upper<0; positive conservative lower certifies sound,VERIFIED
S1,leave_environment_E,random_orthogonal,fixed_coverage_grid,negative_entropy,400,240,0.6,235,0,0.9791666666666666,0.9791666666666666,74,0.30833333333333335,57,0.2375,numerical phase witness upper<0; positive conservative lower certifies sound,VERIFIED
S1,leave_environment_E,random_orthogonal,fixed_coverage_grid,full_state_margin,400,240,0.6,235,0,0.9791666666666666,0.9791666666666666,240,1.0,194,0.8083333333333333,numerical phase witness upper<0; positive conservative lower certifies sound,VERIFIED
S1,leave_environment_E,random_orthogonal,fixed_coverage_grid,center_margin,400,320,0.8,315,0,0.984375,0.984375,78,0.24375,58,0.18125,numerical phase witness upper<0; positive conservative lower certifies sound,VERIFIED
S1,leave_environment_E,random_orthogonal,fixed_coverage_grid,maximum_response,400,320,0.8,315,0,0.984375,0.984375,80,0.25,62,0.19375,numerical phase witness upper<0; positive conservative lower certifies sound,VERIFIED
S1,leave_environment_E,random_orthogonal,fixed_coverage_grid,negative_entropy,400,320,0.8,315,0,0.984375,0.984375,81,0.253125,62,0.19375,numerical phase witness upper<0; positive conservative lower certifies sound,VERIFIED
S1,leave_environment_E,random_orthogonal,fixed_coverage_grid,full_state_margin,400,320,0.8,315,0,0.984375,0.984375,320,1.0,237,0.740625,numerical phase witness upper<0; positive conservative lower certifies sound,VERIFIED
S1,leave_environment_E,random_orthogonal,fixed_coverage_grid,center_margin,400,400,1.0,395,0,0.9875,0.9875,85,0.2125,66,0.165,numerical phase witness upper<0; positive conservative lower certifies sound,VERIFIED
S1,leave_environment_E,random_orthogonal,fixed_coverage_grid,maximum_response,400,400,1.0,395,0,0.9875,0.9875,85,0.2125,66,0.165,numerical phase witness upper<0; positive conservative lower certifies sound,VERIFIED
S1,leave_environment_E,random_orthogonal,fixed_coverage_grid,negative_entropy,400,400,1.0,395,0,0.9875,0.9875,85,0.2125,66,0.165,numerical phase witness upper<0; positive conservative lower certifies sound,VERIFIED
S1,leave_environment_E,random_orthogonal,fixed_coverage_grid,full_state_margin,400,400,1.0,395,0,0.9875,0.9875,400,1.0,273,0.6825,numerical phase witness upper<0; positive conservative lower certifies sound,VERIFIED
S1,leave_environment_E,permuted_polynomial,certificate_matched,exact_fiber,400,21,0.0525,0,0,0.0,0.0,21,1.0,16,0.7619047619047619,numerical phase witness upper<0; positive conservative lower certifies sound,VERIFIED
S1,leave_environment_E,permuted_polynomial,certificate_matched,center_margin,400,21,0.0525,13,0,0.6190476190476191,0.6190476190476191,8,0.38095238095238093,6,0.2857142857142857,numerical phase witness upper<0; positive conservative lower certifies sound,VERIFIED
S1,leave_environment_E,permuted_polynomial,certificate_matched,maximum_response,400,21,0.0525,18,0,0.8571428571428571,0.8571428571428571,3,0.14285714285714285,2,0.09523809523809523,numerical phase witness upper<0; positive conservative lower certifies sound,VERIFIED
S1,leave_environment_E,permuted_polynomial,certificate_matched,negative_entropy,400,21,0.0525,15,0,0.7142857142857143,0.7142857142857143,6,0.2857142857142857,4,0.19047619047619047,numerical phase witness upper<0; positive conservative lower certifies sound,VERIFIED
S1,leave_environment_E,permuted_polynomial,certificate_matched,full_state_margin,400,21,0.0525,16,0,0.7619047619047619,0.7619047619047619,21,1.0,20,0.9523809523809523,numerical phase witness upper<0; positive conservative lower certifies sound,VERIFIED
S1,leave_environment_E,permuted_polynomial,fixed_coverage_grid,center_margin,400,20,0.05,12,0,0.6,0.6,8,0.4,6,0.3,numerical phase witness upper<0; positive conservative lower certifies sound,VERIFIED
S1,leave_environment_E,permuted_polynomial,fixed_coverage_grid,maximum_response,400,20,0.05,17,0,0.85,0.85,3,0.15,2,0.1,numerical phase witness upper<0; positive conservative lower certifies sound,VERIFIED
S1,leave_environment_E,permuted_polynomial,fixed_coverage_grid,negative_entropy,400,20,0.05,14,0,0.7,0.7,6,0.3,4,0.2,numerical phase witness upper<0; positive conservative lower certifies sound,VERIFIED
S1,leave_environment_E,permuted_polynomial,fixed_coverage_grid,full_state_margin,400,20,0.05,15,0,0.75,0.75,20,1.0,19,0.95,numerical phase witness upper<0; positive conservative lower certifies sound,VERIFIED
S1,leave_environment_E,permuted_polynomial,fixed_coverage_grid,center_margin,400,40,0.1,29,0,0.725,0.725,11,0.275,9,0.225,numerical phase witness upper<0; positive conservative lower certifies sound,VERIFIED
S1,leave_environment_E,permuted_polynomial,fixed_coverage_grid,maximum_response,400,40,0.1,33,0,0.825,0.825,7,0.175,5,0.125,numerical phase witness upper<0; positive conservative lower certifies sound,VERIFIED
S1,leave_environment_E,permuted_polynomial,fixed_coverage_grid,negative_entropy,400,40,0.1,32,0,0.8,0.8,8,0.2,6,0.15,numerical phase witness upper<0; positive conservative lower certifies sound,VERIFIED
S1,leave_environment_E,permuted_polynomial,fixed_coverage_grid,full_state_margin,400,40,0.1,33,0,0.825,0.825,40,1.0,37,0.925,numerical phase witness upper<0; positive conservative lower certifies sound,VERIFIED
S1,leave_environment_E,permuted_polynomial,fixed_coverage_grid,center_margin,400,80,0.2,64,0,0.8,0.8,17,0.2125,18,0.225,numerical phase witness upper<0; positive conservative lower certifies sound,VERIFIED
S1,leave_environment_E,permuted_polynomial,fixed_coverage_grid,maximum_response,400,80,0.2,69,0,0.8625,0.8625,13,0.1625,11,0.1375,numerical phase witness upper<0; positive conservative lower certifies sound,VERIFIED
S1,leave_environment_E,permuted_polynomial,fixed_coverage_grid,negative_entropy,400,80,0.2,69,0,0.8625,0.8625,13,0.1625,11,0.1375,numerical phase witness upper<0; positive conservative lower certifies sound,VERIFIED
S1,leave_environment_E,permuted_polynomial,fixed_coverage_grid,full_state_margin,400,80,0.2,70,0,0.875,0.875,80,1.0,75,0.9375,numerical phase witness upper<0; positive conservative lower certifies sound,VERIFIED
S1,leave_environment_E,permuted_polynomial,fixed_coverage_grid,center_margin,400,160,0.4,141,0,0.88125,0.88125,23,0.14375,22,0.1375,numerical phase witness upper<0; positive conservative lower certifies sound,VERIFIED
S1,leave_environment_E,permuted_polynomial,fixed_coverage_grid,maximum_response,400,160,0.4,145,0,0.90625,0.90625,19,0.11875,17,0.10625,numerical phase witness upper<0; positive conservative lower certifies sound,VERIFIED
S1,leave_environment_E,permuted_polynomial,fixed_coverage_grid,negative_entropy,400,160,0.4,147,0,0.91875,0.91875,19,0.11875,16,0.1,numerical phase witness upper<0; positive conservative lower certifies sound,VERIFIED
S1,leave_environment_E,permuted_polynomial,fixed_coverage_grid,full_state_margin,400,160,0.4,146,0,0.9125,0.9125,160,1.0,141,0.88125,numerical phase witness upper<0; positive conservative lower certifies sound,VERIFIED
S1,leave_environment_E,permuted_polynomial,fixed_coverage_grid,center_margin,400,240,0.6,219,0,0.9125,0.9125,34,0.14166666666666666,30,0.125,numerical phase witness upper<0; positive conservative lower certifies sound,VERIFIED
S1,leave_environment_E,permuted_polynomial,fixed_coverage_grid,maximum_response,400,240,0.6,223,0,0.9291666666666667,0.9291666666666667,27,0.1125,25,0.10416666666666667,numerical phase witness upper<0; positive conservative lower certifies sound,VERIFIED
S1,leave_environment_E,permuted_polynomial,fixed_coverage_grid,negative_entropy,400,240,0.6,224,0,0.9333333333333333,0.9333333333333333,31,0.12916666666666668,28,0.11666666666666667,numerical phase witness upper<0; positive conservative lower certifies sound,VERIFIED
S1,leave_environment_E,permuted_polynomial,fixed_coverage_grid,full_state_margin,400,240,0.6,221,0,0.9208333333333333,0.9208333333333333,240,1.0,194,0.8083333333333333,numerical phase witness upper<0; positive conservative lower certifies sound,VERIFIED
S1,leave_environment_E,permuted_polynomial,fixed_coverage_grid,center_margin,400,320,0.8,299,0,0.934375,0.934375,48,0.15,44,0.1375,numerical phase witness upper<0; positive conservative lower certifies sound,VERIFIED
S1,leave_environment_E,permuted_polynomial,fixed_coverage_grid,maximum_response,400,320,0.8,299,0,0.934375,0.934375,50,0.15625,43,0.134375,numerical phase witness upper<0; positive conservative lower certifies sound,VERIFIED
S1,leave_environment_E,permuted_polynomial,fixed_coverage_grid,negative_entropy,400,320,0.8,299,0,0.934375,0.934375,49,0.153125,43,0.134375,numerical phase witness upper<0; positive conservative lower certifies sound,VERIFIED
S1,leave_environment_E,permuted_polynomial,fixed_coverage_grid,full_state_margin,400,320,0.8,300,0,0.9375,0.9375,320,1.0,237,0.740625,numerical phase witness upper<0; positive conservative lower certifies sound,VERIFIED
S1,leave_environment_E,permuted_polynomial,fixed_coverage_grid,center_margin,400,400,1.0,379,0,0.9475,0.9475,68,0.17,66,0.165,numerical phase witness upper<0; positive conservative lower certifies sound,VERIFIED
S1,leave_environment_E,permuted_polynomial,fixed_coverage_grid,maximum_response,400,400,1.0,379,0,0.9475,0.9475,68,0.17,66,0.165,numerical phase witness upper<0; positive conservative lower certifies sound,VERIFIED
S1,leave_environment_E,permuted_polynomial,fixed_coverage_grid,negative_entropy,400,400,1.0,379,0,0.9475,0.9475,68,0.17,66,0.165,numerical phase witness upper<0; positive conservative lower certifies sound,VERIFIED
S1,leave_environment_E,permuted_polynomial,fixed_coverage_grid,full_state_margin,400,400,1.0,379,0,0.9475,0.9475,400,1.0,273,0.6825,numerical phase witness upper<0; positive conservative lower certifies sound,VERIFIED
S1,leave_environment_F,coordinate,certificate_matched,exact_fiber,400,0,0.0,0,0,,,0,,0,,numerical phase witness upper<0; positive conservative lower certifies sound,VERIFIED
S1,leave_environment_F,coordinate,certificate_matched,center_margin,400,0,0.0,0,0,,,0,,0,,numerical phase witness upper<0; positive conservative lower certifies sound,VERIFIED
S1,leave_environment_F,coordinate,certificate_matched,maximum_response,400,0,0.0,0,0,,,0,,0,,numerical phase witness upper<0; positive conservative lower certifies sound,VERIFIED
S1,leave_environment_F,coordinate,certificate_matched,negative_entropy,400,0,0.0,0,0,,,0,,0,,numerical phase witness upper<0; positive conservative lower certifies sound,VERIFIED
S1,leave_environment_F,coordinate,certificate_matched,full_state_margin,400,0,0.0,0,0,,,0,,0,,numerical phase witness upper<0; positive conservative lower certifies sound,VERIFIED
S1,leave_environment_F,coordinate,fixed_coverage_grid,center_margin,400,20,0.05,20,0,1.0,1.0,11,0.55,9,0.45,numerical phase witness upper<0; positive conservative lower certifies sound,VERIFIED
S1,leave_environment_F,coordinate,fixed_coverage_grid,maximum_response,400,20,0.05,20,0,1.0,1.0,4,0.2,4,0.2,numerical phase witness upper<0; positive conservative lower certifies sound,VERIFIED
S1,leave_environment_F,coordinate,fixed_coverage_grid,negative_entropy,400,20,0.05,20,0,1.0,1.0,11,0.55,8,0.4,numerical phase witness upper<0; positive conservative lower certifies sound,VERIFIED
S1,leave_environment_F,coordinate,fixed_coverage_grid,full_state_margin,400,20,0.05,20,0,1.0,1.0,20,1.0,20,1.0,numerical phase witness upper<0; positive conservative lower certifies sound,VERIFIED
S1,leave_environment_F,coordinate,fixed_coverage_grid,center_margin,400,40,0.1,40,0,1.0,1.0,18,0.45,15,0.375,numerical phase witness upper<0; positive conservative lower certifies sound,VERIFIED
S1,leave_environment_F,coordinate,fixed_coverage_grid,maximum_response,400,40,0.1,40,0,1.0,1.0,8,0.2,6,0.15,numerical phase witness upper<0; positive conservative lower certifies sound,VERIFIED
S1,leave_environment_F,coordinate,fixed_coverage_grid,negative_entropy,400,40,0.1,40,0,1.0,1.0,19,0.475,16,0.4,numerical phase witness upper<0; positive conservative lower certifies sound,VERIFIED
S1,leave_environment_F,coordinate,fixed_coverage_grid,full_state_margin,400,40,0.1,40,0,1.0,1.0,40,1.0,40,1.0,numerical phase witness upper<0; positive conservative lower certifies sound,VERIFIED
S1,leave_environment_F,coordinate,fixed_coverage_grid,center_margin,400,80,0.2,80,0,1.0,1.0,24,0.3,19,0.2375,numerical phase witness upper<0; positive conservative lower certifies sound,VERIFIED
S1,leave_environment_F,coordinate,fixed_coverage_grid,maximum_response,400,80,0.2,80,0,1.0,1.0,18,0.225,13,0.1625,numerical phase witness upper<0; positive conservative lower certifies sound,VERIFIED
S1,leave_environment_F,coordinate,fixed_coverage_grid,negative_entropy,400,80,0.2,80,0,1.0,1.0,23,0.2875,18,0.225,numerical phase witness upper<0; positive conservative lower certifies sound,VERIFIED
S1,leave_environment_F,coordinate,fixed_coverage_grid,full_state_margin,400,80,0.2,80,0,1.0,1.0,80,1.0,80,1.0,numerical phase witness upper<0; positive conservative lower certifies sound,VERIFIED
S1,leave_environment_F,coordinate,fixed_coverage_grid,center_margin,400,160,0.4,160,0,1.0,1.0,30,0.1875,24,0.15,numerical phase witness upper<0; positive conservative lower certifies sound,VERIFIED
S1,leave_environment_F,coordinate,fixed_coverage_grid,maximum_response,400,160,0.4,160,0,1.0,1.0,26,0.1625,21,0.13125,numerical phase witness upper<0; positive conservative lower certifies sound,VERIFIED
S1,leave_environment_F,coordinate,fixed_coverage_grid,negative_entropy,400,160,0.4,160,0,1.0,1.0,32,0.2,26,0.1625,numerical phase witness upper<0; positive conservative lower certifies sound,VERIFIED
S1,leave_environment_F,coordinate,fixed_coverage_grid,full_state_margin,400,160,0.4,160,0,1.0,1.0,160,1.0,160,1.0,numerical phase witness upper<0; positive conservative lower certifies sound,VERIFIED
S1,leave_environment_F,coordinate,fixed_coverage_grid,center_margin,400,240,0.6,240,0,1.0,1.0,46,0.19166666666666668,38,0.15833333333333333,numerical phase witness upper<0; positive conservative lower certifies sound,VERIFIED
S1,leave_environment_F,coordinate,fixed_coverage_grid,maximum_response,400,240,0.6,240,0,1.0,1.0,55,0.22916666666666666,48,0.2,numerical phase witness upper<0; positive conservative lower certifies sound,VERIFIED
S1,leave_environment_F,coordinate,fixed_coverage_grid,negative_entropy,400,240,0.6,240,0,1.0,1.0,46,0.19166666666666668,39,0.1625,numerical phase witness upper<0; positive conservative lower certifies sound,VERIFIED
S1,leave_environment_F,coordinate,fixed_coverage_grid,full_state_margin,400,240,0.6,240,0,1.0,1.0,240,1.0,234,0.975,numerical phase witness upper<0; positive conservative lower certifies sound,VERIFIED
S1,leave_environment_F,coordinate,fixed_coverage_grid,center_margin,400,320,0.8,320,0,1.0,1.0,63,0.196875,53,0.165625,numerical phase witness upper<0; positive conservative lower certifies sound,VERIFIED
S1,leave_environment_F,coordinate,fixed_coverage_grid,maximum_response,400,320,0.8,320,0,1.0,1.0,66,0.20625,56,0.175,numerical phase witness upper<0; positive conservative lower certifies sound,VERIFIED
S1,leave_environment_F,coordinate,fixed_coverage_grid,negative_entropy,400,320,0.8,320,0,1.0,1.0,62,0.19375,52,0.1625,numerical phase witness upper<0; positive conservative lower certifies sound,VERIFIED
S1,leave_environment_F,coordinate,fixed_coverage_grid,full_state_margin,400,320,0.8,320,0,1.0,1.0,320,1.0,294,0.91875,numerical phase witness upper<0; positive conservative lower certifies sound,VERIFIED
S1,leave_environment_F,coordinate,fixed_coverage_grid,center_margin,400,400,1.0,400,0,1.0,1.0,70,0.175,57,0.1425,numerical phase witness upper<0; positive conservative lower certifies sound,VERIFIED
S1,leave_environment_F,coordinate,fixed_coverage_grid,maximum_response,400,400,1.0,400,0,1.0,1.0,70,0.175,57,0.1425,numerical phase witness upper<0; positive conservative lower certifies sound,VERIFIED
S1,leave_environment_F,coordinate,fixed_coverage_grid,negative_entropy,400,400,1.0,400,0,1.0,1.0,70,0.175,57,0.1425,numerical phase witness upper<0; positive conservative lower certifies sound,VERIFIED
S1,leave_environment_F,coordinate,fixed_coverage_grid,full_state_margin,400,400,1.0,400,0,1.0,1.0,400,1.0,330,0.825,numerical phase witness upper<0; positive conservative lower certifies sound,VERIFIED
S1,leave_environment_F,dct,certificate_matched,exact_fiber,400,9,0.0225,0,0,0.0,0.0,9,1.0,9,1.0,numerical phase witness upper<0; positive conservative lower certifies sound,VERIFIED
S1,leave_environment_F,dct,certificate_matched,center_margin,400,9,0.0225,6,0,0.6666666666666666,0.6666666666666666,4,0.4444444444444444,4,0.4444444444444444,numerical phase witness upper<0; positive conservative lower certifies sound,VERIFIED
S1,leave_environment_F,dct,certificate_matched,maximum_response,400,9,0.0225,9,0,1.0,1.0,2,0.2222222222222222,3,0.3333333333333333,numerical phase witness upper<0; positive conservative lower certifies sound,VERIFIED
S1,leave_environment_F,dct,certificate_matched,negative_entropy,400,9,0.0225,9,0,1.0,1.0,2,0.2222222222222222,3,0.3333333333333333,numerical phase witness upper<0; positive conservative lower certifies sound,VERIFIED
S1,leave_environment_F,dct,certificate_matched,full_state_margin,400,9,0.0225,9,0,1.0,1.0,9,1.0,9,1.0,numerical phase witness upper<0; positive conservative lower certifies sound,VERIFIED
S1,leave_environment_F,dct,fixed_coverage_grid,center_margin,400,20,0.05,17,0,0.85,0.85,5,0.25,6,0.3,numerical phase witness upper<0; positive conservative lower certifies sound,VERIFIED
S1,leave_environment_F,dct,fixed_coverage_grid,maximum_response,400,20,0.05,20,0,1.0,1.0,3,0.15,6,0.3,numerical phase witness upper<0; positive conservative lower certifies sound,VERIFIED
S1,leave_environment_F,dct,fixed_coverage_grid,negative_entropy,400,20,0.05,20,0,1.0,1.0,3,0.15,6,0.3,numerical phase witness upper<0; positive conservative lower certifies sound,VERIFIED
S1,leave_environment_F,dct,fixed_coverage_grid,full_state_margin,400,20,0.05,19,0,0.95,0.95,20,1.0,20,1.0,numerical phase witness upper<0; positive conservative lower certifies sound,VERIFIED
S1,leave_environment_F,dct,fixed_coverage_grid,center_margin,400,40,0.1,35,0,0.875,0.875,11,0.275,12,0.3,numerical phase witness upper<0; positive conservative lower certifies sound,VERIFIED
S1,leave_environment_F,dct,fixed_coverage_grid,maximum_response,400,40,0.1,40,0,1.0,1.0,5,0.125,10,0.25,numerical phase witness upper<0; positive conservative lower certifies sound,VERIFIED
S1,leave_environment_F,dct,fixed_coverage_grid,negative_entropy,400,40,0.1,40,0,1.0,1.0,7,0.175,12,0.3,numerical phase witness upper<0; positive conservative lower certifies sound,VERIFIED
S1,leave_environment_F,dct,fixed_coverage_grid,full_state_margin,400,40,0.1,39,0,0.975,0.975,40,1.0,40,1.0,numerical phase witness upper<0; positive conservative lower certifies sound,VERIFIED
S1,leave_environment_F,dct,fixed_coverage_grid,center_margin,400,80,0.2,72,0,0.9,0.9,30,0.375,27,0.3375,numerical phase witness upper<0; positive conservative lower certifies sound,VERIFIED
S1,leave_environment_F,dct,fixed_coverage_grid,maximum_response,400,80,0.2,79,0,0.9875,0.9875,10,0.125,19,0.2375,numerical phase witness upper<0; positive conservative lower certifies sound,VERIFIED
S1,leave_environment_F,dct,fixed_coverage_grid,negative_entropy,400,80,0.2,80,0,1.0,1.0,10,0.125,19,0.2375,numerical phase witness upper<0; positive conservative lower certifies sound,VERIFIED
S1,leave_environment_F,dct,fixed_coverage_grid,full_state_margin,400,80,0.2,77,0,0.9625,0.9625,80,1.0,80,1.0,numerical phase witness upper<0; positive conservative lower certifies sound,VERIFIED
S1,leave_environment_F,dct,fixed_coverage_grid,center_margin,400,160,0.4,151,0,0.94375,0.94375,52,0.325,53,0.33125,numerical phase witness upper<0; positive conservative lower certifies sound,VERIFIED
S1,leave_environment_F,dct,fixed_coverage_grid,maximum_response,400,160,0.4,151,0,0.94375,0.94375,38,0.2375,46,0.2875,numerical phase witness upper<0; positive conservative lower certifies sound,VERIFIED
S1,leave_environment_F,dct,fixed_coverage_grid,negative_entropy,400,160,0.4,151,0,0.94375,0.94375,38,0.2375,48,0.3,numerical phase witness upper<0; positive conservative lower certifies sound,VERIFIED
S1,leave_environment_F,dct,fixed_coverage_grid,full_state_margin,400,160,0.4,154,0,0.9625,0.9625,160,1.0,160,1.0,numerical phase witness upper<0; positive conservative lower certifies sound,VERIFIED
S1,leave_environment_F,dct,fixed_coverage_grid,center_margin,400,240,0.6,231,0,0.9625,0.9625,83,0.3458333333333333,80,0.3333333333333333,numerical phase witness upper<0; positive conservative lower certifies sound,VERIFIED
S1,leave_environment_F,dct,fixed_coverage_grid,maximum_response,400,240,0.6,231,0,0.9625,0.9625,85,0.3541666666666667,85,0.3541666666666667,numerical phase witness upper<0; positive conservative lower certifies sound,VERIFIED
S1,leave_environment_F,dct,fixed_coverage_grid,negative_entropy,400,240,0.6,231,0,0.9625,0.9625,83,0.3458333333333333,83,0.3458333333333333,numerical phase witness upper<0; positive conservative lower certifies sound,VERIFIED
S1,leave_environment_F,dct,fixed_coverage_grid,full_state_margin,400,240,0.6,233,0,0.9708333333333333,0.9708333333333333,240,1.0,234,0.975,numerical phase witness upper<0; positive conservative lower certifies sound,VERIFIED
S1,leave_environment_F,dct,fixed_coverage_grid,center_margin,400,320,0.8,311,0,0.971875,0.971875,95,0.296875,90,0.28125,numerical phase witness upper<0; positive conservative lower certifies sound,VERIFIED
S1,leave_environment_F,dct,fixed_coverage_grid,maximum_response,400,320,0.8,311,0,0.971875,0.971875,99,0.309375,97,0.303125,numerical phase witness upper<0; positive conservative lower certifies sound,VERIFIED
S1,leave_environment_F,dct,fixed_coverage_grid,negative_entropy,400,320,0.8,311,0,0.971875,0.971875,99,0.309375,97,0.303125,numerical phase witness upper<0; positive conservative lower certifies sound,VERIFIED
S1,leave_environment_F,dct,fixed_coverage_grid,full_state_margin,400,320,0.8,311,0,0.971875,0.971875,320,1.0,294,0.91875,numerical phase witness upper<0; positive conservative lower certifies sound,VERIFIED
S1,leave_environment_F,dct,fixed_coverage_grid,center_margin,400,400,1.0,391,0,0.9775,0.9775,112,0.28,105,0.2625,numerical phase witness upper<0; positive conservative lower certifies sound,VERIFIED
S1,leave_environment_F,dct,fixed_coverage_grid,maximum_response,400,400,1.0,391,0,0.9775,0.9775,112,0.28,105,0.2625,numerical phase witness upper<0; positive conservative lower certifies sound,VERIFIED
S1,leave_environment_F,dct,fixed_coverage_grid,negative_entropy,400,400,1.0,391,0,0.9775,0.9775,112,0.28,105,0.2625,numerical phase witness upper<0; positive conservative lower certifies sound,VERIFIED
S1,leave_environment_F,dct,fixed_coverage_grid,full_state_margin,400,400,1.0,391,0,0.9775,0.9775,400,1.0,330,0.825,numerical phase witness upper<0; positive conservative lower certifies sound,VERIFIED
S1,leave_environment_F,dft,certificate_matched,exact_fiber,400,7,0.0175,0,0,0.0,0.0,7,1.0,7,1.0,numerical phase witness upper<0; positive conservative lower certifies sound,VERIFIED
S1,leave_environment_F,dft,certificate_matched,center_margin,400,7,0.0175,6,0,0.8571428571428571,0.8571428571428571,6,0.8571428571428571,6,0.8571428571428571,numerical phase witness upper<0; positive conservative lower certifies sound,VERIFIED
S1,leave_environment_F,dft,certificate_matched,maximum_response,400,7,0.0175,7,0,1.0,1.0,0,0.0,0,0.0,numerical phase witness upper<0; positive conservative lower certifies sound,VERIFIED
S1,leave_environment_F,dft,certificate_matched,negative_entropy,400,7,0.0175,7,0,1.0,1.0,0,0.0,0,0.0,numerical phase witness upper<0; positive conservative lower certifies sound,VERIFIED
S1,leave_environment_F,dft,certificate_matched,full_state_margin,400,7,0.0175,6,0,0.8571428571428571,0.8571428571428571,7,1.0,7,1.0,numerical phase witness upper<0; positive conservative lower certifies sound,VERIFIED
S1,leave_environment_F,dft,fixed_coverage_grid,center_margin,400,20,0.05,16,0,0.8,0.8,16,0.8,16,0.8,numerical phase witness upper<0; positive conservative lower certifies sound,VERIFIED
S1,leave_environment_F,dft,fixed_coverage_grid,maximum_response,400,20,0.05,20,0,1.0,1.0,1,0.05,0,0.0,numerical phase witness upper<0; positive conservative lower certifies sound,VERIFIED
S1,leave_environment_F,dft,fixed_coverage_grid,negative_entropy,400,20,0.05,20,0,1.0,1.0,4,0.2,3,0.15,numerical phase witness upper<0; positive conservative lower certifies sound,VERIFIED
S1,leave_environment_F,dft,fixed_coverage_grid,full_state_margin,400,20,0.05,19,0,0.95,0.95,20,1.0,20,1.0,numerical phase witness upper<0; positive conservative lower certifies sound,VERIFIED
S1,leave_environment_F,dft,fixed_coverage_grid,center_margin,400,40,0.1,36,0,0.9,0.9,21,0.525,21,0.525,numerical phase witness upper<0; positive conservative lower certifies sound,VERIFIED
S1,leave_environment_F,dft,fixed_coverage_grid,maximum_response,400,40,0.1,40,0,1.0,1.0,2,0.05,0,0.0,numerical phase witness upper<0; positive conservative lower certifies sound,VERIFIED
S1,leave_environment_F,dft,fixed_coverage_grid,negative_entropy,400,40,0.1,39,0,0.975,0.975,8,0.2,6,0.15,numerical phase witness upper<0; positive conservative lower certifies sound,VERIFIED
S1,leave_environment_F,dft,fixed_coverage_grid,full_state_margin,400,40,0.1,38,0,0.95,0.95,40,1.0,40,1.0,numerical phase witness upper<0; positive conservative lower certifies sound,VERIFIED
S1,leave_environment_F,dft,fixed_coverage_grid,center_margin,400,80,0.2,76,0,0.95,0.95,33,0.4125,33,0.4125,numerical phase witness upper<0; positive conservative lower certifies sound,VERIFIED
S1,leave_environment_F,dft,fixed_coverage_grid,maximum_response,400,80,0.2,79,0,0.9875,0.9875,12,0.15,9,0.1125,numerical phase witness upper<0; positive conservative lower certifies sound,VERIFIED
S1,leave_environment_F,dft,fixed_coverage_grid,negative_entropy,400,80,0.2,79,0,0.9875,0.9875,16,0.2,13,0.1625,numerical phase witness upper<0; positive conservative lower certifies sound,VERIFIED
S1,leave_environment_F,dft,fixed_coverage_grid,full_state_margin,400,80,0.2,77,0,0.9625,0.9625,80,1.0,80,1.0,numerical phase witness upper<0; positive conservative lower certifies sound,VERIFIED
S1,leave_environment_F,dft,fixed_coverage_grid,center_margin,400,160,0.4,153,0,0.95625,0.95625,56,0.35,47,0.29375,numerical phase witness upper<0; positive conservative lower certifies sound,VERIFIED
S1,leave_environment_F,dft,fixed_coverage_grid,maximum_response,400,160,0.4,159,0,0.99375,0.99375,36,0.225,29,0.18125,numerical phase witness upper<0; positive conservative lower certifies sound,VERIFIED
S1,leave_environment_F,dft,fixed_coverage_grid,negative_entropy,400,160,0.4,159,0,0.99375,0.99375,36,0.225,29,0.18125,numerical phase witness upper<0; positive conservative lower certifies sound,VERIFIED
S1,leave_environment_F,dft,fixed_coverage_grid,full_state_margin,400,160,0.4,156,0,0.975,0.975,160,1.0,160,1.0,numerical phase witness upper<0; positive conservative lower certifies sound,VERIFIED
S1,leave_environment_F,dft,fixed_coverage_grid,center_margin,400,240,0.6,233,0,0.9708333333333333,0.9708333333333333,68,0.2833333333333333,55,0.22916666666666666,numerical phase witness upper<0; positive conservative lower certifies sound,VERIFIED
S1,leave_environment_F,dft,fixed_coverage_grid,maximum_response,400,240,0.6,236,0,0.9833333333333333,0.9833333333333333,57,0.2375,46,0.19166666666666668,numerical phase witness upper<0; positive conservative lower certifies sound,VERIFIED
S1,leave_environment_F,dft,fixed_coverage_grid,negative_entropy,400,240,0.6,236,0,0.9833333333333333,0.9833333333333333,57,0.2375,46,0.19166666666666668,numerical phase witness upper<0; positive conservative lower certifies sound,VERIFIED
S1,leave_environment_F,dft,fixed_coverage_grid,full_state_margin,400,240,0.6,234,0,0.975,0.975,240,1.0,234,0.975,numerical phase witness upper<0; positive conservative lower certifies sound,VERIFIED
S1,leave_environment_F,dft,fixed_coverage_grid,center_margin,400,320,0.8,313,0,0.978125,0.978125,79,0.246875,65,0.203125,numerical phase witness upper<0; positive conservative lower certifies sound,VERIFIED
S1,leave_environment_F,dft,fixed_coverage_grid,maximum_response,400,320,0.8,313,0,0.978125,0.978125,85,0.265625,69,0.215625,numerical phase witness upper<0; positive conservative lower certifies sound,VERIFIED
S1,leave_environment_F,dft,fixed_coverage_grid,negative_entropy,400,320,0.8,313,0,0.978125,0.978125,86,0.26875,70,0.21875,numerical phase witness upper<0; positive conservative lower certifies sound,VERIFIED
S1,leave_environment_F,dft,fixed_coverage_grid,full_state_margin,400,320,0.8,313,0,0.978125,0.978125,320,1.0,294,0.91875,numerical phase witness upper<0; positive conservative lower certifies sound,VERIFIED
S1,leave_environment_F,dft,fixed_coverage_grid,center_margin,400,400,1.0,393,0,0.9825,0.9825,95,0.2375,74,0.185,numerical phase witness upper<0; positive conservative lower certifies sound,VERIFIED
S1,leave_environment_F,dft,fixed_coverage_grid,maximum_response,400,400,1.0,393,0,0.9825,0.9825,95,0.2375,74,0.185,numerical phase witness upper<0; positive conservative lower certifies sound,VERIFIED
S1,leave_environment_F,dft,fixed_coverage_grid,negative_entropy,400,400,1.0,393,0,0.9825,0.9825,95,0.2375,74,0.185,numerical phase witness upper<0; positive conservative lower certifies sound,VERIFIED
S1,leave_environment_F,dft,fixed_coverage_grid,full_state_margin,400,400,1.0,393,0,0.9825,0.9825,400,1.0,330,0.825,numerical phase witness upper<0; positive conservative lower certifies sound,VERIFIED
S1,leave_environment_F,polynomial,certificate_matched,exact_fiber,400,337,0.8425,0,0,0.0,0.0,337,1.0,301,0.8931750741839762,numerical phase witness upper<0; positive conservative lower certifies sound,VERIFIED
S1,leave_environment_F,polynomial,certificate_matched,center_margin,400,337,0.8425,13,0,0.03857566765578635,0.03857566765578635,336,0.9970326409495549,303,0.8991097922848664,numerical phase witness upper<0; positive conservative lower certifies sound,VERIFIED
S1,leave_environment_F,polynomial,certificate_matched,maximum_response,400,337,0.8425,24,0,0.0712166172106825,0.0712166172106825,328,0.973293768545994,300,0.8902077151335311,numerical phase witness upper<0; positive conservative lower certifies sound,VERIFIED
S1,leave_environment_F,polynomial,certificate_matched,negative_entropy,400,337,0.8425,35,0,0.10385756676557864,0.10385756676557864,324,0.9614243323442137,296,0.8783382789317508,numerical phase witness upper<0; positive conservative lower certifies sound,VERIFIED
S1,leave_environment_F,polynomial,certificate_matched,full_state_margin,400,337,0.8425,23,0,0.06824925816023739,0.06824925816023739,337,1.0,302,0.8961424332344213,numerical phase witness upper<0; positive conservative lower certifies sound,VERIFIED
S1,leave_environment_F,polynomial,fixed_coverage_grid,center_margin,400,20,0.05,0,0,0.0,0.0,20,1.0,20,1.0,numerical phase witness upper<0; positive conservative lower certifies sound,VERIFIED
S1,leave_environment_F,polynomial,fixed_coverage_grid,maximum_response,400,20,0.05,0,0,0.0,0.0,20,1.0,20,1.0,numerical phase witness upper<0; positive conservative lower certifies sound,VERIFIED
S1,leave_environment_F,polynomial,fixed_coverage_grid,negative_entropy,400,20,0.05,0,0,0.0,0.0,20,1.0,20,1.0,numerical phase witness upper<0; positive conservative lower certifies sound,VERIFIED
S1,leave_environment_F,polynomial,fixed_coverage_grid,full_state_margin,400,20,0.05,0,0,0.0,0.0,20,1.0,20,1.0,numerical phase witness upper<0; positive conservative lower certifies sound,VERIFIED
S1,leave_environment_F,polynomial,fixed_coverage_grid,center_margin,400,40,0.1,0,0,0.0,0.0,40,1.0,40,1.0,numerical phase witness upper<0; positive conservative lower certifies sound,VERIFIED
S1,leave_environment_F,polynomial,fixed_coverage_grid,maximum_response,400,40,0.1,0,0,0.0,0.0,40,1.0,40,1.0,numerical phase witness upper<0; positive conservative lower certifies sound,VERIFIED
S1,leave_environment_F,polynomial,fixed_coverage_grid,negative_entropy,400,40,0.1,1,0,0.025,0.025,39,0.975,40,1.0,numerical phase witness upper<0; positive conservative lower certifies sound,VERIFIED
S1,leave_environment_F,polynomial,fixed_coverage_grid,full_state_margin,400,40,0.1,0,0,0.0,0.0,40,1.0,40,1.0,numerical phase witness upper<0; positive conservative lower certifies sound,VERIFIED
S1,leave_environment_F,polynomial,fixed_coverage_grid,center_margin,400,80,0.2,0,0,0.0,0.0,80,1.0,80,1.0,numerical phase witness upper<0; positive conservative lower certifies sound,VERIFIED
S1,leave_environment_F,polynomial,fixed_coverage_grid,maximum_response,400,80,0.2,0,0,0.0,0.0,80,1.0,80,1.0,numerical phase witness upper<0; positive conservative lower certifies sound,VERIFIED
S1,leave_environment_F,polynomial,fixed_coverage_grid,negative_entropy,400,80,0.2,1,0,0.0125,0.0125,79,0.9875,78,0.975,numerical phase witness upper<0; positive conservative lower certifies sound,VERIFIED
S1,leave_environment_F,polynomial,fixed_coverage_grid,full_state_margin,400,80,0.2,0,0,0.0,0.0,80,1.0,80,1.0,numerical phase witness upper<0; positive conservative lower certifies sound,VERIFIED
S1,leave_environment_F,polynomial,fixed_coverage_grid,center_margin,400,160,0.4,0,0,0.0,0.0,160,1.0,160,1.0,numerical phase witness upper<0; positive conservative lower certifies sound,VERIFIED
S1,leave_environment_F,polynomial,fixed_coverage_grid,maximum_response,400,160,0.4,1,0,0.00625,0.00625,159,0.99375,158,0.9875,numerical phase witness upper<0; positive conservative lower certifies sound,VERIFIED
S1,leave_environment_F,polynomial,fixed_coverage_grid,negative_entropy,400,160,0.4,4,0,0.025,0.025,157,0.98125,156,0.975,numerical phase witness upper<0; positive conservative lower certifies sound,VERIFIED
S1,leave_environment_F,polynomial,fixed_coverage_grid,full_state_margin,400,160,0.4,0,0,0.0,0.0,160,1.0,160,1.0,numerical phase witness upper<0; positive conservative lower certifies sound,VERIFIED
S1,leave_environment_F,polynomial,fixed_coverage_grid,center_margin,400,240,0.6,0,0,0.0,0.0,240,1.0,232,0.9666666666666667,numerical phase witness upper<0; positive conservative lower certifies sound,VERIFIED
S1,leave_environment_F,polynomial,fixed_coverage_grid,maximum_response,400,240,0.6,4,0,0.016666666666666666,0.016666666666666666,238,0.9916666666666667,232,0.9666666666666667,numerical phase witness upper<0; positive conservative lower certifies sound,VERIFIED
S1,leave_environment_F,polynomial,fixed_coverage_grid,negative_entropy,400,240,0.6,11,0,0.04583333333333333,0.04583333333333333,234,0.975,226,0.9416666666666667,numerical phase witness upper<0; positive conservative lower certifies sound,VERIFIED
S1,leave_environment_F,polynomial,fixed_coverage_grid,full_state_margin,400,240,0.6,3,0,0.0125,0.0125,240,1.0,234,0.975,numerical phase witness upper<0; positive conservative lower certifies sound,VERIFIED
S1,leave_environment_F,polynomial,fixed_coverage_grid,center_margin,400,320,0.8,8,0,0.025,0.025,319,0.996875,294,0.91875,numerical phase witness upper<0; positive conservative lower certifies sound,VERIFIED
S1,leave_environment_F,polynomial,fixed_coverage_grid,maximum_response,400,320,0.8,17,0,0.053125,0.053125,314,0.98125,291,0.909375,numerical phase witness upper<0; positive conservative lower certifies sound,VERIFIED
S1,leave_environment_F,polynomial,fixed_coverage_grid,negative_entropy,400,320,0.8,32,0,0.1,0.1,307,0.959375,283,0.884375,numerical phase witness upper<0; positive conservative lower certifies sound,VERIFIED
S1,leave_environment_F,polynomial,fixed_coverage_grid,full_state_margin,400,320,0.8,17,0,0.053125,0.053125,320,1.0,294,0.91875,numerical phase witness upper<0; positive conservative lower certifies sound,VERIFIED
S1,leave_environment_F,polynomial,fixed_coverage_grid,center_margin,400,400,1.0,63,0,0.1575,0.1575,378,0.945,331,0.8275,numerical phase witness upper<0; positive conservative lower certifies sound,VERIFIED
S1,leave_environment_F,polynomial,fixed_coverage_grid,maximum_response,400,400,1.0,63,0,0.1575,0.1575,378,0.945,331,0.8275,numerical phase witness upper<0; positive conservative lower certifies sound,VERIFIED
S1,leave_environment_F,polynomial,fixed_coverage_grid,negative_entropy,400,400,1.0,63,0,0.1575,0.1575,378,0.945,331,0.8275,numerical phase witness upper<0; positive conservative lower certifies sound,VERIFIED
S1,leave_environment_F,polynomial,fixed_coverage_grid,full_state_margin,400,400,1.0,63,0,0.1575,0.1575,400,1.0,330,0.825,numerical phase witness upper<0; positive conservative lower certifies sound,VERIFIED
S1,leave_environment_F,random_orthogonal,certificate_matched,exact_fiber,400,6,0.015,0,0,0.0,0.0,6,1.0,6,1.0,numerical phase witness upper<0; positive conservative lower certifies sound,VERIFIED
S1,leave_environment_F,random_orthogonal,certificate_matched,center_margin,400,6,0.015,2,0,0.3333333333333333,0.3333333333333333,6,1.0,6,1.0,numerical phase witness upper<0; positive conservative lower certifies sound,VERIFIED
S1,leave_environment_F,random_orthogonal,certificate_matched,maximum_response,400,6,0.015,2,0,0.3333333333333333,0.3333333333333333,6,1.0,6,1.0,numerical phase witness upper<0; positive conservative lower certifies sound,VERIFIED
S1,leave_environment_F,random_orthogonal,certificate_matched,negative_entropy,400,6,0.015,2,0,0.3333333333333333,0.3333333333333333,6,1.0,6,1.0,numerical phase witness upper<0; positive conservative lower certifies sound,VERIFIED
S1,leave_environment_F,random_orthogonal,certificate_matched,full_state_margin,400,6,0.015,3,0,0.5,0.5,6,1.0,6,1.0,numerical phase witness upper<0; positive conservative lower certifies sound,VERIFIED
S1,leave_environment_F,random_orthogonal,fixed_coverage_grid,center_margin,400,20,0.05,14,0,0.7,0.7,15,0.75,13,0.65,numerical phase witness upper<0; positive conservative lower certifies sound,VERIFIED
S1,leave_environment_F,random_orthogonal,fixed_coverage_grid,maximum_response,400,20,0.05,15,0,0.75,0.75,15,0.75,14,0.7,numerical phase witness upper<0; positive conservative lower certifies sound,VERIFIED
S1,leave_environment_F,random_orthogonal,fixed_coverage_grid,negative_entropy,400,20,0.05,14,0,0.7,0.7,15,0.75,13,0.65,numerical phase witness upper<0; positive conservative lower certifies sound,VERIFIED
S1,leave_environment_F,random_orthogonal,fixed_coverage_grid,full_state_margin,400,20,0.05,16,0,0.8,0.8,20,1.0,20,1.0,numerical phase witness upper<0; positive conservative lower certifies sound,VERIFIED
S1,leave_environment_F,random_orthogonal,fixed_coverage_grid,center_margin,400,40,0.1,34,0,0.85,0.85,21,0.525,18,0.45,numerical phase witness upper<0; positive conservative lower certifies sound,VERIFIED
S1,leave_environment_F,random_orthogonal,fixed_coverage_grid,maximum_response,400,40,0.1,34,0,0.85,0.85,21,0.525,19,0.475,numerical phase witness upper<0; positive conservative lower certifies sound,VERIFIED
S1,leave_environment_F,random_orthogonal,fixed_coverage_grid,negative_entropy,400,40,0.1,34,0,0.85,0.85,21,0.525,18,0.45,numerical phase witness upper<0; positive conservative lower certifies sound,VERIFIED
S1,leave_environment_F,random_orthogonal,fixed_coverage_grid,full_state_margin,400,40,0.1,35,0,0.875,0.875,40,1.0,40,1.0,numerical phase witness upper<0; positive conservative lower certifies sound,VERIFIED
S1,leave_environment_F,random_orthogonal,fixed_coverage_grid,center_margin,400,80,0.2,74,0,0.925,0.925,33,0.4125,27,0.3375,numerical phase witness upper<0; positive conservative lower certifies sound,VERIFIED
S1,leave_environment_F,random_orthogonal,fixed_coverage_grid,maximum_response,400,80,0.2,74,0,0.925,0.925,31,0.3875,27,0.3375,numerical phase witness upper<0; positive conservative lower certifies sound,VERIFIED
S1,leave_environment_F,random_orthogonal,fixed_coverage_grid,negative_entropy,400,80,0.2,74,0,0.925,0.925,32,0.4,28,0.35,numerical phase witness upper<0; positive conservative lower certifies sound,VERIFIED
S1,leave_environment_F,random_orthogonal,fixed_coverage_grid,full_state_margin,400,80,0.2,75,0,0.9375,0.9375,80,1.0,80,1.0,numerical phase witness upper<0; positive conservative lower certifies sound,VERIFIED
S1,leave_environment_F,random_orthogonal,fixed_coverage_grid,center_margin,400,160,0.4,154,0,0.9625,0.9625,42,0.2625,34,0.2125,numerical phase witness upper<0; positive conservative lower certifies sound,VERIFIED
S1,leave_environment_F,random_orthogonal,fixed_coverage_grid,maximum_response,400,160,0.4,154,0,0.9625,0.9625,46,0.2875,37,0.23125,numerical phase witness upper<0; positive conservative lower certifies sound,VERIFIED
S1,leave_environment_F,random_orthogonal,fixed_coverage_grid,negative_entropy,400,160,0.4,154,0,0.9625,0.9625,45,0.28125,36,0.225,numerical phase witness upper<0; positive conservative lower certifies sound,VERIFIED
S1,leave_environment_F,random_orthogonal,fixed_coverage_grid,full_state_margin,400,160,0.4,154,0,0.9625,0.9625,160,1.0,160,1.0,numerical phase witness upper<0; positive conservative lower certifies sound,VERIFIED
S1,leave_environment_F,random_orthogonal,fixed_coverage_grid,center_margin,400,240,0.6,234,0,0.975,0.975,52,0.21666666666666667,41,0.17083333333333334,numerical phase witness upper<0; positive conservative lower certifies sound,VERIFIED
S1,leave_environment_F,random_orthogonal,fixed_coverage_grid,maximum_response,400,240,0.6,234,0,0.975,0.975,59,0.24583333333333332,48,0.2,numerical phase witness upper<0; positive conservative lower certifies sound,VERIFIED
S1,leave_environment_F,random_orthogonal,fixed_coverage_grid,negative_entropy,400,240,0.6,234,0,0.975,0.975,59,0.24583333333333332,48,0.2,numerical phase witness upper<0; positive conservative lower certifies sound,VERIFIED
S1,leave_environment_F,random_orthogonal,fixed_coverage_grid,full_state_margin,400,240,0.6,234,0,0.975,0.975,240,1.0,234,0.975,numerical phase witness upper<0; positive conservative lower certifies sound,VERIFIED
S1,leave_environment_F,random_orthogonal,fixed_coverage_grid,center_margin,400,320,0.8,314,0,0.98125,0.98125,64,0.2,52,0.1625,numerical phase witness upper<0; positive conservative lower certifies sound,VERIFIED
S1,leave_environment_F,random_orthogonal,fixed_coverage_grid,maximum_response,400,320,0.8,314,0,0.98125,0.98125,66,0.20625,53,0.165625,numerical phase witness upper<0; positive conservative lower certifies sound,VERIFIED
S1,leave_environment_F,random_orthogonal,fixed_coverage_grid,negative_entropy,400,320,0.8,314,0,0.98125,0.98125,68,0.2125,55,0.171875,numerical phase witness upper<0; positive conservative lower certifies sound,VERIFIED
S1,leave_environment_F,random_orthogonal,fixed_coverage_grid,full_state_margin,400,320,0.8,314,0,0.98125,0.98125,320,1.0,294,0.91875,numerical phase witness upper<0; positive conservative lower certifies sound,VERIFIED
S1,leave_environment_F,random_orthogonal,fixed_coverage_grid,center_margin,400,400,1.0,394,0,0.985,0.985,74,0.185,62,0.155,numerical phase witness upper<0; positive conservative lower certifies sound,VERIFIED
S1,leave_environment_F,random_orthogonal,fixed_coverage_grid,maximum_response,400,400,1.0,394,0,0.985,0.985,74,0.185,62,0.155,numerical phase witness upper<0; positive conservative lower certifies sound,VERIFIED
S1,leave_environment_F,random_orthogonal,fixed_coverage_grid,negative_entropy,400,400,1.0,394,0,0.985,0.985,74,0.185,62,0.155,numerical phase witness upper<0; positive conservative lower certifies sound,VERIFIED
S1,leave_environment_F,random_orthogonal,fixed_coverage_grid,full_state_margin,400,400,1.0,394,0,0.985,0.985,400,1.0,330,0.825,numerical phase witness upper<0; positive conservative lower certifies sound,VERIFIED
S1,leave_environment_F,permuted_polynomial,certificate_matched,exact_fiber,400,32,0.08,0,0,0.0,0.0,32,1.0,31,0.96875,numerical phase witness upper<0; positive conservative lower certifies sound,VERIFIED
S1,leave_environment_F,permuted_polynomial,certificate_matched,center_margin,400,32,0.08,24,0,0.75,0.75,9,0.28125,8,0.25,numerical phase witness upper<0; positive conservative lower certifies sound,VERIFIED
S1,leave_environment_F,permuted_polynomial,certificate_matched,maximum_response,400,32,0.08,32,0,1.0,1.0,2,0.0625,0,0.0,numerical phase witness upper<0; positive conservative lower certifies sound,VERIFIED
S1,leave_environment_F,permuted_polynomial,certificate_matched,negative_entropy,400,32,0.08,31,0,0.96875,0.96875,3,0.09375,1,0.03125,numerical phase witness upper<0; positive conservative lower certifies sound,VERIFIED
S1,leave_environment_F,permuted_polynomial,certificate_matched,full_state_margin,400,32,0.08,22,0,0.6875,0.6875,32,1.0,32,1.0,numerical phase witness upper<0; positive conservative lower certifies sound,VERIFIED
S1,leave_environment_F,permuted_polynomial,fixed_coverage_grid,center_margin,400,20,0.05,14,0,0.7,0.7,7,0.35,6,0.3,numerical phase witness upper<0; positive conservative lower certifies sound,VERIFIED
S1,leave_environment_F,permuted_polynomial,fixed_coverage_grid,maximum_response,400,20,0.05,20,0,1.0,1.0,1,0.05,0,0.0,numerical phase witness upper<0; positive conservative lower certifies sound,VERIFIED
S1,leave_environment_F,permuted_polynomial,fixed_coverage_grid,negative_entropy,400,20,0.05,20,0,1.0,1.0,2,0.1,0,0.0,numerical phase witness upper<0; positive conservative lower certifies sound,VERIFIED
S1,leave_environment_F,permuted_polynomial,fixed_coverage_grid,full_state_margin,400,20,0.05,12,0,0.6,0.6,20,1.0,20,1.0,numerical phase witness upper<0; positive conservative lower certifies sound,VERIFIED
S1,leave_environment_F,permuted_polynomial,fixed_coverage_grid,center_margin,400,40,0.1,31,0,0.775,0.775,11,0.275,9,0.225,numerical phase witness upper<0; positive conservative lower certifies sound,VERIFIED
S1,leave_environment_F,permuted_polynomial,fixed_coverage_grid,maximum_response,400,40,0.1,40,0,1.0,1.0,2,0.05,0,0.0,numerical phase witness upper<0; positive conservative lower certifies sound,VERIFIED
S1,leave_environment_F,permuted_polynomial,fixed_coverage_grid,negative_entropy,400,40,0.1,39,0,0.975,0.975,3,0.075,1,0.025,numerical phase witness upper<0; positive conservative lower certifies sound,VERIFIED
S1,leave_environment_F,permuted_polynomial,fixed_coverage_grid,full_state_margin,400,40,0.1,28,0,0.7,0.7,40,1.0,40,1.0,numerical phase witness upper<0; positive conservative lower certifies sound,VERIFIED
S1,leave_environment_F,permuted_polynomial,fixed_coverage_grid,center_margin,400,80,0.2,68,0,0.85,0.85,14,0.175,12,0.15,numerical phase witness upper<0; positive conservative lower certifies sound,VERIFIED
S1,leave_environment_F,permuted_polynomial,fixed_coverage_grid,maximum_response,400,80,0.2,75,0,0.9375,0.9375,7,0.0875,5,0.0625,numerical phase witness upper<0; positive conservative lower certifies sound,VERIFIED
S1,leave_environment_F,permuted_polynomial,fixed_coverage_grid,negative_entropy,400,80,0.2,74,0,0.925,0.925,8,0.1,6,0.075,numerical phase witness upper<0; positive conservative lower certifies sound,VERIFIED
S1,leave_environment_F,permuted_polynomial,fixed_coverage_grid,full_state_margin,400,80,0.2,64,0,0.8,0.8,80,1.0,80,1.0,numerical phase witness upper<0; positive conservative lower certifies sound,VERIFIED
S1,leave_environment_F,permuted_polynomial,fixed_coverage_grid,center_margin,400,160,0.4,143,0,0.89375,0.89375,19,0.11875,17,0.10625,numerical phase witness upper<0; positive conservative lower certifies sound,VERIFIED
S1,leave_environment_F,permuted_polynomial,fixed_coverage_grid,maximum_response,400,160,0.4,147,0,0.91875,0.91875,15,0.09375,13,0.08125,numerical phase witness upper<0; positive conservative lower certifies sound,VERIFIED
S1,leave_environment_F,permuted_polynomial,fixed_coverage_grid,negative_entropy,400,160,0.4,147,0,0.91875,0.91875,16,0.1,14,0.0875,numerical phase witness upper<0; positive conservative lower certifies sound,VERIFIED
S1,leave_environment_F,permuted_polynomial,fixed_coverage_grid,full_state_margin,400,160,0.4,141,0,0.88125,0.88125,160,1.0,160,1.0,numerical phase witness upper<0; positive conservative lower certifies sound,VERIFIED
S1,leave_environment_F,permuted_polynomial,fixed_coverage_grid,center_margin,400,240,0.6,216,0,0.9,0.9,29,0.12083333333333333,27,0.1125,numerical phase witness upper<0; positive conservative lower certifies sound,VERIFIED
S1,leave_environment_F,permuted_polynomial,fixed_coverage_grid,maximum_response,400,240,0.6,221,0,0.9208333333333333,0.9208333333333333,25,0.10416666666666667,23,0.09583333333333334,numerical phase witness upper<0; positive conservative lower certifies sound,VERIFIED
S1,leave_environment_F,permuted_polynomial,fixed_coverage_grid,negative_entropy,400,240,0.6,220,0,0.9166666666666666,0.9166666666666666,26,0.10833333333333334,23,0.09583333333333334,numerical phase witness upper<0; positive conservative lower certifies sound,VERIFIED
S1,leave_environment_F,permuted_polynomial,fixed_coverage_grid,full_state_margin,400,240,0.6,212,0,0.8833333333333333,0.8833333333333333,240,1.0,234,0.975,numerical phase witness upper<0; positive conservative lower certifies sound,VERIFIED
S1,leave_environment_F,permuted_polynomial,fixed_coverage_grid,center_margin,400,320,0.8,288,0,0.9,0.9,54,0.16875,50,0.15625,numerical phase witness upper<0; positive conservative lower certifies sound,VERIFIED
S1,leave_environment_F,permuted_polynomial,fixed_coverage_grid,maximum_response,400,320,0.8,288,0,0.9,0.9,53,0.165625,52,0.1625,numerical phase witness upper<0; positive conservative lower certifies sound,VERIFIED
S1,leave_environment_F,permuted_polynomial,fixed_coverage_grid,negative_entropy,400,320,0.8,289,0,0.903125,0.903125,52,0.1625,53,0.165625,numerical phase witness upper<0; positive conservative lower certifies sound,VERIFIED
S1,leave_environment_F,permuted_polynomial,fixed_coverage_grid,full_state_margin,400,320,0.8,289,0,0.903125,0.903125,320,1.0,294,0.91875,numerical phase witness upper<0; positive conservative lower certifies sound,VERIFIED
S1,leave_environment_F,permuted_polynomial,fixed_coverage_grid,center_margin,400,400,1.0,368,0,0.92,0.92,72,0.18,71,0.1775,numerical phase witness upper<0; positive conservative lower certifies sound,VERIFIED
S1,leave_environment_F,permuted_polynomial,fixed_coverage_grid,maximum_response,400,400,1.0,368,0,0.92,0.92,72,0.18,71,0.1775,numerical phase witness upper<0; positive conservative lower certifies sound,VERIFIED
S1,leave_environment_F,permuted_polynomial,fixed_coverage_grid,negative_entropy,400,400,1.0,368,0,0.92,0.92,72,0.18,71,0.1775,numerical phase witness upper<0; positive conservative lower certifies sound,VERIFIED
S1,leave_environment_F,permuted_polynomial,fixed_coverage_grid,full_state_margin,400,400,1.0,368,0,0.92,0.92,400,1.0,330,0.825,numerical phase witness upper<0; positive conservative lower certifies sound,VERIFIED
S1,leave_environment_F_antenna,coordinate,certificate_matched,exact_fiber,400,27,0.0675,0,0,0.0,0.0,27,1.0,11,0.4074074074074074,numerical phase witness upper<0; positive conservative lower certifies sound,VERIFIED
S1,leave_environment_F_antenna,coordinate,certificate_matched,center_margin,400,27,0.0675,23,0,0.8518518518518519,0.8518518518518519,7,0.25925925925925924,1,0.037037037037037035,numerical phase witness upper<0; positive conservative lower certifies sound,VERIFIED
S1,leave_environment_F_antenna,coordinate,certificate_matched,maximum_response,400,27,0.0675,24,0,0.8888888888888888,0.8888888888888888,11,0.4074074074074074,4,0.14814814814814814,numerical phase witness upper<0; positive conservative lower certifies sound,VERIFIED
S1,leave_environment_F_antenna,coordinate,certificate_matched,negative_entropy,400,27,0.0675,23,0,0.8518518518518519,0.8518518518518519,7,0.25925925925925924,1,0.037037037037037035,numerical phase witness upper<0; positive conservative lower certifies sound,VERIFIED
S1,leave_environment_F_antenna,coordinate,certificate_matched,full_state_margin,400,27,0.0675,26,0,0.9629629629629629,0.9629629629629629,27,1.0,25,0.9259259259259259,numerical phase witness upper<0; positive conservative lower certifies sound,VERIFIED
S1,leave_environment_F_antenna,coordinate,fixed_coverage_grid,center_margin,400,20,0.05,18,0,0.9,0.9,5,0.25,1,0.05,numerical phase witness upper<0; positive conservative lower certifies sound,VERIFIED
S1,leave_environment_F_antenna,coordinate,fixed_coverage_grid,maximum_response,400,20,0.05,18,0,0.9,0.9,7,0.35,2,0.1,numerical phase witness upper<0; positive conservative lower certifies sound,VERIFIED
S1,leave_environment_F_antenna,coordinate,fixed_coverage_grid,negative_entropy,400,20,0.05,18,0,0.9,0.9,5,0.25,1,0.05,numerical phase witness upper<0; positive conservative lower certifies sound,VERIFIED
S1,leave_environment_F_antenna,coordinate,fixed_coverage_grid,full_state_margin,400,20,0.05,19,0,0.95,0.95,20,1.0,20,1.0,numerical phase witness upper<0; positive conservative lower certifies sound,VERIFIED
S1,leave_environment_F_antenna,coordinate,fixed_coverage_grid,center_margin,400,40,0.1,35,0,0.875,0.875,9,0.225,2,0.05,numerical phase witness upper<0; positive conservative lower certifies sound,VERIFIED
S1,leave_environment_F_antenna,coordinate,fixed_coverage_grid,maximum_response,400,40,0.1,36,0,0.9,0.9,15,0.375,5,0.125,numerical phase witness upper<0; positive conservative lower certifies sound,VERIFIED
S1,leave_environment_F_antenna,coordinate,fixed_coverage_grid,negative_entropy,400,40,0.1,35,0,0.875,0.875,9,0.225,2,0.05,numerical phase witness upper<0; positive conservative lower certifies sound,VERIFIED
S1,leave_environment_F_antenna,coordinate,fixed_coverage_grid,full_state_margin,400,40,0.1,39,0,0.975,0.975,40,1.0,38,0.95,numerical phase witness upper<0; positive conservative lower certifies sound,VERIFIED
S1,leave_environment_F_antenna,coordinate,fixed_coverage_grid,center_margin,400,80,0.2,69,0,0.8625,0.8625,20,0.25,7,0.0875,numerical phase witness upper<0; positive conservative lower certifies sound,VERIFIED
S1,leave_environment_F_antenna,coordinate,fixed_coverage_grid,maximum_response,400,80,0.2,70,0,0.875,0.875,24,0.3,11,0.1375,numerical phase witness upper<0; positive conservative lower certifies sound,VERIFIED
S1,leave_environment_F_antenna,coordinate,fixed_coverage_grid,negative_entropy,400,80,0.2,69,0,0.8625,0.8625,20,0.25,7,0.0875,numerical phase witness upper<0; positive conservative lower certifies sound,VERIFIED
S1,leave_environment_F_antenna,coordinate,fixed_coverage_grid,full_state_margin,400,80,0.2,76,0,0.95,0.95,80,1.0,67,0.8375,numerical phase witness upper<0; positive conservative lower certifies sound,VERIFIED
S1,leave_environment_F_antenna,coordinate,fixed_coverage_grid,center_margin,400,160,0.4,141,0,0.88125,0.88125,40,0.25,16,0.1,numerical phase witness upper<0; positive conservative lower certifies sound,VERIFIED
S1,leave_environment_F_antenna,coordinate,fixed_coverage_grid,maximum_response,400,160,0.4,139,0,0.86875,0.86875,42,0.2625,23,0.14375,numerical phase witness upper<0; positive conservative lower certifies sound,VERIFIED
S1,leave_environment_F_antenna,coordinate,fixed_coverage_grid,negative_entropy,400,160,0.4,141,0,0.88125,0.88125,40,0.25,16,0.1,numerical phase witness upper<0; positive conservative lower certifies sound,VERIFIED
S1,leave_environment_F_antenna,coordinate,fixed_coverage_grid,full_state_margin,400,160,0.4,145,0,0.90625,0.90625,160,1.0,109,0.68125,numerical phase witness upper<0; positive conservative lower certifies sound,VERIFIED
S1,leave_environment_F_antenna,coordinate,fixed_coverage_grid,center_margin,400,240,0.6,217,0,0.9041666666666667,0.9041666666666667,50,0.20833333333333334,22,0.09166666666666666,numerical phase witness upper<0; positive conservative lower certifies sound,VERIFIED
S1,leave_environment_F_antenna,coordinate,fixed_coverage_grid,maximum_response,400,240,0.6,215,0,0.8958333333333334,0.8958333333333334,50,0.20833333333333334,27,0.1125,numerical phase witness upper<0; positive conservative lower certifies sound,VERIFIED
S1,leave_environment_F_antenna,coordinate,fixed_coverage_grid,negative_entropy,400,240,0.6,217,0,0.9041666666666667,0.9041666666666667,50,0.20833333333333334,22,0.09166666666666666,numerical phase witness upper<0; positive conservative lower certifies sound,VERIFIED
S1,leave_environment_F_antenna,coordinate,fixed_coverage_grid,full_state_margin,400,240,0.6,217,0,0.9041666666666667,0.9041666666666667,240,1.0,155,0.6458333333333334,numerical phase witness upper<0; positive conservative lower certifies sound,VERIFIED
S1,leave_environment_F_antenna,coordinate,fixed_coverage_grid,center_margin,400,320,0.8,293,0,0.915625,0.915625,62,0.19375,31,0.096875,numerical phase witness upper<0; positive conservative lower certifies sound,VERIFIED
S1,leave_environment_F_antenna,coordinate,fixed_coverage_grid,maximum_response,400,320,0.8,293,0,0.915625,0.915625,59,0.184375,34,0.10625,numerical phase witness upper<0; positive conservative lower certifies sound,VERIFIED
S1,leave_environment_F_antenna,coordinate,fixed_coverage_grid,negative_entropy,400,320,0.8,293,0,0.915625,0.915625,62,0.19375,31,0.096875,numerical phase witness upper<0; positive conservative lower certifies sound,VERIFIED
S1,leave_environment_F_antenna,coordinate,fixed_coverage_grid,full_state_margin,400,320,0.8,293,0,0.915625,0.915625,320,1.0,185,0.578125,numerical phase witness upper<0; positive conservative lower certifies sound,VERIFIED
S1,leave_environment_F_antenna,coordinate,fixed_coverage_grid,center_margin,400,400,1.0,373,0,0.9325,0.9325,64,0.16,40,0.1,numerical phase witness upper<0; positive conservative lower certifies sound,VERIFIED
S1,leave_environment_F_antenna,coordinate,fixed_coverage_grid,maximum_response,400,400,1.0,373,0,0.9325,0.9325,64,0.16,40,0.1,numerical phase witness upper<0; positive conservative lower certifies sound,VERIFIED
S1,leave_environment_F_antenna,coordinate,fixed_coverage_grid,negative_entropy,400,400,1.0,373,0,0.9325,0.9325,64,0.16,40,0.1,numerical phase witness upper<0; positive conservative lower certifies sound,VERIFIED
S1,leave_environment_F_antenna,coordinate,fixed_coverage_grid,full_state_margin,400,400,1.0,373,0,0.9325,0.9325,400,1.0,203,0.5075,numerical phase witness upper<0; positive conservative lower certifies sound,VERIFIED
S1,leave_environment_F_antenna,dct,certificate_matched,exact_fiber,400,13,0.0325,0,0,0.0,0.0,13,1.0,9,0.6923076923076923,numerical phase witness upper<0; positive conservative lower certifies sound,VERIFIED
S1,leave_environment_F_antenna,dct,certificate_matched,center_margin,400,13,0.0325,11,0,0.8461538461538461,0.8461538461538461,3,0.23076923076923078,3,0.23076923076923078,numerical phase witness upper<0; positive conservative lower certifies sound,VERIFIED
S1,leave_environment_F_antenna,dct,certificate_matched,maximum_response,400,13,0.0325,12,0,0.9230769230769231,0.9230769230769231,3,0.23076923076923078,2,0.15384615384615385,numerical phase witness upper<0; positive conservative lower certifies sound,VERIFIED
S1,leave_environment_F_antenna,dct,certificate_matched,negative_entropy,400,13,0.0325,12,0,0.9230769230769231,0.9230769230769231,3,0.23076923076923078,1,0.07692307692307693,numerical phase witness upper<0; positive conservative lower certifies sound,VERIFIED
S1,leave_environment_F_antenna,dct,certificate_matched,full_state_margin,400,13,0.0325,12,0,0.9230769230769231,0.9230769230769231,13,1.0,13,1.0,numerical phase witness upper<0; positive conservative lower certifies sound,VERIFIED
S1,leave_environment_F_antenna,dct,fixed_coverage_grid,center_margin,400,20,0.05,18,0,0.9,0.9,6,0.3,6,0.3,numerical phase witness upper<0; positive conservative lower certifies sound,VERIFIED
S1,leave_environment_F_antenna,dct,fixed_coverage_grid,maximum_response,400,20,0.05,19,0,0.95,0.95,4,0.2,4,0.2,numerical phase witness upper<0; positive conservative lower certifies sound,VERIFIED
S1,leave_environment_F_antenna,dct,fixed_coverage_grid,negative_entropy,400,20,0.05,19,0,0.95,0.95,3,0.15,4,0.2,numerical phase witness upper<0; positive conservative lower certifies sound,VERIFIED
S1,leave_environment_F_antenna,dct,fixed_coverage_grid,full_state_margin,400,20,0.05,18,0,0.9,0.9,20,1.0,20,1.0,numerical phase witness upper<0; positive conservative lower certifies sound,VERIFIED
S1,leave_environment_F_antenna,dct,fixed_coverage_grid,center_margin,400,40,0.1,38,0,0.95,0.95,13,0.325,14,0.35,numerical phase witness upper<0; positive conservative lower certifies sound,VERIFIED
S1,leave_environment_F_antenna,dct,fixed_coverage_grid,maximum_response,400,40,0.1,39,0,0.975,0.975,5,0.125,8,0.2,numerical phase witness upper<0; positive conservative lower certifies sound,VERIFIED
S1,leave_environment_F_antenna,dct,fixed_coverage_grid,negative_entropy,400,40,0.1,39,0,0.975,0.975,4,0.1,7,0.175,numerical phase witness upper<0; positive conservative lower certifies sound,VERIFIED
S1,leave_environment_F_antenna,dct,fixed_coverage_grid,full_state_margin,400,40,0.1,38,0,0.95,0.95,40,1.0,38,0.95,numerical phase witness upper<0; positive conservative lower certifies sound,VERIFIED
S1,leave_environment_F_antenna,dct,fixed_coverage_grid,center_margin,400,80,0.2,71,0,0.8875,0.8875,33,0.4125,33,0.4125,numerical phase witness upper<0; positive conservative lower certifies sound,VERIFIED
S1,leave_environment_F_antenna,dct,fixed_coverage_grid,maximum_response,400,80,0.2,76,0,0.95,0.95,12,0.15,16,0.2,numerical phase witness upper<0; positive conservative lower certifies sound,VERIFIED
S1,leave_environment_F_antenna,dct,fixed_coverage_grid,negative_entropy,400,80,0.2,76,0,0.95,0.95,12,0.15,17,0.2125,numerical phase witness upper<0; positive conservative lower certifies sound,VERIFIED
S1,leave_environment_F_antenna,dct,fixed_coverage_grid,full_state_margin,400,80,0.2,76,0,0.95,0.95,80,1.0,67,0.8375,numerical phase witness upper<0; positive conservative lower certifies sound,VERIFIED
S1,leave_environment_F_antenna,dct,fixed_coverage_grid,center_margin,400,160,0.4,149,0,0.93125,0.93125,66,0.4125,55,0.34375,numerical phase witness upper<0; positive conservative lower certifies sound,VERIFIED
S1,leave_environment_F_antenna,dct,fixed_coverage_grid,maximum_response,400,160,0.4,151,0,0.94375,0.94375,40,0.25,33,0.20625,numerical phase witness upper<0; positive conservative lower certifies sound,VERIFIED
S1,leave_environment_F_antenna,dct,fixed_coverage_grid,negative_entropy,400,160,0.4,151,0,0.94375,0.94375,38,0.2375,33,0.20625,numerical phase witness upper<0; positive conservative lower certifies sound,VERIFIED
S1,leave_environment_F_antenna,dct,fixed_coverage_grid,full_state_margin,400,160,0.4,150,0,0.9375,0.9375,160,1.0,109,0.68125,numerical phase witness upper<0; positive conservative lower certifies sound,VERIFIED
S1,leave_environment_F_antenna,dct,fixed_coverage_grid,center_margin,400,240,0.6,227,0,0.9458333333333333,0.9458333333333333,91,0.37916666666666665,74,0.30833333333333335,numerical phase witness upper<0; positive conservative lower certifies sound,VERIFIED
S1,leave_environment_F_antenna,dct,fixed_coverage_grid,maximum_response,400,240,0.6,228,0,0.95,0.95,82,0.3416666666666667,61,0.25416666666666665,numerical phase witness upper<0; positive conservative lower certifies sound,VERIFIED
S1,leave_environment_F_antenna,dct,fixed_coverage_grid,negative_entropy,400,240,0.6,228,0,0.95,0.95,78,0.325,59,0.24583333333333332,numerical phase witness upper<0; positive conservative lower certifies sound,VERIFIED
S1,leave_environment_F_antenna,dct,fixed_coverage_grid,full_state_margin,400,240,0.6,227,0,0.9458333333333333,0.9458333333333333,240,1.0,155,0.6458333333333334,numerical phase witness upper<0; positive conservative lower certifies sound,VERIFIED
S1,leave_environment_F_antenna,dct,fixed_coverage_grid,center_margin,400,320,0.8,307,0,0.959375,0.959375,106,0.33125,84,0.2625,numerical phase witness upper<0; positive conservative lower certifies sound,VERIFIED
S1,leave_environment_F_antenna,dct,fixed_coverage_grid,maximum_response,400,320,0.8,307,0,0.959375,0.959375,106,0.33125,82,0.25625,numerical phase witness upper<0; positive conservative lower certifies sound,VERIFIED
S1,leave_environment_F_antenna,dct,fixed_coverage_grid,negative_entropy,400,320,0.8,307,0,0.959375,0.959375,107,0.334375,82,0.25625,numerical phase witness upper<0; positive conservative lower certifies sound,VERIFIED
S1,leave_environment_F_antenna,dct,fixed_coverage_grid,full_state_margin,400,320,0.8,307,0,0.959375,0.959375,320,1.0,185,0.578125,numerical phase witness upper<0; positive conservative lower certifies sound,VERIFIED
S1,leave_environment_F_antenna,dct,fixed_coverage_grid,center_margin,400,400,1.0,387,0,0.9675,0.9675,121,0.3025,95,0.2375,numerical phase witness upper<0; positive conservative lower certifies sound,VERIFIED
S1,leave_environment_F_antenna,dct,fixed_coverage_grid,maximum_response,400,400,1.0,387,0,0.9675,0.9675,121,0.3025,95,0.2375,numerical phase witness upper<0; positive conservative lower certifies sound,VERIFIED
S1,leave_environment_F_antenna,dct,fixed_coverage_grid,negative_entropy,400,400,1.0,387,0,0.9675,0.9675,121,0.3025,95,0.2375,numerical phase witness upper<0; positive conservative lower certifies sound,VERIFIED
S1,leave_environment_F_antenna,dct,fixed_coverage_grid,full_state_margin,400,400,1.0,387,0,0.9675,0.9675,400,1.0,203,0.5075,numerical phase witness upper<0; positive conservative lower certifies sound,VERIFIED
S1,leave_environment_F_antenna,dft,certificate_matched,exact_fiber,400,3,0.0075,0,0,0.0,0.0,3,1.0,0,0.0,numerical phase witness upper<0; positive conservative lower certifies sound,VERIFIED
S1,leave_environment_F_antenna,dft,certificate_matched,center_margin,400,3,0.0075,2,0,0.6666666666666666,0.6666666666666666,3,1.0,0,0.0,numerical phase witness upper<0; positive conservative lower certifies sound,VERIFIED
S1,leave_environment_F_antenna,dft,certificate_matched,maximum_response,400,3,0.0075,2,0,0.6666666666666666,0.6666666666666666,1,0.3333333333333333,0,0.0,numerical phase witness upper<0; positive conservative lower certifies sound,VERIFIED
S1,leave_environment_F_antenna,dft,certificate_matched,negative_entropy,400,3,0.0075,2,0,0.6666666666666666,0.6666666666666666,2,0.6666666666666666,0,0.0,numerical phase witness upper<0; positive conservative lower certifies sound,VERIFIED
S1,leave_environment_F_antenna,dft,certificate_matched,full_state_margin,400,3,0.0075,3,0,1.0,1.0,3,1.0,3,1.0,numerical phase witness upper<0; positive conservative lower certifies sound,VERIFIED
S1,leave_environment_F_antenna,dft,fixed_coverage_grid,center_margin,400,20,0.05,19,0,0.95,0.95,11,0.55,5,0.25,numerical phase witness upper<0; positive conservative lower certifies sound,VERIFIED
S1,leave_environment_F_antenna,dft,fixed_coverage_grid,maximum_response,400,20,0.05,19,0,0.95,0.95,6,0.3,1,0.05,numerical phase witness upper<0; positive conservative lower certifies sound,VERIFIED
S1,leave_environment_F_antenna,dft,fixed_coverage_grid,negative_entropy,400,20,0.05,19,0,0.95,0.95,7,0.35,0,0.0,numerical phase witness upper<0; positive conservative lower certifies sound,VERIFIED
S1,leave_environment_F_antenna,dft,fixed_coverage_grid,full_state_margin,400,20,0.05,20,0,1.0,1.0,20,1.0,20,1.0,numerical phase witness upper<0; positive conservative lower certifies sound,VERIFIED
S1,leave_environment_F_antenna,dft,fixed_coverage_grid,center_margin,400,40,0.1,39,0,0.975,0.975,19,0.475,11,0.275,numerical phase witness upper<0; positive conservative lower certifies sound,VERIFIED
S1,leave_environment_F_antenna,dft,fixed_coverage_grid,maximum_response,400,40,0.1,39,0,0.975,0.975,10,0.25,1,0.025,numerical phase witness upper<0; positive conservative lower certifies sound,VERIFIED
S1,leave_environment_F_antenna,dft,fixed_coverage_grid,negative_entropy,400,40,0.1,39,0,0.975,0.975,14,0.35,2,0.05,numerical phase witness upper<0; positive conservative lower certifies sound,VERIFIED
S1,leave_environment_F_antenna,dft,fixed_coverage_grid,full_state_margin,400,40,0.1,40,0,1.0,1.0,40,1.0,38,0.95,numerical phase witness upper<0; positive conservative lower certifies sound,VERIFIED
S1,leave_environment_F_antenna,dft,fixed_coverage_grid,center_margin,400,80,0.2,79,0,0.9875,0.9875,36,0.45,21,0.2625,numerical phase witness upper<0; positive conservative lower certifies sound,VERIFIED
S1,leave_environment_F_antenna,dft,fixed_coverage_grid,maximum_response,400,80,0.2,79,0,0.9875,0.9875,22,0.275,5,0.0625,numerical phase witness upper<0; positive conservative lower certifies sound,VERIFIED
S1,leave_environment_F_antenna,dft,fixed_coverage_grid,negative_entropy,400,80,0.2,79,0,0.9875,0.9875,23,0.2875,3,0.0375,numerical phase witness upper<0; positive conservative lower certifies sound,VERIFIED
S1,leave_environment_F_antenna,dft,fixed_coverage_grid,full_state_margin,400,80,0.2,79,0,0.9875,0.9875,80,1.0,67,0.8375,numerical phase witness upper<0; positive conservative lower certifies sound,VERIFIED
S1,leave_environment_F_antenna,dft,fixed_coverage_grid,center_margin,400,160,0.4,158,0,0.9875,0.9875,60,0.375,41,0.25625,numerical phase witness upper<0; positive conservative lower certifies sound,VERIFIED
S1,leave_environment_F_antenna,dft,fixed_coverage_grid,maximum_response,400,160,0.4,159,0,0.99375,0.99375,53,0.33125,24,0.15,numerical phase witness upper<0; positive conservative lower certifies sound,VERIFIED
S1,leave_environment_F_antenna,dft,fixed_coverage_grid,negative_entropy,400,160,0.4,159,0,0.99375,0.99375,50,0.3125,22,0.1375,numerical phase witness upper<0; positive conservative lower certifies sound,VERIFIED
S1,leave_environment_F_antenna,dft,fixed_coverage_grid,full_state_margin,400,160,0.4,158,0,0.9875,0.9875,160,1.0,109,0.68125,numerical phase witness upper<0; positive conservative lower certifies sound,VERIFIED
S1,leave_environment_F_antenna,dft,fixed_coverage_grid,center_margin,400,240,0.6,237,0,0.9875,0.9875,83,0.3458333333333333,61,0.25416666666666665,numerical phase witness upper<0; positive conservative lower certifies sound,VERIFIED
S1,leave_environment_F_antenna,dft,fixed_coverage_grid,maximum_response,400,240,0.6,239,0,0.9958333333333333,0.9958333333333333,76,0.31666666666666665,49,0.20416666666666666,numerical phase witness upper<0; positive conservative lower certifies sound,VERIFIED
S1,leave_environment_F_antenna,dft,fixed_coverage_grid,negative_entropy,400,240,0.6,239,0,0.9958333333333333,0.9958333333333333,77,0.32083333333333336,49,0.20416666666666666,numerical phase witness upper<0; positive conservative lower certifies sound,VERIFIED
S1,leave_environment_F_antenna,dft,fixed_coverage_grid,full_state_margin,400,240,0.6,238,0,0.9916666666666667,0.9916666666666667,240,1.0,155,0.6458333333333334,numerical phase witness upper<0; positive conservative lower certifies sound,VERIFIED
S1,leave_environment_F_antenna,dft,fixed_coverage_grid,center_margin,400,320,0.8,317,0,0.990625,0.990625,94,0.29375,70,0.21875,numerical phase witness upper<0; positive conservative lower certifies sound,VERIFIED
S1,leave_environment_F_antenna,dft,fixed_coverage_grid,maximum_response,400,320,0.8,317,0,0.990625,0.990625,105,0.328125,81,0.253125,numerical phase witness upper<0; positive conservative lower certifies sound,VERIFIED
S1,leave_environment_F_antenna,dft,fixed_coverage_grid,negative_entropy,400,320,0.8,318,0,0.99375,0.99375,102,0.31875,80,0.25,numerical phase witness upper<0; positive conservative lower certifies sound,VERIFIED
S1,leave_environment_F_antenna,dft,fixed_coverage_grid,full_state_margin,400,320,0.8,317,0,0.990625,0.990625,320,1.0,185,0.578125,numerical phase witness upper<0; positive conservative lower certifies sound,VERIFIED
S1,leave_environment_F_antenna,dft,fixed_coverage_grid,center_margin,400,400,1.0,397,0,0.9925,0.9925,113,0.2825,93,0.2325,numerical phase witness upper<0; positive conservative lower certifies sound,VERIFIED
S1,leave_environment_F_antenna,dft,fixed_coverage_grid,maximum_response,400,400,1.0,397,0,0.9925,0.9925,113,0.2825,93,0.2325,numerical phase witness upper<0; positive conservative lower certifies sound,VERIFIED
S1,leave_environment_F_antenna,dft,fixed_coverage_grid,negative_entropy,400,400,1.0,397,0,0.9925,0.9925,113,0.2825,93,0.2325,numerical phase witness upper<0; positive conservative lower certifies sound,VERIFIED
S1,leave_environment_F_antenna,dft,fixed_coverage_grid,full_state_margin,400,400,1.0,397,0,0.9925,0.9925,400,1.0,203,0.5075,numerical phase witness upper<0; positive conservative lower certifies sound,VERIFIED
S1,leave_environment_F_antenna,polynomial,certificate_matched,exact_fiber,400,235,0.5875,0,0,0.0,0.0,235,1.0,156,0.6638297872340425,numerical phase witness upper<0; positive conservative lower certifies sound,VERIFIED
S1,leave_environment_F_antenna,polynomial,certificate_matched,center_margin,400,235,0.5875,28,0,0.11914893617021277,0.11914893617021277,228,0.9702127659574468,154,0.6553191489361702,numerical phase witness upper<0; positive conservative lower certifies sound,VERIFIED
S1,leave_environment_F_antenna,polynomial,certificate_matched,maximum_response,400,235,0.5875,57,0,0.2425531914893617,0.2425531914893617,219,0.9319148936170213,153,0.6510638297872341,numerical phase witness upper<0; positive conservative lower certifies sound,VERIFIED
S1,leave_environment_F_antenna,polynomial,certificate_matched,negative_entropy,400,235,0.5875,72,0,0.30638297872340425,0.30638297872340425,209,0.8893617021276595,153,0.6510638297872341,numerical phase witness upper<0; positive conservative lower certifies sound,VERIFIED
S1,leave_environment_F_antenna,polynomial,certificate_matched,full_state_margin,400,235,0.5875,45,0,0.19148936170212766,0.19148936170212766,235,1.0,151,0.6425531914893617,numerical phase witness upper<0; positive conservative lower certifies sound,VERIFIED
S1,leave_environment_F_antenna,polynomial,fixed_coverage_grid,center_margin,400,20,0.05,0,0,0.0,0.0,20,1.0,20,1.0,numerical phase witness upper<0; positive conservative lower certifies sound,VERIFIED
S1,leave_environment_F_antenna,polynomial,fixed_coverage_grid,maximum_response,400,20,0.05,0,0,0.0,0.0,20,1.0,18,0.9,numerical phase witness upper<0; positive conservative lower certifies sound,VERIFIED
S1,leave_environment_F_antenna,polynomial,fixed_coverage_grid,negative_entropy,400,20,0.05,1,0,0.05,0.05,19,0.95,17,0.85,numerical phase witness upper<0; positive conservative lower certifies sound,VERIFIED
S1,leave_environment_F_antenna,polynomial,fixed_coverage_grid,full_state_margin,400,20,0.05,0,0,0.0,0.0,20,1.0,20,1.0,numerical phase witness upper<0; positive conservative lower certifies sound,VERIFIED
S1,leave_environment_F_antenna,polynomial,fixed_coverage_grid,center_margin,400,40,0.1,0,0,0.0,0.0,40,1.0,38,0.95,numerical phase witness upper<0; positive conservative lower certifies sound,VERIFIED
S1,leave_environment_F_antenna,polynomial,fixed_coverage_grid,maximum_response,400,40,0.1,0,0,0.0,0.0,40,1.0,36,0.9,numerical phase witness upper<0; positive conservative lower certifies sound,VERIFIED
S1,leave_environment_F_antenna,polynomial,fixed_coverage_grid,negative_entropy,400,40,0.1,2,0,0.05,0.05,39,0.975,34,0.85,numerical phase witness upper<0; positive conservative lower certifies sound,VERIFIED
S1,leave_environment_F_antenna,polynomial,fixed_coverage_grid,full_state_margin,400,40,0.1,0,0,0.0,0.0,40,1.0,38,0.95,numerical phase witness upper<0; positive conservative lower certifies sound,VERIFIED
S1,leave_environment_F_antenna,polynomial,fixed_coverage_grid,center_margin,400,80,0.2,0,0,0.0,0.0,80,1.0,71,0.8875,numerical phase witness upper<0; positive conservative lower certifies sound,VERIFIED
S1,leave_environment_F_antenna,polynomial,fixed_coverage_grid,maximum_response,400,80,0.2,3,0,0.0375,0.0375,79,0.9875,68,0.85,numerical phase witness upper<0; positive conservative lower certifies sound,VERIFIED
S1,leave_environment_F_antenna,polynomial,fixed_coverage_grid,negative_entropy,400,80,0.2,14,0,0.175,0.175,74,0.925,63,0.7875,numerical phase witness upper<0; positive conservative lower certifies sound,VERIFIED
S1,leave_environment_F_antenna,polynomial,fixed_coverage_grid,full_state_margin,400,80,0.2,2,0,0.025,0.025,80,1.0,67,0.8375,numerical phase witness upper<0; positive conservative lower certifies sound,VERIFIED
S1,leave_environment_F_antenna,polynomial,fixed_coverage_grid,center_margin,400,160,0.4,4,0,0.025,0.025,160,1.0,118,0.7375,numerical phase witness upper<0; positive conservative lower certifies sound,VERIFIED
S1,leave_environment_F_antenna,polynomial,fixed_coverage_grid,maximum_response,400,160,0.4,25,0,0.15625,0.15625,150,0.9375,118,0.7375,numerical phase witness upper<0; positive conservative lower certifies sound,VERIFIED
S1,leave_environment_F_antenna,polynomial,fixed_coverage_grid,negative_entropy,400,160,0.4,38,0,0.2375,0.2375,145,0.90625,111,0.69375,numerical phase witness upper<0; positive conservative lower certifies sound,VERIFIED
S1,leave_environment_F_antenna,polynomial,fixed_coverage_grid,full_state_margin,400,160,0.4,15,0,0.09375,0.09375,160,1.0,109,0.68125,numerical phase witness upper<0; positive conservative lower certifies sound,VERIFIED
S1,leave_environment_F_antenna,polynomial,fixed_coverage_grid,center_margin,400,240,0.6,33,0,0.1375,0.1375,231,0.9625,155,0.6458333333333334,numerical phase witness upper<0; positive conservative lower certifies sound,VERIFIED
S1,leave_environment_F_antenna,polynomial,fixed_coverage_grid,maximum_response,400,240,0.6,57,0,0.2375,0.2375,224,0.9333333333333333,154,0.6416666666666667,numerical phase witness upper<0; positive conservative lower certifies sound,VERIFIED
S1,leave_environment_F_antenna,polynomial,fixed_coverage_grid,negative_entropy,400,240,0.6,74,0,0.30833333333333335,0.30833333333333335,214,0.8916666666666667,155,0.6458333333333334,numerical phase witness upper<0; positive conservative lower certifies sound,VERIFIED
S1,leave_environment_F_antenna,polynomial,fixed_coverage_grid,full_state_margin,400,240,0.6,48,0,0.2,0.2,240,1.0,155,0.6458333333333334,numerical phase witness upper<0; positive conservative lower certifies sound,VERIFIED
S1,leave_environment_F_antenna,polynomial,fixed_coverage_grid,center_margin,400,320,0.8,88,0,0.275,0.275,294,0.91875,185,0.578125,numerical phase witness upper<0; positive conservative lower certifies sound,VERIFIED
S1,leave_environment_F_antenna,polynomial,fixed_coverage_grid,maximum_response,400,320,0.8,102,0,0.31875,0.31875,289,0.903125,186,0.58125,numerical phase witness upper<0; positive conservative lower certifies sound,VERIFIED
S1,leave_environment_F_antenna,polynomial,fixed_coverage_grid,negative_entropy,400,320,0.8,117,0,0.365625,0.365625,279,0.871875,177,0.553125,numerical phase witness upper<0; positive conservative lower certifies sound,VERIFIED
S1,leave_environment_F_antenna,polynomial,fixed_coverage_grid,full_state_margin,400,320,0.8,96,0,0.3,0.3,320,1.0,185,0.578125,numerical phase witness upper<0; positive conservative lower certifies sound,VERIFIED
S1,leave_environment_F_antenna,polynomial,fixed_coverage_grid,center_margin,400,400,1.0,165,0,0.4125,0.4125,340,0.85,208,0.52,numerical phase witness upper<0; positive conservative lower certifies sound,VERIFIED
S1,leave_environment_F_antenna,polynomial,fixed_coverage_grid,maximum_response,400,400,1.0,165,0,0.4125,0.4125,340,0.85,208,0.52,numerical phase witness upper<0; positive conservative lower certifies sound,VERIFIED
S1,leave_environment_F_antenna,polynomial,fixed_coverage_grid,negative_entropy,400,400,1.0,165,0,0.4125,0.4125,340,0.85,208,0.52,numerical phase witness upper<0; positive conservative lower certifies sound,VERIFIED
S1,leave_environment_F_antenna,polynomial,fixed_coverage_grid,full_state_margin,400,400,1.0,165,0,0.4125,0.4125,400,1.0,203,0.5075,numerical phase witness upper<0; positive conservative lower certifies sound,VERIFIED
S1,leave_environment_F_antenna,random_orthogonal,certificate_matched,exact_fiber,400,1,0.0025,0,0,0.0,0.0,1,1.0,1,1.0,numerical phase witness upper<0; positive conservative lower certifies sound,VERIFIED
S1,leave_environment_F_antenna,random_orthogonal,certificate_matched,center_margin,400,1,0.0025,1,0,1.0,1.0,0,0.0,1,1.0,numerical phase witness upper<0; positive conservative lower certifies sound,VERIFIED
S1,leave_environment_F_antenna,random_orthogonal,certificate_matched,maximum_response,400,1,0.0025,1,0,1.0,1.0,1,1.0,0,0.0,numerical phase witness upper<0; positive conservative lower certifies sound,VERIFIED
S1,leave_environment_F_antenna,random_orthogonal,certificate_matched,negative_entropy,400,1,0.0025,1,0,1.0,1.0,0,0.0,1,1.0,numerical phase witness upper<0; positive conservative lower certifies sound,VERIFIED
S1,leave_environment_F_antenna,random_orthogonal,certificate_matched,full_state_margin,400,1,0.0025,1,0,1.0,1.0,1,1.0,1,1.0,numerical phase witness upper<0; positive conservative lower certifies sound,VERIFIED
S1,leave_environment_F_antenna,random_orthogonal,fixed_coverage_grid,center_margin,400,20,0.05,19,0,0.95,0.95,8,0.4,9,0.45,numerical phase witness upper<0; positive conservative lower certifies sound,VERIFIED
S1,leave_environment_F_antenna,random_orthogonal,fixed_coverage_grid,maximum_response,400,20,0.05,19,0,0.95,0.95,7,0.35,7,0.35,numerical phase witness upper<0; positive conservative lower certifies sound,VERIFIED
S1,leave_environment_F_antenna,random_orthogonal,fixed_coverage_grid,negative_entropy,400,20,0.05,19,0,0.95,0.95,7,0.35,7,0.35,numerical phase witness upper<0; positive conservative lower certifies sound,VERIFIED
S1,leave_environment_F_antenna,random_orthogonal,fixed_coverage_grid,full_state_margin,400,20,0.05,20,0,1.0,1.0,20,1.0,20,1.0,numerical phase witness upper<0; positive conservative lower certifies sound,VERIFIED
S1,leave_environment_F_antenna,random_orthogonal,fixed_coverage_grid,center_margin,400,40,0.1,39,0,0.975,0.975,13,0.325,17,0.425,numerical phase witness upper<0; positive conservative lower certifies sound,VERIFIED
S1,leave_environment_F_antenna,random_orthogonal,fixed_coverage_grid,maximum_response,400,40,0.1,39,0,0.975,0.975,12,0.3,13,0.325,numerical phase witness upper<0; positive conservative lower certifies sound,VERIFIED
S1,leave_environment_F_antenna,random_orthogonal,fixed_coverage_grid,negative_entropy,400,40,0.1,39,0,0.975,0.975,13,0.325,14,0.35,numerical phase witness upper<0; positive conservative lower certifies sound,VERIFIED
S1,leave_environment_F_antenna,random_orthogonal,fixed_coverage_grid,full_state_margin,400,40,0.1,40,0,1.0,1.0,40,1.0,38,0.95,numerical phase witness upper<0; positive conservative lower certifies sound,VERIFIED
S1,leave_environment_F_antenna,random_orthogonal,fixed_coverage_grid,center_margin,400,80,0.2,79,0,0.9875,0.9875,19,0.2375,21,0.2625,numerical phase witness upper<0; positive conservative lower certifies sound,VERIFIED
S1,leave_environment_F_antenna,random_orthogonal,fixed_coverage_grid,maximum_response,400,80,0.2,79,0,0.9875,0.9875,19,0.2375,20,0.25,numerical phase witness upper<0; positive conservative lower certifies sound,VERIFIED
S1,leave_environment_F_antenna,random_orthogonal,fixed_coverage_grid,negative_entropy,400,80,0.2,79,0,0.9875,0.9875,19,0.2375,21,0.2625,numerical phase witness upper<0; positive conservative lower certifies sound,VERIFIED
S1,leave_environment_F_antenna,random_orthogonal,fixed_coverage_grid,full_state_margin,400,80,0.2,79,0,0.9875,0.9875,80,1.0,67,0.8375,numerical phase witness upper<0; positive conservative lower certifies sound,VERIFIED
S1,leave_environment_F_antenna,random_orthogonal,fixed_coverage_grid,center_margin,400,160,0.4,159,0,0.99375,0.99375,27,0.16875,33,0.20625,numerical phase witness upper<0; positive conservative lower certifies sound,VERIFIED
S1,leave_environment_F_antenna,random_orthogonal,fixed_coverage_grid,maximum_response,400,160,0.4,159,0,0.99375,0.99375,30,0.1875,35,0.21875,numerical phase witness upper<0; positive conservative lower certifies sound,VERIFIED
S1,leave_environment_F_antenna,random_orthogonal,fixed_coverage_grid,negative_entropy,400,160,0.4,159,0,0.99375,0.99375,31,0.19375,37,0.23125,numerical phase witness upper<0; positive conservative lower certifies sound,VERIFIED
S1,leave_environment_F_antenna,random_orthogonal,fixed_coverage_grid,full_state_margin,400,160,0.4,159,0,0.99375,0.99375,160,1.0,109,0.68125,numerical phase witness upper<0; positive conservative lower certifies sound,VERIFIED
S1,leave_environment_F_antenna,random_orthogonal,fixed_coverage_grid,center_margin,400,240,0.6,239,0,0.9958333333333333,0.9958333333333333,34,0.14166666666666666,42,0.175,numerical phase witness upper<0; positive conservative lower certifies sound,VERIFIED
S1,leave_environment_F_antenna,random_orthogonal,fixed_coverage_grid,maximum_response,400,240,0.6,239,0,0.9958333333333333,0.9958333333333333,41,0.17083333333333334,45,0.1875,numerical phase witness upper<0; positive conservative lower certifies sound,VERIFIED
S1,leave_environment_F_antenna,random_orthogonal,fixed_coverage_grid,negative_entropy,400,240,0.6,239,0,0.9958333333333333,0.9958333333333333,39,0.1625,49,0.20416666666666666,numerical phase witness upper<0; positive conservative lower certifies sound,VERIFIED
S1,leave_environment_F_antenna,random_orthogonal,fixed_coverage_grid,full_state_margin,400,240,0.6,239,0,0.9958333333333333,0.9958333333333333,240,1.0,155,0.6458333333333334,numerical phase witness upper<0; positive conservative lower certifies sound,VERIFIED
S1,leave_environment_F_antenna,random_orthogonal,fixed_coverage_grid,center_margin,400,320,0.8,319,0,0.996875,0.996875,46,0.14375,53,0.165625,numerical phase witness upper<0; positive conservative lower certifies sound,VERIFIED
S1,leave_environment_F_antenna,random_orthogonal,fixed_coverage_grid,maximum_response,400,320,0.8,319,0,0.996875,0.996875,51,0.159375,59,0.184375,numerical phase witness upper<0; positive conservative lower certifies sound,VERIFIED
S1,leave_environment_F_antenna,random_orthogonal,fixed_coverage_grid,negative_entropy,400,320,0.8,319,0,0.996875,0.996875,50,0.15625,59,0.184375,numerical phase witness upper<0; positive conservative lower certifies sound,VERIFIED
S1,leave_environment_F_antenna,random_orthogonal,fixed_coverage_grid,full_state_margin,400,320,0.8,319,0,0.996875,0.996875,320,1.0,185,0.578125,numerical phase witness upper<0; positive conservative lower certifies sound,VERIFIED
S1,leave_environment_F_antenna,random_orthogonal,fixed_coverage_grid,center_margin,400,400,1.0,399,0,0.9975,0.9975,52,0.13,61,0.1525,numerical phase witness upper<0; positive conservative lower certifies sound,VERIFIED
S1,leave_environment_F_antenna,random_orthogonal,fixed_coverage_grid,maximum_response,400,400,1.0,399,0,0.9975,0.9975,52,0.13,61,0.1525,numerical phase witness upper<0; positive conservative lower certifies sound,VERIFIED
S1,leave_environment_F_antenna,random_orthogonal,fixed_coverage_grid,negative_entropy,400,400,1.0,399,0,0.9975,0.9975,52,0.13,61,0.1525,numerical phase witness upper<0; positive conservative lower certifies sound,VERIFIED
S1,leave_environment_F_antenna,random_orthogonal,fixed_coverage_grid,full_state_margin,400,400,1.0,399,0,0.9975,0.9975,400,1.0,203,0.5075,numerical phase witness upper<0; positive conservative lower certifies sound,VERIFIED
S1,leave_environment_F_antenna,permuted_polynomial,certificate_matched,exact_fiber,400,14,0.035,0,0,0.0,0.0,14,1.0,11,0.7857142857142857,numerical phase witness upper<0; positive conservative lower certifies sound,VERIFIED
S1,leave_environment_F_antenna,permuted_polynomial,certificate_matched,center_margin,400,14,0.035,13,0,0.9285714285714286,0.9285714285714286,1,0.07142857142857142,1,0.07142857142857142,numerical phase witness upper<0; positive conservative lower certifies sound,VERIFIED
S1,leave_environment_F_antenna,permuted_polynomial,certificate_matched,maximum_response,400,14,0.035,14,0,1.0,1.0,0,0.0,0,0.0,numerical phase witness upper<0; positive conservative lower certifies sound,VERIFIED
S1,leave_environment_F_antenna,permuted_polynomial,certificate_matched,negative_entropy,400,14,0.035,14,0,1.0,1.0,0,0.0,0,0.0,numerical phase witness upper<0; positive conservative lower certifies sound,VERIFIED
S1,leave_environment_F_antenna,permuted_polynomial,certificate_matched,full_state_margin,400,14,0.035,14,0,1.0,1.0,14,1.0,14,1.0,numerical phase witness upper<0; positive conservative lower certifies sound,VERIFIED
S1,leave_environment_F_antenna,permuted_polynomial,fixed_coverage_grid,center_margin,400,20,0.05,18,0,0.9,0.9,2,0.1,2,0.1,numerical phase witness upper<0; positive conservative lower certifies sound,VERIFIED
S1,leave_environment_F_antenna,permuted_polynomial,fixed_coverage_grid,maximum_response,400,20,0.05,20,0,1.0,1.0,1,0.05,0,0.0,numerical phase witness upper<0; positive conservative lower certifies sound,VERIFIED
S1,leave_environment_F_antenna,permuted_polynomial,fixed_coverage_grid,negative_entropy,400,20,0.05,20,0,1.0,1.0,1,0.05,0,0.0,numerical phase witness upper<0; positive conservative lower certifies sound,VERIFIED
S1,leave_environment_F_antenna,permuted_polynomial,fixed_coverage_grid,full_state_margin,400,20,0.05,20,0,1.0,1.0,20,1.0,20,1.0,numerical phase witness upper<0; positive conservative lower certifies sound,VERIFIED
S1,leave_environment_F_antenna,permuted_polynomial,fixed_coverage_grid,center_margin,400,40,0.1,36,0,0.9,0.9,6,0.15,7,0.175,numerical phase witness upper<0; positive conservative lower certifies sound,VERIFIED
S1,leave_environment_F_antenna,permuted_polynomial,fixed_coverage_grid,maximum_response,400,40,0.1,40,0,1.0,1.0,1,0.025,0,0.0,numerical phase witness upper<0; positive conservative lower certifies sound,VERIFIED
S1,leave_environment_F_antenna,permuted_polynomial,fixed_coverage_grid,negative_entropy,400,40,0.1,39,0,0.975,0.975,2,0.05,1,0.025,numerical phase witness upper<0; positive conservative lower certifies sound,VERIFIED
S1,leave_environment_F_antenna,permuted_polynomial,fixed_coverage_grid,full_state_margin,400,40,0.1,40,0,1.0,1.0,40,1.0,38,0.95,numerical phase witness upper<0; positive conservative lower certifies sound,VERIFIED
S1,leave_environment_F_antenna,permuted_polynomial,fixed_coverage_grid,center_margin,400,80,0.2,74,0,0.925,0.925,13,0.1625,14,0.175,numerical phase witness upper<0; positive conservative lower certifies sound,VERIFIED
S1,leave_environment_F_antenna,permuted_polynomial,fixed_coverage_grid,maximum_response,400,80,0.2,77,0,0.9625,0.9625,9,0.1125,7,0.0875,numerical phase witness upper<0; positive conservative lower certifies sound,VERIFIED
S1,leave_environment_F_antenna,permuted_polynomial,fixed_coverage_grid,negative_entropy,400,80,0.2,77,0,0.9625,0.9625,11,0.1375,9,0.1125,numerical phase witness upper<0; positive conservative lower certifies sound,VERIFIED
S1,leave_environment_F_antenna,permuted_polynomial,fixed_coverage_grid,full_state_margin,400,80,0.2,76,0,0.95,0.95,80,1.0,67,0.8375,numerical phase witness upper<0; positive conservative lower certifies sound,VERIFIED
S1,leave_environment_F_antenna,permuted_polynomial,fixed_coverage_grid,center_margin,400,160,0.4,146,0,0.9125,0.9125,29,0.18125,28,0.175,numerical phase witness upper<0; positive conservative lower certifies sound,VERIFIED
S1,leave_environment_F_antenna,permuted_polynomial,fixed_coverage_grid,maximum_response,400,160,0.4,152,0,0.95,0.95,23,0.14375,19,0.11875,numerical phase witness upper<0; positive conservative lower certifies sound,VERIFIED
S1,leave_environment_F_antenna,permuted_polynomial,fixed_coverage_grid,negative_entropy,400,160,0.4,152,0,0.95,0.95,23,0.14375,17,0.10625,numerical phase witness upper<0; positive conservative lower certifies sound,VERIFIED
S1,leave_environment_F_antenna,permuted_polynomial,fixed_coverage_grid,full_state_margin,400,160,0.4,152,0,0.95,0.95,160,1.0,109,0.68125,numerical phase witness upper<0; positive conservative lower certifies sound,VERIFIED
S1,leave_environment_F_antenna,permuted_polynomial,fixed_coverage_grid,center_margin,400,240,0.6,226,0,0.9416666666666667,0.9416666666666667,46,0.19166666666666668,44,0.18333333333333332,numerical phase witness upper<0; positive conservative lower certifies sound,VERIFIED
S1,leave_environment_F_antenna,permuted_polynomial,fixed_coverage_grid,maximum_response,400,240,0.6,230,0,0.9583333333333334,0.9583333333333334,37,0.15416666666666667,39,0.1625,numerical phase witness upper<0; positive conservative lower certifies sound,VERIFIED
S1,leave_environment_F_antenna,permuted_polynomial,fixed_coverage_grid,negative_entropy,400,240,0.6,230,0,0.9583333333333334,0.9583333333333334,35,0.14583333333333334,35,0.14583333333333334,numerical phase witness upper<0; positive conservative lower certifies sound,VERIFIED
S1,leave_environment_F_antenna,permuted_polynomial,fixed_coverage_grid,full_state_margin,400,240,0.6,231,0,0.9625,0.9625,240,1.0,155,0.6458333333333334,numerical phase witness upper<0; positive conservative lower certifies sound,VERIFIED
S1,leave_environment_F_antenna,permuted_polynomial,fixed_coverage_grid,center_margin,400,320,0.8,306,0,0.95625,0.95625,62,0.19375,63,0.196875,numerical phase witness upper<0; positive conservative lower certifies sound,VERIFIED
S1,leave_environment_F_antenna,permuted_polynomial,fixed_coverage_grid,maximum_response,400,320,0.8,306,0,0.95625,0.95625,63,0.196875,64,0.2,numerical phase witness upper<0; positive conservative lower certifies sound,VERIFIED
S1,leave_environment_F_antenna,permuted_polynomial,fixed_coverage_grid,negative_entropy,400,320,0.8,306,0,0.95625,0.95625,60,0.1875,61,0.190625,numerical phase witness upper<0; positive conservative lower certifies sound,VERIFIED
S1,leave_environment_F_antenna,permuted_polynomial,fixed_coverage_grid,full_state_margin,400,320,0.8,308,0,0.9625,0.9625,320,1.0,185,0.578125,numerical phase witness upper<0; positive conservative lower certifies sound,VERIFIED
S1,leave_environment_F_antenna,permuted_polynomial,fixed_coverage_grid,center_margin,400,400,1.0,386,0,0.965,0.965,89,0.2225,81,0.2025,numerical phase witness upper<0; positive conservative lower certifies sound,VERIFIED
S1,leave_environment_F_antenna,permuted_polynomial,fixed_coverage_grid,maximum_response,400,400,1.0,386,0,0.965,0.965,89,0.2225,81,0.2025,numerical phase witness upper<0; positive conservative lower certifies sound,VERIFIED
S1,leave_environment_F_antenna,permuted_polynomial,fixed_coverage_grid,negative_entropy,400,400,1.0,386,0,0.965,0.965,89,0.2225,81,0.2025,numerical phase witness upper<0; positive conservative lower certifies sound,VERIFIED
S1,leave_environment_F_antenna,permuted_polynomial,fixed_coverage_grid,full_state_margin,400,400,1.0,386,0,0.965,0.965,400,1.0,203,0.5075,numerical phase witness upper<0; positive conservative lower certifies sound,VERIFIED
S1,leave_environment_F_walk,coordinate,certificate_matched,exact_fiber,400,0,0.0,0,0,,,0,,0,,numerical phase witness upper<0; positive conservative lower certifies sound,VERIFIED
S1,leave_environment_F_walk,coordinate,certificate_matched,center_margin,400,0,0.0,0,0,,,0,,0,,numerical phase witness upper<0; positive conservative lower certifies sound,VERIFIED
S1,leave_environment_F_walk,coordinate,certificate_matched,maximum_response,400,0,0.0,0,0,,,0,,0,,numerical phase witness upper<0; positive conservative lower certifies sound,VERIFIED
S1,leave_environment_F_walk,coordinate,certificate_matched,negative_entropy,400,0,0.0,0,0,,,0,,0,,numerical phase witness upper<0; positive conservative lower certifies sound,VERIFIED
S1,leave_environment_F_walk,coordinate,certificate_matched,full_state_margin,400,0,0.0,0,0,,,0,,0,,numerical phase witness upper<0; positive conservative lower certifies sound,VERIFIED
S1,leave_environment_F_walk,coordinate,fixed_coverage_grid,center_margin,400,20,0.05,20,0,1.0,1.0,3,0.15,3,0.15,numerical phase witness upper<0; positive conservative lower certifies sound,VERIFIED
S1,leave_environment_F_walk,coordinate,fixed_coverage_grid,maximum_response,400,20,0.05,20,0,1.0,1.0,7,0.35,2,0.1,numerical phase witness upper<0; positive conservative lower certifies sound,VERIFIED
S1,leave_environment_F_walk,coordinate,fixed_coverage_grid,negative_entropy,400,20,0.05,20,0,1.0,1.0,3,0.15,3,0.15,numerical phase witness upper<0; positive conservative lower certifies sound,VERIFIED
S1,leave_environment_F_walk,coordinate,fixed_coverage_grid,full_state_margin,400,20,0.05,20,0,1.0,1.0,20,1.0,20,1.0,numerical phase witness upper<0; positive conservative lower certifies sound,VERIFIED
S1,leave_environment_F_walk,coordinate,fixed_coverage_grid,center_margin,400,40,0.1,40,0,1.0,1.0,7,0.175,5,0.125,numerical phase witness upper<0; positive conservative lower certifies sound,VERIFIED
S1,leave_environment_F_walk,coordinate,fixed_coverage_grid,maximum_response,400,40,0.1,40,0,1.0,1.0,10,0.25,4,0.1,numerical phase witness upper<0; positive conservative lower certifies sound,VERIFIED
S1,leave_environment_F_walk,coordinate,fixed_coverage_grid,negative_entropy,400,40,0.1,40,0,1.0,1.0,7,0.175,5,0.125,numerical phase witness upper<0; positive conservative lower certifies sound,VERIFIED
S1,leave_environment_F_walk,coordinate,fixed_coverage_grid,full_state_margin,400,40,0.1,40,0,1.0,1.0,40,1.0,39,0.975,numerical phase witness upper<0; positive conservative lower certifies sound,VERIFIED
S1,leave_environment_F_walk,coordinate,fixed_coverage_grid,center_margin,400,80,0.2,80,0,1.0,1.0,19,0.2375,14,0.175,numerical phase witness upper<0; positive conservative lower certifies sound,VERIFIED
S1,leave_environment_F_walk,coordinate,fixed_coverage_grid,maximum_response,400,80,0.2,80,0,1.0,1.0,18,0.225,9,0.1125,numerical phase witness upper<0; positive conservative lower certifies sound,VERIFIED
S1,leave_environment_F_walk,coordinate,fixed_coverage_grid,negative_entropy,400,80,0.2,80,0,1.0,1.0,19,0.2375,13,0.1625,numerical phase witness upper<0; positive conservative lower certifies sound,VERIFIED
S1,leave_environment_F_walk,coordinate,fixed_coverage_grid,full_state_margin,400,80,0.2,80,0,1.0,1.0,80,1.0,74,0.925,numerical phase witness upper<0; positive conservative lower certifies sound,VERIFIED
S1,leave_environment_F_walk,coordinate,fixed_coverage_grid,center_margin,400,160,0.4,160,0,1.0,1.0,33,0.20625,24,0.15,numerical phase witness upper<0; positive conservative lower certifies sound,VERIFIED
S1,leave_environment_F_walk,coordinate,fixed_coverage_grid,maximum_response,400,160,0.4,160,0,1.0,1.0,27,0.16875,18,0.1125,numerical phase witness upper<0; positive conservative lower certifies sound,VERIFIED
S1,leave_environment_F_walk,coordinate,fixed_coverage_grid,negative_entropy,400,160,0.4,160,0,1.0,1.0,34,0.2125,25,0.15625,numerical phase witness upper<0; positive conservative lower certifies sound,VERIFIED
S1,leave_environment_F_walk,coordinate,fixed_coverage_grid,full_state_margin,400,160,0.4,160,0,1.0,1.0,160,1.0,148,0.925,numerical phase witness upper<0; positive conservative lower certifies sound,VERIFIED
S1,leave_environment_F_walk,coordinate,fixed_coverage_grid,center_margin,400,240,0.6,240,0,1.0,1.0,48,0.2,37,0.15416666666666667,numerical phase witness upper<0; positive conservative lower certifies sound,VERIFIED
S1,leave_environment_F_walk,coordinate,fixed_coverage_grid,maximum_response,400,240,0.6,240,0,1.0,1.0,46,0.19166666666666668,39,0.1625,numerical phase witness upper<0; positive conservative lower certifies sound,VERIFIED
S1,leave_environment_F_walk,coordinate,fixed_coverage_grid,negative_entropy,400,240,0.6,240,0,1.0,1.0,48,0.2,37,0.15416666666666667,numerical phase witness upper<0; positive conservative lower certifies sound,VERIFIED
S1,leave_environment_F_walk,coordinate,fixed_coverage_grid,full_state_margin,400,240,0.6,240,0,1.0,1.0,240,1.0,207,0.8625,numerical phase witness upper<0; positive conservative lower certifies sound,VERIFIED
S1,leave_environment_F_walk,coordinate,fixed_coverage_grid,center_margin,400,320,0.8,320,0,1.0,1.0,56,0.175,47,0.146875,numerical phase witness upper<0; positive conservative lower certifies sound,VERIFIED
S1,leave_environment_F_walk,coordinate,fixed_coverage_grid,maximum_response,400,320,0.8,320,0,1.0,1.0,58,0.18125,51,0.159375,numerical phase witness upper<0; positive conservative lower certifies sound,VERIFIED
S1,leave_environment_F_walk,coordinate,fixed_coverage_grid,negative_entropy,400,320,0.8,320,0,1.0,1.0,56,0.175,47,0.146875,numerical phase witness upper<0; positive conservative lower certifies sound,VERIFIED
S1,leave_environment_F_walk,coordinate,fixed_coverage_grid,full_state_margin,400,320,0.8,320,0,1.0,1.0,320,1.0,247,0.771875,numerical phase witness upper<0; positive conservative lower certifies sound,VERIFIED
S1,leave_environment_F_walk,coordinate,fixed_coverage_grid,center_margin,400,400,1.0,400,0,1.0,1.0,63,0.1575,55,0.1375,numerical phase witness upper<0; positive conservative lower certifies sound,VERIFIED
S1,leave_environment_F_walk,coordinate,fixed_coverage_grid,maximum_response,400,400,1.0,400,0,1.0,1.0,63,0.1575,55,0.1375,numerical phase witness upper<0; positive conservative lower certifies sound,VERIFIED
S1,leave_environment_F_walk,coordinate,fixed_coverage_grid,negative_entropy,400,400,1.0,400,0,1.0,1.0,63,0.1575,55,0.1375,numerical phase witness upper<0; positive conservative lower certifies sound,VERIFIED
S1,leave_environment_F_walk,coordinate,fixed_coverage_grid,full_state_margin,400,400,1.0,400,0,1.0,1.0,400,1.0,280,0.7,numerical phase witness upper<0; positive conservative lower certifies sound,VERIFIED
S1,leave_environment_F_walk,dct,certificate_matched,exact_fiber,400,3,0.0075,0,0,0.0,0.0,3,1.0,2,0.6666666666666666,numerical phase witness upper<0; positive conservative lower certifies sound,VERIFIED
S1,leave_environment_F_walk,dct,certificate_matched,center_margin,400,3,0.0075,3,0,1.0,1.0,1,0.3333333333333333,0,0.0,numerical phase witness upper<0; positive conservative lower certifies sound,VERIFIED
S1,leave_environment_F_walk,dct,certificate_matched,maximum_response,400,3,0.0075,3,0,1.0,1.0,1,0.3333333333333333,0,0.0,numerical phase witness upper<0; positive conservative lower certifies sound,VERIFIED
S1,leave_environment_F_walk,dct,certificate_matched,negative_entropy,400,3,0.0075,3,0,1.0,1.0,1,0.3333333333333333,0,0.0,numerical phase witness upper<0; positive conservative lower certifies sound,VERIFIED
S1,leave_environment_F_walk,dct,certificate_matched,full_state_margin,400,3,0.0075,2,0,0.6666666666666666,0.6666666666666666,3,1.0,3,1.0,numerical phase witness upper<0; positive conservative lower certifies sound,VERIFIED
S1,leave_environment_F_walk,dct,fixed_coverage_grid,center_margin,400,20,0.05,18,0,0.9,0.9,10,0.5,12,0.6,numerical phase witness upper<0; positive conservative lower certifies sound,VERIFIED
S1,leave_environment_F_walk,dct,fixed_coverage_grid,maximum_response,400,20,0.05,19,0,0.95,0.95,4,0.2,7,0.35,numerical phase witness upper<0; positive conservative lower certifies sound,VERIFIED
S1,leave_environment_F_walk,dct,fixed_coverage_grid,negative_entropy,400,20,0.05,19,0,0.95,0.95,6,0.3,9,0.45,numerical phase witness upper<0; positive conservative lower certifies sound,VERIFIED
S1,leave_environment_F_walk,dct,fixed_coverage_grid,full_state_margin,400,20,0.05,19,0,0.95,0.95,20,1.0,20,1.0,numerical phase witness upper<0; positive conservative lower certifies sound,VERIFIED
S1,leave_environment_F_walk,dct,fixed_coverage_grid,center_margin,400,40,0.1,38,0,0.95,0.95,15,0.375,18,0.45,numerical phase witness upper<0; positive conservative lower certifies sound,VERIFIED
S1,leave_environment_F_walk,dct,fixed_coverage_grid,maximum_response,400,40,0.1,38,0,0.95,0.95,7,0.175,14,0.35,numerical phase witness upper<0; positive conservative lower certifies sound,VERIFIED
S1,leave_environment_F_walk,dct,fixed_coverage_grid,negative_entropy,400,40,0.1,39,0,0.975,0.975,7,0.175,15,0.375,numerical phase witness upper<0; positive conservative lower certifies sound,VERIFIED
S1,leave_environment_F_walk,dct,fixed_coverage_grid,full_state_margin,400,40,0.1,39,0,0.975,0.975,40,1.0,39,0.975,numerical phase witness upper<0; positive conservative lower certifies sound,VERIFIED
S1,leave_environment_F_walk,dct,fixed_coverage_grid,center_margin,400,80,0.2,78,0,0.975,0.975,28,0.35,31,0.3875,numerical phase witness upper<0; positive conservative lower certifies sound,VERIFIED
S1,leave_environment_F_walk,dct,fixed_coverage_grid,maximum_response,400,80,0.2,78,0,0.975,0.975,13,0.1625,25,0.3125,numerical phase witness upper<0; positive conservative lower certifies sound,VERIFIED
S1,leave_environment_F_walk,dct,fixed_coverage_grid,negative_entropy,400,80,0.2,78,0,0.975,0.975,11,0.1375,23,0.2875,numerical phase witness upper<0; positive conservative lower certifies sound,VERIFIED
S1,leave_environment_F_walk,dct,fixed_coverage_grid,full_state_margin,400,80,0.2,79,0,0.9875,0.9875,80,1.0,74,0.925,numerical phase witness upper<0; positive conservative lower certifies sound,VERIFIED
S1,leave_environment_F_walk,dct,fixed_coverage_grid,center_margin,400,160,0.4,158,0,0.9875,0.9875,46,0.2875,42,0.2625,numerical phase witness upper<0; positive conservative lower certifies sound,VERIFIED
S1,leave_environment_F_walk,dct,fixed_coverage_grid,maximum_response,400,160,0.4,158,0,0.9875,0.9875,32,0.2,45,0.28125,numerical phase witness upper<0; positive conservative lower certifies sound,VERIFIED
S1,leave_environment_F_walk,dct,fixed_coverage_grid,negative_entropy,400,160,0.4,158,0,0.9875,0.9875,30,0.1875,44,0.275,numerical phase witness upper<0; positive conservative lower certifies sound,VERIFIED
S1,leave_environment_F_walk,dct,fixed_coverage_grid,full_state_margin,400,160,0.4,159,0,0.99375,0.99375,160,1.0,148,0.925,numerical phase witness upper<0; positive conservative lower certifies sound,VERIFIED
S1,leave_environment_F_walk,dct,fixed_coverage_grid,center_margin,400,240,0.6,237,0,0.9875,0.9875,66,0.275,61,0.25416666666666665,numerical phase witness upper<0; positive conservative lower certifies sound,VERIFIED
S1,leave_environment_F_walk,dct,fixed_coverage_grid,maximum_response,400,240,0.6,237,0,0.9875,0.9875,59,0.24583333333333332,57,0.2375,numerical phase witness upper<0; positive conservative lower certifies sound,VERIFIED
S1,leave_environment_F_walk,dct,fixed_coverage_grid,negative_entropy,400,240,0.6,237,0,0.9875,0.9875,64,0.26666666666666666,66,0.275,numerical phase witness upper<0; positive conservative lower certifies sound,VERIFIED
S1,leave_environment_F_walk,dct,fixed_coverage_grid,full_state_margin,400,240,0.6,238,0,0.9916666666666667,0.9916666666666667,240,1.0,207,0.8625,numerical phase witness upper<0; positive conservative lower certifies sound,VERIFIED
S1,leave_environment_F_walk,dct,fixed_coverage_grid,center_margin,400,320,0.8,317,0,0.990625,0.990625,90,0.28125,82,0.25625,numerical phase witness upper<0; positive conservative lower certifies sound,VERIFIED
S1,leave_environment_F_walk,dct,fixed_coverage_grid,maximum_response,400,320,0.8,317,0,0.990625,0.990625,97,0.303125,91,0.284375,numerical phase witness upper<0; positive conservative lower certifies sound,VERIFIED
S1,leave_environment_F_walk,dct,fixed_coverage_grid,negative_entropy,400,320,0.8,317,0,0.990625,0.990625,92,0.2875,86,0.26875,numerical phase witness upper<0; positive conservative lower certifies sound,VERIFIED
S1,leave_environment_F_walk,dct,fixed_coverage_grid,full_state_margin,400,320,0.8,317,0,0.990625,0.990625,320,1.0,247,0.771875,numerical phase witness upper<0; positive conservative lower certifies sound,VERIFIED
S1,leave_environment_F_walk,dct,fixed_coverage_grid,center_margin,400,400,1.0,397,0,0.9925,0.9925,124,0.31,111,0.2775,numerical phase witness upper<0; positive conservative lower certifies sound,VERIFIED
S1,leave_environment_F_walk,dct,fixed_coverage_grid,maximum_response,400,400,1.0,397,0,0.9925,0.9925,124,0.31,111,0.2775,numerical phase witness upper<0; positive conservative lower certifies sound,VERIFIED
S1,leave_environment_F_walk,dct,fixed_coverage_grid,negative_entropy,400,400,1.0,397,0,0.9925,0.9925,124,0.31,111,0.2775,numerical phase witness upper<0; positive conservative lower certifies sound,VERIFIED
S1,leave_environment_F_walk,dct,fixed_coverage_grid,full_state_margin,400,400,1.0,397,0,0.9925,0.9925,400,1.0,280,0.7,numerical phase witness upper<0; positive conservative lower certifies sound,VERIFIED
S1,leave_environment_F_walk,dft,certificate_matched,exact_fiber,400,1,0.0025,0,0,0.0,0.0,1,1.0,1,1.0,numerical phase witness upper<0; positive conservative lower certifies sound,VERIFIED
S1,leave_environment_F_walk,dft,certificate_matched,center_margin,400,1,0.0025,1,0,1.0,1.0,0,0.0,0,0.0,numerical phase witness upper<0; positive conservative lower certifies sound,VERIFIED
S1,leave_environment_F_walk,dft,certificate_matched,maximum_response,400,1,0.0025,1,0,1.0,1.0,0,0.0,0,0.0,numerical phase witness upper<0; positive conservative lower certifies sound,VERIFIED
S1,leave_environment_F_walk,dft,certificate_matched,negative_entropy,400,1,0.0025,1,0,1.0,1.0,0,0.0,0,0.0,numerical phase witness upper<0; positive conservative lower certifies sound,VERIFIED
S1,leave_environment_F_walk,dft,certificate_matched,full_state_margin,400,1,0.0025,1,0,1.0,1.0,1,1.0,1,1.0,numerical phase witness upper<0; positive conservative lower certifies sound,VERIFIED
S1,leave_environment_F_walk,dft,fixed_coverage_grid,center_margin,400,20,0.05,20,0,1.0,1.0,7,0.35,7,0.35,numerical phase witness upper<0; positive conservative lower certifies sound,VERIFIED
S1,leave_environment_F_walk,dft,fixed_coverage_grid,maximum_response,400,20,0.05,20,0,1.0,1.0,0,0.0,0,0.0,numerical phase witness upper<0; positive conservative lower certifies sound,VERIFIED
S1,leave_environment_F_walk,dft,fixed_coverage_grid,negative_entropy,400,20,0.05,20,0,1.0,1.0,3,0.15,3,0.15,numerical phase witness upper<0; positive conservative lower certifies sound,VERIFIED
S1,leave_environment_F_walk,dft,fixed_coverage_grid,full_state_margin,400,20,0.05,20,0,1.0,1.0,20,1.0,20,1.0,numerical phase witness upper<0; positive conservative lower certifies sound,VERIFIED
S1,leave_environment_F_walk,dft,fixed_coverage_grid,center_margin,400,40,0.1,40,0,1.0,1.0,18,0.45,18,0.45,numerical phase witness upper<0; positive conservative lower certifies sound,VERIFIED
S1,leave_environment_F_walk,dft,fixed_coverage_grid,maximum_response,400,40,0.1,40,0,1.0,1.0,3,0.075,3,0.075,numerical phase witness upper<0; positive conservative lower certifies sound,VERIFIED
S1,leave_environment_F_walk,dft,fixed_coverage_grid,negative_entropy,400,40,0.1,40,0,1.0,1.0,5,0.125,5,0.125,numerical phase witness upper<0; positive conservative lower certifies sound,VERIFIED
S1,leave_environment_F_walk,dft,fixed_coverage_grid,full_state_margin,400,40,0.1,39,0,0.975,0.975,40,1.0,39,0.975,numerical phase witness upper<0; positive conservative lower certifies sound,VERIFIED
S1,leave_environment_F_walk,dft,fixed_coverage_grid,center_margin,400,80,0.2,79,0,0.9875,0.9875,32,0.4,29,0.3625,numerical phase witness upper<0; positive conservative lower certifies sound,VERIFIED
S1,leave_environment_F_walk,dft,fixed_coverage_grid,maximum_response,400,80,0.2,80,0,1.0,1.0,10,0.125,8,0.1,numerical phase witness upper<0; positive conservative lower certifies sound,VERIFIED
S1,leave_environment_F_walk,dft,fixed_coverage_grid,negative_entropy,400,80,0.2,80,0,1.0,1.0,14,0.175,12,0.15,numerical phase witness upper<0; positive conservative lower certifies sound,VERIFIED
S1,leave_environment_F_walk,dft,fixed_coverage_grid,full_state_margin,400,80,0.2,79,0,0.9875,0.9875,80,1.0,74,0.925,numerical phase witness upper<0; positive conservative lower certifies sound,VERIFIED
S1,leave_environment_F_walk,dft,fixed_coverage_grid,center_margin,400,160,0.4,159,0,0.99375,0.99375,59,0.36875,51,0.31875,numerical phase witness upper<0; positive conservative lower certifies sound,VERIFIED
S1,leave_environment_F_walk,dft,fixed_coverage_grid,maximum_response,400,160,0.4,160,0,1.0,1.0,39,0.24375,28,0.175,numerical phase witness upper<0; positive conservative lower certifies sound,VERIFIED
S1,leave_environment_F_walk,dft,fixed_coverage_grid,negative_entropy,400,160,0.4,160,0,1.0,1.0,39,0.24375,29,0.18125,numerical phase witness upper<0; positive conservative lower certifies sound,VERIFIED
S1,leave_environment_F_walk,dft,fixed_coverage_grid,full_state_margin,400,160,0.4,159,0,0.99375,0.99375,160,1.0,148,0.925,numerical phase witness upper<0; positive conservative lower certifies sound,VERIFIED
S1,leave_environment_F_walk,dft,fixed_coverage_grid,center_margin,400,240,0.6,239,0,0.9958333333333333,0.9958333333333333,76,0.31666666666666665,65,0.2708333333333333,numerical phase witness upper<0; positive conservative lower certifies sound,VERIFIED
S1,leave_environment_F_walk,dft,fixed_coverage_grid,maximum_response,400,240,0.6,239,0,0.9958333333333333,0.9958333333333333,67,0.2791666666666667,51,0.2125,numerical phase witness upper<0; positive conservative lower certifies sound,VERIFIED
S1,leave_environment_F_walk,dft,fixed_coverage_grid,negative_entropy,400,240,0.6,239,0,0.9958333333333333,0.9958333333333333,62,0.25833333333333336,49,0.20416666666666666,numerical phase witness upper<0; positive conservative lower certifies sound,VERIFIED
S1,leave_environment_F_walk,dft,fixed_coverage_grid,full_state_margin,400,240,0.6,239,0,0.9958333333333333,0.9958333333333333,240,1.0,207,0.8625,numerical phase witness upper<0; positive conservative lower certifies sound,VERIFIED
S1,leave_environment_F_walk,dft,fixed_coverage_grid,center_margin,400,320,0.8,319,0,0.996875,0.996875,84,0.2625,71,0.221875,numerical phase witness upper<0; positive conservative lower certifies sound,VERIFIED
S1,leave_environment_F_walk,dft,fixed_coverage_grid,maximum_response,400,320,0.8,319,0,0.996875,0.996875,78,0.24375,64,0.2,numerical phase witness upper<0; positive conservative lower certifies sound,VERIFIED
S1,leave_environment_F_walk,dft,fixed_coverage_grid,negative_entropy,400,320,0.8,319,0,0.996875,0.996875,78,0.24375,64,0.2,numerical phase witness upper<0; positive conservative lower certifies sound,VERIFIED
S1,leave_environment_F_walk,dft,fixed_coverage_grid,full_state_margin,400,320,0.8,319,0,0.996875,0.996875,320,1.0,247,0.771875,numerical phase witness upper<0; positive conservative lower certifies sound,VERIFIED
S1,leave_environment_F_walk,dft,fixed_coverage_grid,center_margin,400,400,1.0,399,0,0.9975,0.9975,92,0.23,83,0.2075,numerical phase witness upper<0; positive conservative lower certifies sound,VERIFIED
S1,leave_environment_F_walk,dft,fixed_coverage_grid,maximum_response,400,400,1.0,399,0,0.9975,0.9975,92,0.23,83,0.2075,numerical phase witness upper<0; positive conservative lower certifies sound,VERIFIED
S1,leave_environment_F_walk,dft,fixed_coverage_grid,negative_entropy,400,400,1.0,399,0,0.9975,0.9975,92,0.23,83,0.2075,numerical phase witness upper<0; positive conservative lower certifies sound,VERIFIED
S1,leave_environment_F_walk,dft,fixed_coverage_grid,full_state_margin,400,400,1.0,399,0,0.9975,0.9975,400,1.0,280,0.7,numerical phase witness upper<0; positive conservative lower certifies sound,VERIFIED
S1,leave_environment_F_walk,polynomial,certificate_matched,exact_fiber,400,311,0.7775,0,0,0.0,0.0,311,1.0,250,0.8038585209003215,numerical phase witness upper<0; positive conservative lower certifies sound,VERIFIED
S1,leave_environment_F_walk,polynomial,certificate_matched,center_margin,400,311,0.7775,17,0,0.05466237942122187,0.05466237942122187,310,0.9967845659163987,249,0.8006430868167203,numerical phase witness upper<0; positive conservative lower certifies sound,VERIFIED
S1,leave_environment_F_walk,polynomial,certificate_matched,maximum_response,400,311,0.7775,34,0,0.10932475884244373,0.10932475884244373,302,0.9710610932475884,256,0.8231511254019293,numerical phase witness upper<0; positive conservative lower certifies sound,VERIFIED
S1,leave_environment_F_walk,polynomial,certificate_matched,negative_entropy,400,311,0.7775,48,0,0.15434083601286175,0.15434083601286175,296,0.9517684887459807,248,0.797427652733119,numerical phase witness upper<0; positive conservative lower certifies sound,VERIFIED
S1,leave_environment_F_walk,polynomial,certificate_matched,full_state_margin,400,311,0.7775,33,0,0.10610932475884244,0.10610932475884244,311,1.0,241,0.77491961414791,numerical phase witness upper<0; positive conservative lower certifies sound,VERIFIED
S1,leave_environment_F_walk,polynomial,fixed_coverage_grid,center_margin,400,20,0.05,0,0,0.0,0.0,20,1.0,20,1.0,numerical phase witness upper<0; positive conservative lower certifies sound,VERIFIED
S1,leave_environment_F_walk,polynomial,fixed_coverage_grid,maximum_response,400,20,0.05,1,0,0.05,0.05,20,1.0,19,0.95,numerical phase witness upper<0; positive conservative lower certifies sound,VERIFIED
S1,leave_environment_F_walk,polynomial,fixed_coverage_grid,negative_entropy,400,20,0.05,1,0,0.05,0.05,20,1.0,19,0.95,numerical phase witness upper<0; positive conservative lower certifies sound,VERIFIED
S1,leave_environment_F_walk,polynomial,fixed_coverage_grid,full_state_margin,400,20,0.05,0,0,0.0,0.0,20,1.0,20,1.0,numerical phase witness upper<0; positive conservative lower certifies sound,VERIFIED
S1,leave_environment_F_walk,polynomial,fixed_coverage_grid,center_margin,400,40,0.1,0,0,0.0,0.0,40,1.0,40,1.0,numerical phase witness upper<0; positive conservative lower certifies sound,VERIFIED
S1,leave_environment_F_walk,polynomial,fixed_coverage_grid,maximum_response,400,40,0.1,1,0,0.025,0.025,40,1.0,39,0.975,numerical phase witness upper<0; positive conservative lower certifies sound,VERIFIED
S1,leave_environment_F_walk,polynomial,fixed_coverage_grid,negative_entropy,400,40,0.1,1,0,0.025,0.025,40,1.0,38,0.95,numerical phase witness upper<0; positive conservative lower certifies sound,VERIFIED
S1,leave_environment_F_walk,polynomial,fixed_coverage_grid,full_state_margin,400,40,0.1,0,0,0.0,0.0,40,1.0,39,0.975,numerical phase witness upper<0; positive conservative lower certifies sound,VERIFIED
S1,leave_environment_F_walk,polynomial,fixed_coverage_grid,center_margin,400,80,0.2,0,0,0.0,0.0,80,1.0,77,0.9625,numerical phase witness upper<0; positive conservative lower certifies sound,VERIFIED
S1,leave_environment_F_walk,polynomial,fixed_coverage_grid,maximum_response,400,80,0.2,1,0,0.0125,0.0125,80,1.0,75,0.9375,numerical phase witness upper<0; positive conservative lower certifies sound,VERIFIED
S1,leave_environment_F_walk,polynomial,fixed_coverage_grid,negative_entropy,400,80,0.2,2,0,0.025,0.025,80,1.0,73,0.9125,numerical phase witness upper<0; positive conservative lower certifies sound,VERIFIED
S1,leave_environment_F_walk,polynomial,fixed_coverage_grid,full_state_margin,400,80,0.2,1,0,0.0125,0.0125,80,1.0,74,0.925,numerical phase witness upper<0; positive conservative lower certifies sound,VERIFIED
S1,leave_environment_F_walk,polynomial,fixed_coverage_grid,center_margin,400,160,0.4,0,0,0.0,0.0,160,1.0,149,0.93125,numerical phase witness upper<0; positive conservative lower certifies sound,VERIFIED
S1,leave_environment_F_walk,polynomial,fixed_coverage_grid,maximum_response,400,160,0.4,3,0,0.01875,0.01875,160,1.0,149,0.93125,numerical phase witness upper<0; positive conservative lower certifies sound,VERIFIED
S1,leave_environment_F_walk,polynomial,fixed_coverage_grid,negative_entropy,400,160,0.4,10,0,0.0625,0.0625,158,0.9875,144,0.9,numerical phase witness upper<0; positive conservative lower certifies sound,VERIFIED
S1,leave_environment_F_walk,polynomial,fixed_coverage_grid,full_state_margin,400,160,0.4,3,0,0.01875,0.01875,160,1.0,148,0.925,numerical phase witness upper<0; positive conservative lower certifies sound,VERIFIED
S1,leave_environment_F_walk,polynomial,fixed_coverage_grid,center_margin,400,240,0.6,5,0,0.020833333333333332,0.020833333333333332,240,1.0,212,0.8833333333333333,numerical phase witness upper<0; positive conservative lower certifies sound,VERIFIED
S1,leave_environment_F_walk,polynomial,fixed_coverage_grid,maximum_response,400,240,0.6,13,0,0.05416666666666667,0.05416666666666667,237,0.9875,209,0.8708333333333333,numerical phase witness upper<0; positive conservative lower certifies sound,VERIFIED
S1,leave_environment_F_walk,polynomial,fixed_coverage_grid,negative_entropy,400,240,0.6,23,0,0.09583333333333334,0.09583333333333334,233,0.9708333333333333,205,0.8541666666666666,numerical phase witness upper<0; positive conservative lower certifies sound,VERIFIED
S1,leave_environment_F_walk,polynomial,fixed_coverage_grid,full_state_margin,400,240,0.6,9,0,0.0375,0.0375,240,1.0,207,0.8625,numerical phase witness upper<0; positive conservative lower certifies sound,VERIFIED
S1,leave_environment_F_walk,polynomial,fixed_coverage_grid,center_margin,400,320,0.8,21,0,0.065625,0.065625,318,0.99375,256,0.8,numerical phase witness upper<0; positive conservative lower certifies sound,VERIFIED
S1,leave_environment_F_walk,polynomial,fixed_coverage_grid,maximum_response,400,320,0.8,37,0,0.115625,0.115625,310,0.96875,259,0.809375,numerical phase witness upper<0; positive conservative lower certifies sound,VERIFIED
S1,leave_environment_F_walk,polynomial,fixed_coverage_grid,negative_entropy,400,320,0.8,49,0,0.153125,0.153125,304,0.95,252,0.7875,numerical phase witness upper<0; positive conservative lower certifies sound,VERIFIED
S1,leave_environment_F_walk,polynomial,fixed_coverage_grid,full_state_margin,400,320,0.8,37,0,0.115625,0.115625,320,1.0,247,0.771875,numerical phase witness upper<0; positive conservative lower certifies sound,VERIFIED
S1,leave_environment_F_walk,polynomial,fixed_coverage_grid,center_margin,400,400,1.0,89,0,0.2225,0.2225,368,0.92,290,0.725,numerical phase witness upper<0; positive conservative lower certifies sound,VERIFIED
S1,leave_environment_F_walk,polynomial,fixed_coverage_grid,maximum_response,400,400,1.0,89,0,0.2225,0.2225,368,0.92,290,0.725,numerical phase witness upper<0; positive conservative lower certifies sound,VERIFIED
S1,leave_environment_F_walk,polynomial,fixed_coverage_grid,negative_entropy,400,400,1.0,89,0,0.2225,0.2225,368,0.92,290,0.725,numerical phase witness upper<0; positive conservative lower certifies sound,VERIFIED
S1,leave_environment_F_walk,polynomial,fixed_coverage_grid,full_state_margin,400,400,1.0,89,0,0.2225,0.2225,400,1.0,280,0.7,numerical phase witness upper<0; positive conservative lower certifies sound,VERIFIED
S1,leave_environment_F_walk,random_orthogonal,certificate_matched,exact_fiber,400,0,0.0,0,0,,,0,,0,,numerical phase witness upper<0; positive conservative lower certifies sound,VERIFIED
S1,leave_environment_F_walk,random_orthogonal,certificate_matched,center_margin,400,0,0.0,0,0,,,0,,0,,numerical phase witness upper<0; positive conservative lower certifies sound,VERIFIED
S1,leave_environment_F_walk,random_orthogonal,certificate_matched,maximum_response,400,0,0.0,0,0,,,0,,0,,numerical phase witness upper<0; positive conservative lower certifies sound,VERIFIED
S1,leave_environment_F_walk,random_orthogonal,certificate_matched,negative_entropy,400,0,0.0,0,0,,,0,,0,,numerical phase witness upper<0; positive conservative lower certifies sound,VERIFIED
S1,leave_environment_F_walk,random_orthogonal,certificate_matched,full_state_margin,400,0,0.0,0,0,,,0,,0,,numerical phase witness upper<0; positive conservative lower certifies sound,VERIFIED
S1,leave_environment_F_walk,random_orthogonal,fixed_coverage_grid,center_margin,400,20,0.05,20,0,1.0,1.0,8,0.4,8,0.4,numerical phase witness upper<0; positive conservative lower certifies sound,VERIFIED
S1,leave_environment_F_walk,random_orthogonal,fixed_coverage_grid,maximum_response,400,20,0.05,20,0,1.0,1.0,8,0.4,8,0.4,numerical phase witness upper<0; positive conservative lower certifies sound,VERIFIED
S1,leave_environment_F_walk,random_orthogonal,fixed_coverage_grid,negative_entropy,400,20,0.05,20,0,1.0,1.0,9,0.45,9,0.45,numerical phase witness upper<0; positive conservative lower certifies sound,VERIFIED
S1,leave_environment_F_walk,random_orthogonal,fixed_coverage_grid,full_state_margin,400,20,0.05,20,0,1.0,1.0,20,1.0,20,1.0,numerical phase witness upper<0; positive conservative lower certifies sound,VERIFIED
S1,leave_environment_F_walk,random_orthogonal,fixed_coverage_grid,center_margin,400,40,0.1,40,0,1.0,1.0,15,0.375,15,0.375,numerical phase witness upper<0; positive conservative lower certifies sound,VERIFIED
S1,leave_environment_F_walk,random_orthogonal,fixed_coverage_grid,maximum_response,400,40,0.1,40,0,1.0,1.0,17,0.425,18,0.45,numerical phase witness upper<0; positive conservative lower certifies sound,VERIFIED
S1,leave_environment_F_walk,random_orthogonal,fixed_coverage_grid,negative_entropy,400,40,0.1,40,0,1.0,1.0,17,0.425,18,0.45,numerical phase witness upper<0; positive conservative lower certifies sound,VERIFIED
S1,leave_environment_F_walk,random_orthogonal,fixed_coverage_grid,full_state_margin,400,40,0.1,40,0,1.0,1.0,40,1.0,39,0.975,numerical phase witness upper<0; positive conservative lower certifies sound,VERIFIED
S1,leave_environment_F_walk,random_orthogonal,fixed_coverage_grid,center_margin,400,80,0.2,80,0,1.0,1.0,23,0.2875,24,0.3,numerical phase witness upper<0; positive conservative lower certifies sound,VERIFIED
S1,leave_environment_F_walk,random_orthogonal,fixed_coverage_grid,maximum_response,400,80,0.2,80,0,1.0,1.0,26,0.325,26,0.325,numerical phase witness upper<0; positive conservative lower certifies sound,VERIFIED
S1,leave_environment_F_walk,random_orthogonal,fixed_coverage_grid,negative_entropy,400,80,0.2,80,0,1.0,1.0,25,0.3125,25,0.3125,numerical phase witness upper<0; positive conservative lower certifies sound,VERIFIED
S1,leave_environment_F_walk,random_orthogonal,fixed_coverage_grid,full_state_margin,400,80,0.2,80,0,1.0,1.0,80,1.0,74,0.925,numerical phase witness upper<0; positive conservative lower certifies sound,VERIFIED
S1,leave_environment_F_walk,random_orthogonal,fixed_coverage_grid,center_margin,400,160,0.4,160,0,1.0,1.0,35,0.21875,38,0.2375,numerical phase witness upper<0; positive conservative lower certifies sound,VERIFIED
S1,leave_environment_F_walk,random_orthogonal,fixed_coverage_grid,maximum_response,400,160,0.4,160,0,1.0,1.0,41,0.25625,41,0.25625,numerical phase witness upper<0; positive conservative lower certifies sound,VERIFIED
S1,leave_environment_F_walk,random_orthogonal,fixed_coverage_grid,negative_entropy,400,160,0.4,160,0,1.0,1.0,38,0.2375,41,0.25625,numerical phase witness upper<0; positive conservative lower certifies sound,VERIFIED
S1,leave_environment_F_walk,random_orthogonal,fixed_coverage_grid,full_state_margin,400,160,0.4,160,0,1.0,1.0,160,1.0,148,0.925,numerical phase witness upper<0; positive conservative lower certifies sound,VERIFIED
S1,leave_environment_F_walk,random_orthogonal,fixed_coverage_grid,center_margin,400,240,0.6,240,0,1.0,1.0,50,0.20833333333333334,51,0.2125,numerical phase witness upper<0; positive conservative lower certifies sound,VERIFIED
S1,leave_environment_F_walk,random_orthogonal,fixed_coverage_grid,maximum_response,400,240,0.6,240,0,1.0,1.0,52,0.21666666666666667,55,0.22916666666666666,numerical phase witness upper<0; positive conservative lower certifies sound,VERIFIED
S1,leave_environment_F_walk,random_orthogonal,fixed_coverage_grid,negative_entropy,400,240,0.6,240,0,1.0,1.0,52,0.21666666666666667,52,0.21666666666666667,numerical phase witness upper<0; positive conservative lower certifies sound,VERIFIED
S1,leave_environment_F_walk,random_orthogonal,fixed_coverage_grid,full_state_margin,400,240,0.6,240,0,1.0,1.0,240,1.0,207,0.8625,numerical phase witness upper<0; positive conservative lower certifies sound,VERIFIED
S1,leave_environment_F_walk,random_orthogonal,fixed_coverage_grid,center_margin,400,320,0.8,320,0,1.0,1.0,59,0.184375,60,0.1875,numerical phase witness upper<0; positive conservative lower certifies sound,VERIFIED
S1,leave_environment_F_walk,random_orthogonal,fixed_coverage_grid,maximum_response,400,320,0.8,320,0,1.0,1.0,61,0.190625,63,0.196875,numerical phase witness upper<0; positive conservative lower certifies sound,VERIFIED
S1,leave_environment_F_walk,random_orthogonal,fixed_coverage_grid,negative_entropy,400,320,0.8,320,0,1.0,1.0,62,0.19375,63,0.196875,numerical phase witness upper<0; positive conservative lower certifies sound,VERIFIED
S1,leave_environment_F_walk,random_orthogonal,fixed_coverage_grid,full_state_margin,400,320,0.8,320,0,1.0,1.0,320,1.0,247,0.771875,numerical phase witness upper<0; positive conservative lower certifies sound,VERIFIED
S1,leave_environment_F_walk,random_orthogonal,fixed_coverage_grid,center_margin,400,400,1.0,400,0,1.0,1.0,66,0.165,68,0.17,numerical phase witness upper<0; positive conservative lower certifies sound,VERIFIED
S1,leave_environment_F_walk,random_orthogonal,fixed_coverage_grid,maximum_response,400,400,1.0,400,0,1.0,1.0,66,0.165,68,0.17,numerical phase witness upper<0; positive conservative lower certifies sound,VERIFIED
S1,leave_environment_F_walk,random_orthogonal,fixed_coverage_grid,negative_entropy,400,400,1.0,400,0,1.0,1.0,66,0.165,68,0.17,numerical phase witness upper<0; positive conservative lower certifies sound,VERIFIED
S1,leave_environment_F_walk,random_orthogonal,fixed_coverage_grid,full_state_margin,400,400,1.0,400,0,1.0,1.0,400,1.0,280,0.7,numerical phase witness upper<0; positive conservative lower certifies sound,VERIFIED
S1,leave_environment_F_walk,permuted_polynomial,certificate_matched,exact_fiber,400,37,0.0925,0,0,0.0,0.0,37,1.0,34,0.918918918918919,numerical phase witness upper<0; positive conservative lower certifies sound,VERIFIED
S1,leave_environment_F_walk,permuted_polynomial,certificate_matched,center_margin,400,37,0.0925,26,0,0.7027027027027027,0.7027027027027027,11,0.2972972972972973,10,0.2702702702702703,numerical phase witness upper<0; positive conservative lower certifies sound,VERIFIED
S1,leave_environment_F_walk,permuted_polynomial,certificate_matched,maximum_response,400,37,0.0925,34,0,0.918918918918919,0.918918918918919,4,0.10810810810810811,3,0.08108108108108109,numerical phase witness upper<0; positive conservative lower certifies sound,VERIFIED
S1,leave_environment_F_walk,permuted_polynomial,certificate_matched,negative_entropy,400,37,0.0925,32,0,0.8648648648648649,0.8648648648648649,6,0.16216216216216217,5,0.13513513513513514,numerical phase witness upper<0; positive conservative lower certifies sound,VERIFIED
S1,leave_environment_F_walk,permuted_polynomial,certificate_matched,full_state_margin,400,37,0.0925,31,0,0.8378378378378378,0.8378378378378378,37,1.0,37,1.0,numerical phase witness upper<0; positive conservative lower certifies sound,VERIFIED
S1,leave_environment_F_walk,permuted_polynomial,fixed_coverage_grid,center_margin,400,20,0.05,12,0,0.6,0.6,8,0.4,7,0.35,numerical phase witness upper<0; positive conservative lower certifies sound,VERIFIED
S1,leave_environment_F_walk,permuted_polynomial,fixed_coverage_grid,maximum_response,400,20,0.05,20,0,1.0,1.0,1,0.05,1,0.05,numerical phase witness upper<0; positive conservative lower certifies sound,VERIFIED
S1,leave_environment_F_walk,permuted_polynomial,fixed_coverage_grid,negative_entropy,400,20,0.05,18,0,0.9,0.9,3,0.15,2,0.1,numerical phase witness upper<0; positive conservative lower certifies sound,VERIFIED
S1,leave_environment_F_walk,permuted_polynomial,fixed_coverage_grid,full_state_margin,400,20,0.05,17,0,0.85,0.85,20,1.0,20,1.0,numerical phase witness upper<0; positive conservative lower certifies sound,VERIFIED
S1,leave_environment_F_walk,permuted_polynomial,fixed_coverage_grid,center_margin,400,40,0.1,29,0,0.725,0.725,11,0.275,10,0.25,numerical phase witness upper<0; positive conservative lower certifies sound,VERIFIED
S1,leave_environment_F_walk,permuted_polynomial,fixed_coverage_grid,maximum_response,400,40,0.1,35,0,0.875,0.875,6,0.15,5,0.125,numerical phase witness upper<0; positive conservative lower certifies sound,VERIFIED
S1,leave_environment_F_walk,permuted_polynomial,fixed_coverage_grid,negative_entropy,400,40,0.1,35,0,0.875,0.875,6,0.15,5,0.125,numerical phase witness upper<0; positive conservative lower certifies sound,VERIFIED
S1,leave_environment_F_walk,permuted_polynomial,fixed_coverage_grid,full_state_margin,400,40,0.1,33,0,0.825,0.825,40,1.0,39,0.975,numerical phase witness upper<0; positive conservative lower certifies sound,VERIFIED
S1,leave_environment_F_walk,permuted_polynomial,fixed_coverage_grid,center_margin,400,80,0.2,65,0,0.8125,0.8125,15,0.1875,14,0.175,numerical phase witness upper<0; positive conservative lower certifies sound,VERIFIED
S1,leave_environment_F_walk,permuted_polynomial,fixed_coverage_grid,maximum_response,400,80,0.2,71,0,0.8875,0.8875,10,0.125,9,0.1125,numerical phase witness upper<0; positive conservative lower certifies sound,VERIFIED
S1,leave_environment_F_walk,permuted_polynomial,fixed_coverage_grid,negative_entropy,400,80,0.2,72,0,0.9,0.9,9,0.1125,8,0.1,numerical phase witness upper<0; positive conservative lower certifies sound,VERIFIED
S1,leave_environment_F_walk,permuted_polynomial,fixed_coverage_grid,full_state_margin,400,80,0.2,68,0,0.85,0.85,80,1.0,74,0.925,numerical phase witness upper<0; positive conservative lower certifies sound,VERIFIED
S1,leave_environment_F_walk,permuted_polynomial,fixed_coverage_grid,center_margin,400,160,0.4,134,0,0.8375,0.8375,30,0.1875,29,0.18125,numerical phase witness upper<0; positive conservative lower certifies sound,VERIFIED
S1,leave_environment_F_walk,permuted_polynomial,fixed_coverage_grid,maximum_response,400,160,0.4,138,0,0.8625,0.8625,24,0.15,23,0.14375,numerical phase witness upper<0; positive conservative lower certifies sound,VERIFIED
S1,leave_environment_F_walk,permuted_polynomial,fixed_coverage_grid,negative_entropy,400,160,0.4,138,0,0.8625,0.8625,25,0.15625,24,0.15,numerical phase witness upper<0; positive conservative lower certifies sound,VERIFIED
S1,leave_environment_F_walk,permuted_polynomial,fixed_coverage_grid,full_state_margin,400,160,0.4,139,0,0.86875,0.86875,160,1.0,148,0.925,numerical phase witness upper<0; positive conservative lower certifies sound,VERIFIED
S1,leave_environment_F_walk,permuted_polynomial,fixed_coverage_grid,center_margin,400,240,0.6,205,0,0.8541666666666666,0.8541666666666666,40,0.16666666666666666,40,0.16666666666666666,numerical phase witness upper<0; positive conservative lower certifies sound,VERIFIED
S1,leave_environment_F_walk,permuted_polynomial,fixed_coverage_grid,maximum_response,400,240,0.6,205,0,0.8541666666666666,0.8541666666666666,41,0.17083333333333334,40,0.16666666666666666,numerical phase witness upper<0; positive conservative lower certifies sound,VERIFIED
S1,leave_environment_F_walk,permuted_polynomial,fixed_coverage_grid,negative_entropy,400,240,0.6,205,0,0.8541666666666666,0.8541666666666666,41,0.17083333333333334,40,0.16666666666666666,numerical phase witness upper<0; positive conservative lower certifies sound,VERIFIED
S1,leave_environment_F_walk,permuted_polynomial,fixed_coverage_grid,full_state_margin,400,240,0.6,206,0,0.8583333333333333,0.8583333333333333,240,1.0,207,0.8625,numerical phase witness upper<0; positive conservative lower certifies sound,VERIFIED
S1,leave_environment_F_walk,permuted_polynomial,fixed_coverage_grid,center_margin,400,320,0.8,283,0,0.884375,0.884375,49,0.153125,49,0.153125,numerical phase witness upper<0; positive conservative lower certifies sound,VERIFIED
S1,leave_environment_F_walk,permuted_polynomial,fixed_coverage_grid,maximum_response,400,320,0.8,283,0,0.884375,0.884375,50,0.15625,49,0.153125,numerical phase witness upper<0; positive conservative lower certifies sound,VERIFIED
S1,leave_environment_F_walk,permuted_polynomial,fixed_coverage_grid,negative_entropy,400,320,0.8,284,0,0.8875,0.8875,52,0.1625,51,0.159375,numerical phase witness upper<0; positive conservative lower certifies sound,VERIFIED
S1,leave_environment_F_walk,permuted_polynomial,fixed_coverage_grid,full_state_margin,400,320,0.8,283,0,0.884375,0.884375,320,1.0,247,0.771875,numerical phase witness upper<0; positive conservative lower certifies sound,VERIFIED
S1,leave_environment_F_walk,permuted_polynomial,fixed_coverage_grid,center_margin,400,400,1.0,363,0,0.9075,0.9075,67,0.1675,73,0.1825,numerical phase witness upper<0; positive conservative lower certifies sound,VERIFIED
S1,leave_environment_F_walk,permuted_polynomial,fixed_coverage_grid,maximum_response,400,400,1.0,363,0,0.9075,0.9075,67,0.1675,73,0.1825,numerical phase witness upper<0; positive conservative lower certifies sound,VERIFIED
S1,leave_environment_F_walk,permuted_polynomial,fixed_coverage_grid,negative_entropy,400,400,1.0,363,0,0.9075,0.9075,67,0.1675,73,0.1825,numerical phase witness upper<0; positive conservative lower certifies sound,VERIFIED
S1,leave_environment_F_walk,permuted_polynomial,fixed_coverage_grid,full_state_margin,400,400,1.0,363,0,0.9075,0.9075,400,1.0,280,0.7,numerical phase witness upper<0; positive conservative lower certifies sound,VERIFIED
S1,leave_environment_moving_meeting_room,coordinate,certificate_matched,exact_fiber,400,2,0.005,0,0,0.0,0.0,2,1.0,2,1.0,numerical phase witness upper<0; positive conservative lower certifies sound,VERIFIED
S1,leave_environment_moving_meeting_room,coordinate,certificate_matched,center_margin,400,2,0.005,2,0,1.0,1.0,1,0.5,0,0.0,numerical phase witness upper<0; positive conservative lower certifies sound,VERIFIED
S1,leave_environment_moving_meeting_room,coordinate,certificate_matched,maximum_response,400,2,0.005,2,0,1.0,1.0,0,0.0,1,0.5,numerical phase witness upper<0; positive conservative lower certifies sound,VERIFIED
S1,leave_environment_moving_meeting_room,coordinate,certificate_matched,negative_entropy,400,2,0.005,2,0,1.0,1.0,1,0.5,0,0.0,numerical phase witness upper<0; positive conservative lower certifies sound,VERIFIED
S1,leave_environment_moving_meeting_room,coordinate,certificate_matched,full_state_margin,400,2,0.005,2,0,1.0,1.0,2,1.0,1,0.5,numerical phase witness upper<0; positive conservative lower certifies sound,VERIFIED
S1,leave_environment_moving_meeting_room,coordinate,fixed_coverage_grid,center_margin,400,20,0.05,19,0,0.95,0.95,7,0.35,4,0.2,numerical phase witness upper<0; positive conservative lower certifies sound,VERIFIED
S1,leave_environment_moving_meeting_room,coordinate,fixed_coverage_grid,maximum_response,400,20,0.05,20,0,1.0,1.0,1,0.05,2,0.1,numerical phase witness upper<0; positive conservative lower certifies sound,VERIFIED
S1,leave_environment_moving_meeting_room,coordinate,fixed_coverage_grid,negative_entropy,400,20,0.05,19,0,0.95,0.95,7,0.35,4,0.2,numerical phase witness upper<0; positive conservative lower certifies sound,VERIFIED
S1,leave_environment_moving_meeting_room,coordinate,fixed_coverage_grid,full_state_margin,400,20,0.05,20,0,1.0,1.0,20,1.0,16,0.8,numerical phase witness upper<0; positive conservative lower certifies sound,VERIFIED
S1,leave_environment_moving_meeting_room,coordinate,fixed_coverage_grid,center_margin,400,40,0.1,38,0,0.95,0.95,10,0.25,8,0.2,numerical phase witness upper<0; positive conservative lower certifies sound,VERIFIED
S1,leave_environment_moving_meeting_room,coordinate,fixed_coverage_grid,maximum_response,400,40,0.1,39,0,0.975,0.975,5,0.125,6,0.15,numerical phase witness upper<0; positive conservative lower certifies sound,VERIFIED
S1,leave_environment_moving_meeting_room,coordinate,fixed_coverage_grid,negative_entropy,400,40,0.1,38,0,0.95,0.95,10,0.25,8,0.2,numerical phase witness upper<0; positive conservative lower certifies sound,VERIFIED
S1,leave_environment_moving_meeting_room,coordinate,fixed_coverage_grid,full_state_margin,400,40,0.1,40,0,1.0,1.0,40,1.0,34,0.85,numerical phase witness upper<0; positive conservative lower certifies sound,VERIFIED
S1,leave_environment_moving_meeting_room,coordinate,fixed_coverage_grid,center_margin,400,80,0.2,78,0,0.975,0.975,17,0.2125,15,0.1875,numerical phase witness upper<0; positive conservative lower certifies sound,VERIFIED
S1,leave_environment_moving_meeting_room,coordinate,fixed_coverage_grid,maximum_response,400,80,0.2,79,0,0.9875,0.9875,12,0.15,12,0.15,numerical phase witness upper<0; positive conservative lower certifies sound,VERIFIED
S1,leave_environment_moving_meeting_room,coordinate,fixed_coverage_grid,negative_entropy,400,80,0.2,78,0,0.975,0.975,17,0.2125,15,0.1875,numerical phase witness upper<0; positive conservative lower certifies sound,VERIFIED
S1,leave_environment_moving_meeting_room,coordinate,fixed_coverage_grid,full_state_margin,400,80,0.2,78,0,0.975,0.975,80,1.0,69,0.8625,numerical phase witness upper<0; positive conservative lower certifies sound,VERIFIED
S1,leave_environment_moving_meeting_room,coordinate,fixed_coverage_grid,center_margin,400,160,0.4,158,0,0.9875,0.9875,26,0.1625,25,0.15625,numerical phase witness upper<0; positive conservative lower certifies sound,VERIFIED
S1,leave_environment_moving_meeting_room,coordinate,fixed_coverage_grid,maximum_response,400,160,0.4,158,0,0.9875,0.9875,18,0.1125,23,0.14375,numerical phase witness upper<0; positive conservative lower certifies sound,VERIFIED
S1,leave_environment_moving_meeting_room,coordinate,fixed_coverage_grid,negative_entropy,400,160,0.4,158,0,0.9875,0.9875,26,0.1625,25,0.15625,numerical phase witness upper<0; positive conservative lower certifies sound,VERIFIED
S1,leave_environment_moving_meeting_room,coordinate,fixed_coverage_grid,full_state_margin,400,160,0.4,158,0,0.9875,0.9875,160,1.0,135,0.84375,numerical phase witness upper<0; positive conservative lower certifies sound,VERIFIED
S1,leave_environment_moving_meeting_room,coordinate,fixed_coverage_grid,center_margin,400,240,0.6,238,0,0.9916666666666667,0.9916666666666667,33,0.1375,30,0.125,numerical phase witness upper<0; positive conservative lower certifies sound,VERIFIED
S1,leave_environment_moving_meeting_room,coordinate,fixed_coverage_grid,maximum_response,400,240,0.6,238,0,0.9916666666666667,0.9916666666666667,25,0.10416666666666667,28,0.11666666666666667,numerical phase witness upper<0; positive conservative lower certifies sound,VERIFIED
S1,leave_environment_moving_meeting_room,coordinate,fixed_coverage_grid,negative_entropy,400,240,0.6,238,0,0.9916666666666667,0.9916666666666667,33,0.1375,30,0.125,numerical phase witness upper<0; positive conservative lower certifies sound,VERIFIED
S1,leave_environment_moving_meeting_room,coordinate,fixed_coverage_grid,full_state_margin,400,240,0.6,238,0,0.9916666666666667,0.9916666666666667,240,1.0,185,0.7708333333333334,numerical phase witness upper<0; positive conservative lower certifies sound,VERIFIED
S1,leave_environment_moving_meeting_room,coordinate,fixed_coverage_grid,center_margin,400,320,0.8,318,0,0.99375,0.99375,38,0.11875,33,0.103125,numerical phase witness upper<0; positive conservative lower certifies sound,VERIFIED
S1,leave_environment_moving_meeting_room,coordinate,fixed_coverage_grid,maximum_response,400,320,0.8,318,0,0.99375,0.99375,33,0.103125,33,0.103125,numerical phase witness upper<0; positive conservative lower certifies sound,VERIFIED
S1,leave_environment_moving_meeting_room,coordinate,fixed_coverage_grid,negative_entropy,400,320,0.8,318,0,0.99375,0.99375,38,0.11875,33,0.103125,numerical phase witness upper<0; positive conservative lower certifies sound,VERIFIED
S1,leave_environment_moving_meeting_room,coordinate,fixed_coverage_grid,full_state_margin,400,320,0.8,318,0,0.99375,0.99375,320,1.0,232,0.725,numerical phase witness upper<0; positive conservative lower certifies sound,VERIFIED
S1,leave_environment_moving_meeting_room,coordinate,fixed_coverage_grid,center_margin,400,400,1.0,398,0,0.995,0.995,38,0.095,40,0.1,numerical phase witness upper<0; positive conservative lower certifies sound,VERIFIED
S1,leave_environment_moving_meeting_room,coordinate,fixed_coverage_grid,maximum_response,400,400,1.0,398,0,0.995,0.995,38,0.095,40,0.1,numerical phase witness upper<0; positive conservative lower certifies sound,VERIFIED
S1,leave_environment_moving_meeting_room,coordinate,fixed_coverage_grid,negative_entropy,400,400,1.0,398,0,0.995,0.995,38,0.095,40,0.1,numerical phase witness upper<0; positive conservative lower certifies sound,VERIFIED
S1,leave_environment_moving_meeting_room,coordinate,fixed_coverage_grid,full_state_margin,400,400,1.0,398,0,0.995,0.995,400,1.0,257,0.6425,numerical phase witness upper<0; positive conservative lower certifies sound,VERIFIED
S1,leave_environment_moving_meeting_room,dct,certificate_matched,exact_fiber,400,5,0.0125,0,0,0.0,0.0,5,1.0,5,1.0,numerical phase witness upper<0; positive conservative lower certifies sound,VERIFIED
S1,leave_environment_moving_meeting_room,dct,certificate_matched,center_margin,400,5,0.0125,3,0,0.6,0.6,5,1.0,3,0.6,numerical phase witness upper<0; positive conservative lower certifies sound,VERIFIED
S1,leave_environment_moving_meeting_room,dct,certificate_matched,maximum_response,400,5,0.0125,4,0,0.8,0.8,2,0.4,1,0.2,numerical phase witness upper<0; positive conservative lower certifies sound,VERIFIED
S1,leave_environment_moving_meeting_room,dct,certificate_matched,negative_entropy,400,5,0.0125,3,0,0.6,0.6,4,0.8,3,0.6,numerical phase witness upper<0; positive conservative lower certifies sound,VERIFIED
S1,leave_environment_moving_meeting_room,dct,certificate_matched,full_state_margin,400,5,0.0125,3,0,0.6,0.6,5,1.0,3,0.6,numerical phase witness upper<0; positive conservative lower certifies sound,VERIFIED
S1,leave_environment_moving_meeting_room,dct,fixed_coverage_grid,center_margin,400,20,0.05,16,0,0.8,0.8,12,0.6,11,0.55,numerical phase witness upper<0; positive conservative lower certifies sound,VERIFIED
S1,leave_environment_moving_meeting_room,dct,fixed_coverage_grid,maximum_response,400,20,0.05,17,0,0.85,0.85,12,0.6,10,0.5,numerical phase witness upper<0; positive conservative lower certifies sound,VERIFIED
S1,leave_environment_moving_meeting_room,dct,fixed_coverage_grid,negative_entropy,400,20,0.05,17,0,0.85,0.85,14,0.7,11,0.55,numerical phase witness upper<0; positive conservative lower certifies sound,VERIFIED
S1,leave_environment_moving_meeting_room,dct,fixed_coverage_grid,full_state_margin,400,20,0.05,16,0,0.8,0.8,20,1.0,16,0.8,numerical phase witness upper<0; positive conservative lower certifies sound,VERIFIED
S1,leave_environment_moving_meeting_room,dct,fixed_coverage_grid,center_margin,400,40,0.1,35,0,0.875,0.875,22,0.55,20,0.5,numerical phase witness upper<0; positive conservative lower certifies sound,VERIFIED
S1,leave_environment_moving_meeting_room,dct,fixed_coverage_grid,maximum_response,400,40,0.1,36,0,0.9,0.9,23,0.575,21,0.525,numerical phase witness upper<0; positive conservative lower certifies sound,VERIFIED
S1,leave_environment_moving_meeting_room,dct,fixed_coverage_grid,negative_entropy,400,40,0.1,36,0,0.9,0.9,25,0.625,24,0.6,numerical phase witness upper<0; positive conservative lower certifies sound,VERIFIED
S1,leave_environment_moving_meeting_room,dct,fixed_coverage_grid,full_state_margin,400,40,0.1,36,0,0.9,0.9,40,1.0,34,0.85,numerical phase witness upper<0; positive conservative lower certifies sound,VERIFIED
S1,leave_environment_moving_meeting_room,dct,fixed_coverage_grid,center_margin,400,80,0.2,75,0,0.9375,0.9375,33,0.4125,31,0.3875,numerical phase witness upper<0; positive conservative lower certifies sound,VERIFIED
S1,leave_environment_moving_meeting_room,dct,fixed_coverage_grid,maximum_response,400,80,0.2,76,0,0.95,0.95,36,0.45,34,0.425,numerical phase witness upper<0; positive conservative lower certifies sound,VERIFIED
S1,leave_environment_moving_meeting_room,dct,fixed_coverage_grid,negative_entropy,400,80,0.2,76,0,0.95,0.95,36,0.45,34,0.425,numerical phase witness upper<0; positive conservative lower certifies sound,VERIFIED
S1,leave_environment_moving_meeting_room,dct,fixed_coverage_grid,full_state_margin,400,80,0.2,75,0,0.9375,0.9375,80,1.0,69,0.8625,numerical phase witness upper<0; positive conservative lower certifies sound,VERIFIED
S1,leave_environment_moving_meeting_room,dct,fixed_coverage_grid,center_margin,400,160,0.4,155,0,0.96875,0.96875,59,0.36875,52,0.325,numerical phase witness upper<0; positive conservative lower certifies sound,VERIFIED
S1,leave_environment_moving_meeting_room,dct,fixed_coverage_grid,maximum_response,400,160,0.4,155,0,0.96875,0.96875,59,0.36875,55,0.34375,numerical phase witness upper<0; positive conservative lower certifies sound,VERIFIED
S1,leave_environment_moving_meeting_room,dct,fixed_coverage_grid,negative_entropy,400,160,0.4,155,0,0.96875,0.96875,56,0.35,53,0.33125,numerical phase witness upper<0; positive conservative lower certifies sound,VERIFIED
S1,leave_environment_moving_meeting_room,dct,fixed_coverage_grid,full_state_margin,400,160,0.4,155,0,0.96875,0.96875,160,1.0,135,0.84375,numerical phase witness upper<0; positive conservative lower certifies sound,VERIFIED
S1,leave_environment_moving_meeting_room,dct,fixed_coverage_grid,center_margin,400,240,0.6,235,0,0.9791666666666666,0.9791666666666666,90,0.375,77,0.32083333333333336,numerical phase witness upper<0; positive conservative lower certifies sound,VERIFIED
S1,leave_environment_moving_meeting_room,dct,fixed_coverage_grid,maximum_response,400,240,0.6,235,0,0.9791666666666666,0.9791666666666666,86,0.35833333333333334,76,0.31666666666666665,numerical phase witness upper<0; positive conservative lower certifies sound,VERIFIED
S1,leave_environment_moving_meeting_room,dct,fixed_coverage_grid,negative_entropy,400,240,0.6,235,0,0.9791666666666666,0.9791666666666666,86,0.35833333333333334,79,0.32916666666666666,numerical phase witness upper<0; positive conservative lower certifies sound,VERIFIED
S1,leave_environment_moving_meeting_room,dct,fixed_coverage_grid,full_state_margin,400,240,0.6,235,0,0.9791666666666666,0.9791666666666666,240,1.0,185,0.7708333333333334,numerical phase witness upper<0; positive conservative lower certifies sound,VERIFIED
S1,leave_environment_moving_meeting_room,dct,fixed_coverage_grid,center_margin,400,320,0.8,315,0,0.984375,0.984375,107,0.334375,97,0.303125,numerical phase witness upper<0; positive conservative lower certifies sound,VERIFIED
S1,leave_environment_moving_meeting_room,dct,fixed_coverage_grid,maximum_response,400,320,0.8,315,0,0.984375,0.984375,113,0.353125,102,0.31875,numerical phase witness upper<0; positive conservative lower certifies sound,VERIFIED
S1,leave_environment_moving_meeting_room,dct,fixed_coverage_grid,negative_entropy,400,320,0.8,315,0,0.984375,0.984375,110,0.34375,101,0.315625,numerical phase witness upper<0; positive conservative lower certifies sound,VERIFIED
S1,leave_environment_moving_meeting_room,dct,fixed_coverage_grid,full_state_margin,400,320,0.8,315,0,0.984375,0.984375,320,1.0,232,0.725,numerical phase witness upper<0; positive conservative lower certifies sound,VERIFIED
S1,leave_environment_moving_meeting_room,dct,fixed_coverage_grid,center_margin,400,400,1.0,395,0,0.9875,0.9875,122,0.305,113,0.2825,numerical phase witness upper<0; positive conservative lower certifies sound,VERIFIED
S1,leave_environment_moving_meeting_room,dct,fixed_coverage_grid,maximum_response,400,400,1.0,395,0,0.9875,0.9875,122,0.305,113,0.2825,numerical phase witness upper<0; positive conservative lower certifies sound,VERIFIED
S1,leave_environment_moving_meeting_room,dct,fixed_coverage_grid,negative_entropy,400,400,1.0,395,0,0.9875,0.9875,122,0.305,113,0.2825,numerical phase witness upper<0; positive conservative lower certifies sound,VERIFIED
S1,leave_environment_moving_meeting_room,dct,fixed_coverage_grid,full_state_margin,400,400,1.0,395,0,0.9875,0.9875,400,1.0,257,0.6425,numerical phase witness upper<0; positive conservative lower certifies sound,VERIFIED
S1,leave_environment_moving_meeting_room,dft,certificate_matched,exact_fiber,400,21,0.0525,0,0,0.0,0.0,21,1.0,18,0.8571428571428571,numerical phase witness upper<0; positive conservative lower certifies sound,VERIFIED
S1,leave_environment_moving_meeting_room,dft,certificate_matched,center_margin,400,21,0.0525,14,0,0.6666666666666666,0.6666666666666666,12,0.5714285714285714,9,0.42857142857142855,numerical phase witness upper<0; positive conservative lower certifies sound,VERIFIED
S1,leave_environment_moving_meeting_room,dft,certificate_matched,maximum_response,400,21,0.0525,19,0,0.9047619047619048,0.9047619047619048,6,0.2857142857142857,3,0.14285714285714285,numerical phase witness upper<0; positive conservative lower certifies sound,VERIFIED
S1,leave_environment_moving_meeting_room,dft,certificate_matched,negative_entropy,400,21,0.0525,19,0,0.9047619047619048,0.9047619047619048,6,0.2857142857142857,2,0.09523809523809523,numerical phase witness upper<0; positive conservative lower certifies sound,VERIFIED
S1,leave_environment_moving_meeting_room,dft,certificate_matched,full_state_margin,400,21,0.0525,14,0,0.6666666666666666,0.6666666666666666,21,1.0,17,0.8095238095238095,numerical phase witness upper<0; positive conservative lower certifies sound,VERIFIED
S1,leave_environment_moving_meeting_room,dft,fixed_coverage_grid,center_margin,400,20,0.05,13,0,0.65,0.65,11,0.55,8,0.4,numerical phase witness upper<0; positive conservative lower certifies sound,VERIFIED
S1,leave_environment_moving_meeting_room,dft,fixed_coverage_grid,maximum_response,400,20,0.05,18,0,0.9,0.9,6,0.3,3,0.15,numerical phase witness upper<0; positive conservative lower certifies sound,VERIFIED
S1,leave_environment_moving_meeting_room,dft,fixed_coverage_grid,negative_entropy,400,20,0.05,18,0,0.9,0.9,6,0.3,2,0.1,numerical phase witness upper<0; positive conservative lower certifies sound,VERIFIED
S1,leave_environment_moving_meeting_room,dft,fixed_coverage_grid,full_state_margin,400,20,0.05,13,0,0.65,0.65,20,1.0,16,0.8,numerical phase witness upper<0; positive conservative lower certifies sound,VERIFIED
S1,leave_environment_moving_meeting_room,dft,fixed_coverage_grid,center_margin,400,40,0.1,29,0,0.725,0.725,20,0.5,17,0.425,numerical phase witness upper<0; positive conservative lower certifies sound,VERIFIED
S1,leave_environment_moving_meeting_room,dft,fixed_coverage_grid,maximum_response,400,40,0.1,38,0,0.95,0.95,7,0.175,4,0.1,numerical phase witness upper<0; positive conservative lower certifies sound,VERIFIED
S1,leave_environment_moving_meeting_room,dft,fixed_coverage_grid,negative_entropy,400,40,0.1,38,0,0.95,0.95,10,0.25,6,0.15,numerical phase witness upper<0; positive conservative lower certifies sound,VERIFIED
S1,leave_environment_moving_meeting_room,dft,fixed_coverage_grid,full_state_margin,400,40,0.1,27,0,0.675,0.675,40,1.0,34,0.85,numerical phase witness upper<0; positive conservative lower certifies sound,VERIFIED
S1,leave_environment_moving_meeting_room,dft,fixed_coverage_grid,center_margin,400,80,0.2,65,0,0.8125,0.8125,32,0.4,28,0.35,numerical phase witness upper<0; positive conservative lower certifies sound,VERIFIED
S1,leave_environment_moving_meeting_room,dft,fixed_coverage_grid,maximum_response,400,80,0.2,78,0,0.975,0.975,15,0.1875,8,0.1,numerical phase witness upper<0; positive conservative lower certifies sound,VERIFIED
S1,leave_environment_moving_meeting_room,dft,fixed_coverage_grid,negative_entropy,400,80,0.2,76,0,0.95,0.95,17,0.2125,11,0.1375,numerical phase witness upper<0; positive conservative lower certifies sound,VERIFIED
S1,leave_environment_moving_meeting_room,dft,fixed_coverage_grid,full_state_margin,400,80,0.2,62,0,0.775,0.775,80,1.0,69,0.8625,numerical phase witness upper<0; positive conservative lower certifies sound,VERIFIED
S1,leave_environment_moving_meeting_room,dft,fixed_coverage_grid,center_margin,400,160,0.4,140,0,0.875,0.875,50,0.3125,44,0.275,numerical phase witness upper<0; positive conservative lower certifies sound,VERIFIED
S1,leave_environment_moving_meeting_room,dft,fixed_coverage_grid,maximum_response,400,160,0.4,155,0,0.96875,0.96875,28,0.175,21,0.13125,numerical phase witness upper<0; positive conservative lower certifies sound,VERIFIED
S1,leave_environment_moving_meeting_room,dft,fixed_coverage_grid,negative_entropy,400,160,0.4,153,0,0.95625,0.95625,30,0.1875,23,0.14375,numerical phase witness upper<0; positive conservative lower certifies sound,VERIFIED
S1,leave_environment_moving_meeting_room,dft,fixed_coverage_grid,full_state_margin,400,160,0.4,141,0,0.88125,0.88125,160,1.0,135,0.84375,numerical phase witness upper<0; positive conservative lower certifies sound,VERIFIED
S1,leave_environment_moving_meeting_room,dft,fixed_coverage_grid,center_margin,400,240,0.6,219,0,0.9125,0.9125,61,0.25416666666666665,53,0.22083333333333333,numerical phase witness upper<0; positive conservative lower certifies sound,VERIFIED
S1,leave_environment_moving_meeting_room,dft,fixed_coverage_grid,maximum_response,400,240,0.6,227,0,0.9458333333333333,0.9458333333333333,43,0.17916666666666667,36,0.15,numerical phase witness upper<0; positive conservative lower certifies sound,VERIFIED
S1,leave_environment_moving_meeting_room,dft,fixed_coverage_grid,negative_entropy,400,240,0.6,227,0,0.9458333333333333,0.9458333333333333,44,0.18333333333333332,36,0.15,numerical phase witness upper<0; positive conservative lower certifies sound,VERIFIED
S1,leave_environment_moving_meeting_room,dft,fixed_coverage_grid,full_state_margin,400,240,0.6,220,0,0.9166666666666666,0.9166666666666666,240,1.0,185,0.7708333333333334,numerical phase witness upper<0; positive conservative lower certifies sound,VERIFIED
S1,leave_environment_moving_meeting_room,dft,fixed_coverage_grid,center_margin,400,320,0.8,299,0,0.934375,0.934375,66,0.20625,62,0.19375,numerical phase witness upper<0; positive conservative lower certifies sound,VERIFIED
S1,leave_environment_moving_meeting_room,dft,fixed_coverage_grid,maximum_response,400,320,0.8,300,0,0.9375,0.9375,62,0.19375,56,0.175,numerical phase witness upper<0; positive conservative lower certifies sound,VERIFIED
S1,leave_environment_moving_meeting_room,dft,fixed_coverage_grid,negative_entropy,400,320,0.8,300,0,0.9375,0.9375,62,0.19375,55,0.171875,numerical phase witness upper<0; positive conservative lower certifies sound,VERIFIED
S1,leave_environment_moving_meeting_room,dft,fixed_coverage_grid,full_state_margin,400,320,0.8,299,0,0.934375,0.934375,320,1.0,232,0.725,numerical phase witness upper<0; positive conservative lower certifies sound,VERIFIED
S1,leave_environment_moving_meeting_room,dft,fixed_coverage_grid,center_margin,400,400,1.0,379,0,0.9475,0.9475,80,0.2,74,0.185,numerical phase witness upper<0; positive conservative lower certifies sound,VERIFIED
S1,leave_environment_moving_meeting_room,dft,fixed_coverage_grid,maximum_response,400,400,1.0,379,0,0.9475,0.9475,80,0.2,74,0.185,numerical phase witness upper<0; positive conservative lower certifies sound,VERIFIED
S1,leave_environment_moving_meeting_room,dft,fixed_coverage_grid,negative_entropy,400,400,1.0,379,0,0.9475,0.9475,80,0.2,74,0.185,numerical phase witness upper<0; positive conservative lower certifies sound,VERIFIED
S1,leave_environment_moving_meeting_room,dft,fixed_coverage_grid,full_state_margin,400,400,1.0,379,0,0.9475,0.9475,400,1.0,257,0.6425,numerical phase witness upper<0; positive conservative lower certifies sound,VERIFIED
S1,leave_environment_moving_meeting_room,polynomial,certificate_matched,exact_fiber,400,293,0.7325,0,0,0.0,0.0,293,1.0,216,0.7372013651877133,numerical phase witness upper<0; positive conservative lower certifies sound,VERIFIED
S1,leave_environment_moving_meeting_room,polynomial,certificate_matched,center_margin,400,293,0.7325,28,0,0.09556313993174062,0.09556313993174062,287,0.9795221843003413,218,0.7440273037542662,numerical phase witness upper<0; positive conservative lower certifies sound,VERIFIED
S1,leave_environment_moving_meeting_room,polynomial,certificate_matched,maximum_response,400,293,0.7325,56,0,0.19112627986348124,0.19112627986348124,275,0.9385665529010239,209,0.7133105802047781,numerical phase witness upper<0; positive conservative lower certifies sound,VERIFIED
S1,leave_environment_moving_meeting_room,polynomial,certificate_matched,negative_entropy,400,293,0.7325,66,0,0.22525597269624573,0.22525597269624573,272,0.9283276450511946,201,0.6860068259385665,numerical phase witness upper<0; positive conservative lower certifies sound,VERIFIED
S1,leave_environment_moving_meeting_room,polynomial,certificate_matched,full_state_margin,400,293,0.7325,39,0,0.13310580204778158,0.13310580204778158,293,1.0,220,0.7508532423208191,numerical phase witness upper<0; positive conservative lower certifies sound,VERIFIED
S1,leave_environment_moving_meeting_room,polynomial,fixed_coverage_grid,center_margin,400,20,0.05,1,0,0.05,0.05,20,1.0,16,0.8,numerical phase witness upper<0; positive conservative lower certifies sound,VERIFIED
S1,leave_environment_moving_meeting_room,polynomial,fixed_coverage_grid,maximum_response,400,20,0.05,1,0,0.05,0.05,20,1.0,11,0.55,numerical phase witness upper<0; positive conservative lower certifies sound,VERIFIED
S1,leave_environment_moving_meeting_room,polynomial,fixed_coverage_grid,negative_entropy,400,20,0.05,1,0,0.05,0.05,20,1.0,11,0.55,numerical phase witness upper<0; positive conservative lower certifies sound,VERIFIED
S1,leave_environment_moving_meeting_room,polynomial,fixed_coverage_grid,full_state_margin,400,20,0.05,1,0,0.05,0.05,20,1.0,16,0.8,numerical phase witness upper<0; positive conservative lower certifies sound,VERIFIED
S1,leave_environment_moving_meeting_room,polynomial,fixed_coverage_grid,center_margin,400,40,0.1,1,0,0.025,0.025,40,1.0,33,0.825,numerical phase witness upper<0; positive conservative lower certifies sound,VERIFIED
S1,leave_environment_moving_meeting_room,polynomial,fixed_coverage_grid,maximum_response,400,40,0.1,1,0,0.025,0.025,40,1.0,30,0.75,numerical phase witness upper<0; positive conservative lower certifies sound,VERIFIED
S1,leave_environment_moving_meeting_room,polynomial,fixed_coverage_grid,negative_entropy,400,40,0.1,6,0,0.15,0.15,38,0.95,26,0.65,numerical phase witness upper<0; positive conservative lower certifies sound,VERIFIED
S1,leave_environment_moving_meeting_room,polynomial,fixed_coverage_grid,full_state_margin,400,40,0.1,1,0,0.025,0.025,40,1.0,34,0.85,numerical phase witness upper<0; positive conservative lower certifies sound,VERIFIED
S1,leave_environment_moving_meeting_room,polynomial,fixed_coverage_grid,center_margin,400,80,0.2,1,0,0.0125,0.0125,80,1.0,68,0.85,numerical phase witness upper<0; positive conservative lower certifies sound,VERIFIED
S1,leave_environment_moving_meeting_room,polynomial,fixed_coverage_grid,maximum_response,400,80,0.2,10,0,0.125,0.125,76,0.95,59,0.7375,numerical phase witness upper<0; positive conservative lower certifies sound,VERIFIED
S1,leave_environment_moving_meeting_room,polynomial,fixed_coverage_grid,negative_entropy,400,80,0.2,20,0,0.25,0.25,74,0.925,52,0.65,numerical phase witness upper<0; positive conservative lower certifies sound,VERIFIED
S1,leave_environment_moving_meeting_room,polynomial,fixed_coverage_grid,full_state_margin,400,80,0.2,3,0,0.0375,0.0375,80,1.0,69,0.8625,numerical phase witness upper<0; positive conservative lower certifies sound,VERIFIED
S1,leave_environment_moving_meeting_room,polynomial,fixed_coverage_grid,center_margin,400,160,0.4,4,0,0.025,0.025,158,0.9875,132,0.825,numerical phase witness upper<0; positive conservative lower certifies sound,VERIFIED
S1,leave_environment_moving_meeting_room,polynomial,fixed_coverage_grid,maximum_response,400,160,0.4,23,0,0.14375,0.14375,154,0.9625,115,0.71875,numerical phase witness upper<0; positive conservative lower certifies sound,VERIFIED
S1,leave_environment_moving_meeting_room,polynomial,fixed_coverage_grid,negative_entropy,400,160,0.4,30,0,0.1875,0.1875,149,0.93125,111,0.69375,numerical phase witness upper<0; positive conservative lower certifies sound,VERIFIED
S1,leave_environment_moving_meeting_room,polynomial,fixed_coverage_grid,full_state_margin,400,160,0.4,8,0,0.05,0.05,160,1.0,135,0.84375,numerical phase witness upper<0; positive conservative lower certifies sound,VERIFIED
S1,leave_environment_moving_meeting_room,polynomial,fixed_coverage_grid,center_margin,400,240,0.6,11,0,0.04583333333333333,0.04583333333333333,238,0.9916666666666667,184,0.7666666666666667,numerical phase witness upper<0; positive conservative lower certifies sound,VERIFIED
S1,leave_environment_moving_meeting_room,polynomial,fixed_coverage_grid,maximum_response,400,240,0.6,42,0,0.175,0.175,226,0.9416666666666667,177,0.7375,numerical phase witness upper<0; positive conservative lower certifies sound,VERIFIED
S1,leave_environment_moving_meeting_room,polynomial,fixed_coverage_grid,negative_entropy,400,240,0.6,55,0,0.22916666666666666,0.22916666666666666,221,0.9208333333333333,169,0.7041666666666667,numerical phase witness upper<0; positive conservative lower certifies sound,VERIFIED
S1,leave_environment_moving_meeting_room,polynomial,fixed_coverage_grid,full_state_margin,400,240,0.6,16,0,0.06666666666666667,0.06666666666666667,240,1.0,185,0.7708333333333334,numerical phase witness upper<0; positive conservative lower certifies sound,VERIFIED
S1,leave_environment_moving_meeting_room,polynomial,fixed_coverage_grid,center_margin,400,320,0.8,42,0,0.13125,0.13125,309,0.965625,228,0.7125,numerical phase witness upper<0; positive conservative lower certifies sound,VERIFIED
S1,leave_environment_moving_meeting_room,polynomial,fixed_coverage_grid,maximum_response,400,320,0.8,64,0,0.2,0.2,301,0.940625,227,0.709375,numerical phase witness upper<0; positive conservative lower certifies sound,VERIFIED
S1,leave_environment_moving_meeting_room,polynomial,fixed_coverage_grid,negative_entropy,400,320,0.8,73,0,0.228125,0.228125,297,0.928125,216,0.675,numerical phase witness upper<0; positive conservative lower certifies sound,VERIFIED
S1,leave_environment_moving_meeting_room,polynomial,fixed_coverage_grid,full_state_margin,400,320,0.8,53,0,0.165625,0.165625,320,1.0,232,0.725,numerical phase witness upper<0; positive conservative lower certifies sound,VERIFIED
S1,leave_environment_moving_meeting_room,polynomial,fixed_coverage_grid,center_margin,400,400,1.0,107,0,0.2675,0.2675,364,0.91,260,0.65,numerical phase witness upper<0; positive conservative lower certifies sound,VERIFIED
S1,leave_environment_moving_meeting_room,polynomial,fixed_coverage_grid,maximum_response,400,400,1.0,107,0,0.2675,0.2675,364,0.91,260,0.65,numerical phase witness upper<0; positive conservative lower certifies sound,VERIFIED
S1,leave_environment_moving_meeting_room,polynomial,fixed_coverage_grid,negative_entropy,400,400,1.0,107,0,0.2675,0.2675,364,0.91,260,0.65,numerical phase witness upper<0; positive conservative lower certifies sound,VERIFIED
S1,leave_environment_moving_meeting_room,polynomial,fixed_coverage_grid,full_state_margin,400,400,1.0,107,0,0.2675,0.2675,400,1.0,257,0.6425,numerical phase witness upper<0; positive conservative lower certifies sound,VERIFIED
S1,leave_environment_moving_meeting_room,random_orthogonal,certificate_matched,exact_fiber,400,5,0.0125,0,0,0.0,0.0,5,1.0,5,1.0,numerical phase witness upper<0; positive conservative lower certifies sound,VERIFIED
S1,leave_environment_moving_meeting_room,random_orthogonal,certificate_matched,center_margin,400,5,0.0125,4,0,0.8,0.8,2,0.4,2,0.4,numerical phase witness upper<0; positive conservative lower certifies sound,VERIFIED
S1,leave_environment_moving_meeting_room,random_orthogonal,certificate_matched,maximum_response,400,5,0.0125,4,0,0.8,0.8,1,0.2,1,0.2,numerical phase witness upper<0; positive conservative lower certifies sound,VERIFIED
S1,leave_environment_moving_meeting_room,random_orthogonal,certificate_matched,negative_entropy,400,5,0.0125,4,0,0.8,0.8,2,0.4,2,0.4,numerical phase witness upper<0; positive conservative lower certifies sound,VERIFIED
S1,leave_environment_moving_meeting_room,random_orthogonal,certificate_matched,full_state_margin,400,5,0.0125,4,0,0.8,0.8,5,1.0,3,0.6,numerical phase witness upper<0; positive conservative lower certifies sound,VERIFIED
S1,leave_environment_moving_meeting_room,random_orthogonal,fixed_coverage_grid,center_margin,400,20,0.05,17,0,0.85,0.85,12,0.6,11,0.55,numerical phase witness upper<0; positive conservative lower certifies sound,VERIFIED
S1,leave_environment_moving_meeting_room,random_orthogonal,fixed_coverage_grid,maximum_response,400,20,0.05,17,0,0.85,0.85,10,0.5,10,0.5,numerical phase witness upper<0; positive conservative lower certifies sound,VERIFIED
S1,leave_environment_moving_meeting_room,random_orthogonal,fixed_coverage_grid,negative_entropy,400,20,0.05,17,0,0.85,0.85,12,0.6,12,0.6,numerical phase witness upper<0; positive conservative lower certifies sound,VERIFIED
S1,leave_environment_moving_meeting_room,random_orthogonal,fixed_coverage_grid,full_state_margin,400,20,0.05,16,0,0.8,0.8,20,1.0,16,0.8,numerical phase witness upper<0; positive conservative lower certifies sound,VERIFIED
S1,leave_environment_moving_meeting_room,random_orthogonal,fixed_coverage_grid,center_margin,400,40,0.1,36,0,0.9,0.9,18,0.45,17,0.425,numerical phase witness upper<0; positive conservative lower certifies sound,VERIFIED
S1,leave_environment_moving_meeting_room,random_orthogonal,fixed_coverage_grid,maximum_response,400,40,0.1,35,0,0.875,0.875,19,0.475,18,0.45,numerical phase witness upper<0; positive conservative lower certifies sound,VERIFIED
S1,leave_environment_moving_meeting_room,random_orthogonal,fixed_coverage_grid,negative_entropy,400,40,0.1,35,0,0.875,0.875,20,0.5,19,0.475,numerical phase witness upper<0; positive conservative lower certifies sound,VERIFIED
S1,leave_environment_moving_meeting_room,random_orthogonal,fixed_coverage_grid,full_state_margin,400,40,0.1,35,0,0.875,0.875,40,1.0,34,0.85,numerical phase witness upper<0; positive conservative lower certifies sound,VERIFIED
S1,leave_environment_moving_meeting_room,random_orthogonal,fixed_coverage_grid,center_margin,400,80,0.2,75,0,0.9375,0.9375,24,0.3,23,0.2875,numerical phase witness upper<0; positive conservative lower certifies sound,VERIFIED
S1,leave_environment_moving_meeting_room,random_orthogonal,fixed_coverage_grid,maximum_response,400,80,0.2,75,0,0.9375,0.9375,29,0.3625,25,0.3125,numerical phase witness upper<0; positive conservative lower certifies sound,VERIFIED
S1,leave_environment_moving_meeting_room,random_orthogonal,fixed_coverage_grid,negative_entropy,400,80,0.2,75,0,0.9375,0.9375,29,0.3625,25,0.3125,numerical phase witness upper<0; positive conservative lower certifies sound,VERIFIED
S1,leave_environment_moving_meeting_room,random_orthogonal,fixed_coverage_grid,full_state_margin,400,80,0.2,75,0,0.9375,0.9375,80,1.0,69,0.8625,numerical phase witness upper<0; positive conservative lower certifies sound,VERIFIED
S1,leave_environment_moving_meeting_room,random_orthogonal,fixed_coverage_grid,center_margin,400,160,0.4,155,0,0.96875,0.96875,38,0.2375,36,0.225,numerical phase witness upper<0; positive conservative lower certifies sound,VERIFIED
S1,leave_environment_moving_meeting_room,random_orthogonal,fixed_coverage_grid,maximum_response,400,160,0.4,155,0,0.96875,0.96875,38,0.2375,36,0.225,numerical phase witness upper<0; positive conservative lower certifies sound,VERIFIED
S1,leave_environment_moving_meeting_room,random_orthogonal,fixed_coverage_grid,negative_entropy,400,160,0.4,155,0,0.96875,0.96875,38,0.2375,36,0.225,numerical phase witness upper<0; positive conservative lower certifies sound,VERIFIED
S1,leave_environment_moving_meeting_room,random_orthogonal,fixed_coverage_grid,full_state_margin,400,160,0.4,155,0,0.96875,0.96875,160,1.0,135,0.84375,numerical phase witness upper<0; positive conservative lower certifies sound,VERIFIED
S1,leave_environment_moving_meeting_room,random_orthogonal,fixed_coverage_grid,center_margin,400,240,0.6,235,0,0.9791666666666666,0.9791666666666666,50,0.20833333333333334,47,0.19583333333333333,numerical phase witness upper<0; positive conservative lower certifies sound,VERIFIED
S1,leave_environment_moving_meeting_room,random_orthogonal,fixed_coverage_grid,maximum_response,400,240,0.6,235,0,0.9791666666666666,0.9791666666666666,47,0.19583333333333333,42,0.175,numerical phase witness upper<0; positive conservative lower certifies sound,VERIFIED
S1,leave_environment_moving_meeting_room,random_orthogonal,fixed_coverage_grid,negative_entropy,400,240,0.6,235,0,0.9791666666666666,0.9791666666666666,47,0.19583333333333333,42,0.175,numerical phase witness upper<0; positive conservative lower certifies sound,VERIFIED
S1,leave_environment_moving_meeting_room,random_orthogonal,fixed_coverage_grid,full_state_margin,400,240,0.6,235,0,0.9791666666666666,0.9791666666666666,240,1.0,185,0.7708333333333334,numerical phase witness upper<0; positive conservative lower certifies sound,VERIFIED
S1,leave_environment_moving_meeting_room,random_orthogonal,fixed_coverage_grid,center_margin,400,320,0.8,315,0,0.984375,0.984375,56,0.175,49,0.153125,numerical phase witness upper<0; positive conservative lower certifies sound,VERIFIED
S1,leave_environment_moving_meeting_room,random_orthogonal,fixed_coverage_grid,maximum_response,400,320,0.8,315,0,0.984375,0.984375,58,0.18125,50,0.15625,numerical phase witness upper<0; positive conservative lower certifies sound,VERIFIED
S1,leave_environment_moving_meeting_room,random_orthogonal,fixed_coverage_grid,negative_entropy,400,320,0.8,315,0,0.984375,0.984375,58,0.18125,50,0.15625,numerical phase witness upper<0; positive conservative lower certifies sound,VERIFIED
S1,leave_environment_moving_meeting_room,random_orthogonal,fixed_coverage_grid,full_state_margin,400,320,0.8,315,0,0.984375,0.984375,320,1.0,232,0.725,numerical phase witness upper<0; positive conservative lower certifies sound,VERIFIED
S1,leave_environment_moving_meeting_room,random_orthogonal,fixed_coverage_grid,center_margin,400,400,1.0,395,0,0.9875,0.9875,64,0.16,55,0.1375,numerical phase witness upper<0; positive conservative lower certifies sound,VERIFIED
S1,leave_environment_moving_meeting_room,random_orthogonal,fixed_coverage_grid,maximum_response,400,400,1.0,395,0,0.9875,0.9875,64,0.16,55,0.1375,numerical phase witness upper<0; positive conservative lower certifies sound,VERIFIED
S1,leave_environment_moving_meeting_room,random_orthogonal,fixed_coverage_grid,negative_entropy,400,400,1.0,395,0,0.9875,0.9875,64,0.16,55,0.1375,numerical phase witness upper<0; positive conservative lower certifies sound,VERIFIED
S1,leave_environment_moving_meeting_room,random_orthogonal,fixed_coverage_grid,full_state_margin,400,400,1.0,395,0,0.9875,0.9875,400,1.0,257,0.6425,numerical phase witness upper<0; positive conservative lower certifies sound,VERIFIED
S1,leave_environment_moving_meeting_room,permuted_polynomial,certificate_matched,exact_fiber,400,19,0.0475,0,0,0.0,0.0,19,1.0,19,1.0,numerical phase witness upper<0; positive conservative lower certifies sound,VERIFIED
S1,leave_environment_moving_meeting_room,permuted_polynomial,certificate_matched,center_margin,400,19,0.0475,16,0,0.8421052631578947,0.8421052631578947,5,0.2631578947368421,4,0.21052631578947367,numerical phase witness upper<0; positive conservative lower certifies sound,VERIFIED
S1,leave_environment_moving_meeting_room,permuted_polynomial,certificate_matched,maximum_response,400,19,0.0475,17,0,0.8947368421052632,0.8947368421052632,6,0.3157894736842105,3,0.15789473684210525,numerical phase witness upper<0; positive conservative lower certifies sound,VERIFIED
S1,leave_environment_moving_meeting_room,permuted_polynomial,certificate_matched,negative_entropy,400,19,0.0475,17,0,0.8947368421052632,0.8947368421052632,5,0.2631578947368421,3,0.15789473684210525,numerical phase witness upper<0; positive conservative lower certifies sound,VERIFIED
S1,leave_environment_moving_meeting_room,permuted_polynomial,certificate_matched,full_state_margin,400,19,0.0475,12,0,0.631578947368421,0.631578947368421,19,1.0,15,0.7894736842105263,numerical phase witness upper<0; positive conservative lower certifies sound,VERIFIED
S1,leave_environment_moving_meeting_room,permuted_polynomial,fixed_coverage_grid,center_margin,400,20,0.05,17,0,0.85,0.85,5,0.25,4,0.2,numerical phase witness upper<0; positive conservative lower certifies sound,VERIFIED
S1,leave_environment_moving_meeting_room,permuted_polynomial,fixed_coverage_grid,maximum_response,400,20,0.05,18,0,0.9,0.9,6,0.3,3,0.15,numerical phase witness upper<0; positive conservative lower certifies sound,VERIFIED
S1,leave_environment_moving_meeting_room,permuted_polynomial,fixed_coverage_grid,negative_entropy,400,20,0.05,18,0,0.9,0.9,6,0.3,3,0.15,numerical phase witness upper<0; positive conservative lower certifies sound,VERIFIED
S1,leave_environment_moving_meeting_room,permuted_polynomial,fixed_coverage_grid,full_state_margin,400,20,0.05,13,0,0.65,0.65,20,1.0,16,0.8,numerical phase witness upper<0; positive conservative lower certifies sound,VERIFIED
S1,leave_environment_moving_meeting_room,permuted_polynomial,fixed_coverage_grid,center_margin,400,40,0.1,35,0,0.875,0.875,11,0.275,10,0.25,numerical phase witness upper<0; positive conservative lower certifies sound,VERIFIED
S1,leave_environment_moving_meeting_room,permuted_polynomial,fixed_coverage_grid,maximum_response,400,40,0.1,38,0,0.95,0.95,8,0.2,4,0.1,numerical phase witness upper<0; positive conservative lower certifies sound,VERIFIED
S1,leave_environment_moving_meeting_room,permuted_polynomial,fixed_coverage_grid,negative_entropy,400,40,0.1,38,0,0.95,0.95,9,0.225,5,0.125,numerical phase witness upper<0; positive conservative lower certifies sound,VERIFIED
S1,leave_environment_moving_meeting_room,permuted_polynomial,fixed_coverage_grid,full_state_margin,400,40,0.1,28,0,0.7,0.7,40,1.0,34,0.85,numerical phase witness upper<0; positive conservative lower certifies sound,VERIFIED
S1,leave_environment_moving_meeting_room,permuted_polynomial,fixed_coverage_grid,center_margin,400,80,0.2,70,0,0.875,0.875,18,0.225,16,0.2,numerical phase witness upper<0; positive conservative lower certifies sound,VERIFIED
S1,leave_environment_moving_meeting_room,permuted_polynomial,fixed_coverage_grid,maximum_response,400,80,0.2,78,0,0.975,0.975,11,0.1375,7,0.0875,numerical phase witness upper<0; positive conservative lower certifies sound,VERIFIED
S1,leave_environment_moving_meeting_room,permuted_polynomial,fixed_coverage_grid,negative_entropy,400,80,0.2,76,0,0.95,0.95,13,0.1625,9,0.1125,numerical phase witness upper<0; positive conservative lower certifies sound,VERIFIED
S1,leave_environment_moving_meeting_room,permuted_polynomial,fixed_coverage_grid,full_state_margin,400,80,0.2,65,0,0.8125,0.8125,80,1.0,69,0.8625,numerical phase witness upper<0; positive conservative lower certifies sound,VERIFIED
S1,leave_environment_moving_meeting_room,permuted_polynomial,fixed_coverage_grid,center_margin,400,160,0.4,146,0,0.9125,0.9125,29,0.18125,26,0.1625,numerical phase witness upper<0; positive conservative lower certifies sound,VERIFIED
S1,leave_environment_moving_meeting_room,permuted_polynomial,fixed_coverage_grid,maximum_response,400,160,0.4,151,0,0.94375,0.94375,20,0.125,15,0.09375,numerical phase witness upper<0; positive conservative lower certifies sound,VERIFIED
S1,leave_environment_moving_meeting_room,permuted_polynomial,fixed_coverage_grid,negative_entropy,400,160,0.4,151,0,0.94375,0.94375,20,0.125,15,0.09375,numerical phase witness upper<0; positive conservative lower certifies sound,VERIFIED
S1,leave_environment_moving_meeting_room,permuted_polynomial,fixed_coverage_grid,full_state_margin,400,160,0.4,141,0,0.88125,0.88125,160,1.0,135,0.84375,numerical phase witness upper<0; positive conservative lower certifies sound,VERIFIED
S1,leave_environment_moving_meeting_room,permuted_polynomial,fixed_coverage_grid,center_margin,400,240,0.6,222,0,0.925,0.925,42,0.175,36,0.15,numerical phase witness upper<0; positive conservative lower certifies sound,VERIFIED
S1,leave_environment_moving_meeting_room,permuted_polynomial,fixed_coverage_grid,maximum_response,400,240,0.6,228,0,0.95,0.95,26,0.10833333333333334,22,0.09166666666666666,numerical phase witness upper<0; positive conservative lower certifies sound,VERIFIED
S1,leave_environment_moving_meeting_room,permuted_polynomial,fixed_coverage_grid,negative_entropy,400,240,0.6,228,0,0.95,0.95,27,0.1125,23,0.09583333333333334,numerical phase witness upper<0; positive conservative lower certifies sound,VERIFIED
S1,leave_environment_moving_meeting_room,permuted_polynomial,fixed_coverage_grid,full_state_margin,400,240,0.6,221,0,0.9208333333333333,0.9208333333333333,240,1.0,185,0.7708333333333334,numerical phase witness upper<0; positive conservative lower certifies sound,VERIFIED
S1,leave_environment_moving_meeting_room,permuted_polynomial,fixed_coverage_grid,center_margin,400,320,0.8,301,0,0.940625,0.940625,62,0.19375,55,0.171875,numerical phase witness upper<0; positive conservative lower certifies sound,VERIFIED
S1,leave_environment_moving_meeting_room,permuted_polynomial,fixed_coverage_grid,maximum_response,400,320,0.8,301,0,0.940625,0.940625,53,0.165625,48,0.15,numerical phase witness upper<0; positive conservative lower certifies sound,VERIFIED
S1,leave_environment_moving_meeting_room,permuted_polynomial,fixed_coverage_grid,negative_entropy,400,320,0.8,301,0,0.940625,0.940625,52,0.1625,49,0.153125,numerical phase witness upper<0; positive conservative lower certifies sound,VERIFIED
S1,leave_environment_moving_meeting_room,permuted_polynomial,fixed_coverage_grid,full_state_margin,400,320,0.8,301,0,0.940625,0.940625,320,1.0,232,0.725,numerical phase witness upper<0; positive conservative lower certifies sound,VERIFIED
S1,leave_environment_moving_meeting_room,permuted_polynomial,fixed_coverage_grid,center_margin,400,400,1.0,381,0,0.9525,0.9525,74,0.185,66,0.165,numerical phase witness upper<0; positive conservative lower certifies sound,VERIFIED
S1,leave_environment_moving_meeting_room,permuted_polynomial,fixed_coverage_grid,maximum_response,400,400,1.0,381,0,0.9525,0.9525,74,0.185,66,0.165,numerical phase witness upper<0; positive conservative lower certifies sound,VERIFIED
S1,leave_environment_moving_meeting_room,permuted_polynomial,fixed_coverage_grid,negative_entropy,400,400,1.0,381,0,0.9525,0.9525,74,0.185,66,0.165,numerical phase witness upper<0; positive conservative lower certifies sound,VERIFIED
S1,leave_environment_moving_meeting_room,permuted_polynomial,fixed_coverage_grid,full_state_margin,400,400,1.0,381,0,0.9525,0.9525,400,1.0,257,0.6425,numerical phase witness upper<0; positive conservative lower certifies sound,VERIFIED
S1,leave_environment_moving_office,coordinate,certificate_matched,exact_fiber,400,0,0.0,0,0,,,0,,0,,numerical phase witness upper<0; positive conservative lower certifies sound,VERIFIED
S1,leave_environment_moving_office,coordinate,certificate_matched,center_margin,400,0,0.0,0,0,,,0,,0,,numerical phase witness upper<0; positive conservative lower certifies sound,VERIFIED
S1,leave_environment_moving_office,coordinate,certificate_matched,maximum_response,400,0,0.0,0,0,,,0,,0,,numerical phase witness upper<0; positive conservative lower certifies sound,VERIFIED
S1,leave_environment_moving_office,coordinate,certificate_matched,negative_entropy,400,0,0.0,0,0,,,0,,0,,numerical phase witness upper<0; positive conservative lower certifies sound,VERIFIED
S1,leave_environment_moving_office,coordinate,certificate_matched,full_state_margin,400,0,0.0,0,0,,,0,,0,,numerical phase witness upper<0; positive conservative lower certifies sound,VERIFIED
S1,leave_environment_moving_office,coordinate,fixed_coverage_grid,center_margin,400,20,0.05,20,0,1.0,1.0,0,0.0,0,0.0,numerical phase witness upper<0; positive conservative lower certifies sound,VERIFIED
S1,leave_environment_moving_office,coordinate,fixed_coverage_grid,maximum_response,400,20,0.05,20,0,1.0,1.0,1,0.05,3,0.15,numerical phase witness upper<0; positive conservative lower certifies sound,VERIFIED
S1,leave_environment_moving_office,coordinate,fixed_coverage_grid,negative_entropy,400,20,0.05,20,0,1.0,1.0,0,0.0,0,0.0,numerical phase witness upper<0; positive conservative lower certifies sound,VERIFIED
S1,leave_environment_moving_office,coordinate,fixed_coverage_grid,full_state_margin,400,20,0.05,20,0,1.0,1.0,20,1.0,20,1.0,numerical phase witness upper<0; positive conservative lower certifies sound,VERIFIED
S1,leave_environment_moving_office,coordinate,fixed_coverage_grid,center_margin,400,40,0.1,40,0,1.0,1.0,0,0.0,0,0.0,numerical phase witness upper<0; positive conservative lower certifies sound,VERIFIED
S1,leave_environment_moving_office,coordinate,fixed_coverage_grid,maximum_response,400,40,0.1,40,0,1.0,1.0,1,0.025,5,0.125,numerical phase witness upper<0; positive conservative lower certifies sound,VERIFIED
S1,leave_environment_moving_office,coordinate,fixed_coverage_grid,negative_entropy,400,40,0.1,40,0,1.0,1.0,0,0.0,0,0.0,numerical phase witness upper<0; positive conservative lower certifies sound,VERIFIED
S1,leave_environment_moving_office,coordinate,fixed_coverage_grid,full_state_margin,400,40,0.1,40,0,1.0,1.0,40,1.0,40,1.0,numerical phase witness upper<0; positive conservative lower certifies sound,VERIFIED
S1,leave_environment_moving_office,coordinate,fixed_coverage_grid,center_margin,400,80,0.2,80,0,1.0,1.0,0,0.0,3,0.0375,numerical phase witness upper<0; positive conservative lower certifies sound,VERIFIED
S1,leave_environment_moving_office,coordinate,fixed_coverage_grid,maximum_response,400,80,0.2,80,0,1.0,1.0,1,0.0125,9,0.1125,numerical phase witness upper<0; positive conservative lower certifies sound,VERIFIED
S1,leave_environment_moving_office,coordinate,fixed_coverage_grid,negative_entropy,400,80,0.2,80,0,1.0,1.0,0,0.0,3,0.0375,numerical phase witness upper<0; positive conservative lower certifies sound,VERIFIED
S1,leave_environment_moving_office,coordinate,fixed_coverage_grid,full_state_margin,400,80,0.2,80,0,1.0,1.0,80,1.0,73,0.9125,numerical phase witness upper<0; positive conservative lower certifies sound,VERIFIED
S1,leave_environment_moving_office,coordinate,fixed_coverage_grid,center_margin,400,160,0.4,160,0,1.0,1.0,3,0.01875,11,0.06875,numerical phase witness upper<0; positive conservative lower certifies sound,VERIFIED
S1,leave_environment_moving_office,coordinate,fixed_coverage_grid,maximum_response,400,160,0.4,160,0,1.0,1.0,4,0.025,15,0.09375,numerical phase witness upper<0; positive conservative lower certifies sound,VERIFIED
S1,leave_environment_moving_office,coordinate,fixed_coverage_grid,negative_entropy,400,160,0.4,160,0,1.0,1.0,4,0.025,12,0.075,numerical phase witness upper<0; positive conservative lower certifies sound,VERIFIED
S1,leave_environment_moving_office,coordinate,fixed_coverage_grid,full_state_margin,400,160,0.4,160,0,1.0,1.0,160,1.0,124,0.775,numerical phase witness upper<0; positive conservative lower certifies sound,VERIFIED
S1,leave_environment_moving_office,coordinate,fixed_coverage_grid,center_margin,400,240,0.6,240,0,1.0,1.0,6,0.025,21,0.0875,numerical phase witness upper<0; positive conservative lower certifies sound,VERIFIED
S1,leave_environment_moving_office,coordinate,fixed_coverage_grid,maximum_response,400,240,0.6,240,0,1.0,1.0,6,0.025,21,0.0875,numerical phase witness upper<0; positive conservative lower certifies sound,VERIFIED
S1,leave_environment_moving_office,coordinate,fixed_coverage_grid,negative_entropy,400,240,0.6,240,0,1.0,1.0,6,0.025,23,0.09583333333333334,numerical phase witness upper<0; positive conservative lower certifies sound,VERIFIED
S1,leave_environment_moving_office,coordinate,fixed_coverage_grid,full_state_margin,400,240,0.6,240,0,1.0,1.0,240,1.0,158,0.6583333333333333,numerical phase witness upper<0; positive conservative lower certifies sound,VERIFIED
S1,leave_environment_moving_office,coordinate,fixed_coverage_grid,center_margin,400,320,0.8,320,0,1.0,1.0,11,0.034375,34,0.10625,numerical phase witness upper<0; positive conservative lower certifies sound,VERIFIED
S1,leave_environment_moving_office,coordinate,fixed_coverage_grid,maximum_response,400,320,0.8,320,0,1.0,1.0,10,0.03125,33,0.103125,numerical phase witness upper<0; positive conservative lower certifies sound,VERIFIED
S1,leave_environment_moving_office,coordinate,fixed_coverage_grid,negative_entropy,400,320,0.8,320,0,1.0,1.0,9,0.028125,35,0.109375,numerical phase witness upper<0; positive conservative lower certifies sound,VERIFIED
S1,leave_environment_moving_office,coordinate,fixed_coverage_grid,full_state_margin,400,320,0.8,320,0,1.0,1.0,320,1.0,192,0.6,numerical phase witness upper<0; positive conservative lower certifies sound,VERIFIED
S1,leave_environment_moving_office,coordinate,fixed_coverage_grid,center_margin,400,400,1.0,400,0,1.0,1.0,14,0.035,45,0.1125,numerical phase witness upper<0; positive conservative lower certifies sound,VERIFIED
S1,leave_environment_moving_office,coordinate,fixed_coverage_grid,maximum_response,400,400,1.0,400,0,1.0,1.0,14,0.035,45,0.1125,numerical phase witness upper<0; positive conservative lower certifies sound,VERIFIED
S1,leave_environment_moving_office,coordinate,fixed_coverage_grid,negative_entropy,400,400,1.0,400,0,1.0,1.0,14,0.035,45,0.1125,numerical phase witness upper<0; positive conservative lower certifies sound,VERIFIED
S1,leave_environment_moving_office,coordinate,fixed_coverage_grid,full_state_margin,400,400,1.0,400,0,1.0,1.0,400,1.0,218,0.545,numerical phase witness upper<0; positive conservative lower certifies sound,VERIFIED
S1,leave_environment_moving_office,dct,certificate_matched,exact_fiber,400,1,0.0025,0,0,0.0,0.0,1,1.0,1,1.0,numerical phase witness upper<0; positive conservative lower certifies sound,VERIFIED
S1,leave_environment_moving_office,dct,certificate_matched,center_margin,400,1,0.0025,1,0,1.0,1.0,0,0.0,0,0.0,numerical phase witness upper<0; positive conservative lower certifies sound,VERIFIED
S1,leave_environment_moving_office,dct,certificate_matched,maximum_response,400,1,0.0025,1,0,1.0,1.0,0,0.0,0,0.0,numerical phase witness upper<0; positive conservative lower certifies sound,VERIFIED
S1,leave_environment_moving_office,dct,certificate_matched,negative_entropy,400,1,0.0025,1,0,1.0,1.0,0,0.0,0,0.0,numerical phase witness upper<0; positive conservative lower certifies sound,VERIFIED
S1,leave_environment_moving_office,dct,certificate_matched,full_state_margin,400,1,0.0025,1,0,1.0,1.0,1,1.0,1,1.0,numerical phase witness upper<0; positive conservative lower certifies sound,VERIFIED
S1,leave_environment_moving_office,dct,fixed_coverage_grid,center_margin,400,20,0.05,19,0,0.95,0.95,5,0.25,6,0.3,numerical phase witness upper<0; positive conservative lower certifies sound,VERIFIED
S1,leave_environment_moving_office,dct,fixed_coverage_grid,maximum_response,400,20,0.05,20,0,1.0,1.0,11,0.55,12,0.6,numerical phase witness upper<0; positive conservative lower certifies sound,VERIFIED
S1,leave_environment_moving_office,dct,fixed_coverage_grid,negative_entropy,400,20,0.05,20,0,1.0,1.0,13,0.65,14,0.7,numerical phase witness upper<0; positive conservative lower certifies sound,VERIFIED
S1,leave_environment_moving_office,dct,fixed_coverage_grid,full_state_margin,400,20,0.05,20,0,1.0,1.0,20,1.0,20,1.0,numerical phase witness upper<0; positive conservative lower certifies sound,VERIFIED
S1,leave_environment_moving_office,dct,fixed_coverage_grid,center_margin,400,40,0.1,39,0,0.975,0.975,7,0.175,9,0.225,numerical phase witness upper<0; positive conservative lower certifies sound,VERIFIED
S1,leave_environment_moving_office,dct,fixed_coverage_grid,maximum_response,400,40,0.1,39,0,0.975,0.975,23,0.575,25,0.625,numerical phase witness upper<0; positive conservative lower certifies sound,VERIFIED
S1,leave_environment_moving_office,dct,fixed_coverage_grid,negative_entropy,400,40,0.1,39,0,0.975,0.975,24,0.6,26,0.65,numerical phase witness upper<0; positive conservative lower certifies sound,VERIFIED
S1,leave_environment_moving_office,dct,fixed_coverage_grid,full_state_margin,400,40,0.1,39,0,0.975,0.975,40,1.0,40,1.0,numerical phase witness upper<0; positive conservative lower certifies sound,VERIFIED
S1,leave_environment_moving_office,dct,fixed_coverage_grid,center_margin,400,80,0.2,79,0,0.9875,0.9875,14,0.175,20,0.25,numerical phase witness upper<0; positive conservative lower certifies sound,VERIFIED
S1,leave_environment_moving_office,dct,fixed_coverage_grid,maximum_response,400,80,0.2,79,0,0.9875,0.9875,33,0.4125,35,0.4375,numerical phase witness upper<0; positive conservative lower certifies sound,VERIFIED
S1,leave_environment_moving_office,dct,fixed_coverage_grid,negative_entropy,400,80,0.2,79,0,0.9875,0.9875,36,0.45,36,0.45,numerical phase witness upper<0; positive conservative lower certifies sound,VERIFIED
S1,leave_environment_moving_office,dct,fixed_coverage_grid,full_state_margin,400,80,0.2,79,0,0.9875,0.9875,80,1.0,73,0.9125,numerical phase witness upper<0; positive conservative lower certifies sound,VERIFIED
S1,leave_environment_moving_office,dct,fixed_coverage_grid,center_margin,400,160,0.4,159,0,0.99375,0.99375,29,0.18125,40,0.25,numerical phase witness upper<0; positive conservative lower certifies sound,VERIFIED
S1,leave_environment_moving_office,dct,fixed_coverage_grid,maximum_response,400,160,0.4,159,0,0.99375,0.99375,43,0.26875,47,0.29375,numerical phase witness upper<0; positive conservative lower certifies sound,VERIFIED
S1,leave_environment_moving_office,dct,fixed_coverage_grid,negative_entropy,400,160,0.4,159,0,0.99375,0.99375,46,0.2875,46,0.2875,numerical phase witness upper<0; positive conservative lower certifies sound,VERIFIED
S1,leave_environment_moving_office,dct,fixed_coverage_grid,full_state_margin,400,160,0.4,159,0,0.99375,0.99375,160,1.0,124,0.775,numerical phase witness upper<0; positive conservative lower certifies sound,VERIFIED
S1,leave_environment_moving_office,dct,fixed_coverage_grid,center_margin,400,240,0.6,239,0,0.9958333333333333,0.9958333333333333,46,0.19166666666666668,59,0.24583333333333332,numerical phase witness upper<0; positive conservative lower certifies sound,VERIFIED
S1,leave_environment_moving_office,dct,fixed_coverage_grid,maximum_response,400,240,0.6,239,0,0.9958333333333333,0.9958333333333333,63,0.2625,64,0.26666666666666666,numerical phase witness upper<0; positive conservative lower certifies sound,VERIFIED
S1,leave_environment_moving_office,dct,fixed_coverage_grid,negative_entropy,400,240,0.6,239,0,0.9958333333333333,0.9958333333333333,62,0.25833333333333336,64,0.26666666666666666,numerical phase witness upper<0; positive conservative lower certifies sound,VERIFIED
S1,leave_environment_moving_office,dct,fixed_coverage_grid,full_state_margin,400,240,0.6,239,0,0.9958333333333333,0.9958333333333333,240,1.0,158,0.6583333333333333,numerical phase witness upper<0; positive conservative lower certifies sound,VERIFIED
S1,leave_environment_moving_office,dct,fixed_coverage_grid,center_margin,400,320,0.8,319,0,0.996875,0.996875,65,0.203125,80,0.25,numerical phase witness upper<0; positive conservative lower certifies sound,VERIFIED
S1,leave_environment_moving_office,dct,fixed_coverage_grid,maximum_response,400,320,0.8,319,0,0.996875,0.996875,73,0.228125,83,0.259375,numerical phase witness upper<0; positive conservative lower certifies sound,VERIFIED
S1,leave_environment_moving_office,dct,fixed_coverage_grid,negative_entropy,400,320,0.8,319,0,0.996875,0.996875,76,0.2375,80,0.25,numerical phase witness upper<0; positive conservative lower certifies sound,VERIFIED
S1,leave_environment_moving_office,dct,fixed_coverage_grid,full_state_margin,400,320,0.8,319,0,0.996875,0.996875,320,1.0,192,0.6,numerical phase witness upper<0; positive conservative lower certifies sound,VERIFIED
S1,leave_environment_moving_office,dct,fixed_coverage_grid,center_margin,400,400,1.0,399,0,0.9975,0.9975,80,0.2,93,0.2325,numerical phase witness upper<0; positive conservative lower certifies sound,VERIFIED
S1,leave_environment_moving_office,dct,fixed_coverage_grid,maximum_response,400,400,1.0,399,0,0.9975,0.9975,80,0.2,93,0.2325,numerical phase witness upper<0; positive conservative lower certifies sound,VERIFIED
S1,leave_environment_moving_office,dct,fixed_coverage_grid,negative_entropy,400,400,1.0,399,0,0.9975,0.9975,80,0.2,93,0.2325,numerical phase witness upper<0; positive conservative lower certifies sound,VERIFIED
S1,leave_environment_moving_office,dct,fixed_coverage_grid,full_state_margin,400,400,1.0,399,0,0.9975,0.9975,400,1.0,218,0.545,numerical phase witness upper<0; positive conservative lower certifies sound,VERIFIED
S1,leave_environment_moving_office,dft,certificate_matched,exact_fiber,400,42,0.105,0,0,0.0,0.0,42,1.0,36,0.8571428571428571,numerical phase witness upper<0; positive conservative lower certifies sound,VERIFIED
S1,leave_environment_moving_office,dft,certificate_matched,center_margin,400,42,0.105,24,0,0.5714285714285714,0.5714285714285714,26,0.6190476190476191,15,0.35714285714285715,numerical phase witness upper<0; positive conservative lower certifies sound,VERIFIED
S1,leave_environment_moving_office,dft,certificate_matched,maximum_response,400,42,0.105,35,0,0.8333333333333334,0.8333333333333334,12,0.2857142857142857,5,0.11904761904761904,numerical phase witness upper<0; positive conservative lower certifies sound,VERIFIED
S1,leave_environment_moving_office,dft,certificate_matched,negative_entropy,400,42,0.105,34,0,0.8095238095238095,0.8095238095238095,14,0.3333333333333333,6,0.14285714285714285,numerical phase witness upper<0; positive conservative lower certifies sound,VERIFIED
S1,leave_environment_moving_office,dft,certificate_matched,full_state_margin,400,42,0.105,10,0,0.23809523809523808,0.23809523809523808,42,1.0,42,1.0,numerical phase witness upper<0; positive conservative lower certifies sound,VERIFIED
S1,leave_environment_moving_office,dft,fixed_coverage_grid,center_margin,400,20,0.05,11,0,0.55,0.55,13,0.65,6,0.3,numerical phase witness upper<0; positive conservative lower certifies sound,VERIFIED
S1,leave_environment_moving_office,dft,fixed_coverage_grid,maximum_response,400,20,0.05,17,0,0.85,0.85,7,0.35,2,0.1,numerical phase witness upper<0; positive conservative lower certifies sound,VERIFIED
S1,leave_environment_moving_office,dft,fixed_coverage_grid,negative_entropy,400,20,0.05,17,0,0.85,0.85,7,0.35,1,0.05,numerical phase witness upper<0; positive conservative lower certifies sound,VERIFIED
S1,leave_environment_moving_office,dft,fixed_coverage_grid,full_state_margin,400,20,0.05,2,0,0.1,0.1,20,1.0,20,1.0,numerical phase witness upper<0; positive conservative lower certifies sound,VERIFIED
S1,leave_environment_moving_office,dft,fixed_coverage_grid,center_margin,400,40,0.1,23,0,0.575,0.575,25,0.625,14,0.35,numerical phase witness upper<0; positive conservative lower certifies sound,VERIFIED
S1,leave_environment_moving_office,dft,fixed_coverage_grid,maximum_response,400,40,0.1,34,0,0.85,0.85,11,0.275,4,0.1,numerical phase witness upper<0; positive conservative lower certifies sound,VERIFIED
S1,leave_environment_moving_office,dft,fixed_coverage_grid,negative_entropy,400,40,0.1,33,0,0.825,0.825,13,0.325,5,0.125,numerical phase witness upper<0; positive conservative lower certifies sound,VERIFIED
S1,leave_environment_moving_office,dft,fixed_coverage_grid,full_state_margin,400,40,0.1,8,0,0.2,0.2,40,1.0,40,1.0,numerical phase witness upper<0; positive conservative lower certifies sound,VERIFIED
S1,leave_environment_moving_office,dft,fixed_coverage_grid,center_margin,400,80,0.2,49,0,0.6125,0.6125,45,0.5625,27,0.3375,numerical phase witness upper<0; positive conservative lower certifies sound,VERIFIED
S1,leave_environment_moving_office,dft,fixed_coverage_grid,maximum_response,400,80,0.2,68,0,0.85,0.85,22,0.275,10,0.125,numerical phase witness upper<0; positive conservative lower certifies sound,VERIFIED
S1,leave_environment_moving_office,dft,fixed_coverage_grid,negative_entropy,400,80,0.2,64,0,0.8,0.8,26,0.325,14,0.175,numerical phase witness upper<0; positive conservative lower certifies sound,VERIFIED
S1,leave_environment_moving_office,dft,fixed_coverage_grid,full_state_margin,400,80,0.2,43,0,0.5375,0.5375,80,1.0,73,0.9125,numerical phase witness upper<0; positive conservative lower certifies sound,VERIFIED
S1,leave_environment_moving_office,dft,fixed_coverage_grid,center_margin,400,160,0.4,120,0,0.75,0.75,64,0.4,36,0.225,numerical phase witness upper<0; positive conservative lower certifies sound,VERIFIED
S1,leave_environment_moving_office,dft,fixed_coverage_grid,maximum_response,400,160,0.4,133,0,0.83125,0.83125,42,0.2625,24,0.15,numerical phase witness upper<0; positive conservative lower certifies sound,VERIFIED
S1,leave_environment_moving_office,dft,fixed_coverage_grid,negative_entropy,400,160,0.4,134,0,0.8375,0.8375,42,0.2625,24,0.15,numerical phase witness upper<0; positive conservative lower certifies sound,VERIFIED
S1,leave_environment_moving_office,dft,fixed_coverage_grid,full_state_margin,400,160,0.4,119,0,0.74375,0.74375,160,1.0,124,0.775,numerical phase witness upper<0; positive conservative lower certifies sound,VERIFIED
S1,leave_environment_moving_office,dft,fixed_coverage_grid,center_margin,400,240,0.6,199,0,0.8291666666666667,0.8291666666666667,72,0.3,41,0.17083333333333334,numerical phase witness upper<0; positive conservative lower certifies sound,VERIFIED
S1,leave_environment_moving_office,dft,fixed_coverage_grid,maximum_response,400,240,0.6,200,0,0.8333333333333334,0.8333333333333334,69,0.2875,43,0.17916666666666667,numerical phase witness upper<0; positive conservative lower certifies sound,VERIFIED
S1,leave_environment_moving_office,dft,fixed_coverage_grid,negative_entropy,400,240,0.6,200,0,0.8333333333333334,0.8333333333333334,66,0.275,43,0.17916666666666667,numerical phase witness upper<0; positive conservative lower certifies sound,VERIFIED
S1,leave_environment_moving_office,dft,fixed_coverage_grid,full_state_margin,400,240,0.6,199,0,0.8291666666666667,0.8291666666666667,240,1.0,158,0.6583333333333333,numerical phase witness upper<0; positive conservative lower certifies sound,VERIFIED
S1,leave_environment_moving_office,dft,fixed_coverage_grid,center_margin,400,320,0.8,278,0,0.86875,0.86875,79,0.246875,48,0.15,numerical phase witness upper<0; positive conservative lower certifies sound,VERIFIED
S1,leave_environment_moving_office,dft,fixed_coverage_grid,maximum_response,400,320,0.8,278,0,0.86875,0.86875,81,0.253125,48,0.15,numerical phase witness upper<0; positive conservative lower certifies sound,VERIFIED
S1,leave_environment_moving_office,dft,fixed_coverage_grid,negative_entropy,400,320,0.8,278,0,0.86875,0.86875,84,0.2625,50,0.15625,numerical phase witness upper<0; positive conservative lower certifies sound,VERIFIED
S1,leave_environment_moving_office,dft,fixed_coverage_grid,full_state_margin,400,320,0.8,279,0,0.871875,0.871875,320,1.0,192,0.6,numerical phase witness upper<0; positive conservative lower certifies sound,VERIFIED
S1,leave_environment_moving_office,dft,fixed_coverage_grid,center_margin,400,400,1.0,358,0,0.895,0.895,87,0.2175,54,0.135,numerical phase witness upper<0; positive conservative lower certifies sound,VERIFIED
S1,leave_environment_moving_office,dft,fixed_coverage_grid,maximum_response,400,400,1.0,358,0,0.895,0.895,87,0.2175,54,0.135,numerical phase witness upper<0; positive conservative lower certifies sound,VERIFIED
S1,leave_environment_moving_office,dft,fixed_coverage_grid,negative_entropy,400,400,1.0,358,0,0.895,0.895,87,0.2175,54,0.135,numerical phase witness upper<0; positive conservative lower certifies sound,VERIFIED
S1,leave_environment_moving_office,dft,fixed_coverage_grid,full_state_margin,400,400,1.0,358,0,0.895,0.895,400,1.0,218,0.545,numerical phase witness upper<0; positive conservative lower certifies sound,VERIFIED
S1,leave_environment_moving_office,polynomial,certificate_matched,exact_fiber,400,296,0.74,0,0,0.0,0.0,296,1.0,192,0.6486486486486487,numerical phase witness upper<0; positive conservative lower certifies sound,VERIFIED
S1,leave_environment_moving_office,polynomial,certificate_matched,center_margin,400,296,0.74,19,0,0.06418918918918919,0.06418918918918919,290,0.9797297297297297,195,0.6587837837837838,numerical phase witness upper<0; positive conservative lower certifies sound,VERIFIED
S1,leave_environment_moving_office,polynomial,certificate_matched,maximum_response,400,296,0.74,47,0,0.15878378378378377,0.15878378378378377,276,0.9324324324324325,192,0.6486486486486487,numerical phase witness upper<0; positive conservative lower certifies sound,VERIFIED
S1,leave_environment_moving_office,polynomial,certificate_matched,negative_entropy,400,296,0.74,59,0,0.19932432432432431,0.19932432432432431,270,0.9121621621621622,189,0.6385135135135135,numerical phase witness upper<0; positive conservative lower certifies sound,VERIFIED
S1,leave_environment_moving_office,polynomial,certificate_matched,full_state_margin,400,296,0.74,35,0,0.11824324324324324,0.11824324324324324,296,1.0,178,0.6013513513513513,numerical phase witness upper<0; positive conservative lower certifies sound,VERIFIED
S1,leave_environment_moving_office,polynomial,fixed_coverage_grid,center_margin,400,20,0.05,0,0,0.0,0.0,20,1.0,20,1.0,numerical phase witness upper<0; positive conservative lower certifies sound,VERIFIED
S1,leave_environment_moving_office,polynomial,fixed_coverage_grid,maximum_response,400,20,0.05,0,0,0.0,0.0,20,1.0,19,0.95,numerical phase witness upper<0; positive conservative lower certifies sound,VERIFIED
S1,leave_environment_moving_office,polynomial,fixed_coverage_grid,negative_entropy,400,20,0.05,0,0,0.0,0.0,20,1.0,19,0.95,numerical phase witness upper<0; positive conservative lower certifies sound,VERIFIED
S1,leave_environment_moving_office,polynomial,fixed_coverage_grid,full_state_margin,400,20,0.05,0,0,0.0,0.0,20,1.0,20,1.0,numerical phase witness upper<0; positive conservative lower certifies sound,VERIFIED
S1,leave_environment_moving_office,polynomial,fixed_coverage_grid,center_margin,400,40,0.1,0,0,0.0,0.0,40,1.0,40,1.0,numerical phase witness upper<0; positive conservative lower certifies sound,VERIFIED
S1,leave_environment_moving_office,polynomial,fixed_coverage_grid,maximum_response,400,40,0.1,0,0,0.0,0.0,40,1.0,37,0.925,numerical phase witness upper<0; positive conservative lower certifies sound,VERIFIED
S1,leave_environment_moving_office,polynomial,fixed_coverage_grid,negative_entropy,400,40,0.1,3,0,0.075,0.075,38,0.95,33,0.825,numerical phase witness upper<0; positive conservative lower certifies sound,VERIFIED
S1,leave_environment_moving_office,polynomial,fixed_coverage_grid,full_state_margin,400,40,0.1,0,0,0.0,0.0,40,1.0,40,1.0,numerical phase witness upper<0; positive conservative lower certifies sound,VERIFIED
S1,leave_environment_moving_office,polynomial,fixed_coverage_grid,center_margin,400,80,0.2,0,0,0.0,0.0,80,1.0,73,0.9125,numerical phase witness upper<0; positive conservative lower certifies sound,VERIFIED
S1,leave_environment_moving_office,polynomial,fixed_coverage_grid,maximum_response,400,80,0.2,6,0,0.075,0.075,77,0.9625,62,0.775,numerical phase witness upper<0; positive conservative lower certifies sound,VERIFIED
S1,leave_environment_moving_office,polynomial,fixed_coverage_grid,negative_entropy,400,80,0.2,9,0,0.1125,0.1125,74,0.925,59,0.7375,numerical phase witness upper<0; positive conservative lower certifies sound,VERIFIED
S1,leave_environment_moving_office,polynomial,fixed_coverage_grid,full_state_margin,400,80,0.2,0,0,0.0,0.0,80,1.0,73,0.9125,numerical phase witness upper<0; positive conservative lower certifies sound,VERIFIED
S1,leave_environment_moving_office,polynomial,fixed_coverage_grid,center_margin,400,160,0.4,0,0,0.0,0.0,160,1.0,131,0.81875,numerical phase witness upper<0; positive conservative lower certifies sound,VERIFIED
S1,leave_environment_moving_office,polynomial,fixed_coverage_grid,maximum_response,400,160,0.4,14,0,0.0875,0.0875,152,0.95,119,0.74375,numerical phase witness upper<0; positive conservative lower certifies sound,VERIFIED
S1,leave_environment_moving_office,polynomial,fixed_coverage_grid,negative_entropy,400,160,0.4,22,0,0.1375,0.1375,146,0.9125,113,0.70625,numerical phase witness upper<0; positive conservative lower certifies sound,VERIFIED
S1,leave_environment_moving_office,polynomial,fixed_coverage_grid,full_state_margin,400,160,0.4,5,0,0.03125,0.03125,160,1.0,124,0.775,numerical phase witness upper<0; positive conservative lower certifies sound,VERIFIED
S1,leave_environment_moving_office,polynomial,fixed_coverage_grid,center_margin,400,240,0.6,6,0,0.025,0.025,239,0.9958333333333333,168,0.7,numerical phase witness upper<0; positive conservative lower certifies sound,VERIFIED
S1,leave_environment_moving_office,polynomial,fixed_coverage_grid,maximum_response,400,240,0.6,28,0,0.11666666666666667,0.11666666666666667,225,0.9375,171,0.7125,numerical phase witness upper<0; positive conservative lower certifies sound,VERIFIED
S1,leave_environment_moving_office,polynomial,fixed_coverage_grid,negative_entropy,400,240,0.6,44,0,0.18333333333333332,0.18333333333333332,219,0.9125,160,0.6666666666666666,numerical phase witness upper<0; positive conservative lower certifies sound,VERIFIED
S1,leave_environment_moving_office,polynomial,fixed_coverage_grid,full_state_margin,400,240,0.6,20,0,0.08333333333333333,0.08333333333333333,240,1.0,158,0.6583333333333333,numerical phase witness upper<0; positive conservative lower certifies sound,VERIFIED
S1,leave_environment_moving_office,polynomial,fixed_coverage_grid,center_margin,400,320,0.8,34,0,0.10625,0.10625,312,0.975,203,0.634375,numerical phase witness upper<0; positive conservative lower certifies sound,VERIFIED
S1,leave_environment_moving_office,polynomial,fixed_coverage_grid,maximum_response,400,320,0.8,54,0,0.16875,0.16875,298,0.93125,202,0.63125,numerical phase witness upper<0; positive conservative lower certifies sound,VERIFIED
S1,leave_environment_moving_office,polynomial,fixed_coverage_grid,negative_entropy,400,320,0.8,70,0,0.21875,0.21875,292,0.9125,199,0.621875,numerical phase witness upper<0; positive conservative lower certifies sound,VERIFIED
S1,leave_environment_moving_office,polynomial,fixed_coverage_grid,full_state_margin,400,320,0.8,46,0,0.14375,0.14375,320,1.0,192,0.6,numerical phase witness upper<0; positive conservative lower certifies sound,VERIFIED
S1,leave_environment_moving_office,polynomial,fixed_coverage_grid,center_margin,400,400,1.0,104,0,0.26,0.26,360,0.9,223,0.5575,numerical phase witness upper<0; positive conservative lower certifies sound,VERIFIED
S1,leave_environment_moving_office,polynomial,fixed_coverage_grid,maximum_response,400,400,1.0,104,0,0.26,0.26,360,0.9,223,0.5575,numerical phase witness upper<0; positive conservative lower certifies sound,VERIFIED
S1,leave_environment_moving_office,polynomial,fixed_coverage_grid,negative_entropy,400,400,1.0,104,0,0.26,0.26,360,0.9,223,0.5575,numerical phase witness upper<0; positive conservative lower certifies sound,VERIFIED
S1,leave_environment_moving_office,polynomial,fixed_coverage_grid,full_state_margin,400,400,1.0,104,0,0.26,0.26,400,1.0,218,0.545,numerical phase witness upper<0; positive conservative lower certifies sound,VERIFIED
S1,leave_environment_moving_office,random_orthogonal,certificate_matched,exact_fiber,400,13,0.0325,0,0,0.0,0.0,13,1.0,13,1.0,numerical phase witness upper<0; positive conservative lower certifies sound,VERIFIED
S1,leave_environment_moving_office,random_orthogonal,certificate_matched,center_margin,400,13,0.0325,4,0,0.3076923076923077,0.3076923076923077,10,0.7692307692307693,9,0.6923076923076923,numerical phase witness upper<0; positive conservative lower certifies sound,VERIFIED
S1,leave_environment_moving_office,random_orthogonal,certificate_matched,maximum_response,400,13,0.0325,3,0,0.23076923076923078,0.23076923076923078,10,0.7692307692307693,11,0.8461538461538461,numerical phase witness upper<0; positive conservative lower certifies sound,VERIFIED
S1,leave_environment_moving_office,random_orthogonal,certificate_matched,negative_entropy,400,13,0.0325,3,0,0.23076923076923078,0.23076923076923078,11,0.8461538461538461,10,0.7692307692307693,numerical phase witness upper<0; positive conservative lower certifies sound,VERIFIED
S1,leave_environment_moving_office,random_orthogonal,certificate_matched,full_state_margin,400,13,0.0325,5,0,0.38461538461538464,0.38461538461538464,13,1.0,13,1.0,numerical phase witness upper<0; positive conservative lower certifies sound,VERIFIED
S1,leave_environment_moving_office,random_orthogonal,fixed_coverage_grid,center_margin,400,20,0.05,9,0,0.45,0.45,15,0.75,13,0.65,numerical phase witness upper<0; positive conservative lower certifies sound,VERIFIED
S1,leave_environment_moving_office,random_orthogonal,fixed_coverage_grid,maximum_response,400,20,0.05,8,0,0.4,0.4,15,0.75,15,0.75,numerical phase witness upper<0; positive conservative lower certifies sound,VERIFIED
S1,leave_environment_moving_office,random_orthogonal,fixed_coverage_grid,negative_entropy,400,20,0.05,9,0,0.45,0.45,15,0.75,13,0.65,numerical phase witness upper<0; positive conservative lower certifies sound,VERIFIED
S1,leave_environment_moving_office,random_orthogonal,fixed_coverage_grid,full_state_margin,400,20,0.05,9,0,0.45,0.45,20,1.0,20,1.0,numerical phase witness upper<0; positive conservative lower certifies sound,VERIFIED
S1,leave_environment_moving_office,random_orthogonal,fixed_coverage_grid,center_margin,400,40,0.1,27,0,0.675,0.675,25,0.625,19,0.475,numerical phase witness upper<0; positive conservative lower certifies sound,VERIFIED
S1,leave_environment_moving_office,random_orthogonal,fixed_coverage_grid,maximum_response,400,40,0.1,27,0,0.675,0.675,24,0.6,20,0.5,numerical phase witness upper<0; positive conservative lower certifies sound,VERIFIED
S1,leave_environment_moving_office,random_orthogonal,fixed_coverage_grid,negative_entropy,400,40,0.1,27,0,0.675,0.675,25,0.625,19,0.475,numerical phase witness upper<0; positive conservative lower certifies sound,VERIFIED
S1,leave_environment_moving_office,random_orthogonal,fixed_coverage_grid,full_state_margin,400,40,0.1,27,0,0.675,0.675,40,1.0,40,1.0,numerical phase witness upper<0; positive conservative lower certifies sound,VERIFIED
S1,leave_environment_moving_office,random_orthogonal,fixed_coverage_grid,center_margin,400,80,0.2,67,0,0.8375,0.8375,39,0.4875,26,0.325,numerical phase witness upper<0; positive conservative lower certifies sound,VERIFIED
S1,leave_environment_moving_office,random_orthogonal,fixed_coverage_grid,maximum_response,400,80,0.2,67,0,0.8375,0.8375,45,0.5625,30,0.375,numerical phase witness upper<0; positive conservative lower certifies sound,VERIFIED
S1,leave_environment_moving_office,random_orthogonal,fixed_coverage_grid,negative_entropy,400,80,0.2,67,0,0.8375,0.8375,43,0.5375,26,0.325,numerical phase witness upper<0; positive conservative lower certifies sound,VERIFIED
S1,leave_environment_moving_office,random_orthogonal,fixed_coverage_grid,full_state_margin,400,80,0.2,67,0,0.8375,0.8375,80,1.0,73,0.9125,numerical phase witness upper<0; positive conservative lower certifies sound,VERIFIED
S1,leave_environment_moving_office,random_orthogonal,fixed_coverage_grid,center_margin,400,160,0.4,147,0,0.91875,0.91875,60,0.375,43,0.26875,numerical phase witness upper<0; positive conservative lower certifies sound,VERIFIED
S1,leave_environment_moving_office,random_orthogonal,fixed_coverage_grid,maximum_response,400,160,0.4,147,0,0.91875,0.91875,64,0.4,41,0.25625,numerical phase witness upper<0; positive conservative lower certifies sound,VERIFIED
S1,leave_environment_moving_office,random_orthogonal,fixed_coverage_grid,negative_entropy,400,160,0.4,147,0,0.91875,0.91875,64,0.4,40,0.25,numerical phase witness upper<0; positive conservative lower certifies sound,VERIFIED
S1,leave_environment_moving_office,random_orthogonal,fixed_coverage_grid,full_state_margin,400,160,0.4,147,0,0.91875,0.91875,160,1.0,124,0.775,numerical phase witness upper<0; positive conservative lower certifies sound,VERIFIED
S1,leave_environment_moving_office,random_orthogonal,fixed_coverage_grid,center_margin,400,240,0.6,227,0,0.9458333333333333,0.9458333333333333,67,0.2791666666666667,48,0.2,numerical phase witness upper<0; positive conservative lower certifies sound,VERIFIED
S1,leave_environment_moving_office,random_orthogonal,fixed_coverage_grid,maximum_response,400,240,0.6,227,0,0.9458333333333333,0.9458333333333333,74,0.30833333333333335,52,0.21666666666666667,numerical phase witness upper<0; positive conservative lower certifies sound,VERIFIED
S1,leave_environment_moving_office,random_orthogonal,fixed_coverage_grid,negative_entropy,400,240,0.6,227,0,0.9458333333333333,0.9458333333333333,72,0.3,49,0.20416666666666666,numerical phase witness upper<0; positive conservative lower certifies sound,VERIFIED
S1,leave_environment_moving_office,random_orthogonal,fixed_coverage_grid,full_state_margin,400,240,0.6,227,0,0.9458333333333333,0.9458333333333333,240,1.0,158,0.6583333333333333,numerical phase witness upper<0; positive conservative lower certifies sound,VERIFIED
S1,leave_environment_moving_office,random_orthogonal,fixed_coverage_grid,center_margin,400,320,0.8,307,0,0.959375,0.959375,73,0.228125,53,0.165625,numerical phase witness upper<0; positive conservative lower certifies sound,VERIFIED
S1,leave_environment_moving_office,random_orthogonal,fixed_coverage_grid,maximum_response,400,320,0.8,307,0,0.959375,0.959375,79,0.246875,60,0.1875,numerical phase witness upper<0; positive conservative lower certifies sound,VERIFIED
S1,leave_environment_moving_office,random_orthogonal,fixed_coverage_grid,negative_entropy,400,320,0.8,307,0,0.959375,0.959375,81,0.253125,60,0.1875,numerical phase witness upper<0; positive conservative lower certifies sound,VERIFIED
S1,leave_environment_moving_office,random_orthogonal,fixed_coverage_grid,full_state_margin,400,320,0.8,307,0,0.959375,0.959375,320,1.0,192,0.6,numerical phase witness upper<0; positive conservative lower certifies sound,VERIFIED
S1,leave_environment_moving_office,random_orthogonal,fixed_coverage_grid,center_margin,400,400,1.0,387,0,0.9675,0.9675,83,0.2075,61,0.1525,numerical phase witness upper<0; positive conservative lower certifies sound,VERIFIED
S1,leave_environment_moving_office,random_orthogonal,fixed_coverage_grid,maximum_response,400,400,1.0,387,0,0.9675,0.9675,83,0.2075,61,0.1525,numerical phase witness upper<0; positive conservative lower certifies sound,VERIFIED
S1,leave_environment_moving_office,random_orthogonal,fixed_coverage_grid,negative_entropy,400,400,1.0,387,0,0.9675,0.9675,83,0.2075,61,0.1525,numerical phase witness upper<0; positive conservative lower certifies sound,VERIFIED
S1,leave_environment_moving_office,random_orthogonal,fixed_coverage_grid,full_state_margin,400,400,1.0,387,0,0.9675,0.9675,400,1.0,218,0.545,numerical phase witness upper<0; positive conservative lower certifies sound,VERIFIED
S1,leave_environment_moving_office,permuted_polynomial,certificate_matched,exact_fiber,400,28,0.07,0,0,0.0,0.0,28,1.0,19,0.6785714285714286,numerical phase witness upper<0; positive conservative lower certifies sound,VERIFIED
S1,leave_environment_moving_office,permuted_polynomial,certificate_matched,center_margin,400,28,0.07,26,0,0.9285714285714286,0.9285714285714286,5,0.17857142857142858,0,0.0,numerical phase witness upper<0; positive conservative lower certifies sound,VERIFIED
S1,leave_environment_moving_office,permuted_polynomial,certificate_matched,maximum_response,400,28,0.07,26,0,0.9285714285714286,0.9285714285714286,5,0.17857142857142858,0,0.0,numerical phase witness upper<0; positive conservative lower certifies sound,VERIFIED
S1,leave_environment_moving_office,permuted_polynomial,certificate_matched,negative_entropy,400,28,0.07,26,0,0.9285714285714286,0.9285714285714286,6,0.21428571428571427,0,0.0,numerical phase witness upper<0; positive conservative lower certifies sound,VERIFIED
S1,leave_environment_moving_office,permuted_polynomial,certificate_matched,full_state_margin,400,28,0.07,13,0,0.4642857142857143,0.4642857142857143,28,1.0,28,1.0,numerical phase witness upper<0; positive conservative lower certifies sound,VERIFIED
S1,leave_environment_moving_office,permuted_polynomial,fixed_coverage_grid,center_margin,400,20,0.05,18,0,0.9,0.9,5,0.25,0,0.0,numerical phase witness upper<0; positive conservative lower certifies sound,VERIFIED
S1,leave_environment_moving_office,permuted_polynomial,fixed_coverage_grid,maximum_response,400,20,0.05,18,0,0.9,0.9,5,0.25,0,0.0,numerical phase witness upper<0; positive conservative lower certifies sound,VERIFIED
S1,leave_environment_moving_office,permuted_polynomial,fixed_coverage_grid,negative_entropy,400,20,0.05,18,0,0.9,0.9,5,0.25,0,0.0,numerical phase witness upper<0; positive conservative lower certifies sound,VERIFIED
S1,leave_environment_moving_office,permuted_polynomial,fixed_coverage_grid,full_state_margin,400,20,0.05,10,0,0.5,0.5,20,1.0,20,1.0,numerical phase witness upper<0; positive conservative lower certifies sound,VERIFIED
S1,leave_environment_moving_office,permuted_polynomial,fixed_coverage_grid,center_margin,400,40,0.1,38,0,0.95,0.95,7,0.175,0,0.0,numerical phase witness upper<0; positive conservative lower certifies sound,VERIFIED
S1,leave_environment_moving_office,permuted_polynomial,fixed_coverage_grid,maximum_response,400,40,0.1,38,0,0.95,0.95,7,0.175,0,0.0,numerical phase witness upper<0; positive conservative lower certifies sound,VERIFIED
S1,leave_environment_moving_office,permuted_polynomial,fixed_coverage_grid,negative_entropy,400,40,0.1,38,0,0.95,0.95,8,0.2,0,0.0,numerical phase witness upper<0; positive conservative lower certifies sound,VERIFIED
S1,leave_environment_moving_office,permuted_polynomial,fixed_coverage_grid,full_state_margin,400,40,0.1,24,0,0.6,0.6,40,1.0,40,1.0,numerical phase witness upper<0; positive conservative lower certifies sound,VERIFIED
S1,leave_environment_moving_office,permuted_polynomial,fixed_coverage_grid,center_margin,400,80,0.2,73,0,0.9125,0.9125,15,0.1875,3,0.0375,numerical phase witness upper<0; positive conservative lower certifies sound,VERIFIED
S1,leave_environment_moving_office,permuted_polynomial,fixed_coverage_grid,maximum_response,400,80,0.2,75,0,0.9375,0.9375,13,0.1625,2,0.025,numerical phase witness upper<0; positive conservative lower certifies sound,VERIFIED
S1,leave_environment_moving_office,permuted_polynomial,fixed_coverage_grid,negative_entropy,400,80,0.2,74,0,0.925,0.925,15,0.1875,3,0.0375,numerical phase witness upper<0; positive conservative lower certifies sound,VERIFIED
S1,leave_environment_moving_office,permuted_polynomial,fixed_coverage_grid,full_state_margin,400,80,0.2,59,0,0.7375,0.7375,80,1.0,73,0.9125,numerical phase witness upper<0; positive conservative lower certifies sound,VERIFIED
S1,leave_environment_moving_office,permuted_polynomial,fixed_coverage_grid,center_margin,400,160,0.4,139,0,0.86875,0.86875,41,0.25625,17,0.10625,numerical phase witness upper<0; positive conservative lower certifies sound,VERIFIED
S1,leave_environment_moving_office,permuted_polynomial,fixed_coverage_grid,maximum_response,400,160,0.4,143,0,0.89375,0.89375,32,0.2,15,0.09375,numerical phase witness upper<0; positive conservative lower certifies sound,VERIFIED
S1,leave_environment_moving_office,permuted_polynomial,fixed_coverage_grid,negative_entropy,400,160,0.4,143,0,0.89375,0.89375,32,0.2,15,0.09375,numerical phase witness upper<0; positive conservative lower certifies sound,VERIFIED
S1,leave_environment_moving_office,permuted_polynomial,fixed_coverage_grid,full_state_margin,400,160,0.4,135,0,0.84375,0.84375,160,1.0,124,0.775,numerical phase witness upper<0; positive conservative lower certifies sound,VERIFIED
S1,leave_environment_moving_office,permuted_polynomial,fixed_coverage_grid,center_margin,400,240,0.6,212,0,0.8833333333333333,0.8833333333333333,66,0.275,34,0.14166666666666666,numerical phase witness upper<0; positive conservative lower certifies sound,VERIFIED
S1,leave_environment_moving_office,permuted_polynomial,fixed_coverage_grid,maximum_response,400,240,0.6,214,0,0.8916666666666667,0.8916666666666667,62,0.25833333333333336,31,0.12916666666666668,numerical phase witness upper<0; positive conservative lower certifies sound,VERIFIED
S1,leave_environment_moving_office,permuted_polynomial,fixed_coverage_grid,negative_entropy,400,240,0.6,217,0,0.9041666666666667,0.9041666666666667,58,0.24166666666666667,29,0.12083333333333333,numerical phase witness upper<0; positive conservative lower certifies sound,VERIFIED
S1,leave_environment_moving_office,permuted_polynomial,fixed_coverage_grid,full_state_margin,400,240,0.6,212,0,0.8833333333333333,0.8833333333333333,240,1.0,158,0.6583333333333333,numerical phase witness upper<0; positive conservative lower certifies sound,VERIFIED
S1,leave_environment_moving_office,permuted_polynomial,fixed_coverage_grid,center_margin,400,320,0.8,292,0,0.9125,0.9125,79,0.246875,47,0.146875,numerical phase witness upper<0; positive conservative lower certifies sound,VERIFIED
S1,leave_environment_moving_office,permuted_polynomial,fixed_coverage_grid,maximum_response,400,320,0.8,292,0,0.9125,0.9125,84,0.2625,50,0.15625,numerical phase witness upper<0; positive conservative lower certifies sound,VERIFIED
S1,leave_environment_moving_office,permuted_polynomial,fixed_coverage_grid,negative_entropy,400,320,0.8,292,0,0.9125,0.9125,84,0.2625,49,0.153125,numerical phase witness upper<0; positive conservative lower certifies sound,VERIFIED
S1,leave_environment_moving_office,permuted_polynomial,fixed_coverage_grid,full_state_margin,400,320,0.8,292,0,0.9125,0.9125,320,1.0,192,0.6,numerical phase witness upper<0; positive conservative lower certifies sound,VERIFIED
S1,leave_environment_moving_office,permuted_polynomial,fixed_coverage_grid,center_margin,400,400,1.0,372,0,0.93,0.93,97,0.2425,59,0.1475,numerical phase witness upper<0; positive conservative lower certifies sound,VERIFIED
S1,leave_environment_moving_office,permuted_polynomial,fixed_coverage_grid,maximum_response,400,400,1.0,372,0,0.93,0.93,97,0.2425,59,0.1475,numerical phase witness upper<0; positive conservative lower certifies sound,VERIFIED
S1,leave_environment_moving_office,permuted_polynomial,fixed_coverage_grid,negative_entropy,400,400,1.0,372,0,0.93,0.93,97,0.2425,59,0.1475,numerical phase witness upper<0; positive conservative lower certifies sound,VERIFIED
S1,leave_environment_moving_office,permuted_polynomial,fixed_coverage_grid,full_state_margin,400,400,1.0,372,0,0.93,0.93,400,1.0,218,0.545,numerical phase witness upper<0; positive conservative lower certifies sound,VERIFIED
S1,leave_environment_residential,coordinate,certificate_matched,exact_fiber,400,1,0.0025,0,0,0.0,0.0,1,1.0,1,1.0,numerical phase witness upper<0; positive conservative lower certifies sound,VERIFIED
S1,leave_environment_residential,coordinate,certificate_matched,center_margin,400,1,0.0025,1,0,1.0,1.0,0,0.0,0,0.0,numerical phase witness upper<0; positive conservative lower certifies sound,VERIFIED
S1,leave_environment_residential,coordinate,certificate_matched,maximum_response,400,1,0.0025,1,0,1.0,1.0,1,1.0,1,1.0,numerical phase witness upper<0; positive conservative lower certifies sound,VERIFIED
S1,leave_environment_residential,coordinate,certificate_matched,negative_entropy,400,1,0.0025,1,0,1.0,1.0,0,0.0,0,0.0,numerical phase witness upper<0; positive conservative lower certifies sound,VERIFIED
S1,leave_environment_residential,coordinate,certificate_matched,full_state_margin,400,1,0.0025,1,0,1.0,1.0,1,1.0,1,1.0,numerical phase witness upper<0; positive conservative lower certifies sound,VERIFIED
S1,leave_environment_residential,coordinate,fixed_coverage_grid,center_margin,400,20,0.05,20,0,1.0,1.0,7,0.35,5,0.25,numerical phase witness upper<0; positive conservative lower certifies sound,VERIFIED
S1,leave_environment_residential,coordinate,fixed_coverage_grid,maximum_response,400,20,0.05,20,0,1.0,1.0,8,0.4,9,0.45,numerical phase witness upper<0; positive conservative lower certifies sound,VERIFIED
S1,leave_environment_residential,coordinate,fixed_coverage_grid,negative_entropy,400,20,0.05,20,0,1.0,1.0,8,0.4,5,0.25,numerical phase witness upper<0; positive conservative lower certifies sound,VERIFIED
S1,leave_environment_residential,coordinate,fixed_coverage_grid,full_state_margin,400,20,0.05,19,0,0.95,0.95,20,1.0,20,1.0,numerical phase witness upper<0; positive conservative lower certifies sound,VERIFIED
S1,leave_environment_residential,coordinate,fixed_coverage_grid,center_margin,400,40,0.1,40,0,1.0,1.0,9,0.225,6,0.15,numerical phase witness upper<0; positive conservative lower certifies sound,VERIFIED
S1,leave_environment_residential,coordinate,fixed_coverage_grid,maximum_response,400,40,0.1,40,0,1.0,1.0,10,0.25,11,0.275,numerical phase witness upper<0; positive conservative lower certifies sound,VERIFIED
S1,leave_environment_residential,coordinate,fixed_coverage_grid,negative_entropy,400,40,0.1,40,0,1.0,1.0,14,0.35,9,0.225,numerical phase witness upper<0; positive conservative lower certifies sound,VERIFIED
S1,leave_environment_residential,coordinate,fixed_coverage_grid,full_state_margin,400,40,0.1,39,0,0.975,0.975,40,1.0,40,1.0,numerical phase witness upper<0; positive conservative lower certifies sound,VERIFIED
S1,leave_environment_residential,coordinate,fixed_coverage_grid,center_margin,400,80,0.2,80,0,1.0,1.0,15,0.1875,12,0.15,numerical phase witness upper<0; positive conservative lower certifies sound,VERIFIED
S1,leave_environment_residential,coordinate,fixed_coverage_grid,maximum_response,400,80,0.2,80,0,1.0,1.0,16,0.2,14,0.175,numerical phase witness upper<0; positive conservative lower certifies sound,VERIFIED
S1,leave_environment_residential,coordinate,fixed_coverage_grid,negative_entropy,400,80,0.2,80,0,1.0,1.0,17,0.2125,15,0.1875,numerical phase witness upper<0; positive conservative lower certifies sound,VERIFIED
S1,leave_environment_residential,coordinate,fixed_coverage_grid,full_state_margin,400,80,0.2,79,0,0.9875,0.9875,80,1.0,79,0.9875,numerical phase witness upper<0; positive conservative lower certifies sound,VERIFIED
S1,leave_environment_residential,coordinate,fixed_coverage_grid,center_margin,400,160,0.4,160,0,1.0,1.0,25,0.15625,23,0.14375,numerical phase witness upper<0; positive conservative lower certifies sound,VERIFIED
S1,leave_environment_residential,coordinate,fixed_coverage_grid,maximum_response,400,160,0.4,160,0,1.0,1.0,23,0.14375,23,0.14375,numerical phase witness upper<0; positive conservative lower certifies sound,VERIFIED
S1,leave_environment_residential,coordinate,fixed_coverage_grid,negative_entropy,400,160,0.4,159,0,0.99375,0.99375,26,0.1625,24,0.15,numerical phase witness upper<0; positive conservative lower certifies sound,VERIFIED
S1,leave_environment_residential,coordinate,fixed_coverage_grid,full_state_margin,400,160,0.4,159,0,0.99375,0.99375,160,1.0,156,0.975,numerical phase witness upper<0; positive conservative lower certifies sound,VERIFIED
S1,leave_environment_residential,coordinate,fixed_coverage_grid,center_margin,400,240,0.6,239,0,0.9958333333333333,0.9958333333333333,28,0.11666666666666667,27,0.1125,numerical phase witness upper<0; positive conservative lower certifies sound,VERIFIED
S1,leave_environment_residential,coordinate,fixed_coverage_grid,maximum_response,400,240,0.6,239,0,0.9958333333333333,0.9958333333333333,30,0.125,30,0.125,numerical phase witness upper<0; positive conservative lower certifies sound,VERIFIED
S1,leave_environment_residential,coordinate,fixed_coverage_grid,negative_entropy,400,240,0.6,239,0,0.9958333333333333,0.9958333333333333,32,0.13333333333333333,30,0.125,numerical phase witness upper<0; positive conservative lower certifies sound,VERIFIED
S1,leave_environment_residential,coordinate,fixed_coverage_grid,full_state_margin,400,240,0.6,239,0,0.9958333333333333,0.9958333333333333,240,1.0,228,0.95,numerical phase witness upper<0; positive conservative lower certifies sound,VERIFIED
S1,leave_environment_residential,coordinate,fixed_coverage_grid,center_margin,400,320,0.8,319,0,0.996875,0.996875,37,0.115625,36,0.1125,numerical phase witness upper<0; positive conservative lower certifies sound,VERIFIED
S1,leave_environment_residential,coordinate,fixed_coverage_grid,maximum_response,400,320,0.8,319,0,0.996875,0.996875,40,0.125,41,0.128125,numerical phase witness upper<0; positive conservative lower certifies sound,VERIFIED
S1,leave_environment_residential,coordinate,fixed_coverage_grid,negative_entropy,400,320,0.8,319,0,0.996875,0.996875,40,0.125,41,0.128125,numerical phase witness upper<0; positive conservative lower certifies sound,VERIFIED
S1,leave_environment_residential,coordinate,fixed_coverage_grid,full_state_margin,400,320,0.8,319,0,0.996875,0.996875,320,1.0,281,0.878125,numerical phase witness upper<0; positive conservative lower certifies sound,VERIFIED
S1,leave_environment_residential,coordinate,fixed_coverage_grid,center_margin,400,400,1.0,399,0,0.9975,0.9975,51,0.1275,50,0.125,numerical phase witness upper<0; positive conservative lower certifies sound,VERIFIED
S1,leave_environment_residential,coordinate,fixed_coverage_grid,maximum_response,400,400,1.0,399,0,0.9975,0.9975,51,0.1275,50,0.125,numerical phase witness upper<0; positive conservative lower certifies sound,VERIFIED
S1,leave_environment_residential,coordinate,fixed_coverage_grid,negative_entropy,400,400,1.0,399,0,0.9975,0.9975,51,0.1275,50,0.125,numerical phase witness upper<0; positive conservative lower certifies sound,VERIFIED
S1,leave_environment_residential,coordinate,fixed_coverage_grid,full_state_margin,400,400,1.0,399,0,0.9975,0.9975,400,1.0,313,0.7825,numerical phase witness upper<0; positive conservative lower certifies sound,VERIFIED
S1,leave_environment_residential,dct,certificate_matched,exact_fiber,400,1,0.0025,0,0,0.0,0.0,1,1.0,1,1.0,numerical phase witness upper<0; positive conservative lower certifies sound,VERIFIED
S1,leave_environment_residential,dct,certificate_matched,center_margin,400,1,0.0025,1,0,1.0,1.0,0,0.0,0,0.0,numerical phase witness upper<0; positive conservative lower certifies sound,VERIFIED
S1,leave_environment_residential,dct,certificate_matched,maximum_response,400,1,0.0025,1,0,1.0,1.0,1,1.0,1,1.0,numerical phase witness upper<0; positive conservative lower certifies sound,VERIFIED
S1,leave_environment_residential,dct,certificate_matched,negative_entropy,400,1,0.0025,1,0,1.0,1.0,1,1.0,1,1.0,numerical phase witness upper<0; positive conservative lower certifies sound,VERIFIED
S1,leave_environment_residential,dct,certificate_matched,full_state_margin,400,1,0.0025,1,0,1.0,1.0,1,1.0,1,1.0,numerical phase witness upper<0; positive conservative lower certifies sound,VERIFIED
S1,leave_environment_residential,dct,fixed_coverage_grid,center_margin,400,20,0.05,19,0,0.95,0.95,6,0.3,8,0.4,numerical phase witness upper<0; positive conservative lower certifies sound,VERIFIED
S1,leave_environment_residential,dct,fixed_coverage_grid,maximum_response,400,20,0.05,20,0,1.0,1.0,6,0.3,9,0.45,numerical phase witness upper<0; positive conservative lower certifies sound,VERIFIED
S1,leave_environment_residential,dct,fixed_coverage_grid,negative_entropy,400,20,0.05,20,0,1.0,1.0,9,0.45,10,0.5,numerical phase witness upper<0; positive conservative lower certifies sound,VERIFIED
S1,leave_environment_residential,dct,fixed_coverage_grid,full_state_margin,400,20,0.05,20,0,1.0,1.0,20,1.0,20,1.0,numerical phase witness upper<0; positive conservative lower certifies sound,VERIFIED
S1,leave_environment_residential,dct,fixed_coverage_grid,center_margin,400,40,0.1,39,0,0.975,0.975,15,0.375,17,0.425,numerical phase witness upper<0; positive conservative lower certifies sound,VERIFIED
S1,leave_environment_residential,dct,fixed_coverage_grid,maximum_response,400,40,0.1,40,0,1.0,1.0,10,0.25,14,0.35,numerical phase witness upper<0; positive conservative lower certifies sound,VERIFIED
S1,leave_environment_residential,dct,fixed_coverage_grid,negative_entropy,400,40,0.1,40,0,1.0,1.0,12,0.3,16,0.4,numerical phase witness upper<0; positive conservative lower certifies sound,VERIFIED
S1,leave_environment_residential,dct,fixed_coverage_grid,full_state_margin,400,40,0.1,40,0,1.0,1.0,40,1.0,40,1.0,numerical phase witness upper<0; positive conservative lower certifies sound,VERIFIED
S1,leave_environment_residential,dct,fixed_coverage_grid,center_margin,400,80,0.2,79,0,0.9875,0.9875,25,0.3125,29,0.3625,numerical phase witness upper<0; positive conservative lower certifies sound,VERIFIED
S1,leave_environment_residential,dct,fixed_coverage_grid,maximum_response,400,80,0.2,80,0,1.0,1.0,12,0.15,17,0.2125,numerical phase witness upper<0; positive conservative lower certifies sound,VERIFIED
S1,leave_environment_residential,dct,fixed_coverage_grid,negative_entropy,400,80,0.2,80,0,1.0,1.0,12,0.15,17,0.2125,numerical phase witness upper<0; positive conservative lower certifies sound,VERIFIED
S1,leave_environment_residential,dct,fixed_coverage_grid,full_state_margin,400,80,0.2,80,0,1.0,1.0,80,1.0,79,0.9875,numerical phase witness upper<0; positive conservative lower certifies sound,VERIFIED
S1,leave_environment_residential,dct,fixed_coverage_grid,center_margin,400,160,0.4,159,0,0.99375,0.99375,58,0.3625,64,0.4,numerical phase witness upper<0; positive conservative lower certifies sound,VERIFIED
S1,leave_environment_residential,dct,fixed_coverage_grid,maximum_response,400,160,0.4,159,0,0.99375,0.99375,42,0.2625,48,0.3,numerical phase witness upper<0; positive conservative lower certifies sound,VERIFIED
S1,leave_environment_residential,dct,fixed_coverage_grid,negative_entropy,400,160,0.4,159,0,0.99375,0.99375,36,0.225,43,0.26875,numerical phase witness upper<0; positive conservative lower certifies sound,VERIFIED
S1,leave_environment_residential,dct,fixed_coverage_grid,full_state_margin,400,160,0.4,159,0,0.99375,0.99375,160,1.0,156,0.975,numerical phase witness upper<0; positive conservative lower certifies sound,VERIFIED
S1,leave_environment_residential,dct,fixed_coverage_grid,center_margin,400,240,0.6,239,0,0.9958333333333333,0.9958333333333333,84,0.35,85,0.3541666666666667,numerical phase witness upper<0; positive conservative lower certifies sound,VERIFIED
S1,leave_environment_residential,dct,fixed_coverage_grid,maximum_response,400,240,0.6,239,0,0.9958333333333333,0.9958333333333333,81,0.3375,85,0.3541666666666667,numerical phase witness upper<0; positive conservative lower certifies sound,VERIFIED
S1,leave_environment_residential,dct,fixed_coverage_grid,negative_entropy,400,240,0.6,239,0,0.9958333333333333,0.9958333333333333,77,0.32083333333333336,80,0.3333333333333333,numerical phase witness upper<0; positive conservative lower certifies sound,VERIFIED
S1,leave_environment_residential,dct,fixed_coverage_grid,full_state_margin,400,240,0.6,239,0,0.9958333333333333,0.9958333333333333,240,1.0,228,0.95,numerical phase witness upper<0; positive conservative lower certifies sound,VERIFIED
S1,leave_environment_residential,dct,fixed_coverage_grid,center_margin,400,320,0.8,319,0,0.996875,0.996875,95,0.296875,91,0.284375,numerical phase witness upper<0; positive conservative lower certifies sound,VERIFIED
S1,leave_environment_residential,dct,fixed_coverage_grid,maximum_response,400,320,0.8,319,0,0.996875,0.996875,99,0.309375,96,0.3,numerical phase witness upper<0; positive conservative lower certifies sound,VERIFIED
S1,leave_environment_residential,dct,fixed_coverage_grid,negative_entropy,400,320,0.8,319,0,0.996875,0.996875,98,0.30625,96,0.3,numerical phase witness upper<0; positive conservative lower certifies sound,VERIFIED
S1,leave_environment_residential,dct,fixed_coverage_grid,full_state_margin,400,320,0.8,319,0,0.996875,0.996875,320,1.0,281,0.878125,numerical phase witness upper<0; positive conservative lower certifies sound,VERIFIED
S1,leave_environment_residential,dct,fixed_coverage_grid,center_margin,400,400,1.0,399,0,0.9975,0.9975,102,0.255,98,0.245,numerical phase witness upper<0; positive conservative lower certifies sound,VERIFIED
S1,leave_environment_residential,dct,fixed_coverage_grid,maximum_response,400,400,1.0,399,0,0.9975,0.9975,102,0.255,98,0.245,numerical phase witness upper<0; positive conservative lower certifies sound,VERIFIED
S1,leave_environment_residential,dct,fixed_coverage_grid,negative_entropy,400,400,1.0,399,0,0.9975,0.9975,102,0.255,98,0.245,numerical phase witness upper<0; positive conservative lower certifies sound,VERIFIED
S1,leave_environment_residential,dct,fixed_coverage_grid,full_state_margin,400,400,1.0,399,0,0.9975,0.9975,400,1.0,313,0.7825,numerical phase witness upper<0; positive conservative lower certifies sound,VERIFIED
S1,leave_environment_residential,dft,certificate_matched,exact_fiber,400,34,0.085,0,0,0.0,0.0,34,1.0,34,1.0,numerical phase witness upper<0; positive conservative lower certifies sound,VERIFIED
S1,leave_environment_residential,dft,certificate_matched,center_margin,400,34,0.085,13,0,0.38235294117647056,0.38235294117647056,21,0.6176470588235294,21,0.6176470588235294,numerical phase witness upper<0; positive conservative lower certifies sound,VERIFIED
S1,leave_environment_residential,dft,certificate_matched,maximum_response,400,34,0.085,34,0,1.0,1.0,0,0.0,0,0.0,numerical phase witness upper<0; positive conservative lower certifies sound,VERIFIED
S1,leave_environment_residential,dft,certificate_matched,negative_entropy,400,34,0.085,31,0,0.9117647058823529,0.9117647058823529,4,0.11764705882352941,4,0.11764705882352941,numerical phase witness upper<0; positive conservative lower certifies sound,VERIFIED
S1,leave_environment_residential,dft,certificate_matched,full_state_margin,400,34,0.085,17,0,0.5,0.5,34,1.0,34,1.0,numerical phase witness upper<0; positive conservative lower certifies sound,VERIFIED
S1,leave_environment_residential,dft,fixed_coverage_grid,center_margin,400,20,0.05,6,0,0.3,0.3,14,0.7,14,0.7,numerical phase witness upper<0; positive conservative lower certifies sound,VERIFIED
S1,leave_environment_residential,dft,fixed_coverage_grid,maximum_response,400,20,0.05,20,0,1.0,1.0,0,0.0,0,0.0,numerical phase witness upper<0; positive conservative lower certifies sound,VERIFIED
S1,leave_environment_residential,dft,fixed_coverage_grid,negative_entropy,400,20,0.05,19,0,0.95,0.95,1,0.05,1,0.05,numerical phase witness upper<0; positive conservative lower certifies sound,VERIFIED
S1,leave_environment_residential,dft,fixed_coverage_grid,full_state_margin,400,20,0.05,6,0,0.3,0.3,20,1.0,20,1.0,numerical phase witness upper<0; positive conservative lower certifies sound,VERIFIED
S1,leave_environment_residential,dft,fixed_coverage_grid,center_margin,400,40,0.1,18,0,0.45,0.45,22,0.55,22,0.55,numerical phase witness upper<0; positive conservative lower certifies sound,VERIFIED
S1,leave_environment_residential,dft,fixed_coverage_grid,maximum_response,400,40,0.1,40,0,1.0,1.0,0,0.0,0,0.0,numerical phase witness upper<0; positive conservative lower certifies sound,VERIFIED
S1,leave_environment_residential,dft,fixed_coverage_grid,negative_entropy,400,40,0.1,36,0,0.9,0.9,5,0.125,5,0.125,numerical phase witness upper<0; positive conservative lower certifies sound,VERIFIED
S1,leave_environment_residential,dft,fixed_coverage_grid,full_state_margin,400,40,0.1,22,0,0.55,0.55,40,1.0,40,1.0,numerical phase witness upper<0; positive conservative lower certifies sound,VERIFIED
S1,leave_environment_residential,dft,fixed_coverage_grid,center_margin,400,80,0.2,53,0,0.6625,0.6625,27,0.3375,27,0.3375,numerical phase witness upper<0; positive conservative lower certifies sound,VERIFIED
S1,leave_environment_residential,dft,fixed_coverage_grid,maximum_response,400,80,0.2,77,0,0.9625,0.9625,4,0.05,4,0.05,numerical phase witness upper<0; positive conservative lower certifies sound,VERIFIED
S1,leave_environment_residential,dft,fixed_coverage_grid,negative_entropy,400,80,0.2,75,0,0.9375,0.9375,6,0.075,6,0.075,numerical phase witness upper<0; positive conservative lower certifies sound,VERIFIED
S1,leave_environment_residential,dft,fixed_coverage_grid,full_state_margin,400,80,0.2,57,0,0.7125,0.7125,80,1.0,79,0.9875,numerical phase witness upper<0; positive conservative lower certifies sound,VERIFIED
S1,leave_environment_residential,dft,fixed_coverage_grid,center_margin,400,160,0.4,127,0,0.79375,0.79375,49,0.30625,49,0.30625,numerical phase witness upper<0; positive conservative lower certifies sound,VERIFIED
S1,leave_environment_residential,dft,fixed_coverage_grid,maximum_response,400,160,0.4,151,0,0.94375,0.94375,22,0.1375,19,0.11875,numerical phase witness upper<0; positive conservative lower certifies sound,VERIFIED
S1,leave_environment_residential,dft,fixed_coverage_grid,negative_entropy,400,160,0.4,150,0,0.9375,0.9375,27,0.16875,24,0.15,numerical phase witness upper<0; positive conservative lower certifies sound,VERIFIED
S1,leave_environment_residential,dft,fixed_coverage_grid,full_state_margin,400,160,0.4,132,0,0.825,0.825,160,1.0,156,0.975,numerical phase witness upper<0; positive conservative lower certifies sound,VERIFIED
S1,leave_environment_residential,dft,fixed_coverage_grid,center_margin,400,240,0.6,206,0,0.8583333333333333,0.8583333333333333,57,0.2375,57,0.2375,numerical phase witness upper<0; positive conservative lower certifies sound,VERIFIED
S1,leave_environment_residential,dft,fixed_coverage_grid,maximum_response,400,240,0.6,221,0,0.9208333333333333,0.9208333333333333,50,0.20833333333333334,44,0.18333333333333332,numerical phase witness upper<0; positive conservative lower certifies sound,VERIFIED
S1,leave_environment_residential,dft,fixed_coverage_grid,negative_entropy,400,240,0.6,225,0,0.9375,0.9375,47,0.19583333333333333,41,0.17083333333333334,numerical phase witness upper<0; positive conservative lower certifies sound,VERIFIED
S1,leave_environment_residential,dft,fixed_coverage_grid,full_state_margin,400,240,0.6,207,0,0.8625,0.8625,240,1.0,228,0.95,numerical phase witness upper<0; positive conservative lower certifies sound,VERIFIED
S1,leave_environment_residential,dft,fixed_coverage_grid,center_margin,400,320,0.8,286,0,0.89375,0.89375,66,0.20625,67,0.209375,numerical phase witness upper<0; positive conservative lower certifies sound,VERIFIED
S1,leave_environment_residential,dft,fixed_coverage_grid,maximum_response,400,320,0.8,286,0,0.89375,0.89375,74,0.23125,72,0.225,numerical phase witness upper<0; positive conservative lower certifies sound,VERIFIED
S1,leave_environment_residential,dft,fixed_coverage_grid,negative_entropy,400,320,0.8,286,0,0.89375,0.89375,74,0.23125,72,0.225,numerical phase witness upper<0; positive conservative lower certifies sound,VERIFIED
S1,leave_environment_residential,dft,fixed_coverage_grid,full_state_margin,400,320,0.8,286,0,0.89375,0.89375,320,1.0,281,0.878125,numerical phase witness upper<0; positive conservative lower certifies sound,VERIFIED
S1,leave_environment_residential,dft,fixed_coverage_grid,center_margin,400,400,1.0,366,0,0.915,0.915,79,0.1975,78,0.195,numerical phase witness upper<0; positive conservative lower certifies sound,VERIFIED
S1,leave_environment_residential,dft,fixed_coverage_grid,maximum_response,400,400,1.0,366,0,0.915,0.915,79,0.1975,78,0.195,numerical phase witness upper<0; positive conservative lower certifies sound,VERIFIED
S1,leave_environment_residential,dft,fixed_coverage_grid,negative_entropy,400,400,1.0,366,0,0.915,0.915,79,0.1975,78,0.195,numerical phase witness upper<0; positive conservative lower certifies sound,VERIFIED
S1,leave_environment_residential,dft,fixed_coverage_grid,full_state_margin,400,400,1.0,366,0,0.915,0.915,400,1.0,313,0.7825,numerical phase witness upper<0; positive conservative lower certifies sound,VERIFIED
S1,leave_environment_residential,polynomial,certificate_matched,exact_fiber,400,323,0.8075,0,0,0.0,0.0,323,1.0,279,0.8637770897832817,numerical phase witness upper<0; positive conservative lower certifies sound,VERIFIED
S1,leave_environment_residential,polynomial,certificate_matched,center_margin,400,323,0.8075,17,0,0.05263157894736842,0.05263157894736842,322,0.9969040247678018,282,0.8730650154798761,numerical phase witness upper<0; positive conservative lower certifies sound,VERIFIED
S1,leave_environment_residential,polynomial,certificate_matched,maximum_response,400,323,0.8075,25,0,0.07739938080495357,0.07739938080495357,320,0.9907120743034056,279,0.8637770897832817,numerical phase witness upper<0; positive conservative lower certifies sound,VERIFIED
S1,leave_environment_residential,polynomial,certificate_matched,negative_entropy,400,323,0.8075,37,0,0.11455108359133127,0.11455108359133127,317,0.9814241486068112,274,0.848297213622291,numerical phase witness upper<0; positive conservative lower certifies sound,VERIFIED
S1,leave_environment_residential,polynomial,certificate_matched,full_state_margin,400,323,0.8075,25,0,0.07739938080495357,0.07739938080495357,323,1.0,281,0.8699690402476781,numerical phase witness upper<0; positive conservative lower certifies sound,VERIFIED
S1,leave_environment_residential,polynomial,fixed_coverage_grid,center_margin,400,20,0.05,0,0,0.0,0.0,20,1.0,20,1.0,numerical phase witness upper<0; positive conservative lower certifies sound,VERIFIED
S1,leave_environment_residential,polynomial,fixed_coverage_grid,maximum_response,400,20,0.05,0,0,0.0,0.0,20,1.0,19,0.95,numerical phase witness upper<0; positive conservative lower certifies sound,VERIFIED
S1,leave_environment_residential,polynomial,fixed_coverage_grid,negative_entropy,400,20,0.05,0,0,0.0,0.0,20,1.0,19,0.95,numerical phase witness upper<0; positive conservative lower certifies sound,VERIFIED
S1,leave_environment_residential,polynomial,fixed_coverage_grid,full_state_margin,400,20,0.05,0,0,0.0,0.0,20,1.0,20,1.0,numerical phase witness upper<0; positive conservative lower certifies sound,VERIFIED
S1,leave_environment_residential,polynomial,fixed_coverage_grid,center_margin,400,40,0.1,0,0,0.0,0.0,40,1.0,39,0.975,numerical phase witness upper<0; positive conservative lower certifies sound,VERIFIED
S1,leave_environment_residential,polynomial,fixed_coverage_grid,maximum_response,400,40,0.1,0,0,0.0,0.0,40,1.0,39,0.975,numerical phase witness upper<0; positive conservative lower certifies sound,VERIFIED
S1,leave_environment_residential,polynomial,fixed_coverage_grid,negative_entropy,400,40,0.1,0,0,0.0,0.0,40,1.0,39,0.975,numerical phase witness upper<0; positive conservative lower certifies sound,VERIFIED
S1,leave_environment_residential,polynomial,fixed_coverage_grid,full_state_margin,400,40,0.1,0,0,0.0,0.0,40,1.0,40,1.0,numerical phase witness upper<0; positive conservative lower certifies sound,VERIFIED
S1,leave_environment_residential,polynomial,fixed_coverage_grid,center_margin,400,80,0.2,0,0,0.0,0.0,80,1.0,79,0.9875,numerical phase witness upper<0; positive conservative lower certifies sound,VERIFIED
S1,leave_environment_residential,polynomial,fixed_coverage_grid,maximum_response,400,80,0.2,0,0,0.0,0.0,80,1.0,78,0.975,numerical phase witness upper<0; positive conservative lower certifies sound,VERIFIED
S1,leave_environment_residential,polynomial,fixed_coverage_grid,negative_entropy,400,80,0.2,2,0,0.025,0.025,80,1.0,77,0.9625,numerical phase witness upper<0; positive conservative lower certifies sound,VERIFIED
S1,leave_environment_residential,polynomial,fixed_coverage_grid,full_state_margin,400,80,0.2,0,0,0.0,0.0,80,1.0,79,0.9875,numerical phase witness upper<0; positive conservative lower certifies sound,VERIFIED
S1,leave_environment_residential,polynomial,fixed_coverage_grid,center_margin,400,160,0.4,0,0,0.0,0.0,160,1.0,157,0.98125,numerical phase witness upper<0; positive conservative lower certifies sound,VERIFIED
S1,leave_environment_residential,polynomial,fixed_coverage_grid,maximum_response,400,160,0.4,1,0,0.00625,0.00625,160,1.0,156,0.975,numerical phase witness upper<0; positive conservative lower certifies sound,VERIFIED
S1,leave_environment_residential,polynomial,fixed_coverage_grid,negative_entropy,400,160,0.4,4,0,0.025,0.025,159,0.99375,150,0.9375,numerical phase witness upper<0; positive conservative lower certifies sound,VERIFIED
S1,leave_environment_residential,polynomial,fixed_coverage_grid,full_state_margin,400,160,0.4,0,0,0.0,0.0,160,1.0,156,0.975,numerical phase witness upper<0; positive conservative lower certifies sound,VERIFIED
S1,leave_environment_residential,polynomial,fixed_coverage_grid,center_margin,400,240,0.6,0,0,0.0,0.0,240,1.0,231,0.9625,numerical phase witness upper<0; positive conservative lower certifies sound,VERIFIED
S1,leave_environment_residential,polynomial,fixed_coverage_grid,maximum_response,400,240,0.6,5,0,0.020833333333333332,0.020833333333333332,239,0.9958333333333333,222,0.925,numerical phase witness upper<0; positive conservative lower certifies sound,VERIFIED
S1,leave_environment_residential,polynomial,fixed_coverage_grid,negative_entropy,400,240,0.6,10,0,0.041666666666666664,0.041666666666666664,239,0.9958333333333333,217,0.9041666666666667,numerical phase witness upper<0; positive conservative lower certifies sound,VERIFIED
S1,leave_environment_residential,polynomial,fixed_coverage_grid,full_state_margin,400,240,0.6,3,0,0.0125,0.0125,240,1.0,228,0.95,numerical phase witness upper<0; positive conservative lower certifies sound,VERIFIED
S1,leave_environment_residential,polynomial,fixed_coverage_grid,center_margin,400,320,0.8,14,0,0.04375,0.04375,319,0.996875,281,0.878125,numerical phase witness upper<0; positive conservative lower certifies sound,VERIFIED
S1,leave_environment_residential,polynomial,fixed_coverage_grid,maximum_response,400,320,0.8,24,0,0.075,0.075,317,0.990625,279,0.871875,numerical phase witness upper<0; positive conservative lower certifies sound,VERIFIED
S1,leave_environment_residential,polynomial,fixed_coverage_grid,negative_entropy,400,320,0.8,35,0,0.109375,0.109375,315,0.984375,271,0.846875,numerical phase witness upper<0; positive conservative lower certifies sound,VERIFIED
S1,leave_environment_residential,polynomial,fixed_coverage_grid,full_state_margin,400,320,0.8,25,0,0.078125,0.078125,320,1.0,281,0.878125,numerical phase witness upper<0; positive conservative lower certifies sound,VERIFIED
S1,leave_environment_residential,polynomial,fixed_coverage_grid,center_margin,400,400,1.0,77,0,0.1925,0.1925,385,0.9625,314,0.785,numerical phase witness upper<0; positive conservative lower certifies sound,VERIFIED
S1,leave_environment_residential,polynomial,fixed_coverage_grid,maximum_response,400,400,1.0,77,0,0.1925,0.1925,385,0.9625,314,0.785,numerical phase witness upper<0; positive conservative lower certifies sound,VERIFIED
S1,leave_environment_residential,polynomial,fixed_coverage_grid,negative_entropy,400,400,1.0,77,0,0.1925,0.1925,385,0.9625,314,0.785,numerical phase witness upper<0; positive conservative lower certifies sound,VERIFIED
S1,leave_environment_residential,polynomial,fixed_coverage_grid,full_state_margin,400,400,1.0,77,0,0.1925,0.1925,400,1.0,313,0.7825,numerical phase witness upper<0; positive conservative lower certifies sound,VERIFIED
S1,leave_environment_residential,random_orthogonal,certificate_matched,exact_fiber,400,4,0.01,0,0,0.0,0.0,4,1.0,4,1.0,numerical phase witness upper<0; positive conservative lower certifies sound,VERIFIED
S1,leave_environment_residential,random_orthogonal,certificate_matched,center_margin,400,4,0.01,1,0,0.25,0.25,4,1.0,4,1.0,numerical phase witness upper<0; positive conservative lower certifies sound,VERIFIED
S1,leave_environment_residential,random_orthogonal,certificate_matched,maximum_response,400,4,0.01,1,0,0.25,0.25,4,1.0,4,1.0,numerical phase witness upper<0; positive conservative lower certifies sound,VERIFIED
S1,leave_environment_residential,random_orthogonal,certificate_matched,negative_entropy,400,4,0.01,0,0,0.0,0.0,4,1.0,4,1.0,numerical phase witness upper<0; positive conservative lower certifies sound,VERIFIED
S1,leave_environment_residential,random_orthogonal,certificate_matched,full_state_margin,400,4,0.01,2,0,0.5,0.5,4,1.0,4,1.0,numerical phase witness upper<0; positive conservative lower certifies sound,VERIFIED
S1,leave_environment_residential,random_orthogonal,fixed_coverage_grid,center_margin,400,20,0.05,16,0,0.8,0.8,17,0.85,17,0.85,numerical phase witness upper<0; positive conservative lower certifies sound,VERIFIED
S1,leave_environment_residential,random_orthogonal,fixed_coverage_grid,maximum_response,400,20,0.05,16,0,0.8,0.8,19,0.95,19,0.95,numerical phase witness upper<0; positive conservative lower certifies sound,VERIFIED
S1,leave_environment_residential,random_orthogonal,fixed_coverage_grid,negative_entropy,400,20,0.05,16,0,0.8,0.8,19,0.95,19,0.95,numerical phase witness upper<0; positive conservative lower certifies sound,VERIFIED
S1,leave_environment_residential,random_orthogonal,fixed_coverage_grid,full_state_margin,400,20,0.05,16,0,0.8,0.8,20,1.0,20,1.0,numerical phase witness upper<0; positive conservative lower certifies sound,VERIFIED
S1,leave_environment_residential,random_orthogonal,fixed_coverage_grid,center_margin,400,40,0.1,36,0,0.9,0.9,22,0.55,21,0.525,numerical phase witness upper<0; positive conservative lower certifies sound,VERIFIED
S1,leave_environment_residential,random_orthogonal,fixed_coverage_grid,maximum_response,400,40,0.1,36,0,0.9,0.9,25,0.625,25,0.625,numerical phase witness upper<0; positive conservative lower certifies sound,VERIFIED
S1,leave_environment_residential,random_orthogonal,fixed_coverage_grid,negative_entropy,400,40,0.1,36,0,0.9,0.9,24,0.6,24,0.6,numerical phase witness upper<0; positive conservative lower certifies sound,VERIFIED
S1,leave_environment_residential,random_orthogonal,fixed_coverage_grid,full_state_margin,400,40,0.1,36,0,0.9,0.9,40,1.0,40,1.0,numerical phase witness upper<0; positive conservative lower certifies sound,VERIFIED
S1,leave_environment_residential,random_orthogonal,fixed_coverage_grid,center_margin,400,80,0.2,76,0,0.95,0.95,29,0.3625,26,0.325,numerical phase witness upper<0; positive conservative lower certifies sound,VERIFIED
S1,leave_environment_residential,random_orthogonal,fixed_coverage_grid,maximum_response,400,80,0.2,76,0,0.95,0.95,32,0.4,31,0.3875,numerical phase witness upper<0; positive conservative lower certifies sound,VERIFIED
S1,leave_environment_residential,random_orthogonal,fixed_coverage_grid,negative_entropy,400,80,0.2,76,0,0.95,0.95,31,0.3875,30,0.375,numerical phase witness upper<0; positive conservative lower certifies sound,VERIFIED
S1,leave_environment_residential,random_orthogonal,fixed_coverage_grid,full_state_margin,400,80,0.2,76,0,0.95,0.95,80,1.0,79,0.9875,numerical phase witness upper<0; positive conservative lower certifies sound,VERIFIED
S1,leave_environment_residential,random_orthogonal,fixed_coverage_grid,center_margin,400,160,0.4,156,0,0.975,0.975,40,0.25,38,0.2375,numerical phase witness upper<0; positive conservative lower certifies sound,VERIFIED
S1,leave_environment_residential,random_orthogonal,fixed_coverage_grid,maximum_response,400,160,0.4,156,0,0.975,0.975,43,0.26875,42,0.2625,numerical phase witness upper<0; positive conservative lower certifies sound,VERIFIED
S1,leave_environment_residential,random_orthogonal,fixed_coverage_grid,negative_entropy,400,160,0.4,156,0,0.975,0.975,43,0.26875,42,0.2625,numerical phase witness upper<0; positive conservative lower certifies sound,VERIFIED
S1,leave_environment_residential,random_orthogonal,fixed_coverage_grid,full_state_margin,400,160,0.4,156,0,0.975,0.975,160,1.0,156,0.975,numerical phase witness upper<0; positive conservative lower certifies sound,VERIFIED
S1,leave_environment_residential,random_orthogonal,fixed_coverage_grid,center_margin,400,240,0.6,236,0,0.9833333333333333,0.9833333333333333,43,0.17916666666666667,45,0.1875,numerical phase witness upper<0; positive conservative lower certifies sound,VERIFIED
S1,leave_environment_residential,random_orthogonal,fixed_coverage_grid,maximum_response,400,240,0.6,236,0,0.9833333333333333,0.9833333333333333,54,0.225,56,0.23333333333333334,numerical phase witness upper<0; positive conservative lower certifies sound,VERIFIED
S1,leave_environment_residential,random_orthogonal,fixed_coverage_grid,negative_entropy,400,240,0.6,236,0,0.9833333333333333,0.9833333333333333,56,0.23333333333333334,57,0.2375,numerical phase witness upper<0; positive conservative lower certifies sound,VERIFIED
S1,leave_environment_residential,random_orthogonal,fixed_coverage_grid,full_state_margin,400,240,0.6,236,0,0.9833333333333333,0.9833333333333333,240,1.0,228,0.95,numerical phase witness upper<0; positive conservative lower certifies sound,VERIFIED
S1,leave_environment_residential,random_orthogonal,fixed_coverage_grid,center_margin,400,320,0.8,316,0,0.9875,0.9875,52,0.1625,56,0.175,numerical phase witness upper<0; positive conservative lower certifies sound,VERIFIED
S1,leave_environment_residential,random_orthogonal,fixed_coverage_grid,maximum_response,400,320,0.8,316,0,0.9875,0.9875,61,0.190625,66,0.20625,numerical phase witness upper<0; positive conservative lower certifies sound,VERIFIED
S1,leave_environment_residential,random_orthogonal,fixed_coverage_grid,negative_entropy,400,320,0.8,316,0,0.9875,0.9875,63,0.196875,67,0.209375,numerical phase witness upper<0; positive conservative lower certifies sound,VERIFIED
S1,leave_environment_residential,random_orthogonal,fixed_coverage_grid,full_state_margin,400,320,0.8,316,0,0.9875,0.9875,320,1.0,281,0.878125,numerical phase witness upper<0; positive conservative lower certifies sound,VERIFIED
S1,leave_environment_residential,random_orthogonal,fixed_coverage_grid,center_margin,400,400,1.0,396,0,0.99,0.99,68,0.17,74,0.185,numerical phase witness upper<0; positive conservative lower certifies sound,VERIFIED
S1,leave_environment_residential,random_orthogonal,fixed_coverage_grid,maximum_response,400,400,1.0,396,0,0.99,0.99,68,0.17,74,0.185,numerical phase witness upper<0; positive conservative lower certifies sound,VERIFIED
S1,leave_environment_residential,random_orthogonal,fixed_coverage_grid,negative_entropy,400,400,1.0,396,0,0.99,0.99,68,0.17,74,0.185,numerical phase witness upper<0; positive conservative lower certifies sound,VERIFIED
S1,leave_environment_residential,random_orthogonal,fixed_coverage_grid,full_state_margin,400,400,1.0,396,0,0.99,0.99,400,1.0,313,0.7825,numerical phase witness upper<0; positive conservative lower certifies sound,VERIFIED
S1,leave_environment_residential,permuted_polynomial,certificate_matched,exact_fiber,400,30,0.075,0,0,0.0,0.0,30,1.0,30,1.0,numerical phase witness upper<0; positive conservative lower certifies sound,VERIFIED
S1,leave_environment_residential,permuted_polynomial,certificate_matched,center_margin,400,30,0.075,21,0,0.7,0.7,9,0.3,9,0.3,numerical phase witness upper<0; positive conservative lower certifies sound,VERIFIED
S1,leave_environment_residential,permuted_polynomial,certificate_matched,maximum_response,400,30,0.075,30,0,1.0,1.0,0,0.0,0,0.0,numerical phase witness upper<0; positive conservative lower certifies sound,VERIFIED
S1,leave_environment_residential,permuted_polynomial,certificate_matched,negative_entropy,400,30,0.075,30,0,1.0,1.0,0,0.0,0,0.0,numerical phase witness upper<0; positive conservative lower certifies sound,VERIFIED
S1,leave_environment_residential,permuted_polynomial,certificate_matched,full_state_margin,400,30,0.075,14,0,0.4666666666666667,0.4666666666666667,30,1.0,30,1.0,numerical phase witness upper<0; positive conservative lower certifies sound,VERIFIED
S1,leave_environment_residential,permuted_polynomial,fixed_coverage_grid,center_margin,400,20,0.05,12,0,0.6,0.6,8,0.4,8,0.4,numerical phase witness upper<0; positive conservative lower certifies sound,VERIFIED
S1,leave_environment_residential,permuted_polynomial,fixed_coverage_grid,maximum_response,400,20,0.05,20,0,1.0,1.0,0,0.0,0,0.0,numerical phase witness upper<0; positive conservative lower certifies sound,VERIFIED
S1,leave_environment_residential,permuted_polynomial,fixed_coverage_grid,negative_entropy,400,20,0.05,20,0,1.0,1.0,0,0.0,0,0.0,numerical phase witness upper<0; positive conservative lower certifies sound,VERIFIED
S1,leave_environment_residential,permuted_polynomial,fixed_coverage_grid,full_state_margin,400,20,0.05,6,0,0.3,0.3,20,1.0,20,1.0,numerical phase witness upper<0; positive conservative lower certifies sound,VERIFIED
S1,leave_environment_residential,permuted_polynomial,fixed_coverage_grid,center_margin,400,40,0.1,30,0,0.75,0.75,10,0.25,10,0.25,numerical phase witness upper<0; positive conservative lower certifies sound,VERIFIED
S1,leave_environment_residential,permuted_polynomial,fixed_coverage_grid,maximum_response,400,40,0.1,40,0,1.0,1.0,1,0.025,0,0.0,numerical phase witness upper<0; positive conservative lower certifies sound,VERIFIED
S1,leave_environment_residential,permuted_polynomial,fixed_coverage_grid,negative_entropy,400,40,0.1,39,0,0.975,0.975,1,0.025,1,0.025,numerical phase witness upper<0; positive conservative lower certifies sound,VERIFIED
S1,leave_environment_residential,permuted_polynomial,fixed_coverage_grid,full_state_margin,400,40,0.1,22,0,0.55,0.55,40,1.0,40,1.0,numerical phase witness upper<0; positive conservative lower certifies sound,VERIFIED
S1,leave_environment_residential,permuted_polynomial,fixed_coverage_grid,center_margin,400,80,0.2,65,0,0.8125,0.8125,15,0.1875,15,0.1875,numerical phase witness upper<0; positive conservative lower certifies sound,VERIFIED
S1,leave_environment_residential,permuted_polynomial,fixed_coverage_grid,maximum_response,400,80,0.2,77,0,0.9625,0.9625,4,0.05,3,0.0375,numerical phase witness upper<0; positive conservative lower certifies sound,VERIFIED
S1,leave_environment_residential,permuted_polynomial,fixed_coverage_grid,negative_entropy,400,80,0.2,77,0,0.9625,0.9625,4,0.05,3,0.0375,numerical phase witness upper<0; positive conservative lower certifies sound,VERIFIED
S1,leave_environment_residential,permuted_polynomial,fixed_coverage_grid,full_state_margin,400,80,0.2,59,0,0.7375,0.7375,80,1.0,79,0.9875,numerical phase witness upper<0; positive conservative lower certifies sound,VERIFIED
S1,leave_environment_residential,permuted_polynomial,fixed_coverage_grid,center_margin,400,160,0.4,139,0,0.86875,0.86875,22,0.1375,22,0.1375,numerical phase witness upper<0; positive conservative lower certifies sound,VERIFIED
S1,leave_environment_residential,permuted_polynomial,fixed_coverage_grid,maximum_response,400,160,0.4,153,0,0.95625,0.95625,8,0.05,7,0.04375,numerical phase witness upper<0; positive conservative lower certifies sound,VERIFIED
S1,leave_environment_residential,permuted_polynomial,fixed_coverage_grid,negative_entropy,400,160,0.4,155,0,0.96875,0.96875,8,0.05,7,0.04375,numerical phase witness upper<0; positive conservative lower certifies sound,VERIFIED
S1,leave_environment_residential,permuted_polynomial,fixed_coverage_grid,full_state_margin,400,160,0.4,135,0,0.84375,0.84375,160,1.0,156,0.975,numerical phase witness upper<0; positive conservative lower certifies sound,VERIFIED
S1,leave_environment_residential,permuted_polynomial,fixed_coverage_grid,center_margin,400,240,0.6,212,0,0.8833333333333333,0.8833333333333333,32,0.13333333333333333,32,0.13333333333333333,numerical phase witness upper<0; positive conservative lower certifies sound,VERIFIED
S1,leave_environment_residential,permuted_polynomial,fixed_coverage_grid,maximum_response,400,240,0.6,226,0,0.9416666666666667,0.9416666666666667,20,0.08333333333333333,19,0.07916666666666666,numerical phase witness upper<0; positive conservative lower certifies sound,VERIFIED
S1,leave_environment_residential,permuted_polynomial,fixed_coverage_grid,negative_entropy,400,240,0.6,227,0,0.9458333333333333,0.9458333333333333,24,0.1,23,0.09583333333333334,numerical phase witness upper<0; positive conservative lower certifies sound,VERIFIED
S1,leave_environment_residential,permuted_polynomial,fixed_coverage_grid,full_state_margin,400,240,0.6,212,0,0.8833333333333333,0.8833333333333333,240,1.0,228,0.95,numerical phase witness upper<0; positive conservative lower certifies sound,VERIFIED
S1,leave_environment_residential,permuted_polynomial,fixed_coverage_grid,center_margin,400,320,0.8,290,0,0.90625,0.90625,53,0.165625,56,0.175,numerical phase witness upper<0; positive conservative lower certifies sound,VERIFIED
S1,leave_environment_residential,permuted_polynomial,fixed_coverage_grid,maximum_response,400,320,0.8,290,0,0.90625,0.90625,56,0.175,56,0.175,numerical phase witness upper<0; positive conservative lower certifies sound,VERIFIED
S1,leave_environment_residential,permuted_polynomial,fixed_coverage_grid,negative_entropy,400,320,0.8,290,0,0.90625,0.90625,56,0.175,56,0.175,numerical phase witness upper<0; positive conservative lower certifies sound,VERIFIED
S1,leave_environment_residential,permuted_polynomial,fixed_coverage_grid,full_state_margin,400,320,0.8,291,0,0.909375,0.909375,320,1.0,281,0.878125,numerical phase witness upper<0; positive conservative lower certifies sound,VERIFIED
S1,leave_environment_residential,permuted_polynomial,fixed_coverage_grid,center_margin,400,400,1.0,370,0,0.925,0.925,80,0.2,83,0.2075,numerical phase witness upper<0; positive conservative lower certifies sound,VERIFIED
S1,leave_environment_residential,permuted_polynomial,fixed_coverage_grid,maximum_response,400,400,1.0,370,0,0.925,0.925,80,0.2,83,0.2075,numerical phase witness upper<0; positive conservative lower certifies sound,VERIFIED
S1,leave_environment_residential,permuted_polynomial,fixed_coverage_grid,negative_entropy,400,400,1.0,370,0,0.925,0.925,80,0.2,83,0.2075,numerical phase witness upper<0; positive conservative lower certifies sound,VERIFIED
S1,leave_environment_residential,permuted_polynomial,fixed_coverage_grid,full_state_margin,400,400,1.0,370,0,0.925,0.925,400,1.0,313,0.7825,numerical phase witness upper<0; positive conservative lower certifies sound,VERIFIED
S4,leave_day1_out,coordinate,certificate_matched,exact_fiber,168,82,0.4880952380952381,0,0,0.0,0.0,82,1.0,64,0.7804878048780488,numerical phase witness upper<0; positive conservative lower certifies sound,VERIFIED
S4,leave_day1_out,coordinate,certificate_matched,center_margin,168,82,0.4880952380952381,9,0,0.10975609756097561,0.10975609756097561,82,1.0,66,0.8048780487804879,numerical phase witness upper<0; positive conservative lower certifies sound,VERIFIED
S4,leave_day1_out,coordinate,certificate_matched,maximum_response,168,82,0.4880952380952381,22,0,0.2682926829268293,0.2682926829268293,75,0.9146341463414634,65,0.7926829268292683,numerical phase witness upper<0; positive conservative lower certifies sound,VERIFIED
S4,leave_day1_out,coordinate,certificate_matched,negative_entropy,168,82,0.4880952380952381,26,0,0.3170731707317073,0.3170731707317073,73,0.8902439024390244,65,0.7926829268292683,numerical phase witness upper<0; positive conservative lower certifies sound,VERIFIED
S4,leave_day1_out,coordinate,certificate_matched,full_state_margin,168,82,0.4880952380952381,27,0,0.32926829268292684,0.32926829268292684,82,1.0,65,0.7926829268292683,numerical phase witness upper<0; positive conservative lower certifies sound,VERIFIED
S4,leave_day1_out,coordinate,fixed_coverage_grid,center_margin,168,8,0.047619047619047616,0,0,0.0,0.0,8,1.0,8,1.0,numerical phase witness upper<0; positive conservative lower certifies sound,VERIFIED
S4,leave_day1_out,coordinate,fixed_coverage_grid,maximum_response,168,8,0.047619047619047616,1,0,0.125,0.125,8,1.0,8,1.0,numerical phase witness upper<0; positive conservative lower certifies sound,VERIFIED
S4,leave_day1_out,coordinate,fixed_coverage_grid,negative_entropy,168,8,0.047619047619047616,2,0,0.25,0.25,7,0.875,7,0.875,numerical phase witness upper<0; positive conservative lower certifies sound,VERIFIED
S4,leave_day1_out,coordinate,fixed_coverage_grid,full_state_margin,168,8,0.047619047619047616,0,0,0.0,0.0,8,1.0,7,0.875,numerical phase witness upper<0; positive conservative lower certifies sound,VERIFIED
S4,leave_day1_out,coordinate,fixed_coverage_grid,center_margin,168,17,0.10119047619047619,0,0,0.0,0.0,17,1.0,16,0.9411764705882353,numerical phase witness upper<0; positive conservative lower certifies sound,VERIFIED
S4,leave_day1_out,coordinate,fixed_coverage_grid,maximum_response,168,17,0.10119047619047619,2,0,0.11764705882352941,0.11764705882352941,16,0.9411764705882353,15,0.8823529411764706,numerical phase witness upper<0; positive conservative lower certifies sound,VERIFIED
S4,leave_day1_out,coordinate,fixed_coverage_grid,negative_entropy,168,17,0.10119047619047619,3,0,0.17647058823529413,0.17647058823529413,15,0.8823529411764706,14,0.8235294117647058,numerical phase witness upper<0; positive conservative lower certifies sound,VERIFIED
S4,leave_day1_out,coordinate,fixed_coverage_grid,full_state_margin,168,17,0.10119047619047619,1,0,0.058823529411764705,0.058823529411764705,17,1.0,16,0.9411764705882353,numerical phase witness upper<0; positive conservative lower certifies sound,VERIFIED
S4,leave_day1_out,coordinate,fixed_coverage_grid,center_margin,168,34,0.20238095238095238,1,0,0.029411764705882353,0.029411764705882353,34,1.0,33,0.9705882352941176,numerical phase witness upper<0; positive conservative lower certifies sound,VERIFIED
S4,leave_day1_out,coordinate,fixed_coverage_grid,maximum_response,168,34,0.20238095238095238,3,0,0.08823529411764706,0.08823529411764706,33,0.9705882352941176,30,0.8823529411764706,numerical phase witness upper<0; positive conservative lower certifies sound,VERIFIED
S4,leave_day1_out,coordinate,fixed_coverage_grid,negative_entropy,168,34,0.20238095238095238,9,0,0.2647058823529412,0.2647058823529412,30,0.8823529411764706,27,0.7941176470588235,numerical phase witness upper<0; positive conservative lower certifies sound,VERIFIED
S4,leave_day1_out,coordinate,fixed_coverage_grid,full_state_margin,168,34,0.20238095238095238,6,0,0.17647058823529413,0.17647058823529413,34,1.0,30,0.8823529411764706,numerical phase witness upper<0; positive conservative lower certifies sound,VERIFIED
S4,leave_day1_out,coordinate,fixed_coverage_grid,center_margin,168,67,0.39880952380952384,6,0,0.08955223880597014,0.08955223880597014,67,1.0,57,0.8507462686567164,numerical phase witness upper<0; positive conservative lower certifies sound,VERIFIED
S4,leave_day1_out,coordinate,fixed_coverage_grid,maximum_response,168,67,0.39880952380952384,14,0,0.208955223880597,0.208955223880597,63,0.9402985074626866,56,0.835820895522388,numerical phase witness upper<0; positive conservative lower certifies sound,VERIFIED
S4,leave_day1_out,coordinate,fixed_coverage_grid,negative_entropy,168,67,0.39880952380952384,21,0,0.31343283582089554,0.31343283582089554,60,0.8955223880597015,57,0.8507462686567164,numerical phase witness upper<0; positive conservative lower certifies sound,VERIFIED
S4,leave_day1_out,coordinate,fixed_coverage_grid,full_state_margin,168,67,0.39880952380952384,20,0,0.29850746268656714,0.29850746268656714,67,1.0,53,0.7910447761194029,numerical phase witness upper<0; positive conservative lower certifies sound,VERIFIED
S4,leave_day1_out,coordinate,fixed_coverage_grid,center_margin,168,101,0.6011904761904762,27,0,0.26732673267326734,0.26732673267326734,96,0.9504950495049505,82,0.8118811881188119,numerical phase witness upper<0; positive conservative lower certifies sound,VERIFIED
S4,leave_day1_out,coordinate,fixed_coverage_grid,maximum_response,168,101,0.6011904761904762,31,0,0.3069306930693069,0.3069306930693069,92,0.9108910891089109,77,0.7623762376237624,numerical phase witness upper<0; positive conservative lower certifies sound,VERIFIED
S4,leave_day1_out,coordinate,fixed_coverage_grid,negative_entropy,168,101,0.6011904761904762,32,0,0.31683168316831684,0.31683168316831684,91,0.900990099009901,76,0.7524752475247525,numerical phase witness upper<0; positive conservative lower certifies sound,VERIFIED
S4,leave_day1_out,coordinate,fixed_coverage_grid,full_state_margin,168,101,0.6011904761904762,35,0,0.3465346534653465,0.3465346534653465,101,1.0,79,0.7821782178217822,numerical phase witness upper<0; positive conservative lower certifies sound,VERIFIED
S4,leave_day1_out,coordinate,fixed_coverage_grid,center_margin,168,134,0.7976190476190477,52,0,0.3880597014925373,0.3880597014925373,123,0.917910447761194,96,0.7164179104477612,numerical phase witness upper<0; positive conservative lower certifies sound,VERIFIED
S4,leave_day1_out,coordinate,fixed_coverage_grid,maximum_response,168,134,0.7976190476190477,56,0,0.417910447761194,0.417910447761194,117,0.8731343283582089,95,0.7089552238805971,numerical phase witness upper<0; positive conservative lower certifies sound,VERIFIED
S4,leave_day1_out,coordinate,fixed_coverage_grid,negative_entropy,168,134,0.7976190476190477,57,0,0.4253731343283582,0.4253731343283582,116,0.8656716417910447,92,0.6865671641791045,numerical phase witness upper<0; positive conservative lower certifies sound,VERIFIED
S4,leave_day1_out,coordinate,fixed_coverage_grid,full_state_margin,168,134,0.7976190476190477,58,0,0.43283582089552236,0.43283582089552236,134,1.0,98,0.7313432835820896,numerical phase witness upper<0; positive conservative lower certifies sound,VERIFIED
S4,leave_day1_out,coordinate,fixed_coverage_grid,center_margin,168,168,1.0,86,0,0.5119047619047619,0.5119047619047619,139,0.8273809523809523,111,0.6607142857142857,numerical phase witness upper<0; positive conservative lower certifies sound,VERIFIED
S4,leave_day1_out,coordinate,fixed_coverage_grid,maximum_response,168,168,1.0,86,0,0.5119047619047619,0.5119047619047619,139,0.8273809523809523,111,0.6607142857142857,numerical phase witness upper<0; positive conservative lower certifies sound,VERIFIED
S4,leave_day1_out,coordinate,fixed_coverage_grid,negative_entropy,168,168,1.0,86,0,0.5119047619047619,0.5119047619047619,139,0.8273809523809523,111,0.6607142857142857,numerical phase witness upper<0; positive conservative lower certifies sound,VERIFIED
S4,leave_day1_out,coordinate,fixed_coverage_grid,full_state_margin,168,168,1.0,86,0,0.5119047619047619,0.5119047619047619,168,1.0,111,0.6607142857142857,numerical phase witness upper<0; positive conservative lower certifies sound,VERIFIED
S4,leave_day1_out,dct,certificate_matched,exact_fiber,168,79,0.47023809523809523,0,0,0.0,0.0,79,1.0,54,0.6835443037974683,numerical phase witness upper<0; positive conservative lower certifies sound,VERIFIED
S4,leave_day1_out,dct,certificate_matched,center_margin,168,79,0.47023809523809523,14,0,0.17721518987341772,0.17721518987341772,78,0.9873417721518988,55,0.6962025316455697,numerical phase witness upper<0; positive conservative lower certifies sound,VERIFIED
S4,leave_day1_out,dct,certificate_matched,maximum_response,168,79,0.47023809523809523,17,0,0.21518987341772153,0.21518987341772153,75,0.9493670886075949,51,0.6455696202531646,numerical phase witness upper<0; positive conservative lower certifies sound,VERIFIED
S4,leave_day1_out,dct,certificate_matched,negative_entropy,168,79,0.47023809523809523,21,0,0.26582278481012656,0.26582278481012656,72,0.9113924050632911,52,0.6582278481012658,numerical phase witness upper<0; positive conservative lower certifies sound,VERIFIED
S4,leave_day1_out,dct,certificate_matched,full_state_margin,168,79,0.47023809523809523,24,0,0.3037974683544304,0.3037974683544304,79,1.0,63,0.7974683544303798,numerical phase witness upper<0; positive conservative lower certifies sound,VERIFIED
S4,leave_day1_out,dct,fixed_coverage_grid,center_margin,168,8,0.047619047619047616,0,0,0.0,0.0,8,1.0,7,0.875,numerical phase witness upper<0; positive conservative lower certifies sound,VERIFIED
S4,leave_day1_out,dct,fixed_coverage_grid,maximum_response,168,8,0.047619047619047616,0,0,0.0,0.0,8,1.0,6,0.75,numerical phase witness upper<0; positive conservative lower certifies sound,VERIFIED
S4,leave_day1_out,dct,fixed_coverage_grid,negative_entropy,168,8,0.047619047619047616,0,0,0.0,0.0,8,1.0,6,0.75,numerical phase witness upper<0; positive conservative lower certifies sound,VERIFIED
S4,leave_day1_out,dct,fixed_coverage_grid,full_state_margin,168,8,0.047619047619047616,0,0,0.0,0.0,8,1.0,7,0.875,numerical phase witness upper<0; positive conservative lower certifies sound,VERIFIED
S4,leave_day1_out,dct,fixed_coverage_grid,center_margin,168,17,0.10119047619047619,1,0,0.058823529411764705,0.058823529411764705,17,1.0,15,0.8823529411764706,numerical phase witness upper<0; positive conservative lower certifies sound,VERIFIED
S4,leave_day1_out,dct,fixed_coverage_grid,maximum_response,168,17,0.10119047619047619,1,0,0.058823529411764705,0.058823529411764705,17,1.0,10,0.5882352941176471,numerical phase witness upper<0; positive conservative lower certifies sound,VERIFIED
S4,leave_day1_out,dct,fixed_coverage_grid,negative_entropy,168,17,0.10119047619047619,2,0,0.11764705882352941,0.11764705882352941,17,1.0,10,0.5882352941176471,numerical phase witness upper<0; positive conservative lower certifies sound,VERIFIED
S4,leave_day1_out,dct,fixed_coverage_grid,full_state_margin,168,17,0.10119047619047619,1,0,0.058823529411764705,0.058823529411764705,17,1.0,16,0.9411764705882353,numerical phase witness upper<0; positive conservative lower certifies sound,VERIFIED
S4,leave_day1_out,dct,fixed_coverage_grid,center_margin,168,34,0.20238095238095238,1,0,0.029411764705882353,0.029411764705882353,34,1.0,27,0.7941176470588235,numerical phase witness upper<0; positive conservative lower certifies sound,VERIFIED
S4,leave_day1_out,dct,fixed_coverage_grid,maximum_response,168,34,0.20238095238095238,3,0,0.08823529411764706,0.08823529411764706,34,1.0,23,0.6764705882352942,numerical phase witness upper<0; positive conservative lower certifies sound,VERIFIED
S4,leave_day1_out,dct,fixed_coverage_grid,negative_entropy,168,34,0.20238095238095238,3,0,0.08823529411764706,0.08823529411764706,34,1.0,23,0.6764705882352942,numerical phase witness upper<0; positive conservative lower certifies sound,VERIFIED
S4,leave_day1_out,dct,fixed_coverage_grid,full_state_margin,168,34,0.20238095238095238,5,0,0.14705882352941177,0.14705882352941177,34,1.0,30,0.8823529411764706,numerical phase witness upper<0; positive conservative lower certifies sound,VERIFIED
S4,leave_day1_out,dct,fixed_coverage_grid,center_margin,168,67,0.39880952380952384,8,0,0.11940298507462686,0.11940298507462686,66,0.9850746268656716,48,0.7164179104477612,numerical phase witness upper<0; positive conservative lower certifies sound,VERIFIED
S4,leave_day1_out,dct,fixed_coverage_grid,maximum_response,168,67,0.39880952380952384,12,0,0.1791044776119403,0.1791044776119403,63,0.9402985074626866,44,0.6567164179104478,numerical phase witness upper<0; positive conservative lower certifies sound,VERIFIED
S4,leave_day1_out,dct,fixed_coverage_grid,negative_entropy,168,67,0.39880952380952384,12,0,0.1791044776119403,0.1791044776119403,63,0.9402985074626866,45,0.6716417910447762,numerical phase witness upper<0; positive conservative lower certifies sound,VERIFIED
S4,leave_day1_out,dct,fixed_coverage_grid,full_state_margin,168,67,0.39880952380952384,18,0,0.26865671641791045,0.26865671641791045,67,1.0,53,0.7910447761194029,numerical phase witness upper<0; positive conservative lower certifies sound,VERIFIED
S4,leave_day1_out,dct,fixed_coverage_grid,center_margin,168,101,0.6011904761904762,28,0,0.27722772277227725,0.27722772277227725,98,0.9702970297029703,66,0.6534653465346535,numerical phase witness upper<0; positive conservative lower certifies sound,VERIFIED
S4,leave_day1_out,dct,fixed_coverage_grid,maximum_response,168,101,0.6011904761904762,35,0,0.3465346534653465,0.3465346534653465,94,0.9306930693069307,67,0.6633663366336634,numerical phase witness upper<0; positive conservative lower certifies sound,VERIFIED
S4,leave_day1_out,dct,fixed_coverage_grid,negative_entropy,168,101,0.6011904761904762,37,0,0.36633663366336633,0.36633663366336633,92,0.9108910891089109,66,0.6534653465346535,numerical phase witness upper<0; positive conservative lower certifies sound,VERIFIED
S4,leave_day1_out,dct,fixed_coverage_grid,full_state_margin,168,101,0.6011904761904762,34,0,0.33663366336633666,0.33663366336633666,101,1.0,79,0.7821782178217822,numerical phase witness upper<0; positive conservative lower certifies sound,VERIFIED
S4,leave_day1_out,dct,fixed_coverage_grid,center_margin,168,134,0.7976190476190477,56,0,0.417910447761194,0.417910447761194,128,0.9552238805970149,84,0.6268656716417911,numerical phase witness upper<0; positive conservative lower certifies sound,VERIFIED
S4,leave_day1_out,dct,fixed_coverage_grid,maximum_response,168,134,0.7976190476190477,56,0,0.417910447761194,0.417910447761194,124,0.9253731343283582,83,0.6194029850746269,numerical phase witness upper<0; positive conservative lower certifies sound,VERIFIED
S4,leave_day1_out,dct,fixed_coverage_grid,negative_entropy,168,134,0.7976190476190477,57,0,0.4253731343283582,0.4253731343283582,123,0.917910447761194,81,0.6044776119402985,numerical phase witness upper<0; positive conservative lower certifies sound,VERIFIED
S4,leave_day1_out,dct,fixed_coverage_grid,full_state_margin,168,134,0.7976190476190477,59,0,0.44029850746268656,0.44029850746268656,134,1.0,98,0.7313432835820896,numerical phase witness upper<0; positive conservative lower certifies sound,VERIFIED
S4,leave_day1_out,dct,fixed_coverage_grid,center_margin,168,168,1.0,89,0,0.5297619047619048,0.5297619047619048,149,0.8869047619047619,100,0.5952380952380952,numerical phase witness upper<0; positive conservative lower certifies sound,VERIFIED
S4,leave_day1_out,dct,fixed_coverage_grid,maximum_response,168,168,1.0,89,0,0.5297619047619048,0.5297619047619048,149,0.8869047619047619,100,0.5952380952380952,numerical phase witness upper<0; positive conservative lower certifies sound,VERIFIED
S4,leave_day1_out,dct,fixed_coverage_grid,negative_entropy,168,168,1.0,89,0,0.5297619047619048,0.5297619047619048,149,0.8869047619047619,100,0.5952380952380952,numerical phase witness upper<0; positive conservative lower certifies sound,VERIFIED
S4,leave_day1_out,dct,fixed_coverage_grid,full_state_margin,168,168,1.0,89,0,0.5297619047619048,0.5297619047619048,168,1.0,111,0.6607142857142857,numerical phase witness upper<0; positive conservative lower certifies sound,VERIFIED
S4,leave_day1_out,dft,certificate_matched,exact_fiber,168,102,0.6071428571428571,0,0,0.0,0.0,102,1.0,76,0.7450980392156863,numerical phase witness upper<0; positive conservative lower certifies sound,VERIFIED
S4,leave_day1_out,dft,certificate_matched,center_margin,168,102,0.6071428571428571,12,0,0.11764705882352941,0.11764705882352941,101,0.9901960784313726,79,0.7745098039215687,numerical phase witness upper<0; positive conservative lower certifies sound,VERIFIED
S4,leave_day1_out,dft,certificate_matched,maximum_response,168,102,0.6071428571428571,20,0,0.19607843137254902,0.19607843137254902,99,0.9705882352941176,75,0.7352941176470589,numerical phase witness upper<0; positive conservative lower certifies sound,VERIFIED
S4,leave_day1_out,dft,certificate_matched,negative_entropy,168,102,0.6071428571428571,23,0,0.22549019607843138,0.22549019607843138,98,0.9607843137254902,72,0.7058823529411765,numerical phase witness upper<0; positive conservative lower certifies sound,VERIFIED
S4,leave_day1_out,dft,certificate_matched,full_state_margin,168,102,0.6071428571428571,23,0,0.22549019607843138,0.22549019607843138,102,1.0,79,0.7745098039215687,numerical phase witness upper<0; positive conservative lower certifies sound,VERIFIED
S4,leave_day1_out,dft,fixed_coverage_grid,center_margin,168,8,0.047619047619047616,0,0,0.0,0.0,8,1.0,6,0.75,numerical phase witness upper<0; positive conservative lower certifies sound,VERIFIED
S4,leave_day1_out,dft,fixed_coverage_grid,maximum_response,168,8,0.047619047619047616,2,0,0.25,0.25,8,1.0,5,0.625,numerical phase witness upper<0; positive conservative lower certifies sound,VERIFIED
S4,leave_day1_out,dft,fixed_coverage_grid,negative_entropy,168,8,0.047619047619047616,2,0,0.25,0.25,8,1.0,5,0.625,numerical phase witness upper<0; positive conservative lower certifies sound,VERIFIED
S4,leave_day1_out,dft,fixed_coverage_grid,full_state_margin,168,8,0.047619047619047616,0,0,0.0,0.0,8,1.0,7,0.875,numerical phase witness upper<0; positive conservative lower certifies sound,VERIFIED
S4,leave_day1_out,dft,fixed_coverage_grid,center_margin,168,17,0.10119047619047619,0,0,0.0,0.0,17,1.0,13,0.7647058823529411,numerical phase witness upper<0; positive conservative lower certifies sound,VERIFIED
S4,leave_day1_out,dft,fixed_coverage_grid,maximum_response,168,17,0.10119047619047619,3,0,0.17647058823529413,0.17647058823529413,17,1.0,10,0.5882352941176471,numerical phase witness upper<0; positive conservative lower certifies sound,VERIFIED
S4,leave_day1_out,dft,fixed_coverage_grid,negative_entropy,168,17,0.10119047619047619,3,0,0.17647058823529413,0.17647058823529413,17,1.0,10,0.5882352941176471,numerical phase witness upper<0; positive conservative lower certifies sound,VERIFIED
S4,leave_day1_out,dft,fixed_coverage_grid,full_state_margin,168,17,0.10119047619047619,0,0,0.0,0.0,17,1.0,16,0.9411764705882353,numerical phase witness upper<0; positive conservative lower certifies sound,VERIFIED
S4,leave_day1_out,dft,fixed_coverage_grid,center_margin,168,34,0.20238095238095238,0,0,0.0,0.0,34,1.0,27,0.7941176470588235,numerical phase witness upper<0; positive conservative lower certifies sound,VERIFIED
S4,leave_day1_out,dft,fixed_coverage_grid,maximum_response,168,34,0.20238095238095238,4,0,0.11764705882352941,0.11764705882352941,34,1.0,24,0.7058823529411765,numerical phase witness upper<0; positive conservative lower certifies sound,VERIFIED
S4,leave_day1_out,dft,fixed_coverage_grid,negative_entropy,168,34,0.20238095238095238,6,0,0.17647058823529413,0.17647058823529413,32,0.9411764705882353,24,0.7058823529411765,numerical phase witness upper<0; positive conservative lower certifies sound,VERIFIED
S4,leave_day1_out,dft,fixed_coverage_grid,full_state_margin,168,34,0.20238095238095238,2,0,0.058823529411764705,0.058823529411764705,34,1.0,30,0.8823529411764706,numerical phase witness upper<0; positive conservative lower certifies sound,VERIFIED
S4,leave_day1_out,dft,fixed_coverage_grid,center_margin,168,67,0.39880952380952384,2,0,0.029850746268656716,0.029850746268656716,67,1.0,52,0.7761194029850746,numerical phase witness upper<0; positive conservative lower certifies sound,VERIFIED
S4,leave_day1_out,dft,fixed_coverage_grid,maximum_response,168,67,0.39880952380952384,6,0,0.08955223880597014,0.08955223880597014,66,0.9850746268656716,50,0.746268656716418,numerical phase witness upper<0; positive conservative lower certifies sound,VERIFIED
S4,leave_day1_out,dft,fixed_coverage_grid,negative_entropy,168,67,0.39880952380952384,9,0,0.13432835820895522,0.13432835820895522,64,0.9552238805970149,49,0.7313432835820896,numerical phase witness upper<0; positive conservative lower certifies sound,VERIFIED
S4,leave_day1_out,dft,fixed_coverage_grid,full_state_margin,168,67,0.39880952380952384,8,0,0.11940298507462686,0.11940298507462686,67,1.0,53,0.7910447761194029,numerical phase witness upper<0; positive conservative lower certifies sound,VERIFIED
S4,leave_day1_out,dft,fixed_coverage_grid,center_margin,168,101,0.6011904761904762,11,0,0.10891089108910891,0.10891089108910891,100,0.9900990099009901,78,0.7722772277227723,numerical phase witness upper<0; positive conservative lower certifies sound,VERIFIED
S4,leave_day1_out,dft,fixed_coverage_grid,maximum_response,168,101,0.6011904761904762,19,0,0.18811881188118812,0.18811881188118812,98,0.9702970297029703,75,0.7425742574257426,numerical phase witness upper<0; positive conservative lower certifies sound,VERIFIED
S4,leave_day1_out,dft,fixed_coverage_grid,negative_entropy,168,101,0.6011904761904762,22,0,0.21782178217821782,0.21782178217821782,97,0.9603960396039604,71,0.7029702970297029,numerical phase witness upper<0; positive conservative lower certifies sound,VERIFIED
S4,leave_day1_out,dft,fixed_coverage_grid,full_state_margin,168,101,0.6011904761904762,22,0,0.21782178217821782,0.21782178217821782,101,1.0,79,0.7821782178217822,numerical phase witness upper<0; positive conservative lower certifies sound,VERIFIED
S4,leave_day1_out,dft,fixed_coverage_grid,center_margin,168,134,0.7976190476190477,35,0,0.26119402985074625,0.26119402985074625,130,0.9701492537313433,95,0.7089552238805971,numerical phase witness upper<0; positive conservative lower certifies sound,VERIFIED
S4,leave_day1_out,dft,fixed_coverage_grid,maximum_response,168,134,0.7976190476190477,37,0,0.27611940298507465,0.27611940298507465,128,0.9552238805970149,95,0.7089552238805971,numerical phase witness upper<0; positive conservative lower certifies sound,VERIFIED
S4,leave_day1_out,dft,fixed_coverage_grid,negative_entropy,168,134,0.7976190476190477,39,0,0.291044776119403,0.291044776119403,128,0.9552238805970149,94,0.7014925373134329,numerical phase witness upper<0; positive conservative lower certifies sound,VERIFIED
S4,leave_day1_out,dft,fixed_coverage_grid,full_state_margin,168,134,0.7976190476190477,42,0,0.31343283582089554,0.31343283582089554,134,1.0,98,0.7313432835820896,numerical phase witness upper<0; positive conservative lower certifies sound,VERIFIED
S4,leave_day1_out,dft,fixed_coverage_grid,center_margin,168,168,1.0,66,0,0.39285714285714285,0.39285714285714285,153,0.9107142857142857,107,0.6369047619047619,numerical phase witness upper<0; positive conservative lower certifies sound,VERIFIED
S4,leave_day1_out,dft,fixed_coverage_grid,maximum_response,168,168,1.0,66,0,0.39285714285714285,0.39285714285714285,153,0.9107142857142857,107,0.6369047619047619,numerical phase witness upper<0; positive conservative lower certifies sound,VERIFIED
S4,leave_day1_out,dft,fixed_coverage_grid,negative_entropy,168,168,1.0,66,0,0.39285714285714285,0.39285714285714285,153,0.9107142857142857,107,0.6369047619047619,numerical phase witness upper<0; positive conservative lower certifies sound,VERIFIED
S4,leave_day1_out,dft,fixed_coverage_grid,full_state_margin,168,168,1.0,66,0,0.39285714285714285,0.39285714285714285,168,1.0,111,0.6607142857142857,numerical phase witness upper<0; positive conservative lower certifies sound,VERIFIED
S4,leave_day1_out,polynomial,certificate_matched,exact_fiber,168,59,0.35119047619047616,0,0,0.0,0.0,59,1.0,42,0.711864406779661,numerical phase witness upper<0; positive conservative lower certifies sound,VERIFIED
S4,leave_day1_out,polynomial,certificate_matched,center_margin,168,59,0.35119047619047616,11,0,0.1864406779661017,0.1864406779661017,58,0.9830508474576272,44,0.7457627118644068,numerical phase witness upper<0; positive conservative lower certifies sound,VERIFIED
S4,leave_day1_out,polynomial,certificate_matched,maximum_response,168,59,0.35119047619047616,15,0,0.2542372881355932,0.2542372881355932,54,0.9152542372881356,40,0.6779661016949152,numerical phase witness upper<0; positive conservative lower certifies sound,VERIFIED
S4,leave_day1_out,polynomial,certificate_matched,negative_entropy,168,59,0.35119047619047616,14,0,0.23728813559322035,0.23728813559322035,54,0.9152542372881356,40,0.6779661016949152,numerical phase witness upper<0; positive conservative lower certifies sound,VERIFIED
S4,leave_day1_out,polynomial,certificate_matched,full_state_margin,168,59,0.35119047619047616,21,0,0.3559322033898305,0.3559322033898305,59,1.0,49,0.8305084745762712,numerical phase witness upper<0; positive conservative lower certifies sound,VERIFIED
S4,leave_day1_out,polynomial,fixed_coverage_grid,center_margin,168,8,0.047619047619047616,2,0,0.25,0.25,7,0.875,2,0.25,numerical phase witness upper<0; positive conservative lower certifies sound,VERIFIED
S4,leave_day1_out,polynomial,fixed_coverage_grid,maximum_response,168,8,0.047619047619047616,3,0,0.375,0.375,7,0.875,3,0.375,numerical phase witness upper<0; positive conservative lower certifies sound,VERIFIED
S4,leave_day1_out,polynomial,fixed_coverage_grid,negative_entropy,168,8,0.047619047619047616,3,0,0.375,0.375,7,0.875,3,0.375,numerical phase witness upper<0; positive conservative lower certifies sound,VERIFIED
S4,leave_day1_out,polynomial,fixed_coverage_grid,full_state_margin,168,8,0.047619047619047616,0,0,0.0,0.0,8,1.0,7,0.875,numerical phase witness upper<0; positive conservative lower certifies sound,VERIFIED
S4,leave_day1_out,polynomial,fixed_coverage_grid,center_margin,168,17,0.10119047619047619,2,0,0.11764705882352941,0.11764705882352941,16,0.9411764705882353,11,0.6470588235294118,numerical phase witness upper<0; positive conservative lower certifies sound,VERIFIED
S4,leave_day1_out,polynomial,fixed_coverage_grid,maximum_response,168,17,0.10119047619047619,4,0,0.23529411764705882,0.23529411764705882,16,0.9411764705882353,7,0.4117647058823529,numerical phase witness upper<0; positive conservative lower certifies sound,VERIFIED
S4,leave_day1_out,polynomial,fixed_coverage_grid,negative_entropy,168,17,0.10119047619047619,4,0,0.23529411764705882,0.23529411764705882,16,0.9411764705882353,7,0.4117647058823529,numerical phase witness upper<0; positive conservative lower certifies sound,VERIFIED
S4,leave_day1_out,polynomial,fixed_coverage_grid,full_state_margin,168,17,0.10119047619047619,2,0,0.11764705882352941,0.11764705882352941,17,1.0,16,0.9411764705882353,numerical phase witness upper<0; positive conservative lower certifies sound,VERIFIED
S4,leave_day1_out,polynomial,fixed_coverage_grid,center_margin,168,34,0.20238095238095238,3,0,0.08823529411764706,0.08823529411764706,33,0.9705882352941176,26,0.7647058823529411,numerical phase witness upper<0; positive conservative lower certifies sound,VERIFIED
S4,leave_day1_out,polynomial,fixed_coverage_grid,maximum_response,168,34,0.20238095238095238,8,0,0.23529411764705882,0.23529411764705882,32,0.9411764705882353,19,0.5588235294117647,numerical phase witness upper<0; positive conservative lower certifies sound,VERIFIED
S4,leave_day1_out,polynomial,fixed_coverage_grid,negative_entropy,168,34,0.20238095238095238,7,0,0.20588235294117646,0.20588235294117646,33,0.9705882352941176,20,0.5882352941176471,numerical phase witness upper<0; positive conservative lower certifies sound,VERIFIED
S4,leave_day1_out,polynomial,fixed_coverage_grid,full_state_margin,168,34,0.20238095238095238,7,0,0.20588235294117646,0.20588235294117646,34,1.0,30,0.8823529411764706,numerical phase witness upper<0; positive conservative lower certifies sound,VERIFIED
S4,leave_day1_out,polynomial,fixed_coverage_grid,center_margin,168,67,0.39880952380952384,14,0,0.208955223880597,0.208955223880597,63,0.9402985074626866,49,0.7313432835820896,numerical phase witness upper<0; positive conservative lower certifies sound,VERIFIED
S4,leave_day1_out,polynomial,fixed_coverage_grid,maximum_response,168,67,0.39880952380952384,16,0,0.23880597014925373,0.23880597014925373,61,0.9104477611940298,44,0.6567164179104478,numerical phase witness upper<0; positive conservative lower certifies sound,VERIFIED
S4,leave_day1_out,polynomial,fixed_coverage_grid,negative_entropy,168,67,0.39880952380952384,19,0,0.2835820895522388,0.2835820895522388,58,0.8656716417910447,42,0.6268656716417911,numerical phase witness upper<0; positive conservative lower certifies sound,VERIFIED
S4,leave_day1_out,polynomial,fixed_coverage_grid,full_state_margin,168,67,0.39880952380952384,25,0,0.373134328358209,0.373134328358209,67,1.0,53,0.7910447761194029,numerical phase witness upper<0; positive conservative lower certifies sound,VERIFIED
S4,leave_day1_out,polynomial,fixed_coverage_grid,center_margin,168,101,0.6011904761904762,43,0,0.42574257425742573,0.42574257425742573,83,0.8217821782178217,60,0.594059405940594,numerical phase witness upper<0; positive conservative lower certifies sound,VERIFIED
S4,leave_day1_out,polynomial,fixed_coverage_grid,maximum_response,168,101,0.6011904761904762,42,0,0.4158415841584158,0.4158415841584158,80,0.7920792079207921,57,0.5643564356435643,numerical phase witness upper<0; positive conservative lower certifies sound,VERIFIED
S4,leave_day1_out,polynomial,fixed_coverage_grid,negative_entropy,168,101,0.6011904761904762,43,0,0.42574257425742573,0.42574257425742573,77,0.7623762376237624,57,0.5643564356435643,numerical phase witness upper<0; positive conservative lower certifies sound,VERIFIED
S4,leave_day1_out,polynomial,fixed_coverage_grid,full_state_margin,168,101,0.6011904761904762,48,0,0.4752475247524752,0.4752475247524752,101,1.0,79,0.7821782178217822,numerical phase witness upper<0; positive conservative lower certifies sound,VERIFIED
S4,leave_day1_out,polynomial,fixed_coverage_grid,center_margin,168,134,0.7976190476190477,75,0,0.5597014925373134,0.5597014925373134,96,0.7164179104477612,66,0.4925373134328358,numerical phase witness upper<0; positive conservative lower certifies sound,VERIFIED
S4,leave_day1_out,polynomial,fixed_coverage_grid,maximum_response,168,134,0.7976190476190477,75,0,0.5597014925373134,0.5597014925373134,94,0.7014925373134329,63,0.4701492537313433,numerical phase witness upper<0; positive conservative lower certifies sound,VERIFIED
S4,leave_day1_out,polynomial,fixed_coverage_grid,negative_entropy,168,134,0.7976190476190477,75,0,0.5597014925373134,0.5597014925373134,93,0.6940298507462687,62,0.4626865671641791,numerical phase witness upper<0; positive conservative lower certifies sound,VERIFIED
S4,leave_day1_out,polynomial,fixed_coverage_grid,full_state_margin,168,134,0.7976190476190477,77,0,0.5746268656716418,0.5746268656716418,134,1.0,98,0.7313432835820896,numerical phase witness upper<0; positive conservative lower certifies sound,VERIFIED
S4,leave_day1_out,polynomial,fixed_coverage_grid,center_margin,168,168,1.0,109,0,0.6488095238095238,0.6488095238095238,108,0.6428571428571429,75,0.44642857142857145,numerical phase witness upper<0; positive conservative lower certifies sound,VERIFIED
S4,leave_day1_out,polynomial,fixed_coverage_grid,maximum_response,168,168,1.0,109,0,0.6488095238095238,0.6488095238095238,108,0.6428571428571429,75,0.44642857142857145,numerical phase witness upper<0; positive conservative lower certifies sound,VERIFIED
S4,leave_day1_out,polynomial,fixed_coverage_grid,negative_entropy,168,168,1.0,109,0,0.6488095238095238,0.6488095238095238,108,0.6428571428571429,75,0.44642857142857145,numerical phase witness upper<0; positive conservative lower certifies sound,VERIFIED
S4,leave_day1_out,polynomial,fixed_coverage_grid,full_state_margin,168,168,1.0,109,0,0.6488095238095238,0.6488095238095238,168,1.0,111,0.6607142857142857,numerical phase witness upper<0; positive conservative lower certifies sound,VERIFIED
S4,leave_day1_out,random_orthogonal,certificate_matched,exact_fiber,168,39,0.23214285714285715,0,0,0.0,0.0,39,1.0,29,0.7435897435897436,numerical phase witness upper<0; positive conservative lower certifies sound,VERIFIED
S4,leave_day1_out,random_orthogonal,certificate_matched,center_margin,168,39,0.23214285714285715,9,0,0.23076923076923078,0.23076923076923078,34,0.8717948717948718,29,0.7435897435897436,numerical phase witness upper<0; positive conservative lower certifies sound,VERIFIED
S4,leave_day1_out,random_orthogonal,certificate_matched,maximum_response,168,39,0.23214285714285715,19,0,0.48717948717948717,0.48717948717948717,25,0.6410256410256411,16,0.41025641025641024,numerical phase witness upper<0; positive conservative lower certifies sound,VERIFIED
S4,leave_day1_out,random_orthogonal,certificate_matched,negative_entropy,168,39,0.23214285714285715,23,0,0.5897435897435898,0.5897435897435898,21,0.5384615384615384,14,0.358974358974359,numerical phase witness upper<0; positive conservative lower certifies sound,VERIFIED
S4,leave_day1_out,random_orthogonal,certificate_matched,full_state_margin,168,39,0.23214285714285715,28,0,0.717948717948718,0.717948717948718,39,1.0,34,0.8717948717948718,numerical phase witness upper<0; positive conservative lower certifies sound,VERIFIED
S4,leave_day1_out,random_orthogonal,fixed_coverage_grid,center_margin,168,8,0.047619047619047616,1,0,0.125,0.125,8,1.0,8,1.0,numerical phase witness upper<0; positive conservative lower certifies sound,VERIFIED
S4,leave_day1_out,random_orthogonal,fixed_coverage_grid,maximum_response,168,8,0.047619047619047616,4,0,0.5,0.5,4,0.5,1,0.125,numerical phase witness upper<0; positive conservative lower certifies sound,VERIFIED
S4,leave_day1_out,random_orthogonal,fixed_coverage_grid,negative_entropy,168,8,0.047619047619047616,4,0,0.5,0.5,4,0.5,1,0.125,numerical phase witness upper<0; positive conservative lower certifies sound,VERIFIED
S4,leave_day1_out,random_orthogonal,fixed_coverage_grid,full_state_margin,168,8,0.047619047619047616,8,0,1.0,1.0,8,1.0,7,0.875,numerical phase witness upper<0; positive conservative lower certifies sound,VERIFIED
S4,leave_day1_out,random_orthogonal,fixed_coverage_grid,center_margin,168,17,0.10119047619047619,1,0,0.058823529411764705,0.058823529411764705,17,1.0,14,0.8235294117647058,numerical phase witness upper<0; positive conservative lower certifies sound,VERIFIED
S4,leave_day1_out,random_orthogonal,fixed_coverage_grid,maximum_response,168,17,0.10119047619047619,7,0,0.4117647058823529,0.4117647058823529,12,0.7058823529411765,5,0.29411764705882354,numerical phase witness upper<0; positive conservative lower certifies sound,VERIFIED
S4,leave_day1_out,random_orthogonal,fixed_coverage_grid,negative_entropy,168,17,0.10119047619047619,8,0,0.47058823529411764,0.47058823529411764,11,0.6470588235294118,4,0.23529411764705882,numerical phase witness upper<0; positive conservative lower certifies sound,VERIFIED
S4,leave_day1_out,random_orthogonal,fixed_coverage_grid,full_state_margin,168,17,0.10119047619047619,15,0,0.8823529411764706,0.8823529411764706,17,1.0,16,0.9411764705882353,numerical phase witness upper<0; positive conservative lower certifies sound,VERIFIED
S4,leave_day1_out,random_orthogonal,fixed_coverage_grid,center_margin,168,34,0.20238095238095238,5,0,0.14705882352941177,0.14705882352941177,30,0.8823529411764706,27,0.7941176470588235,numerical phase witness upper<0; positive conservative lower certifies sound,VERIFIED
S4,leave_day1_out,random_orthogonal,fixed_coverage_grid,maximum_response,168,34,0.20238095238095238,16,0,0.47058823529411764,0.47058823529411764,23,0.6764705882352942,15,0.4411764705882353,numerical phase witness upper<0; positive conservative lower certifies sound,VERIFIED
S4,leave_day1_out,random_orthogonal,fixed_coverage_grid,negative_entropy,168,34,0.20238095238095238,19,0,0.5588235294117647,0.5588235294117647,20,0.5882352941176471,13,0.38235294117647056,numerical phase witness upper<0; positive conservative lower certifies sound,VERIFIED
S4,leave_day1_out,random_orthogonal,fixed_coverage_grid,full_state_margin,168,34,0.20238095238095238,25,0,0.7352941176470589,0.7352941176470589,34,1.0,30,0.8823529411764706,numerical phase witness upper<0; positive conservative lower certifies sound,VERIFIED
S4,leave_day1_out,random_orthogonal,fixed_coverage_grid,center_margin,168,67,0.39880952380952384,32,0,0.47761194029850745,0.47761194029850745,57,0.8507462686567164,44,0.6567164179104478,numerical phase witness upper<0; positive conservative lower certifies sound,VERIFIED
S4,leave_day1_out,random_orthogonal,fixed_coverage_grid,maximum_response,168,67,0.39880952380952384,36,0,0.5373134328358209,0.5373134328358209,41,0.6119402985074627,34,0.5074626865671642,numerical phase witness upper<0; positive conservative lower certifies sound,VERIFIED
S4,leave_day1_out,random_orthogonal,fixed_coverage_grid,negative_entropy,168,67,0.39880952380952384,42,0,0.6268656716417911,0.6268656716417911,39,0.582089552238806,30,0.44776119402985076,numerical phase witness upper<0; positive conservative lower certifies sound,VERIFIED
S4,leave_day1_out,random_orthogonal,fixed_coverage_grid,full_state_margin,168,67,0.39880952380952384,45,0,0.6716417910447762,0.6716417910447762,67,1.0,53,0.7910447761194029,numerical phase witness upper<0; positive conservative lower certifies sound,VERIFIED
S4,leave_day1_out,random_orthogonal,fixed_coverage_grid,center_margin,168,101,0.6011904761904762,62,0,0.6138613861386139,0.6138613861386139,81,0.801980198019802,60,0.594059405940594,numerical phase witness upper<0; positive conservative lower certifies sound,VERIFIED
S4,leave_day1_out,random_orthogonal,fixed_coverage_grid,maximum_response,168,101,0.6011904761904762,62,0,0.6138613861386139,0.6138613861386139,68,0.6732673267326733,57,0.5643564356435643,numerical phase witness upper<0; positive conservative lower certifies sound,VERIFIED
S4,leave_day1_out,random_orthogonal,fixed_coverage_grid,negative_entropy,168,101,0.6011904761904762,66,0,0.6534653465346535,0.6534653465346535,68,0.6732673267326733,58,0.5742574257425742,numerical phase witness upper<0; positive conservative lower certifies sound,VERIFIED
S4,leave_day1_out,random_orthogonal,fixed_coverage_grid,full_state_margin,168,101,0.6011904761904762,70,0,0.693069306930693,0.693069306930693,101,1.0,79,0.7821782178217822,numerical phase witness upper<0; positive conservative lower certifies sound,VERIFIED
S4,leave_day1_out,random_orthogonal,fixed_coverage_grid,center_margin,168,134,0.7976190476190477,95,0,0.7089552238805971,0.7089552238805971,100,0.746268656716418,75,0.5597014925373134,numerical phase witness upper<0; positive conservative lower certifies sound,VERIFIED
S4,leave_day1_out,random_orthogonal,fixed_coverage_grid,maximum_response,168,134,0.7976190476190477,95,0,0.7089552238805971,0.7089552238805971,94,0.7014925373134329,73,0.5447761194029851,numerical phase witness upper<0; positive conservative lower certifies sound,VERIFIED
S4,leave_day1_out,random_orthogonal,fixed_coverage_grid,negative_entropy,168,134,0.7976190476190477,95,0,0.7089552238805971,0.7089552238805971,95,0.7089552238805971,73,0.5447761194029851,numerical phase witness upper<0; positive conservative lower certifies sound,VERIFIED
S4,leave_day1_out,random_orthogonal,fixed_coverage_grid,full_state_margin,168,134,0.7976190476190477,98,0,0.7313432835820896,0.7313432835820896,134,1.0,98,0.7313432835820896,numerical phase witness upper<0; positive conservative lower certifies sound,VERIFIED
S4,leave_day1_out,random_orthogonal,fixed_coverage_grid,center_margin,168,168,1.0,129,0,0.7678571428571429,0.7678571428571429,118,0.7023809523809523,90,0.5357142857142857,numerical phase witness upper<0; positive conservative lower certifies sound,VERIFIED
S4,leave_day1_out,random_orthogonal,fixed_coverage_grid,maximum_response,168,168,1.0,129,0,0.7678571428571429,0.7678571428571429,118,0.7023809523809523,90,0.5357142857142857,numerical phase witness upper<0; positive conservative lower certifies sound,VERIFIED
S4,leave_day1_out,random_orthogonal,fixed_coverage_grid,negative_entropy,168,168,1.0,129,0,0.7678571428571429,0.7678571428571429,118,0.7023809523809523,90,0.5357142857142857,numerical phase witness upper<0; positive conservative lower certifies sound,VERIFIED
S4,leave_day1_out,random_orthogonal,fixed_coverage_grid,full_state_margin,168,168,1.0,129,0,0.7678571428571429,0.7678571428571429,168,1.0,111,0.6607142857142857,numerical phase witness upper<0; positive conservative lower certifies sound,VERIFIED
S4,leave_day1_out,permuted_polynomial,certificate_matched,exact_fiber,168,78,0.4642857142857143,0,0,0.0,0.0,78,1.0,61,0.782051282051282,numerical phase witness upper<0; positive conservative lower certifies sound,VERIFIED
S4,leave_day1_out,permuted_polynomial,certificate_matched,center_margin,168,78,0.4642857142857143,17,0,0.21794871794871795,0.21794871794871795,78,1.0,58,0.7435897435897436,numerical phase witness upper<0; positive conservative lower certifies sound,VERIFIED
S4,leave_day1_out,permuted_polynomial,certificate_matched,maximum_response,168,78,0.4642857142857143,21,0,0.2692307692307692,0.2692307692307692,74,0.9487179487179487,57,0.7307692307692307,numerical phase witness upper<0; positive conservative lower certifies sound,VERIFIED
S4,leave_day1_out,permuted_polynomial,certificate_matched,negative_entropy,168,78,0.4642857142857143,22,0,0.28205128205128205,0.28205128205128205,73,0.9358974358974359,57,0.7307692307692307,numerical phase witness upper<0; positive conservative lower certifies sound,VERIFIED
S4,leave_day1_out,permuted_polynomial,certificate_matched,full_state_margin,168,78,0.4642857142857143,34,0,0.4358974358974359,0.4358974358974359,78,1.0,62,0.7948717948717948,numerical phase witness upper<0; positive conservative lower certifies sound,VERIFIED
S4,leave_day1_out,permuted_polynomial,fixed_coverage_grid,center_margin,168,8,0.047619047619047616,1,0,0.125,0.125,8,1.0,6,0.75,numerical phase witness upper<0; positive conservative lower certifies sound,VERIFIED
S4,leave_day1_out,permuted_polynomial,fixed_coverage_grid,maximum_response,168,8,0.047619047619047616,3,0,0.375,0.375,8,1.0,2,0.25,numerical phase witness upper<0; positive conservative lower certifies sound,VERIFIED
S4,leave_day1_out,permuted_polynomial,fixed_coverage_grid,negative_entropy,168,8,0.047619047619047616,3,0,0.375,0.375,8,1.0,2,0.25,numerical phase witness upper<0; positive conservative lower certifies sound,VERIFIED
S4,leave_day1_out,permuted_polynomial,fixed_coverage_grid,full_state_margin,168,8,0.047619047619047616,7,0,0.875,0.875,8,1.0,7,0.875,numerical phase witness upper<0; positive conservative lower certifies sound,VERIFIED
S4,leave_day1_out,permuted_polynomial,fixed_coverage_grid,center_margin,168,17,0.10119047619047619,1,0,0.058823529411764705,0.058823529411764705,17,1.0,13,0.7647058823529411,numerical phase witness upper<0; positive conservative lower certifies sound,VERIFIED
S4,leave_day1_out,permuted_polynomial,fixed_coverage_grid,maximum_response,168,17,0.10119047619047619,3,0,0.17647058823529413,0.17647058823529413,17,1.0,10,0.5882352941176471,numerical phase witness upper<0; positive conservative lower certifies sound,VERIFIED
S4,leave_day1_out,permuted_polynomial,fixed_coverage_grid,negative_entropy,168,17,0.10119047619047619,3,0,0.17647058823529413,0.17647058823529413,17,1.0,10,0.5882352941176471,numerical phase witness upper<0; positive conservative lower certifies sound,VERIFIED
S4,leave_day1_out,permuted_polynomial,fixed_coverage_grid,full_state_margin,168,17,0.10119047619047619,13,0,0.7647058823529411,0.7647058823529411,17,1.0,16,0.9411764705882353,numerical phase witness upper<0; positive conservative lower certifies sound,VERIFIED
S4,leave_day1_out,permuted_polynomial,fixed_coverage_grid,center_margin,168,34,0.20238095238095238,3,0,0.08823529411764706,0.08823529411764706,34,1.0,29,0.8529411764705882,numerical phase witness upper<0; positive conservative lower certifies sound,VERIFIED
S4,leave_day1_out,permuted_polynomial,fixed_coverage_grid,maximum_response,168,34,0.20238095238095238,7,0,0.20588235294117646,0.20588235294117646,33,0.9705882352941176,24,0.7058823529411765,numerical phase witness upper<0; positive conservative lower certifies sound,VERIFIED
S4,leave_day1_out,permuted_polynomial,fixed_coverage_grid,negative_entropy,168,34,0.20238095238095238,10,0,0.29411764705882354,0.29411764705882354,31,0.9117647058823529,24,0.7058823529411765,numerical phase witness upper<0; positive conservative lower certifies sound,VERIFIED
S4,leave_day1_out,permuted_polynomial,fixed_coverage_grid,full_state_margin,168,34,0.20238095238095238,20,0,0.5882352941176471,0.5882352941176471,34,1.0,30,0.8823529411764706,numerical phase witness upper<0; positive conservative lower certifies sound,VERIFIED
S4,leave_day1_out,permuted_polynomial,fixed_coverage_grid,center_margin,168,67,0.39880952380952384,10,0,0.14925373134328357,0.14925373134328357,67,1.0,50,0.746268656716418,numerical phase witness upper<0; positive conservative lower certifies sound,VERIFIED
S4,leave_day1_out,permuted_polynomial,fixed_coverage_grid,maximum_response,168,67,0.39880952380952384,15,0,0.22388059701492538,0.22388059701492538,64,0.9552238805970149,49,0.7313432835820896,numerical phase witness upper<0; positive conservative lower certifies sound,VERIFIED
S4,leave_day1_out,permuted_polynomial,fixed_coverage_grid,negative_entropy,168,67,0.39880952380952384,20,0,0.29850746268656714,0.29850746268656714,62,0.9253731343283582,48,0.7164179104477612,numerical phase witness upper<0; positive conservative lower certifies sound,VERIFIED
S4,leave_day1_out,permuted_polynomial,fixed_coverage_grid,full_state_margin,168,67,0.39880952380952384,30,0,0.44776119402985076,0.44776119402985076,67,1.0,53,0.7910447761194029,numerical phase witness upper<0; positive conservative lower certifies sound,VERIFIED
S4,leave_day1_out,permuted_polynomial,fixed_coverage_grid,center_margin,168,101,0.6011904761904762,31,0,0.3069306930693069,0.3069306930693069,99,0.9801980198019802,70,0.693069306930693,numerical phase witness upper<0; positive conservative lower certifies sound,VERIFIED
S4,leave_day1_out,permuted_polynomial,fixed_coverage_grid,maximum_response,168,101,0.6011904761904762,33,0,0.32673267326732675,0.32673267326732675,93,0.9207920792079208,69,0.6831683168316832,numerical phase witness upper<0; positive conservative lower certifies sound,VERIFIED
S4,leave_day1_out,permuted_polynomial,fixed_coverage_grid,negative_entropy,168,101,0.6011904761904762,39,0,0.38613861386138615,0.38613861386138615,90,0.8910891089108911,68,0.6732673267326733,numerical phase witness upper<0; positive conservative lower certifies sound,VERIFIED
S4,leave_day1_out,permuted_polynomial,fixed_coverage_grid,full_state_margin,168,101,0.6011904761904762,41,0,0.40594059405940597,0.40594059405940597,101,1.0,79,0.7821782178217822,numerical phase witness upper<0; positive conservative lower certifies sound,VERIFIED
S4,leave_day1_out,permuted_polynomial,fixed_coverage_grid,center_margin,168,134,0.7976190476190477,56,0,0.417910447761194,0.417910447761194,124,0.9253731343283582,90,0.6716417910447762,numerical phase witness upper<0; positive conservative lower certifies sound,VERIFIED
S4,leave_day1_out,permuted_polynomial,fixed_coverage_grid,maximum_response,168,134,0.7976190476190477,61,0,0.4552238805970149,0.4552238805970149,121,0.9029850746268657,91,0.6791044776119403,numerical phase witness upper<0; positive conservative lower certifies sound,VERIFIED
S4,leave_day1_out,permuted_polynomial,fixed_coverage_grid,negative_entropy,168,134,0.7976190476190477,62,0,0.4626865671641791,0.4626865671641791,117,0.8731343283582089,87,0.6492537313432836,numerical phase witness upper<0; positive conservative lower certifies sound,VERIFIED
S4,leave_day1_out,permuted_polynomial,fixed_coverage_grid,full_state_margin,168,134,0.7976190476190477,59,0,0.44029850746268656,0.44029850746268656,134,1.0,98,0.7313432835820896,numerical phase witness upper<0; positive conservative lower certifies sound,VERIFIED
S4,leave_day1_out,permuted_polynomial,fixed_coverage_grid,center_margin,168,168,1.0,90,0,0.5357142857142857,0.5357142857142857,141,0.8392857142857143,109,0.6488095238095238,numerical phase witness upper<0; positive conservative lower certifies sound,VERIFIED
S4,leave_day1_out,permuted_polynomial,fixed_coverage_grid,maximum_response,168,168,1.0,90,0,0.5357142857142857,0.5357142857142857,141,0.8392857142857143,109,0.6488095238095238,numerical phase witness upper<0; positive conservative lower certifies sound,VERIFIED
S4,leave_day1_out,permuted_polynomial,fixed_coverage_grid,negative_entropy,168,168,1.0,90,0,0.5357142857142857,0.5357142857142857,141,0.8392857142857143,109,0.6488095238095238,numerical phase witness upper<0; positive conservative lower certifies sound,VERIFIED
S4,leave_day1_out,permuted_polynomial,fixed_coverage_grid,full_state_margin,168,168,1.0,90,0,0.5357142857142857,0.5357142857142857,168,1.0,111,0.6607142857142857,numerical phase witness upper<0; positive conservative lower certifies sound,VERIFIED
S4,leave_day3_out,coordinate,certificate_matched,exact_fiber,168,92,0.5476190476190477,0,0,0.0,0.0,92,1.0,68,0.7391304347826086,numerical phase witness upper<0; positive conservative lower certifies sound,VERIFIED
S4,leave_day3_out,coordinate,certificate_matched,center_margin,168,92,0.5476190476190477,16,0,0.17391304347826086,0.17391304347826086,89,0.967391304347826,60,0.6521739130434783,numerical phase witness upper<0; positive conservative lower certifies sound,VERIFIED
S4,leave_day3_out,coordinate,certificate_matched,maximum_response,168,92,0.5476190476190477,22,0,0.2391304347826087,0.2391304347826087,86,0.9347826086956522,55,0.5978260869565217,numerical phase witness upper<0; positive conservative lower certifies sound,VERIFIED
S4,leave_day3_out,coordinate,certificate_matched,negative_entropy,168,92,0.5476190476190477,28,0,0.30434782608695654,0.30434782608695654,85,0.9239130434782609,56,0.6086956521739131,numerical phase witness upper<0; positive conservative lower certifies sound,VERIFIED
S4,leave_day3_out,coordinate,certificate_matched,full_state_margin,168,92,0.5476190476190477,21,0,0.22826086956521738,0.22826086956521738,92,1.0,64,0.6956521739130435,numerical phase witness upper<0; positive conservative lower certifies sound,VERIFIED
S4,leave_day3_out,coordinate,fixed_coverage_grid,center_margin,168,8,0.047619047619047616,0,0,0.0,0.0,8,1.0,7,0.875,numerical phase witness upper<0; positive conservative lower certifies sound,VERIFIED
S4,leave_day3_out,coordinate,fixed_coverage_grid,maximum_response,168,8,0.047619047619047616,0,0,0.0,0.0,8,1.0,6,0.75,numerical phase witness upper<0; positive conservative lower certifies sound,VERIFIED
S4,leave_day3_out,coordinate,fixed_coverage_grid,negative_entropy,168,8,0.047619047619047616,0,0,0.0,0.0,8,1.0,6,0.75,numerical phase witness upper<0; positive conservative lower certifies sound,VERIFIED
S4,leave_day3_out,coordinate,fixed_coverage_grid,full_state_margin,168,8,0.047619047619047616,0,0,0.0,0.0,8,1.0,7,0.875,numerical phase witness upper<0; positive conservative lower certifies sound,VERIFIED
S4,leave_day3_out,coordinate,fixed_coverage_grid,center_margin,168,17,0.10119047619047619,0,0,0.0,0.0,17,1.0,15,0.8823529411764706,numerical phase witness upper<0; positive conservative lower certifies sound,VERIFIED
S4,leave_day3_out,coordinate,fixed_coverage_grid,maximum_response,168,17,0.10119047619047619,0,0,0.0,0.0,17,1.0,12,0.7058823529411765,numerical phase witness upper<0; positive conservative lower certifies sound,VERIFIED
S4,leave_day3_out,coordinate,fixed_coverage_grid,negative_entropy,168,17,0.10119047619047619,0,0,0.0,0.0,17,1.0,12,0.7058823529411765,numerical phase witness upper<0; positive conservative lower certifies sound,VERIFIED
S4,leave_day3_out,coordinate,fixed_coverage_grid,full_state_margin,168,17,0.10119047619047619,0,0,0.0,0.0,17,1.0,15,0.8823529411764706,numerical phase witness upper<0; positive conservative lower certifies sound,VERIFIED
S4,leave_day3_out,coordinate,fixed_coverage_grid,center_margin,168,34,0.20238095238095238,1,0,0.029411764705882353,0.029411764705882353,34,1.0,23,0.6764705882352942,numerical phase witness upper<0; positive conservative lower certifies sound,VERIFIED
S4,leave_day3_out,coordinate,fixed_coverage_grid,maximum_response,168,34,0.20238095238095238,2,0,0.058823529411764705,0.058823529411764705,33,0.9705882352941176,24,0.7058823529411765,numerical phase witness upper<0; positive conservative lower certifies sound,VERIFIED
S4,leave_day3_out,coordinate,fixed_coverage_grid,negative_entropy,168,34,0.20238095238095238,2,0,0.058823529411764705,0.058823529411764705,33,0.9705882352941176,23,0.6764705882352942,numerical phase witness upper<0; positive conservative lower certifies sound,VERIFIED
S4,leave_day3_out,coordinate,fixed_coverage_grid,full_state_margin,168,34,0.20238095238095238,4,0,0.11764705882352941,0.11764705882352941,34,1.0,24,0.7058823529411765,numerical phase witness upper<0; positive conservative lower certifies sound,VERIFIED
S4,leave_day3_out,coordinate,fixed_coverage_grid,center_margin,168,67,0.39880952380952384,9,0,0.13432835820895522,0.13432835820895522,64,0.9552238805970149,42,0.6268656716417911,numerical phase witness upper<0; positive conservative lower certifies sound,VERIFIED
S4,leave_day3_out,coordinate,fixed_coverage_grid,maximum_response,168,67,0.39880952380952384,13,0,0.19402985074626866,0.19402985074626866,63,0.9402985074626866,37,0.5522388059701493,numerical phase witness upper<0; positive conservative lower certifies sound,VERIFIED
S4,leave_day3_out,coordinate,fixed_coverage_grid,negative_entropy,168,67,0.39880952380952384,15,0,0.22388059701492538,0.22388059701492538,61,0.9104477611940298,37,0.5522388059701493,numerical phase witness upper<0; positive conservative lower certifies sound,VERIFIED
S4,leave_day3_out,coordinate,fixed_coverage_grid,full_state_margin,168,67,0.39880952380952384,13,0,0.19402985074626866,0.19402985074626866,67,1.0,48,0.7164179104477612,numerical phase witness upper<0; positive conservative lower certifies sound,VERIFIED
S4,leave_day3_out,coordinate,fixed_coverage_grid,center_margin,168,101,0.6011904761904762,20,0,0.19801980198019803,0.19801980198019803,98,0.9702970297029703,66,0.6534653465346535,numerical phase witness upper<0; positive conservative lower certifies sound,VERIFIED
S4,leave_day3_out,coordinate,fixed_coverage_grid,maximum_response,168,101,0.6011904761904762,26,0,0.25742574257425743,0.25742574257425743,94,0.9306930693069307,62,0.6138613861386139,numerical phase witness upper<0; positive conservative lower certifies sound,VERIFIED
S4,leave_day3_out,coordinate,fixed_coverage_grid,negative_entropy,168,101,0.6011904761904762,33,0,0.32673267326732675,0.32673267326732675,94,0.9306930693069307,63,0.6237623762376238,numerical phase witness upper<0; positive conservative lower certifies sound,VERIFIED
S4,leave_day3_out,coordinate,fixed_coverage_grid,full_state_margin,168,101,0.6011904761904762,27,0,0.26732673267326734,0.26732673267326734,101,1.0,71,0.7029702970297029,numerical phase witness upper<0; positive conservative lower certifies sound,VERIFIED
S4,leave_day3_out,coordinate,fixed_coverage_grid,center_margin,168,134,0.7976190476190477,43,0,0.3208955223880597,0.3208955223880597,128,0.9552238805970149,94,0.7014925373134329,numerical phase witness upper<0; positive conservative lower certifies sound,VERIFIED
S4,leave_day3_out,coordinate,fixed_coverage_grid,maximum_response,168,134,0.7976190476190477,47,0,0.35074626865671643,0.35074626865671643,125,0.9328358208955224,92,0.6865671641791045,numerical phase witness upper<0; positive conservative lower certifies sound,VERIFIED
S4,leave_day3_out,coordinate,fixed_coverage_grid,negative_entropy,168,134,0.7976190476190477,52,0,0.3880597014925373,0.3880597014925373,124,0.9253731343283582,90,0.6716417910447762,numerical phase witness upper<0; positive conservative lower certifies sound,VERIFIED
S4,leave_day3_out,coordinate,fixed_coverage_grid,full_state_margin,168,134,0.7976190476190477,47,0,0.35074626865671643,0.35074626865671643,134,1.0,96,0.7164179104477612,numerical phase witness upper<0; positive conservative lower certifies sound,VERIFIED
S4,leave_day3_out,coordinate,fixed_coverage_grid,center_margin,168,168,1.0,76,0,0.4523809523809524,0.4523809523809524,150,0.8928571428571429,115,0.6845238095238095,numerical phase witness upper<0; positive conservative lower certifies sound,VERIFIED
S4,leave_day3_out,coordinate,fixed_coverage_grid,maximum_response,168,168,1.0,76,0,0.4523809523809524,0.4523809523809524,150,0.8928571428571429,115,0.6845238095238095,numerical phase witness upper<0; positive conservative lower certifies sound,VERIFIED
S4,leave_day3_out,coordinate,fixed_coverage_grid,negative_entropy,168,168,1.0,76,0,0.4523809523809524,0.4523809523809524,150,0.8928571428571429,115,0.6845238095238095,numerical phase witness upper<0; positive conservative lower certifies sound,VERIFIED
S4,leave_day3_out,coordinate,fixed_coverage_grid,full_state_margin,168,168,1.0,76,0,0.4523809523809524,0.4523809523809524,168,1.0,114,0.6785714285714286,numerical phase witness upper<0; positive conservative lower certifies sound,VERIFIED
S4,leave_day3_out,dct,certificate_matched,exact_fiber,168,90,0.5357142857142857,0,0,0.0,0.0,90,1.0,60,0.6666666666666666,numerical phase witness upper<0; positive conservative lower certifies sound,VERIFIED
S4,leave_day3_out,dct,certificate_matched,center_margin,168,90,0.5357142857142857,17,0,0.18888888888888888,0.18888888888888888,85,0.9444444444444444,55,0.6111111111111112,numerical phase witness upper<0; positive conservative lower certifies sound,VERIFIED
S4,leave_day3_out,dct,certificate_matched,maximum_response,168,90,0.5357142857142857,17,0,0.18888888888888888,0.18888888888888888,80,0.8888888888888888,50,0.5555555555555556,numerical phase witness upper<0; positive conservative lower certifies sound,VERIFIED
S4,leave_day3_out,dct,certificate_matched,negative_entropy,168,90,0.5357142857142857,18,0,0.2,0.2,79,0.8777777777777778,51,0.5666666666666667,numerical phase witness upper<0; positive conservative lower certifies sound,VERIFIED
S4,leave_day3_out,dct,certificate_matched,full_state_margin,168,90,0.5357142857142857,28,0,0.3111111111111111,0.3111111111111111,90,1.0,62,0.6888888888888889,numerical phase witness upper<0; positive conservative lower certifies sound,VERIFIED
S4,leave_day3_out,dct,fixed_coverage_grid,center_margin,168,8,0.047619047619047616,0,0,0.0,0.0,8,1.0,7,0.875,numerical phase witness upper<0; positive conservative lower certifies sound,VERIFIED
S4,leave_day3_out,dct,fixed_coverage_grid,maximum_response,168,8,0.047619047619047616,0,0,0.0,0.0,8,1.0,7,0.875,numerical phase witness upper<0; positive conservative lower certifies sound,VERIFIED
S4,leave_day3_out,dct,fixed_coverage_grid,negative_entropy,168,8,0.047619047619047616,0,0,0.0,0.0,8,1.0,7,0.875,numerical phase witness upper<0; positive conservative lower certifies sound,VERIFIED
S4,leave_day3_out,dct,fixed_coverage_grid,full_state_margin,168,8,0.047619047619047616,0,0,0.0,0.0,8,1.0,7,0.875,numerical phase witness upper<0; positive conservative lower certifies sound,VERIFIED
S4,leave_day3_out,dct,fixed_coverage_grid,center_margin,168,17,0.10119047619047619,1,0,0.058823529411764705,0.058823529411764705,17,1.0,16,0.9411764705882353,numerical phase witness upper<0; positive conservative lower certifies sound,VERIFIED
S4,leave_day3_out,dct,fixed_coverage_grid,maximum_response,168,17,0.10119047619047619,0,0,0.0,0.0,17,1.0,14,0.8235294117647058,numerical phase witness upper<0; positive conservative lower certifies sound,VERIFIED
S4,leave_day3_out,dct,fixed_coverage_grid,negative_entropy,168,17,0.10119047619047619,0,0,0.0,0.0,17,1.0,14,0.8235294117647058,numerical phase witness upper<0; positive conservative lower certifies sound,VERIFIED
S4,leave_day3_out,dct,fixed_coverage_grid,full_state_margin,168,17,0.10119047619047619,0,0,0.0,0.0,17,1.0,15,0.8823529411764706,numerical phase witness upper<0; positive conservative lower certifies sound,VERIFIED
S4,leave_day3_out,dct,fixed_coverage_grid,center_margin,168,34,0.20238095238095238,3,0,0.08823529411764706,0.08823529411764706,34,1.0,23,0.6764705882352942,numerical phase witness upper<0; positive conservative lower certifies sound,VERIFIED
S4,leave_day3_out,dct,fixed_coverage_grid,maximum_response,168,34,0.20238095238095238,3,0,0.08823529411764706,0.08823529411764706,34,1.0,24,0.7058823529411765,numerical phase witness upper<0; positive conservative lower certifies sound,VERIFIED
S4,leave_day3_out,dct,fixed_coverage_grid,negative_entropy,168,34,0.20238095238095238,3,0,0.08823529411764706,0.08823529411764706,34,1.0,24,0.7058823529411765,numerical phase witness upper<0; positive conservative lower certifies sound,VERIFIED
S4,leave_day3_out,dct,fixed_coverage_grid,full_state_margin,168,34,0.20238095238095238,5,0,0.14705882352941177,0.14705882352941177,34,1.0,24,0.7058823529411765,numerical phase witness upper<0; positive conservative lower certifies sound,VERIFIED
S4,leave_day3_out,dct,fixed_coverage_grid,center_margin,168,67,0.39880952380952384,5,0,0.07462686567164178,0.07462686567164178,67,1.0,43,0.6417910447761194,numerical phase witness upper<0; positive conservative lower certifies sound,VERIFIED
S4,leave_day3_out,dct,fixed_coverage_grid,maximum_response,168,67,0.39880952380952384,4,0,0.05970149253731343,0.05970149253731343,66,0.9850746268656716,40,0.5970149253731343,numerical phase witness upper<0; positive conservative lower certifies sound,VERIFIED
S4,leave_day3_out,dct,fixed_coverage_grid,negative_entropy,168,67,0.39880952380952384,10,0,0.14925373134328357,0.14925373134328357,60,0.8955223880597015,37,0.5522388059701493,numerical phase witness upper<0; positive conservative lower certifies sound,VERIFIED
S4,leave_day3_out,dct,fixed_coverage_grid,full_state_margin,168,67,0.39880952380952384,20,0,0.29850746268656714,0.29850746268656714,67,1.0,48,0.7164179104477612,numerical phase witness upper<0; positive conservative lower certifies sound,VERIFIED
S4,leave_day3_out,dct,fixed_coverage_grid,center_margin,168,101,0.6011904761904762,24,0,0.2376237623762376,0.2376237623762376,92,0.9108910891089109,59,0.5841584158415841,numerical phase witness upper<0; positive conservative lower certifies sound,VERIFIED
S4,leave_day3_out,dct,fixed_coverage_grid,maximum_response,168,101,0.6011904761904762,21,0,0.2079207920792079,0.2079207920792079,89,0.8811881188118812,58,0.5742574257425742,numerical phase witness upper<0; positive conservative lower certifies sound,VERIFIED
S4,leave_day3_out,dct,fixed_coverage_grid,negative_entropy,168,101,0.6011904761904762,26,0,0.25742574257425743,0.25742574257425743,86,0.8514851485148515,57,0.5643564356435643,numerical phase witness upper<0; positive conservative lower certifies sound,VERIFIED
S4,leave_day3_out,dct,fixed_coverage_grid,full_state_margin,168,101,0.6011904761904762,36,0,0.3564356435643564,0.3564356435643564,101,1.0,71,0.7029702970297029,numerical phase witness upper<0; positive conservative lower certifies sound,VERIFIED
S4,leave_day3_out,dct,fixed_coverage_grid,center_margin,168,134,0.7976190476190477,48,0,0.3582089552238806,0.3582089552238806,112,0.835820895522388,70,0.5223880597014925,numerical phase witness upper<0; positive conservative lower certifies sound,VERIFIED
S4,leave_day3_out,dct,fixed_coverage_grid,maximum_response,168,134,0.7976190476190477,47,0,0.35074626865671643,0.35074626865671643,108,0.8059701492537313,70,0.5223880597014925,numerical phase witness upper<0; positive conservative lower certifies sound,VERIFIED
S4,leave_day3_out,dct,fixed_coverage_grid,negative_entropy,168,134,0.7976190476190477,48,0,0.3582089552238806,0.3582089552238806,105,0.7835820895522388,69,0.5149253731343284,numerical phase witness upper<0; positive conservative lower certifies sound,VERIFIED
S4,leave_day3_out,dct,fixed_coverage_grid,full_state_margin,168,134,0.7976190476190477,51,0,0.3805970149253731,0.3805970149253731,134,1.0,96,0.7164179104477612,numerical phase witness upper<0; positive conservative lower certifies sound,VERIFIED
S4,leave_day3_out,dct,fixed_coverage_grid,center_margin,168,168,1.0,78,0,0.4642857142857143,0.4642857142857143,127,0.7559523809523809,85,0.5059523809523809,numerical phase witness upper<0; positive conservative lower certifies sound,VERIFIED
S4,leave_day3_out,dct,fixed_coverage_grid,maximum_response,168,168,1.0,78,0,0.4642857142857143,0.4642857142857143,127,0.7559523809523809,85,0.5059523809523809,numerical phase witness upper<0; positive conservative lower certifies sound,VERIFIED
S4,leave_day3_out,dct,fixed_coverage_grid,negative_entropy,168,168,1.0,78,0,0.4642857142857143,0.4642857142857143,127,0.7559523809523809,85,0.5059523809523809,numerical phase witness upper<0; positive conservative lower certifies sound,VERIFIED
S4,leave_day3_out,dct,fixed_coverage_grid,full_state_margin,168,168,1.0,78,0,0.4642857142857143,0.4642857142857143,168,1.0,114,0.6785714285714286,numerical phase witness upper<0; positive conservative lower certifies sound,VERIFIED
S4,leave_day3_out,dft,certificate_matched,exact_fiber,168,122,0.7261904761904762,0,0,0.0,0.0,122,1.0,88,0.7213114754098361,numerical phase witness upper<0; positive conservative lower certifies sound,VERIFIED
S4,leave_day3_out,dft,certificate_matched,center_margin,168,122,0.7261904761904762,15,0,0.12295081967213115,0.12295081967213115,120,0.9836065573770492,83,0.680327868852459,numerical phase witness upper<0; positive conservative lower certifies sound,VERIFIED
S4,leave_day3_out,dft,certificate_matched,maximum_response,168,122,0.7261904761904762,25,0,0.20491803278688525,0.20491803278688525,114,0.9344262295081968,78,0.639344262295082,numerical phase witness upper<0; positive conservative lower certifies sound,VERIFIED
S4,leave_day3_out,dft,certificate_matched,negative_entropy,168,122,0.7261904761904762,29,0,0.23770491803278687,0.23770491803278687,114,0.9344262295081968,81,0.6639344262295082,numerical phase witness upper<0; positive conservative lower certifies sound,VERIFIED
S4,leave_day3_out,dft,certificate_matched,full_state_margin,168,122,0.7261904761904762,19,0,0.1557377049180328,0.1557377049180328,122,1.0,86,0.7049180327868853,numerical phase witness upper<0; positive conservative lower certifies sound,VERIFIED
S4,leave_day3_out,dft,fixed_coverage_grid,center_margin,168,8,0.047619047619047616,0,0,0.0,0.0,8,1.0,8,1.0,numerical phase witness upper<0; positive conservative lower certifies sound,VERIFIED
S4,leave_day3_out,dft,fixed_coverage_grid,maximum_response,168,8,0.047619047619047616,0,0,0.0,0.0,8,1.0,7,0.875,numerical phase witness upper<0; positive conservative lower certifies sound,VERIFIED
S4,leave_day3_out,dft,fixed_coverage_grid,negative_entropy,168,8,0.047619047619047616,0,0,0.0,0.0,8,1.0,7,0.875,numerical phase witness upper<0; positive conservative lower certifies sound,VERIFIED
S4,leave_day3_out,dft,fixed_coverage_grid,full_state_margin,168,8,0.047619047619047616,0,0,0.0,0.0,8,1.0,7,0.875,numerical phase witness upper<0; positive conservative lower certifies sound,VERIFIED
S4,leave_day3_out,dft,fixed_coverage_grid,center_margin,168,17,0.10119047619047619,0,0,0.0,0.0,17,1.0,17,1.0,numerical phase witness upper<0; positive conservative lower certifies sound,VERIFIED
S4,leave_day3_out,dft,fixed_coverage_grid,maximum_response,168,17,0.10119047619047619,0,0,0.0,0.0,17,1.0,16,0.9411764705882353,numerical phase witness upper<0; positive conservative lower certifies sound,VERIFIED
S4,leave_day3_out,dft,fixed_coverage_grid,negative_entropy,168,17,0.10119047619047619,0,0,0.0,0.0,17,1.0,16,0.9411764705882353,numerical phase witness upper<0; positive conservative lower certifies sound,VERIFIED
S4,leave_day3_out,dft,fixed_coverage_grid,full_state_margin,168,17,0.10119047619047619,1,0,0.058823529411764705,0.058823529411764705,17,1.0,15,0.8823529411764706,numerical phase witness upper<0; positive conservative lower certifies sound,VERIFIED
S4,leave_day3_out,dft,fixed_coverage_grid,center_margin,168,34,0.20238095238095238,1,0,0.029411764705882353,0.029411764705882353,34,1.0,27,0.7941176470588235,numerical phase witness upper<0; positive conservative lower certifies sound,VERIFIED
S4,leave_day3_out,dft,fixed_coverage_grid,maximum_response,168,34,0.20238095238095238,4,0,0.11764705882352941,0.11764705882352941,32,0.9411764705882353,23,0.6764705882352942,numerical phase witness upper<0; positive conservative lower certifies sound,VERIFIED
S4,leave_day3_out,dft,fixed_coverage_grid,negative_entropy,168,34,0.20238095238095238,5,0,0.14705882352941177,0.14705882352941177,31,0.9117647058823529,22,0.6470588235294118,numerical phase witness upper<0; positive conservative lower certifies sound,VERIFIED
S4,leave_day3_out,dft,fixed_coverage_grid,full_state_margin,168,34,0.20238095238095238,6,0,0.17647058823529413,0.17647058823529413,34,1.0,24,0.7058823529411765,numerical phase witness upper<0; positive conservative lower certifies sound,VERIFIED
S4,leave_day3_out,dft,fixed_coverage_grid,center_margin,168,67,0.39880952380952384,3,0,0.04477611940298507,0.04477611940298507,67,1.0,46,0.6865671641791045,numerical phase witness upper<0; positive conservative lower certifies sound,VERIFIED
S4,leave_day3_out,dft,fixed_coverage_grid,maximum_response,168,67,0.39880952380952384,12,0,0.1791044776119403,0.1791044776119403,63,0.9402985074626866,40,0.5970149253731343,numerical phase witness upper<0; positive conservative lower certifies sound,VERIFIED
S4,leave_day3_out,dft,fixed_coverage_grid,negative_entropy,168,67,0.39880952380952384,16,0,0.23880597014925373,0.23880597014925373,61,0.9104477611940298,39,0.582089552238806,numerical phase witness upper<0; positive conservative lower certifies sound,VERIFIED
S4,leave_day3_out,dft,fixed_coverage_grid,full_state_margin,168,67,0.39880952380952384,11,0,0.16417910447761194,0.16417910447761194,67,1.0,48,0.7164179104477612,numerical phase witness upper<0; positive conservative lower certifies sound,VERIFIED
S4,leave_day3_out,dft,fixed_coverage_grid,center_margin,168,101,0.6011904761904762,9,0,0.0891089108910891,0.0891089108910891,101,1.0,68,0.6732673267326733,numerical phase witness upper<0; positive conservative lower certifies sound,VERIFIED
S4,leave_day3_out,dft,fixed_coverage_grid,maximum_response,168,101,0.6011904761904762,18,0,0.1782178217821782,0.1782178217821782,95,0.9405940594059405,67,0.6633663366336634,numerical phase witness upper<0; positive conservative lower certifies sound,VERIFIED
S4,leave_day3_out,dft,fixed_coverage_grid,negative_entropy,168,101,0.6011904761904762,25,0,0.24752475247524752,0.24752475247524752,93,0.9207920792079208,64,0.6336633663366337,numerical phase witness upper<0; positive conservative lower certifies sound,VERIFIED
S4,leave_day3_out,dft,fixed_coverage_grid,full_state_margin,168,101,0.6011904761904762,17,0,0.16831683168316833,0.16831683168316833,101,1.0,71,0.7029702970297029,numerical phase witness upper<0; positive conservative lower certifies sound,VERIFIED
S4,leave_day3_out,dft,fixed_coverage_grid,center_margin,168,134,0.7976190476190477,23,0,0.17164179104477612,0.17164179104477612,131,0.9776119402985075,92,0.6865671641791045,numerical phase witness upper<0; positive conservative lower certifies sound,VERIFIED
S4,leave_day3_out,dft,fixed_coverage_grid,maximum_response,168,134,0.7976190476190477,28,0,0.208955223880597,0.208955223880597,126,0.9402985074626866,88,0.6567164179104478,numerical phase witness upper<0; positive conservative lower certifies sound,VERIFIED
S4,leave_day3_out,dft,fixed_coverage_grid,negative_entropy,168,134,0.7976190476190477,30,0,0.22388059701492538,0.22388059701492538,126,0.9402985074626866,88,0.6567164179104478,numerical phase witness upper<0; positive conservative lower certifies sound,VERIFIED
S4,leave_day3_out,dft,fixed_coverage_grid,full_state_margin,168,134,0.7976190476190477,23,0,0.17164179104477612,0.17164179104477612,134,1.0,96,0.7164179104477612,numerical phase witness upper<0; positive conservative lower certifies sound,VERIFIED
S4,leave_day3_out,dft,fixed_coverage_grid,center_margin,168,168,1.0,46,0,0.27380952380952384,0.27380952380952384,156,0.9285714285714286,111,0.6607142857142857,numerical phase witness upper<0; positive conservative lower certifies sound,VERIFIED
S4,leave_day3_out,dft,fixed_coverage_grid,maximum_response,168,168,1.0,46,0,0.27380952380952384,0.27380952380952384,156,0.9285714285714286,111,0.6607142857142857,numerical phase witness upper<0; positive conservative lower certifies sound,VERIFIED
S4,leave_day3_out,dft,fixed_coverage_grid,negative_entropy,168,168,1.0,46,0,0.27380952380952384,0.27380952380952384,156,0.9285714285714286,111,0.6607142857142857,numerical phase witness upper<0; positive conservative lower certifies sound,VERIFIED
S4,leave_day3_out,dft,fixed_coverage_grid,full_state_margin,168,168,1.0,46,0,0.27380952380952384,0.27380952380952384,168,1.0,114,0.6785714285714286,numerical phase witness upper<0; positive conservative lower certifies sound,VERIFIED
S4,leave_day3_out,polynomial,certificate_matched,exact_fiber,168,98,0.5833333333333334,0,0,0.0,0.0,98,1.0,69,0.7040816326530612,numerical phase witness upper<0; positive conservative lower certifies sound,VERIFIED
S4,leave_day3_out,polynomial,certificate_matched,center_margin,168,98,0.5833333333333334,20,0,0.20408163265306123,0.20408163265306123,85,0.8673469387755102,60,0.6122448979591837,numerical phase witness upper<0; positive conservative lower certifies sound,VERIFIED
S4,leave_day3_out,polynomial,certificate_matched,maximum_response,168,98,0.5833333333333334,18,0,0.1836734693877551,0.1836734693877551,88,0.8979591836734694,63,0.6428571428571429,numerical phase witness upper<0; positive conservative lower certifies sound,VERIFIED
S4,leave_day3_out,polynomial,certificate_matched,negative_entropy,168,98,0.5833333333333334,24,0,0.24489795918367346,0.24489795918367346,83,0.8469387755102041,63,0.6428571428571429,numerical phase witness upper<0; positive conservative lower certifies sound,VERIFIED
S4,leave_day3_out,polynomial,certificate_matched,full_state_margin,168,98,0.5833333333333334,35,0,0.35714285714285715,0.35714285714285715,98,1.0,68,0.6938775510204082,numerical phase witness upper<0; positive conservative lower certifies sound,VERIFIED
S4,leave_day3_out,polynomial,fixed_coverage_grid,center_margin,168,8,0.047619047619047616,0,0,0.0,0.0,8,1.0,7,0.875,numerical phase witness upper<0; positive conservative lower certifies sound,VERIFIED
S4,leave_day3_out,polynomial,fixed_coverage_grid,maximum_response,168,8,0.047619047619047616,0,0,0.0,0.0,8,1.0,5,0.625,numerical phase witness upper<0; positive conservative lower certifies sound,VERIFIED
S4,leave_day3_out,polynomial,fixed_coverage_grid,negative_entropy,168,8,0.047619047619047616,0,0,0.0,0.0,8,1.0,6,0.75,numerical phase witness upper<0; positive conservative lower certifies sound,VERIFIED
S4,leave_day3_out,polynomial,fixed_coverage_grid,full_state_margin,168,8,0.047619047619047616,0,0,0.0,0.0,8,1.0,7,0.875,numerical phase witness upper<0; positive conservative lower certifies sound,VERIFIED
S4,leave_day3_out,polynomial,fixed_coverage_grid,center_margin,168,17,0.10119047619047619,0,0,0.0,0.0,17,1.0,15,0.8823529411764706,numerical phase witness upper<0; positive conservative lower certifies sound,VERIFIED
S4,leave_day3_out,polynomial,fixed_coverage_grid,maximum_response,168,17,0.10119047619047619,0,0,0.0,0.0,17,1.0,14,0.8235294117647058,numerical phase witness upper<0; positive conservative lower certifies sound,VERIFIED
S4,leave_day3_out,polynomial,fixed_coverage_grid,negative_entropy,168,17,0.10119047619047619,0,0,0.0,0.0,17,1.0,14,0.8235294117647058,numerical phase witness upper<0; positive conservative lower certifies sound,VERIFIED
S4,leave_day3_out,polynomial,fixed_coverage_grid,full_state_margin,168,17,0.10119047619047619,0,0,0.0,0.0,17,1.0,15,0.8823529411764706,numerical phase witness upper<0; positive conservative lower certifies sound,VERIFIED
S4,leave_day3_out,polynomial,fixed_coverage_grid,center_margin,168,34,0.20238095238095238,0,0,0.0,0.0,34,1.0,26,0.7647058823529411,numerical phase witness upper<0; positive conservative lower certifies sound,VERIFIED
S4,leave_day3_out,polynomial,fixed_coverage_grid,maximum_response,168,34,0.20238095238095238,1,0,0.029411764705882353,0.029411764705882353,34,1.0,23,0.6764705882352942,numerical phase witness upper<0; positive conservative lower certifies sound,VERIFIED
S4,leave_day3_out,polynomial,fixed_coverage_grid,negative_entropy,168,34,0.20238095238095238,1,0,0.029411764705882353,0.029411764705882353,34,1.0,23,0.6764705882352942,numerical phase witness upper<0; positive conservative lower certifies sound,VERIFIED
S4,leave_day3_out,polynomial,fixed_coverage_grid,full_state_margin,168,34,0.20238095238095238,4,0,0.11764705882352941,0.11764705882352941,34,1.0,24,0.7058823529411765,numerical phase witness upper<0; positive conservative lower certifies sound,VERIFIED
S4,leave_day3_out,polynomial,fixed_coverage_grid,center_margin,168,67,0.39880952380952384,5,0,0.07462686567164178,0.07462686567164178,63,0.9402985074626866,45,0.6716417910447762,numerical phase witness upper<0; positive conservative lower certifies sound,VERIFIED
S4,leave_day3_out,polynomial,fixed_coverage_grid,maximum_response,168,67,0.39880952380952384,8,0,0.11940298507462686,0.11940298507462686,63,0.9402985074626866,43,0.6417910447761194,numerical phase witness upper<0; positive conservative lower certifies sound,VERIFIED
S4,leave_day3_out,polynomial,fixed_coverage_grid,negative_entropy,168,67,0.39880952380952384,10,0,0.14925373134328357,0.14925373134328357,63,0.9402985074626866,42,0.6268656716417911,numerical phase witness upper<0; positive conservative lower certifies sound,VERIFIED
S4,leave_day3_out,polynomial,fixed_coverage_grid,full_state_margin,168,67,0.39880952380952384,19,0,0.2835820895522388,0.2835820895522388,67,1.0,48,0.7164179104477612,numerical phase witness upper<0; positive conservative lower certifies sound,VERIFIED
S4,leave_day3_out,polynomial,fixed_coverage_grid,center_margin,168,101,0.6011904761904762,22,0,0.21782178217821782,0.21782178217821782,87,0.8613861386138614,63,0.6237623762376238,numerical phase witness upper<0; positive conservative lower certifies sound,VERIFIED
S4,leave_day3_out,polynomial,fixed_coverage_grid,maximum_response,168,101,0.6011904761904762,21,0,0.2079207920792079,0.2079207920792079,88,0.8712871287128713,64,0.6336633663366337,numerical phase witness upper<0; positive conservative lower certifies sound,VERIFIED
S4,leave_day3_out,polynomial,fixed_coverage_grid,negative_entropy,168,101,0.6011904761904762,26,0,0.25742574257425743,0.25742574257425743,84,0.8316831683168316,66,0.6534653465346535,numerical phase witness upper<0; positive conservative lower certifies sound,VERIFIED
S4,leave_day3_out,polynomial,fixed_coverage_grid,full_state_margin,168,101,0.6011904761904762,37,0,0.36633663366336633,0.36633663366336633,101,1.0,71,0.7029702970297029,numerical phase witness upper<0; positive conservative lower certifies sound,VERIFIED
S4,leave_day3_out,polynomial,fixed_coverage_grid,center_margin,168,134,0.7976190476190477,42,0,0.31343283582089554,0.31343283582089554,105,0.7835820895522388,80,0.5970149253731343,numerical phase witness upper<0; positive conservative lower certifies sound,VERIFIED
S4,leave_day3_out,polynomial,fixed_coverage_grid,maximum_response,168,134,0.7976190476190477,43,0,0.3208955223880597,0.3208955223880597,104,0.7761194029850746,79,0.5895522388059702,numerical phase witness upper<0; positive conservative lower certifies sound,VERIFIED
S4,leave_day3_out,polynomial,fixed_coverage_grid,negative_entropy,168,134,0.7976190476190477,46,0,0.34328358208955223,0.34328358208955223,99,0.7388059701492538,76,0.5671641791044776,numerical phase witness upper<0; positive conservative lower certifies sound,VERIFIED
S4,leave_day3_out,polynomial,fixed_coverage_grid,full_state_margin,168,134,0.7976190476190477,53,0,0.39552238805970147,0.39552238805970147,134,1.0,96,0.7164179104477612,numerical phase witness upper<0; positive conservative lower certifies sound,VERIFIED
S4,leave_day3_out,polynomial,fixed_coverage_grid,center_margin,168,168,1.0,70,0,0.4166666666666667,0.4166666666666667,118,0.7023809523809523,88,0.5238095238095238,numerical phase witness upper<0; positive conservative lower certifies sound,VERIFIED
S4,leave_day3_out,polynomial,fixed_coverage_grid,maximum_response,168,168,1.0,70,0,0.4166666666666667,0.4166666666666667,118,0.7023809523809523,88,0.5238095238095238,numerical phase witness upper<0; positive conservative lower certifies sound,VERIFIED
S4,leave_day3_out,polynomial,fixed_coverage_grid,negative_entropy,168,168,1.0,70,0,0.4166666666666667,0.4166666666666667,118,0.7023809523809523,88,0.5238095238095238,numerical phase witness upper<0; positive conservative lower certifies sound,VERIFIED
S4,leave_day3_out,polynomial,fixed_coverage_grid,full_state_margin,168,168,1.0,70,0,0.4166666666666667,0.4166666666666667,168,1.0,114,0.6785714285714286,numerical phase witness upper<0; positive conservative lower certifies sound,VERIFIED
S4,leave_day3_out,random_orthogonal,certificate_matched,exact_fiber,168,27,0.16071428571428573,0,0,0.0,0.0,27,1.0,22,0.8148148148148148,numerical phase witness upper<0; positive conservative lower certifies sound,VERIFIED
S4,leave_day3_out,random_orthogonal,certificate_matched,center_margin,168,27,0.16071428571428573,14,0,0.5185185185185185,0.5185185185185185,17,0.6296296296296297,18,0.6666666666666666,numerical phase witness upper<0; positive conservative lower certifies sound,VERIFIED
S4,leave_day3_out,random_orthogonal,certificate_matched,maximum_response,168,27,0.16071428571428573,21,0,0.7777777777777778,0.7777777777777778,9,0.3333333333333333,13,0.48148148148148145,numerical phase witness upper<0; positive conservative lower certifies sound,VERIFIED
S4,leave_day3_out,random_orthogonal,certificate_matched,negative_entropy,168,27,0.16071428571428573,21,0,0.7777777777777778,0.7777777777777778,10,0.37037037037037035,11,0.4074074074074074,numerical phase witness upper<0; positive conservative lower certifies sound,VERIFIED
S4,leave_day3_out,random_orthogonal,certificate_matched,full_state_margin,168,27,0.16071428571428573,25,0,0.9259259259259259,0.9259259259259259,27,1.0,21,0.7777777777777778,numerical phase witness upper<0; positive conservative lower certifies sound,VERIFIED
S4,leave_day3_out,random_orthogonal,fixed_coverage_grid,center_margin,168,8,0.047619047619047616,3,0,0.375,0.375,7,0.875,7,0.875,numerical phase witness upper<0; positive conservative lower certifies sound,VERIFIED
S4,leave_day3_out,random_orthogonal,fixed_coverage_grid,maximum_response,168,8,0.047619047619047616,4,0,0.5,0.5,5,0.625,6,0.75,numerical phase witness upper<0; positive conservative lower certifies sound,VERIFIED
S4,leave_day3_out,random_orthogonal,fixed_coverage_grid,negative_entropy,168,8,0.047619047619047616,4,0,0.5,0.5,5,0.625,7,0.875,numerical phase witness upper<0; positive conservative lower certifies sound,VERIFIED
S4,leave_day3_out,random_orthogonal,fixed_coverage_grid,full_state_margin,168,8,0.047619047619047616,8,0,1.0,1.0,8,1.0,7,0.875,numerical phase witness upper<0; positive conservative lower certifies sound,VERIFIED
S4,leave_day3_out,random_orthogonal,fixed_coverage_grid,center_margin,168,17,0.10119047619047619,8,0,0.47058823529411764,0.47058823529411764,12,0.7058823529411765,13,0.7647058823529411,numerical phase witness upper<0; positive conservative lower certifies sound,VERIFIED
S4,leave_day3_out,random_orthogonal,fixed_coverage_grid,maximum_response,168,17,0.10119047619047619,12,0,0.7058823529411765,0.7058823529411765,8,0.47058823529411764,9,0.5294117647058824,numerical phase witness upper<0; positive conservative lower certifies sound,VERIFIED
S4,leave_day3_out,random_orthogonal,fixed_coverage_grid,negative_entropy,168,17,0.10119047619047619,11,0,0.6470588235294118,0.6470588235294118,9,0.5294117647058824,9,0.5294117647058824,numerical phase witness upper<0; positive conservative lower certifies sound,VERIFIED
S4,leave_day3_out,random_orthogonal,fixed_coverage_grid,full_state_margin,168,17,0.10119047619047619,17,0,1.0,1.0,17,1.0,15,0.8823529411764706,numerical phase witness upper<0; positive conservative lower certifies sound,VERIFIED
S4,leave_day3_out,random_orthogonal,fixed_coverage_grid,center_margin,168,34,0.20238095238095238,21,0,0.6176470588235294,0.6176470588235294,19,0.5588235294117647,21,0.6176470588235294,numerical phase witness upper<0; positive conservative lower certifies sound,VERIFIED
S4,leave_day3_out,random_orthogonal,fixed_coverage_grid,maximum_response,168,34,0.20238095238095238,28,0,0.8235294117647058,0.8235294117647058,10,0.29411764705882354,15,0.4411764705882353,numerical phase witness upper<0; positive conservative lower certifies sound,VERIFIED
S4,leave_day3_out,random_orthogonal,fixed_coverage_grid,negative_entropy,168,34,0.20238095238095238,28,0,0.8235294117647058,0.8235294117647058,11,0.3235294117647059,15,0.4411764705882353,numerical phase witness upper<0; positive conservative lower certifies sound,VERIFIED
S4,leave_day3_out,random_orthogonal,fixed_coverage_grid,full_state_margin,168,34,0.20238095238095238,31,0,0.9117647058823529,0.9117647058823529,34,1.0,24,0.7058823529411765,numerical phase witness upper<0; positive conservative lower certifies sound,VERIFIED
S4,leave_day3_out,random_orthogonal,fixed_coverage_grid,center_margin,168,67,0.39880952380952384,48,0,0.7164179104477612,0.7164179104477612,36,0.5373134328358209,38,0.5671641791044776,numerical phase witness upper<0; positive conservative lower certifies sound,VERIFIED
S4,leave_day3_out,random_orthogonal,fixed_coverage_grid,maximum_response,168,67,0.39880952380952384,53,0,0.7910447761194029,0.7910447761194029,28,0.417910447761194,32,0.47761194029850745,numerical phase witness upper<0; positive conservative lower certifies sound,VERIFIED
S4,leave_day3_out,random_orthogonal,fixed_coverage_grid,negative_entropy,168,67,0.39880952380952384,58,0,0.8656716417910447,0.8656716417910447,23,0.34328358208955223,29,0.43283582089552236,numerical phase witness upper<0; positive conservative lower certifies sound,VERIFIED
S4,leave_day3_out,random_orthogonal,fixed_coverage_grid,full_state_margin,168,67,0.39880952380952384,58,0,0.8656716417910447,0.8656716417910447,67,1.0,48,0.7164179104477612,numerical phase witness upper<0; positive conservative lower certifies sound,VERIFIED
S4,leave_day3_out,random_orthogonal,fixed_coverage_grid,center_margin,168,101,0.6011904761904762,76,0,0.7524752475247525,0.7524752475247525,61,0.6039603960396039,61,0.6039603960396039,numerical phase witness upper<0; positive conservative lower certifies sound,VERIFIED
S4,leave_day3_out,random_orthogonal,fixed_coverage_grid,maximum_response,168,101,0.6011904761904762,79,0,0.7821782178217822,0.7821782178217822,48,0.4752475247524752,50,0.49504950495049505,numerical phase witness upper<0; positive conservative lower certifies sound,VERIFIED
S4,leave_day3_out,random_orthogonal,fixed_coverage_grid,negative_entropy,168,101,0.6011904761904762,84,0,0.8316831683168316,0.8316831683168316,47,0.46534653465346537,52,0.5148514851485149,numerical phase witness upper<0; positive conservative lower certifies sound,VERIFIED
S4,leave_day3_out,random_orthogonal,fixed_coverage_grid,full_state_margin,168,101,0.6011904761904762,90,0,0.8910891089108911,0.8910891089108911,101,1.0,71,0.7029702970297029,numerical phase witness upper<0; positive conservative lower certifies sound,VERIFIED
S4,leave_day3_out,random_orthogonal,fixed_coverage_grid,center_margin,168,134,0.7976190476190477,107,0,0.7985074626865671,0.7985074626865671,78,0.582089552238806,75,0.5597014925373134,numerical phase witness upper<0; positive conservative lower certifies sound,VERIFIED
S4,leave_day3_out,random_orthogonal,fixed_coverage_grid,maximum_response,168,134,0.7976190476190477,107,0,0.7985074626865671,0.7985074626865671,74,0.5522388059701493,72,0.5373134328358209,numerical phase witness upper<0; positive conservative lower certifies sound,VERIFIED
S4,leave_day3_out,random_orthogonal,fixed_coverage_grid,negative_entropy,168,134,0.7976190476190477,108,0,0.8059701492537313,0.8059701492537313,71,0.5298507462686567,69,0.5149253731343284,numerical phase witness upper<0; positive conservative lower certifies sound,VERIFIED
S4,leave_day3_out,random_orthogonal,fixed_coverage_grid,full_state_margin,168,134,0.7976190476190477,112,0,0.835820895522388,0.835820895522388,134,1.0,96,0.7164179104477612,numerical phase witness upper<0; positive conservative lower certifies sound,VERIFIED
S4,leave_day3_out,random_orthogonal,fixed_coverage_grid,center_margin,168,168,1.0,141,0,0.8392857142857143,0.8392857142857143,91,0.5416666666666666,86,0.5119047619047619,numerical phase witness upper<0; positive conservative lower certifies sound,VERIFIED
S4,leave_day3_out,random_orthogonal,fixed_coverage_grid,maximum_response,168,168,1.0,141,0,0.8392857142857143,0.8392857142857143,91,0.5416666666666666,86,0.5119047619047619,numerical phase witness upper<0; positive conservative lower certifies sound,VERIFIED
S4,leave_day3_out,random_orthogonal,fixed_coverage_grid,negative_entropy,168,168,1.0,141,0,0.8392857142857143,0.8392857142857143,91,0.5416666666666666,86,0.5119047619047619,numerical phase witness upper<0; positive conservative lower certifies sound,VERIFIED
S4,leave_day3_out,random_orthogonal,fixed_coverage_grid,full_state_margin,168,168,1.0,141,0,0.8392857142857143,0.8392857142857143,168,1.0,114,0.6785714285714286,numerical phase witness upper<0; positive conservative lower certifies sound,VERIFIED
S4,leave_day3_out,permuted_polynomial,certificate_matched,exact_fiber,168,52,0.30952380952380953,0,0,0.0,0.0,52,1.0,41,0.7884615384615384,numerical phase witness upper<0; positive conservative lower certifies sound,VERIFIED
S4,leave_day3_out,permuted_polynomial,certificate_matched,center_margin,168,52,0.30952380952380953,10,0,0.19230769230769232,0.19230769230769232,49,0.9423076923076923,39,0.75,numerical phase witness upper<0; positive conservative lower certifies sound,VERIFIED
S4,leave_day3_out,permuted_polynomial,certificate_matched,maximum_response,168,52,0.30952380952380953,20,0,0.38461538461538464,0.38461538461538464,47,0.9038461538461539,34,0.6538461538461539,numerical phase witness upper<0; positive conservative lower certifies sound,VERIFIED
S4,leave_day3_out,permuted_polynomial,certificate_matched,negative_entropy,168,52,0.30952380952380953,23,0,0.4423076923076923,0.4423076923076923,44,0.8461538461538461,31,0.5961538461538461,numerical phase witness upper<0; positive conservative lower certifies sound,VERIFIED
S4,leave_day3_out,permuted_polynomial,certificate_matched,full_state_margin,168,52,0.30952380952380953,35,0,0.6730769230769231,0.6730769230769231,52,1.0,36,0.6923076923076923,numerical phase witness upper<0; positive conservative lower certifies sound,VERIFIED
S4,leave_day3_out,permuted_polynomial,fixed_coverage_grid,center_margin,168,8,0.047619047619047616,0,0,0.0,0.0,8,1.0,3,0.375,numerical phase witness upper<0; positive conservative lower certifies sound,VERIFIED
S4,leave_day3_out,permuted_polynomial,fixed_coverage_grid,maximum_response,168,8,0.047619047619047616,4,0,0.5,0.5,8,1.0,4,0.5,numerical phase witness upper<0; positive conservative lower certifies sound,VERIFIED
S4,leave_day3_out,permuted_polynomial,fixed_coverage_grid,negative_entropy,168,8,0.047619047619047616,4,0,0.5,0.5,8,1.0,4,0.5,numerical phase witness upper<0; positive conservative lower certifies sound,VERIFIED
S4,leave_day3_out,permuted_polynomial,fixed_coverage_grid,full_state_margin,168,8,0.047619047619047616,8,0,1.0,1.0,8,1.0,7,0.875,numerical phase witness upper<0; positive conservative lower certifies sound,VERIFIED
S4,leave_day3_out,permuted_polynomial,fixed_coverage_grid,center_margin,168,17,0.10119047619047619,3,0,0.17647058823529413,0.17647058823529413,17,1.0,10,0.5882352941176471,numerical phase witness upper<0; positive conservative lower certifies sound,VERIFIED
S4,leave_day3_out,permuted_polynomial,fixed_coverage_grid,maximum_response,168,17,0.10119047619047619,6,0,0.35294117647058826,0.35294117647058826,16,0.9411764705882353,8,0.47058823529411764,numerical phase witness upper<0; positive conservative lower certifies sound,VERIFIED
S4,leave_day3_out,permuted_polynomial,fixed_coverage_grid,negative_entropy,168,17,0.10119047619047619,8,0,0.47058823529411764,0.47058823529411764,16,0.9411764705882353,8,0.47058823529411764,numerical phase witness upper<0; positive conservative lower certifies sound,VERIFIED
S4,leave_day3_out,permuted_polynomial,fixed_coverage_grid,full_state_margin,168,17,0.10119047619047619,17,0,1.0,1.0,17,1.0,15,0.8823529411764706,numerical phase witness upper<0; positive conservative lower certifies sound,VERIFIED
S4,leave_day3_out,permuted_polynomial,fixed_coverage_grid,center_margin,168,34,0.20238095238095238,4,0,0.11764705882352941,0.11764705882352941,34,1.0,25,0.7352941176470589,numerical phase witness upper<0; positive conservative lower certifies sound,VERIFIED
S4,leave_day3_out,permuted_polynomial,fixed_coverage_grid,maximum_response,168,34,0.20238095238095238,13,0,0.38235294117647056,0.38235294117647056,31,0.9117647058823529,18,0.5294117647058824,numerical phase witness upper<0; positive conservative lower certifies sound,VERIFIED
S4,leave_day3_out,permuted_polynomial,fixed_coverage_grid,negative_entropy,168,34,0.20238095238095238,16,0,0.47058823529411764,0.47058823529411764,30,0.8823529411764706,19,0.5588235294117647,numerical phase witness upper<0; positive conservative lower certifies sound,VERIFIED
S4,leave_day3_out,permuted_polynomial,fixed_coverage_grid,full_state_margin,168,34,0.20238095238095238,24,0,0.7058823529411765,0.7058823529411765,34,1.0,24,0.7058823529411765,numerical phase witness upper<0; positive conservative lower certifies sound,VERIFIED
S4,leave_day3_out,permuted_polynomial,fixed_coverage_grid,center_margin,168,67,0.39880952380952384,20,0,0.29850746268656714,0.29850746268656714,62,0.9253731343283582,51,0.7611940298507462,numerical phase witness upper<0; positive conservative lower certifies sound,VERIFIED
S4,leave_day3_out,permuted_polynomial,fixed_coverage_grid,maximum_response,168,67,0.39880952380952384,25,0,0.373134328358209,0.373134328358209,58,0.8656716417910447,45,0.6716417910447762,numerical phase witness upper<0; positive conservative lower certifies sound,VERIFIED
S4,leave_day3_out,permuted_polynomial,fixed_coverage_grid,negative_entropy,168,67,0.39880952380952384,31,0,0.4626865671641791,0.4626865671641791,56,0.835820895522388,43,0.6417910447761194,numerical phase witness upper<0; positive conservative lower certifies sound,VERIFIED
S4,leave_day3_out,permuted_polynomial,fixed_coverage_grid,full_state_margin,168,67,0.39880952380952384,42,0,0.6268656716417911,0.6268656716417911,67,1.0,48,0.7164179104477612,numerical phase witness upper<0; positive conservative lower certifies sound,VERIFIED
S4,leave_day3_out,permuted_polynomial,fixed_coverage_grid,center_margin,168,101,0.6011904761904762,49,0,0.48514851485148514,0.48514851485148514,93,0.9207920792079208,72,0.7128712871287128,numerical phase witness upper<0; positive conservative lower certifies sound,VERIFIED
S4,leave_day3_out,permuted_polynomial,fixed_coverage_grid,maximum_response,168,101,0.6011904761904762,52,0,0.5148514851485149,0.5148514851485149,88,0.8712871287128713,68,0.6732673267326733,numerical phase witness upper<0; positive conservative lower certifies sound,VERIFIED
S4,leave_day3_out,permuted_polynomial,fixed_coverage_grid,negative_entropy,168,101,0.6011904761904762,55,0,0.5445544554455446,0.5445544554455446,86,0.8514851485148515,66,0.6534653465346535,numerical phase witness upper<0; positive conservative lower certifies sound,VERIFIED
S4,leave_day3_out,permuted_polynomial,fixed_coverage_grid,full_state_margin,168,101,0.6011904761904762,67,0,0.6633663366336634,0.6633663366336634,101,1.0,71,0.7029702970297029,numerical phase witness upper<0; positive conservative lower certifies sound,VERIFIED
S4,leave_day3_out,permuted_polynomial,fixed_coverage_grid,center_margin,168,134,0.7976190476190477,82,0,0.6119402985074627,0.6119402985074627,113,0.8432835820895522,89,0.664179104477612,numerical phase witness upper<0; positive conservative lower certifies sound,VERIFIED
S4,leave_day3_out,permuted_polynomial,fixed_coverage_grid,maximum_response,168,134,0.7976190476190477,82,0,0.6119402985074627,0.6119402985074627,114,0.8507462686567164,87,0.6492537313432836,numerical phase witness upper<0; positive conservative lower certifies sound,VERIFIED
S4,leave_day3_out,permuted_polynomial,fixed_coverage_grid,negative_entropy,168,134,0.7976190476190477,85,0,0.6343283582089553,0.6343283582089553,110,0.8208955223880597,85,0.6343283582089553,numerical phase witness upper<0; positive conservative lower certifies sound,VERIFIED
S4,leave_day3_out,permuted_polynomial,fixed_coverage_grid,full_state_margin,168,134,0.7976190476190477,83,0,0.6194029850746269,0.6194029850746269,134,1.0,96,0.7164179104477612,numerical phase witness upper<0; positive conservative lower certifies sound,VERIFIED
S4,leave_day3_out,permuted_polynomial,fixed_coverage_grid,center_margin,168,168,1.0,116,0,0.6904761904761905,0.6904761904761905,127,0.7559523809523809,107,0.6369047619047619,numerical phase witness upper<0; positive conservative lower certifies sound,VERIFIED
S4,leave_day3_out,permuted_polynomial,fixed_coverage_grid,maximum_response,168,168,1.0,116,0,0.6904761904761905,0.6904761904761905,127,0.7559523809523809,107,0.6369047619047619,numerical phase witness upper<0; positive conservative lower certifies sound,VERIFIED
S4,leave_day3_out,permuted_polynomial,fixed_coverage_grid,negative_entropy,168,168,1.0,116,0,0.6904761904761905,0.6904761904761905,127,0.7559523809523809,107,0.6369047619047619,numerical phase witness upper<0; positive conservative lower certifies sound,VERIFIED
S4,leave_day3_out,permuted_polynomial,fixed_coverage_grid,full_state_margin,168,168,1.0,116,0,0.6904761904761905,0.6904761904761905,168,1.0,114,0.6785714285714286,numerical phase witness upper<0; positive conservative lower certifies sound,VERIFIED
S4,leave_day5_out,coordinate,certificate_matched,exact_fiber,144,101,0.7013888888888888,0,0,0.0,0.0,101,1.0,86,0.8514851485148515,numerical phase witness upper<0; positive conservative lower certifies sound,VERIFIED
S4,leave_day5_out,coordinate,certificate_matched,center_margin,144,101,0.7013888888888888,7,0,0.06930693069306931,0.06930693069306931,99,0.9801980198019802,89,0.8811881188118812,numerical phase witness upper<0; positive conservative lower certifies sound,VERIFIED
S4,leave_day5_out,coordinate,certificate_matched,maximum_response,144,101,0.7013888888888888,14,0,0.13861386138613863,0.13861386138613863,98,0.9702970297029703,91,0.900990099009901,numerical phase witness upper<0; positive conservative lower certifies sound,VERIFIED
S4,leave_day5_out,coordinate,certificate_matched,negative_entropy,144,101,0.7013888888888888,16,0,0.15841584158415842,0.15841584158415842,99,0.9801980198019802,91,0.900990099009901,numerical phase witness upper<0; positive conservative lower certifies sound,VERIFIED
S4,leave_day5_out,coordinate,certificate_matched,full_state_margin,144,101,0.7013888888888888,16,0,0.15841584158415842,0.15841584158415842,101,1.0,92,0.9108910891089109,numerical phase witness upper<0; positive conservative lower certifies sound,VERIFIED
S4,leave_day5_out,coordinate,fixed_coverage_grid,center_margin,144,7,0.04861111111111111,0,0,0.0,0.0,7,1.0,7,1.0,numerical phase witness upper<0; positive conservative lower certifies sound,VERIFIED
S4,leave_day5_out,coordinate,fixed_coverage_grid,maximum_response,144,7,0.04861111111111111,1,0,0.14285714285714285,0.14285714285714285,7,1.0,7,1.0,numerical phase witness upper<0; positive conservative lower certifies sound,VERIFIED
S4,leave_day5_out,coordinate,fixed_coverage_grid,negative_entropy,144,7,0.04861111111111111,1,0,0.14285714285714285,0.14285714285714285,7,1.0,7,1.0,numerical phase witness upper<0; positive conservative lower certifies sound,VERIFIED
S4,leave_day5_out,coordinate,fixed_coverage_grid,full_state_margin,144,7,0.04861111111111111,0,0,0.0,0.0,7,1.0,7,1.0,numerical phase witness upper<0; positive conservative lower certifies sound,VERIFIED
S4,leave_day5_out,coordinate,fixed_coverage_grid,center_margin,144,14,0.09722222222222222,0,0,0.0,0.0,14,1.0,14,1.0,numerical phase witness upper<0; positive conservative lower certifies sound,VERIFIED
S4,leave_day5_out,coordinate,fixed_coverage_grid,maximum_response,144,14,0.09722222222222222,2,0,0.14285714285714285,0.14285714285714285,14,1.0,14,1.0,numerical phase witness upper<0; positive conservative lower certifies sound,VERIFIED
S4,leave_day5_out,coordinate,fixed_coverage_grid,negative_entropy,144,14,0.09722222222222222,2,0,0.14285714285714285,0.14285714285714285,14,1.0,14,1.0,numerical phase witness upper<0; positive conservative lower certifies sound,VERIFIED
S4,leave_day5_out,coordinate,fixed_coverage_grid,full_state_margin,144,14,0.09722222222222222,1,0,0.07142857142857142,0.07142857142857142,14,1.0,14,1.0,numerical phase witness upper<0; positive conservative lower certifies sound,VERIFIED
S4,leave_day5_out,coordinate,fixed_coverage_grid,center_margin,144,29,0.2013888888888889,0,0,0.0,0.0,29,1.0,29,1.0,numerical phase witness upper<0; positive conservative lower certifies sound,VERIFIED
S4,leave_day5_out,coordinate,fixed_coverage_grid,maximum_response,144,29,0.2013888888888889,2,0,0.06896551724137931,0.06896551724137931,29,1.0,29,1.0,numerical phase witness upper<0; positive conservative lower certifies sound,VERIFIED
S4,leave_day5_out,coordinate,fixed_coverage_grid,negative_entropy,144,29,0.2013888888888889,2,0,0.06896551724137931,0.06896551724137931,29,1.0,29,1.0,numerical phase witness upper<0; positive conservative lower certifies sound,VERIFIED
S4,leave_day5_out,coordinate,fixed_coverage_grid,full_state_margin,144,29,0.2013888888888889,2,0,0.06896551724137931,0.06896551724137931,29,1.0,29,1.0,numerical phase witness upper<0; positive conservative lower certifies sound,VERIFIED
S4,leave_day5_out,coordinate,fixed_coverage_grid,center_margin,144,58,0.4027777777777778,0,0,0.0,0.0,58,1.0,56,0.9655172413793104,numerical phase witness upper<0; positive conservative lower certifies sound,VERIFIED
S4,leave_day5_out,coordinate,fixed_coverage_grid,maximum_response,144,58,0.4027777777777778,6,0,0.10344827586206896,0.10344827586206896,57,0.9827586206896551,56,0.9655172413793104,numerical phase witness upper<0; positive conservative lower certifies sound,VERIFIED
S4,leave_day5_out,coordinate,fixed_coverage_grid,negative_entropy,144,58,0.4027777777777778,7,0,0.1206896551724138,0.1206896551724138,56,0.9655172413793104,56,0.9655172413793104,numerical phase witness upper<0; positive conservative lower certifies sound,VERIFIED
S4,leave_day5_out,coordinate,fixed_coverage_grid,full_state_margin,144,58,0.4027777777777778,6,0,0.10344827586206896,0.10344827586206896,58,1.0,58,1.0,numerical phase witness upper<0; positive conservative lower certifies sound,VERIFIED
S4,leave_day5_out,coordinate,fixed_coverage_grid,center_margin,144,86,0.5972222222222222,3,0,0.03488372093023256,0.03488372093023256,86,1.0,78,0.9069767441860465,numerical phase witness upper<0; positive conservative lower certifies sound,VERIFIED
S4,leave_day5_out,coordinate,fixed_coverage_grid,maximum_response,144,86,0.5972222222222222,11,0,0.12790697674418605,0.12790697674418605,84,0.9767441860465116,82,0.9534883720930233,numerical phase witness upper<0; positive conservative lower certifies sound,VERIFIED
S4,leave_day5_out,coordinate,fixed_coverage_grid,negative_entropy,144,86,0.5972222222222222,12,0,0.13953488372093023,0.13953488372093023,84,0.9767441860465116,82,0.9534883720930233,numerical phase witness upper<0; positive conservative lower certifies sound,VERIFIED
S4,leave_day5_out,coordinate,fixed_coverage_grid,full_state_margin,144,86,0.5972222222222222,12,0,0.13953488372093023,0.13953488372093023,86,1.0,81,0.9418604651162791,numerical phase witness upper<0; positive conservative lower certifies sound,VERIFIED
S4,leave_day5_out,coordinate,fixed_coverage_grid,center_margin,144,115,0.7986111111111112,19,0,0.16521739130434782,0.16521739130434782,111,0.9652173913043478,99,0.8608695652173913,numerical phase witness upper<0; positive conservative lower certifies sound,VERIFIED
S4,leave_day5_out,coordinate,fixed_coverage_grid,maximum_response,144,115,0.7986111111111112,20,0,0.17391304347826086,0.17391304347826086,110,0.9565217391304348,99,0.8608695652173913,numerical phase witness upper<0; positive conservative lower certifies sound,VERIFIED
S4,leave_day5_out,coordinate,fixed_coverage_grid,negative_entropy,144,115,0.7986111111111112,21,0,0.1826086956521739,0.1826086956521739,110,0.9565217391304348,99,0.8608695652173913,numerical phase witness upper<0; positive conservative lower certifies sound,VERIFIED
S4,leave_day5_out,coordinate,fixed_coverage_grid,full_state_margin,144,115,0.7986111111111112,22,0,0.19130434782608696,0.19130434782608696,115,1.0,101,0.8782608695652174,numerical phase witness upper<0; positive conservative lower certifies sound,VERIFIED
S4,leave_day5_out,coordinate,fixed_coverage_grid,center_margin,144,144,1.0,43,0,0.2986111111111111,0.2986111111111111,128,0.8888888888888888,116,0.8055555555555556,numerical phase witness upper<0; positive conservative lower certifies sound,VERIFIED
S4,leave_day5_out,coordinate,fixed_coverage_grid,maximum_response,144,144,1.0,43,0,0.2986111111111111,0.2986111111111111,128,0.8888888888888888,116,0.8055555555555556,numerical phase witness upper<0; positive conservative lower certifies sound,VERIFIED
S4,leave_day5_out,coordinate,fixed_coverage_grid,negative_entropy,144,144,1.0,43,0,0.2986111111111111,0.2986111111111111,128,0.8888888888888888,116,0.8055555555555556,numerical phase witness upper<0; positive conservative lower certifies sound,VERIFIED
S4,leave_day5_out,coordinate,fixed_coverage_grid,full_state_margin,144,144,1.0,43,0,0.2986111111111111,0.2986111111111111,144,1.0,113,0.7847222222222222,numerical phase witness upper<0; positive conservative lower certifies sound,VERIFIED
S4,leave_day5_out,dct,certificate_matched,exact_fiber,144,76,0.5277777777777778,0,0,0.0,0.0,76,1.0,61,0.8026315789473685,numerical phase witness upper<0; positive conservative lower certifies sound,VERIFIED
S4,leave_day5_out,dct,certificate_matched,center_margin,144,76,0.5277777777777778,11,0,0.14473684210526316,0.14473684210526316,69,0.9078947368421053,57,0.75,numerical phase witness upper<0; positive conservative lower certifies sound,VERIFIED
S4,leave_day5_out,dct,certificate_matched,maximum_response,144,76,0.5277777777777778,29,0,0.3815789473684211,0.3815789473684211,52,0.6842105263157895,48,0.631578947368421,numerical phase witness upper<0; positive conservative lower certifies sound,VERIFIED
S4,leave_day5_out,dct,certificate_matched,negative_entropy,144,76,0.5277777777777778,31,0,0.40789473684210525,0.40789473684210525,51,0.6710526315789473,49,0.6447368421052632,numerical phase witness upper<0; positive conservative lower certifies sound,VERIFIED
S4,leave_day5_out,dct,certificate_matched,full_state_margin,144,76,0.5277777777777778,37,0,0.4868421052631579,0.4868421052631579,76,1.0,74,0.9736842105263158,numerical phase witness upper<0; positive conservative lower certifies sound,VERIFIED
S4,leave_day5_out,dct,fixed_coverage_grid,center_margin,144,7,0.04861111111111111,0,0,0.0,0.0,7,1.0,7,1.0,numerical phase witness upper<0; positive conservative lower certifies sound,VERIFIED
S4,leave_day5_out,dct,fixed_coverage_grid,maximum_response,144,7,0.04861111111111111,0,0,0.0,0.0,7,1.0,7,1.0,numerical phase witness upper<0; positive conservative lower certifies sound,VERIFIED
S4,leave_day5_out,dct,fixed_coverage_grid,negative_entropy,144,7,0.04861111111111111,0,0,0.0,0.0,7,1.0,7,1.0,numerical phase witness upper<0; positive conservative lower certifies sound,VERIFIED
S4,leave_day5_out,dct,fixed_coverage_grid,full_state_margin,144,7,0.04861111111111111,4,0,0.5714285714285714,0.5714285714285714,7,1.0,7,1.0,numerical phase witness upper<0; positive conservative lower certifies sound,VERIFIED
S4,leave_day5_out,dct,fixed_coverage_grid,center_margin,144,14,0.09722222222222222,0,0,0.0,0.0,14,1.0,14,1.0,numerical phase witness upper<0; positive conservative lower certifies sound,VERIFIED
S4,leave_day5_out,dct,fixed_coverage_grid,maximum_response,144,14,0.09722222222222222,3,0,0.21428571428571427,0.21428571428571427,11,0.7857142857142857,11,0.7857142857142857,numerical phase witness upper<0; positive conservative lower certifies sound,VERIFIED
S4,leave_day5_out,dct,fixed_coverage_grid,negative_entropy,144,14,0.09722222222222222,3,0,0.21428571428571427,0.21428571428571427,11,0.7857142857142857,11,0.7857142857142857,numerical phase witness upper<0; positive conservative lower certifies sound,VERIFIED
S4,leave_day5_out,dct,fixed_coverage_grid,full_state_margin,144,14,0.09722222222222222,9,0,0.6428571428571429,0.6428571428571429,14,1.0,14,1.0,numerical phase witness upper<0; positive conservative lower certifies sound,VERIFIED
S4,leave_day5_out,dct,fixed_coverage_grid,center_margin,144,29,0.2013888888888889,0,0,0.0,0.0,29,1.0,27,0.9310344827586207,numerical phase witness upper<0; positive conservative lower certifies sound,VERIFIED
S4,leave_day5_out,dct,fixed_coverage_grid,maximum_response,144,29,0.2013888888888889,14,0,0.4827586206896552,0.4827586206896552,15,0.5172413793103449,15,0.5172413793103449,numerical phase witness upper<0; positive conservative lower certifies sound,VERIFIED
S4,leave_day5_out,dct,fixed_coverage_grid,negative_entropy,144,29,0.2013888888888889,15,0,0.5172413793103449,0.5172413793103449,14,0.4827586206896552,14,0.4827586206896552,numerical phase witness upper<0; positive conservative lower certifies sound,VERIFIED
S4,leave_day5_out,dct,fixed_coverage_grid,full_state_margin,144,29,0.2013888888888889,17,0,0.5862068965517241,0.5862068965517241,29,1.0,29,1.0,numerical phase witness upper<0; positive conservative lower certifies sound,VERIFIED
S4,leave_day5_out,dct,fixed_coverage_grid,center_margin,144,58,0.4027777777777778,3,0,0.05172413793103448,0.05172413793103448,55,0.9482758620689655,46,0.7931034482758621,numerical phase witness upper<0; positive conservative lower certifies sound,VERIFIED
S4,leave_day5_out,dct,fixed_coverage_grid,maximum_response,144,58,0.4027777777777778,27,0,0.46551724137931033,0.46551724137931033,35,0.603448275862069,33,0.5689655172413793,numerical phase witness upper<0; positive conservative lower certifies sound,VERIFIED
S4,leave_day5_out,dct,fixed_coverage_grid,negative_entropy,144,58,0.4027777777777778,27,0,0.46551724137931033,0.46551724137931033,35,0.603448275862069,33,0.5689655172413793,numerical phase witness upper<0; positive conservative lower certifies sound,VERIFIED
S4,leave_day5_out,dct,fixed_coverage_grid,full_state_margin,144,58,0.4027777777777778,29,0,0.5,0.5,58,1.0,58,1.0,numerical phase witness upper<0; positive conservative lower certifies sound,VERIFIED
S4,leave_day5_out,dct,fixed_coverage_grid,center_margin,144,86,0.5972222222222222,18,0,0.20930232558139536,0.20930232558139536,75,0.872093023255814,62,0.7209302325581395,numerical phase witness upper<0; positive conservative lower certifies sound,VERIFIED
S4,leave_day5_out,dct,fixed_coverage_grid,maximum_response,144,86,0.5972222222222222,33,0,0.38372093023255816,0.38372093023255816,60,0.6976744186046512,54,0.627906976744186,numerical phase witness upper<0; positive conservative lower certifies sound,VERIFIED
S4,leave_day5_out,dct,fixed_coverage_grid,negative_entropy,144,86,0.5972222222222222,34,0,0.3953488372093023,0.3953488372093023,59,0.686046511627907,54,0.627906976744186,numerical phase witness upper<0; positive conservative lower certifies sound,VERIFIED
S4,leave_day5_out,dct,fixed_coverage_grid,full_state_margin,144,86,0.5972222222222222,40,0,0.46511627906976744,0.46511627906976744,86,1.0,81,0.9418604651162791,numerical phase witness upper<0; positive conservative lower certifies sound,VERIFIED
S4,leave_day5_out,dct,fixed_coverage_grid,center_margin,144,115,0.7986111111111112,43,0,0.3739130434782609,0.3739130434782609,91,0.7913043478260869,76,0.6608695652173913,numerical phase witness upper<0; positive conservative lower certifies sound,VERIFIED
S4,leave_day5_out,dct,fixed_coverage_grid,maximum_response,144,115,0.7986111111111112,44,0,0.3826086956521739,0.3826086956521739,84,0.7304347826086957,72,0.6260869565217392,numerical phase witness upper<0; positive conservative lower certifies sound,VERIFIED
S4,leave_day5_out,dct,fixed_coverage_grid,negative_entropy,144,115,0.7986111111111112,46,0,0.4,0.4,81,0.7043478260869566,70,0.6086956521739131,numerical phase witness upper<0; positive conservative lower certifies sound,VERIFIED
S4,leave_day5_out,dct,fixed_coverage_grid,full_state_margin,144,115,0.7986111111111112,50,0,0.43478260869565216,0.43478260869565216,115,1.0,101,0.8782608695652174,numerical phase witness upper<0; positive conservative lower certifies sound,VERIFIED
S4,leave_day5_out,dct,fixed_coverage_grid,center_margin,144,144,1.0,68,0,0.4722222222222222,0.4722222222222222,104,0.7222222222222222,88,0.6111111111111112,numerical phase witness upper<0; positive conservative lower certifies sound,VERIFIED
S4,leave_day5_out,dct,fixed_coverage_grid,maximum_response,144,144,1.0,68,0,0.4722222222222222,0.4722222222222222,104,0.7222222222222222,88,0.6111111111111112,numerical phase witness upper<0; positive conservative lower certifies sound,VERIFIED
S4,leave_day5_out,dct,fixed_coverage_grid,negative_entropy,144,144,1.0,68,0,0.4722222222222222,0.4722222222222222,104,0.7222222222222222,88,0.6111111111111112,numerical phase witness upper<0; positive conservative lower certifies sound,VERIFIED
S4,leave_day5_out,dct,fixed_coverage_grid,full_state_margin,144,144,1.0,68,0,0.4722222222222222,0.4722222222222222,144,1.0,113,0.7847222222222222,numerical phase witness upper<0; positive conservative lower certifies sound,VERIFIED
S4,leave_day5_out,dft,certificate_matched,exact_fiber,144,88,0.6111111111111112,0,0,0.0,0.0,88,1.0,70,0.7954545454545454,numerical phase witness upper<0; positive conservative lower certifies sound,VERIFIED
S4,leave_day5_out,dft,certificate_matched,center_margin,144,88,0.6111111111111112,8,0,0.09090909090909091,0.09090909090909091,86,0.9772727272727273,74,0.8409090909090909,numerical phase witness upper<0; positive conservative lower certifies sound,VERIFIED
S4,leave_day5_out,dft,certificate_matched,maximum_response,144,88,0.6111111111111112,17,0,0.19318181818181818,0.19318181818181818,83,0.9431818181818182,76,0.8636363636363636,numerical phase witness upper<0; positive conservative lower certifies sound,VERIFIED
S4,leave_day5_out,dft,certificate_matched,negative_entropy,144,88,0.6111111111111112,21,0,0.23863636363636365,0.23863636363636365,78,0.8863636363636364,72,0.8181818181818182,numerical phase witness upper<0; positive conservative lower certifies sound,VERIFIED
S4,leave_day5_out,dft,certificate_matched,full_state_margin,144,88,0.6111111111111112,22,0,0.25,0.25,88,1.0,83,0.9431818181818182,numerical phase witness upper<0; positive conservative lower certifies sound,VERIFIED
S4,leave_day5_out,dft,fixed_coverage_grid,center_margin,144,7,0.04861111111111111,0,0,0.0,0.0,7,1.0,7,1.0,numerical phase witness upper<0; positive conservative lower certifies sound,VERIFIED
S4,leave_day5_out,dft,fixed_coverage_grid,maximum_response,144,7,0.04861111111111111,0,0,0.0,0.0,7,1.0,6,0.8571428571428571,numerical phase witness upper<0; positive conservative lower certifies sound,VERIFIED
S4,leave_day5_out,dft,fixed_coverage_grid,negative_entropy,144,7,0.04861111111111111,0,0,0.0,0.0,7,1.0,7,1.0,numerical phase witness upper<0; positive conservative lower certifies sound,VERIFIED
S4,leave_day5_out,dft,fixed_coverage_grid,full_state_margin,144,7,0.04861111111111111,3,0,0.42857142857142855,0.42857142857142855,7,1.0,7,1.0,numerical phase witness upper<0; positive conservative lower certifies sound,VERIFIED
S4,leave_day5_out,dft,fixed_coverage_grid,center_margin,144,14,0.09722222222222222,0,0,0.0,0.0,14,1.0,14,1.0,numerical phase witness upper<0; positive conservative lower certifies sound,VERIFIED
S4,leave_day5_out,dft,fixed_coverage_grid,maximum_response,144,14,0.09722222222222222,0,0,0.0,0.0,14,1.0,13,0.9285714285714286,numerical phase witness upper<0; positive conservative lower certifies sound,VERIFIED
S4,leave_day5_out,dft,fixed_coverage_grid,negative_entropy,144,14,0.09722222222222222,0,0,0.0,0.0,14,1.0,13,0.9285714285714286,numerical phase witness upper<0; positive conservative lower certifies sound,VERIFIED
S4,leave_day5_out,dft,fixed_coverage_grid,full_state_margin,144,14,0.09722222222222222,4,0,0.2857142857142857,0.2857142857142857,14,1.0,14,1.0,numerical phase witness upper<0; positive conservative lower certifies sound,VERIFIED
S4,leave_day5_out,dft,fixed_coverage_grid,center_margin,144,29,0.2013888888888889,0,0,0.0,0.0,29,1.0,29,1.0,numerical phase witness upper<0; positive conservative lower certifies sound,VERIFIED
S4,leave_day5_out,dft,fixed_coverage_grid,maximum_response,144,29,0.2013888888888889,1,0,0.034482758620689655,0.034482758620689655,28,0.9655172413793104,27,0.9310344827586207,numerical phase witness upper<0; positive conservative lower certifies sound,VERIFIED
S4,leave_day5_out,dft,fixed_coverage_grid,negative_entropy,144,29,0.2013888888888889,1,0,0.034482758620689655,0.034482758620689655,28,0.9655172413793104,27,0.9310344827586207,numerical phase witness upper<0; positive conservative lower certifies sound,VERIFIED
S4,leave_day5_out,dft,fixed_coverage_grid,full_state_margin,144,29,0.2013888888888889,10,0,0.3448275862068966,0.3448275862068966,29,1.0,29,1.0,numerical phase witness upper<0; positive conservative lower certifies sound,VERIFIED
S4,leave_day5_out,dft,fixed_coverage_grid,center_margin,144,58,0.4027777777777778,2,0,0.034482758620689655,0.034482758620689655,58,1.0,53,0.9137931034482759,numerical phase witness upper<0; positive conservative lower certifies sound,VERIFIED
S4,leave_day5_out,dft,fixed_coverage_grid,maximum_response,144,58,0.4027777777777778,4,0,0.06896551724137931,0.06896551724137931,55,0.9482758620689655,52,0.896551724137931,numerical phase witness upper<0; positive conservative lower certifies sound,VERIFIED
S4,leave_day5_out,dft,fixed_coverage_grid,negative_entropy,144,58,0.4027777777777778,7,0,0.1206896551724138,0.1206896551724138,54,0.9310344827586207,51,0.8793103448275862,numerical phase witness upper<0; positive conservative lower certifies sound,VERIFIED
S4,leave_day5_out,dft,fixed_coverage_grid,full_state_margin,144,58,0.4027777777777778,12,0,0.20689655172413793,0.20689655172413793,58,1.0,58,1.0,numerical phase witness upper<0; positive conservative lower certifies sound,VERIFIED
S4,leave_day5_out,dft,fixed_coverage_grid,center_margin,144,86,0.5972222222222222,8,0,0.09302325581395349,0.09302325581395349,84,0.9767441860465116,72,0.8372093023255814,numerical phase witness upper<0; positive conservative lower certifies sound,VERIFIED
S4,leave_day5_out,dft,fixed_coverage_grid,maximum_response,144,86,0.5972222222222222,16,0,0.18604651162790697,0.18604651162790697,81,0.9418604651162791,74,0.8604651162790697,numerical phase witness upper<0; positive conservative lower certifies sound,VERIFIED
S4,leave_day5_out,dft,fixed_coverage_grid,negative_entropy,144,86,0.5972222222222222,20,0,0.23255813953488372,0.23255813953488372,77,0.8953488372093024,71,0.8255813953488372,numerical phase witness upper<0; positive conservative lower certifies sound,VERIFIED
S4,leave_day5_out,dft,fixed_coverage_grid,full_state_margin,144,86,0.5972222222222222,20,0,0.23255813953488372,0.23255813953488372,86,1.0,81,0.9418604651162791,numerical phase witness upper<0; positive conservative lower certifies sound,VERIFIED
S4,leave_day5_out,dft,fixed_coverage_grid,center_margin,144,115,0.7986111111111112,27,0,0.23478260869565218,0.23478260869565218,105,0.9130434782608695,85,0.7391304347826086,numerical phase witness upper<0; positive conservative lower certifies sound,VERIFIED
S4,leave_day5_out,dft,fixed_coverage_grid,maximum_response,144,115,0.7986111111111112,30,0,0.2608695652173913,0.2608695652173913,103,0.8956521739130435,86,0.7478260869565218,numerical phase witness upper<0; positive conservative lower certifies sound,VERIFIED
S4,leave_day5_out,dft,fixed_coverage_grid,negative_entropy,144,115,0.7986111111111112,35,0,0.30434782608695654,0.30434782608695654,100,0.8695652173913043,88,0.7652173913043478,numerical phase witness upper<0; positive conservative lower certifies sound,VERIFIED
S4,leave_day5_out,dft,fixed_coverage_grid,full_state_margin,144,115,0.7986111111111112,37,0,0.3217391304347826,0.3217391304347826,115,1.0,101,0.8782608695652174,numerical phase witness upper<0; positive conservative lower certifies sound,VERIFIED
S4,leave_day5_out,dft,fixed_coverage_grid,center_margin,144,144,1.0,56,0,0.3888888888888889,0.3888888888888889,121,0.8402777777777778,99,0.6875,numerical phase witness upper<0; positive conservative lower certifies sound,VERIFIED
S4,leave_day5_out,dft,fixed_coverage_grid,maximum_response,144,144,1.0,56,0,0.3888888888888889,0.3888888888888889,121,0.8402777777777778,99,0.6875,numerical phase witness upper<0; positive conservative lower certifies sound,VERIFIED
S4,leave_day5_out,dft,fixed_coverage_grid,negative_entropy,144,144,1.0,56,0,0.3888888888888889,0.3888888888888889,121,0.8402777777777778,99,0.6875,numerical phase witness upper<0; positive conservative lower certifies sound,VERIFIED
S4,leave_day5_out,dft,fixed_coverage_grid,full_state_margin,144,144,1.0,56,0,0.3888888888888889,0.3888888888888889,144,1.0,113,0.7847222222222222,numerical phase witness upper<0; positive conservative lower certifies sound,VERIFIED
S4,leave_day5_out,polynomial,certificate_matched,exact_fiber,144,48,0.3333333333333333,0,0,0.0,0.0,48,1.0,45,0.9375,numerical phase witness upper<0; positive conservative lower certifies sound,VERIFIED
S4,leave_day5_out,polynomial,certificate_matched,center_margin,144,48,0.3333333333333333,18,0,0.375,0.375,31,0.6458333333333334,30,0.625,numerical phase witness upper<0; positive conservative lower certifies sound,VERIFIED
S4,leave_day5_out,polynomial,certificate_matched,maximum_response,144,48,0.3333333333333333,24,0,0.5,0.5,26,0.5416666666666666,25,0.5208333333333334,numerical phase witness upper<0; positive conservative lower certifies sound,VERIFIED
S4,leave_day5_out,polynomial,certificate_matched,negative_entropy,144,48,0.3333333333333333,25,0,0.5208333333333334,0.5208333333333334,25,0.5208333333333334,23,0.4791666666666667,numerical phase witness upper<0; positive conservative lower certifies sound,VERIFIED
S4,leave_day5_out,polynomial,certificate_matched,full_state_margin,144,48,0.3333333333333333,27,0,0.5625,0.5625,48,1.0,48,1.0,numerical phase witness upper<0; positive conservative lower certifies sound,VERIFIED
S4,leave_day5_out,polynomial,fixed_coverage_grid,center_margin,144,7,0.04861111111111111,0,0,0.0,0.0,7,1.0,7,1.0,numerical phase witness upper<0; positive conservative lower certifies sound,VERIFIED
S4,leave_day5_out,polynomial,fixed_coverage_grid,maximum_response,144,7,0.04861111111111111,0,0,0.0,0.0,7,1.0,7,1.0,numerical phase witness upper<0; positive conservative lower certifies sound,VERIFIED
S4,leave_day5_out,polynomial,fixed_coverage_grid,negative_entropy,144,7,0.04861111111111111,0,0,0.0,0.0,7,1.0,7,1.0,numerical phase witness upper<0; positive conservative lower certifies sound,VERIFIED
S4,leave_day5_out,polynomial,fixed_coverage_grid,full_state_margin,144,7,0.04861111111111111,4,0,0.5714285714285714,0.5714285714285714,7,1.0,7,1.0,numerical phase witness upper<0; positive conservative lower certifies sound,VERIFIED
S4,leave_day5_out,polynomial,fixed_coverage_grid,center_margin,144,14,0.09722222222222222,1,0,0.07142857142857142,0.07142857142857142,13,0.9285714285714286,13,0.9285714285714286,numerical phase witness upper<0; positive conservative lower certifies sound,VERIFIED
S4,leave_day5_out,polynomial,fixed_coverage_grid,maximum_response,144,14,0.09722222222222222,2,0,0.14285714285714285,0.14285714285714285,12,0.8571428571428571,12,0.8571428571428571,numerical phase witness upper<0; positive conservative lower certifies sound,VERIFIED
S4,leave_day5_out,polynomial,fixed_coverage_grid,negative_entropy,144,14,0.09722222222222222,2,0,0.14285714285714285,0.14285714285714285,12,0.8571428571428571,12,0.8571428571428571,numerical phase witness upper<0; positive conservative lower certifies sound,VERIFIED
S4,leave_day5_out,polynomial,fixed_coverage_grid,full_state_margin,144,14,0.09722222222222222,10,0,0.7142857142857143,0.7142857142857143,14,1.0,14,1.0,numerical phase witness upper<0; positive conservative lower certifies sound,VERIFIED
S4,leave_day5_out,polynomial,fixed_coverage_grid,center_margin,144,29,0.2013888888888889,4,0,0.13793103448275862,0.13793103448275862,25,0.8620689655172413,25,0.8620689655172413,numerical phase witness upper<0; positive conservative lower certifies sound,VERIFIED
S4,leave_day5_out,polynomial,fixed_coverage_grid,maximum_response,144,29,0.2013888888888889,15,0,0.5172413793103449,0.5172413793103449,15,0.5172413793103449,14,0.4827586206896552,numerical phase witness upper<0; positive conservative lower certifies sound,VERIFIED
S4,leave_day5_out,polynomial,fixed_coverage_grid,negative_entropy,144,29,0.2013888888888889,14,0,0.4827586206896552,0.4827586206896552,17,0.5862068965517241,16,0.5517241379310345,numerical phase witness upper<0; positive conservative lower certifies sound,VERIFIED
S4,leave_day5_out,polynomial,fixed_coverage_grid,full_state_margin,144,29,0.2013888888888889,18,0,0.6206896551724138,0.6206896551724138,29,1.0,29,1.0,numerical phase witness upper<0; positive conservative lower certifies sound,VERIFIED
S4,leave_day5_out,polynomial,fixed_coverage_grid,center_margin,144,58,0.4027777777777778,21,0,0.3620689655172414,0.3620689655172414,38,0.6551724137931034,37,0.6379310344827587,numerical phase witness upper<0; positive conservative lower certifies sound,VERIFIED
S4,leave_day5_out,polynomial,fixed_coverage_grid,maximum_response,144,58,0.4027777777777778,28,0,0.4827586206896552,0.4827586206896552,32,0.5517241379310345,30,0.5172413793103449,numerical phase witness upper<0; positive conservative lower certifies sound,VERIFIED
S4,leave_day5_out,polynomial,fixed_coverage_grid,negative_entropy,144,58,0.4027777777777778,29,0,0.5,0.5,32,0.5517241379310345,30,0.5172413793103449,numerical phase witness upper<0; positive conservative lower certifies sound,VERIFIED
S4,leave_day5_out,polynomial,fixed_coverage_grid,full_state_margin,144,58,0.4027777777777778,31,0,0.5344827586206896,0.5344827586206896,58,1.0,58,1.0,numerical phase witness upper<0; positive conservative lower certifies sound,VERIFIED
S4,leave_day5_out,polynomial,fixed_coverage_grid,center_margin,144,86,0.5972222222222222,42,0,0.4883720930232558,0.4883720930232558,49,0.5697674418604651,49,0.5697674418604651,numerical phase witness upper<0; positive conservative lower certifies sound,VERIFIED
S4,leave_day5_out,polynomial,fixed_coverage_grid,maximum_response,144,86,0.5972222222222222,48,0,0.5581395348837209,0.5581395348837209,45,0.5232558139534884,42,0.4883720930232558,numerical phase witness upper<0; positive conservative lower certifies sound,VERIFIED
S4,leave_day5_out,polynomial,fixed_coverage_grid,negative_entropy,144,86,0.5972222222222222,50,0,0.5813953488372093,0.5813953488372093,43,0.5,41,0.47674418604651164,numerical phase witness upper<0; positive conservative lower certifies sound,VERIFIED
S4,leave_day5_out,polynomial,fixed_coverage_grid,full_state_margin,144,86,0.5972222222222222,49,0,0.5697674418604651,0.5697674418604651,86,1.0,81,0.9418604651162791,numerical phase witness upper<0; positive conservative lower certifies sound,VERIFIED
S4,leave_day5_out,polynomial,fixed_coverage_grid,center_margin,144,115,0.7986111111111112,68,0,0.591304347826087,0.591304347826087,69,0.6,63,0.5478260869565217,numerical phase witness upper<0; positive conservative lower certifies sound,VERIFIED
S4,leave_day5_out,polynomial,fixed_coverage_grid,maximum_response,144,115,0.7986111111111112,69,0,0.6,0.6,68,0.591304347826087,65,0.5652173913043478,numerical phase witness upper<0; positive conservative lower certifies sound,VERIFIED
S4,leave_day5_out,polynomial,fixed_coverage_grid,negative_entropy,144,115,0.7986111111111112,72,0,0.6260869565217392,0.6260869565217392,66,0.5739130434782609,63,0.5478260869565217,numerical phase witness upper<0; positive conservative lower certifies sound,VERIFIED
S4,leave_day5_out,polynomial,fixed_coverage_grid,full_state_margin,144,115,0.7986111111111112,69,0,0.6,0.6,115,1.0,101,0.8782608695652174,numerical phase witness upper<0; positive conservative lower certifies sound,VERIFIED
S4,leave_day5_out,polynomial,fixed_coverage_grid,center_margin,144,144,1.0,96,0,0.6666666666666666,0.6666666666666666,86,0.5972222222222222,78,0.5416666666666666,numerical phase witness upper<0; positive conservative lower certifies sound,VERIFIED
S4,leave_day5_out,polynomial,fixed_coverage_grid,maximum_response,144,144,1.0,96,0,0.6666666666666666,0.6666666666666666,86,0.5972222222222222,78,0.5416666666666666,numerical phase witness upper<0; positive conservative lower certifies sound,VERIFIED
S4,leave_day5_out,polynomial,fixed_coverage_grid,negative_entropy,144,144,1.0,96,0,0.6666666666666666,0.6666666666666666,86,0.5972222222222222,78,0.5416666666666666,numerical phase witness upper<0; positive conservative lower certifies sound,VERIFIED
S4,leave_day5_out,polynomial,fixed_coverage_grid,full_state_margin,144,144,1.0,96,0,0.6666666666666666,0.6666666666666666,144,1.0,113,0.7847222222222222,numerical phase witness upper<0; positive conservative lower certifies sound,VERIFIED
S4,leave_day5_out,random_orthogonal,certificate_matched,exact_fiber,144,20,0.1388888888888889,0,0,0.0,0.0,20,1.0,19,0.95,numerical phase witness upper<0; positive conservative lower certifies sound,VERIFIED
S4,leave_day5_out,random_orthogonal,certificate_matched,center_margin,144,20,0.1388888888888889,8,0,0.4,0.4,19,0.95,19,0.95,numerical phase witness upper<0; positive conservative lower certifies sound,VERIFIED
S4,leave_day5_out,random_orthogonal,certificate_matched,maximum_response,144,20,0.1388888888888889,12,0,0.6,0.6,16,0.8,15,0.75,numerical phase witness upper<0; positive conservative lower certifies sound,VERIFIED
S4,leave_day5_out,random_orthogonal,certificate_matched,negative_entropy,144,20,0.1388888888888889,12,0,0.6,0.6,16,0.8,15,0.75,numerical phase witness upper<0; positive conservative lower certifies sound,VERIFIED
S4,leave_day5_out,random_orthogonal,certificate_matched,full_state_margin,144,20,0.1388888888888889,16,0,0.8,0.8,20,1.0,20,1.0,numerical phase witness upper<0; positive conservative lower certifies sound,VERIFIED
S4,leave_day5_out,random_orthogonal,fixed_coverage_grid,center_margin,144,7,0.04861111111111111,2,0,0.2857142857142857,0.2857142857142857,6,0.8571428571428571,6,0.8571428571428571,numerical phase witness upper<0; positive conservative lower certifies sound,VERIFIED
S4,leave_day5_out,random_orthogonal,fixed_coverage_grid,maximum_response,144,7,0.04861111111111111,6,0,0.8571428571428571,0.8571428571428571,5,0.7142857142857143,5,0.7142857142857143,numerical phase witness upper<0; positive conservative lower certifies sound,VERIFIED
S4,leave_day5_out,random_orthogonal,fixed_coverage_grid,negative_entropy,144,7,0.04861111111111111,5,0,0.7142857142857143,0.7142857142857143,5,0.7142857142857143,5,0.7142857142857143,numerical phase witness upper<0; positive conservative lower certifies sound,VERIFIED
S4,leave_day5_out,random_orthogonal,fixed_coverage_grid,full_state_margin,144,7,0.04861111111111111,5,0,0.7142857142857143,0.7142857142857143,7,1.0,7,1.0,numerical phase witness upper<0; positive conservative lower certifies sound,VERIFIED
S4,leave_day5_out,random_orthogonal,fixed_coverage_grid,center_margin,144,14,0.09722222222222222,4,0,0.2857142857142857,0.2857142857142857,13,0.9285714285714286,13,0.9285714285714286,numerical phase witness upper<0; positive conservative lower certifies sound,VERIFIED
S4,leave_day5_out,random_orthogonal,fixed_coverage_grid,maximum_response,144,14,0.09722222222222222,10,0,0.7142857142857143,0.7142857142857143,10,0.7142857142857143,9,0.6428571428571429,numerical phase witness upper<0; positive conservative lower certifies sound,VERIFIED
S4,leave_day5_out,random_orthogonal,fixed_coverage_grid,negative_entropy,144,14,0.09722222222222222,10,0,0.7142857142857143,0.7142857142857143,10,0.7142857142857143,10,0.7142857142857143,numerical phase witness upper<0; positive conservative lower certifies sound,VERIFIED
S4,leave_day5_out,random_orthogonal,fixed_coverage_grid,full_state_margin,144,14,0.09722222222222222,11,0,0.7857142857142857,0.7857142857142857,14,1.0,14,1.0,numerical phase witness upper<0; positive conservative lower certifies sound,VERIFIED
S4,leave_day5_out,random_orthogonal,fixed_coverage_grid,center_margin,144,29,0.2013888888888889,13,0,0.4482758620689655,0.4482758620689655,28,0.9655172413793104,28,0.9655172413793104,numerical phase witness upper<0; positive conservative lower certifies sound,VERIFIED
S4,leave_day5_out,random_orthogonal,fixed_coverage_grid,maximum_response,144,29,0.2013888888888889,20,0,0.6896551724137931,0.6896551724137931,23,0.7931034482758621,22,0.7586206896551724,numerical phase witness upper<0; positive conservative lower certifies sound,VERIFIED
S4,leave_day5_out,random_orthogonal,fixed_coverage_grid,negative_entropy,144,29,0.2013888888888889,20,0,0.6896551724137931,0.6896551724137931,23,0.7931034482758621,22,0.7586206896551724,numerical phase witness upper<0; positive conservative lower certifies sound,VERIFIED
S4,leave_day5_out,random_orthogonal,fixed_coverage_grid,full_state_margin,144,29,0.2013888888888889,22,0,0.7586206896551724,0.7586206896551724,29,1.0,29,1.0,numerical phase witness upper<0; positive conservative lower certifies sound,VERIFIED
S4,leave_day5_out,random_orthogonal,fixed_coverage_grid,center_margin,144,58,0.4027777777777778,39,0,0.6724137931034483,0.6724137931034483,43,0.7413793103448276,39,0.6724137931034483,numerical phase witness upper<0; positive conservative lower certifies sound,VERIFIED
S4,leave_day5_out,random_orthogonal,fixed_coverage_grid,maximum_response,144,58,0.4027777777777778,38,0,0.6551724137931034,0.6551724137931034,41,0.7068965517241379,40,0.6896551724137931,numerical phase witness upper<0; positive conservative lower certifies sound,VERIFIED
S4,leave_day5_out,random_orthogonal,fixed_coverage_grid,negative_entropy,144,58,0.4027777777777778,38,0,0.6551724137931034,0.6551724137931034,42,0.7241379310344828,41,0.7068965517241379,numerical phase witness upper<0; positive conservative lower certifies sound,VERIFIED
S4,leave_day5_out,random_orthogonal,fixed_coverage_grid,full_state_margin,144,58,0.4027777777777778,45,0,0.7758620689655172,0.7758620689655172,58,1.0,58,1.0,numerical phase witness upper<0; positive conservative lower certifies sound,VERIFIED
S4,leave_day5_out,random_orthogonal,fixed_coverage_grid,center_margin,144,86,0.5972222222222222,67,0,0.7790697674418605,0.7790697674418605,50,0.5813953488372093,44,0.5116279069767442,numerical phase witness upper<0; positive conservative lower certifies sound,VERIFIED
S4,leave_day5_out,random_orthogonal,fixed_coverage_grid,maximum_response,144,86,0.5972222222222222,66,0,0.7674418604651163,0.7674418604651163,53,0.6162790697674418,51,0.5930232558139535,numerical phase witness upper<0; positive conservative lower certifies sound,VERIFIED
S4,leave_day5_out,random_orthogonal,fixed_coverage_grid,negative_entropy,144,86,0.5972222222222222,66,0,0.7674418604651163,0.7674418604651163,56,0.6511627906976745,55,0.6395348837209303,numerical phase witness upper<0; positive conservative lower certifies sound,VERIFIED
S4,leave_day5_out,random_orthogonal,fixed_coverage_grid,full_state_margin,144,86,0.5972222222222222,71,0,0.8255813953488372,0.8255813953488372,86,1.0,81,0.9418604651162791,numerical phase witness upper<0; positive conservative lower certifies sound,VERIFIED
S4,leave_day5_out,random_orthogonal,fixed_coverage_grid,center_margin,144,115,0.7986111111111112,95,0,0.8260869565217391,0.8260869565217391,56,0.48695652173913045,51,0.4434782608695652,numerical phase witness upper<0; positive conservative lower certifies sound,VERIFIED
S4,leave_day5_out,random_orthogonal,fixed_coverage_grid,maximum_response,144,115,0.7986111111111112,95,0,0.8260869565217391,0.8260869565217391,67,0.5826086956521739,64,0.5565217391304348,numerical phase witness upper<0; positive conservative lower certifies sound,VERIFIED
S4,leave_day5_out,random_orthogonal,fixed_coverage_grid,negative_entropy,144,115,0.7986111111111112,95,0,0.8260869565217391,0.8260869565217391,68,0.591304347826087,65,0.5652173913043478,numerical phase witness upper<0; positive conservative lower certifies sound,VERIFIED
S4,leave_day5_out,random_orthogonal,fixed_coverage_grid,full_state_margin,144,115,0.7986111111111112,97,0,0.8434782608695652,0.8434782608695652,115,1.0,101,0.8782608695652174,numerical phase witness upper<0; positive conservative lower certifies sound,VERIFIED
S4,leave_day5_out,random_orthogonal,fixed_coverage_grid,center_margin,144,144,1.0,124,0,0.8611111111111112,0.8611111111111112,71,0.4930555555555556,66,0.4583333333333333,numerical phase witness upper<0; positive conservative lower certifies sound,VERIFIED
S4,leave_day5_out,random_orthogonal,fixed_coverage_grid,maximum_response,144,144,1.0,124,0,0.8611111111111112,0.8611111111111112,71,0.4930555555555556,66,0.4583333333333333,numerical phase witness upper<0; positive conservative lower certifies sound,VERIFIED
S4,leave_day5_out,random_orthogonal,fixed_coverage_grid,negative_entropy,144,144,1.0,124,0,0.8611111111111112,0.8611111111111112,71,0.4930555555555556,66,0.4583333333333333,numerical phase witness upper<0; positive conservative lower certifies sound,VERIFIED
S4,leave_day5_out,random_orthogonal,fixed_coverage_grid,full_state_margin,144,144,1.0,124,0,0.8611111111111112,0.8611111111111112,144,1.0,113,0.7847222222222222,numerical phase witness upper<0; positive conservative lower certifies sound,VERIFIED
S4,leave_day5_out,permuted_polynomial,certificate_matched,exact_fiber,144,53,0.3680555555555556,0,0,0.0,0.0,53,1.0,50,0.9433962264150944,numerical phase witness upper<0; positive conservative lower certifies sound,VERIFIED
S4,leave_day5_out,permuted_polynomial,certificate_matched,center_margin,144,53,0.3680555555555556,9,0,0.16981132075471697,0.16981132075471697,46,0.8679245283018868,47,0.8867924528301887,numerical phase witness upper<0; positive conservative lower certifies sound,VERIFIED
S4,leave_day5_out,permuted_polynomial,certificate_matched,maximum_response,144,53,0.3680555555555556,13,0,0.24528301886792453,0.24528301886792453,47,0.8867924528301887,50,0.9433962264150944,numerical phase witness upper<0; positive conservative lower certifies sound,VERIFIED
S4,leave_day5_out,permuted_polynomial,certificate_matched,negative_entropy,144,53,0.3680555555555556,15,0,0.2830188679245283,0.2830188679245283,46,0.8679245283018868,49,0.9245283018867925,numerical phase witness upper<0; positive conservative lower certifies sound,VERIFIED
S4,leave_day5_out,permuted_polynomial,certificate_matched,full_state_margin,144,53,0.3680555555555556,22,0,0.41509433962264153,0.41509433962264153,53,1.0,53,1.0,numerical phase witness upper<0; positive conservative lower certifies sound,VERIFIED
S4,leave_day5_out,permuted_polynomial,fixed_coverage_grid,center_margin,144,7,0.04861111111111111,0,0,0.0,0.0,7,1.0,7,1.0,numerical phase witness upper<0; positive conservative lower certifies sound,VERIFIED
S4,leave_day5_out,permuted_polynomial,fixed_coverage_grid,maximum_response,144,7,0.04861111111111111,1,0,0.14285714285714285,0.14285714285714285,6,0.8571428571428571,7,1.0,numerical phase witness upper<0; positive conservative lower certifies sound,VERIFIED
S4,leave_day5_out,permuted_polynomial,fixed_coverage_grid,negative_entropy,144,7,0.04861111111111111,0,0,0.0,0.0,7,1.0,7,1.0,numerical phase witness upper<0; positive conservative lower certifies sound,VERIFIED
S4,leave_day5_out,permuted_polynomial,fixed_coverage_grid,full_state_margin,144,7,0.04861111111111111,3,0,0.42857142857142855,0.42857142857142855,7,1.0,7,1.0,numerical phase witness upper<0; positive conservative lower certifies sound,VERIFIED
S4,leave_day5_out,permuted_polynomial,fixed_coverage_grid,center_margin,144,14,0.09722222222222222,0,0,0.0,0.0,14,1.0,14,1.0,numerical phase witness upper<0; positive conservative lower certifies sound,VERIFIED
S4,leave_day5_out,permuted_polynomial,fixed_coverage_grid,maximum_response,144,14,0.09722222222222222,2,0,0.14285714285714285,0.14285714285714285,13,0.9285714285714286,14,1.0,numerical phase witness upper<0; positive conservative lower certifies sound,VERIFIED
S4,leave_day5_out,permuted_polynomial,fixed_coverage_grid,negative_entropy,144,14,0.09722222222222222,2,0,0.14285714285714285,0.14285714285714285,13,0.9285714285714286,14,1.0,numerical phase witness upper<0; positive conservative lower certifies sound,VERIFIED
S4,leave_day5_out,permuted_polynomial,fixed_coverage_grid,full_state_margin,144,14,0.09722222222222222,3,0,0.21428571428571427,0.21428571428571427,14,1.0,14,1.0,numerical phase witness upper<0; positive conservative lower certifies sound,VERIFIED
S4,leave_day5_out,permuted_polynomial,fixed_coverage_grid,center_margin,144,29,0.2013888888888889,0,0,0.0,0.0,29,1.0,29,1.0,numerical phase witness upper<0; positive conservative lower certifies sound,VERIFIED
S4,leave_day5_out,permuted_polynomial,fixed_coverage_grid,maximum_response,144,29,0.2013888888888889,5,0,0.1724137931034483,0.1724137931034483,27,0.9310344827586207,27,0.9310344827586207,numerical phase witness upper<0; positive conservative lower certifies sound,VERIFIED
S4,leave_day5_out,permuted_polynomial,fixed_coverage_grid,negative_entropy,144,29,0.2013888888888889,5,0,0.1724137931034483,0.1724137931034483,27,0.9310344827586207,27,0.9310344827586207,numerical phase witness upper<0; positive conservative lower certifies sound,VERIFIED
S4,leave_day5_out,permuted_polynomial,fixed_coverage_grid,full_state_margin,144,29,0.2013888888888889,11,0,0.3793103448275862,0.3793103448275862,29,1.0,29,1.0,numerical phase witness upper<0; positive conservative lower certifies sound,VERIFIED
S4,leave_day5_out,permuted_polynomial,fixed_coverage_grid,center_margin,144,58,0.4027777777777778,12,0,0.20689655172413793,0.20689655172413793,50,0.8620689655172413,52,0.896551724137931,numerical phase witness upper<0; positive conservative lower certifies sound,VERIFIED
S4,leave_day5_out,permuted_polynomial,fixed_coverage_grid,maximum_response,144,58,0.4027777777777778,16,0,0.27586206896551724,0.27586206896551724,52,0.896551724137931,55,0.9482758620689655,numerical phase witness upper<0; positive conservative lower certifies sound,VERIFIED
S4,leave_day5_out,permuted_polynomial,fixed_coverage_grid,negative_entropy,144,58,0.4027777777777778,18,0,0.3103448275862069,0.3103448275862069,51,0.8793103448275862,54,0.9310344827586207,numerical phase witness upper<0; positive conservative lower certifies sound,VERIFIED
S4,leave_day5_out,permuted_polynomial,fixed_coverage_grid,full_state_margin,144,58,0.4027777777777778,24,0,0.41379310344827586,0.41379310344827586,58,1.0,58,1.0,numerical phase witness upper<0; positive conservative lower certifies sound,VERIFIED
S4,leave_day5_out,permuted_polynomial,fixed_coverage_grid,center_margin,144,86,0.5972222222222222,33,0,0.38372093023255816,0.38372093023255816,69,0.8023255813953488,77,0.8953488372093024,numerical phase witness upper<0; positive conservative lower certifies sound,VERIFIED
S4,leave_day5_out,permuted_polynomial,fixed_coverage_grid,maximum_response,144,86,0.5972222222222222,35,0,0.4069767441860465,0.4069767441860465,71,0.8255813953488372,77,0.8953488372093024,numerical phase witness upper<0; positive conservative lower certifies sound,VERIFIED
S4,leave_day5_out,permuted_polynomial,fixed_coverage_grid,negative_entropy,144,86,0.5972222222222222,38,0,0.4418604651162791,0.4418604651162791,71,0.8255813953488372,75,0.872093023255814,numerical phase witness upper<0; positive conservative lower certifies sound,VERIFIED
S4,leave_day5_out,permuted_polynomial,fixed_coverage_grid,full_state_margin,144,86,0.5972222222222222,43,0,0.5,0.5,86,1.0,81,0.9418604651162791,numerical phase witness upper<0; positive conservative lower certifies sound,VERIFIED
S4,leave_day5_out,permuted_polynomial,fixed_coverage_grid,center_margin,144,115,0.7986111111111112,62,0,0.5391304347826087,0.5391304347826087,82,0.7130434782608696,95,0.8260869565217391,numerical phase witness upper<0; positive conservative lower certifies sound,VERIFIED
S4,leave_day5_out,permuted_polynomial,fixed_coverage_grid,maximum_response,144,115,0.7986111111111112,62,0,0.5391304347826087,0.5391304347826087,85,0.7391304347826086,96,0.8347826086956521,numerical phase witness upper<0; positive conservative lower certifies sound,VERIFIED
S4,leave_day5_out,permuted_polynomial,fixed_coverage_grid,negative_entropy,144,115,0.7986111111111112,63,0,0.5478260869565217,0.5478260869565217,83,0.7217391304347827,95,0.8260869565217391,numerical phase witness upper<0; positive conservative lower certifies sound,VERIFIED
S4,leave_day5_out,permuted_polynomial,fixed_coverage_grid,full_state_margin,144,115,0.7986111111111112,65,0,0.5652173913043478,0.5652173913043478,115,1.0,101,0.8782608695652174,numerical phase witness upper<0; positive conservative lower certifies sound,VERIFIED
S4,leave_day5_out,permuted_polynomial,fixed_coverage_grid,center_margin,144,144,1.0,91,0,0.6319444444444444,0.6319444444444444,92,0.6388888888888888,106,0.7361111111111112,numerical phase witness upper<0; positive conservative lower certifies sound,VERIFIED
S4,leave_day5_out,permuted_polynomial,fixed_coverage_grid,maximum_response,144,144,1.0,91,0,0.6319444444444444,0.6319444444444444,92,0.6388888888888888,106,0.7361111111111112,numerical phase witness upper<0; positive conservative lower certifies sound,VERIFIED
S4,leave_day5_out,permuted_polynomial,fixed_coverage_grid,negative_entropy,144,144,1.0,91,0,0.6319444444444444,0.6319444444444444,92,0.6388888888888888,106,0.7361111111111112,numerical phase witness upper<0; positive conservative lower certifies sound,VERIFIED
S4,leave_day5_out,permuted_polynomial,fixed_coverage_grid,full_state_margin,144,144,1.0,91,0,0.6319444444444444,0.6319444444444444,144,1.0,113,0.7847222222222222,numerical phase witness upper<0; positive conservative lower certifies sound,VERIFIED
