order,perturbation,radius_index,epsilon_index,delta,epsilon,u,loss_lower,loss_upper,lower_decimal,upper_decimal,lower_binary_mpf,upper_binary_mpf,relative_bracket_width,unperturbed_loss,perturbation_bound,window_25,status
mixed,preserving,0,0,1e-06,0.0,0.5773502691896257,7.37787946466881e-10,7.377879464668811e-10,7.3778794646688106160586018229355443236927878835327298367788013645002565689805322116266738572804E-10,7.3778794646688106160586018229355443236927878835327298409480996574353053845409080127527275411780E-10,"[0,""6454908882583422415044701927563862506170534380636086367832591571734442323501284703228850889"",-332,302]","[0,""50428975645182987617536733809092675829457299848719424777189936382483955297490772732934443"",-325,295]",5.6510794367148235e-55,7.377879464668811e-10,0.0,True,CERTIFIED_GLOBAL
mixed,preserving,1,0,3.162277660168379e-06,0.0,0.5773502691896257,4.1488865152565215e-09,4.148886515256522e-09,4.1488865152565222193729621981344729437206686971902115481328832502407410678070775563878975043467E-9,4.1488865152565222193729621981344729437206686971902115504774519774036966536414056396210720079488E-9,"[0,""1134331879692161610544966584678194037432902881562893056638756239162926535366356025378365255"",-327,300]","[0,""4537327518768646442179866338712776149731611526251572229119104780547085312453140217210713667"",-329,302]",5.6510794367148235e-55,4.148886515256522e-09,0.0,True,CERTIFIED_GLOBAL
mixed,preserving,2,0,1e-05,0.0,0.5773502691896257,2.333090341053722e-08,2.3330903410537223e-08,2.3330903410537221525762242432462388872945483469915545451169023473454376251103638728185083428963E-8,2.3330903410537221525762242432462388872945483469915545464353502323781040613028206200934178044489E-8,"[0,""6378816924317497823500696824232426647190680792330207216808741726092003748815201172082601313"",-327,302]","[0,""1594704231079374455875174206058106661797670198082551805103365460312478700284029838765086389"",-325,300]",5.6510794367148235e-55,2.333090341053722e-08,0.0,True,CERTIFIED_GLOBAL
mixed,preserving,3,0,3.1622776601683795e-05,0.0,0.5773502691896257,1.3119931141769534e-07,1.3119931141769537e-07,1.3119931141769536123594848028543489718487320599538664018707733943590337759500573339135753377287E-7,1.3119931141769536123594848028543489718487320599538664026121911252227164304261876053422051040889E-7,"[0,""280240028309947529867467477028947396919882041734745687077602826507322751793558984664627187"",-320,298]","[0,""2241920226479580238939739816231579175359056333877965497887749541119961667095834275659661195"",-323,301]",5.6510794367148235e-55,1.3119931141769537e-07,0.0,True,CERTIFIED_GLOBAL
mixed,preserving,4,0,0.0001,0.0,0.5773502691896257,7.37787946466881e-07,7.377879464668811e-07,7.3778794646688106160586018229355443236927878835327298367788013645002565689805322116266738510900E-7,7.3778794646688106160586018229355443236927878835327298409480996574353053845409080127527275458596E-7,"[0,""6303621955647873452192091726136584478682162481089928093586515206771916331544223342996924691"",-322,302]","[0,""6303621955647873452192091726136584478682162481089928097148742047810494412186346591616805379"",-322,302]",5.6510794367148235e-55,7.37787946466881e-07,0.0,True,CERTIFIED_GLOBAL
mixed,preserving,5,0,0.00031622776601683794,0.0,0.5773502691896257,4.148886515256522e-06,4.148886515256523e-06,0.0000041488865152565222193729621981344729437206686971902115481328832502407410678070775563878975012159,0.0000041488865152565222193729621981344729437206686971902115504774519774036966536414056396210720094191,"[0,""2215491952523753145595637860699597729361138440552525501247570779615090889387414112067119637"",-318,301]","[0,""4430983905047506291191275721399195458722276881105051004999125762253013000442519743369837567"",-319,302]",5.6510794367148235e-55,4.148886515256522e-06,0.0,True,CERTIFIED_GLOBAL
mixed,preserving,6,0,0.001,0.0,0.5773502691896257,2.333090341053722e-05,2.3330903410537224e-05,0.000023330903410537221525762242432462388872945483469915545451169023473454376251103638728185083415006,0.000023330903410537221525762242432462388872945483469915545464353502323781040613028206200934178051862,"[0,""6229313402653806468262399242414479147647149211259967985164786841886722410952344894611915341"",-317,302]","[0,""6229313402653806468262399242414479147647149211259967988685021329345619922984491557676118709"",-317,302]",5.6510794367148235e-55,2.333090341053722e-05,0.0,True,CERTIFIED_GLOBAL
mixed,preserving,7,0,0.0031622776601683794,0.0,0.5773502691896257,0.00013119931141769534,0.00013119931141769537,0.00013119931141769536123594848028543489718487320599538664018707733943590337759500573339135753368672,0.00013119931141769536123594848028543489718487320599538664026121911252227164304261876053422051045430,"[0,""2189375221171465077089589664288651538436578451052700680293772082088458998387179567692399897"",-313,301]","[0,""4378750442342930154179179328577303076873156902105401363062010822499925131046551319647775773"",-314,302]",5.6510794367148235e-55,0.00013119931141769537,0.0,True,CERTIFIED_GLOBAL
mixed,preserving,8,0,0.01,0.0,0.5773502691896257,0.000737787946466881,0.0007377879464668812,0.00073778794646688106160586018229355443236927878835327298367788013645002565689805322116266738444326,0.00073778794646688106160586018229355443236927878835327298409480996574353053845409080127527275483409,"[0,""6155880816062376418156339576305258279963049297939382903893081256613199542523655608395434263"",-312,302]","[0,""6155880816062376418156339576305258279963049297939382907371818406064935949400729093375786505"",-312,302]",5.6510794367148235e-55,0.000737787946466881,0.0,True,CERTIFIED_GLOBAL
mixed,preserving,9,0,0.03162277660168379,0.0,0.5773502691896257,0.0041488865152565215,0.004148886515256522,0.0041488865152565222193729621981344729437206686971902115481328832502407410678070775563878974983245,0.0041488865152565222193729621981344729437206686971902115504774519774036966536414056396210720103555,"[0,""2163566359886477681245740098339450907579236758352075684812080839467862196667396593815546519"",-308,301]","[0,""540891589971619420311435024584862726894809189588018921508682344025026001030581023360575875"",-306,299]",5.6510794367148235e-55,0.004148886515256522,0.0,True,CERTIFIED_GLOBAL
mixed,preserving,10,0,0.1,0.0,0.5773502691896257,0.02333090341053722,0.023330903410537222,0.023330903410537221525762242432462388872945483469915545451169023473454376251103638728185083398916,0.023330903410537221525762242432462388872945483469915545464353502323781040613028206200934178064297,"[0,""6083313869779107879162499260170389792624169151621062485512487150280002354445649311144448571"",-307,302]","[0,""760414233722388484895312407521298724078021143952632811118777017742385244504942817099135585"",-304,299]",5.6510794367148235e-55,0.023330903410537222,0.0,True,CERTIFIED_GLOBAL
mixed,preserving,11,0,0.25,0.0,0.5773502691896257,0.09222349330836012,0.09222349330836013,0.092223493308360132700732522786694304046159848544159122959735017056253207112256652645333423247769,0.092223493308360132700732522786694304046159848544159123011851245717941317306761350159409094250111,"[0,""6011602359435914470855800367485603789026415330018928617083087164661327678245757430073666285"",-305,302]","[0,""3005801179717957235427900183742801894513207665009464310240145706086394506543324752624895751"",-304,301]",5.6510794367148235e-55,0.09222349330836013,0.0,True,CERTIFIED_GLOBAL
mixed,preserving,0,1,1e-06,1e-08,0.5773502691896257,7.377879538447605e-10,7.377879538447606e-10,7.3778795384476052627467079835215625530482311204606086721060997322882702139830979014319959720744E-10,7.3778795384476052627467079835215625530482311204606086762753980669163019588939618581618076696698E-10,"[0,""50428976149472744069366609984460013920384058143292423235886369141096547194107093267513265"",-325,295]","[0,""6454908947132511240878926078010881781809159442341430177841175571761064847658281690603797803"",-332,302]",5.6510794367148235e-55,7.377879464668811e-10,1.4142135623730952e-17,True,CERTIFIED_GLOBAL
mixed,preserving,1,1,3.162277660168379e-06,1e-08,0.5773502691896257,4.148886556745387e-09,4.148886556745388e-09,4.1488865567453873719381843918640949250653981343968985200349987315695735702144882344586730671882E-9,4.1488865567453873719381843918640949250653981343968985223795674821782164276783721760351284049760E-9,"[0,""2268663782070960814933165380255719768429686511783843744535373611100977853991242758083851017"",-328,301]","[0,""4430983949357345341666338633311952672714231468327819816049635812244270622972649747795035"",-319,292]",5.6510794367148235e-55,4.148886515256522e-09,7.952707287670506e-17,True,CERTIFIED_GLOBAL
mixed,preserving,2,1,1e-05,1e-08,0.5773502691896257,2.3330903643846255e-08,2.3330903643846258e-08,2.3330903643846255631134457690084813197569372199370380150324477985144610985647401239221470704135E-8,2.3330903643846255631134457690084813197569372199370380163508956967316063850838612331216240058938E-8,"[0,""797352123513208383334459382404924361189368408029626892513851736772427626216904832529326629"",-324,299]","[0,""1594704247026416766668918764809848722378736816059253785928883511346133303408816841605384777"",-325,300]",5.6510794367148235e-55,2.333090341053722e-08,4.472135954999579e-16,True,CERTIFIED_GLOBAL
mixed,preserving,3,1,3.1622776601683795e-05,1e-08,0.5773502691896257,1.3119931272968847e-07,1.311993127296885e-07,1.3119931272968847541290209264491970003922217784411870014094374130667677195403950934141486764722E-7,1.3119931272968847541290209264491970003922217784411870021508551513446276826533519096040811577470E-7,"[0,""4483840497797565007471084411257954675349696174937057670800955156533616269868584041603472537"",-324,302]","[0,""140120015556173906483471387851811083604678005466783052291712782499841067393465684163625247"",-319,297]",5.6510794367148235e-55,1.3119931141769537e-07,2.514866859365871e-15,True,CERTIFIED_GLOBAL
mixed,preserving,4,1,0.0001,1e-08,0.5773502691896257,7.377879538447604e-07,7.377879538447605e-07,7.3778795384476052627467079835215625530482311204606086721060997322882702139830979014319959650519E-7,7.3778795384476052627467079835215625530482311204606086762753980669163019588939618581618076743606E-7,"[0,""6303622018684093008670826248057501740048007267911552904485796142637068399263386658439158119"",-322,302]","[0,""98494094041938953260481660125898464688250113561118014188250359676529920160801417398129239"",-316,296]",5.6510794367148235e-55,7.37787946466881e-07,1.414213562373095e-14,True,CERTIFIED_GLOBAL
mixed,preserving,5,1,0.00031622776601683794,1e-08,0.5773502691896257,4.148886556745387e-06,4.1488865567453874e-06,0.0000041488865567453873719381843918640949250653981343968985200349987315695735702144882344586730638379,0.0000041488865567453873719381843918640949250653981343968985223795674821782164276783721760351284068486,"[0,""2215491974678672670833169316655976336357115734163909906772825792090798685538323005941260757"",-318,301]","[0,""2215491974678672670833169316655976336357115734163909908024817906122135311486324873897517501"",-318,301]",5.6510794367148235e-55,4.148886515256522e-06,7.952707287670506e-14,True,CERTIFIED_GLOBAL
mixed,preserving,6,1,0.001,1e-08,0.5773502691896257,2.3330903643846252e-05,2.3330903643846256e-05,0.000023330903643846255631134457690084813197569372199370380150324477985144610985647401239221470692665,0.000023330903643846255631134457690084813197569372199370380163508956967316063850838612331216240065844,"[0,""3114656732473470247400231962519235785895970343865730048882233346767295414909784502067682143"",-316,301]","[0,""6229313464946940494800463925038471571791940687731460101284701216195833216440690787521034287"",-317,302]",5.6510794367148235e-55,2.333090341053722e-05,4.4721359549995796e-13,True,CERTIFIED_GLOBAL
mixed,preserving,7,1,0.0031622776601683794,1e-08,0.5773502691896257,0.00013119931272968847,0.0001311993127296885,0.00013119931272968847541290209264491970003922217784411870014094374130667677195403950934141486757489,0.00013119931272968847541290209264491970003922217784411870021508551513446276826533519096040811581216,"[0,""4378750486130434577608480870369096362646187670836970381641557770052359638543539103128391147"",-314,302]","[0,""2189375243065217288804240435184548181323093835418485192058012226560016678022901315056644485"",-313,301]",5.6510794367148235e-55,0.00013119931141769537,2.5148668593658708e-12,True,CERTIFIED_GLOBAL
mixed,preserving,8,1,0.01,1e-08,0.5773502691896257,0.0007377879538447605,0.0007377879538447606,0.00073778795384476052627467079835215625530482311204606086721060997322882702139830979014319959583571,0.00073778795384476052627467079835215625530482311204606086762753980669163019588939618581618076773569,"[0,""6155880877621184578780103757868654043015632097569875883286910295544012108655651033631990345"",-312,302]","[0,""96185638712831009043439121216697719422119251524529310730713241871611250157032634177860585"",-306,296]",5.6510794367148235e-55,0.000737787946466881,1.414213562373095e-11,True,CERTIFIED_GLOBAL
mixed,preserving,9,1,0.03162277660168379,1e-08,0.5773502691896257,0.004148886556745387,0.004148886556745388,0.0041488865567453873719381843918640949250653981343968985200349987315695735702144882344586730609465,0.0041488865567453873719381843918640949250653981343968985223795674821782164276783721760351284076726,"[0,""4327132763044282560221033821593703781947491668288886536665675375177341182692037120979024913"",-309,302]","[0,""2163566381522141280110516910796851890973745834144443269555486236447397765123364134665544435"",-308,301]",5.6510794367148235e-55,0.004148886515256522,7.952707287670506e-11,True,CERTIFIED_GLOBAL
mixed,preserving,10,1,0.1,1e-08,0.5773502691896257,0.023330903643846254,0.023330903643846258,0.023330903643846255631134457690084813197569372199370380150324477985144610985647401239221470675227,0.023330903643846255631134457690084813197569372199370380163508956967316063850838612331216240077739,"[0,""6083313930612246576953578051795382394328067077862754001723112005404873857245672855600941681"",-307,302]","[0,""6083313930612246576953578051795382394328067077862754005160841031441243375430362097188510049"",-307,302]",5.6510794367148235e-55,0.023330903410537222,4.4721359549995793e-10,True,CERTIFIED_GLOBAL
mixed,preserving,11,1,0.25,1e-08,0.5773502691896257,0.09222349423059506,0.09222349423059507,0.092223494230595065784333849794019531913102889005757608401326246653603377674788723767899949674461,0.092223494230595065784333849794019531913102889005757608453442475836453774486174523227022595851905,"[0,""751450302443992258151868134505450932985306652535385239659046666936524915607379276566405073"",-302,299]","[0,""6011602419551938065214945076043607463882453220283081920669577616975703134814539636116286555"",-305,302]",5.6510794367148235e-55,0.09222349330836013,1.7677669529663688e-09,True,CERTIFIED_GLOBAL
mixed,preserving,0,2,1e-06,1e-07,0.5773502691896257,7.377880202456757e-10,7.377880202456758e-10,7.3778802024567570829396634287957266172472202528115181900517850423803930190061891096798950177931E-10,7.3778802024567570829396634287957266172472202528115181942210837522452711280714464668435288180956E-10,"[0,""3227454764037155336693471716017027631278392498844762215720614177496799748472758526678660605"",-331,301]","[0,""6454909528074310673386943432034055262556784997689524435088949004989131973873446717697499687"",-332,302]",5.6510794367148235e-55,7.377879464668811e-10,1.414213562373095e-16,True,CERTIFIED_GLOBAL
mixed,preserving,1,2,3.162277660168379e-06,1e-07,0.5773502691896257,4.148886930145173e-09,4.148886930145174e-09,4.1488869301451737450251841354306927571679630692570812671540380635290660918811843370956531419056E-9,4.1488869301451737450251841354306927571679630692570812694986070251488943940110710037616359709051E-9,"[0,""2268663986250699159522255278349705010504613249706362425856123806077100903318019124027935585"",-328,301]","[0,""4537327972501398319044510556699410021009226499412724854276327692457563367161671462524735389"",-329,302]",5.6510794367148235e-55,4.148886515256522e-09,7.952707287670507e-16,True,CERTIFIED_GLOBAL
mixed,preserving,2,2,1e-05,1e-07,0.5773502691896257,2.333090574362756e-08,2.3330905743627564e-08,2.3330905743627562579484395008686632119184370764463892442723568590356723596541263838548956242862E-8,2.3330905743627562579484395008686632119184370764463892455908048759131272991132267503754798141438E-8,"[0,""797352195274898781906309896787763633804168188924785806228682925870772044751947006700339815"",-324,299]","[0,""6378817562199190255250479174302109070433345511398286453434183882596098926127599468672281063"",-327,302]",5.6510794367148235e-55,2.333090341053722e-08,4.47213595499958e-15,True,CERTIFIED_GLOBAL
mixed,preserving,3,2,3.1622776601683795e-05,1e-07,0.5773502691896257,1.311993245376265e-07,1.3119932453762652e-07,1.3119932453762650300548460388028292572836292448270723972574135814363732118534349289193087286755E-7,1.3119932453762650300548460388028292572836292448270723979988313864418289526978306479609656386218E-7,"[0,""2241920450671602886897763710205560798516973869783598884417372274140843220206673312164205227"",-323,301]","[0,""4483840901343205773795527420411121597033947739567197771368598659789831558184001970486177523"",-324,302]",5.6510794367148235e-55,1.3119931141769537e-07,2.514866859365871e-14,True,CERTIFIED_GLOBAL
mixed,preserving,4,2,0.0001,1e-07,0.5773502691896257,7.377880202456757e-07,7.377880202456758e-07,7.3778802024567570829396634287957266172472202528115181900517850423803930190061891096798950117765E-7,7.3778802024567570829396634287957266172472202528115181942210837522452711280714464668435288226767E-7,"[0,""6303622586010069016979436945345757092340610349306176202579324565423437008735856497419258989"",-322,302]","[0,""3151811293005034508489718472672878546170305174653088103070775881342349596617893905125732271"",-321,301]",5.6510794367148235e-55,7.37787946466881e-07,1.414213562373095e-13,True,CERTIFIED_GLOBAL
mixed,preserving,5,2,0.00031622776601683794,1e-07,0.5773502691896257,4.148886930145173e-06,4.148886930145174e-06,0.0000041488869301451737450251841354306927571679630692570812671540380635290660918811843370956531386724,0.0000041488869301451737450251841354306927571679630692570812694986070251488943940110710037616359724779,"[0,""2215492174072948397970952420263383799320911376666369556500120904372168850896503050808530843"",-318,301]","[0,""4430984348145896795941904840526767598641822753332739115504226262165589225743819787621811905"",-319,302]",5.6510794367148235e-55,4.148886515256522e-06,7.952707287670507e-13,True,CERTIFIED_GLOBAL
mixed,preserving,6,2,0.001,1e-07,0.5773502691896257,2.3330905743627562e-05,2.3330905743627566e-05,0.000023330905743627562579484395008686632119184370764463892442723568590356723596541263838548956229051,0.000023330905743627562579484395008686632119184370764463892455908048759131272991132267503754798150479,"[0,""6229314025585146733643046068654403389095063975974889111161585358365406599624585989846404801"",-317,302]","[0,""3114657012792573366821523034327201694547531987987444557340910098923876428773241928062637239"",-316,301]",5.6510794367148235e-55,2.333090341053722e-05,4.4721359549995794e-12,True,CERTIFIED_GLOBAL
mixed,preserving,7,2,0.0031622776601683794,1e-07,0.5773502691896257,0.00013119932453762648,0.0001311993245376265,0.00013119932453762650300548460388028292572836292448270723972574135814363732118534349289193087277813,0.00013119932453762650300548460388028292572836292448270723979988313864418289526978306479609656391298,"[0,""4378750880217974388472194746495235934603464589421091571127680222931334414466158812820713331"",-314,302]","[0,""4378750880217974388472194746495235934603464589421091573602147128701007381039064424302907739"",-314,302]",5.6510794367148235e-55,0.00013119931141769537,2.514866859365871e-11,True,CERTIFIED_GLOBAL
mixed,preserving,8,2,0.01,1e-07,0.5773502691896257,0.0007377880202456757,0.0007377880202456758,0.00073778802024567570829396634287957266172472202528115181900517850423803930190061891096798950052502,0.00073778802024567570829396634287957266172472202528115181942210837522452711280714464668435288253172,"[0,""6155881431650458024393981391939215910488877294244312697831371645921325203843609860760995101"",-312,302]","[0,""1538970357912614506098495347984803977622219323561078175327527285811694138973581008362173961"",-310,300]",5.6510794367148235e-55,0.000737787946466881,1.414213562373095e-10,True,CERTIFIED_GLOBAL
mixed,preserving,9,2,0.03162277660168379,1e-07,0.5773502691896257,0.004148886930145174,0.0041488869301451745,0.0041488869301451737450251841354306927571679630692570812671540380635290660918811843370956531360506,0.0041488869301451737450251841354306927571679630692570812694986070251488943940110710037616359729798,"[0,""540891644060778417473377055728365185381081879068937880004912330168986535863404065138801475"",-306,299]","[0,""4327133152486227339787016445826921483048655032551503042484595959146083228265449011349425689"",-309,302]",5.6510794367148235e-55,0.004148886515256522,7.952707287670506e-10,True,CERTIFIED_GLOBAL
mixed,preserving,10,2,0.1,1e-07,0.5773502691896257,0.02333090574362756,0.023330905743627565,0.023330905743627562579484395008686632119184370764463892442723568590356723596541263838548956211883,0.023330905743627562579484395008686632119184370764463892455908048759131272991132267503754798160367,"[0,""1520828619527623714268321794105078952415787103509494411904683925382179345611471188927344921"",-305,300]","[0,""760414309763811857134160897052539476207893551754747206382058129620087018743467267593417295"",-304,299]",5.6510794367148235e-55,0.023330903410537222,4.4721359549995795e-09,True,CERTIFIED_GLOBAL
mixed,preserving,11,2,0.25,1e-07,0.5773502691896257,0.09222350253070946,0.09222350253070948,0.092223502530709463536745792859946582715590253160143977375647313029754912737577363870998687760146,0.092223502530709463536745792859946582715590253160143977427763546903065889100893080835544110206681,"[0,""6011602960596150414447247453065640537586794232660461618975948872970044144378525254649409291"",-305,302]","[0,""1502900740149037603611811863266410134396698558165115405593288365050482557591387703478685507"",-303,300]",5.6510794367148235e-55,0.09222349330836013,1.767766952966369e-08,True,CERTIFIED_GLOBAL
mixed,preserving,0,3,1e-06,1e-06,0.5773502691896257,7.377886842548274e-10,7.377886842548275e-10,7.3778868425482752848692178815373672592371115763206133695086381433016210692371011921588854818387E-10,7.3778868425482752848692178815373672592371115763206133736779406055349628198462925536607402943528E-10,"[0,""1613728834373076249616779243066447517508260137792616750979739851081503514485902051128388529"",-330,300]","[0,""806864417186538124808389621533223758754130068896308375945835417158725404503137123579314815"",-329,299]",5.6510794367148235e-55,7.377879464668811e-10,1.414213562373095e-15,True,CERTIFIED_GLOBAL
mixed,preserving,1,3,3.162277660168379e-06,1e-06,0.5773502691896257,4.148890664143037e-09,4.148890664143038e-09,4.1488906641430374758951815710966710781936124178589087383444313831239913085481453634654538909083E-9,4.1488906641430374758951815710966710781936124178589087406890024548556740573380592810267116292826E-9,"[0,""1134333014024041302706577129644778715626940314465774619531812877919165698292891391734390633"",-327,300]","[0,""2268666028048082605413154259289557431253880628931549240345666949825932929769226335175465439"",-328,301]",5.6510794367148235e-55,4.148886515256522e-09,7.952707287670507e-15,True,CERTIFIED_GLOBAL
mixed,preserving,2,3,1e-05,1e-06,0.5773502691896257,2.333092674144063e-08,2.3330926741440634e-08,2.3330926741440632062983768194704821335334356415399015366714474642477849705479889831823811608189E-8,2.3330926741440632062983768194704821335334356415399015379898966677283364394068819229140378981060E-8,"[0,""3189411651567211070499260162464625439808663991505499773507979267416864920409474993641886697"",-326,301]","[0,""6378823303134422140998520324929250879617327983010999550620682254711756051050920491179700617"",-327,302]",5.6510794367148235e-55,2.333090341053722e-08,4.472135954999579e-14,True,CERTIFIED_GLOBAL
mixed,preserving,3,3,3.1622776601683795e-05,1e-06,0.5773502691896257,1.3119944261700678e-07,1.311994426170068e-07,1.3119944261700677893130971623391518261977039086859263557371752651324281349838332839709092510012E-7,1.3119944261700677893130971623391518261977039086859263564785937374138416531426180315298104464923E-7,"[0,""4483844936799613437039957511942790813876463385868598749172638465762388145860972451577789625"",-324,302]","[0,""2241922468399806718519978755971395406938231692934299375853247428869502787057501371493936855"",-323,301]",5.6510794367148235e-55,1.3119931141769537e-07,2.5148668593658707e-13,True,CERTIFIED_GLOBAL
mixed,preserving,4,3,0.0001,1e-06,0.5773502691896257,7.377886842548275e-07,7.377886842548276e-07,7.3778868425482752848692178815373672592371115763206133695086381433016210692371011921588854755111E-7,7.3778868425482752848692178815373672592371115763206133736779406055349628198462925536607402999854E-7,"[0,""3151814129634914550032771959114155307633320581626204591757304396643561551730277443610133843"",-321,301]","[0,""6303628259269829100065543918228310615266641163252409187076839196552542222680758777963396997"",-322,302]",5.6510794367148235e-55,7.37787946466881e-07,1.414213562373095e-12,True,CERTIFIED_GLOBAL
mixed,preserving,5,3,0.00031622776601683794,1e-06,0.5773502691896257,4.148890664143037e-06,4.148890664143038e-06,0.0000041488906641430374758951815710966710781936124178589087383444313831239913085481453634654538879530,0.0000041488906641430374758951815710966710781936124178589087406890024548556740573380592810267116315796,"[0,""4430988336031411338697566912674916857917735603381932107546144054371741008956606998962463407"",-319,302]","[0,""2215494168015705669348783456337458428958867801690966055025065380689387626727760092944790469"",-318,301]",5.6510794367148235e-55,4.148886515256522e-06,7.952707287670507e-12,True,CERTIFIED_GLOBAL
mixed,preserving,6,3,0.001,1e-06,0.5773502691896257,2.333092674144063e-05,2.3330926741440632e-05,0.000023330926741440632062983768194704821335334356415399015366714474642477849705479889831823811592915,0.000023330926741440632062983768194704821335334356415399015379898966677283364394068819229140378989341,"[0,""6229319631967209122068867504813721562126296858409179245132772006673564297674755846956809951"",-317,302]","[0,""3114659815983604561034433752406860781063148429204589624326505007183474634302207271083838193"",-316,301]",5.6510794367148235e-55,2.333090341053722e-05,4.472135954999579e-11,True,CERTIFIED_GLOBAL
mixed,preserving,7,3,0.0031622776601683794,1e-06,0.5773502691896257,0.00013119944261700677,0.0001311994426170068,0.00013119944261700677893130971623391518261977039086859263557371752651324281349838332839709092499033,0.00013119944261700677893130971623391518261977039086859263564785937374138416531426180315298104468153,"[0,""4378754821093372497109333507756631654176233775262303465988904751721082173692355909743935177"",-314,302]","[0,""4378754821093372497109333507756631654176233775262303468463373884510747630971682366199095421"",-314,302]",5.6510794367148235e-55,0.00013119931141769537,2.514866859365871e-10,True,CERTIFIED_GLOBAL
mixed,preserving,8,3,0.01,1e-06,0.5773502691896257,0.0007377886842548275,0.0007377886842548276,0.00073778868425482752848692178815373672592371115763206133695086381433016210692371011921588854693875,0.00073778868425482752848692178815373672592371115763206133736779406055349628198462925536607403025229,"[0,""6155886971943192480532757732644834585221329260988680843275985149694456155723198132051042657"",-312,302]","[0,""3077943485971596240266378866322417292610664630494340423377362888941671007168339247052439941"",-311,301]",5.6510794367148235e-55,0.000737787946466881,1.4142135623730951e-09,True,CERTIFIED_GLOBAL
mixed,preserving,9,3,0.03162277660168379,1e-06,0.5773502691896257,0.004148890664143037,0.004148890664143038,0.0041488906641430374758951815710966710781936124178589087383444313831239913085481453634654538851740,0.0041488906641430374758951815710966710781936124178589087406890024548556740573380592810267116318043,"[0,""1081784261726418783861710672039774623515072168794417018443882825774350832264796630606070167"",-307,300]","[0,""4327137046905675135446842688159098494060288675177668076220830821658960208452656431532793885"",-309,302]",5.6510794367148235e-55,0.004148886515256522,7.952707287670507e-09,True,CERTIFIED_GLOBAL
mixed,preserving,10,3,0.1,1e-06,0.5773502691896257,0.02333092674144063,0.023330926741440633,0.023330926741440632062983768194704821335334356415399015366714474642477849705479889831823811578443,0.023330926741440632062983768194704821335334356415399015379898966677283364394068819229140379001985,"[0,""3041659976546488829135189211334824981506980887895107053287486331383576317224001878396879857"",-306,301]","[0,""3041659976546488829135189211334824981506980887895107055006352546077611947560749288167810737"",-306,301]",5.6510794367148235e-55,0.023330903410537222,4.4721359549995796e-08,True,CERTIFIED_GLOBAL
mixed,preserving,11,3,0.25,1e-06,0.5773502691896257,0.09222358553185343,0.09222358553185345,0.092223585531853441060865223519217090740463894704007667118857976791270263365463764901986068555630,0.092223585531853441060865223519217090740463894704007667170974257569187035248078656920759253677745,"[0,""6011608371038273906770271223285971274630204356434258636011704247748492339573435675831096357"",-305,302]","[0,""6011608371038273906770271223285971274630204356434258639408911892464201185875662591899296753"",-305,302]",5.6510794367148235e-55,0.09222349330836013,1.7677669529663687e-07,True,CERTIFIED_GLOBAL
mixed,preserving,0,4,1e-06,1e-05,0.5773502691896257,7.377953243463457e-10,7.377953243463458e-10,7.3779532434634573041647624089537736791360248114115651640771691525139015715462220169487901222943E-10,7.3779532434634573041647624089537736791360248114115651682465091384318797375947534218328550694969E-10,"[0,""806871678959031031158606546822892268099449510747486591087033737206269958490564964509485397"",-329,299]","[0,""6454973431672248249268852374583138144795596085979892732344026660076515857541599698004706861"",-332,302]",5.6510794367148235e-55,7.377879464668811e-10,1.414213562373095e-14,True,CERTIFIED_GLOBAL
mixed,preserving,1,4,3.162277660168379e-06,1e-05,0.5773502691896257,4.1489280041216746e-09,4.148928004121675e-09,4.1489280041216747845951559277564542884501059038771834502483645790732434752177556271634613818494E-9,4.1489280041216747845951559277564542884501059038771834525929567519234706906079420536774682194583E-9,"[0,""4537372892043834128644288137376163277493108842366834742277290506901272658526838755754476153"",-329,302]","[0,""4537372892043834128644288137376163277493108842366834744841395971594890783306264748612885775"",-329,302]",5.6510794367148235e-55,4.148886515256522e-09,7.952707287670506e-14,True,CERTIFIED_GLOBAL
mixed,preserving,2,4,1e-05,1e-05,0.5773502691896257,2.3331136719571326e-08,2.333113671957133e-08,2.3331136719571326897977500054886713496834212924750244606623535163689110794866149764572365272434E-8,2.3331136719571326897977500054886713496834212924750244619808145858804278423434336482996187388260E-8,"[0,""6378880712486740998478931831200668971457152699138130518880909813509264668852689324094322137"",-327,302]","[0,""199340022265210656202466619725020905358036021848066578827677061745885228133879084882934255"",-322,297]",5.6510794367148235e-55,2.333090341053722e-08,4.4721359549995796e-13,True,CERTIFIED_GLOBAL
mixed,preserving,3,4,3.1622776601683795e-05,1e-05,0.5773502691896257,1.3120062341080952e-07,1.3120062341080954e-07,1.3120062341080953818956083977023775153384505472744659405347921020929773662878168344869144730870E-7,1.3120062341080953818956083977023775153384505472744659412762172471339686575904918672182585263670E-7,"[0,""4483885291363690069484258427259482982301619848882608552551577640569405200337230724071581331"",-324,302]","[0,""17515176919389414333922884481482355399615702534697689668302565770432600521191447140643889"",-316,294]",5.6510794367148235e-55,1.3119931141769537e-07,2.5148668593658708e-12,True,CERTIFIED_GLOBAL
mixed,preserving,4,4,0.0001,1e-05,0.5773502691896257,7.377953243463457e-07,7.377953243463458e-07,7.3779532434634573041647624089537736791360248114115651640771691525139015715462220169487901151987E-7,7.3779532434634573041647624089537736791360248114115651682465091384318797375947534218328550742426E-7,"[0,""3151842495933714965463306823526922922263474651357369496433725535961992025353769392615177329"",-321,301]","[0,""1575921247966857482731653411763461461131737325678684749107428383807743129282617113770680387"",-320,300]",5.6510794367148235e-55,7.37787946466881e-07,1.414213562373095e-11,True,CERTIFIED_GLOBAL
mixed,preserving,5,4,0.00031622776601683794,1e-05,0.5773502691896257,4.148928004121674e-06,4.148928004121675e-06,0.0000041489280041216747845951559277564542884501059038771834502483645790732434752177556271634613788868,0.0000041489280041216747845951559277564542884501059038771834525929567519234706906079420536774682207238,"[0,""4431028214886556766254187634156409450676864103873862053005166510645774080592615972416480615"",-319,302]","[0,""2215514107443278383127093817078204725338432051936931027754587876755317765286262084283635633"",-318,301]",5.6510794367148235e-55,4.148886515256522e-06,7.952707287670506e-11,True,CERTIFIED_GLOBAL
mixed,preserving,6,4,0.001,1e-05,0.5773502691896257,2.3331136719571324e-05,2.3331136719571327e-05,0.000023331136719571326897977500054886713496834212924750244606623535163689110794866149764572365257775,0.000023331136719571326897977500054886713496834212924750244619808145858804278423434336482996187396687,"[0,""3114687847893916503163540933203451646219312841376040292422319244877570639088227209030430729"",-316,301]","[0,""6229375695787833006327081866406903292438625682752080588364908179558913379183721402591695471"",-317,302]",5.6510794367148235e-55,2.333090341053722e-05,4.4721359549995793e-10,True,CERTIFIED_GLOBAL
mixed,preserving,7,4,0.0031622776601683794,1e-05,0.5773502691896257,0.00013120062341080954,0.00013120062341080956,0.00013120062341080953818956083977023775153384505472744659405347921020929773662878168344869144720220,0.00013120062341080953818956083977023775153384505472744659412762172471339686575904918672182585266667,"[0,""547349278730919197935090140046323606237990704209302801825143754952319970744290859872019205"",-311,299]","[0,""4378794229847353583480721120370588849903925633674422417075641442608150130297861785160972251"",-314,302]",5.6510794367148235e-55,0.00013119931141769537,2.5148668593658706e-09,True,CERTIFIED_GLOBAL
mixed,preserving,8,4,0.01,1e-05,0.5773502691896257,0.0007377953243463456,0.0007377953243463458,0.00073779532434634573041647624089537736791360248114115651640771691525139015715462220169487901083634,0.00073779532434634573041647624089537736791360248114115651682465091384318797375947534218328550757782,"[0,""6155942374870537041920521139701021332545848928432362297722120187425765674519080844951518215"",-312,302]","[0,""6155942374870537041920521139701021332545848928432362301200892124248996598760223100666720263"",-312,302]",5.6510794367148235e-55,0.000737787946466881,1.414213562373095e-08,True,CERTIFIED_GLOBAL
mixed,preserving,9,4,0.03162277660168379,1e-05,0.5773502691896257,0.004148928004121674,0.004148928004121675,0.0041489280041216747845951559277564542884501059038771834502483645790732434752177556271634613754486,0.0041489280041216747845951559277564542884501059038771834525929567519234706906079420536774682219673,"[0,""4327175991100153092045105111480868604176625101439318411137857920552513750578726535562969347"",-309,302]","[0,""4327175991100153092045105111480868604176625101439318413583179446787730010324730633366475847"",-309,302]",5.6510794367148235e-55,0.004148886515256522,7.952707287670507e-08,True,CERTIFIED_GLOBAL
mixed,preserving,10,4,0.1,1e-05,0.5773502691896257,0.023331136719571325,0.02333113671957133,0.023331136719571326897977500054886713496834212924750244606623535163689110794866149764572365244052,0.023331136719571326897977500054886713496834212924750244619808145858804278423434336482996187406665,"[0,""3041687351458902835120645442581495748261047696656289348068671137575752577234596883818780007"",-306,301]","[0,""6083374702917805670241290885162991496522095393312578699575105644100501346859102932218452611"",-307,302]",5.6510794367148235e-55,0.023330903410537222,4.472135954999579e-07,True,CERTIFIED_GLOBAL
mixed,preserving,11,4,0.25,1e-05,0.5773502691896257,0.0922244155432932,0.09222441554329322,0.092224415543293216302059530111922170989200310142644564550964614406423769644327775211859876556491,0.092224415543293216302059530111922170989200310142644564603081364230398496719934417772910688342357,"[0,""1502915618864877207500127231372319661266076398543057201592314498883243572880634971911991755"",-303,300]","[0,""187864452358109650937515903921539957658259549817882150305203006721465960655524386617026375"",-300,297]",5.6510794367148235e-55,0.09222349330836013,1.7677669529663689e-06,True,CERTIFIED_GLOBAL
mixed,preserving,0,5,1e-06,0.0001,0.5773502691896257,7.378617252615277e-10,7.378617252615278e-10,7.3786172526152774971202076831178378781251571623210831097624792446367065946374302648478365234215E-10,7.3786172526152774971202076831178378781251571623210831139321944674010489150793621035540028152232E-10,"[0,""6455554373471680757286206397756618892421151434074149976469374830891615767733634831699173773"",-332,302]","[0,""3227777186735840378643103198878309446210575717037074990058729944071821036353313395853295133"",-331,301]",5.6510794367148235e-55,7.377879464668811e-10,1.414213562373095e-13,True,CERTIFIED_GLOBAL
mixed,preserving,1,5,3.162277660168379e-06,0.0001,0.5773502691896257,4.149301403908048e-09,4.1493014039080485e-09,4.1493014039080478715948994943542863910150407640599305692876965385657651419138582641435362930895E-9,4.1493014039080478715948994943542863910150407640599305716324997226014370233067697801850341157287E-9,"[0,""4537781251520523306824084325346647427346584687404197383777680459147371312079570643923612365"",-329,302]","[0,""4537781251520523306824084325346647427346584687404197386342016691025140020984385531232434739"",-329,302]",5.6510794367148235e-55,4.148886515256522e-09,7.952707287670507e-13,True,CERTIFIED_GLOBAL
mixed,preserving,2,5,1e-05,0.0001,0.5773502691896257,2.3333236500878273e-08,2.3333236500878276e-08,2.3333236500878275247914818656705635111832778018262537005714140375801721688728749092057901933168E-8,2.3333236500878275247914818656705635111832778018262537018899937674013418717089509021554271467576E-8,"[0,""1594863701502482393320761723478712472463849965102360059382605650066153237297520673049952393"",-325,300]","[0,""797431850751241196660380861739356236231924982551180030141937898429254974077029120874481449"",-324,299]",5.6510794367148235e-55,2.333090341053722e-08,4.4721359549995794e-12,True,CERTIFIED_GLOBAL
mixed,preserving,3,5,3.1622776601683795e-05,0.0001,0.5773502691896257,1.3121243134883712e-07,1.3121243134883715e-07,1.3121243134883713077207207513346344067459169331598617885109604716984696793276523396469666948238E-7,1.3121243134883713077207207513346344067459169331598617892524523443352387020692302241027393248220E-7,"[0,""2242144418502228196963633790213202333276592239511353293170484694319787872549906724504749197"",-323,301]","[0,""4484288837004456393927267580426404666553184479022706588875076632148147326525087718174454323"",-324,302]",5.6510794367148235e-55,1.3119931141769537e-07,2.514866859365871e-11,True,CERTIFIED_GLOBAL
mixed,preserving,4,5,0.0001,0.0001,0.5773502691896257,7.378617252615277e-07,7.378617252615278e-07,7.3786172526152774971202076831178378781251571623210831097624792446367065946374302648478365167556E-7,7.3786172526152774971202076831178378781251571623210831139321944674010489150793621035540028203255E-7,"[0,""3152126158921719119768655467654599068565015348669018543197936929146296761588688882665612191"",-321,301]","[0,""6304252317843438239537310935309198137130030697338037089958456922015275461627565226275967061"",-322,302]",5.6510794367148235e-55,7.37787946466881e-07,1.414213562373095e-10,True,CERTIFIED_GLOBAL
mixed,preserving,5,5,0.00031622776601683794,0.0001,0.5773502691896257,4.149301403908048e-06,4.1493014039080485e-06,0.0000041493014039080478715948994943542863910150407640599305692876965385657651419138582641435362900976,0.0000041493014039080478715948994943542863910150407640599305716324997226014370233067697801850341177842,"[0,""4431427003438011041820394848971335378268149108793161507595391073386104796952705706956652697"",-319,302]","[0,""553928375429751380227549356121416922283518638599145188762453209353654787717820499418021819"",-316,299]",5.6510794367148235e-55,4.148886515256522e-06,7.952707287670506e-10,True,CERTIFIED_GLOBAL
mixed,preserving,6,5,0.001,0.0001,0.5773502691896257,2.3333236500878274e-05,2.3333236500878277e-05,0.000023333236500878275247914818656705635111832778018262537005714140375801721688728749092057901917601,0.000023333236500878275247914818656705635111832778018262537018899937674013418717089509021554271473896,"[0,""6229936333994071848909225482338720595561913926181093981963303320570911083193440129101376531"",-317,302]","[0,""3114968166997035924454612741169360297780956963090546992741944915739277242488395003415943161"",-316,301]",5.6510794367148235e-55,2.333090341053722e-05,4.4721359549995795e-09,True,CERTIFIED_GLOBAL
mixed,preserving,7,5,0.0031622776601683794,0.0001,0.5773502691896257,0.00013121243134883712,0.00013121243134883715,0.00013121243134883713077207207513346344067459169331598617885109604716984696793276523396469666941075,0.00013121243134883713077207207513346344067459169331598617892524523443352387020692302241027393254798,"[0,""4379188317387164447194597246510160807180844217795611900723602918593335688574036571298338273"",-314,302]","[0,""547398539673395555899324655813770100897605527224451487899789627947771890444956996847467569"",-311,299]",5.6510794367148235e-55,0.00013119931141769537,2.5148668593658707e-08,True,CERTIFIED_GLOBAL
mixed,preserving,8,5,0.01,0.0001,0.5773502691896257,0.0007378617252615277,0.0007378617252615278,0.00073786172526152774971202076831178378781251571623210831097624792446367065946374302648478365101076,0.00073786172526152774971202076831178378781251571623210831139321944674010489150793621035540028227132,"[0,""6156496404143982655798155210262888805791045602869176842183470564738860862477907973956273805"",-312,302]","[0,""6156496404143982655798155210262888805791045602869176845662555587905542442995669166285124085"",-312,302]",5.6510794367148235e-55,0.000737787946466881,1.4142135623730952e-07,True,CERTIFIED_GLOBAL
mixed,preserving,9,5,0.03162277660168379,0.0001,0.5773502691896257,0.004149301403908048,0.004149301403908049,0.0041493014039080478715948994943542863910150407640599305692876965385657651419138582641435362868242,0.0041493014039080478715948994943542863910150407640599305716324997226014370233067697801850341188030,"[0,""2163782716522466329013864672349284852669994682027910892380562047551808982887063333474928073"",-308,301]","[0,""2163782716522466329013864672349284852669994682027910893603332849037714014522736325851647731"",-308,301]",5.6510794367148235e-55,0.004148886515256522,7.952707287670506e-07,True,CERTIFIED_GLOBAL
mixed,preserving,10,5,0.1,0.0001,0.5773502691896257,0.023333236500878273,0.023333236500878277,0.023333236500878275247914818656705635111832778018262537005714140375801721688728749092057901903968,0.023333236500878275247914818656705635111832778018262537018899937674013418717089509021554271487979,"[0,""6083922201166085789950415510096406831603431568536224591761038398995030354681093876075563015"",-307,302]","[0,""3041961100583042894975207755048203415801715784268112297599555581776637932117573245523381995"",-306,301]",5.6510794367148235e-55,0.023330903410537222,4.472135954999579e-06,True,CERTIFIED_GLOBAL
mixed,preserving,11,5,0.25,0.0001,0.5773502691896257,0.09223271565769096,0.09223271565769098,0.092232715657690968714002596038972973476564464529013538872030990557958832432967878310597956565111,0.092232715657690968714002596038972973476564464529013538924152430842513111438492026294425035172573,"[0,""3006101759835929031151442973761176174702658985775965254972397736688896905506791002908336825"",-304,301]","[0,""3006101759835929031151442973761176174702658985775965256671169720657003145993979085100158241"",-304,301]",5.6510794367148235e-55,0.09222349330836013,1.767766952966369e-05,True,CERTIFIED_GLOBAL
mixed,preserving,0,6,1e-06,0.001,0.5773502691896257,7.385257344133479e-10,7.38525734413348e-10,7.3852573441334794266746604247584798680164806714162625666155801658647568255495127438383005289786E-10,7.3852573441334794266746604247584798680164806714162625707890477570927406899254489207654802702005E-10,"[0,""3230681895733002918729873314745713184338352457508361227100212081653088382912392993966039869"",-331,301]","[0,""3230681895733002918729873314745713184338352457508361228925896084407452112178448864362712157"",-331,301]",5.6510794367148235e-55,7.377879464668811e-10,1.414213562373095e-12,True,CERTIFIED_GLOBAL
mixed,preserving,1,6,3.162277660168379e-06,0.001,0.5773502691896257,4.1530354017717784e-09,4.153035401771779e-09,4.1530354017717787415923351603326074166643893658874017596810161334909818088748846339442854009184E-9,4.1530354017717787415923351603326074166643893658874017620279294293811003502950470452606930802613E-9,"[0,""283866552892963443038877887815718057867583946111113987423848748850522365475430595350935905"",-325,298]","[0,""4541864846287415088622046205051488925881343137777823801348223885327632397765593357427924381"",-329,302]",5.6510794367148235e-55,4.148886515256522e-09,7.952707287670507e-12,True,CERTIFIED_GLOBAL
mixed,preserving,2,6,1e-05,0.001,0.5773502691896257,2.3354234313947756e-08,2.335423431394776e-08,2.3354234313947758747288004674894851261818428953385460996620192496927830627354742366913268507589E-8,2.3354234313947758747288004674894851261818428953385461009817855826104821653641234407135112224157E-8,"[0,""6385195741241815321324197521056659073837871473122537424025550467818095752564016373254683913"",-327,302]","[0,""3192597870620907660662098760528329536918935736561268713816937651545582357968627737207702951"",-326,301]",5.6510794367148235e-55,2.333090341053722e-08,4.472135954999579e-11,True,CERTIFIED_GLOBAL
mixed,preserving,3,6,3.1622776601683795e-05,0.001,0.5773502691896257,1.3133051072911304e-07,1.3133051072911307e-07,1.3133051072911305659718442876572033208205807920138202682726441677533928097260073912474889127761E-7,1.3133051072911305659718442876572033208205807920138202690148033163479391468566137929475473093715E-7,"[0,""2244162146706059819178679556047810754534415390211843462117443434670640596362820349194334513"",-323,301]","[0,""4488324293412119638357359112095621509068830780423686926771274581322163257525860219870641713"",-324,302]",5.6510794367148235e-55,1.3119931141769537e-07,2.514866859365871e-10,True,CERTIFIED_GLOBAL
mixed,preserving,4,6,0.0001,0.001,0.5773502691896257,7.385257344133479e-07,7.38525734413348e-07,7.3852573441334794266746604247584798680164806714162625666155801658647568255495127438383005229619E-7,7.3852573441334794266746604247584798680164806714162625707890477570927406899254489207654802741323E-7,"[0,""3154962788801760662822141908931360531580422321785509010840050860989344123937883783169960807"",-321,301]","[0,""6309925577603521325644283817862721063160844643571018025245890789858304906598532938208422185"",-322,302]",5.6510794367148235e-55,7.37787946466881e-07,1.4142135623730951e-09,True,CERTIFIED_GLOBAL
mixed,preserving,5,6,0.00031622776601683794,0.001,0.5773502691896257,4.153035401771778e-06,4.153035401771779e-06,0.0000041530354017717787415923351603326074166643893658874017596810161334909818088748846339442853975242,0.0000041530354017717787415923351603326074166643893658874017620279294293811003502950470452606930818340,"[0,""554426861119069224685308374640074331772624894748269506687204587598676495069200381544796689"",-316,299]","[0,""4435414888952553797482466997120594654180999157986156056004124888015266013442962263113207405"",-319,302]",5.6510794367148235e-55,4.148886515256522e-06,7.952707287670507e-09,True,CERTIFIED_GLOBAL
mixed,preserving,6,6,0.001,0.001,0.5773502691896257,2.3354234313947758e-05,2.335423431394776e-05,0.000023354234313947758747288004674894851261818428953385460996620192496927830627354742366913268493398,0.000023354234313947758747288004674894851261818428953385461009817855826104821653641234407135112234749,"[0,""6235542716056460274730661641656893626794796360471227953149951628728609133363297239506527255"",-317,302]","[0,""6235542716056460274730661641656893626794796360471227956673706350674965542907476049233794829"",-317,302]",5.6510794367148235e-55,2.333090341053722e-05,4.4721359549995796e-08,True,CERTIFIED_GLOBAL
mixed,preserving,7,6,0.0031622776601683794,0.001,0.5773502691896257,0.00013133051072911303,0.00013133051072911306,0.00013133051072911305659718442876572033208205807920138202682726441677533928097260073912474889116666,0.00013133051072911305659718442876572033208205807920138202690148033163479391468566137929475473100152,"[0,""273945574549079567770834906744117523746876878687969172621758231771318432173195843407511537"",-310,298]","[0,""2191564596392636542166679253952940189975015029503753382212536416661212528088798935483711775"",-313,301]",5.6510794367148235e-55,0.00013119931141769537,2.5148668593658707e-07,True,CERTIFIED_GLOBAL
mixed,preserving,8,6,0.01,0.001,0.5773502691896257,0.0007385257344133479,0.000738525734413348,0.00073852573441334794266746604247584798680164806714162625666155801658647568255495127438383005167633,0.00073852573441334794266746604247584798680164806714162625707890477570927406899254489207654802764825,"[0,""96281823388725606165226498685649430285047067925583160731202724029215824094784051000059839"",-306,296]","[0,""1540509174219609698643623978970390884560753086809330572569797556117750221337532455617290573"",-310,300]",5.6510794367148235e-55,0.000737787946466881,1.414213562373095e-06,True,CERTIFIED_GLOBAL
mixed,preserving,9,6,0.03162277660168379,0.001,0.5773502691896257,0.004153035401771778,0.004153035401771779,0.0041530354017717787415923351603326074166643893658874017596810161334909818088748846339442853948276,0.0041530354017717787415923351603326074166643893658874017620279294293811003502950470452606930833246,"[0,""2165729926246364158926985838437790358486815995110427760496892920307330058864063990409362065"",-308,301]","[0,""541432481561591039731746459609447589621703998777606940430191026369051027031611604383936451"",-306,299]",5.6510794367148235e-55,0.004148886515256522,7.952707287670507e-06,True,CERTIFIED_GLOBAL
mixed,preserving,10,6,0.1,0.001,0.5773502691896257,0.023354234313947758,0.02335423431394776,0.023354234313947758747288004674894851261818428953385460996620192496927830627354742366913268476289,0.023354234313947758747288004674894851261818428953385461009817855826104821653641234407135112247424,"[0,""3044698591824443493520830879715280091208396660386341773998999818715141178400047480227796509"",-306,301]","[0,""3044698591824443493520830879715280091208396660386341775719583179040510518997791039664938883"",-306,301]",5.6510794367148235e-55,0.023330903410537222,4.4721359549995795e-05,True,CERTIFIED_GLOBAL
mixed,preserving,11,6,0.25,0.001,0.5773502691896257,0.09231571680166849,0.0923157168016685,0.092315716801668492833433255309480998350206008392703282082694752073309460319368909297978756651303,0.092315716801668492833433255309480998350206008392703282134863096963659258624068111509568503352001,"[0,""3008806980897675192663328083926544696407720872674473772850085125912994502962001593751869975"",-304,301]","[0,""3008806980897675192663328083926544696407720872674473774550385851792480901049868077377520647"",-304,301]",5.6510794367148235e-55,0.09222349330836013,0.00017677669529663688,True,CERTIFIED_GLOBAL
mixed,preserving,0,7,1e-06,0.01,0.5773502691896257,7.451658259315499e-10,7.4516582593155e-10,7.4516582593154987222191878411648997669297157623680571351465893781452591346703375337429405948359E-10,7.4516582593154987222191878411648997669297157623680571393575806540096584383863170928802548176870E-10,"[0,""6519457971409256639195148946839501131232239724442447231510917487451786746736297550261139397"",-332,302]","[0,""814932246426157079899393618354937641404029965555305904399389371940940717607450887364220599"",-329,299]",5.6510794367148235e-55,7.377879464668811e-10,1.414213562373095e-11,True,CERTIFIED_GLOBAL
mixed,preserving,1,7,3.162277660168379e-06,0.01,0.5773502691896257,4.190375380409087e-09,4.190375380409088e-09,4.1903753804090874415666918201158176731578753841621136636142120827431484784851483319517764782929E-9,4.1903753804090874415666918201158176731578753841621136659822264971777336201778196960172827292444E-9,"[0,""4582700793956332906601665002099903911228927641514087948820575206218223202880078342528595629"",-329,302]","[0,""4582700793956332906601665002099903911228927641514087951410295828352556165577671619382820805"",-329,302]",5.6510794367148235e-55,4.148886515256522e-09,7.952707287670506e-11,True,CERTIFIED_GLOBAL
mixed,preserving,2,7,1e-05,0.01,0.5773502691896257,2.3564212444642594e-08,2.3564212444642597e-08,2.3564212444642593741019864856787012761674938304614700905680713708188920013614675115466934259119E-8,2.3564212444642593741019864856787012761674938304614700918997037347018851019158488262943519830200E-8,"[0,""6442605093560672801735703792474750913662587600253509288976829143352923786303353183803427325"",-327,302]","[0,""6442605093560672801735703792474750913662587600253509292617596459662413949147480548610949013"",-327,302]",5.6510794367148235e-55,2.333090341053722e-08,4.4721359549995793e-10,True,CERTIFIED_GLOBAL
mixed,preserving,3,7,3.1622776601683795e-05,0.01,0.5773502691896257,1.325113045318723e-07,1.3251130453187232e-07,1.3251130453187231484830796508828924615672193805534050658894811283026241137095579072527110908368E-7,1.3251130453187231484830796508828924615672193805534050666383130364749435947304494813956271554517E-7,"[0,""4528678857488752082658274428787789934225293794433490303174061676358335668983913192180375341"",-324,302]","[0,""4528678857488752082658274428787789934225293794433490305733254073062322567533585236832515615"",-324,302]",5.6510794367148235e-55,1.3119931141769537e-07,2.5148668593658706e-09,True,CERTIFIED_GLOBAL
mixed,preserving,4,7,0.0001,0.01,0.5773502691896257,7.451658259315498e-07,7.451658259315499e-07,7.4516582593154987222191878411648997669297157623680571351465893781452591346703375337429405885358E-7,7.4516582593154987222191878411648997669297157623680571393575806540096584383863170928802548227344E-7,"[0,""6366658175204352186714012643397950323468984105900827374522380358839635494859665576426893937"",-322,302]","[0,""3183329087602176093357006321698975161734492052950413689060114734144299678154105028766486717"",-321,301]",5.6510794367148235e-55,7.37787946466881e-07,1.414213562373095e-08,True,CERTIFIED_GLOBAL
mixed,preserving,5,7,0.00031622776601683794,0.01,0.5773502691896257,4.190375380409087e-06,4.190375380409088e-06,0.0000041903753804090874415666918201158176731578753841621136636142120827431484784851483319517764755351,0.0000041903753804090874415666918201158176731578753841621136659822264971777336201778196960172827307587,"[0,""2237646872048990677051594239306593706654749824958050756260046487411241798281288253187790833"",-318,301]","[0,""559411718012247669262898559826648426663687456239512689381139627484442891305868117600441993"",-316,299]",5.6510794367148235e-55,4.148886515256522e-06,7.952707287670507e-08,True,CERTIFIED_GLOBAL
mixed,preserving,6,7,0.001,0.01,0.5773502691896257,2.3564212444642593e-05,2.3564212444642597e-05,0.000023564212444642593741019864856787012761674938304614700905680713708188920013614675115466934243875,0.000023564212444642593741019864856787012761674938304614700918997037347018851019158488262943519835789,"[0,""6291606536680344532945023234838623939123620703372567665016434710305589635061868343558034493"",-317,302]","[0,""6291606536680344532945023234838623939123620703372567668571871542639076122214336473252879897"",-317,302]",5.6510794367148235e-55,2.333090341053722e-05,4.472135954999579e-07,True,CERTIFIED_GLOBAL
mixed,preserving,7,7,0.0031622776601683794,0.01,0.5773502691896257,0.0001325113045318723,0.00013251130453187233,0.00013251130453187231484830796508828924615672193805534050658894811283026241137095579072527110899543,0.00013251130453187231484830796508828924615672193805534050666383130364749435947304494813956271559690,"[0,""4422537946766359455720971121863076107641888471126455374193419605818687176742102726738647791"",-314,302]","[0,""1105634486691589863930242780465769026910472117781613844173157732681231095589254208211063383"",-312,300]",5.6510794367148235e-55,0.00013119931141769537,2.514866859365871e-06,True,CERTIFIED_GLOBAL
mixed,preserving,8,7,0.01,0.01,0.5773502691896257,0.0007451658259315498,0.0007451658259315499,0.00074516582593154987222191878411648997669297157623680571351465893781452591346703375337429405809234,0.00074516582593154987222191878411648997669297157623680571393575806540096584383863170928802548249629,"[0,""1554359906055750045584475743017077715690669947729694183233003017294832884487223041119847151"",-310,300]","[0,""6217439624223000182337902972068310862762679790918776736445536590125585308894736384309544371"",-312,302]",5.6510794367148235e-55,0.000737787946466881,1.4142135623730951e-05,True,CERTIFIED_GLOBAL
mixed,preserving,9,7,0.03162277660168379,0.01,0.5773502691896257,0.004190375380409087,0.0041903753804090876,0.0041903753804090874415666918201158176731578753841621136636142120827431484784851483319517764719846,0.0041903753804090874415666918201158176731578753841621136659822264971777336201778196960172827314178,"[0,""4370404046970684916116394998645690833310058251871192883320403295725081637268141119507403967"",-309,302]","[0,""4370404046970684916116394998645690833310058251871192885790153339722210088327094668753453071"",-309,302]",5.6510794367148235e-55,0.004148886515256522,7.952707287670506e-05,True,CERTIFIED_GLOBAL
mixed,preserving,10,7,0.1,0.01,0.5773502691896257,0.02356421244464259,0.023564212444642595,0.023564212444642593741019864856787012761674938304614700905680713708188920013614675115466934226347,0.023564212444642593741019864856787012761674938304614700918997037347018851019158488262943519849542,"[0,""6144147008476898957954124252772093690550410843137273110367612021782802377990105804255893055"",-307,302]","[0,""768018376059612369744265531596511711318801355392159139229964787919809096949992245270126941"",-304,299]",5.6510794367148235e-55,0.023330903410537222,0.00044721359549995795,True,CERTIFIED_GLOBAL
mixed,preserving,11,7,0.25,0.01,0.5773502691896257,0.09314572824144372,0.09314572824144374,0.093145728241443734027739848014561247086621447029600714189332367226815739183379219171786757467207,0.093145728241443734027739848014561247086621447029600714241969758175120730479828963661003185207646,"[0,""6071718383030273615564358371160459826916679483319117903253918036307940955028215004374402947"",-305,302]","[0,""3035859191515136807782179185580229913458339741659558953342547163147258451608758000151144709"",-304,301]",5.6510794367148235e-55,0.09222349330836013,0.0017677669529663688,True,CERTIFIED_GLOBAL
mixed,preserving,0,8,1e-06,0.1,0.5773502691896257,8.115667411135691e-10,8.115667411135692e-10,8.1156674111356916776644620052290987560620666718860028204566815009502822258785854327893412419797E-10,8.1156674111356916776644620052290987560620666718860028250429096231788359229949988140280002971245E-10,"[0,""7100399770841764656549172120320248756787587818699695004615850728907886555851413173551735977"",-332,302]","[0,""887549971355220582068646515040031094598448477337461876078542880331717613235837600099646197"",-329,299]",5.6510794367148235e-55,7.377879464668811e-10,1.414213562373095e-10,True,CERTIFIED_GLOBAL
mixed,preserving,1,8,3.162277660168379e-06,0.1,0.5773502691896257,4.563775166782174e-09,4.563775166782175e-09,4.5637751667821744413102584179479202380927355669092327029461715752648151745877853120266872538670E-9,4.5637751667821744413102584179479202380927355669092327055251971751440663190055462035831792099324E-9,"[0,""4991060270645511086397852972584053764704772678876729449210527452316876755611966511664807121"",-329,302]","[0,""4991060270645511086397852972584053764704772678876729452031015258601793843698454238931785035"",-329,302]",5.6510794367148235e-55,4.148886515256522e-09,7.952707287670506e-10,True,CERTIFIED_GLOBAL
mixed,preserving,2,8,1e-05,0.1,0.5773502691896257,2.566399375159094e-08,2.5663993751590944e-08,2.5663993751590943678338466675708627760240031816907099996285925820799813876214002601003591767104E-8,2.5663993751590943678338466675708627760240031816907100010788852556159144674331026821027595854058E-8,"[0,""7016698616749247605850766506655669311909748871563227938489615898701204123696721289290861443"",-327,302]","[0,""7016698616749247605850766506655669311909748871563227942454808025374906281249731290566380113"",-327,302]",5.6510794367148235e-55,2.333090341053722e-08,4.4721359549995795e-09,True,CERTIFIED_GLOBAL
mixed,preserving,3,8,3.1622776601683795e-05,0.1,0.5773502691896257,1.4431924255946488e-07,1.443192425594649e-07,1.4431924255946489735954332831397838690336052659492530420578507337949371535450630673049328711504E-7,1.4431924255946489735954332831397838690336052659492530428734102377449880734688063658764256147904E-7,"[0,""2466112249127538262833713797854737092894961967265762046282904873264440215783319065048719245"",-323,301]","[0,""2466112249127538262833713797854737092894961967265762047676524495231957833805417703225627315"",-323,301]",5.6510794367148235e-55,1.3119931141769537e-07,2.5148668593658707e-08,True,CERTIFIED_GLOBAL
mixed,preserving,4,8,0.0001,0.1,0.5773502691896257,8.115667411135692e-07,8.115667411135693e-07,8.1156674111356916776644620052290987560620666718860028204566815009502822258785854327893412349115E-7,8.1156674111356916776644620052290987560620666718860028250429096231788359229949988140280003029035E-7,"[0,""6933984151212660797411300898750242926550378729198920902945166727449107964698645677296617159"",-322,302]","[0,""6933984151212660797411300898750242926550378729198920906863616252591543853404981250778485919"",-322,302]",5.6510794367148235e-55,7.37787946466881e-07,1.4142135623730952e-07,True,CERTIFIED_GLOBAL
mixed,preserving,5,8,0.00031622776601683794,0.1,0.5773502691896257,4.563775166782174e-06,4.563775166782175e-06,0.0000045637751667821744413102584179479202380927355669092327029461715752648151745877853120266872509629,0.0000045637751667821744413102584179479202380927355669092327055251971751440663190055462035831792115783,"[0,""4874082295552256920310403293539115004594504569215556102744655715153199956652311046547663201"",-319,302]","[0,""4874082295552256920310403293539115004594504569215556105499038338478314300486771717706821325"",-319,302]",5.6510794367148235e-55,4.148886515256522e-06,7.952707287670506e-07,True,CERTIFIED_GLOBAL
mixed,preserving,6,8,0.001,0.1,0.5773502691896257,2.5663993751590943e-05,2.5663993751590946e-05,0.000025663993751590943678338466675708627760240031816907099996285925820799813876214002601003591752386,0.000025663993751590943678338466675708627760240031816907100010788852556159144674331026821027595864914,"[0,""3426122371459593557544319583327963531205932066192982391840632763037697326023789692036553437"",-316,301]","[0,""3426122371459593557544319583327963531205932066192982393776761731140090957641470356721865291"",-316,301]",5.6510794367148235e-55,2.333090341053722e-05,4.472135954999579e-06,True,CERTIFIED_GLOBAL
mixed,preserving,7,8,0.0031622776601683794,0.1,0.5773502691896257,0.00014431924255946488,0.0001443192425594649,0.00014431924255946489735954332831397838690336052659492530420578507337949371535450630673049328704341,0.00014431924255946489735954332831397838690336052659492530428734102377449880734688063658764256155067,"[0,""4816625486577223169597097261435033384560472592315941496646298580594609796451795048923279773"",-314,302]","[0,""602078185822152896199637157679379173070059074039492687421026488093739705518900806451569169"",-311,299]",5.6510794367148235e-55,0.00013119931141769537,2.514866859365871e-05,True,CERTIFIED_GLOBAL
mixed,preserving,8,8,0.01,0.1,0.5773502691896257,0.0008115667411135691,0.0008115667411135692,0.00081156674111356916776644620052290987560620666718860028204566815009502822258785854327893412273178,0.00081156674111356916776644620052290987560620666718860028250429096231788359229949988140280003049728,"[0,""846433612208576757496496691741973013494919278466665149285298672784314937097002646154372211"",-309,299]","[0,""6771468897668614059971973533935784107959354227733321198109000246671429544340802002713365157"",-312,302]",5.6510794367148235e-55,0.000737787946466881,0.0001414213562373095,True,CERTIFIED_GLOBAL
mixed,preserving,9,8,0.03162277660168379,0.1,0.5773502691896257,0.004563775166782174,0.004563775166782175,0.0045637751667821744413102584179479202380927355669092327029461715752648151745877853120266872473899,0.0045637751667821744413102584179479202380927355669092327055251971751440663190055462035831792123498,"[0,""4759845991750250898740628216346791996674320868374566506586577846829296832668272506394202341"",-309,302]","[0,""4759845991750250898740628216346791996674320868374566509276404627420228809069113005573067701"",-309,302]",5.6510794367148235e-55,0.004148886515256522,0.0007952707287670507,True,CERTIFIED_GLOBAL
mixed,preserving,10,8,0.1,0.1,0.5773502691896257,0.025663993751590942,0.025663993751590945,0.025663993751590943678338466675708627760240031816907099996285925820799813876214002601003591734588,0.025663993751590943678338466675708627760240031816907100010788852556159144674331026821027595878397,"[0,""6691645256757018667078749186187428771886586066783168734063735865308002589890214242258893427"",-307,302]","[0,""3345822628378509333539374593093714385943293033391584368922618878066495075821748395236196575"",-306,301]",5.6510794367148235e-55,0.023330903410537222,0.00447213595499958,True,CERTIFIED_GLOBAL
mixed,preserving,11,8,0.25,0.1,0.5773502691896257,0.10144584263919613,0.10144584263919615,0.10144584263919614597080577506536373445077583339857503525570851876187852782348231790986676556487,0.10144584263919614597080577506536373445077583339857503531303637028973544903743748517535000370274,"[0,""6612762595379505917941380404234164167929056863020821478791395881127460446070333173081032913"",-305,302]","[0,""3306381297689752958970690202117082083964528431510410741264160276695033957197657227887385327"",-304,301]",5.6510794367148235e-55,0.09222349330836013,0.017677669529663688,True,CERTIFIED_GLOBAL
mixed,cross,0,0,1e-06,0.0,0.5773502691896257,7.37787946466881e-10,7.377879464668811e-10,7.3778794646688106160586018229355443236927878835327298367788013645002565689805322116266738572804E-10,7.3778794646688106160586018229355443236927878835327298409480996574353053845409080127527275411780E-10,"[0,""6454908882583422415044701927563862506170534380636086367832591571734442323501284703228850889"",-332,302]","[0,""50428975645182987617536733809092675829457299848719424777189936382483955297490772732934443"",-325,295]",5.6510794367148235e-55,7.377879464668811e-10,0.0,True,CERTIFIED_GLOBAL
mixed,cross,1,0,3.162277660168379e-06,0.0,0.5773502691896257,4.1488865152565215e-09,4.148886515256522e-09,4.1488865152565222193729621981344729437206686971902115481328832502407410678070775563878975043467E-9,4.1488865152565222193729621981344729437206686971902115504774519774036966536414056396210720079488E-9,"[0,""1134331879692161610544966584678194037432902881562893056638756239162926535366356025378365255"",-327,300]","[0,""4537327518768646442179866338712776149731611526251572229119104780547085312453140217210713667"",-329,302]",5.6510794367148235e-55,4.148886515256522e-09,0.0,True,CERTIFIED_GLOBAL
mixed,cross,2,0,1e-05,0.0,0.5773502691896257,2.333090341053722e-08,2.3330903410537223e-08,2.3330903410537221525762242432462388872945483469915545451169023473454376251103638728185083428963E-8,2.3330903410537221525762242432462388872945483469915545464353502323781040613028206200934178044489E-8,"[0,""6378816924317497823500696824232426647190680792330207216808741726092003748815201172082601313"",-327,302]","[0,""1594704231079374455875174206058106661797670198082551805103365460312478700284029838765086389"",-325,300]",5.6510794367148235e-55,2.333090341053722e-08,0.0,True,CERTIFIED_GLOBAL
mixed,cross,3,0,3.1622776601683795e-05,0.0,0.5773502691896257,1.3119931141769534e-07,1.3119931141769537e-07,1.3119931141769536123594848028543489718487320599538664018707733943590337759500573339135753377287E-7,1.3119931141769536123594848028543489718487320599538664026121911252227164304261876053422051040889E-7,"[0,""280240028309947529867467477028947396919882041734745687077602826507322751793558984664627187"",-320,298]","[0,""2241920226479580238939739816231579175359056333877965497887749541119961667095834275659661195"",-323,301]",5.6510794367148235e-55,1.3119931141769537e-07,0.0,True,CERTIFIED_GLOBAL
mixed,cross,4,0,0.0001,0.0,0.5773502691896257,7.37787946466881e-07,7.377879464668811e-07,7.3778794646688106160586018229355443236927878835327298367788013645002565689805322116266738510900E-7,7.3778794646688106160586018229355443236927878835327298409480996574353053845409080127527275458596E-7,"[0,""6303621955647873452192091726136584478682162481089928093586515206771916331544223342996924691"",-322,302]","[0,""6303621955647873452192091726136584478682162481089928097148742047810494412186346591616805379"",-322,302]",5.6510794367148235e-55,7.37787946466881e-07,0.0,True,CERTIFIED_GLOBAL
mixed,cross,5,0,0.00031622776601683794,0.0,0.5773502691896257,4.148886515256522e-06,4.148886515256523e-06,0.0000041488865152565222193729621981344729437206686971902115481328832502407410678070775563878975012159,0.0000041488865152565222193729621981344729437206686971902115504774519774036966536414056396210720094191,"[0,""2215491952523753145595637860699597729361138440552525501247570779615090889387414112067119637"",-318,301]","[0,""4430983905047506291191275721399195458722276881105051004999125762253013000442519743369837567"",-319,302]",5.6510794367148235e-55,4.148886515256522e-06,0.0,True,CERTIFIED_GLOBAL
mixed,cross,6,0,0.001,0.0,0.5773502691896257,2.333090341053722e-05,2.3330903410537224e-05,0.000023330903410537221525762242432462388872945483469915545451169023473454376251103638728185083415006,0.000023330903410537221525762242432462388872945483469915545464353502323781040613028206200934178051862,"[0,""6229313402653806468262399242414479147647149211259967985164786841886722410952344894611915341"",-317,302]","[0,""6229313402653806468262399242414479147647149211259967988685021329345619922984491557676118709"",-317,302]",5.6510794367148235e-55,2.333090341053722e-05,0.0,True,CERTIFIED_GLOBAL
mixed,cross,7,0,0.0031622776601683794,0.0,0.5773502691896257,0.00013119931141769534,0.00013119931141769537,0.00013119931141769536123594848028543489718487320599538664018707733943590337759500573339135753368672,0.00013119931141769536123594848028543489718487320599538664026121911252227164304261876053422051045430,"[0,""2189375221171465077089589664288651538436578451052700680293772082088458998387179567692399897"",-313,301]","[0,""4378750442342930154179179328577303076873156902105401363062010822499925131046551319647775773"",-314,302]",5.6510794367148235e-55,0.00013119931141769537,0.0,True,CERTIFIED_GLOBAL
mixed,cross,8,0,0.01,0.0,0.5773502691896257,0.000737787946466881,0.0007377879464668812,0.00073778794646688106160586018229355443236927878835327298367788013645002565689805322116266738444326,0.00073778794646688106160586018229355443236927878835327298409480996574353053845409080127527275483409,"[0,""6155880816062376418156339576305258279963049297939382903893081256613199542523655608395434263"",-312,302]","[0,""6155880816062376418156339576305258279963049297939382907371818406064935949400729093375786505"",-312,302]",5.6510794367148235e-55,0.000737787946466881,0.0,True,CERTIFIED_GLOBAL
mixed,cross,9,0,0.03162277660168379,0.0,0.5773502691896257,0.0041488865152565215,0.004148886515256522,0.0041488865152565222193729621981344729437206686971902115481328832502407410678070775563878974983245,0.0041488865152565222193729621981344729437206686971902115504774519774036966536414056396210720103555,"[0,""2163566359886477681245740098339450907579236758352075684812080839467862196667396593815546519"",-308,301]","[0,""540891589971619420311435024584862726894809189588018921508682344025026001030581023360575875"",-306,299]",5.6510794367148235e-55,0.004148886515256522,0.0,True,CERTIFIED_GLOBAL
mixed,cross,10,0,0.1,0.0,0.5773502691896257,0.02333090341053722,0.023330903410537222,0.023330903410537221525762242432462388872945483469915545451169023473454376251103638728185083398916,0.023330903410537221525762242432462388872945483469915545464353502323781040613028206200934178064297,"[0,""6083313869779107879162499260170389792624169151621062485512487150280002354445649311144448571"",-307,302]","[0,""760414233722388484895312407521298724078021143952632811118777017742385244504942817099135585"",-304,299]",5.6510794367148235e-55,0.023330903410537222,0.0,True,CERTIFIED_GLOBAL
mixed,cross,11,0,0.25,0.0,0.5773502691896257,0.09222349330836012,0.09222349330836013,0.092223493308360132700732522786694304046159848544159122959735017056253207112256652645333423247769,0.092223493308360132700732522786694304046159848544159123011851245717941317306761350159409094250111,"[0,""6011602359435914470855800367485603789026415330018928617083087164661327678245757430073666285"",-305,302]","[0,""3005801179717957235427900183742801894513207665009464310240145706086394506543324752624895751"",-304,301]",5.6510794367148235e-55,0.09222349330836013,0.0,True,CERTIFIED_GLOBAL
mixed,cross,0,1,1e-06,1e-08,0.580664479452117,7.505851624113028e-10,7.505851624113029e-10,7.5058516241130280758373269374776648988549386056541594086048733919996965724602597073497339132866E-10,7.5058516241130280758373269374776648988549386056541594128222802484662671875306208854008965932198E-10,"[0,""205214742561937098011984170046833086678883414157875047278249243106173110480675422190205067"",-327,297]","[0,""205214742561937098011984170046833086678883414157875047393555820650064991957593516481666685"",-327,297]",5.6188252415194056e-55,7.377879464668811e-10,1.681792830507429e-11,True,CERTIFIED_GLOBAL
mixed,cross,1,1,3.162277660168379e-06,1e-08,0.578402439147056,4.171621244342827e-09,4.1716212443428275e-09,4.1716212443428273324343782712956307121488483099038004036349623559762582204050592335372621584775E-9,4.1716212443428273324343782712956307121488483099038004059880902909699311240407870154668272485439E-9,"[0,""4562190795104529582680086052879676473219678027650643841327196310866335403297238009623013013"",-329,302]","[0,""2281095397552264791340043026439838236609839013825321921950318350763683508291247996779672925"",-328,301]",5.640799576866597e-55,4.148886515256522e-09,2.990697562442441e-11,True,CERTIFIED_GLOBAL
mixed,cross,2,1,1e-05,1e-08,0.5776834081577041,2.3371319467992672e-08,2.3371319467992675e-08,2.3371319467992672449724755082675966166649629220900212480461366724715989296496706968284638237346E-8,2.3371319467992672449724755082675966166649629220900212493661068602417256001675181378525793266057E-8,"[0,""6389866930687786184264098947571394102031652231131011393886513359577395566960478613402494791"",-327,302]","[0,""6389866930687786184264098947571394102031652231131011397495395546942617945088092687128338267"",-327,302]",5.647820567331867e-55,2.333090341053722e-08,5.3182958969449887e-11,True,CERTIFIED_GLOBAL
mixed,cross,3,1,3.1622776601683795e-05,1e-08,0.5774556571630454,1.312711750555717e-07,1.3127117505557172e-07,1.3127117505557172357902745882065333394047696237281452648476684539997788913352975713624422724956E-7,1.3127117505557172357902745882065333394047696237281452655893569061641996427961279835372867137455E-7,"[0,""4486296449740888875422789184148629031676249201182473193248268820165164529137975644166028129"",-324,302]","[0,""4486296449740888875422789184148629031676249201182473195783047889789882588337117884597568221"",-324,302]",5.650048092054008e-55,1.3119931141769537e-07,9.457416090031758e-11,True,CERTIFIED_GLOBAL
mixed,cross,4,1,0.0001,1e-08,0.5773835985574804,7.379157343231716e-07,7.379157343231717e-07,7.3791573432317165537497280003937863525420387440019673680084672533081249453825753217936105341907E-7,7.3791573432317165537497280003937863525420387440019673721782469718679886914438983503113601767926E-7,"[0,""6304713768465412782626259681579597568724697103640599141609393105826583457524045329961743061"",-322,302]","[0,""6304713768465412782626259681579597568724697103640599145172031274422507464380674468734431413"",-322,302]",5.6507532291399824e-55,7.37787946466881e-07,1.6817928305074292e-10,True,CERTIFIED_GLOBAL
mixed,cross,5,1,0.00031622776601683794,1e-08,0.5773608078815752,4.1491137454938295e-06,4.14911374549383e-06,0.0000041491137454938298664114072853445777436619602585597079283441012590448046121264580023443877194260,0.0000041491137454938298664114072853445777436619602585597079306887555975592157255114450075628588852650,"[0,""4431226585468035474189793960604027596236392836422605800578676935925593294673292397493938807"",-319,302]","[0,""2215613292734017737094896980302013798118196418211302901541376285658421427066495863891223583"",-318,301]",5.650976286347505e-55,4.148886515256522e-06,2.990697562442441e-10,True,CERTIFIED_GLOBAL
mixed,cross,6,1,0.001,1e-08,0.5773536004626927,2.3331307431657725e-05,2.3331307431657728e-05,0.000023331307431657727691918653109130864285658866251237753660077733208307518009637553552367909032910,0.000023331307431657727691918653109130864285658866251237753673262364299801003362708911568769519125731,"[0,""3114710637819130697298138599330264394812477840251599553757262237616691071859065361841660299"",-316,301]","[0,""1557355318909565348649069299665132197406238920125799777758699902709278136115096703446385791"",-315,300]",5.6510468305790504e-55,2.333090341053722e-05,5.318295896944989e-10,True,CERTIFIED_GLOBAL
mixed,cross,7,1,0.0031622776601683794,1e-08,0.5773513212396736,0.00013120002956103812,0.00013120002956103815,0.00013120002956103814055531993632437017632180522769239137977543423637238975605677404224232586270490,0.00013120002956103814055531993632437017632180522769239137984957628018668142589109940310332103961880,"[0,""4378774410231525615624312528382881548781126568113296684872830108331941818866243161189873629"",-314,302]","[0,""2189387205115762807812156264191440774390563284056648343673652901072276457500107673221865037"",-313,301]",5.651069139416512e-55,0.00013119931141769537,9.457416090031758e-10,True,CERTIFIED_GLOBAL
mixed,cross,8,1,0.01,1e-08,0.5773506004835884,0.0007377892217207878,0.0007377892217207879,0.00073778922172078784975205132846488787401731440252403467617286171005472504788117247931398309433944,0.00073778922172078784975205132846488787401731440252403467658979202078635715378909383369356456132439,"[0,""6155891456397581132894372184503686777115140415664277717682099497874652232044618038495013481"",-312,302]","[0,""3077945728198790566447186092251843388557570207832138860580420332150691095354176679596986935"",-311,301]",5.65107619435266e-55,0.000737787946466881,1.681792830507429e-09,True,CERTIFIED_GLOBAL
mixed,cross,9,1,0.03162277660168379,1e-08,0.5773503725639962,0.004148888772597934,0.004148888772597935,0.0041488887725979347470673437755407745087048484520067395190470660661861196028980185226873164494780,0.0041488887725979347470673437755407745087048484520067395213916356496271685895143757171821326975815,"[0,""4327135074095217475064841376491609560945368628800071258011229737049912999249645923485082543"",-309,302]","[0,""1081783768523804368766210344122902390236342157200017815114131925845067250115144101462689891"",-307,300]",5.651078425929784e-55,0.004148886515256522,2.990697562442441e-09,True,CERTIFIED_GLOBAL
mixed,cross,10,1,0.1,1e-08,0.5773503005004207,0.02333090736133869,0.023330907361338693,0.023330907361338691245494415410969687594541882947308016734562733740682379016100340192217285629208,0.023330907361338691245494415410969687594541882947308016747747214116404988372750853651341292625918,"[0,""6083314899913473213467420178192891436147119943760402613898496989663481716018322901323798009"",-307,302]","[0,""1520828724978368303366855044548222859036779985940100654334056594763805708890977292092600981"",-305,300]",5.6510791335833e-55,0.023330903410537222,5.318295896944989e-09,True,CERTIFIED_GLOBAL
mixed,cross,11,1,0.25,1e-08,0.5773502805203681,0.09222349929230911,0.09222349929230912,0.092223499292309115333319251723173903102075385109138982167986687358149938463873544225488132131534,0.092223499292309115333319251723173903102075385109138982220102918458932709342262212104639071463488,"[0,""6011602749500533932383033404752495857310076556010167908007795160336077415138592655916076395"",-305,302]","[0,""6011602749500533932383033404752495857310076556010167911404999566840293101929169151373515319"",-305,302]",5.651079334519347e-55,0.09222349330836013,8.408964152537145e-09,True,CERTIFIED_GLOBAL
mixed,cross,0,2,1e-06,1e-07,0.6088745773004419,8.673372690483352e-10,8.673372690483353e-10,8.6733726904833521119475567780996173254196738849444656548834169128455002252410528519739548023549E-10,8.6733726904833521119475567780996173254196738849444656595310405515890636118534833973966922655095E-10,"[0,""1897084070357289405797949928390121946526331042358596112052269071596553864569722170979927289"",-330,300]","[0,""7588336281429157623191799713560487786105324169434384452275283555330422737014752397551482423"",-332,302]",5.3584964057212205e-55,7.377879464668811e-10,1.6817928305074292e-10,True,CERTIFIED_GLOBAL
mixed,cross,1,2,3.162277660168379e-06,1e-07,0.5877025763031644,4.377151974126968e-09,4.377151974126969e-09,4.3771519741269684439487842210343532786006791457597063966534864345309507373668363436138023330370E-9,4.3771519741269684439487842210343532786006791457597063990834782778158691665923957179918953300647E-9,"[0,""4786964413947301593742093173377688822774420589414953377040490239211410705996523501684020927"",-329,302]","[0,""2393482206973650796871046586688844411387210294707476689848995474716141593504400584308440489"",-328,301]",5.551536381757878e-55,4.148886515256522e-09,2.990697562442441e-10,True,CERTIFIED_GLOBAL
mixed,cross,2,2,1e-05,1e-07,0.5806644611868018,2.3735586162677375e-08,2.3735586162677378e-08,2.3735586162677377763835948539155313425941778209397409290785061998405616252308774611989918577258E-8,2.3735586162677377763835948539155313425941778209397409304121673483239172794387480069073707007329E-8,"[0,""1622364938670803852803719647536553902400254551515842835034827935277598593219025738435733123"",-325,300]","[0,""6489459754683215411214878590146215609601018206063371343785625883154349046564168251751438527"",-327,302]",5.618825418267734e-55,2.333090341053722e-08,5.318295896944989e-10,True,CERTIFIED_GLOBAL
mixed,cross,3,2,3.1622776601683795e-05,1e-07,0.5784024208094672,1.3191824249040426e-07,1.319182424904043e-07,1.3191824249040428120628280818095602933274440963893535867233070224350576448974371653218591024902E-7,1.3191824249040428120628280818095602933274440963893535874674314124488731442071723952929382846882E-7,"[0,""2254205246087795969010871190881529416941329699986423624013484344292378145044124986803209685"",-323,301]","[0,""4508410492175591938021742381763058833882659399972847250570072768876060339252112372404503207"",-324,302]",5.6407997557118985e-55,1.3119931141769537e-07,9.457416090031758e-10,True,CERTIFIED_GLOBAL
mixed,cross,4,2,0.0001,1e-07,0.5776833897973426,7.390659909239534e-07,7.390659909239535e-07,7.3906599092395344451665081717452329865090948080113999994518415539017236065294857386429174370384E-7,7.3906599092395344451665081717452329865090948080114000036259537907461102778435500751839061716965E-7,"[0,""1578635375303605551028294318167619260142976187233157771827911683981363441953359752172596049"",-320,300]","[0,""3157270750607211102056588636335238520285952374466315545438993292838415141189135569198881289"",-321,301]",5.647820746867358e-55,7.37787946466881e-07,1.681792830507429e-09,True,CERTIFIED_GLOBAL
mixed,cross,5,2,0.00031622776601683794,1e-07,0.5774556387958791,4.151158910927781e-06,4.151158910927782e-06,0.0000041511589109277811216952790529916326677362692317735817576733557170213079183415788117243559857713,0.0000041511589109277811216952790529916326677362692317735817600187805401148165531941607280092150493939,"[0,""34636021944489470281078924852856596352956518150412122388450632922769659025776897006195269"",-312,295]","[0,""4433410808894652195978102381165644333178434323252751668226579522041930557195460994473260089"",-319,302]",5.650048271867549e-55,4.148886515256522e-06,2.990697562442441e-09,True,CERTIFIED_GLOBAL
mixed,cross,6,2,0.001,1e-07,0.5773835801894294,2.3334943674169772e-05,2.3334943674169776e-05,0.000023334943674169774712175881316319478989575159438117287573084027518295610005074650434554168397937,0.000023334943674169774712175881316319478989575159438117287586270028770391344057805765353736178247331,"[0,""1557598036624102752366919278344046871426604507521951464061952114351519779567591107113328961"",-315,300]","[0,""1557598036624102752366919278344046871426604507521951464942112355917562780035403908331308853"",-315,300]",5.650753409227963e-55,2.333090341053722e-05,5.318295896944989e-09,True,CERTIFIED_GLOBAL
mixed,cross,7,2,0.0031622776601683794,1e-07,0.5773607895172395,0.0001312064928805283,0.00013120649288052833,0.00013120649288052832472934745132674604203686338604021170318451133524326698388882179366586207222003,0.00013120649288052832472934745132674604203686338604021170325865581560328776368748997331089690819676,"[0,""4378990122210276370961331382066227735461202859682318810467565340217761899091780839789638163"",-314,302]","[0,""4378990122210276370961331382066227735461202859682318812942122353250526234998467511192935423"",-314,302]",5.650976467112336e-55,0.00013119931141769537,9.457416090031757e-09,True,CERTIFIED_GLOBAL
mixed,cross,8,2,0.01,1e-07,0.5773535821120392,0.0007378006990223466,0.0007378006990223467,0.00073780069902234660116634749912439504557260647640953154468422749647249453566259968049123862429562,0.00073780069902234660116634749912439504557260647640953154510116214014410876611561287885804155185548,"[0,""1538996804887810173725984331726366792784265381490766168767314969103769517914584766959438151"",-310,300]","[0,""96187300305488135857874020732897924549016586343172885602313081181099371165200100470278655"",-306,296]",5.651047013429111e-55,0.000737787946466881,1.681792830507429e-08,True,CERTIFIED_GLOBAL
mixed,cross,9,2,0.03162277660168379,1e-07,0.5773513029316331,0.004148909088679625,0.004148909088679626,0.0041489090886796255411223908534319167237381089722921344311650774066568212072640793862455888512338,0.0041489090886796255411223908534319167237381089722921344335096546965988973200211359858627340202399,"[0,""4327156263004940251561374310004913080053546948852052197400391177427146525015322806200666675"",-309,302]","[0,""1081789065751235062890343577501228270013386737213013049961424295337115652627649672633181057"",-307,300]",5.65106932889732e-55,0.004148886515256522,2.990697562442441e-08,True,CERTIFIED_GLOBAL
mixed,cross,10,2,0.1,1e-07,0.5773505822974138,0.023330942918556547,0.02333094291855655,0.023330942918556550467546484725734171163233859820172670506460246468855028862635042664959716403128,0.023330942918556550467546484725734171163233859820172670519644740573140104856337194293029495494174,"[0,""1520831042780992226516233542630973217145006229366259468570015309047747860258606039211472103"",-305,300]","[0,""760415521390496113258116771315486608572503114683129734714724275647051936392294120221500847"",-304,299]",5.651076405402641e-55,0.023330903410537222,5.318295896944989e-08,True,CERTIFIED_GLOBAL
mixed,cross,11,2,0.25,1e-07,0.5773503824970264,0.09222355314785236,0.09222355314785237,0.092223553147852356662605624457927275299623683642696868280382207471504561243237179442048239241896,0.092223553147852356662605624457927275299623683642696868332498460524138730684253677903230702115377,"[0,""3005803130041132688196897283504454980216356745095174647154340264151579804508260847955732779"",-304,301]","[0,""6011606260082265376393794567008909960432713490190349297705886365742128768465544292045720549"",-305,302]",5.651078414760451e-55,0.09222349330836013,8.408964152537146e-08,True,CERTIFIED_GLOBAL
mixed,cross,0,3,1e-06,1e-06,0.7892014036237647,2.142860076238403e-09,2.1428600762384033e-09,2.1428600762384031612108965859036574968341711229694394942777271698159815814172323635695285425275E-9,2.1428600762384031612108965859036574968341711229694394951636109483784307202936086423469686922844E-9,"[0,""1171743063715256875729715291738642612023719836413650099042490815666330421212126099843703999"",-328,300]","[0,""4686972254861027502918861166954570448094879345654600398107613199399551805291601896492818409"",-330,302]",4.13411864071656e-55,7.377879464668811e-10,1.681792830507429e-09,False,CERTIFIED_GLOBAL
mixed,cross,1,3,3.162277660168379e-06,1e-06,0.6666664972676892,6.511716404777402e-09,6.511716404777403e-09,6.5117164047774020971792035541316943794754910370776072221540529329498432845748843790784808783023E-9,6.5117164047774020971792035541316943794754910370776072253408736540039070009312080697859099152689E-9,"[0,""7121378212965400694483538301244888782679534075597139909342632602921007666682590574062896367"",-329,302]","[0,""445086138310337543405221143827805548917470879724821244551738785553782402047824635536998343"",-325,298]",4.893979594559758e-55,4.148886515256522e-09,2.990697562442441e-09,False,CERTIFIED_GLOBAL
mixed,cross,2,3,1e-05,1e-06,0.6088744039660351,2.742760465725158e-08,2.7427604657251584e-08,2.7427604657251583689143782965667486990622278292168287623112413946218848946303205979314800156930E-8,2.7427604657251583689143782965667486990622278292168287637809490227606472488816047540784403368047E-8,"[0,""7498881020704429972228637143445803550965087395657110794351447914196703732749169902852423207"",-327,302]","[0,""7498881020704429972228637143445803550965087395657110798369721757778740395216599856773275031"",-327,302]",5.358497931208099e-55,2.333090341053722e-08,5.318295896944989e-09,True,CERTIFIED_GLOBAL
mixed,cross,3,3,3.1622776601683795e-05,1e-06,0.5877023959233133,1.3841765615289234e-07,1.3841765615289237e-07,1.3841765615289234850331102219438840644958753976045702658832585099360092866429027511607057872440E-7,1.3841765615289234850331102219438840644958753976045702666516893998098608170981781826934733369588E-7,"[0,""1182633276340544997145839495498694221161459328902283514511374780517518524337489598186830055"",-322,300]","[0,""591316638170272498572919747749347110580729664451141757583959074013102343903941685666769207"",-321,299]",5.551538085755937e-55,1.3119931141769537e-07,9.457416090031757e-09,True,CERTIFIED_GLOBAL
mixed,cross,4,3,0.0001,1e-06,0.5806642785355903,7.505849019217069e-07,7.50584901921707e-07,7.5058490192170694064363088761960517826815523062840624242144938595533238224146999196434410340141E-7,7.5058490192170694064363088761960517826815523062840624284319007118879776058440062952995186358563E-7,"[0,""3206479239725467628314977112302665075059847031706980779170091898841229701803278467224576831"",-321,301]","[0,""6412958479450935256629954224605330150119694063413961561943514342398792385404769500450797431"",-322,302]",5.618827186021081e-55,7.37787946466881e-07,1.681792830507429e-08,True,CERTIFIED_GLOBAL
mixed,cross,5,3,0.00031622776601683794,1e-06,0.5784022374395317,4.17161978776138e-06,4.171619787761381e-06,0.0000041716197877613807805039045258794047463550690200280933239008518155250865319707879970800499810717,0.0000041716197877613807805039045258794047463550690200280933262539797499309279657442736686988394396791,"[0,""4455262892724723871661278485607735371571678068195446652301641286269385495584271260288078563"",-319,302]","[0,""139226965397647620989414952675241730361614939631107707962961458348328093155222339210183227"",-314,297]",5.640801545024318e-55,4.148886515256522e-06,2.990697562442441e-08,True,CERTIFIED_GLOBAL
mixed,cross,6,3,0.001,1e-06,0.5776832062123537,2.3371311287115954e-05,2.3371311287115957e-05,0.000023371311287115954728716227786968321678783712233779587490757098033090016734577226184233820372141,0.000023371311287115954728716227786968321678783712233779587503956799912322358494809334087341603721429,"[0,""3120051120109482377830153713741105103383996070810000444216541916283818305160298789978615625"",-316,301]","[0,""1560025560054741188915076856870552551691998035405000222989345711018820286884475638004634039"",-315,300]",5.647822544945958e-55,2.333090341053722e-05,5.318295896944989e-08,True,CERTIFIED_GLOBAL
mixed,cross,7,3,0.0031622776601683794,1e-06,0.5774554551827918,0.000131271128986099,0.00013127112898609903,0.00013127112898609903301051447831571776601836084321554777942973751520654967995757046460910273057726,0.00013127112898609903301051447831571776601836084321554777950390636047149089482360159380004983146537,"[0,""4381147339140767749174561360232618247389662793280499868617641605385113465611865835879133065"",-314,302]","[0,""2190573669570383874587280680116309123694831396640249935546505896092075579642435914556066363"",-313,301]",5.650050078627367e-55,0.00013119931141769537,9.457416090031757e-08,True,CERTIFIED_GLOBAL
mixed,cross,8,3,0.01,1e-06,0.577383396692526,0.000737915473661224,0.0007379154736612241,0.00073791547366122407732093204866609233487923896549490598764535743254629110232247130112149755583373,0.00073791547366122407732093204866609233487923896549490598806233540530463563599999886283798925565597,"[0,""6156944864632079730614327049794242479286559165239580128397390608823299406942503914188770483"",-312,302]","[0,""6156944864632079730614327049794242479286559165239580131876529452871761638380456740786171129"",-312,302]",5.65075523744578e-55,0.000737787946466881,1.6817928305074292e-07,True,CERTIFIED_GLOBAL
mixed,cross,9,3,0.03162277660168379,1e-06,0.5773606064399381,0.004149112250385346,0.004149112250385347,0.0041491122503853463516431823626557485467360472393319834293917299985522976258140509479275211414205,0.0041491122503853463516431823626557485467360472393319834317363843533251166717573632926993505961450,"[0,""1081842038257291609553582972814902392259074085459966192877421850739959688506587552298174577"",-307,300]","[0,""4327368153029166438214331891259609569036296341839864773955073782603514382726383293157114623"",-309,302]",5.650978361829234e-55,0.004148886515256522,2.990697562442441e-07,True,CERTIFIED_GLOBAL
mixed,cross,10,3,0.1,1e-06,0.5773534002513311,0.02333129849119368,0.023331298491193683,0.023331298491193683172319436061489836665911214051352224323883593208788293808527605509967074977616,0.023331298491193683172319436061489836665911214051352224337068224598595244010554317945997675277093,"[0,""760427110418560744413452250535566583175601750020524341111115259836404173277386050587717673"",-304,299]","[0,""1520854220837121488826904501071133166351203500041048683081672710896671162837572288814935469"",-305,300]",5.651049123898287e-55,0.023330903410537222,5.318295896944988e-07,True,CERTIFIED_GLOBAL
mixed,cross,11,3,0.25,1e-06,0.5773514022613673,0.09222409170352212,0.09222409170352214,0.092224091703522135470520883866439449184086165007000974484868704283688698420361665686797983452735,0.092224091703522135470520883866439449184086165007000974536985176854782642072641781609898560994397,"[0,""6011641365915052523499842534029857810726281606515314608273320446329056049665880415140233267"",-305,302]","[0,""6011641365915052523499842534029857810726281606515314611670540593112026156412550587049923993"",-305,302]",5.6510692172101444e-55,0.09222349330836013,8.408964152537145e-07,True,CERTIFIED_GLOBAL
mixed,cross,0,4,1e-06,1e-05,0.9905134529997842,1.6900599179226085e-08,1.690059917922609e-08,1.6900599179226086449143938697245522572810930030095121129734549585546601042426926556997091580840E-8,1.6900599179226086449143938697245522572810930030095121135301437899994732123003026821758969301200E-8,"[0,""4620730975503679253993852338897546316869398235934291391059716481223673200187951112101155655"",-327,302]","[0,""2310365487751839626996926169448773158434699117967145696290869521897008743737713309303708461"",-326,301]",3.2938999708902924e-55,7.377879464668811e-10,1.681792830507429e-08,False,CERTIFIED_GLOBAL
mixed,cross,1,4,3.162277660168379e-06,1e-05,0.9328803691280562,3.121231283508316e-08,3.121231283508317e-08,3.1212312835083163842506377184505533319255235994509248681113007431405721965909616381091513553586E-8,3.1212312835083163842506377184505533319255235994509248692029189781311004116010245053072510858552E-8,"[0,""2133411058459054870370241073009854932159023682692785622414045542106278881183739345473824373"",-325,301]","[0,""2133411058459054870370241073009854932159023682692785623160183909502961714397250444433840999"",-325,301]",3.4973961742544465e-55,4.148886515256522e-09,2.990697562442441e-08,False,CERTIFIED_GLOBAL
mixed,cross,2,4,1e-05,1e-05,0.7892004050667675,6.776306683340282e-08,6.776306683340283e-08,6.7763066833402833572518101716764395099835770194515908454451727536527709151567212079864106345444E-8,6.7763066833402833572518101716764395099835770194515908482465818758077410722023860893874143717257E-8,"[0,""2315856516326250382464796218398914631327273503390271622497118061282308634522874234019377609"",-324,301]","[0,""4631713032652500764929592436797829262654547006780543246909043664079367164011301455165934831"",-325,302]",4.134123871698876e-55,2.333090341053722e-08,5.318295896944989e-08,False,CERTIFIED_GLOBAL
mixed,cross,3,4,3.1622776601683795e-05,1e-05,0.6666649726869529,2.0591803514612708e-07,2.059180351461271e-07,2.0591803514612709443999428390421849463255335135555934638301685120749819251413567865138882321428E-7,2.0591803514612709443999428390421849463255335135555934648379294790182691314291697126760476879737E-7,"[0,""7037412056550940782385428063858907021511771470875105300262795231617304742513681385869105915"",-324,302]","[0,""219919126767216899449544626995590844422242858464847040740840569022939887604270956101052587"",-319,297]",4.893990787296229e-55,1.3119931141769537e-07,9.457416090031757e-08,False,CERTIFIED_GLOBAL
mixed,cross,4,4,0.0001,1e-05,0.6088726706473572,8.673344720628316e-07,8.673344720628317e-07,8.6733447206283160942897456714305213961478106920244178004339736466976188401450744742294826616533E-7,8.6733447206283160942897456714305213961478106920244178050815968541558083421905010956120347197970E-7,"[0,""926307594066757541629949169163826388851618789029515204687175975935115978235505092732126121"",-319,299]","[0,""7410460752534060333039593353310611110812950312236121641468312975071268286629430181561216269"",-322,302]",5.358513188579349e-55,7.37787946466881e-07,1.6817928305074292e-07,True,CERTIFIED_GLOBAL
mixed,cross,5,4,0.00031622776601683794,1e-05,0.5877005921914621,4.377137055747852e-06,4.377137055747853e-06,0.0000043771370557478532585914611177322870837586223531091422467972978275480057593277300592469164686432,0.0000043771370557478532585914611177322870837586223531091422492272895970036961871913604370802140414120,"[0,""4674754002763218218048460786387845208995695682621687327311399370512726303337681257791797009"",-319,302]","[0,""584344250345402277256057598298480651124461960327710916238326853623582518012146513294158483"",-316,299]",5.551555134113834e-55,4.148886515256522e-06,2.990697562442441e-07,True,CERTIFIED_GLOBAL
mixed,cross,6,4,0.001,1e-05,0.5806624522172698,2.373550372069666e-05,2.3735503720696663e-05,0.000023735503720696661993679223678445623739101430701212119464313843680955167199966763914948407788752,0.000023735503720696661993679223678445623739101430701212119477650455061564442977033257914266401825893,"[0,""6337341029807574484173772624536703299359448462340135020775015469266130427964412431965243939"",-317,302]","[0,""6337341029807574484173772624536703299359448462340135024335869095778215846207019164884743303"",-317,302]",5.618844890567939e-55,2.333090341053722e-05,5.318295896944988e-07,True,CERTIFIED_GLOBAL
mixed,cross,7,4,0.0031622776601683794,1e-05,0.5784004043335781,0.00013191778066698966,0.0001319177806669897,0.00013191778066698968605811251451198188254713489210051242130399991781692665847509505283182896413033,0.00013191778066698968605811251451198188254713489210051242137841235709403771775490096964910513324499,"[0,""2201364604001156532517612975335533813413220517647536384969544172342001528280789710145772409"",-313,301]","[0,""2201364604001156532517612975335533813413220517647536386211294216147948094395483231129724697"",-313,301]",5.640819524166812e-55,0.00013119931141769537,9.457416090031758e-07,True,CERTIFIED_GLOBAL
mixed,cross,8,4,0.01,1e-05,0.5776813722062224,0.0007390633823009309,0.000739063382300931,0.00073906338230093092927573433818406279273665772614875022907712302531717354874070646697372665285428,0.00073906338230093092927573433818406279273665772614875022949453425766928709714837895661427758417305,"[0,""1541630667303367044583363491665107401624911971248520461370366482156194440105708310678689739"",-310,300]","[0,""192703833412920880572920436458138425203113996406065057780131867514627491857039926812604343"",-307,297]",5.647840798884994e-55,0.000737787946466881,1.681792830507429e-06,True,CERTIFIED_GLOBAL
mixed,cross,9,4,0.03162277660168379,1e-05,0.5774536247201367,0.004151143956310292,0.004151143956310293,0.0041511439563102918529657169060801765717085640122704795415162160771684237352331794340209978376665,0.0041511439563102918529657169060801765717085640122704795438616410623021120020141296868580763182214,"[0,""270592946622321171809088283288674203972668083029351370148675632797894515605704928430573309"",-305,298]","[0,""4329487145957138748945412532618787263562689328469621924825000242915995548464002657176214115"",-309,302]",5.650069016682329e-55,0.004148886515256522,2.990697562442441e-06,True,CERTIFIED_GLOBAL
mixed,cross,10,4,0.1,1e-05,0.5773815781892973,0.023334854263416843,0.023334854263416846,0.023334854263416843463351776836617487655414741361974375643909927632221611647205490534143437362127,0.023334854263416843463351776836617487655414741361974375657095931866969157067678623771771336160032,"[0,""6084344017549091186614126199413755427982174619883121979534057946359558320741282359085332745"",-307,302]","[0,""6084344017549091186614126199413755427982174619883121982972184667675351504638585014631758327"",-307,302]",5.650776339074836e-55,0.023330903410537222,5.318295896944989e-06,True,CERTIFIED_GLOBAL
mixed,cross,11,4,0.25,1e-05,0.5773615996805685,0.09222947728395602,0.09222947728395603,0.092229477283956025991591458515157740089529910000036005662683396163276413312865606665196087659399,0.092229477283956025991591458515157740089529910000036005714802063913547182790941631501383088319528,"[0,""6011992425790165422149050935707463497961571802209686987655501207811983238785860722571845171"",-305,302]","[0,""6011992425790165422149050935707463497961571802209686991052864447681599570477288966428275015"",-305,302]",5.650977245572786e-55,0.09222349330836013,8.408964152537146e-06,True,CERTIFIED_GLOBAL
mixed,cross,0,5,1e-06,0.0001,0.9999000547486544,1.6818763109249418e-07,1.681876310924942e-07,1.6818763109249419336443992770806913837134356392938839225680339666871605080883936005612834344470E-7,1.6818763109249419336443992770806913837134356392938839231168265662169756855413704980532660562873E-7,"[0,""2873972796926529344371512462458523541713518369779303580177438543427431092907510216495126969"",-323,301]","[0,""2873972796926529344371512462458523541713518369779303581115209645831447855336760793063091559"",-323,301]",3.2629783531941696e-55,7.377879464668811e-10,1.6817928305074292e-07,False,CERTIFIED_GLOBAL
mixed,cross,1,5,3.162277660168379e-06,0.0001,0.9990054541919196,2.9921869666117897e-07,2.99218696661179e-07,2.9921869666117897400646659470520717694101334834725814704479431068399754451905885901461658940472E-7,2.9921869666117897400646659470520717694101334834725814714251615444663723078158541872598733120349E-7,"[0,""2556509027893718363555167950771287128904483066697536820263501119021697302975658260312421613"",-322,301]","[0,""5113018055787436727110335901542574257808966133395073642196862969269690753347078835443012725"",-323,302]",3.2659003215061546e-55,4.148886515256522e-09,2.990697562442441e-07,False,CERTIFIED_GLOBAL
mixed,cross,2,5,1e-05,0.0001,0.9905132826717757,5.344422040281464e-07,5.344422040281465e-07,5.3444220402814648747249936422098925911556036812256646141190068210632976096466693558737503314850E-7,5.3444220402814648747249936422098925911556036812256646158794062842405719399934803077770793607802E-7,"[0,""4566246477012475545875943777569206391679952842000029266070048151503335974944813969171566169"",-322,302]","[0,""4566246477012475545875943777569206391679952842000029267574124324058850971321546341348344841"",-322,302]",3.2939005376240136e-55,2.333090341053722e-08,5.318295896944988e-07,False,CERTIFIED_GLOBAL
mixed,cross,3,5,3.1622776601683795e-05,0.0001,0.93287772876154,9.870114214426351e-07,9.870114214426353e-07,9.8701142144263529993231347138599806124802260202366906123940734701626530804740086531745600522544E-7,9.8701142144263529993231347138599806124802260202366906158460532124825603234904841491915759452549E-7,"[0,""1054121800253669383167161360250100691851200234847325377824720392552789196655883663894854457"",-319,300]","[0,""4216487201014677532668645441000402767404800939389301512773558365782541915105846161131453245"",-321,302]",3.497406075883525e-55,1.3119931141769537e-07,9.457416090031758e-07,False,CERTIFIED_GLOBAL
mixed,cross,4,5,0.0001,0.0001,0.7891904196993008,2.1428188037284587e-06,2.142818803728459e-06,0.0000021428188037284588496647568277875262764871812589249585789920220432752015843031591278089870036789,0.0000021428188037284588496647568277875262764871812589249585798779010926007982873322179208004783234611,"[0,""572129148136442650564263945677661897376785356040514218134720050358124211837484179432540931"",-317,299]","[0,""4577033185091541204514111565421295179014282848324113746969986567618408694315147003552779979"",-320,302]",4.134176197185624e-55,7.37787946466881e-07,1.681792830507429e-06,False,CERTIFIED_GLOBAL
mixed,cross,5,5,0.00031622776601683794,0.0001,0.6666497278754011,6.511536179571001e-06,6.511536179571002e-06,0.0000065115361795710013220235811569272682124246075569784970637370073722758577083996895660088121911711,0.0000065115361795710013220235811569272682124246075569784970669238201059803239375349891480360670135891,"[0,""3477139215873407501364281249798173471944605671302548087036947960923272705214650443945204033"",-318,301]","[0,""3477139215873407501364281249798173471944605671302548088738695632198376546265056326495490941"",-318,301]",4.894102782846586e-55,4.148886515256522e-06,2.990697562442441e-06,False,CERTIFIED_GLOBAL
mixed,cross,6,5,0.001,0.0001,0.608855339997647,2.7426719517641175e-05,2.742671951764118e-05,0.000027426719517641176539108717702832470229654906684271669743468181960525656746770035503783660338509,0.000027426719517641176539108717702832470229654906684271669758165244932177038598353859492065072866613,"[0,""7322889665940068675062309667553074694669235755247670685108774345111904716795956504034722031"",-317,302]","[0,""1830722416485017168765577416888268673667308938811917672258216585451744855667915341064603535"",-315,300]",5.3586660126079114e-55,2.333090341053722e-05,5.318295896944989e-06,True,CERTIFIED_GLOBAL
mixed,cross,7,5,0.0031622776601683794,0.0001,0.5876825615194802,0.00013841292656202082,0.00013841292656202085,0.00013841292656202084321004896776409667808075354255159351870510393609367405203449103041349359734165,0.00013841292656202084321004896776409667808075354255159351878194700672080116159949038286672458239291,"[0,""4619503386567961001581235626124518338656865950740421487581151262067071313199169330784723785"",-314,302]","[0,""4619503386567961001581235626124518338656865950740421490145773178627983560551938164907513031"",-314,302]",5.551726456177114e-55,0.00013119931141769537,9.457416090031758e-06,True,CERTIFIED_GLOBAL
mixed,cross,8,5,0.01,0.0001,0.5806442082226263,0.000750558616197928,0.0007505586161979281,0.00075055861619792802720854721439860063489356299430225332200559695128545141980946313572797184169013,0.00075055861619792802720854721439860063489356299430225332242733768748969183692653144994586136945909,"[0,""6262435444912157254162935406477583156526871883879137850886176751695193646237986110373124061"",-312,302]","[0,""6262435444912157254162935406477583156526871883879137854405054662054560595895150769866537455"",-312,302]",5.6190246451454256e-55,0.000737787946466881,1.681792830507429e-05,True,CERTIFIED_GLOBAL
mixed,cross,9,5,0.03162277660168379,0.0001,0.5783821307163753,0.004171469888810006,0.004171469888810007,0.0041714698888100062841261813285502592311143282680358447007693567990406061303681965478308432669658,0.0041714698888100062841261813285502592311143282680358447031224862993832731566339032881676418514657,"[0,""4350686329703424648522668234419055928733814500616145051227879064288290673071803687866087495"",-309,302]","[0,""271917895606464040532666764651190995545863406288509065855131543891522363462015678849535359"",-305,298]",5.641007997336746e-55,0.004148886515256522,2.990697562442441e-05,True,CERTIFIED_GLOBAL
mixed,cross,10,5,0.1,0.0001,0.5776631975553134,0.023370416568617956,0.02337041656861796,0.023370416568617957799819024915476882967790717311381150779382331418090779412042400969593221549733,0.023370416568617957799819024915476882967790717311381150792582063075498056054082927615360388043419,"[0,""761702069315173308966102699840287872042250494466978877440038703559473015624279971182714971"",-304,299]","[0,""761702069315173308966102699840287872042250494466978877870251955785070711398694223197458069"",-304,299]",5.648051509330825e-55,0.023330903410537222,5.318295896944988e-05,True,CERTIFIED_GLOBAL
mixed,cross,11,5,0.25,0.0001,0.5774635514578532,0.09228333546145621,0.09228333546145623,0.092283335461456223385509794667579517125928525899353377816348921289795680830206954744878548375904,0.092283335461456223385509794667579517125928525899353377868489540289968218515877629366376058815316,"[0,""6015503179236172162933648908014639139032270388768978551098462008803683811112243943444912889"",-305,302]","[0,""375968948702260760183353056750914946189516899298061159656078509013632080310332873883188083"",-301,298]",5.6500579155973394e-55,0.09222349330836013,8.408964152537145e-05,True,CERTIFIED_GLOBAL
mixed,cross,0,6,1e-06,0.001,0.9999990000033787,1.6817930767996019e-06,1.681793076799602e-06,0.0000016817930767996020643777902230414761146572981222809041068659949212361652435771084434073850785231,0.0000016817930767996020643777902230414761146572981222809041074147060638604741193776189549293900496183,"[0,""7184576418290979007194187727322781443074568030634324115773858788777120608891386281436764747"",-321,302]","[0,""7184576418290979007194187727322781443074568030634324118117938562998867125112455266942156007"",-321,302]",3.262655496646998e-55,7.377879464668811e-10,1.681792830507429e-06,False,CERTIFIED_GLOBAL
mixed,cross,1,6,3.162277660168379e-06,0.001,0.9999900004828863,2.9907091720153366e-06,2.990709172015337e-06,0.0000029907091720153369212490635039360623886534079081536996943845570572127388630496411361705980504088,0.0000029907091720153369212490635039360623886534079081536996953603312106246346651699082091484663956766,"[0,""6388116019634518714965006719490630258021273612149054524162720874320968734726791941987238797"",-320,302]","[0,""399257251227157419685312919968164391126329600759315907890435113499717464927755589651769545"",-316,298]",3.262684859304975e-55,4.148886515256522e-09,2.990697562442441e-06,False,CERTIFIED_GLOBAL
mixed,cross,2,6,1e-05,0.001,0.9999000528417348,5.318542964994485e-06,5.318542964994486e-06,0.0000053185429649944851278472329331685706448405471490617726105096694357055025124394159804171665341763,0.0000053185429649944851278472329331685706448405471490617726122450984957179281614998724898564931577000,"[0,""2840084705804144729924135337718713533233090543705772052218149221005849423738861859435260553"",-318,301]","[0,""5680169411608289459848270675437427066466181087411544106289725428985174969448400223401148827"",-319,302]",3.262978359739969e-55,2.333090341053722e-08,5.318295896944989e-06,False,CERTIFIED_GLOBAL
mixed,cross,3,6,3.1622776601683795e-05,0.001,0.9990053945325826,9.462030977496872e-06,9.462030977496874e-06,0.0000094620309774968728778718419680600775660971438845388404629963269372896551699541886303289112519061,0.0000094620309774968728778718419680600775660971438845388404660865321260338546698880153367348872211629,"[0,""1263173468838461059205517863288107090570503565591213152298876761532127473204867042227829875"",-316,300]","[0,""5052693875353844236822071453152428362282014262364852610845666601501794687393488560761337493"",-318,302]",3.265900519765256e-55,1.3119931141769537e-07,9.457416090031758e-06,False,CERTIFIED_GLOBAL
mixed,cross,4,6,0.0001,0.001,0.9905115792543259,1.6900018868067604e-05,1.6900018868067608e-05,0.000016900018868067605434753401321065909025589437366717934890407869751246833052012180162547122706166,0.000016900018868067605434753401321065909025589437366717934895974577501583858051447007203914834810745,"[0,""4512277651126397310049795454246592859698482966455212676837614635482694981353471468623952943"",-317,302]","[0,""4512277651126397310049795454246592859698482966455212678323916583917737427890415031246430319"",-317,302]",3.2939062339482096e-55,7.37787946466881e-07,1.681792830507429e-05,False,CERTIFIED_GLOBAL
mixed,cross,5,6,0.00031622776601683794,0.001,0.9328513228631607,3.120933000847751e-05,3.1209330008477514e-05,0.000031209330008477508342034704093609180718474542121226245225894292153969792517413140065955402648900,0.000031209330008477508342034704093609180718474542121226245236809772035935299676622841772928864806998,"[0,""1041605067154459134020170611793545116742121208731902431529275770510521876506364686034969587"",-314,300]","[0,""4166420268617836536080682447174180466968484834927609727574310801962951823947562537771472953"",-316,302]",3.497505354648912e-55,4.148886515256522e-06,2.990697562442441e-05,False,CERTIFIED_GLOBAL
mixed,cross,6,6,0.001,0.001,0.789090586281821,6.77500109039123e-05,6.775001090391232e-05,0.000067750010903912308259444035355519596810178228703263651276390418444365294039895805945578708399312,0.000067750010903912308259444035355519596810178228703263651304403022355025366447804419362935392866304,"[0,""2261142890222765458482521541371164969449821839932417834105058369984216361414722127821069471"",-314,301]","[0,""4522285780445530916965043082742329938899643679864835670079946702329598420670666264099476137"",-315,302]",4.134701018777615e-55,2.333090341053722e-05,5.318295896944988e-05,False,CERTIFIED_GLOBAL
mixed,cross,7,6,0.0031622776601683794,0.001,0.6664973791748309,0.0002058609368737634,0.00020586093687376342,0.00020586093687376340257464759903929407903948505243544360180632852697603414418273711936939293261225,0.00020586093687376340257464759903929407903948505243544360190710218137153346891933826615804131676094,"[0,""107352610440647332005680348748282427494977367486043564311010554853986027990991111095749773"",-308,296]","[0,""6870567068201429248363542319890075359678551519106788119267975813016993203317830547269606603"",-314,302]",4.895229562532062e-55,0.00013119931141769537,9.457416090031758e-05,False,CERTIFIED_GLOBAL
mixed,cross,8,6,0.01,0.001,0.6086822852336972,0.0008670524898726926,0.0008670524898726927,0.00086705248987269268058170232388643064899128602327867065755243970838781471168582138853030023170330,0.00086705248987269268058170232388643064899128602327867065801719886218799933029149787300284809285011,"[0,""3617212652013706535451919066355764340016442182319202469930275815407374316228061653685932007"",-311,301]","[0,""226075790750856658465744941647235271251027636394950154491823821390544722470322375189489343"",-307,297]",5.360219354983043e-55,0.000737787946466881,0.0001681792830507429,True,CERTIFIED_GLOBAL
mixed,cross,9,6,0.03162277660168379,0.001,0.5875029000748864,0.004375603270413102,0.004375603270413103,0.0043756032704131024657994515601267916043230070864529044922199369020441343652971285840719999033167,0.0043756032704131024657994515601267916043230070864529044946499388112895227177520930019236726141508,"[0,""1140897443839785538251735361034519140957780974151322429519294768110908385394748024387257299"",-307,300]","[0,""4563589775359142153006941444138076563831123896605289720611579744031138137695713320148650333"",-309,302]",5.553524300698246e-55,0.004148886515256522,0.0002990697562442441,True,CERTIFIED_GLOBAL
mixed,cross,10,6,0.1,0.001,0.5804634960068452,0.023726495717353375,0.02372649571735338,0.023726495717353376440217053649331203840450803313310246385586136829517800523674257974245935171572,0.023726495717353376440217053649331203840450803313310246398923041098558325694583478496371593851037,"[0,""3093230423590076032457953291082857964197579826555637307427730766125770553221395111167931205"",-306,301]","[0,""6186460847180152064915906582165715928395159653111274618332934019799002442374172177054830113"",-307,302]",5.621101585299011e-55,0.023330903410537222,0.0005318295896944989,True,CERTIFIED_GLOBAL
mixed,cross,11,6,0.25,0.001,0.5784808338165746,0.09282215410474429,0.0928221541047443,0.092822154104744297384777162173022885396260370499829122606530574604002404141413121870895936863420,0.092822154104744297384777162173022885396260370499829122658890652140925094316197761414225853207457,"[0,""6050626153991293603172360166751282333078988970530809038890961758523410961019069742206155117"",-305,302]","[0,""6050626153991293603172360166751282333078988970530809042304061331847401541139891085651827105"",-305,302]",5.6409030841750825e-55,0.09222349330836013,0.0008408964152537145,True,CERTIFIED_GLOBAL
mixed,cross,0,7,1e-06,0.01,0.9999999899999793,1.681792244312739e-05,1.6817922443127394e-05,0.000016817922443127393970494556951446539372449663634455868159448323416168420057559704893041975535786,0.000016817922443127393970494556951446539372449663634455868164935426694074645593463201978130062696512,"[0,""2245179019352714544820442457617797879555951636762916602889437576202268943081909937563572293"",-316,301]","[0,""2245179019352714544820442457617797879555951636762916603621961417850195719472060726954502839"",-316,301]",3.262652266629115e-55,7.377879464668811e-10,1.681792830507429e-05,False,CERTIFIED_GLOBAL
mixed,cross,1,7,3.162277660168379e-06,0.01,0.9999998999993842,2.9906943682744003e-05,2.9906943682744006e-05,0.000029906943682744005227712958297455430417462768704436185457464798112897939329941842752604077753515,0.000029906943682744005227712958297455430417462768704436185467222394750620673432593758156249049179380,"[0,""7985105498794744295178269672999535901156838155572424294097828110182082145145957740650892307"",-317,302]","[0,""7985105498794744295178269672999535901156838155572424296703090600172234781600892771624310065"",-317,302]",3.262652560299154e-55,4.148886515256522e-09,2.990697562442441e-05,False,CERTIFIED_GLOBAL
mixed,cross,2,7,1e-05,0.01,0.9999989999842868,5.318279753067783e-05,5.318279753067784e-05,0.000053182797530677831779600026518229643815681397676131809742724824149808873840298116424700805609987,0.000053182797530677831779600026518229643815681397676131809760076538820911020148527817226448758379945,"[0,""7099860378720902368694432070485411057427560512211766183961371986589861187254675113214735731"",-316,302]","[0,""7099860378720902368694432070485411057427560512211766186277811835869413853661633815458270865"",-316,302]",3.2626554970322924e-55,2.333090341053722e-08,5.318295896944988e-05,False,CERTIFIED_GLOBAL
mixed,cross,3,7,3.1622776601683795e-05,0.01,0.9999899998792006,9.457357640153265e-05,9.457357640153267e-05,0.000094573576401532664719246406954955901212275202465841329383450488203427040994160544520632447402057,0.000094573576401532664719246406954955901212275202465841329414306865834162659325089939474737174381492,"[0,""6312747910448421437676236466471539802806170301761934650680040129005891105349931463122716517"",-315,302]","[0,""394546744403026339854764779154471237675385643860120915796230677193202661924031204839162351"",-311,298]",3.262684864504665e-55,1.3119931141769537e-07,9.457416090031758e-05,False,CERTIFIED_GLOBAL
mixed,cross,4,7,0.0001,0.01,0.9999000337707615,0.0001681817452946853,0.00016818174529468534,0.00016818174529468531265241062071144108128479450535546513832150502035988595804283410112162254885085,0.00016818174529468531265241062071144108128479450535546513837638236148970212070807834601434709482128,"[0,""43851810013183636126359588958465254333146030905825375797243345343518296594576867120623509"",-307,295]","[0,""1403257920421876356043506846670888138660672988986412025969667087004681866526035795232407481"",-312,300]",3.262978454270467e-55,7.37787946466881e-07,0.0001681792830507429,False,CERTIFIED_GLOBAL
mixed,cross,5,7,0.00031622776601683794,0.01,0.9990047977657645,0.0002991856415238093,0.0002991856415238094,0.00029918564152380935152415309154769283980523177630988068335099670946745528947447494194732925092439,0.00029918564152380935152415309154769283980523177630988068344870783169886009183678606262540461585401,"[0,""1248157522711987289950092168636097278009764784895670860288955695725385180160996294705939153"",-311,300]","[0,""2496315045423974579900184337272194556019529569791341721393183619386567568555066652454652897"",-312,301]",3.2659027931201335e-55,4.148886515256522e-06,0.0002990697562442441,False,CERTIFIED_GLOBAL
mixed,cross,6,7,0.001,0.01,0.9904945313467866,0.0005342586644476322,0.0005342586644476324,0.00053425866444763231697487997205284533290449544759626858670661573628514422264069057841196497638084,0.00053425866444763231697487997205284533290449544759626858688259872909898731378348240092509111847434,"[0,""278605854757949769580585295869921050967203938880546276438246134442300036592627640554723851"",-308,298]","[0,""2228846838063598156644682366959368407737631511044370212240143667712094674806734836292573571"",-311,301]",3.2939660977850706e-55,2.333090341053722e-05,0.0005318295896944989,False,CERTIFIED_GLOBAL
mixed,cross,7,7,0.0031622776601683794,0.01,0.9325870419736638,0.0009860676561003648,0.000986067656100365,0.00098606765610036483387372248287440941301969567794551366675071203833860202967397237524439154259542,0.00098606765610036483387372248287440941301969567794551366709569021616525370968160236494475921564205,"[0,""1028431508775047651538404764605318100084716732995195518168807158124310086050143920814871825"",-309,300]","[0,""4113726035100190606153619058421272400338866931980782074114425733109244930380444058053980029"",-311,302]",3.498524423678478e-55,0.00013119931141769537,0.0009457416090031758,False,CERTIFIED_GLOBAL
mixed,cross,8,7,0.01,0.01,0.7880942843947415,0.0021386761152774286,0.002138676115277429,0.0021386761152774290272246086168542596212022131640892760773736305102464010725077763407934877306260,0.0021386761152774290272246086168542596212022131640892760782590651513839462772114650560708879987180,"[0,""2230558816536270619053138742559343420215269598246323632738642738221479522737144297044846603"",-309,301]","[0,""2230558816536270619053138742559343420215269598246323633662117794190756816340114679317547953"",-309,301]",4.140106277956382e-55,0.000737787946466881,0.001681792830507429,False,CERTIFIED_GLOBAL
mixed,cross,9,7,0.03162277660168379,0.01,0.6649836667972959,0.006493141527849852,0.006493141527849853,0.0064931415278498526999682001081959268210693450119341314059679340446471617976966687006551945502096,0.0064931415278498526999682001081959268210693450119341314091542391124907170246070297939541827013634,"[0,""1693025650132687535791817055876386070617154338108428042829657890849252960764761978338330179"",-307,300]","[0,""3386051300265375071583634111752772141234308676216856087320914003720705588411969775504019977"",-308,301]",4.907185611428791e-55,0.004148886515256522,0.002990697562442441,False,CERTIFIED_GLOBAL
mixed,cross,10,7,0.1,0.01,0.6069749336871821,0.027330822928568595,0.027330822928568598,0.027330822928568597157599853444832198330809236779751565908927293685068775330750107018500615560806,0.027330822928568597157599853444832198330809236779751565923626741535911674026585769495634410343115,"[0,""3563127652372588197744323360067931735401507889089997622932806607368863268032424802916716491"",-306,301]","[0,""13918467392080422647438763125265358341412140191757803222067101836139528978120729944627591"",-298,293]",5.378340743438696e-55,0.023330903410537222,0.0053182958969449886,True,CERTIFIED_GLOBAL
mixed,cross,11,7,0.25,0.01,0.5884359765436608,0.09823359028563292,0.09823359028563293,0.098233590285632923962088669113481339924759002916951898919762023613233691658617644215728030022528,0.098233590285632923962088669113481339924759002916951898974311507369222260857263759513531427347596,"[0,""3201685719941378419129383065985403210899312963568846713239423495131696781873392734767875077"",-304,301]","[0,""6403371439882756838258766131970806421798625927137693430034663339108909219167982162192304159"",-305,302]",5.553037774286324e-55,0.09222349330836013,0.008408964152537146,True,CERTIFIED_GLOBAL
mixed,cross,0,8,1e-06,0.1,0.9999999998999998,0.0001681792235987856,0.00016817922359878564,0.00016817922359878562033138742707719280893626360601080499337054544794768456882804556826695386933929,0.00016817922359878562033138742707719280893626360601080499342541647991191048992061930723213735202236,"[0,""5612947520597657334902568630733649140492280765142540544609656618116712428790689000288982923"",-314,302]","[0,""5612947520597657334902568630733649140492280765142540546440966195041531769914840624301270435"",-314,302]",3.262652234328791e-55,7.377879464668811e-10,0.0001681792830507429,False,CERTIFIED_GLOBAL
mixed,cross,1,8,3.162277660168379e-06,0.1,0.9999999989999933,0.00029906942202344007,0.0002990694220234401,0.00029906942202344008078104958711551364345058888953867143194246647030587026341715551761842896210727,0.00029906942202344008078104958711551364345058888953867143204004242219298712557110533156773607418055,"[0,""311918168106654064807183747966720856791345351955903856717594970415178426492325004223348493"",-309,298]","[0,""1247672672426616259228734991866883427165381407823615427277452085271112297732691501076452155"",-311,300]",3.262652237294563e-55,4.148886515256522e-09,0.0002990697562442441,False,CERTIFIED_GLOBAL
mixed,cross,2,8,1e-05,0.1,0.9999999899997885,0.0005318277120488044,0.0005318277120488045,0.00053182771204880447831603302538520596041878748294215000690650096174766892455482289713602791290420,0.00053182771204880447831603302538520596041878748294215000708001785078210116914311155295444872368636,"[0,""4437410540155176386936740567126480550970639636947001955624525460302375860955785363915734459"",-312,302]","[0,""1109352635038794096734185141781620137742659909236750489268074554031525992196134151924815843"",-310,300]",3.262652266952743e-55,2.333090341053722e-08,0.0005318295896944989,False,CERTIFIED_GLOBAL
mixed,cross,3,8,3.1622776601683795e-05,0.1,0.9999998999933466,0.00094573108252009,0.0009457310825200902,0.00094573108252009014782526358438832677967944902797764249133953580998227519110778215745279371013938,0.00094573108252009014782526358438832677967944902797764249164809500406348481281861104225322948003819,"[0,""7890895827071722546535569344480130899467915850110167273119213933427030339154832533412170937"",-312,302]","[0,""986361978383965318316946168060016362433489481263770909461717385414544691777485543105432093"",-309,299]",3.26265256354895e-55,1.3119931141769537e-07,0.0009457416090031758,False,CERTIFIED_GLOBAL
mixed,cross,4,8,0.0001,0.1,0.9999989997933505,0.0016817342100846585,0.0016817342100846587,0.0016817342100846586570012916128908916847202126898599231805467226996960727485615262143726930351124,0.0016817342100846586570012916128908916847202126898599231810954146417412567694611588482983139016561,"[0,""3507971162700706185284043565567967480586745206662714407830213016152533141004173515766341123"",-310,301]","[0,""3507971162700706185284043565567967480586745206662714408974743167444310869899778236301469373"",-310,301]",3.2626555299577504e-55,7.37787946466881e-07,0.001681792830507429,False,CERTIFIED_GLOBAL
mixed,cross,5,8,0.00031622776601683794,0.1,0.999989993840562,0.002990378131838058,0.0029903781318380584,0.0029903781318380579724766154330937847780721115701463405814121784174860424588792576601830610449453,0.0029903781318380579724766154330937847780721115701463405823878446669770218901265725750658398788373,"[0,""1559426006373896953264573841712454931236495848281409336294739900085243595340221446043305903"",-308,300]","[0,""3118852012747793906529147683424909862472991696562818673607063032738020540682746705352235281"",-309,301]",3.262685207276041e-55,4.148886515256522e-06,0.002990697562442441,False,CERTIFIED_GLOBAL
mixed,cross,6,8,0.001,0.1,0.9998998428833127,0.005316681413165875,0.005316681413165876,0.0053166814131658752409481087696979235935152588568978246180889812806358381536550386351145045186108,0.0053166814131658752409481087696979235935152588568978246198238050199464716580847182252981681013773,"[0,""2772549456211907553066242199847799741687082377886675779201657300165226744867246165109934883"",-308,301]","[0,""5545098912423815106132484399695599483374164755773351560212670565552792198625022521273888819"",-309,302]",3.262982308879053e-55,2.333090341053722e-05,0.0053182958969449886,False,CERTIFIED_GLOBAL
mixed,cross,7,8,0.0031622776601683794,0.1,0.9989988127543017,0.009451572717582747,0.009451572717582749,0.0094515727175827472528118940659079303455541029873582510342561566870127073196751152997197030545846,0.0094515727175827472528118940659079303455541029873582510373429974903582520597906171931467032475704,"[0,""1232204394154084062609847412953502073556956328670933036056780997235039767444915728909751891"",-306,300]","[0,""4928817576616336250439389651814008294227825314683732145836853465965982069889139734155562165"",-308,302]",3.265954667632297e-55,0.00013119931141769537,0.009457416090031758,False,CERTIFIED_GLOBAL
mixed,cross,8,8,0.01,0.1,0.9903226826215177,0.016841886229242202,0.016841886229242205,0.016841886229242202085509958821262674060524970973495753664786857735415999860487811057711956397699,0.016841886229242202085509958821262674060524970973495753670336017909491943955113654999820955812131,"[0,""274460225266389803806749352717721866544333363314166599353511538219439616447898396195811101"",-303,298]","[0,""2195681802131118430453994821741774932354666906513332795551537996189772134502929998329856927"",-306,301]",3.294856703426162e-55,0.000737787946466881,0.01681792830507429,False,CERTIFIED_GLOBAL
mixed,cross,9,8,0.03162277660168379,0.1,0.929923494549277,0.030909227675050423,0.030909227675050426,0.030909227675050423084356263050008062629804449843458387268492242243958187341097463851852743438234,0.030909227675050423084356263050008062629804449843458387279345639648171394868265076583234015541540,"[0,""4029645361586640386013602265942233534007094301920135345339782498444360808711953096116986399"",-306,301]","[0,""2014822680793320193006801132971116767003547150960067673377371600512984504440642402422713403"",-305,300]",3.511377740756022e-55,0.004148886515256522,0.02990697562442441,False,CERTIFIED_GLOBAL
mixed,cross,10,8,0.1,0.1,0.7783401203519711,0.06639307394571202,0.06639307394571203,0.066393073945712023891663925816017772708859528837245855540372489719515713585467493689020558899544,0.066393073945712023891663925816017772708859528837245855568325890304244111325955770342459434848347,"[0,""2163921283309619569000378706948094848941630114320833812079494660955105836158964128245563287"",-304,301]","[0,""33811270051712805765630917296063982014712970536263028327977624740418830176406718090315319"",-298,295]",4.210288652636449e-55,0.023330903410537222,0.053182958969449884,False,CERTIFIED_GLOBAL
mixed,cross,11,8,0.25,0.1,0.6706397503758547,0.15431904415723,0.15431904415723002,0.15431904415723002203538987259362507968748292686050259656737290581911817192255460460076032037460,0.15431904415723002203538987259362507968748292686050259664346188192815279186101980204076818968951,"[0,""5029655116509243656163219782000749879984039194288408258736721223068400295190097167391913649"",-304,302]","[0,""157176722390913864255100618187523433749501224821512758163020529089166870860202921602451523"",-299,297]",4.930627747506675e-55,0.09222349330836013,0.08408964152537145,False,CERTIFIED_GLOBAL
mixed,tangent,0,0,1e-06,0.0,0.5773502691896257,7.37787946466881e-10,7.377879464668811e-10,7.3778794646688106160586018229355443236927878835327298367788013645002565689805322116266738572804E-10,7.3778794646688106160586018229355443236927878835327298409480996574353053845409080127527275411780E-10,"[0,""6454908882583422415044701927563862506170534380636086367832591571734442323501284703228850889"",-332,302]","[0,""50428975645182987617536733809092675829457299848719424777189936382483955297490772732934443"",-325,295]",5.6510794367148235e-55,7.377879464668811e-10,0.0,True,CERTIFIED_GLOBAL
mixed,tangent,1,0,3.162277660168379e-06,0.0,0.5773502691896257,4.1488865152565215e-09,4.148886515256522e-09,4.1488865152565222193729621981344729437206686971902115481328832502407410678070775563878975043467E-9,4.1488865152565222193729621981344729437206686971902115504774519774036966536414056396210720079488E-9,"[0,""1134331879692161610544966584678194037432902881562893056638756239162926535366356025378365255"",-327,300]","[0,""4537327518768646442179866338712776149731611526251572229119104780547085312453140217210713667"",-329,302]",5.6510794367148235e-55,4.148886515256522e-09,0.0,True,CERTIFIED_GLOBAL
mixed,tangent,2,0,1e-05,0.0,0.5773502691896257,2.333090341053722e-08,2.3330903410537223e-08,2.3330903410537221525762242432462388872945483469915545451169023473454376251103638728185083428963E-8,2.3330903410537221525762242432462388872945483469915545464353502323781040613028206200934178044489E-8,"[0,""6378816924317497823500696824232426647190680792330207216808741726092003748815201172082601313"",-327,302]","[0,""1594704231079374455875174206058106661797670198082551805103365460312478700284029838765086389"",-325,300]",5.6510794367148235e-55,2.333090341053722e-08,0.0,True,CERTIFIED_GLOBAL
mixed,tangent,3,0,3.1622776601683795e-05,0.0,0.5773502691896257,1.3119931141769534e-07,1.3119931141769537e-07,1.3119931141769536123594848028543489718487320599538664018707733943590337759500573339135753377287E-7,1.3119931141769536123594848028543489718487320599538664026121911252227164304261876053422051040889E-7,"[0,""280240028309947529867467477028947396919882041734745687077602826507322751793558984664627187"",-320,298]","[0,""2241920226479580238939739816231579175359056333877965497887749541119961667095834275659661195"",-323,301]",5.6510794367148235e-55,1.3119931141769537e-07,0.0,True,CERTIFIED_GLOBAL
mixed,tangent,4,0,0.0001,0.0,0.5773502691896257,7.37787946466881e-07,7.377879464668811e-07,7.3778794646688106160586018229355443236927878835327298367788013645002565689805322116266738510900E-7,7.3778794646688106160586018229355443236927878835327298409480996574353053845409080127527275458596E-7,"[0,""6303621955647873452192091726136584478682162481089928093586515206771916331544223342996924691"",-322,302]","[0,""6303621955647873452192091726136584478682162481089928097148742047810494412186346591616805379"",-322,302]",5.6510794367148235e-55,7.37787946466881e-07,0.0,True,CERTIFIED_GLOBAL
mixed,tangent,5,0,0.00031622776601683794,0.0,0.5773502691896257,4.148886515256522e-06,4.148886515256523e-06,0.0000041488865152565222193729621981344729437206686971902115481328832502407410678070775563878975012159,0.0000041488865152565222193729621981344729437206686971902115504774519774036966536414056396210720094191,"[0,""2215491952523753145595637860699597729361138440552525501247570779615090889387414112067119637"",-318,301]","[0,""4430983905047506291191275721399195458722276881105051004999125762253013000442519743369837567"",-319,302]",5.6510794367148235e-55,4.148886515256522e-06,0.0,True,CERTIFIED_GLOBAL
mixed,tangent,6,0,0.001,0.0,0.5773502691896257,2.333090341053722e-05,2.3330903410537224e-05,0.000023330903410537221525762242432462388872945483469915545451169023473454376251103638728185083415006,0.000023330903410537221525762242432462388872945483469915545464353502323781040613028206200934178051862,"[0,""6229313402653806468262399242414479147647149211259967985164786841886722410952344894611915341"",-317,302]","[0,""6229313402653806468262399242414479147647149211259967988685021329345619922984491557676118709"",-317,302]",5.6510794367148235e-55,2.333090341053722e-05,0.0,True,CERTIFIED_GLOBAL
mixed,tangent,7,0,0.0031622776601683794,0.0,0.5773502691896257,0.00013119931141769534,0.00013119931141769537,0.00013119931141769536123594848028543489718487320599538664018707733943590337759500573339135753368672,0.00013119931141769536123594848028543489718487320599538664026121911252227164304261876053422051045430,"[0,""2189375221171465077089589664288651538436578451052700680293772082088458998387179567692399897"",-313,301]","[0,""4378750442342930154179179328577303076873156902105401363062010822499925131046551319647775773"",-314,302]",5.6510794367148235e-55,0.00013119931141769537,0.0,True,CERTIFIED_GLOBAL
mixed,tangent,8,0,0.01,0.0,0.5773502691896257,0.000737787946466881,0.0007377879464668812,0.00073778794646688106160586018229355443236927878835327298367788013645002565689805322116266738444326,0.00073778794646688106160586018229355443236927878835327298409480996574353053845409080127527275483409,"[0,""6155880816062376418156339576305258279963049297939382903893081256613199542523655608395434263"",-312,302]","[0,""6155880816062376418156339576305258279963049297939382907371818406064935949400729093375786505"",-312,302]",5.6510794367148235e-55,0.000737787946466881,0.0,True,CERTIFIED_GLOBAL
mixed,tangent,9,0,0.03162277660168379,0.0,0.5773502691896257,0.0041488865152565215,0.004148886515256522,0.0041488865152565222193729621981344729437206686971902115481328832502407410678070775563878974983245,0.0041488865152565222193729621981344729437206686971902115504774519774036966536414056396210720103555,"[0,""2163566359886477681245740098339450907579236758352075684812080839467862196667396593815546519"",-308,301]","[0,""540891589971619420311435024584862726894809189588018921508682344025026001030581023360575875"",-306,299]",5.6510794367148235e-55,0.004148886515256522,0.0,True,CERTIFIED_GLOBAL
mixed,tangent,10,0,0.1,0.0,0.5773502691896257,0.02333090341053722,0.023330903410537222,0.023330903410537221525762242432462388872945483469915545451169023473454376251103638728185083398916,0.023330903410537221525762242432462388872945483469915545464353502323781040613028206200934178064297,"[0,""6083313869779107879162499260170389792624169151621062485512487150280002354445649311144448571"",-307,302]","[0,""760414233722388484895312407521298724078021143952632811118777017742385244504942817099135585"",-304,299]",5.6510794367148235e-55,0.023330903410537222,0.0,True,CERTIFIED_GLOBAL
mixed,tangent,11,0,0.25,0.0,0.5773502691896257,0.09222349330836012,0.09222349330836013,0.092223493308360132700732522786694304046159848544159122959735017056253207112256652645333423247769,0.092223493308360132700732522786694304046159848544159123011851245717941317306761350159409094250111,"[0,""6011602359435914470855800367485603789026415330018928617083087164661327678245757430073666285"",-305,302]","[0,""3005801179717957235427900183742801894513207665009464310240145706086394506543324752624895751"",-304,301]",5.6510794367148235e-55,0.09222349330836013,0.0,True,CERTIFIED_GLOBAL
mixed,tangent,0,1,1e-06,1e-08,0.5773472571980457,7.377994934849677e-10,7.377994934849678e-10,7.3779949348496777723244649291770765985686805752426403077737855428189867964960814060312712626289E-10,7.3779949348496777723244649291770765985686805752426403119431055866882640140575694623484605624341E-10,"[0,""3227504953739069710126122693487403493823464006086305095324478564474030374111941973720980425"",-331,301]","[0,""6455009907478139420252245386974806987646928012172610194296696444070227014761083317928663649"",-332,302]",5.651020474649085e-55,7.377879464668811e-10,1.414213562373095e-14,True,CERTIFIED_GLOBAL
mixed,tangent,1,1,3.162277660168379e-06,1e-08,0.5773485754176743,4.1489230300968995e-09,4.1489230300969e-09,4.1489230300968998261526662194329139655736165044938555120957655149198034311360105191515284910164E-9,4.1489230300968998261526662194329139655736165044938555144403411203469132505288852560937696168008E-9,"[0,""4537367452324187070388729915573366918710781580884318489112341791704342659825141293064919847"",-329,302]","[0,""2268683726162093535194364957786683459355390790442159245838214568921925064496790707764354345"",-328,301]",5.651046279767575e-55,4.148886515256522e-09,4.472135954999579e-14,True,CERTIFIED_GLOBAL
mixed,tangent,2,1,1e-05,1e-08,0.5773493167091097,2.3331018880402976e-08,2.333101888040298e-08,2.3331018880402979135372001223131343993059083802328900915638044676373754665567633253422738635417E-8,2.3331018880402979135372001223131343993059083802328900928822545277732800256042488589966640053293E-8,"[0,""6378848494510943939589352845826973438815017091414304489394743282845486080433158613740422411"",-327,302]","[0,""3189424247255471969794676422913486719407508545707152246499734672436782355183810180538474159"",-326,301]",5.651060791191353e-55,2.333090341053722e-08,1.414213562373095e-13,True,CERTIFIED_GLOBAL
mixed,tangent,3,1,3.1622776601683795e-05,1e-08,0.5773497335677196,1.311996765637946e-07,1.3119967656379463e-07,1.3119967656379463006992898132798544260611597339445534144647299465289721858012749322922775687341E-7,1.3119967656379463006992898132798544260611597339445534152061483652241013979760918743348213390618E-7,"[0,""560481616514563570373107517162631014409552786024245319513836625515951427055070775751529505"",-321,299]","[0,""2241926466058254281492430068650524057638211144096981279322274606484427557744196131985483841"",-323,301]",5.6510689516419754e-55,1.3119931141769537e-07,4.4721359549995796e-13,True,CERTIFIED_GLOBAL
mixed,tangent,4,1,0.0001,1e-08,0.5773499679829681,7.377891011439976e-07,7.377891011439977e-07,7.3778910114399765609938435031007040425928640994377325371499649334658322186191079018352503981199E-7,7.3778910114399765609938435031007040425928640994377325413192654015459307027502858234758759346410E-7,"[0,""3151815910574640166846683057115405327261563543641211767540501103125679144084280958176743017"",-321,301]","[0,""6303631821149280333693366114230810654523127087282423538643230905722587304655200053124067471"",-322,302]",5.651073540684301e-55,7.37787946466881e-07,1.414213562373095e-12,True,CERTIFIED_GLOBAL
mixed,tangent,5,1,0.00031622776601683794,1e-08,0.5773500998011669,4.148890166504735e-06,4.148890166504736e-06,0.0000041488901665047360342778989174926299522851989077469703974517379227788878853385589963961879080620,0.0000041488901665047360342778989174926299522851989077469703997963073378136147748635281146080794699432,"[0,""4430987804556931110199339730901392487677538766659522553244230249297527192557034281180529071"",-319,302]","[0,""1107746951139232777549834932725348121919384691664880638937053796740737838635719761359631465"",-317,300]",5.651076121424364e-55,4.148886515256522e-06,4.4721359549995794e-12,True,CERTIFIED_GLOBAL
mixed,tangent,6,1,0.001,1e-08,0.5773501739222264,2.333091495518389e-05,2.3330914955183895e-05,0.000023330914955183893642585056227669513606271198598134007137230482173783279204496415570313229400018,0.000023330914955183893642585056227669513606271198598134007150414963199656378672135017458021656433676,"[0,""3114658242527879854694390477413364582939557055299682969639725045307557454615810070871488309"",-316,301]","[0,""1557329121263939927347195238706682291469778527649841485699921289735346274995837911679788709"",-315,300]",5.6510775729108906e-55,2.333090341053722e-05,1.414213562373095e-11,True,CERTIFIED_GLOBAL
mixed,tangent,7,1,0.0031622776601683794,1e-08,0.5773502155933964,0.00013119934790889462,0.00013119934790889465,0.00013119934790889464057483944182732026179264220445014490403381304509490821044938150722092759872254,0.00013119934790889464057483944182732026179264220445014490410795482506402948643721598064550529349697,"[0,""4378751660229314308465551206097389466539066285022454420647799614158634327522632162013764311"",-314,302]","[0,""1094687915057328577116387801524347366634766571255613605780566625548032248103112326131179717"",-312,300]",5.651078389551572e-55,0.00013119931141769537,4.472135954999579e-11,True,CERTIFIED_GLOBAL
mixed,tangent,8,1,0.01,1e-08,0.5773502390093964,0.0007377880616990645,0.0007377880616990647,0.00073778806169906463877211807862103482210398937513537439413607268786438337385740057794149559161795,0.00073778806169906463877211807862103482210398937513537439455300253895452907492310430866488795589181,"[0,""384742611095317042171277224160757811424798638505641857403930436191919372921619393769011621"",-308,298]","[0,""769485222190634084342554448321515622849597277011283715242703038798383051144849656711513781"",-309,299]",5.651078849527477e-55,0.000737787946466881,1.414213562373095e-10,True,CERTIFIED_GLOBAL
mixed,tangent,9,1,0.03162277660168379,1e-08,0.5773502521499532,0.004148886877978957,0.004148886877978958,0.0041488868779789573174811953639804312394286190979430616069804964245312996192462478131054684764043,0.0041488868779789573174811953639804312394286190979430616093250652209601119631423521488503808062748,"[0,""2163566549039412009181015162237336150461694467933345832200639832883595708223056106938442177"",-308,301]","[0,""270445818629926501147626895279667018807711808491668229177911050704585038189444961888289043"",-305,298]",5.651079109611491e-55,0.004148886515256522,4.4721359549995793e-10,True,CERTIFIED_GLOBAL
mixed,tangent,10,1,0.1,1e-08,0.5773502595122431,0.023330904539455195,0.0233309045394552,0.023330904539455196665537231157670464535210704876749947101025443490952052095728743116191701045321,0.023330904539455196665537231157670464535210704876749947114209922564498017526268186221137360501471,"[0,""6083314164133863679534036642678553645842910665526865064836207792305431083064578134818521365"",-307,302]","[0,""1520828541033465919883509160669638411460727666381716267068484210541711571612857729574997769"",-305,300]",5.651079258950086e-55,0.023330903410537222,1.4142135623730951e-09,True,CERTIFIED_GLOBAL
mixed,tangent,11,1,0.25,1e-08,0.5773502630254242,0.09222349601191426,0.09222349601191428,0.092223496011914273652084775259419350282233341008527747807357205258939212632823494785445013135840,0.092223496011914273652084775259419350282233341008527747859473434513346094553703385476855985278991,"[0,""6011602535667500041607181095717394566490142308281148844885769149614229642552899398798181227"",-305,302]","[0,""6011602535667500041607181095717394566490142308281148848282973435762153756767041995215178645"",-305,302]",5.6510793353218825e-55,0.09222349330836013,3.5355339059327376e-09,True,CERTIFIED_GLOBAL
mixed,tangent,0,2,1e-06,1e-07,0.5773201506879663,7.37903418003061e-10,7.379034180030611e-10,7.3790341800306103690976831546416126014548170836202839893802999649984064336739985356264017896047E-10,7.3790341800306103690976831546416126014548170836202839935498157596167692840308499093193769996229E-10,"[0,""3227959571694114125057410395350490303963795024781519751498278099837381018351332844117765199"",-331,301]","[0,""3227959571694114125057410395350490303963795024781519753322233388592027025188011621348932355"",-331,301]",5.650489878339426e-55,7.377879464668811e-10,1.414213562373095e-13,True,CERTIFIED_GLOBAL
mixed,tangent,1,2,3.162277660168379e-06,1e-07,0.5773333319173111,4.149251666070495e-09,4.149251666070496e-09,4.1492516660704959135198148989557563228405516048759356893576355731237647178599016624249001589761E-9,4.1492516660704959135198148989557563228405516048759356917022730815662466756781839940212074268876E-9,"[0,""1134431714239976494205115817181126681274180225893693760419963647739378554967559495909600025"",-327,300]","[0,""4537726856959905976820463268724506725096720903574775044244009635804641170888474096151073367"",-329,302]",5.65074788693872e-55,4.148886515256522e-09,4.4721359549995796e-13,True,CERTIFIED_GLOBAL
mixed,tangent,2,2,1e-05,1e-07,0.577340744525883,2.3332058113480884e-08,2.3332058113480887e-08,2.3332058113480885020876706812579768613511040884491333559167006876772705786152210829962233872620E-8,2.3332058113480885020876706812579768613511040884491333572351703235001113357236019418565958270097E-8,"[0,""6379132627423802455635131727309959812471390430664796668248530622483466404357004868458767917"",-327,302]","[0,""6379132627423802455635131727309959812471390430664796671853310205680844189974966018596403873"",-327,302]",5.650892987708831e-55,2.333090341053722e-08,1.414213562373095e-12,True,CERTIFIED_GLOBAL
mixed,tangent,3,2,3.1622776601683795e-05,1e-07,0.5773449130152835,1.3120296288631003e-07,1.3120296288631006e-07,1.3120296288631004844758871201424628513244812995957025430349823004894905090652704487962759675516E-7,1.3120296288631004844758871201424628513244812995957025437764069096245680729202346605340062041834E-7,"[0,""2241982622396564590690993020175378504042876552570142495996292789926233760616295371076607827"",-323,301]","[0,""4483965244793129181381986040350757008085753105140284994526462945012873342035581492814741363"",-324,302]",5.65097458795604e-55,1.3119931141769537e-07,4.4721359549995794e-12,True,CERTIFIED_GLOBAL
mixed,tangent,4,2,0.0001,1e-07,0.5773472571371904,7.377994932516014e-07,7.377994932516015e-07,7.3779949325160149908083175383615664716794605457054285873605447053024780640790482979546815639724E-7,7.3779949325160149908083175383615664716794605457054285915298647496114364737765294658849292716315E-7,"[0,""787965076347218893572279320497736191632970761589800986109328735656911613422099182022242661"",-319,299]","[0,""6303720610777751148578234563981889533063766092718407892436875310554944732578320050871781783"",-322,302]",5.651020477032441e-55,7.37787946466881e-07,1.414213562373095e-11,True,CERTIFIED_GLOBAL
mixed,tangent,5,2,0.00031622776601683794,1e-07,0.577348575309508,4.148923027762766e-06,4.148923027762767e-06,0.0000041489230277627662399093173074305051466771523342524403657326439624266906375886738435025888837298,0.0000041489230277627662399093173074305051466771523342524403680772195682937427010518901328160062415763,"[0,""553877862520937424470600833256711324187639537930895850337703165534647378193151832143493771"",-316,299]","[0,""138469465630234356117650208314177831046909884482723962662675527303481164167160021259460357"",-314,297]",5.651046284007161e-55,4.148886515256522e-06,4.472135954999579e-11,True,CERTIFIED_GLOBAL
mixed,tangent,6,2,0.001,1e-07,0.5773493165170455,2.333101885704682e-05,2.3331018857046825e-05,0.000023331018857046821672165403673992374745678893545599276781657470149431955202150778271883911717229,0.000023331018857046821672165403673992374745678893545599276794841970755198772309607620070223126512307,"[0,""3114672113342393748606569770170432960154710715141835865872265589600868651672500130464147767"",-316,301]","[0,""6229344226684787497213139540340865920309421430283671735264771475327900692587243891289449511"",-317,302]",5.651060798737735e-55,2.333090341053722e-05,1.414213562373095e-10,True,CERTIFIED_GLOBAL
mixed,tangent,7,2,0.0031622776601683794,1e-07,0.5773497332277787,0.00013119967632976447,0.0001311996763297645,0.00013119967632976447221023870398575980068270995974472212200583506519002788266435364551639818922809,0.00013119967632976447221023870398575980068270995974472212207997690710388331081049399573105853794676,"[0,""2189381310604659390497900352384999749665097318092333177698519572513652547414701614679487421"",-313,301]","[0,""4378762621209318780995800704769999499330194636184666357871508100453754331240921190459686905"",-314,302]",5.65106896510196e-55,0.00013119931141769537,4.4721359549995793e-10,True,CERTIFIED_GLOBAL
mixed,tangent,8,2,0.01,1e-07,0.5773499673874722,0.0007377890987888528,0.0007377890987888529,0.00073778909878885291549686480279526833433983397574830867398829595563581263430319572885350788349786,0.00073778909878885291549686480279526833433983397574830867440522600289564984525036649883167958344289,"[0,""6155890430690474413199395115670119812789664441931132141473646554336207443088951937490079243"",-312,302]","[0,""6155890430690474413199395115670119812789664441931132144952385522433491204685568400249005833"",-312,302]",5.651073564847534e-55,0.000737787946466881,1.4142135623730951e-09,True,CERTIFIED_GLOBAL
mixed,tangent,9,2,0.03162277660168379,1e-07,0.577350098792944,0.004148890142481117,0.004148890142481118,0.0041488901424811171381628746738646685893356768793956175014709886695823238076069877304606153045847,0.0041488901424811171381628746738646685893356768793956175038155580894037148592113821497336475525944,"[0,""1081784125707974084764695184528184907015637965316394943402097770335038087964731743417234359"",-307,300]","[0,""4327136502831896339058780738112739628062551861265579776053688877021353972699048018459671281"",-309,302]",5.6510761656834155e-55,0.004148886515256522,4.4721359549995795e-09,True,CERTIFIED_GLOBAL
mixed,tangent,10,2,0.1,1e-07,0.5773501724158121,0.023330914699717414,0.023330914699717417,0.023330914699717415381807153825982460810141301456161727210751976949535571137130064106476849070656,0.023330914699717415381807153825982460810141301456161727223936458032055026733760068592533862012150,"[0,""1520829203331695312430348008722409876431703252923572239184329808373850990127019423523042447"",-305,300]","[0,""3041658406663390624860696017444819752863406505847144480087524403588891180064736851591649655"",-306,301]",5.6510776590680116e-55,0.023330903410537222,1.414213562373095e-08,True,CERTIFIED_GLOBAL
mixed,tangent,11,2,0.25,1e-07,0.5773502075476157,0.09222352034390224,0.09222352034390226,0.092223520343902251825033880104623486918306483493611230862794788783971393983049931869390399312266,0.092223520343902251825033880104623486918306483493611230914911023372846924208070550235396871426932,"[0,""3005802060875908217227774652444572126731909183163482399565201028841726310691939113424558263"",-304,301]","[0,""1502901030437954108613887326222286063365954591581741200631901672889880593690957946080108749"",-303,300]",5.651078422785605e-55,0.09222349330836013,3.535533905932738e-08,True,CERTIFIED_GLOBAL
mixed,tangent,0,3,1e-06,1e-06,0.5770492255233152,7.389427972783476e-10,7.389427972783477e-10,7.3894279727834761065900591520498266014301781064894093617949229481445115091970908685200316057204E-10,7.3894279727834761065900591520498266014301781064894093659663954924768578249234117493287071239532E-10,"[0,""1616253168920252062635699569014001545981674156099675964598040040750894187594988675953741215"",-330,300]","[0,""202031646115031507829462446126750193247709269512459495688805709418903764950571791114718661"",-327,297]",5.6451900738414275e-55,7.377879464668811e-10,1.414213562373095e-12,True,CERTIFIED_GLOBAL
mixed,tangent,1,3,3.162277660168379e-06,1e-06,0.5771809411751261,4.152538264334382e-09,4.1525382643343825e-09,4.1525382643343823636622813170062214448024668452730674594390606358971007848010188158984908808555E-9,4.1525382643343823636622813170062214448024668452730674617843170396998554090388685397369362311806E-9,"[0,""1135330291044321022550008895961512658921603891235351062575095218888246207469415624921988993"",-327,300]","[0,""1135330291044321022550008895961512658921603891235351063216303190015693099337804850555939621"",-327,300]",5.647765907290634e-55,4.148886515256522e-09,4.4721359549995794e-12,True,CERTIFIED_GLOBAL
mixed,tangent,2,3,1e-05,1e-06,0.5772550366920023,2.334245086850094e-08,2.3342450868500944e-08,2.3342450868500943382337308613978079205548961932835930071089658245181271045725685759911764274346E-8,2.3342450868500943382337308613978079205548961932835930084276311932364600192746373553825398326947E-8,"[0,""6381974072542566822726974585831781300080372171849713885561687224984695415375646079357015665"",-327,302]","[0,""797746759067820852840871823228972662510046521481214236145875244291123071877994390904847117"",-324,299]",5.64921556929475e-55,2.333090341053722e-08,1.414213562373095e-11,True,CERTIFIED_GLOBAL
mixed,tangent,3,3,3.1622776601683795e-05,1e-06,0.5772967119178528,1.3123582686596046e-07,1.3123582686596048e-07,1.3123582686596046029111090111035282630113330529931522749911016779970783024724505918385428187029E-7,1.3123582686596046029111090111035282630113330529931522757325881872681047287083633383168853811552E-7,"[0,""2242544198672420977094045290027912571015636480526811232400703880991618143555895776337142331"",-323,301]","[0,""560636049668105244273511322506978142753909120131702808416937084470536965874948234138687435"",-321,299]",5.6500311460555204e-55,1.3119931141769537e-07,4.472135954999579e-11,True,CERTIFIED_GLOBAL
mixed,tangent,4,3,0.0001,1e-06,0.5773201500793277,7.37903415669453e-07,7.379034156694531e-07,7.3790341566945302721271734943127458872355068877575176514818436842706292727269232390089513571388E-7,7.3790341566945302721271734943127458872355068877575176556513594832865262896964545422466204657802E-7,"[0,""3152304259263420413983180767872932924283570898396806797717365625136795793111192964894585335"",-321,301]","[0,""788076064815855103495795191968233231070892724599201699874642990922467494535856658212218543"",-319,299]",5.65048990216851e-55,7.37787946466881e-07,1.414213562373095e-10,True,CERTIFIED_GLOBAL
mixed,tangent,5,3,0.00031622776601683794,1e-06,0.5773333308355624,4.149251642729467e-06,4.149251642729468e-06,0.0000041492516427294679125233763853659925092622023796870020697011012421601604049023436106626716212542,0.0000041492516427294679125233763853659925092622023796870020720457387550024709666102611442450778753038,"[0,""4431373858821841572891059777971503202488105554516669246472423120934805578800905576967826747"",-319,302]","[0,""2215686929410920786445529888985751601244052777258334624488240393308658210497890361410214857"",-318,301]",5.6507479293301115e-55,4.148886515256522e-06,4.4721359549995793e-10,True,CERTIFIED_GLOBAL
mixed,tangent,6,3,0.001,1e-06,0.577340742605155,2.3332057879921036e-05,2.333205787992104e-05,0.000023332057879921039159757613076048036945678099429001189177653190724544737028658068001823059796418,0.000023332057879921039159757613076048036945678099429001189190837887126853143762736890098381520621978,"[0,""48668919094597318177356498936812326461826812119031804557274879454705476147221409853368621"",-310,295]","[0,""6229621644108456726701631863911977787113831951236070986851477143687778535057120182388395115"",-317,302]",5.650893063168171e-55,2.333090341053722e-05,1.4142135623730951e-09,True,CERTIFIED_GLOBAL
mixed,tangent,7,3,0.0031622776601683794,1e-06,0.5773449096157897,0.00013120296054601813,0.00013120296054601815,0.00013120296054601814791584540316085717373542768922664081342942265365568218590373739780368756432338,0.00013120296054601814791584540316085717373542768922664081350356511501262785388599245981052310320006,"[0,""2189436115630761047108300054031193606321830374539979806400190040183259195695695945527030679"",-313,301]","[0,""4378872231261522094216600108062387212643660749079959615274869709580627675871172679579621357"",-314,302]",5.6509747225513964e-55,0.00013119931141769537,4.4721359549995795e-09,True,CERTIFIED_GLOBAL
mixed,tangent,8,3,0.01,1e-06,0.5773472511821456,0.0007377994697002077,0.0007377994697002078,0.00073779946970020774191251233999656235089436765124679507096304625058582451843786130346037807259235,0.00073779946970020774191251233999656235089436765124679507137997825953506616876446986053242787753310,"[0,""1538994240614224652308959077015451692321141254901741331185635199090292197880468888550321997"",-310,300]","[0,""3077988481228449304617918154030903384642282509803482664110648066102539530319936700924622051"",-311,301]",5.651020718660246e-55,0.000737787946466881,1.414213562373095e-08,True,CERTIFIED_GLOBAL
mixed,tangent,9,3,0.03162277660168379,1e-06,0.5773485652271901,0.004148922787526864,0.004148922787526865,0.0041489227875268650971370471743440268126624947361047059772748466889929903749601737436209694978788,0.0041489227875268650971370471743440268126624947361047059796194223427270891775359475206229581745344,"[0,""2163585275193903414987963099288144136609850596169405573551902557511967718088193517110042575"",-308,301]","[0,""4327170550387806829975926198576288273219701192338811149549109412441820073955932054838748901"",-309,302]",5.651046726593046e-55,0.004148886515256522,4.4721359549995796e-08,True,CERTIFIED_GLOBAL
mixed,tangent,10,3,0.1,1e-06,0.5773493014528072,0.023331016302383403,0.023331016302383406,0.023331016302383405837174905349218960866206306421568249962385439806165915116149569467094324276144,0.023331016302383405837174905349218960866206306421568249975569940978398546719544091803134508791679,"[0,""3041671652633689124312525377482482697123472906813542560258499393070460582080627067521990963"",-306,301]","[0,""6083343305267378248625050754964965394246945813627085123954733598027266765923946364146445601"",-307,302]",5.6510616603039935e-55,0.023330903410537222,1.4142135623730952e-07,True,CERTIFIED_GLOBAL
mixed,tangent,11,3,0.25,1e-06,0.5773496527699816,0.09222376366385228,0.09222376366385229,0.092223763663852284951352962731572729110964878814555447798336013752463847038440848391790314295950,0.092223763663852284951352962731572729110964878814555447850452301685996434242262484231109125127464,"[0,""375726248912472481929154874316764510612433314352696498466024676105887784490686375307541293"",-301,298]","[0,""6011619982599559710866477989068232169798933029643143978853602928849812554547578898705680847"",-305,302]",5.6510692974418165e-55,0.09222349330836013,3.5355339059327374e-07,True,CERTIFIED_GLOBAL
mixed,tangent,0,4,1e-06,1e-05,0.574353903907892,7.493499184312934e-10,7.493499184312935e-10,7.4934991843129339879875745848425412760178658357472093356330143245347113778768725014689597880129E-10,7.4934991843129339879875745848425412760178658357472093398239790456937878218392850144071885332392E-10,"[0,""3278032304409874704876535201756127695300426374816820516813920735697822159356776119811934549"",-331,301]","[0,""1639016152204937352438267600878063847650213187408410259323629430238433421930404844562369673"",-330,300]",5.5928006637173455e-55,7.377879464668811e-10,1.414213562373095e-11,True,CERTIFIED_GLOBAL
mixed,tangent,1,4,3.162277660168379e-06,1e-05,0.5756614485707411,4.1854280184890086e-09,4.185428018489009e-09,4.1854280184890085967155126091533252551410355793943944369182551930972239710484990278666364324490E-9,4.1854280184890085967155126091533252551410355793943944392696871170559308946109579362394277903573E-9,"[0,""4577290233483604743143948214448070967737440502249399105535080099870601058607597093453606277"",-329,302]","[0,""35760079949090662055812095425375554435448753923823430532083325701944515694104834089166811"",-322,295]",5.618139682659273e-55,4.148886515256522e-09,4.472135954999579e-11,True,CERTIFIED_GLOBAL
mixed,tangent,2,4,1e-05,1e-05,0.5763993561754105,2.344642076138842e-08,2.3446420761388422e-08,2.3446420761388420285311943593006457957587904582377114027777563713136480539447503450173654707546E-8,2.3446420761388420285311943593006457957587904582377114040983766761987747239780986845080676809851E-8,"[0,""3205200050244642534642935688757955786764952745329437021860370114802860929319306758999371385"",-326,301]","[0,""6410400100489285069285871377515911573529905490658874047331399878384666223833180889659021839"",-327,302]",5.6325027957355646e-55,2.333090341053722e-08,1.414213562373095e-10,True,CERTIFIED_GLOBAL
mixed,tangent,3,4,3.1622776601683795e-05,1e-05,0.5768151432777948,1.3156454203059788e-07,1.315645420305979e-07,1.3156454203059789537866989674735414898520829733892465883684833568440254990331887507859490699714E-7,1.3156454203059789537866989674735414898520829733892465891105884415814576562501689439514760958492E-7,"[0,""4496322498627660657100584307258847673454667863174203722835207224577533108100691668840372251"",-324,302]","[0,""2248161249313830328550292153629423836727333931587101862685705084520881371441437504464640491"",-323,301]",5.6406161818648765e-55,1.3119931141769537e-07,4.4721359549995793e-10,True,CERTIFIED_GLOBAL
mixed,tangent,4,4,0.0001,1e-05,0.5770492194283704,7.389427739477467e-07,7.389427739477468e-07,7.3894277394774681243835710659782359536103825149168438764011408115914733660013741157315653749184E-7,7.3894277394774681243835710659782359536103825149168438805726133999713126695670575635706298978907E-7,"[0,""6313488741759291238689331729909643329956955643372134701852780634148775153606923659838442077"",-322,302]","[0,""6313488741759291238689331729909643329956955643372134705416865181940286982756196217755705645"",-322,302]",5.645190311685514e-55,7.37787946466881e-07,1.4142135623730951e-09,True,CERTIFIED_GLOBAL
mixed,tangent,5,4,0.00031622776601683794,1e-05,0.5771809303490716,4.152538030954895e-06,4.1525380309548955e-06,0.0000041525380309548952067559709969934892520360029284860754516138613413845071896120005511355177338695,0.0000041525380309548952067559709969934892520360029284860754539591177892261410114597347641747747948119,"[0,""4434883700144099485824766099745460172166082654707109968298317591000540166116445777495092271"",-319,302]","[0,""2217441850072049742912383049872730086083041327353554985401518137625183554384111626872820319"",-318,301]",5.6477663307573156e-55,4.148886515256522e-06,4.4721359549995795e-09,True,CERTIFIED_GLOBAL
mixed,tangent,6,4,0.001,1e-05,0.5772550174761432,2.334244853307538e-05,2.3342448533075384e-05,0.000023342448533075383166064301212961578742941242087242645039358502326844107288297006034459434373138,0.000023342448533075383166064301212961578742941242087242645052545156455055754124166134745709880501014,"[0,""1558098982915627603820831376142899943406417775310256915023090957279987232192719182173829125"",-315,300]","[0,""3116197965831255207641662752285799886812835550620513831806589556124538721706767907931809749"",-316,301]",5.6492163234403825e-55,2.333090341053722e-05,1.414213562373095e-08,True,CERTIFIED_GLOBAL
mixed,tangent,7,4,0.0031622776601683794,1e-05,0.5772966779143142,0.00013123580346400933,0.00013123580346400935,0.00013123580346400932955646762904584019655955295417801761413049741259467649534059676587410891952195,0.00013123580346400932955646762904584019655955295417801761420464606795744225323724961778062334203428,"[0,""4379968356996693619263669730696885802784793372454699222202366277129904576322115767651246653"",-314,302]","[0,""1094992089249173404815917432674221450696198343113674806169265657508394600833669737893539803"",-312,300]",5.6500324915601714e-55,0.00013119931141769537,4.4721359549995796e-08,True,CERTIFIED_GLOBAL
mixed,tangent,8,4,0.01,1e-05,0.5773200905202137,0.0007379031801608805,0.0007379031801608806,0.00073790318016088056333305382711061504930628057924537136717892727349812859027427220353253813096461,0.00073790318016088056333305382711061504930628057924537136759587889859039405425137779316626977017057,"[0,""384802643210071429664161237219663937643396753369506152717470667935557979544526081767654601"",-308,298]","[0,""1539210572840285718656644948878655750573587013478024611739612423503203270963078413608430587"",-310,300]",5.650492317994348e-55,0.000737787946466881,1.4142135623730952e-07,True,CERTIFIED_GLOBAL
mixed,tangent,9,4,0.03162277660168379,1e-05,0.5773332300035148,0.0041492492403992385,0.004149249240399239,0.0041492492403992390931071518583671730061439848585544598218443789294768156026176402814861418970469,0.0041492492403992390931071518583671730061439848585544598241890169210301030685875737741516786436393,"[0,""1081877757116388963207468107358957054905435683837821999968186492231567553887372457250235383"",-307,300]","[0,""4327511028465555852829872429435828219621742735351288002318115282346906106627428211605985125"",-309,302]",5.650752354726436e-55,0.004148886515256522,4.472135954999579e-07,True,CERTIFIED_GLOBAL
mixed,tangent,10,4,0.1,1e-05,0.5773405919532694,0.02333203233342356,0.023332032333423562,0.023332032333423561198774124715155817402263689902499936205179513212754297424084872239079245289795,0.023332032333423561198774124715155817402263689902499936218364215279946162388945513664898515586586,"[0,""6083608225815457483243040843517226910695897295546890577685509233576525421573736948016106579"",-307,302]","[0,""6083608225815457483243040843517226910695897295546890581123296426936077117065013076895008833"",-307,302]",5.6509016783353844e-55,0.023330903410537222,1.414213562373095e-06,True,CERTIFIED_GLOBAL
mixed,tangent,11,4,0.25,1e-05,0.5773441050388092,0.09222619687037768,0.0922261968703777,0.092226196870377685691910722230798061295605292468251364231158017001980311794251713913198721684407,0.092226196870377685691910722230798061295605292468251364283274838379140890256195474584605636360433,"[0,""6011778591534922691348428790443245469490963841524339550881331368119713877694392953803317171"",-305,302]","[0,""751472323941865336418553598805405683686370480190542444284821781484861493380392299433101589"",-302,299]",5.6509780459027125e-55,0.09222349330836013,3.5355339059327378e-06,True,CERTIFIED_GLOBAL
mixed,tangent,0,5,1e-06,0.0001,0.5487324195095252,8.546776222531987e-10,8.546776222531988e-10,8.5467762225319868515474708463736647309816765766099662352857772118085661930275933674198464758785E-10,8.5467762225319868515474708463736647309816765766099662396645583234725881589566921492073941396481E-10,"[0,""3738788497458260210278320496568334930344851279495397546974766967010442993596772390837364493"",-331,301]","[0,""7477576994916520420556640993136669860689702558990795097780530798082203872945678797837992905"",-332,302]",5.1233131623596036e-55,7.377879464668811e-10,1.414213562373095e-10,True,CERTIFIED_GLOBAL
mixed,tangent,1,5,3.162277660168379e-06,0.0001,0.5608969110838538,4.5166241487735634e-09,4.516624148773564e-09,4.5166241487735636478579266245808947885366454744854879240733487777094390338555006790725010000955E-9,4.5166241487735636478579266245808947885366454744854879264852366639388298422259963287775101471231E-9,"[0,""1234873680372178920904479240683814400559710187028582918233664691124968530862914060637099715"",-327,300]","[0,""4939494721488715683617916962735257602238840748114331675572360528125174948878913183270743361"",-329,302]",5.340023448451673e-55,4.148886515256522e-09,4.4721359549995793e-10,True,CERTIFIED_GLOBAL
mixed,tangent,2,5,1e-05,0.0001,0.5679803404735081,2.449027409778974e-08,2.4490274097789743e-08,2.4490274097789742811138131436711811808265395573248335202178000595770743018854227236169151008409E-8,2.4490274097789742811138131436711811808265395573248335215577349431803647040658401570303043121394E-8,"[0,""418487263832228425102781762180602983868487650093934933563952813341322095140396050662903371"",-323,298]","[0,""6695796221315654801644508194889647741895802401502958940686711945115325588115619821522074215"",-327,302]",5.4712939440895034e-55,2.333090341053722e-08,1.4142135623730951e-09,True,CERTIFIED_GLOBAL
mixed,tangent,3,5,3.1622776601683795e-05,0.0001,0.5720433339198234,1.3485914988183058e-07,1.348591498818306e-07,1.3485914988183058914462123710705322942951129664779468664513618880225595863920531710207519299899E-7,1.3485914988183058914462123710705322942951129664779468671996105926356486480244263909125367936528E-7,"[0,""144028697911452535654360946042252065101197608109086039154021006859732205574068778917479751"",-319,297]","[0,""2304459166583240570469775136676033041619161729745376627742935735914253451716519054620994503"",-323,301]",5.548371803238689e-55,1.3119931141769537e-07,4.4721359549995795e-09,True,CERTIFIED_GLOBAL
mixed,tangent,4,5,0.0001,0.0001,0.574353842116223,7.493496856752775e-07,7.493496856752776e-07,7.4934968567527753063653945401275804991803312812737953822760668796708668587161930828817823518258E-7,7.4934968567527753063653945401275804991803312812737953864670320484474957760672188219317758455430E-7,"[0,""6402404855895206824977468074006194783866216669905327186286993771982813714409043026321305699"",-322,302]","[0,""6402404855895206824977468074006194783866216669905327189867732679384001017353294590317582719"",-322,302]",5.592802998242316e-55,7.37787946466881e-07,1.414213562373095e-08,True,CERTIFIED_GLOBAL
mixed,tangent,5,5,0.00031622776601683794,0.0001,0.5756613394611355,4.185425687780034e-06,4.185425687780035e-06,0.0000041854256877800340289556524244796568253468358056389569538272223265720067925711534497766330156285,0.0000041854256877800340289556524244796568253468358056389569561786546949557856321082425674490901699753,"[0,""279375469028390979146869990639248250609776849348615461946626632579760798471671115840303399"",-315,298]","[0,""4470007504454255666349919850227972009756429589577847393657340648632449416383335134283451659"",-319,302]",5.618143873033349e-55,4.148886515256522e-06,4.4721359549995796e-08,True,CERTIFIED_GLOBAL
mixed,tangent,6,5,0.001,0.0001,0.5763991631633594,2.3446397424443783e-05,2.3446397424443786e-05,0.000023446397424443783526520484397439656425045557956157955541456148139056334079511960940523701822385,0.000023446397424443783526520484397439656425045557956157955554662355620950345966555029284642337275829,"[0,""391259382325479199085978771412361699318346110855637387810103441567057987108582959231161765"",-313,298]","[0,""3130075058603833592687830171298893594546768886845099104243845530974422412814703991561107103"",-316,301]",5.6325102926584476e-55,2.333090341053722e-05,1.4142135623730952e-07,True,CERTIFIED_GLOBAL
mixed,tangent,7,5,0.0031622776601683794,0.0001,0.576814802384792,0.00013156430810794178,0.0001315643081079418,0.00013156430810794180200566808772444891431190590601912904626644526141897355046527196596236511974783,0.00013156430810794180200566808772444891431190590601912904634065581437751653127358010283590880671378,"[0,""2195466066472405995613849524130850828469522737184819075759887516164219244790167668059965571"",-313,301]","[0,""2195466066472405995613849524130850828469522737184819076998268602476484447418542191099557557"",-313,301]",5.640629592157852e-55,0.00013119931141769537,4.472135954999579e-07,True,CERTIFIED_GLOBAL
mixed,tangent,8,5,0.01,0.0001,0.5770486229719863,0.0007389404193987544,0.0007389404193987545,0.00073894041939875451263275100406016709769937883195326343836189853495011912044128554094194554061983,0.00073894041939875451263275100406016709769937883195326343877904624641589532319760135089911614542117,"[0,""3082748351862694954384411670333567297234254589231221068461019078468920749202287214109213813"",-311,301]","[0,""6165496703725389908768823340667134594468509178462442140402593249730710047763420280624453753"",-312,302]",5.6452144248002045e-55,0.000737787946466881,1.414213562373095e-06,True,CERTIFIED_GLOBAL
mixed,tangent,9,5,0.03162277660168379,0.0001,0.5771799211424186,0.004152514010531637,0.004152514010531638,0.0041525140105316373423040566196973591121861538977844651393115299253883475086519772641566411922602,0.0041525140105316373423040566196973591121861538977844651416567911643883842355490489303536754583830,"[0,""2165458030511602255876097203468787211738311472795006946401057940745506734856897441487766863"",-308,301]","[0,""1082729015255801127938048601734393605869155736397503473812033804644224257811914953004090837"",-307,300]",5.647810538512254e-55,0.004148886515256522,4.472135954999579e-06,True,CERTIFIED_GLOBAL
mixed,tangent,10,5,0.1,0.0001,0.5772535100074581,0.02334219308177175,0.023342193081771753,0.023342193081771750627412514808863563065250741969695544046917349888773321607354503720039508612024,0.023342193081771750627412514808863563065250741969695544060104060688343549126977735013386555981593,"[0,""6086257545486720596145163054315512314900303288897027789646428554245153986819334581903574893"",-307,302]","[0,""380391096592920037259072690894719519681268955556064237067796219106266524832847288597223183"",-303,298]",5.649302425601096e-55,0.023330903410537222,1.4142135623730951e-05,True,CERTIFIED_GLOBAL
mixed,tangent,11,5,0.25,0.0001,0.5772886322437328,0.09225052963806843,0.09225052963806844,0.092250529638068442190601490997755806266853293743589473289802176985582656783278535439911144699809,0.092250529638068442190601490997755806266853293743589473341924332504793022323827944911341160826110,"[0,""3006682363338499112117764048079060759556330808126501538151619480685906503984814083967127035"",-304,301]","[0,""3006682363338499112117764048079060759556330808126501539850414775993628256396106480749220303"",-304,301]",5.6500657203491484e-55,0.09222349330836013,3.535533905932738e-05,True,CERTIFIED_GLOBAL
mixed,tangent,0,6,1e-06,0.001,0.38215235638608414,1.9862249569972152e-09,1.9862249569972156e-09,1.9862249569972154311018895788878628774325480432107680875822210643419205632072224910178510747155E-9,1.9862249569972154311018895788878628774325480432107680881622219669360663571269054230737482679785E-9,"[0,""4344371976774266143476660236578177664902370910521862137678137751579781852405535823155693519"",-330,302]","[0,""4344371976774266143476660236578177664902370910521862138946745146153628341195947431325505781"",-330,302]",2.920116880773636e-55,7.377879464668811e-10,1.4142135623730951e-09,False,CERTIFIED_GLOBAL
mixed,tangent,1,6,3.162277660168379e-06,0.001,0.44721344642920663,7.99999799999175e-09,7.999997999991751e-09,7.9999979999917499941411955715002341986799656475607491112164869780840857713174617416800615977092E-9,7.9999979999917499941411955715002341986799656475607491141346925805046235875047361637727556788273E-9,"[0,""4374500355936150249415508747740602707839869829990325985107499602921049662409116378756054765"",-328,302]","[0,""136703136123004695294234648366893834619995932187197687084475357270659108789276428695230251"",-323,297]",3.647757914968913e-55,4.148886515256522e-09,4.4721359549995795e-09,False,CERTIFIED_GLOBAL
mixed,tangent,2,6,1e-05,0.001,0.49579331780725877,3.527735090583132e-08,3.5277350905831325e-08,3.5277350905831320621770198200980257709768169037166556701668768448765697334642073268308419627564E-8,3.5277350905831320621770198200980257709768169037166556716801524883652963118024955877546623558224E-8,"[0,""4822525708575262391961375820966420610134691982515796276755360613382481334925813397416085849"",-326,302]","[0,""602815713571907798995171977620802576266836497814474534853007049174153601867492935105395819"",-323,299]",4.289652155368002e-55,2.333090341053722e-08,1.414213562373095e-08,False,CERTIFIED_GLOBAL
mixed,tangent,3,6,3.1622776601683795e-05,0.001,0.5283791590970357,1.684781691675339e-07,1.6847816916753392e-07,1.6847816916753390900678366263406005893637705485614928756110769203476767423640788985584141281898E-7,1.6847816916753390900678366263406005893637705485614928764169515650703170790005122431203599345473E-7,"[0,""5757874962840678675379131010468249456119773773012848502547454592106174154757398876628969801"",-324,302]","[0,""5757874962840678675379131010468249456119773773012848505301595062034060579549467179687351345"",-324,302]",4.783258559281246e-55,1.3119931141769537e-07,4.4721359549995796e-08,False,CERTIFIED_GLOBAL
mixed,tangent,4,6,0.0001,0.001,0.5487317299260415,8.546753512660187e-07,8.546753512660188e-07,8.5467535126601876156452185068627715616169087782936465392307999589125613856765423153096147374300E-7,8.5467535126601876156452185068627715616169087782936465436095861948421783832236891444514899439508E-7,"[0,""7302301880901464235695833784176720511646082952603875035170346435556215920634312675552393281"",-322,302]","[0,""7302301880901464235695833784176720511646082952603875038911558688762048509672897864991117549"",-322,302]",5.123332771260317e-55,7.37787946466881e-07,1.4142135623730952e-07,True,CERTIFIED_GLOBAL
mixed,tangent,5,6,0.00031622776601683794,0.001,0.5608957424460215,4.516601155968697e-06,4.5166011559686975e-06,0.0000045166011559686972354623497655842546021214523358765063574201209699741521499600990853081217458305,0.0000045166011559686972354623497655842546021214523358765063598320136822231185172566670456952099299022,"[0,""301481297361704178233640768287005906317772367125101122570327016148596729956152123150531735"",-315,298]","[0,""4823700757787266851738252292592094501084357874001617963701118041075504763829266550106524641"",-319,302]",5.340061318147708e-55,4.148886515256522e-06,4.472135954999579e-07,True,CERTIFIED_GLOBAL
mixed,tangent,6,6,0.001,0.001,0.567978329248334,2.4490042478884204e-05,2.4490042478884208e-05,0.000024490042478884206291439613755586127935810534635318050789295605859620250779527933083096591307761,0.000024490042478884206291439613755586127935810534635318050802695001231145493139749032536052928300608,"[0,""6538801655506131617733410314483480666644131193407000976258628855193387892915771869264232639"",-317,302]","[0,""3269400827753065808866705157241740333322065596703500489918122852768979205976626659212223529"",-316,301]",5.471364691620467e-55,2.333090341053722e-05,1.414213562373095e-06,True,CERTIFIED_GLOBAL
mixed,tangent,7,6,0.0031622776601683794,0.001,0.5720398416450031,0.00013485682040549767,0.0001348568204054977,0.00013485682040549767191530574833244432993377526039214447030300734757690414626701739119412898115052,0.00013485682040549767191530574833244432993377526039214447037783267547562365050296784861559563327103,"[0,""2250409531966074027538548453738967449664614712369979265982427004778902551197718601415374941"",-313,301]","[0,""562602382991518506884637113434741862416153678092494816807766771409952303873769597593588167"",-311,299]",5.548501564379841e-55,0.00013119931141769537,4.472135954999579e-06,True,CERTIFIED_GLOBAL
mixed,tangent,8,6,0.01,0.001,0.5743477923959082,0.000749326194074637,0.0007493261940746371,0.00074932619407463707437771455464958075686401732356164630064077049863279677520751250446544343966388,0.00074932619407463707437771455464958075686401732356164630105987161316655950647164984248763713535080,"[0,""6252152485231955704402933732846190404398641111732999104111199886540061178549297425412096319"",-312,302]","[0,""6252152485231955704402933732846190404398641111732999107608053587259286591297420005148450947"",-312,302]",5.59303969149673e-55,0.000737787946466881,1.4142135623730951e-05,True,CERTIFIED_GLOBAL
mixed,tangent,9,6,0.03162277660168379,0.001,0.5756511595463856,0.004185185772209948,0.004185185772209949,0.0041851857722099485493894016515701462083449414264287106510282125395636409850694350934701197634241,0.0041851857722099485493894016515701462083449414264287106533796932220897461057391914414706535839503,"[0,""4364991480645065026287673514829249503316884173379580376599097353851652888797606239231348149"",-309,302]","[0,""1091247870161266256571918378707312375829221043344895094762900834201952999530105590690515087"",-307,300]",5.618581373711465e-55,0.004148886515256522,4.4721359549995795e-05,True,CERTIFIED_GLOBAL
mixed,tangent,10,6,0.1,0.001,0.576383993920048,0.023443844281611507,0.02344384428161151,0.023443844281611507480287857391175483480288624245899370048111348410990520539001032587916448361564,0.023443844281611507480287857391175483480288624245899370061318124851563306765372691715682679255075,"[0,""1528190535207236982841042885394004386716422247410852846106093590897030434457961958159360691"",-305,300]","[0,""191023816900904622855130360674250548339552780926356605870872413825542702521268663355122797"",-302,297]",5.633366389031895e-55,0.023330903410537222,0.0001414213562373095,True,CERTIFIED_GLOBAL
mixed,tangent,11,6,0.25,0.001,0.5767343557046978,0.09249392748852013,0.09249392748852014,0.092493927488520134656937602665631310905289828774102721517673383110744903202339241209318441031785,0.092493927488520134656937602665631310905289828774102721569848850655135606019587188985238953452818,"[0,""6029230652370840739384922253728620291887334008100798777978860909190818854932703779238631897"",-305,302]","[0,""6029230652370840739384922253728620291887334008100798781379926652230697465390565528834946757"",-305,302]",5.640961408073676e-55,0.09222349330836013,0.00035355339059327376,True,CERTIFIED_GLOBAL
mixed,tangent,0,7,1e-06,0.01,0.11754833503017026,1.4448986725447493e-08,1.4448986725447495e-08,1.4448986725447494010661611128915001478959464947369010949364261707749362794778086552712047833693E-8,1.4448986725447494010661611128915001478959464947369010950488086643303538590980714064908630335429E-8,"[0,""1975222292975946837495665902613409849966517162649401578181755801296053035297014979558833691"",-326,300]","[0,""7900889171903787349982663610453639399866068650597606313341544931389235310416447909374683003"",-328,302]",7.777880600962143e-56,7.377879464668811e-10,1.414213562373095e-08,False,CERTIFIED_GLOBAL
mixed,tangent,1,7,3.162277660168379e-06,0.01,0.16738619159952256,4.678780222046857e-08,4.678780222046858e-08,4.6787802220468574546174033564004080678623664187695968445351608265555054063064684880021223549523E-8,4.6787802220468574546174033564004080678623664187695968450609329428867377025424790172810251801757E-8,"[0,""3198020447428878260911758050277147401377385661466493747139992050096193968093123208791910069"",-325,301]","[0,""6396040894857756521823516100554294802754771322932987494998731251765004123901445049392150825"",-326,302]",1.1237375798370354e-55,4.148886515256522e-09,4.4721359549995796e-08,False,CERTIFIED_GLOBAL
mixed,tangent,2,7,1e-05,0.01,0.23171449961775784,1.5518193550840423e-07,1.5518193550840426e-07,1.5518193550840425675749615542776355533593865026013236857923504225781860609706906106312277759187E-7,1.5518193550840425675749615542776355533593865026013236860403026555833006767621859474659191305744E-7,"[0,""5303465639281059759809382972271454784133362044102322819468808897963416462223322356932097503"",-324,302]","[0,""5303465639281059759809382972271454784133362044102322820316205306325921453177578395524151655"",-324,302]",1.597816345006769e-55,2.333090341053722e-08,1.4142135623730952e-07,False,CERTIFIED_GLOBAL
mixed,tangent,3,7,3.1622776601683795e-05,0.01,0.3065874605952889,5.371305016710332e-07,5.371305016710333e-07,5.3713050167103319166596123207290647939403410841397462790175439442646418393085735909095831313298E-7,5.3713050167103319166596123207290647939403410841397462802036299401431082846751775079506101039407E-7,"[0,""2294607576334043254007827526575950968241362057048774327978567194136113474329693106688466981"",-321,301]","[0,""4589215152668086508015655053151901936482724114097548656970520112545725474730434892885886395"",-322,302]",2.2081896153514058e-55,1.3119931141769537e-07,4.472135954999579e-07,False,CERTIFIED_GLOBAL
mixed,tangent,4,7,0.0001,0.01,0.38214425806009544,1.9862074734781645e-06,1.986207473478165e-06,0.0000019862074734781646872739984118140841227789537290766076114102035415167263388573657543663167085921,0.0000019862074734781646872739984118140841227789537290766076119902126932900712117681671695854442829453,"[0,""4242513413998584615666474632592536796230620638683217441622290943769044125717843976910405675"",-320,302]","[0,""4242513413998584615666474632592536796230620638683217442861182972672392308588496188332140963"",-320,302]",2.920184117310045e-55,7.37787946466881e-07,1.414213562373095e-06,False,CERTIFIED_GLOBAL
mixed,tangent,5,7,0.00031622776601683794,0.01,0.4471986928521685,7.99979991749414e-06,7.999799917494142e-06,0.0000079997999174941403903061340760828642483378361168120422538277619919599807352956559843325884563918,0.0000079997999174941403903061340760828642483378361168120422567460398575407165900209234306444013065896,"[0,""1067966807108040622707934921329038320725938163637950368870817272983441296216406500988650509"",-316,300]","[0,""2135933614216081245415869842658076641451876327275900738520810006978807097569855287897740779"",-317,301]",3.6479385680621595e-55,4.148886515256522e-06,4.472135954999579e-06,False,CERTIFIED_GLOBAL
mixed,tangent,6,7,0.001,0.01,0.495768347460155,3.527521713067127e-05,3.5275217130671275e-05,0.000035275217130671271238801457560197587098034261248674958734205198514613317833428244400212334990074,0.000035275217130671271238801457560197587098034261248674958749338586431513274255563189655883251989776,"[0,""4709212905025564957959816490982053005667530138357248426885142647915658704598585331801399959"",-316,302]","[0,""1177303226256391239489954122745513251416882534589312107226359418229859267137355627577100973"",-314,300]",4.290090649432659e-55,2.333090341053722e-05,1.4142135623730951e-05,False,CERTIFIED_GLOBAL
mixed,tangent,7,7,0.0031622776601683794,0.01,0.5283379763395292,0.000168455888990506,0.00016845588899050602,0.00016845588899050601521373902227456157253330730978571244826851140942157278432892332568223366001999,0.00016845588899050601521373902227456157253330730978571244834910451287531602344973153406305750573276,"[0,""5622181172003950206191137966052433373413042715433915247509060110375069467874941061248755119"",-314,302]","[0,""5622181172003950206191137966052433373413042715433915250198838612903636382296946164381630895"",-314,302]",4.784225944056214e-55,0.00013119931141769537,4.4721359549995795e-05,False,CERTIFIED_GLOBAL
mixed,tangent,8,7,0.01,0.01,0.5486639716870373,0.0008544459908889766,0.0008544459908889767,0.00085444599088897660734763942321841649266318433855596463089920013230979112275102623867945996667760,0.00085444599088897660734763942321841649266318433855596463133713120832520057907538263417951329087412,"[0,""7129240466536914396814480310034020101167284574462613993781447949927994381735682329717807647"",-312,302]","[0,""3564620233268457198407240155017010050583642287231306998717706594096437038957519391474059243"",-311,301]",5.1253219125035664e-55,0.000737787946466881,0.0001414213562373095,True,CERTIFIED_GLOBAL
mixed,tangent,9,7,0.03162277660168379,0.01,0.5607858919204771,0.004514231531578681,0.004514231531578682,0.0045142315315786808752499146980476512183852904410441400038278417422543061302287644353129024039309,0.0045142315315786808752499146980476512183852904410441400062402556640575059827957411562088012851360,"[0,""4708173842088601935367479597564723839990804237971207983270476774448770940499976925104064181"",-309,302]","[0,""4708173842088601935367479597564723839990804237971207985786533836092694285273246442901025373"",-309,302]",5.344019031650222e-55,0.004148886515256522,0.00044721359549995795,True,CERTIFIED_GLOBAL
mixed,tangent,10,7,0.1,0.01,0.5678175970808994,0.024464650977986085,0.02446465097798609,0.024464650977986087135282216718334544749763265730409725869890498549128070093767797055359518414523,0.024464650977986087135282216718334544749763265730409725883295800922571436099455875579846247373476,"[0,""3189463948199957048293806264965905246589562364903259161618723232493242928603097352207616203"",-306,301]","[0,""1594731974099978524146903132482952623294781182451629581683188278913700206005875525722220847"",-305,300]",5.479457845323768e-55,0.023330903410537222,0.001414213562373095,True,CERTIFIED_GLOBAL
mixed,tangent,11,7,0.25,0.01,0.57123647891033,0.09493485388863003,0.09493485388863004,0.094934853888630034528071610342014896399600316373879504981584754198112462380265402727414235638427,0.094934853888630034528071610342014896399600316373879505034290429837541630248408479847768827095035,"[0,""3094171404467156246647658312455272948254168736856462920242568989513334549814776502251695143"",-304,301]","[0,""6188342808934312493295316624910545896508337473712925843920765416931735794666912794073466513"",-305,302]",5.5517729769994954e-55,0.09222349330836013,0.0035355339059327377,True,CERTIFIED_GLOBAL
mixed,tangent,0,8,1e-06,0.1,0.02601453019791003,1.4156523552254187e-07,1.415652355225419e-07,1.4156523552254187748544895853023377423729046474620056802947700239327721315191215451887394331063E-7,1.4156523552254187748544895853023377423729046474620056803188177094990042189116826783758670732814E-7,"[0,""4838104125011836052204993131020795686954936738442965716415085025022247291254492696572485021"",-324,302]","[0,""4838104125011836052204993131020795686954936738442965716497269896403645896962822139366292091"",-324,302]",1.6986999299275633e-56,7.377879464668811e-10,1.4142135623730952e-07,False,CERTIFIED_GLOBAL
mixed,tangent,1,8,3.162277660168379e-06,0.1,0.038124250916691124,4.481932501593725e-07,4.4819325015937256e-07,4.4819325015937255226931892250163670643443299789583639506733473589780901375554461630475433010104E-7,4.4819325015937255226931892250163670643443299789583639507850109987733428185729173471835809279320E-7,"[0,""3829339887710708553261141597176743108125459798698918809421353946790913311140759161599102743"",-322,301]","[0,""3829339887710708553261141597176743108125459798698918809516758781585474092311432453197589259"",-322,301]",2.491417257077083e-56,4.148886515256522e-09,4.472135954999579e-07,False,CERTIFIED_GLOBAL
mixed,tangent,2,8,1e-05,0.1,0.05577108271596249,1.4208793572540762e-06,1.4208793572540764e-06,0.0000014208793572540762990415051913387389347017308266349511296130948707021141697321167136086034798794,0.0000014208793572540762990415051913387389347017308266349511296649685766102091213450886417489003896721,"[0,""6069959773404684603231349805865823039302188462670732351018063383515361436051400808673607843"",-321,302]","[0,""758744971675585575403918725733227879912773557833841543904958313770636363750479906707567759"",-318,299]",3.650817055175156e-56,2.333090341053722e-08,1.414213562373095e-06,False,CERTIFIED_GLOBAL
mixed,tangent,3,8,3.1622776601683795e-05,0.1,0.0812780751504833,4.517426059769596e-06,4.517426059769597e-06,0.0000045174260597695969571737815823043891980525812107570997760848918648914803494586461434813450170308,0.0000045174260597695969571737815823043891980525812107570997763261057578451055115024064324006392096224,"[0,""4824581749699568696307242743143400866897440145782628352719622001197228090533826618485712227"",-319,302]","[0,""4824581749699568696307242743143400866897440145782628352977236875313706844738823105236107151"",-319,302]",5.339631236065606e-56,1.3119931141769537e-07,4.472135954999579e-06,False,CERTIFIED_GLOBAL
mixed,tangent,4,8,0.0001,0.1,0.11752688351822459,1.4448928912874183e-05,1.4448928912874185e-05,0.000014448928912874183870924374692874674645541709133547054603312598302733952630667227557407093714896,0.000014448928912874183870924374692874674645541709133547054604436528675198930189593042648176469564103,"[0,""7715681210210516412543838471301146790976614370762076132324909333564178977477481749916443003"",-318,302]","[0,""3857840605105258206271919235650573395488307185381038066462542254889958472406800809952741855"",-317,301]",7.778641442851455e-56,7.37787946466881e-07,1.4142135623730951e-05,False,CERTIFIED_GLOBAL
mixed,tangent,5,8,0.00031622776601683794,0.1,0.16732413855324899,4.678698441668978e-05,4.678698441668979e-05,0.000046786984416689783417166034899661397709351978153194472012680757765826785783503421720066222300438,0.000046786984416689783417166034899661397709351978153194472017939510191295616915712141962153720238442,"[0,""6246024510242688791888314500881745629135596041928261249925820379437777379153753496907923769"",-316,302]","[0,""3123012255121344395944157250440872814567798020964130625313929783653859477840492963231443461"",-315,301]",1.123977638446161e-55,4.148886515256522e-06,4.4721359549995795e-05,False,CERTIFIED_GLOBAL
mixed,tangent,6,8,0.001,0.1,0.23154873449439173,0.00015517074856198865,0.00015517074856198867,0.00015517074856198865808537489799598108167123880804932899288882574670741266362361747214603358905327,0.00015517074856198865808537489799598108167123880804932899291363086063587460782849185313475201452470,"[0,""5178792301289858973920732441857796373155750542947721411184942915050060105195868809424724549"",-314,302]","[0,""647349037661232371740091555232224546644468817868465176501601070974491712024840732414212615"",-311,299]",1.5985689415265422e-55,2.333090341053722e-05,0.0001414213562373095,False,CERTIFIED_GLOBAL
mixed,tangent,7,8,0.0031622776601683794,0.1,0.306194823944084,0.0005369851426301289,0.000536985142630129,0.00053698514263012888218596459705809132584213966268681044344836442829442362828757826066696087033770,0.00053698514263012888218596459705809132584213966268681044356706523347447996188174688427130060588433,"[0,""4480442590391000487002645742496019588495236750613913566416876199310045006182481000854989679"",-312,302]","[0,""4480442590391000487002645742496019588495236750613913567407280031411505699172716270946455653"",-312,302]",2.2105044582549373e-55,0.00013119931141769537,0.00044721359549995795,False,CERTIFIED_GLOBAL
mixed,tangent,8,8,0.01,0.1,0.38133990575506493,0.0019844318098026607,0.001984431809802661,0.0019844318098026607910648792017433345062127417746520234406260854680205874187225967909720377628293,0.0019844318098026607910648792017433345062127417746520234412069310171927282524664867178068019518574,"[0,""2069687802445094052583054790511735290331427407476764004668022789604172617091564259437463247"",-309,301]","[0,""517421950611273513145763697627933822582856851869191001318455717286791973440119732017539455"",-307,299]",2.92701188472635e-55,0.000737787946466881,0.001414213562373095,False,CERTIFIED_GLOBAL
mixed,tangent,9,8,0.03162277660168379,0.1,0.44576753428746035,0.007979169058063746,0.007979169058063748,0.0079791690580637467625850497328553099834487605329695941024108352717436560729496480220394335396411,0.0079791690580637467625850497328553099834487605329695941053367129265294528031840158199116812601088,"[0,""4160986734727886358181196797290094635372553783716687824586412413152519216781260185835984099"",-308,302]","[0,""4160986734727886358181196797290094635372553783716687826112202632711390737795064646331330407"",-308,302]",3.666895178551087e-55,0.004148886515256522,0.00447213595499958,False,CERTIFIED_GLOBAL
mixed,tangent,10,8,0.1,0.1,0.4935839574612931,0.03503685160168024,0.03503685160168025,0.035036851601680242232147977163929906325027969382607635951270235583185136653900614126694371730817,0.035036851601680242232147977163929906325027969382607635966478986956528480540468871536564632758696,"[0,""4567764941447373749932436494990401628193080932944928426243789113871875773851304718514829319"",-306,302]","[0,""1141941235361843437483109123747600407048270233236232107056639657709999577398484853013807699"",-304,300]",4.340787107884427e-55,0.023330903410537222,0.01414213562373095,False,CERTIFIED_GLOBAL
mixed,tangent,11,8,0.25,0.1,0.5204990925936238,0.11997556817096973,0.11997556817096974,0.11997556817096973125553173242233551240233197600316103135919826309339985783021602349894923209679,0.11997556817096973125553173242233551240233197600316103141693937884325073001272236475855415323123,"[0,""1955156389163488156959284449407999906685549740742284774166807752894284372234513062194112335"",-303,300]","[0,""7820625556653952627837137797631999626742198962969139100431094374653618867967939668967025619"",-305,302]",4.8127395127287575e-55,0.09222349330836013,0.035355339059327376,False,CERTIFIED_GLOBAL
mixed,residual,0,0,1e-06,0.0,0.5773502691896257,7.37787946466881e-10,7.377879464668811e-10,7.3778794646688106160586018229355443236927878835327298367788013645002565689805322116266738572804E-10,7.3778794646688106160586018229355443236927878835327298409480996574353053845409080127527275411780E-10,"[0,""6454908882583422415044701927563862506170534380636086367832591571734442323501284703228850889"",-332,302]","[0,""50428975645182987617536733809092675829457299848719424777189936382483955297490772732934443"",-325,295]",5.6510794367148235e-55,7.377879464668811e-10,0.0,True,CERTIFIED_GLOBAL
mixed,residual,1,0,3.162277660168379e-06,0.0,0.5773502691896257,4.1488865152565215e-09,4.148886515256522e-09,4.1488865152565222193729621981344729437206686971902115481328832502407410678070775563878975043467E-9,4.1488865152565222193729621981344729437206686971902115504774519774036966536414056396210720079488E-9,"[0,""1134331879692161610544966584678194037432902881562893056638756239162926535366356025378365255"",-327,300]","[0,""4537327518768646442179866338712776149731611526251572229119104780547085312453140217210713667"",-329,302]",5.6510794367148235e-55,4.148886515256522e-09,0.0,True,CERTIFIED_GLOBAL
mixed,residual,2,0,1e-05,0.0,0.5773502691896257,2.333090341053722e-08,2.3330903410537223e-08,2.3330903410537221525762242432462388872945483469915545451169023473454376251103638728185083428963E-8,2.3330903410537221525762242432462388872945483469915545464353502323781040613028206200934178044489E-8,"[0,""6378816924317497823500696824232426647190680792330207216808741726092003748815201172082601313"",-327,302]","[0,""1594704231079374455875174206058106661797670198082551805103365460312478700284029838765086389"",-325,300]",5.6510794367148235e-55,2.333090341053722e-08,0.0,True,CERTIFIED_GLOBAL
mixed,residual,3,0,3.1622776601683795e-05,0.0,0.5773502691896257,1.3119931141769534e-07,1.3119931141769537e-07,1.3119931141769536123594848028543489718487320599538664018707733943590337759500573339135753377287E-7,1.3119931141769536123594848028543489718487320599538664026121911252227164304261876053422051040889E-7,"[0,""280240028309947529867467477028947396919882041734745687077602826507322751793558984664627187"",-320,298]","[0,""2241920226479580238939739816231579175359056333877965497887749541119961667095834275659661195"",-323,301]",5.6510794367148235e-55,1.3119931141769537e-07,0.0,True,CERTIFIED_GLOBAL
mixed,residual,4,0,0.0001,0.0,0.5773502691896257,7.37787946466881e-07,7.377879464668811e-07,7.3778794646688106160586018229355443236927878835327298367788013645002565689805322116266738510900E-7,7.3778794646688106160586018229355443236927878835327298409480996574353053845409080127527275458596E-7,"[0,""6303621955647873452192091726136584478682162481089928093586515206771916331544223342996924691"",-322,302]","[0,""6303621955647873452192091726136584478682162481089928097148742047810494412186346591616805379"",-322,302]",5.6510794367148235e-55,7.37787946466881e-07,0.0,True,CERTIFIED_GLOBAL
mixed,residual,5,0,0.00031622776601683794,0.0,0.5773502691896257,4.148886515256522e-06,4.148886515256523e-06,0.0000041488865152565222193729621981344729437206686971902115481328832502407410678070775563878975012159,0.0000041488865152565222193729621981344729437206686971902115504774519774036966536414056396210720094191,"[0,""2215491952523753145595637860699597729361138440552525501247570779615090889387414112067119637"",-318,301]","[0,""4430983905047506291191275721399195458722276881105051004999125762253013000442519743369837567"",-319,302]",5.6510794367148235e-55,4.148886515256522e-06,0.0,True,CERTIFIED_GLOBAL
mixed,residual,6,0,0.001,0.0,0.5773502691896257,2.333090341053722e-05,2.3330903410537224e-05,0.000023330903410537221525762242432462388872945483469915545451169023473454376251103638728185083415006,0.000023330903410537221525762242432462388872945483469915545464353502323781040613028206200934178051862,"[0,""6229313402653806468262399242414479147647149211259967985164786841886722410952344894611915341"",-317,302]","[0,""6229313402653806468262399242414479147647149211259967988685021329345619922984491557676118709"",-317,302]",5.6510794367148235e-55,2.333090341053722e-05,0.0,True,CERTIFIED_GLOBAL
mixed,residual,7,0,0.0031622776601683794,0.0,0.5773502691896257,0.00013119931141769534,0.00013119931141769537,0.00013119931141769536123594848028543489718487320599538664018707733943590337759500573339135753368672,0.00013119931141769536123594848028543489718487320599538664026121911252227164304261876053422051045430,"[0,""2189375221171465077089589664288651538436578451052700680293772082088458998387179567692399897"",-313,301]","[0,""4378750442342930154179179328577303076873156902105401363062010822499925131046551319647775773"",-314,302]",5.6510794367148235e-55,0.00013119931141769537,0.0,True,CERTIFIED_GLOBAL
mixed,residual,8,0,0.01,0.0,0.5773502691896257,0.000737787946466881,0.0007377879464668812,0.00073778794646688106160586018229355443236927878835327298367788013645002565689805322116266738444326,0.00073778794646688106160586018229355443236927878835327298409480996574353053845409080127527275483409,"[0,""6155880816062376418156339576305258279963049297939382903893081256613199542523655608395434263"",-312,302]","[0,""6155880816062376418156339576305258279963049297939382907371818406064935949400729093375786505"",-312,302]",5.6510794367148235e-55,0.000737787946466881,0.0,True,CERTIFIED_GLOBAL
mixed,residual,9,0,0.03162277660168379,0.0,0.5773502691896257,0.0041488865152565215,0.004148886515256522,0.0041488865152565222193729621981344729437206686971902115481328832502407410678070775563878974983245,0.0041488865152565222193729621981344729437206686971902115504774519774036966536414056396210720103555,"[0,""2163566359886477681245740098339450907579236758352075684812080839467862196667396593815546519"",-308,301]","[0,""540891589971619420311435024584862726894809189588018921508682344025026001030581023360575875"",-306,299]",5.6510794367148235e-55,0.004148886515256522,0.0,True,CERTIFIED_GLOBAL
mixed,residual,10,0,0.1,0.0,0.5773502691896257,0.02333090341053722,0.023330903410537222,0.023330903410537221525762242432462388872945483469915545451169023473454376251103638728185083398916,0.023330903410537221525762242432462388872945483469915545464353502323781040613028206200934178064297,"[0,""6083313869779107879162499260170389792624169151621062485512487150280002354445649311144448571"",-307,302]","[0,""760414233722388484895312407521298724078021143952632811118777017742385244504942817099135585"",-304,299]",5.6510794367148235e-55,0.023330903410537222,0.0,True,CERTIFIED_GLOBAL
mixed,residual,11,0,0.25,0.0,0.5773502691896257,0.09222349330836012,0.09222349330836013,0.092223493308360132700732522786694304046159848544159122959735017056253207112256652645333423247769,0.092223493308360132700732522786694304046159848544159123011851245717941317306761350159409094250111,"[0,""6011602359435914470855800367485603789026415330018928617083087164661327678245757430073666285"",-305,302]","[0,""3005801179717957235427900183742801894513207665009464310240145706086394506543324752624895751"",-304,301]",5.6510794367148235e-55,0.09222349330836013,0.0,True,CERTIFIED_GLOBAL
mixed,residual,0,1,1e-06,1e-08,0.5773523989960448,7.377920289573156e-10,7.377920289573157e-10,7.3779202895731570767350048338342481789110046412668470302040847891470338799258987609139119000997E-10,7.3779202895731570767350048338342481789110046412668470343734138427048928375738904060150179730548E-10,"[0,""6454944600304070812343987791887295098735870599547565522396151471301597919024240436794803365"",-332,302]","[0,""6454944600304070812343987791887295098735870599547565526043898669002916377653831480266179635"",-332,302]",5.65108985990288e-55,7.377879464668811e-10,1e-14,True,CERTIFIED_GLOBAL
mixed,residual,1,1,3.162277660168379e-06,1e-08,0.5773514668687567,4.1488994252144e-09,4.1488994252144005e-09,4.1488994252144000418190571956880085133744605448047554728405194554015052573871401990180468667561E-9,4.1488994252144000418190571956880085133744605448047554751850979099216041143197469232511242773444E-9,"[0,""1134335409356502258707432361686976239601419261920558792962791989577152173755957495398887333"",-327,300]","[0,""1134335409356502258707432361686976239601419261920558793603814605072117196867645779821861783"",-327,300]",5.651085298118403e-55,4.148886515256522e-09,3.1622776601683796e-14,True,CERTIFIED_GLOBAL
mixed,residual,2,1,1e-05,1e-08,0.5773509426944011,2.333094423539008e-08,2.3330944235390083e-08,2.3330944235390079906385439073859271097338435434615898412291515035443263604623966652648449515328E-8,2.3330944235390079906385439073859271097338435434615898425476024646363641832685738109848269402492E-8,"[0,""6378828086091123280104965985476127151419357465475368936768695208780230787902230150402559027"",-327,302]","[0,""6378828086091123280104965985476127151419357465475368940373423734079503766406787987548399521"",-327,302]",5.651082732828769e-55,2.333090341053722e-08,1e-13,True,CERTIFIED_GLOBAL
mixed,residual,3,1,3.1622776601683795e-05,1e-08,0.5773506479292904,1.3119944051718256e-07,1.3119944051718259e-07,1.3119944051718257920293160928528281296385524945991497040655990469009937445747946536809978920432E-7,1.3119944051718257920293160928528281296385524945991497048070177504998733123434212701246180651400E-7,"[0,""560480608129557142964363819378762150142057426804399359378938916201305689893002208755259183"",-321,299]","[0,""4483844865036457143714910555030097201136459414435194877565368512132836809865049176638982021"",-324,302]",5.6510812902573274e-55,1.3119931141769537e-07,3.162277660168379e-13,True,CERTIFIED_GLOBAL
mixed,residual,4,1,0.0001,1e-08,0.5773504821706212,7.377883547152467e-07,7.377883547152469e-07,7.3778835471524682562658477503675690244363030684627872663633936526009511672050194363834936273107E-7,7.3778835471524682562658477503675690244363030684627872705326950215944512623082669980755177273018E-7,"[0,""6303625443700740283576785145266263198266895551338115905441712418582297876478863036023193859"",-322,302]","[0,""6303625443700740283576785145266263198266895551338115909003941887789265424343376935436364829"",-322,302]",5.65108047903882e-55,7.37787946466881e-07,1e-12,True,CERTIFIED_GLOBAL
mixed,residual,5,1,0.00031622776601683794,1e-08,0.5773503889576507,4.148887806251105e-06,4.148887806251106e-06,0.0000041488878062511048599058221065316500063630457784659944532314505414854653515078248119022515112614,0.0000041488878062511048599058221065316500063630457784659944555760202413834542298154352057947935152944,"[0,""4430985283821352273343366584812911993048373682067602276270178788140657542446937239985777593"",-319,302]","[0,""4430985283821352273343366584812911993048373682067602278774164030038199013523525637900877971"",-319,302]",5.651080022856823e-55,4.148886515256522e-06,3.1622776601683794e-12,True,CERTIFIED_GLOBAL
mixed,residual,6,1,0.001,1e-08,0.5773503365401387,2.333090749302036e-05,2.3330907493020365e-05,0.000023330907493020364284418955068235698916872407584175155776749938937122741942503936916989538856037,0.000023330907493020364284418955068235698916872407584175155789934420863507566620364212198014100248607,"[0,""778664311583773735066311773737656508410321714842051828514524310109773909090663197183047815"",-314,299]","[0,""3114657246335094940265247094950626033641286859368207315818214894819816403226422972792536947"",-316,301]",5.651079766326738e-55,2.333090341053722e-05,1e-11,True,CERTIFIED_GLOBAL
mixed,residual,7,1,0.0031622776601683794,1e-08,0.5773503070636034,0.00013119932432764027,0.0001311993243276403,0.00013119932432764027203795230046911276081887720666311635203226499417654230064258397071311057737738,0.00013119932432764027203795230046911276081887720666311635210640677699026038160026482869866390386529,"[0,""2189375436604863232763105628778274385064144102017970031386223744379202511192162269572054143"",-313,301]","[0,""4378750873209726465526211257556548770128288204035940065246914471729741840987162328674825985"",-314,302]",5.651079622069238e-55,0.00013119931141769537,3.1622776601683794e-11,True,CERTIFIED_GLOBAL
mixed,residual,8,1,0.01,1e-08,0.5773502904877289,0.0007377879872917108,0.0007377879872917109,0.00073778798729171086099382223452626163188088649623666030449915544385291486021767893900017861375861,0.00073778798729171086099382223452626163188088649623666030491608530390700042482515508730047907222528,"[0,""1538970289173120662322615414543268657762510188495751142931775815948071782487598520820037653"",-310,300]","[0,""1538970289173120662322615414543268657762510188495751143801460167475265216625857039619318605"",-310,300]",5.6510795409472755e-55,0.000737787946466881,1e-10,True,CERTIFIED_GLOBAL
mixed,residual,9,1,0.03162277660168379,1e-08,0.5773502811664294,0.004148886644355968,0.004148886644355969,0.0041488866443559684320008806859368709368650869986040398022957847240150863551357524327637047088868,0.0041488866443559684320008806859368709368650869986040398046403535484515384598617190225349236010623,"[0,""2163566427209413095001127993311515632631610272456016506019529790067798447798375587632726269"",-308,301]","[0,""2163566427209413095001127993311515632631610272456016507242178377426340915177696669763482629"",-308,301]",5.65107949532904e-55,0.004148886515256522,3.1622776601683795e-10,True,CERTIFIED_GLOBAL
mixed,residual,10,1,0.1,1e-08,0.5773502759246774,0.02333090381878551,0.023330903818785515,0.023330903818785514370825607621750076510681406821429237423138297961360133766909371549746526167144,0.023330903818785514370825607621750076510681406821429237436322777119292602049711405403142340655255,"[0,""1520828494056503683471611777913785063862233221335528829826982098878772225847111277000309103"",-305,300]","[0,""3041656988113007366943223555827570127724466442671057661372828733689745955922792717036845869"",-306,301]",5.65107946967602e-55,0.023330903410537222,1e-09,True,CERTIFIED_GLOBAL
mixed,residual,11,1,0.25,1e-08,0.5773502734492465,0.09222349432898086,0.09222349432898087,0.092223494328980862625398402817323516805960570892699857620534631443224240227860207349971048994495,0.092223494328980862625398402817323516805960570892699857672650860873926858988106617604639576545009,"[0,""3005801212982615556216821798447401699744759687258528396122690624608083251784683122258006163"",-304,301]","[0,""6011602425965231112433643596894803399489519374517056795642585546855954887101480183060209629"",-305,302]",5.651079457561315e-55,0.09222349330836013,2.5e-09,True,CERTIFIED_GLOBAL
mixed,residual,0,2,1e-06,1e-07,0.5773715669002563,7.378287720489198e-10,7.378287720489199e-10,7.3782877204891985819502950256091492279375451309014551631965017168887733235484722522676114177877E-10,7.3782877204891985819502950256091492279375451309014551673661076198815649852117691644194072852110E-10,"[0,""6455266065719038599657922535138002658829790561536164184399474903894612480284482761565493523"",-332,302]","[0,""1613816516429759649914480633784500664707447640384041047011866079311703967144274676144244447"",-330,300]",5.65118366340468e-55,7.377879464668811e-10,1e-13,True,CERTIFIED_GLOBAL
mixed,residual,1,2,3.162277660168379e-06,1e-07,0.5773622458691305,4.149015616040434e-09,4.149015616040435e-09,4.1490156160404339055122688389397113728848673387091765822011614553459720761382080173575725713437E-9,4.1490156160404339055122688389397113728848673387091765845458274567613856853405763048598680447679E-9,"[0,""1134367176665059221859155072540546294419601813836661655873143727940690969255933142078095219"",-327,300]","[0,""4537468706660236887436620290162185177678407255346646626056761117247738816656930638375168857"",-329,302]",5.65113804910915e-55,4.148886515256522e-09,3.162277660168379e-13,True,CERTIFIED_GLOBAL
mixed,residual,2,2,1e-05,1e-07,0.5773570042020241,2.3331311661208876e-08,2.333131166120888e-08,2.3331311661208876487561178266535640631678300061619184138648041339469119827643592284948671015207E-8,2.3331311661208876487561178266535640631678300061619184151832827796943984204739633678943268505758E-8,"[0,""797366067829960203978477004024256592851334754647531140198513555102416096545553263326784359"",-324,299]","[0,""6378928542639681631827816032194052742810678037180249125192912657721970939503554308311440607"",-327,302]",5.651112397335193e-55,2.333090341053722e-08,1e-12,True,CERTIFIED_GLOBAL
mixed,residual,3,2,3.1622776601683795e-05,1e-07,0.5773540565750913,1.3120060241637852e-07,1.3120060241637855e-07,1.3120060241637852735024995955758511931044813659410279446358266979477140705238148417561077855070E-7,1.3120060241637852735024995955758511931044813659410279453772541561849019932538058433595318193899E-7,"[0,""1120971143465592654616281804825699966100907353002622820275811385604362386768520317230397041"",-322,300]","[0,""4483884573862370618465127219302799864403629412010491283637132644610130154218053796947303275"",-324,302]",5.6510979719757085e-55,1.3119931141769537e-07,3.1622776601683794e-12,True,CERTIFIED_GLOBAL
mixed,residual,4,2,0.0001,1e-07,0.5773523989960448,7.377920289573156e-07,7.377920289573157e-07,7.3779202895731570767350048338342481789110046412668470302040847891470338799258987609139118952626E-7,7.3779202895731570767350048338342481789110046412668470343734138427048928375738904060150179767946E-7,"[0,""6303656836234444152679675578014936619859248632370669455464991671192966717797109801557425157"",-322,302]","[0,""6303656836234444152679675578014936619859248632370669459027244793948160525052569804947441053"",-322,302]",5.65108985990288e-55,7.37787946466881e-07,1e-11,True,CERTIFIED_GLOBAL
mixed,residual,5,2,0.00031622776601683794,1e-07,0.5773514668687567,4.148899425214399e-06,4.1488994252144e-06,0.0000041488994252144000418190571956880085133744605448047554728405194554015052573871401990180468625133,0.0000041488994252144000418190571956880085133744605448047554751850979099216041143197469232511242784270,"[0,""553874711599854618509488457854968866992880498984647848126363276160718834841776120800237955"",-316,299]","[0,""4430997692798836948075907662839750935943043991877182787514900801062957800264241327429147591"",-319,302]",5.651085298118403e-55,4.148886515256522e-06,3.1622776601683794e-11,True,CERTIFIED_GLOBAL
mixed,residual,6,2,0.001,1e-07,0.5773509426944011,2.3330944235390077e-05,2.333094423539008e-05,0.000023330944235390079906385439073859271097338435434615898412291515035443263604623966652648449501078,0.000023330944235390079906385439073859271097338435434615898425476024646363641832685738109848269405389,"[0,""3114662151411681289113752922595765210653983137439144988656589457412222064405385815626249523"",-316,301]","[0,""1557331075705840644556876461297882605326991568719572495208355403828003849220407223522558477"",-315,300]",5.651082732828769e-55,2.333090341053722e-05,1e-10,True,CERTIFIED_GLOBAL
mixed,residual,7,2,0.0031622776601683794,1e-07,0.5773506479292904,0.00013119944051718258,0.0001311994405171826,0.00013119944051718257920293160928528281296385524945991497040655990469009937445747946536809978910882,0.00013119944051718257920293160928528281296385524945991497048070177504998733123434212701246180654747,"[0,""1094688687753041294852273084724144824496205911727342498786990070705675175572269938975115591"",-312,300]","[0,""4378754751012165179409092338896579297984823646909369997622430187629723447133837086561505881"",-314,302]",5.6510812902573274e-55,0.00013119931141769537,3.1622776601683795e-10,True,CERTIFIED_GLOBAL
mixed,residual,8,2,0.01,1e-07,0.5773504821706212,0.0007377883547152467,0.0007377883547152468,0.00073778835471524682562658477503675690244363030684627872663633936526009511672050194363834936214024,0.00073778835471524682562658477503675690244363030684627872705326950215944512623082669980755177317119,"[0,""769485527795500522897556780428010644319689398356703601738490285471471908749861210452050031"",-309,299]","[0,""769485527795500522897556780428010644319689398356703602173332749974275564495041129814009379"",-309,299]",5.65108047903882e-55,0.000737787946466881,1e-09,True,CERTIFIED_GLOBAL
mixed,residual,9,2,0.03162277660168379,1e-07,0.5773503889576507,0.0041488878062511045,0.004148887806251105,0.0041488878062511048599058221065316500063630457784659944532314505414854653515078248119022515087071,0.0041488878062511048599058221065316500063630457784659944555760202413834542298154352057947935166802,"[0,""270445879139486833089805089405084960513206401493383927995006029549600680080989821776475683"",-305,298]","[0,""4327134066231789329436881430481359368211302423894142850365394560584178724144068005762576145"",-309,302]",5.651080022856823e-55,0.004148886515256522,3.1622776601683795e-09,True,CERTIFIED_GLOBAL
mixed,residual,10,2,0.1,1e-07,0.5773503365401387,0.023330907493020362,0.023330907493020366,0.023330907493020364284418955068235698916872407584175155776749938937122741942503936916989538838059,0.023330907493020364284418955068235698916872407584175155789934420863507566620364212198014100257776,"[0,""3041657467124116152602780366162720735977819198601764955134860586366304332385403113996280525"",-306,301]","[0,""6083314934248232305205560732325441471955638397203529913707450966444953912551607368735423727"",-307,302]",5.651079766326738e-55,0.023330903410537222,1e-08,True,CERTIFIED_GLOBAL
mixed,residual,11,2,0.25,1e-07,0.5773503117858312,0.09222350351456776,0.09222350351456778,0.092223503514567770798133510117875830653136526101963931055824609807355198799094454698820779455830,0.092223503514567770798133510117875830653136526101963931107940846159188586138257228328512999411711,"[0,""3005801512364551487335555412572459090802256186901235176335315414567345076280160547909750595"",-304,301]","[0,""3005801512364551487335555412572459090802256186901235178033917788964717228219097047167341591"",-304,301]",5.651079645179715e-55,0.09222349330836013,2.5e-08,True,CERTIFIED_GLOBAL
mixed,residual,0,3,1e-06,1e-06,0.5775632109334253,7.381962700482513e-10,7.381962700482514e-10,7.3819627004825135291298627071482256987266856270090633490719412834666935266911807078903563164458E-10,7.3819627004825135291298627071482256987266856270090633532443160598500919916940917017609412851417E-10,"[0,""6458481306780615074271973395783802910004302387876283900348360564657491771312549799346626287"",-332,302]","[0,""6458481306780615074271973395783802910004302387876283903998772466141870010119493488852136643"",-332,302]",5.652121184669053e-55,7.377879464668811e-10,1e-12,True,CERTIFIED_GLOBAL
mixed,residual,1,3,3.162277660168379e-06,1e-06,0.5774700248030591,4.150177643600734e-09,4.150177643600735e-09,4.1501776436007345365233890639734712448135212833971082587204549120639471325376548516918239427830E-9,4.1501776436007345365233890639734712448135212833971082610659964498446911172164539005719141141698E-9,"[0,""4538739529471979582573067512770559956791637764031068135975099629636400301829515528240484493"",-329,302]","[0,""4538739529471979582573067512770559956791637764031068138540243343896196615299858833904724069"",-329,302]",5.6516653965340366e-55,4.148886515256522e-09,3.1622776601683794e-12,True,CERTIFIED_GLOBAL
mixed,residual,2,3,1e-05,1e-06,0.5774176157778482,2.3334986131552633e-08,2.3334986131552636e-08,2.3334986131552636299944031404536664878113632473986782514187938846700547644237679355917350152732E-8,2.3334986131552636299944031404536664878113632473986782527375493889606023935894669126598994834935E-8,"[0,""6379933166130004423404243126163142397540347096778717929487762742898073850580591908943875669"",-327,302]","[0,""1594983291532501105851060781540785599385086774194679483273330977152983054345313577253758127"",-325,300]",5.6514089910144795e-55,2.333090341053722e-08,1e-11,True,CERTIFIED_GLOBAL
mixed,residual,3,3,3.1622776601683795e-05,1e-06,0.5773881419262072,1.312122217856174e-07,1.3121222178561743e-07,1.3121222178561741660073873272747301583564672840595262602402645957775259429696402788494436834422E-7,1.3121222178561741660073873272747301583564672840595262609817796025297815738825122796689362253499E-7,"[0,""4484281675015328148883176028650868569413302138913405711501392200040229190908305150607278151"",-324,302]","[0,""4484281675015328148883176028650868569413302138913405714035578506222027799869912539777651127"",-324,302]",5.651264772909557e-55,1.3119931141769537e-07,3.1622776601683794e-11,True,CERTIFIED_GLOBAL
mixed,residual,4,3,0.0001,1e-06,0.5773715669002563,7.378287720489198e-07,7.378287720489199e-07,7.3782877204891985819502950256091492279375451309014551631965017168887733235484722522676114124568E-7,7.3782877204891985819502950256091492279375451309014551673661076198815649852117691644194072897829E-7,"[0,""787996345912968579059804996965088215189183418156270042040951526354322812534726899605162783"",-319,299]","[0,""6303970767303748632478439975720705721513467345250160339890101872311343621657322953688454875"",-322,302]",5.65118366340468e-55,7.37787946466881e-07,1e-10,True,CERTIFIED_GLOBAL
mixed,residual,5,3,0.00031622776601683794,1e-06,0.5773622458691305,4.1490156160404334e-06,4.149015616040434e-06,0.0000041490156160404339055122688389397113728848673387091765822011614553459720761382080173575725683299,0.0000041490156160404339055122688389397113728848673387091765845458274567613856853405763048598680467210,"[0,""2215560891923943792693662251055754481288284792649729796627233843634162049327994418121279723"",-318,301]","[0,""4431121783847887585387324502111508962576569585299459595758555778562244938141533826538250839"",-319,302]",5.65113804910915e-55,4.148886515256522e-06,3.1622776601683795e-10,True,CERTIFIED_GLOBAL
mixed,residual,6,3,0.001,1e-06,0.5773570042020241,2.3331311661208875e-05,2.333131166120888e-05,0.000023331311661208876487561178266535640631678300061619184138648041339469119827643592284948671001396,0.000023331311661208876487561178266535640631678300061619184151832827796943984204739633678943268514097,"[0,""6229422404921564093581851593939504631651052770683837032800887149237625754262134869740502801"",-317,302]","[0,""1557355601230391023395462898484876157912763192670959259080300941826653061402234938552597805"",-315,300]",5.651112397335193e-55,2.333090341053722e-05,1e-09,True,CERTIFIED_GLOBAL
mixed,residual,7,3,0.0031622776601683794,1e-06,0.5773540565750913,0.00013120060241637852,0.00013120060241637854,0.00013120060241637852735024995955758511931044813659410279446358266979477140705238148417561077847860,0.00013120060241637852735024995955758511931044813659410279453772541561849019932538058433595318201413,"[0,""4378793529162471307094850800100390492581669347666495391702388225017040573314532489181238439"",-314,302]","[0,""4378793529162471307094850800100390492581669347666495394176887348252080228728568161081350857"",-314,302]",5.6510979719757085e-55,0.00013119931141769537,3.1622776601683795e-09,True,CERTIFIED_GLOBAL
mixed,residual,8,3,0.01,1e-06,0.5773523989960448,0.0007377920289573156,0.0007377920289573157,0.00073779202895731570767350048338342481789110046412668470302040847891470338799258987609139118894105,0.00073779202895731570767350048338342481789110046412668470343734138427048928375738904060150179812047,"[0,""769489359891899920981405710206901442853912186568685236262816366112422695043592505072927875"",-309,299]","[0,""6155914879135199367851245681655211542831297492549481893581293744090000512746650200143985407"",-312,302]",5.65108985990288e-55,0.000737787946466881,1e-08,True,CERTIFIED_GLOBAL
mixed,residual,9,3,0.03162277660168379,1e-06,0.5773514668687567,0.0041488994252143994,0.0041488994252144,0.0041488994252144000418190571956880085133744605448047554728405194554015052573871401990180468601762,0.0041488994252144000418190571956880085133744605448047554751850979099216041143197469232511242790637,"[0,""4327146184373864207105378576991944273381878898317561313487213095005615897201375943751859021"",-309,302]","[0,""4327146184373864207105378576991944273381878898317561315932520313538044726820548171317526945"",-309,302]",5.651085298118403e-55,0.004148886515256522,3.162277660168379e-08,True,CERTIFIED_GLOBAL
mixed,residual,10,3,0.1,1e-06,0.5773509426944011,0.023330944235390078,0.02333094423539008,0.023330944235390079906385439073859271097338435434615898412291515035443263604623966652648449487236,0.023330944235390079906385439073859271097338435434615898425476024646363641832685738109848269421568,"[0,""1520831128618985004450074669236213481764640203827707513992475321002061554885442292786254649"",-305,300]","[0,""6083324514475940017800298676944853927058560815310830059407638296203140036017215716884994055"",-307,302]",5.651082732828769e-55,0.023330903410537222,1e-07,True,CERTIFIED_GLOBAL
mixed,residual,11,3,0.25,1e-06,0.5773506951515381,0.0922235953704704,0.09222359537047041,0.092223595370470398740711096053843327016262540109157506936906451556252816766578215702003442950374,0.092223595370470398740711096053843327016262540109157506989022757119412847122434268565752787653516,"[0,""1502902253092502078039735909476193124219056324936135934150669083586423414354566173735359329"",-303,300]","[0,""6011609012370008312158943637904772496876225299744543739999885594691232894497390577515604319"",-305,302]",5.651081521361663e-55,0.09222349330836013,2.5e-07,True,CERTIFIED_GLOBAL
mixed,residual,0,4,1e-06,1e-05,0.5794761439869829,7.418779501162425e-10,7.418779501162427e-10,7.4187795011624264674120369392484766329939002020671987042675175033093305863808430998168469923445E-10,7.4187795011624264674120369392484766329939002020671987084676188247919449881688910374332536051605E-10,"[0,""1622673084092286894614420387312035679798856781565804000086980966657691389085058302493849693"",-330,300]","[0,""6490692336369147578457681549248142719195427126263216004022593730460739365147163721081118417"",-332,302]",5.661445148524111e-55,7.377879464668811e-10,1e-11,True,CERTIFIED_GLOBAL
mixed,residual,1,4,3.162277660168379e-06,1e-05,0.5785467060210215,4.161809840951097e-09,4.1618098409510975e-09,4.1618098409510970113338935063713464619728370307593914892718518620012941515775506469923085046027E-9,4.1618098409510970113338935063713464619728370307593914916261554953507462024585733411596457161730E-9,"[0,""4551460795514679259534915336449572556643852514480790716152157015857279183328226650491555329"",-329,302]","[0,""568932599439334907441864417056196569580481564310098839840860397507339108028461461756307737"",-326,299]",5.6569226450082684e-55,4.148886515256522e-09,3.1622776601683794e-11,True,CERTIFIED_GLOBAL
mixed,residual,2,4,1e-05,1e-05,0.5780233812922871,2.3371752042323887e-08,2.337175204232389e-08,2.3371752042323888330706893864931057445718476832554688189695847763340295737778971319378834554547E-8,2.3371752042323888330706893864931057445718476832554688202911100639818767565738199355423734335160E-8,"[0,""6389985199252720492056348994782003862234785613047324261651931384720148698895000850786668499"",-327,302]","[0,""399374074953295030753521812173875241389674100815457766579066582109605548852797542731363969"",-323,298]",5.654369793307314e-55,2.333090341053722e-08,1e-10,True,CERTIFIED_GLOBAL
mixed,residual,3,4,3.1622776601683795e-05,1e-05,0.5777288847117704,1.3132845319770307e-07,1.313284531977031e-07,1.3132845319770308731212116262025395635331325475586173821855550060021484896401277549950457852932E-7,1.3132845319770308731212116262025395635331325475586173829279457110103856786938947328945900559262E-7,"[0,""4488253975645436526932340859280201350709765191195830876429451477090340794353512558628359569"",-324,302]","[0,""1122063493911359131733085214820050337677441297798957719741657637866896914325227798092402955"",-322,300]",5.652931157961902e-55,1.3119931141769537e-07,3.1622776601683795e-10,True,CERTIFIED_GLOBAL
mixed,residual,4,4,0.0001,1e-05,0.5775632109334253,7.381962700482513e-07,7.381962700482514e-07,7.3819627004825135291298627071482256987266856270090633490719412834666935266911807078903563101274E-7,7.3819627004825135291298627071482256987266856270090633532443160598500919916940917017609412881501E-7,"[0,""394194415697059025529295251207507501831317284416277093527121616495208237995150744589027483"",-318,298]","[0,""6307110651152944408468724019320120029301076550660433499998801236466669931757317860207164693"",-322,302]",5.652121184669053e-55,7.37787946466881e-07,1e-09,True,CERTIFIED_GLOBAL
mixed,residual,5,4,0.00031622776601683794,1e-05,0.5774700248030591,4.150177643600734e-06,4.150177643600735e-06,0.0000041501776436007345365233890639734712448135212833971082587204549120639471325376548516918239393229,0.0000041501776436007345365233890639734712448135212833971082610659964498446911172164539005719141163863,"[0,""2216181410874990030553255621469999978902166876968294988269091616033398584877693129023674067"",-318,301]","[0,""4432362821749980061106511242939999957804333753936589979043206390523629507128768392485082101"",-319,302]",5.6516653965340366e-55,4.148886515256522e-06,3.1622776601683795e-09,True,CERTIFIED_GLOBAL
mixed,residual,6,4,0.001,1e-05,0.5774176157778482,2.3334986131552634e-05,2.3334986131552637e-05,0.000023334986131552636299944031404536664878113632473986782514187938846700547644237679355917350137722,0.000023334986131552636299944031404536664878113632473986782527375493889606023935894669126598994843947,"[0,""6230403482548832444730706177893693747597995211697966728015393303611400244707609286078003579"",-317,302]","[0,""3115201741274416222365353088946846873798997605848983365768224564751920028018190580573746343"",-316,301]",5.6514089910144795e-55,2.333090341053722e-05,1e-08,True,CERTIFIED_GLOBAL
mixed,residual,7,4,0.0031622776601683794,1e-05,0.5773881419262072,0.0001312122217856174,0.00013121222178561742,0.00013121222178561741660073873272747301583564672840595262602402645957775259429696402788494436824426,0.00013121222178561741660073873272747301583564672840595262609817796025297815738825122796689362260358,"[0,""2189590661628578197696863295239681918658838935016311382569039160175893159623195874319960033"",-313,301]","[0,""4379181323257156395393726590479363837317677870032622767612869634982449023310461464626612431"",-314,302]",5.651264772909557e-55,0.00013119931141769537,3.162277660168379e-08,True,CERTIFIED_GLOBAL
mixed,residual,8,4,0.01,1e-05,0.5773715669002563,0.0007378287720489199,0.00073782877204892,0.00073782877204891985819502950256091492279375451309014551631965017168887733235484722522676114062395,0.00073782877204891985819502950256091492279375451309014551673661076198815649852117691644194072923391,"[0,""6156221452445067023904726538789751681165495454345859703444933799643146972927553903165334237"",-312,302]","[0,""1539055363111266755976181634697437920291373863586464926730981902419761626381182361740345429"",-310,300]",5.65118366340468e-55,0.000737787946466881,1e-07,True,CERTIFIED_GLOBAL
mixed,residual,9,4,0.03162277660168379,1e-05,0.5773622458691305,0.004149015616040434,0.004149015616040435,0.0041490156160404339055122688389397113728848673387091765822011614553459720761382080173575725654685,0.0041490156160404339055122688389397113728848673387091765845458274567613856853405763048598680477172,"[0,""540908420879869090013101135511658808908272654455500438629695762605996594074217387236640557"",-306,299]","[0,""2163633683519476360052404542046635235633090617822001755741482313751096161201920813739380293"",-308,301]",5.65113804910915e-55,0.004148886515256522,3.162277660168379e-07,True,CERTIFIED_GLOBAL
mixed,residual,10,4,0.1,1e-05,0.5773570042020241,0.023331311661208876,0.02333131166120888,0.023331311661208876487561178266535640631678300061619184138648041339469119827643592284948670983748,0.023331311661208876487561178266535640631678300061619184151832827796943984204739633678943268526442,"[0,""3041710158653107467569263473603273745923365610685467301172308178338684450323308041865479881"",-306,301]","[0,""6083420317306214935138526947206547491846731221370934605782425554010363521102480228721085179"",-307,302]",5.651112397335193e-55,0.023330903410537222,1e-06,True,CERTIFIED_GLOBAL
mixed,residual,11,4,0.25,1e-05,0.5773545287946072,0.09222451393285129,0.0922245139328513,0.092224513932851291447362915269951247387841863564018805033161686429763450445728577422227604811922,0.092224513932851291447362915269951247387841863564018805085278684108085624406568130097153595065089,"[0,""6011668888997732661111953189130518140712882162292373558777845082519082177218142554567405505"",-305,302]","[0,""6011668888997732661111953189130518140712882162292373562175099458496143113481958180081990269"",-305,302]",5.651100282975585e-55,0.09222349330836013,2.5e-06,True,CERTIFIED_GLOBAL
mixed,residual,0,5,1e-06,0.0001,0.5982489395691211,7.793563990680357e-10,7.793563990680358e-10,7.7935639906803581267767019081342037386128738640803608161762010938109810007029179618665063678676E-10,7.7935639906803581267767019081342037386128738640803608206572579801444541509672304807559543563339E-10,"[0,""3409295697451679220686898052893462036168027717556716190673745123162561999503052131074325013"",-331,301]","[0,""1704647848725839610343449026446731018084013858778358096316992053823960582665606479066560695"",-330,300]",5.7496889634729086e-55,7.377879464668811e-10,1e-10,True,CERTIFIED_GLOBAL
mixed,residual,1,5,3.162277660168379e-06,0.0001,0.5892016242078144,4.2793156791561515e-09,4.279315679156152e-09,4.2793156791561521394557441669856212511816180707644207946276950722483856515171034318071493958181E-9,4.2793156791561521394557441669856212511816180707644207970702836585667978101136955565406910370504E-9,"[0,""4679968160404800340506102699687529318968809986474403275333374020208841362185695722337741243"",-329,302]","[0,""1169992040101200085126525674921882329742202496618600819501162712023667775276960007836877669"",-327,300]",5.7078953025500366e-55,4.148886515256522e-09,3.1622776601683795e-10,True,CERTIFIED_GLOBAL
mixed,residual,2,5,1e-05,0.0001,0.5840458146545432,2.3741523602532995e-08,2.3741523602532998e-08,2.3741523602532996865273811558623334798946195514453508265523015043953162321353542164029441999017E-8,2.3741523602532996865273811558623334798946195514453508279016434935789189606175226280143382305539E-8,"[0,""3245541544193330106938401147244474253288343715418569463874293442196662835114043672034351923"",-326,301]","[0,""6491083088386660213876802294488948506576687430837138931437773439170808300713426265545750425"",-327,302]",5.683468389702001e-55,2.333090341053722e-08,1e-09,True,CERTIFIED_GLOBAL
mixed,residual,3,5,3.1622776601683795e-05,0.0001,0.581125204397004,1.324945310242598e-07,1.3249453102425983e-07,1.3249453102425982060273148796112273905016496970317808368321546093312321321591571186790429538507E-7,1.3249453102425982060273148796112273905016496970317808375833235146620180419385526207255010775774E-7,"[0,""4528105609571836748180819439281940292596831613864455687877583211700115250581284198647923955"",-324,302]","[0,""2264052804785918374090409719640970146298415806932227845222381240708825711810818750854538021"",-323,301]",5.6694332930107616e-55,1.3119931141769537e-07,3.1622776601683795e-09,True,CERTIFIED_GLOBAL
mixed,residual,4,5,0.0001,0.0001,0.5794761439869829,7.418779501162426e-07,7.418779501162427e-07,7.4187795011624264674120369392484766329939002020671987042675175033093305863808430998168469849928E-7,7.4187795011624264674120369392484766329939002020671987084676188247919449881688910374332536085529E-7,"[0,""6338566734735495682087579637937639374214284302991421875339769401006606988613508994116600357"",-322,302]","[0,""6338566734735495682087579637937639374214284302991421878928314189903065786276527071368279707"",-322,302]",5.661445148524111e-55,7.37787946466881e-07,1e-08,True,CERTIFIED_GLOBAL
mixed,residual,5,5,0.00031622776601683794,0.0001,0.5785467060210215,4.161809840951097e-06,4.1618098409510975e-06,0.0000041618098409510970113338935063713464619728370307593914892718518620012941515775506469923085008793,0.0000041618098409510970113338935063713464619728370307593914916261554953507462024585733411596457177530,"[0,""4444785933119803964389565758251535699847512221172647183742340835798124202468971338370659497"",-319,302]","[0,""4444785933119803964389565758251535699847512221172647186256721855526086781472355169971154197"",-319,302]",5.6569226450082684e-55,4.148886515256522e-06,3.162277660168379e-08,True,CERTIFIED_GLOBAL
mixed,residual,6,5,0.001,0.0001,0.5780233812922871,2.3371752042323886e-05,2.337175204232389e-05,0.000023371752042323888330706893864931057445718476832554688189695847763340295737778971319378834546852,0.000023371752042323888330706893864931057445718476832554688202911100639818767565738199355423734344055,"[0,""3120109960572617427761889157608400323356828912620763799634732121445385106882324634173177977"",-316,301]","[0,""3120109960572617427761889157608400323356828912620763801398957672731293350412480802588781009"",-316,301]",5.654369793307314e-55,2.333090341053722e-05,1e-07,True,CERTIFIED_GLOBAL
mixed,residual,7,5,0.0031622776601683794,0.0001,0.5777288847117704,0.00013132845319770308,0.0001313284531977031,0.00013132845319770308731212116262025395635331325475586173821855550060021484896401277549950457842140,0.00013132845319770308731212116262025395635331325475586173829279457110103856786938947328945900568344,"[0,""1095765130772811652083091030097705407888126267381794647565784052024008982996463027008876847"",-312,300]","[0,""2191530261545623304166182060195410815776252534763589296370425073958783035791460543149224523"",-313,301]",5.652931157961902e-55,0.00013119931141769537,3.162277660168379e-07,True,CERTIFIED_GLOBAL
mixed,residual,8,5,0.01,0.0001,0.5775632109334253,0.0007381962700482513,0.0007381962700482514,0.00073819627004825135291298627071482256987266856270090633490719412834666935266911807078903563042847,0.00073819627004825135291298627071482256987266856270090633532443160598500919916940917017609412899385,"[0,""6159287745266547273895238300117304716114332569004329586361275257737628718674230384203554417"",-312,302]","[0,""769910968158318409236904787514663089514291571125541198730322416560872794403969465357319909"",-309,299]",5.652121184669053e-55,0.000737787946466881,1e-06,True,CERTIFIED_GLOBAL
mixed,residual,9,5,0.03162277660168379,0.0001,0.5774700248030591,0.004150177643600734,0.004150177643600735,0.0041501776436007345365233890639734712448135212833971082587204549120639471325376548516918239363416,0.0041501776436007345365233890639734712448135212833971082610659964498446911172164539005719141170979,"[0,""4328479318115214903424327385683593708793294681578701148963069562565231611089244392624363409"",-309,302]","[0,""2164239659057607451712163692841796854396647340789350575704690620372865970277718941643106495"",-308,301]",5.6516653965340366e-55,0.004148886515256522,3.162277660168379e-06,True,CERTIFIED_GLOBAL
mixed,residual,10,5,0.1,0.0001,0.5774176157778482,0.023334986131552635,0.02333498613155264,0.023334986131552636299944031404536664878113632473986782514187938846700547644237679355917350125766,0.023334986131552636299944031404536664878113632473986782527375493889606023935894669126598994854793,"[0,""6084378400926594184307330251849310300388667198923795632827532523058008051472274693435550367"",-307,302]","[0,""6084378400926594184307330251849310300388667198923795636266063603031093804723028477683098329"",-307,302]",5.6514089910144795e-55,0.023330903410537222,1e-05,True,CERTIFIED_GLOBAL
mixed,residual,11,5,0.25,0.0001,0.5773928638251692,0.0922336998921133,0.09223369989211332,0.092233699892113304598179194252246269462387736550578431256225993053238567246748407319674776852709,0.092233699892113304598179194252246269462387736550578431308349912072744206535190168143732816729271,"[0,""6012267677141536301878674667909477612619510091487752114704911235321501873544765744289582399"",-305,302]","[0,""11742710306917063089606786460760698462147480647437015855669173398379705761719792347046729"",-296,293]",5.65128787856017e-55,0.09222349330836013,2.5e-05,True,CERTIFIED_GLOBAL
mixed,residual,0,6,1e-06,0.001,0.7487907899368321,1.2115379865370407e-09,1.211537986537041e-09,1.2115379865370408443320781793026945001217447987586244603370023137321158426295377456107024858744E-9,1.2115379865370408443320781793026945001217447987586244610956013956032018629623611556251496451680E-9,"[0,""1324968669577646764935832170557055937646850097931413512009050915120721117883699041632225089"",-329,300]","[0,""5299874678310587059743328682228223750587400391725654051354696443767405070659474480038736171"",-331,302]",6.26145519414874e-55,7.377879464668811e-10,1e-09,False,CERTIFIED_GLOBAL
mixed,residual,1,6,3.162277660168379e-06,0.001,0.6839749686517665,5.564067257079186e-09,5.564067257079187e-09,5.5640672570791867988308025836463214055516837451230831502195215607023071883546476304270594367353E-9,5.5640672570791867988308025836463214055516837451230831536032074034964780047634216202289690139192E-9,"[0,""3042502535196969115344379856345906630330672059957796276434283449249206855399525061476226773"",-328,301]","[0,""3042502535196969115344379856345906630330672059957796278284525777271598521501529493574895401"",-328,301]",6.081317292649712e-55,4.148886515256522e-09,3.1622776601683795e-09,False,CERTIFIED_GLOBAL
mixed,residual,2,6,1e-05,0.001,0.6406043319806902,2.764192971773815e-08,2.7641929717738153e-08,2.7641929717738151041023002083903929628734997281338915909316577202978923850914632520286734293554E-8,2.7641929717738151041023002083903929628734997281338915925701890138109095483300697875805769458387E-8,"[0,""3778739425595240443034657622824539174806840414825492602799266114324443890411240957877640543"",-326,301]","[0,""1889369712797620221517328811412269587403420207412746302519595169448469706141952095721642745"",-325,300]",5.92770226335375e-55,2.333090341053722e-08,1e-08,False,CERTIFIED_GLOBAL
mixed,residual,3,6,3.1622776601683795e-05,0.001,0.613947597077556,1.4452324148879588e-07,1.445232414887959e-07,1.4452324148879588535260551386186702079205690865616119833745392172151080276818974575473501067941E-7,1.4452324148879588535260551386186702079205690865616119842155225534197891611352700777226322721449E-7,"[0,""4939196323349360305631270709981594107384358163202329459768669840040887995536092075232897353"",-324,302]","[0,""4939196323349360305631270709981594107384358163202329462642797045734832060820255015134522417"",-324,302]",5.819017948541364e-55,1.3119931141769537e-07,3.162277660168379e-08,True,CERTIFIED_GLOBAL
mixed,residual,4,6,0.0001,0.001,0.5982489395691211,7.793563990680357e-07,7.793563990680358e-07,7.7935639906803581267767019081342037386128738640803608161762010938109810007029179618665063619972E-7,7.7935639906803581267767019081342037386128738640803608206572579801444541509672304807559543600281E-7,"[0,""1664695164771327744476024439889385759847669783963240327477414610919219726319849673376135259"",-320,300]","[0,""3329390329542655488952048879778771519695339567926480656869125105124923013018762654426876359"",-321,301]",5.7496889634729086e-55,7.37787946466881e-07,1e-07,True,CERTIFIED_GLOBAL
mixed,residual,5,6,0.00031622776601683794,0.001,0.5892016242078144,4.279315679156152e-06,4.279315679156153e-06,0.0000042793156791561521394557441669856212511816180707644207946276950722483856515171034318071493933675,0.0000042793156791561521394557441669856212511816180707644207970702836585667978101136955565406910393619,"[0,""2285140703322656416262745458831801425277739251208204724283874033305098321379734239422725215"",-318,301]","[0,""4570281406645312832525490917663602850555478502416409451176416843842452247175625030612803397"",-319,302]",5.7078953025500366e-55,4.148886515256522e-06,3.162277660168379e-07,True,CERTIFIED_GLOBAL
mixed,residual,6,6,0.001,0.001,0.5840458146545432,2.3741523602532997e-05,2.3741523602533e-05,0.000023741523602532996865273811558623334798946195514453508265523015043953162321353542164029441989244,0.000023741523602532996865273811558623334798946195514453508279016434935789189606175226280143382315224,"[0,""6338948328502597865114064740711863775953796319176893484129479379290357099832116546942093597"",-317,302]","[0,""3169474164251298932557032370355931887976898159588446743866100312095121240582727668723510951"",-316,301]",5.683468389702001e-55,2.333090341053722e-05,1e-06,True,CERTIFIED_GLOBAL
mixed,residual,7,6,0.0031622776601683794,0.001,0.581125204397004,0.0001324945310242598,0.00013249453102425984,0.00013249453102425982060273148796112273905016496970317808368321546093312321321591571186790429531601,0.00013249453102425982060273148796112273905016496970317808375833235146620180419385526207255010783967,"[0,""4421978134347496824395331483673769816989093372914507507692952355175893799395785350242113235"",-314,302]","[0,""4421978134347496824395331483673769816989093372914507510199963360759425218380505372762769575"",-314,302]",5.6694332930107616e-55,0.00013119931141769537,3.162277660168379e-06,True,CERTIFIED_GLOBAL
mixed,residual,8,6,0.01,0.001,0.5794761439869829,0.0007418779501162426,0.0007418779501162427,0.00074187795011624264674120369392484766329939002020671987042675175033093305863808430998168469800396,0.00074187795011624264674120369392484766329939002020671987084676188247919449881688910374332536129068,"[0,""1547501644222533125509662997543368987845284253660015106284123388917628659329469969266748133"",-310,300]","[0,""6190006576890132502038651990173475951381137014640060428640931826077212681910670968133085655"",-312,302]",5.661445148524111e-55,0.000737787946466881,1e-05,True,CERTIFIED_GLOBAL
mixed,residual,9,6,0.03162277660168379,0.001,0.5785467060210215,0.004161809840951097,0.004161809840951098,0.0041618098409510970113338935063713464619728370307593914892718518620012941515775506469923084979654,0.0041618098409510970113338935063713464619728370307593914916261554953507462024585733411596457182249,"[0,""2170305631406154279487092655396257665941168076744456632686689861229552833236802411313798581"",-308,301]","[0,""4340611262812308558974185310792515331882336153488913267828829937037194122531596845674955271"",-309,302]",5.6569226450082684e-55,0.004148886515256522,3.1622776601683795e-05,True,CERTIFIED_GLOBAL
mixed,residual,10,6,0.1,0.001,0.5780233812922871,0.023371752042323887,0.02337175204232389,0.023371752042323888330706893864931057445718476832554688189695847763340295737778971319378834530252,0.023371752042323888330706893864931057445718476832554688202911100639818767565738199355423734354782,"[0,""761745595842924176699679970119238360194538308745303662020198271837252223359942537639936029"",-304,299]","[0,""6093964766743393413597439760953906881556306469962429299607339204553307325024376567556212911"",-307,302]",5.654369793307314e-55,0.023330903410537222,0.0001,True,CERTIFIED_GLOBAL
mixed,residual,11,6,0.25,0.001,0.5777760740664237,0.09232559302179776,0.09232559302179777,0.092325593021797764953730177023108929976971133961324276672025797861528044784799806433829441891696,0.092325593021797764953730177023108929976971133961324276724218949239760603193402654668839970888962,"[0,""3009128872349091610870636807238131731865890021879417146739043069509298929929911013192872749"",-304,301]","[0,""752282218087272902717659201809532932966472505469854287110038075680251083311945154348734305"",-302,299]",5.653161779953033e-55,0.09222349330836013,0.00025,True,CERTIFIED_GLOBAL
mixed,residual,0,7,1e-06,0.01,0.9866928199883241,7.1690406559231675e-09,7.169040655923168e-09,7.1690406559231681292281159300089353880274110402099552188167721673462150078554571317808767580786E-9,7.1690406559231681292281159300089353880274110402099552234943697271729622750883336624303837091217E-9,"[0,""3920122342666707174731756903184629540609620729711336746202403650560100415222367580860674679"",-328,301]","[0,""1960061171333353587365878451592314770304810364855668374380086656901837825308707873085201537"",-327,300]",6.5247189747236914e-55,7.377879464668811e-10,1e-08,False,CERTIFIED_GLOBAL
mixed,residual,1,7,3.162277660168379e-06,0.01,0.9625217005806992,2.3301983595437706e-08,2.330198359543771e-08,2.3301983595437706098682847648558784508385729258917230239623347281284488524834306398284765178980E-8,2.3301983595437706098682847648558784508385729258917230254817514505553057390240836687216867012181E-8,"[0,""6370910063500372097250428828215864132885867705314583489421204995876687083734238429979672947"",-327,302]","[0,""6370910063500372097250428828215864132885867705314583493575386655096151051086291512362265733"",-327,302]",6.5205467002574984e-55,4.148886515256522e-09,3.162277660168379e-08,False,CERTIFIED_GLOBAL
mixed,residual,2,7,1e-05,0.01,0.9102443304611854,7.922033609467324e-08,7.922033609467325e-08,7.9220336094673235586705127195486317863358466916521074051594333922442820779822367981983607453177E-8,7.9220336094673235586705127195486317863358466916521074103060266663645655503589672408099182341200E-8,"[0,""2707417774072309920240153784518172748957236771649861903030770785134495193858685574793086843"",-324,301]","[0,""5414835548144619840480307569036345497914473543299723809579319654326166760083851676825064471"",-325,302]",6.496555717675553e-55,2.333090341053722e-08,1e-07,False,CERTIFIED_GLOBAL
mixed,residual,3,7,3.1622776601683795e-05,0.01,0.8310954314724611,2.9305447292051297e-07,2.93054472920513e-07,2.9305447292051301001259167681631501495169226204337441113258087052371690263132606397211537376893E-7,2.9305447292051301001259167681631501495169226204337441132058112369249775109135889203171460188154E-7,"[0,""312980277488425596869590150927500713864949509493511207688308674573630262543365807538913603"",-319,298]","[0,""5007684439814809549913442414840011421839192151896179326225467621325003302316866905999306617"",-323,302]",6.415198215376611e-55,1.3119931141769537e-07,3.162277660168379e-07,False,CERTIFIED_GLOBAL
mixed,residual,4,7,0.0001,0.01,0.7487907899368321,1.2115379865370408e-06,1.211537986537041e-06,0.0000012115379865370408443320781793026945001217447987586244603370023137321158426295377456107024851941,0.0000012115379865370408443320781793026945001217447987586244610956013956032018629623611556251496456380,"[0,""5175658865537682675530594416238499756433008195044584031285355137190316866733199381375879251"",-321,302]","[0,""2587829432768841337765297208119249878216504097522292017263035372933303257157946523456414147"",-320,301]",6.26145519414874e-55,7.37787946466881e-07,1e-06,False,CERTIFIED_GLOBAL
mixed,residual,5,7,0.00031622776601683794,0.01,0.6839749686517665,5.5640672570791865e-06,5.564067257079187e-06,0.0000055640672570791867988308025836463214055516837451230831502195215607023071883546476304270594329753,0.0000055640672570791867988308025836463214055516837451230831536032074034964780047634216202289690147823,"[0,""1485596941014145075851747976731399721841148466776267713102677465453714284863049346423938853"",-317,300]","[0,""5942387764056580303406991906925598887364593867105070856024464408733590862307674792138467581"",-319,302]",6.081317292649712e-55,4.148886515256522e-06,3.162277660168379e-06,False,CERTIFIED_GLOBAL
mixed,residual,6,7,0.001,0.01,0.6406043319806902,2.7641929717738148e-05,2.764192971773815e-05,0.000027641929717738151041023002083903929628734997281338915909316577202978923850914632520286734284015,0.000027641929717738151041023002083903929628734997281338915925701890138109095483300697875805769467165,"[0,""7380350440615703990302065669579178075794610185206040239842316629539929473459454995854766683"",-317,302]","[0,""7380350440615703990302065669579178075794610185206040244217168630658084789617000373912666975"",-317,302]",5.92770226335375e-55,2.333090341053722e-05,1e-05,False,CERTIFIED_GLOBAL
mixed,residual,7,7,0.0031622776601683794,0.01,0.613947597077556,0.00014452324148879586,0.0001445232414887959,0.00014452324148879588535260551386186702079205690865616119833745392172151080276818974575473501058086,0.00014452324148879588535260551386186702079205690865616119842155225534197891611352700777226322727887,"[0,""2411716954760429836734018901358200247746268634376137431527670820332464841570357458609813159"",-313,301]","[0,""2411716954760429836734018901358200247746268634376137432931053244987710967197390144108653525"",-313,301]",5.819017948541364e-55,0.00013119931141769537,3.1622776601683795e-05,True,CERTIFIED_GLOBAL
mixed,residual,8,7,0.01,0.01,0.5982489395691211,0.0007793563990680357,0.0007793563990680358,0.00077935639906803581267767019081342037386128738640803608161762010938109810007029179618665063554428,0.00077935639906803581267767019081342037386128738640803608206572579801444541509672304807559543640168,"[0,""3251357743693999500929735234158956562202480046803203764604325411951601027968456393312764175"",-311,301]","[0,""1625678871846999750464867617079478281101240023401601883236877492736778814950567702356873223"",-310,300]",5.7496889634729086e-55,0.000737787946466881,0.0001,True,CERTIFIED_GLOBAL
mixed,residual,9,7,0.03162277660168379,0.01,0.5892016242078144,0.004279315679156152,0.004279315679156153,0.0042793156791561521394557441669856212511816180707644207946276950722483856515171034318071493899668,0.0042793156791561521394557441669856212511816180707644207970702836585667978101136955565406910399537,"[0,""2231582718088531656506587362140431079372792237508012426058470735649510079472396718186255091"",-308,301]","[0,""2231582718088531656506587362140431079372792237508012427332234787032447386316223159478907909"",-308,301]",5.7078953025500366e-55,0.004148886515256522,0.00031622776601683794,True,CERTIFIED_GLOBAL
mixed,residual,10,7,0.1,0.01,0.5840458146545432,0.023741523602532996,0.023741523602533,0.023741523602532996865273811558623334798946195514453508265523015043953162321353542164029441972675,0.023741523602532996865273811558623334798946195514453508279016434935789189606175226280143382329906,"[0,""3095189613526659113825226924175714734352439608973092521547597353169119677652400657686569137"",-306,301]","[0,""3095189613526659113825226924175714734352439608973092523306738586030391836506569988987803665"",-306,301]",5.683468389702001e-55,0.023330903410537222,0.001,True,CERTIFIED_GLOBAL
mixed,residual,11,7,0.25,0.01,0.5815941194977303,0.09324786975836753,0.09324786975836755,0.093247869758367532998968215845516698328093905655275867527453586824461647489559947375247453867530,0.093247869758367532998968215845516698328093905655275867580340947207179000735259373355588311447684,"[0,""6078376493259110616243569184324624030593742639385406002979446593405493531961371052787151841"",-305,302]","[0,""6078376493259110616243569184324624030593742639385406006426917178780292360392541337652119089"",-305,302]",5.671696363655701e-55,0.09222349330836013,0.0025,True,CERTIFIED_GLOBAL
mixed,residual,0,8,1e-06,0.1,0.9998586685731139,7.072067599833377e-08,7.072067599833378e-08,7.0720675998333783546575004617954009351260950490565669872063843724778244493974590684850495597971E-8,7.0720675998333783546575004617954009351260950490565669918211237571006216920016038694097834225647E-8,"[0,""1208467576832032214549101816660699480144684560647370325397721020785497624545257731758708781"",-323,300]","[0,""4833870307328128858196407266642797920578738242589481304745131603048529155000466096646153773"",-325,302]",6.5253044028192304e-55,7.377879464668811e-10,1e-07,False,CERTIFIED_GLOBAL
mixed,residual,1,8,3.162277660168379e-06,0.1,0.9995536841746088,2.237067307677422e-07,2.2370673076774223e-07,2.2370673076774220747751586934394833383759550756435083289822247278982621500967547401712334526329E-7,2.2370673076774220747751586934394833383759550756435083304419791122434919418815133220712818742228E-7,"[0,""7645354828290347764126341834206302639988726624005450254419915577808794191247083532957583523"",-324,302]","[0,""3822677414145173882063170917103151319994363312002725129704370941376493359393024640796688445"",-323,301]",6.525303817795194e-55,4.148886515256522e-09,3.162277660168379e-07,False,CERTIFIED_GLOBAL
mixed,residual,2,8,1e-05,0.1,0.9985947163407012,7.081046698040773e-07,7.081046698040774e-07,7.0810466980407738749448900113777803338813724634209668609319143183279490832131264159091220100195E-7,7.0810466980407738749448900113777803338813724634209668655525083151648743886447315040905014721477E-7,"[0,""756251197388283009819236093022461874050087413751169243118788004624368415101333142947775291"",-319,299]","[0,""6050009579106264078553888744179694992400699310009353948898115587194009344813208781740468355"",-322,302]",6.525298015779756e-55,2.333090341053722e-08,1e-06,False,CERTIFIED_GLOBAL
mixed,residual,3,8,3.1622776601683795e-05,0.1,0.9956156881468011,2.2460018761159997e-06,2.246001876116e-06,0.0000022460018761159998083934622750927735103027755499981244699897505251165656365161271033034449327379,0.0000022460018761159998083934622750927735103027755499981244714553209850863978952143123021093659585482,"[0,""1199357722509454379896069579145683134480532015534619965779064668089679076950178331267912061"",-318,300]","[0,""4797430890037817519584278316582732537922128062138479866246698175082923116551330974242962399"",-320,302]",6.5252414771096994e-55,1.3119931141769537e-07,3.162277660168379e-06,False,CERTIFIED_GLOBAL
mixed,residual,4,8,0.0001,0.1,0.9866928199883241,7.169040655923168e-06,7.169040655923169e-06,0.0000071690406559231681292281159300089353880274110402099552188167721673462150078554571317808767539382,0.0000071690406559231681292281159300089353880274110402099552234943697271729622750883336624303837120184,"[0,""1914122237630228112661990675383119892875791371929363645606642407500049030870296670342126307"",-317,300]","[0,""7656488950520912450647962701532479571503165487717454587422213503522804005112140129239068507"",-319,302]",6.5247189747236914e-55,7.37787946466881e-07,1e-05,False,CERTIFIED_GLOBAL
mixed,residual,5,8,0.00031622776601683794,0.1,0.9625217005806992,2.3301983595437706e-05,2.330198359543771e-05,0.000023301983595437706098682847648558784508385729258917230239623347281284488524834306398284765170348,0.000023301983595437706098682847648558784508385729258917230254817514505553057390240836687216867016365,"[0,""777698982360885265777640237819319352158919397621409117360986937973228403776152152097128045"",-314,299]","[0,""6221591858887082126221121902554554817271355180971272942944713530367335010826456555041275131"",-317,302]",6.5205467002574984e-55,4.148886515256522e-06,3.1622776601683795e-05,False,CERTIFIED_GLOBAL
mixed,residual,6,8,0.001,0.1,0.9102443304611854,7.922033609467323e-05,7.922033609467324e-05,0.000079220336094673235586705127195486317863358466916521074051594333922442820779822367981983607419703,0.000079220336094673235586705127195486317863358466916521074103060266663645655503589672408099182364257,"[0,""2643962669992490156484525180193528075153551534814318264678487094857905462752622631633873869"",-314,301]","[0,""165247666874530634780282823762095504697096970925894891649759510935246788332637075098421157"",-310,297]",6.496555717675553e-55,2.333090341053722e-05,0.0001,False,CERTIFIED_GLOBAL
mixed,residual,7,8,0.0031622776601683794,0.1,0.8310954314724611,0.000293054472920513,0.00029305447292051303,0.00029305447292051301001259167681631501495169226204337441113258087052371690263132606397211537365657,0.00029305447292051301001259167681631501495169226204337441132058112369249775109135889203171460199156,"[0,""4890316835756649951087346108242198654139836085836112620129823040212972852240090742795525045"",-313,302]","[0,""2445158417878324975543673054121099327069918042918056311633529111975099268709407668944973935"",-312,301]",6.415198215376611e-55,0.00013119931141769537,0.00031622776601683794,False,CERTIFIED_GLOBAL
mixed,residual,8,8,0.01,0.1,0.7487907899368321,0.0012115379865370408,0.001211537986537041,0.0012115379865370408443320781793026945001217447987586244603370023137321158426295377456107024844618,0.0012115379865370408443320781793026945001217447987586244610956013956032018629623611556251496459114,"[0,""2527177180438321618911423054803954959195804782736613296526052313081209407584570010437441039"",-310,301]","[0,""2527177180438321618911423054803954959195804782736613298108432981380178962068307151812904441"",-310,301]",6.26145519414874e-55,0.000737787946466881,0.001,False,CERTIFIED_GLOBAL
mixed,residual,9,8,0.03162277660168379,0.1,0.6839749686517665,0.005564067257079187,0.005564067257079188,0.0055640672570791867988308025836463214055516837451230831502195215607023071883546476304270594286307,0.0055640672570791867988308025836463214055516837451230831536032074034964780047634216202289690166325,"[0,""1450778262709126050636472633526757540860496549586198938576833462357142856311571627367127785"",-307,300]","[0,""5803113050836504202545890534107030163441986198344795757836391024153897326472338664197722249"",-309,302]",6.081317292649712e-55,0.004148886515256522,0.0031622776601683794,False,CERTIFIED_GLOBAL
mixed,residual,10,8,0.1,0.1,0.6406043319806902,0.02764192971773815,0.027641929717738153,0.027641929717738151041023002083903929628734997281338915909316577202978923850914632520286734265348,0.027641929717738151041023002083903929628734997281338915925701890138109095483300697875805769479539,"[0,""900921684645471678503670125681052011205396751123784208965126541691885922053156127423677573"",-304,299]","[0,""3603686738581886714014680502724208044821587004495136837996664370438517963680175963824544423"",-306,301]",5.92770226335375e-55,0.023330903410537222,0.01,False,CERTIFIED_GLOBAL
mixed,residual,11,8,0.25,0.1,0.6183272647977651,0.10279672203381114,0.10279672203381116,0.10279672203381115013238398854267215164964396346618379253360208931530017519923820488871453325900,0.10279672203381115013238398854267215164964396346618379259361119349728222974085614534243795201396,"[0,""3350409936514068391102690166261254603968630954600798712760782779912284545595217107526519233"",-304,301]","[0,""6700819873028136782205380332522509207937261909201597429433268091866223698741683123215820633"",-305,302]",5.837647640383348e-55,0.09222349330836013,0.025,False,CERTIFIED_GLOBAL
quadratic,preserving,0,0,1e-06,0.0,0.0,5e-13,5.000000000000001e-13,4.9999999999999999999999999999999999999999999999999999999999999999999999999999999999999999971612E-13,5.0000000000000000000000000000000000000000000000000000000000000000000000000000000000000000005099E-13,"[0,""559936185544451052639360570142111069530411374308662383724997275240947967795040236345219373"",-339,299]","[0,""4479489484355608421114884561136888556243290994469299069799978201927583742360321890761754987"",-342,302]",6.69719174579458e-91,5e-13,0.0,True,CERTIFIED_GLOBAL
quadratic,preserving,1,0,3.162277660168379e-06,0.0,0.0,5e-12,5.0000000000000005e-12,4.9999999999999999999999999999999999999999999999999999999999999999999999999999999999999999953753E-12,5.0000000000000000000000000000000000000000000000000000000000000000000000000000000000000000016261E-12,"[0,""87490028991320476974900089084704854614126777235728497457030824256398119967975036928940527"",-333,296]","[0,""5599361855444510526393605701421110695304113743086623837249972752409479677950402363452193735"",-339,302]",1.2501424592149883e-90,5e-12,0.0,True,CERTIFIED_GLOBAL
quadratic,preserving,2,0,1e-05,0.0,0.0,4.9999999999999995e-11,5e-11,4.9999999999999999999999999999999999999999999999999999999999999999999999999999999999999999932322E-11,5.0000000000000000000000000000000000000000000000000000000000000000000000000000000000000000032334E-11,"[0,""6999202319305638157992007126776388369130142178858279796562465940511849597438002954315242157"",-336,302]","[0,""6999202319305638157992007126776388369130142178858279796562465940511849597438002954315242171"",-336,302]",2.0002279347439812e-90,5e-11,0.0,True,CERTIFIED_GLOBAL
quadratic,preserving,3,0,3.1622776601683795e-05,0.0,0.0,4.999999999999999e-10,5e-10,4.9999999999999999999999999999999999999999999999999999999999999999999999999999999999999999930893E-10,5.0000000000000000000000000000000000000000000000000000000000000000000000000000000000000000033763E-10,"[0,""1093625362391505962186251113558810682676584715446606218212885303204976499599687961611756587"",-330,300]","[0,""4374501449566023848745004454235242730706338861786424872851541212819905998398751846447026357"",-332,302]",2.057377304308095e-90,5e-10,0.0,True,CERTIFIED_GLOBAL
quadratic,preserving,4,0,0.0001,0.0,0.0,4.999999999999999e-09,5e-09,4.9999999999999999999999999999999999999999999999999999999999999999999999999999999999999999921749E-9,5.0000000000000000000000000000000000000000000000000000000000000000000000000000000000000000040621E-9,"[0,""2734063405978764905465627783897026706691461788616515545532213258012441248999219904029391467"",-328,301]","[0,""5468126811957529810931255567794053413382923577233031091064426516024882497998439808058782947"",-329,302]",2.377413773867132e-90,5e-09,0.0,True,CERTIFIED_GLOBAL
quadratic,preserving,5,0,0.00031622776601683794,0.0,0.0,5e-08,5.0000000000000004e-08,4.9999999999999999999999999999999999999999999999999999999999999999999999999999999999999999903462E-8,5.0000000000000000000000000000000000000000000000000000000000000000000000000000000000000000042450E-8,"[0,""6835158514946912263664069459742566766728654471541288863830533145031103122498049760073478665"",-326,302]","[0,""1708789628736728065916017364935641691682163617885322215957633286257775780624512440018369671"",-324,300]",2.7797453355984928e-90,5e-08,0.0,True,CERTIFIED_GLOBAL
quadratic,preserving,6,0,0.001,0.0,0.0,5e-07,5.000000000000001e-07,4.9999999999999999999999999999999999999999999999999999999999999999999999999999999999999999896146E-7,5.0000000000000000000000000000000000000000000000000000000000000000000000000000000000000000048302E-7,"[0,""4271974071841820164790043412339104229205409044713305539894083215644439451561281100045924165"",-322,302]","[0,""2135987035920910082395021706169552114602704522356652769947041607822219725780640550022962089"",-321,301]",3.043089630549929e-90,5e-07,0.0,True,CERTIFIED_GLOBAL
quadratic,preserving,7,0,0.0031622776601683794,0.0,0.0,4.9999999999999996e-06,5e-06,0.0000049999999999999999999999999999999999999999999999999999999999999999999999999999999999999999893806,0.0000050000000000000000000000000000000000000000000000000000000000000000000000000000000000000000062347,"[0,""2669983794901137602993777132711940143253380652945815962433802009777774657225800687528702603"",-318,301]","[0,""667495948725284400748444283177985035813345163236453990608450502444443664306450171882175653"",-316,299]",3.370806975378383e-90,5e-06,0.0,True,CERTIFIED_GLOBAL
quadratic,preserving,8,0,0.01,0.0,0.0,4.9999999999999996e-05,5e-05,0.000049999999999999999999999999999999999999999999999999999999999999999999999999999999999999999867588,0.000050000000000000000000000000000000000000000000000000000000000000000000000000000000000000000069838,"[0,""834369935906605500935555353972481294766681454045567488260563128055554580383062714852719563"",-313,299]","[0,""6674959487252844007484442831779850358133451632364539906084505024444436643064501718821756531"",-316,302]",4.044968370454059e-90,5e-05,0.0,True,CERTIFIED_GLOBAL
quadratic,preserving,9,0,0.03162277660168379,0.0,0.0,0.0004999999999999999,0.0005,0.00049999999999999999999999999999999999999999999999999999999999999999999999999999999999999999855603,0.00050000000000000000000000000000000000000000000000000000000000000000000000000000000000000000059351,"[0,""2085924839766513752338888384931203236916703635113918720651407820138886450957656787131798907"",-311,301]","[0,""4171849679533027504677776769862406473833407270227837441302815640277772901915313574263597831"",-312,302]",4.074931099124089e-90,0.0005,0.0,True,CERTIFIED_GLOBAL
quadratic,preserving,10,0,0.1,0.0,0.0,0.004999999999999999,0.005,0.0049999999999999999999999999999999999999999999999999999999999999999999999999999999999999999850809,0.0050000000000000000000000000000000000000000000000000000000000000000000000000000000000000000080924,"[0,""5214812099416284380847220962328008092291759087784796801628519550347216127394141967829497267"",-309,302]","[0,""5214812099416284380847220962328008092291759087784796801628519550347216127394141967829497291"",-309,302]",4.602275123716619e-90,0.005,0.0,True,CERTIFIED_GLOBAL
quadratic,preserving,11,0,0.25,0.0,0.0,0.03125,0.03125,0.03125,0.03125,"[0,""1"",-5,1]","[0,""1"",-5,1]",0.0,0.03125,0.0,True,CERTIFIED_GLOBAL
quadratic,preserving,0,1,1e-06,1e-08,0.0,5.000000049999999e-13,5.00000005e-13,5.0000000499999999999999999999999999999999999999999999999999999999999999999999999999999999953557E-13,5.0000000500000000000000000000000000000000000000000000000000000000000000000000000000000000009368E-13,"[0,""2239744764575251632335484386142867083806088278451104507246484449963682880818079657182486945"",-341,301]","[0,""4479489529150503264670968772285734167612176556902209014492968899927365761636159314364973895"",-342,302]",1.1161986131371106e-90,5e-13,5e-21,True,CERTIFIED_GLOBAL
quadratic,preserving,1,1,3.162277660168379e-06,1e-08,0.0,5.00000005e-12,5.0000000500000005e-12,5.0000000499999999999999999999999999999999999999999999999999999999999999999999999999999999940163E-12,5.0000000500000000000000000000000000000000000000000000000000000000000000000000000000000000020530E-12,"[0,""5599361911438129080838710965357167709515220696127761268116211124909207202045199142956217361"",-339,302]","[0,""2799680955719064540419355482678583854757610348063880634058105562454603601022599571478108685"",-338,301]",1.6073260029174392e-90,5e-12,5e-20,True,CERTIFIED_GLOBAL
quadratic,preserving,2,1,1e-05,1e-08,0.0,5.00000005e-11,5.0000000500000005e-11,5.0000000499999999999999999999999999999999999999999999999999999999999999999999999999999999924089E-11,5.0000000500000000000000000000000000000000000000000000000000000000000000000000000000000000038389E-11,"[0,""6999202389297661351048388706696459636894025870159701585145263906136509002556498928695271699"",-336,302]","[0,""6999202389297661351048388706696459636894025870159701585145263906136509002556498928695271715"",-336,302]",2.2859747597048026e-90,5e-11,5e-19,True,CERTIFIED_GLOBAL
quadratic,preserving,3,1,3.1622776601683795e-05,1e-08,0.0,5.00000005e-10,5.000000050000001e-10,5.0000000499999999999999999999999999999999999999999999999999999999999999999999999999999999914088E-10,5.0000000500000000000000000000000000000000000000000000000000000000000000000000000000000000039818E-10,"[0,""4374501493311038344405242941685287273058766168849813490715789941335318126597811830434544811"",-332,302]","[0,""2187250746655519172202621470842643636529383084424906745357894970667659063298905915217272411"",-331,301]",2.514572235675283e-90,5e-10,5e-18,True,CERTIFIED_GLOBAL
quadratic,preserving,4,1,0.0001,1e-08,0.0,5.000000049999999e-09,5.00000005e-09,5.0000000499999999999999999999999999999999999999999999999999999999999999999999999999999999907230E-9,5.0000000500000000000000000000000000000000000000000000000000000000000000000000000000000000053534E-9,"[0,""5468126866638797930506553677106609091323457711062266863394737426669147658247264788043181013"",-329,302]","[0,""5468126866638797930506553677106609091323457711062266863394737426669147658247264788043181029"",-329,302]",2.926047692422147e-90,5e-09,5e-17,True,CERTIFIED_GLOBAL
quadratic,preserving,5,1,0.00031622776601683794,1e-08,0.0,5.00000005e-08,5.0000000500000006e-08,5.0000000499999999999999999999999999999999999999999999999999999999999999999999999999999999890771E-8,5.0000000500000000000000000000000000000000000000000000000000000000000000000000000000000000051705E-8,"[0,""854394822912312176641649012047907670519290267353479197405427722917054321601135123131747033"",-323,299]","[0,""3417579291649248706566596048191630682077161069413916789621710891668217286404540492526988143"",-325,301]",3.2186524616643616e-90,5e-08,5e-16,True,CERTIFIED_GLOBAL
quadratic,preserving,6,1,0.001,1e-08,0.0,5.00000005e-07,5.000000050000001e-07,5.0000000499999999999999999999999999999999999999999999999999999999999999999999999999999999879067E-7,5.0000000500000000000000000000000000000000000000000000000000000000000000000000000000000000054631E-7,"[0,""1067993528640390220802061265059884588149112834191848996756784653646317902001418903914683791"",-320,300]","[0,""4271974114561560883208245060239538352596451336767395987027138614585271608005675615658735179"",-322,302]",3.5112572309065764e-90,5e-07,5e-15,True,CERTIFIED_GLOBAL
quadratic,preserving,7,1,0.0031622776601683794,1e-08,0.0,5.0000000499999995e-06,5.00000005e-06,0.0000050000000499999999999999999999999999999999999999999999999999999999999999999999999999999999879067,0.0000050000000500000000000000000000000000000000000000000000000000000000000000000000000000000000075699,"[0,""5339967643201951104010306325299422940745564170959244983783923268231589510007094519573418955"",-319,302]","[0,""166873988850060972000322072665606966898298880342476405743247602132237172187721703736669343"",-314,297]",3.932608098615366e-90,5e-06,5e-14,True,CERTIFIED_GLOBAL
quadratic,preserving,8,1,0.01,1e-08,0.0,5.0000000499999994e-05,5.00000005e-05,0.000050000000499999999999999999999999999999999999999999999999999999999999999999999999999999999858468,0.000050000000500000000000000000000000000000000000000000000000000000000000000000000000000000000075699,"[0,""6674959554002438880012882906624278675931955213699056229729904085289486887508868149466773691"",-316,302]","[0,""834369944250304860001610363328034834491494401712382028716238010661185860938608518683346715"",-313,299]",4.344595613708404e-90,5e-05,5e-13,True,CERTIFIED_GLOBAL
quadratic,preserving,9,1,0.03162277660168379,1e-08,0.0,0.000500000005,0.0005000000050000001,0.00050000000499999999999999999999999999999999999999999999999999999999999999999999999999999999835996,0.00050000000500000000000000000000000000000000000000000000000000000000000000000000000000000000063714,"[0,""4171849721251524300008051816640174172457472008561910143581190053305929304693042593416733555"",-312,302]","[0,""2085924860625762150004025908320087086228736004280955071790595026652964652346521296708366787"",-311,301]",4.554334712301223e-90,0.0005,5e-12,True,CERTIFIED_GLOBAL
quadratic,preserving,10,1,0.1,1e-08,0.0,0.00500000005,0.005000000050000001,0.0050000000499999999999999999999999999999999999999999999999999999999999999999999999999999999838393,0.0050000000500000000000000000000000000000000000000000000000000000000000000000000000000000000087684,"[0,""325925759472775335938129048175013607223240000668899229967280472914525726929143952610682309"",-305,298]","[0,""2607406075782202687505032385400108857785920005351193839738243783316205815433151620885458485"",-308,301]",4.985798000835024e-90,0.005,5e-11,True,CERTIFIED_GLOBAL
quadratic,preserving,11,1,0.25,1e-08,0.0,0.0312500003125,0.031250000312500005,0.031250000312499999999999999999999999999999999999999999999999999999999999999999999999999999994876,0.031250000312500000000000000000000000000000000000000000000000000000000000000000000000000000002547,"[0,""4074071993409691699226613102187670090290500008361240374591005911431571586614299407633528875"",-306,302]","[0,""1018517998352422924806653275546917522572625002090310093647751477857892896653574851908382219"",-304,300]",2.454546708103396e-91,0.03125,3.125e-10,True,CERTIFIED_GLOBAL
quadratic,preserving,0,2,1e-06,1e-07,0.0,5.000000499999999e-13,5.0000005e-13,5.0000004999999999999999999999999999999999999999999999999999999999999999999999999999999999958491E-13,5.0000005000000000000000000000000000000000000000000000000000000000000000000000000000000000014302E-13,"[0,""4479489932304556856675726672625344669932146618798398516729885181925403935118696126793944059"",-342,302]","[0,""4374501887016168805347389328735688154230611932420311051494028497974027280389351686322211"",-332,292]",1.1161985126792454e-90,5e-13,5e-20,True,CERTIFIED_GLOBAL
quadratic,preserving,1,2,3.162277660168379e-06,1e-07,0.0,5.0000005e-12,5.000000500000001e-12,5.0000004999999999999999999999999999999999999999999999999999999999999999999999999999999999942864E-12,5.0000005000000000000000000000000000000000000000000000000000000000000000000000000000000000023232E-12,"[0,""699920301922587008855582292597710104676897909187249768239044559675844364862296269811553759"",-336,299]","[0,""5599362415380696070844658340781680837415183273497998145912356477406754918898370158492430081"",-339,302]",1.6073258582581134e-90,5e-12,5e-19,True,CERTIFIED_GLOBAL
quadratic,preserving,2,2,1e-05,1e-07,0.0,5.0000005e-11,5.0000005000000005e-11,5.0000004999999999999999999999999999999999999999999999999999999999999999999999999999999999921433E-11,5.0000005000000000000000000000000000000000000000000000000000000000000000000000000000000000042877E-11,"[0,""6999203019225870088555822925977101046768979091872497682390445596758443648622962698115537587"",-336,302]","[0,""1749800754806467522138955731494275261692244772968124420597611399189610912155740674528884401"",-334,300]",2.428847963590038e-90,5e-11,5e-18,True,CERTIFIED_GLOBAL
quadratic,preserving,3,2,3.1622776601683795e-05,1e-07,0.0,5.000000499999999e-10,5.0000005e-10,5.0000004999999999999999999999999999999999999999999999999999999999999999999999999999999999911432E-10,5.0000005000000000000000000000000000000000000000000000000000000000000000000000000000000000048592E-10,"[0,""4374501887016168805347389328735688154230611932420311051494028497974027280389351686322210991"",-332,302]","[0,""4374501887016168805347389328735688154230611932420311051494028497974027280389351686322211003"",-332,302]",2.7431694647605135e-90,5e-10,5e-17,True,CERTIFIED_GLOBAL
quadratic,preserving,4,2,0.0001,1e-07,0.0,5.0000004999999994e-09,5.0000005e-09,5.0000004999999999999999999999999999999999999999999999999999999999999999999999999999999999904574E-9,5.0000005000000000000000000000000000000000000000000000000000000000000000000000000000000000050878E-9,"[0,""2734063679385105503342118330459805096394132457762694407183767811233767050243344803951381869"",-328,301]","[0,""2734063679385105503342118330459805096394132457762694407183767811233767050243344803951381877"",-328,301]",2.926047429077881e-90,5e-09,5e-16,True,CERTIFIED_GLOBAL
quadratic,preserving,5,2,0.00031622776601683794,1e-07,0.0,5.0000004999999996e-08,5.0000005e-08,5.0000004999999999999999999999999999999999999999999999999999999999999999999999999999999999893602E-8,5.0000005000000000000000000000000000000000000000000000000000000000000000000000000000000000047220E-8,"[0,""6835159198462763758355295826149512740985331144406736017959419528084417625608362009878454671"",-326,302]","[0,""1708789799615690939588823956537378185246332786101684004489854882021104406402090502469613673"",-324,300]",3.072349800531775e-90,5e-08,5e-15,True,CERTIFIED_GLOBAL
quadratic,preserving,6,2,0.001,1e-07,0.0,5.000000499999999e-07,5.0000005e-07,5.0000004999999999999999999999999999999999999999999999999999999999999999999999999999999999877508E-7,5.0000005000000000000000000000000000000000000000000000000000000000000000000000000000000000053072E-7,"[0,""533996812379903418621507486417930682889478995656776251403079650631595127000653282021754271"",-319,299]","[0,""4271974499039227348972059891343445463115831965254210011224637205052761016005226256174034183"",-322,302]",3.5112569148934575e-90,5e-07,5e-14,True,CERTIFIED_GLOBAL
quadratic,preserving,7,2,0.0031622776601683794,1e-07,0.0,5.000000499999999e-06,5.0000005e-06,0.0000050000004999999999999999999999999999999999999999999999999999999999999999999999999999999999877508,0.0000050000005000000000000000000000000000000000000000000000000000000000000000000000000000000000074140,"[0,""2669984061899517093107537432089653414447394978283881257015398253157975635003266410108771355"",-318,301]","[0,""5339968123799034186215074864179306828894789956567762514030796506315951270006532820217542731"",-319,302]",3.932607744680672e-90,5e-06,5e-13,True,CERTIFIED_GLOBAL
quadratic,preserving,8,2,0.01,1e-07,0.0,5.0000004999999996e-05,5.0000005e-05,0.000050000004999999999999999999999999999999999999999999999999999999999999999999999999999999999858782,0.000050000005000000000000000000000000000000000000000000000000000000000000000000000000000000000076013,"[0,""6674960154748792732768843580224133536118487445709703142538495632894939087508166025271928385"",-316,302]","[0,""3337480077374396366384421790112066768059243722854851571269247816447469543754083012635964207"",-315,301]",4.344595222694837e-90,5e-05,5e-12,True,CERTIFIED_GLOBAL
quadratic,preserving,9,2,0.03162277660168379,1e-07,0.0,0.0005000000499999999,0.00050000005,0.00050000004999999999999999999999999999999999999999999999999999999999999999999999999999999999839306,0.00050000005000000000000000000000000000000000000000000000000000000000000000000000000000000000067024,"[0,""4171850096717995457980527237640083460074054653568564464086559770559336929692603765794955239"",-312,302]","[0,""2085925048358997728990263618820041730037027326784282232043279885279668464846301882897477629"",-311,301]",4.55433430241114e-90,0.0005,5e-11,True,CERTIFIED_GLOBAL
quadratic,preserving,10,2,0.1,1e-07,0.0,0.0050000005,0.005000000500000001,0.0050000004999999999999999999999999999999999999999999999999999999999999999999999999999999999841703,0.0050000005000000000000000000000000000000000000000000000000000000000000000000000000000000000090994,"[0,""5214812620897494322475659047050104325092568316960705580108199713199171162115754707243694049"",-309,302]","[0,""5214812620897494322475659047050104325092568316960705580108199713199171162115754707243694075"",-309,302]",4.9857975521132486e-90,0.005,5e-10,True,CERTIFIED_GLOBAL
quadratic,preserving,11,2,0.25,1e-07,0.0,0.031250003124999995,0.031250003125,0.031250003124999999999999999999999999999999999999999999999999999999999999999999999999999999994788,0.031250003125000000000000000000000000000000000000000000000000000000000000000000000000000000002459,"[0,""1018518090019041859858527157626973500994642249406387808614882756484213117600733341258533997"",-304,300]","[0,""4074072360076167439434108630507894003978568997625551234459531025936852470402933365034135989"",-306,302]",2.4545464871942147e-91,0.03125,3.125e-09,True,CERTIFIED_GLOBAL
quadratic,preserving,0,3,1e-06,1e-06,0.0,5.000005e-13,5.000005000000001e-13,5.0000049999999999999999999999999999999999999999999999999999999999999999999999999999999999952023E-13,5.0000050000000000000000000000000000000000000000000000000000000000000000000000000000000000007834E-13,"[0,""279968372740318298545206604751340605820740452360018346193690500119111604371504015692727859"",-338,298]","[0,""4479493963845092776723305676021449693131847237760293539099048001905785669944064251083645749"",-342,302]",1.1161975081015886e-90,5e-13,5e-19,True,CERTIFIED_GLOBAL
quadratic,preserving,1,3,3.162277660168379e-06,1e-06,0.0,5.000004999999999e-12,5.000005e-12,5.0000049999999999999999999999999999999999999999999999999999999999999999999999999999999999943093E-12,5.0000050000000000000000000000000000000000000000000000000000000000000000000000000000000000023461E-12,"[0,""5599367454806365970904132095026812116414809047200366923873810002382232087430080313854557179"",-339,302]","[0,""1399841863701591492726033023756703029103702261800091730968452500595558021857520078463639297"",-337,300]",1.6073244116662876e-90,5e-12,5e-18,True,CERTIFIED_GLOBAL
quadratic,preserving,2,3,1e-05,1e-06,0.0,5.000005e-11,5.0000050000000005e-11,5.0000049999999999999999999999999999999999999999999999999999999999999999999999999999999999916305E-11,5.0000050000000000000000000000000000000000000000000000000000000000000000000000000000000000037748E-11,"[0,""3499604659253978731815082559391757572759255654500229327421131251488895054643800196159098235"",-335,301]","[0,""6999209318507957463630165118783515145518511309000458654842262502977790109287600392318196487"",-336,302]",2.428845777629057e-90,5e-11,5e-17,True,CERTIFIED_GLOBAL
quadratic,preserving,3,3,3.1622776601683795e-05,1e-06,0.0,5.000005e-10,5.000005000000001e-10,5.0000049999999999999999999999999999999999999999999999999999999999999999999999999999999999919162E-10,5.0000050000000000000000000000000000000000000000000000000000000000000000000000000000000000044892E-10,"[0,""2187252912033736707384426599619848482974534784062643329638207032180559409152375122599436397"",-331,301]","[0,""4374505824067473414768853199239696965949069568125286659276414064361118818304750245198872805"",-332,302]",2.5145697462512586e-90,5e-10,5e-16,True,CERTIFIED_GLOBAL
quadratic,preserving,4,3,0.0001,1e-06,0.0,5.000004999999999e-09,5.000005e-09,5.0000049999999999999999999999999999999999999999999999999999999999999999999999999999999999905446E-9,5.0000050000000000000000000000000000000000000000000000000000000000000000000000000000000000051750E-9,"[0,""5468132280084341768461066499049621207436336960156608324095517580451398522880937806498590991"",-329,302]","[0,""5468132280084341768461066499049621207436336960156608324095517580451398522880937806498591007"",-329,302]",2.9260447956378284e-90,5e-09,5e-15,True,CERTIFIED_GLOBAL
quadratic,preserving,5,3,0.00031622776601683794,1e-06,0.0,5.0000049999999994e-08,5.000005e-08,5.0000049999999999999999999999999999999999999999999999999999999999999999999999999999999999892645E-8,5.0000050000000000000000000000000000000000000000000000000000000000000000000000000000000000046263E-8,"[0,""6835165350105427210576333123812026509295421200195760405119396975564248153601172258123238737"",-326,302]","[0,""3417582675052713605288166561906013254647710600097880202559698487782124076800586129061619379"",-325,301]",3.0723470354197195e-90,5e-08,5e-14,True,CERTIFIED_GLOBAL
quadratic,preserving,6,3,0.001,1e-06,0.0,5.000005e-07,5.000005000000001e-07,5.0000049999999999999999999999999999999999999999999999999999999999999999999999999999999999885330E-7,5.0000050000000000000000000000000000000000000000000000000000000000000000000000000000000000060894E-7,"[0,""2135989171907946003305104101191258284154819125061175126599811554863827548000366330663512105"",-321,301]","[0,""4271978343815892006610208202382516568309638250122350253199623109727655096000732661327024225"",-322,302]",3.511253754765394e-90,5e-07,5e-13,True,CERTIFIED_GLOBAL
quadratic,preserving,7,3,0.0031622776601683794,1e-06,0.0,5.000005e-06,5.000005000000001e-06,0.0000050000049999999999999999999999999999999999999999999999999999999999999999999999999999999999880648,0.0000050000050000000000000000000000000000000000000000000000000000000000000000000000000000000000067916,"[0,""2669986464884932504131380126489072855193523906326468908249764443579784435000457913329390131"",-318,301]","[0,""2669986464884932504131380126489072855193523906326468908249764443579784435000457913329390141"",-318,301]",3.7453373384164203e-90,5e-06,5e-12,True,CERTIFIED_GLOBAL
quadratic,preserving,8,3,0.01,1e-06,0.0,5.000005e-05,5.0000050000000006e-05,0.000050000049999999999999999999999999999999999999999999999999999999999999999999999999999999999854431,0.000050000050000000000000000000000000000000000000000000000000000000000000000000000000000000000079152,"[0,""1668741540553082815082112579055670534495952441454043067656102777237365271875286195830868831"",-314,300]","[0,""3337483081106165630164225158111341068991904882908086135312205554474730543750572391661737677"",-315,301]",4.4944048060997045e-90,5e-05,5e-11,True,CERTIFIED_GLOBAL
quadratic,preserving,9,3,0.03162277660168379,1e-06,0.0,0.0005000005,0.0005000005000000001,0.00050000049999999999999999999999999999999999999999999999999999999999999999999999999999999999836453,0.00050000050000000000000000000000000000000000000000000000000000000000000000000000000000000000064171,"[0,""1042963462845676759426320361909794084059970275908776917285064235773353294922053872394293019"",-310,300]","[0,""4171853851382707037705281447639176336239881103635107669140256943093413179688215489577172095"",-312,302]",4.554330203514367e-90,0.0005,5e-10,True,CERTIFIED_GLOBAL
quadratic,preserving,10,3,0.1,1e-06,0.0,0.005000004999999999,0.005000005,0.0050000049999999999999999999999999999999999999999999999999999999999999999999999999999999999836453,0.0050000050000000000000000000000000000000000000000000000000000000000000000000000000000000000085744,"[0,""5214817314228383797131601809548970420299851379543884586425321178866766474610269361971465095"",-309,302]","[0,""5214817314228383797131601809548970420299851379543884586425321178866766474610269361971465121"",-309,302]",4.985793064899939e-90,0.005,5e-09,True,CERTIFIED_GLOBAL
quadratic,preserving,11,3,0.25,1e-06,0.0,0.03125003125,0.031250031250000004,0.031250031249999999999999999999999999999999999999999999999999999999999999999999999999999999993903,0.031250031250000000000000000000000000000000000000000000000000000000000000000000000000000000001575,"[0,""2037038013370462420754531956855066570429629445134329916572391085494830654144636469520103559"",-305,301]","[0,""4074076026740924841509063913710133140859258890268659833144782170989661308289272939040207119"",-306,302]",2.454544278104585e-91,0.03125,3.125e-08,True,CERTIFIED_GLOBAL
quadratic,preserving,0,4,1e-06,1e-05,0.0,5.000049999999999e-13,5.00005e-13,5.0000499999999999999999999999999999999999999999999999999999999999999999999999999999999999954313E-13,5.0000500000000000000000000000000000000000000000000000000000000000000000000000000000000000010124E-13,"[0,""559941784906306497149886963747812490641106678422405470348834525213700377274718186747582825"",-339,299]","[0,""4479534279250451977199095709982499925128853427379243762790676201709603018197745493980662605"",-342,302]",1.1161874624244724e-90,5e-13,5e-18,True,CERTIFIED_GLOBAL
quadratic,preserving,1,4,3.162277660168379e-06,1e-05,0.0,5.0000499999999995e-12,5.00005e-12,5.0000499999999999999999999999999999999999999999999999999999999999999999999999999999999999936453E-12,5.0000500000000000000000000000000000000000000000000000000000000000000000000000000000000000025750E-12,"[0,""699927231132883121437358704684765613301383348028006837936043156517125471593397733434478531"",-336,299]","[0,""2799708924531532485749434818739062453205533392112027351744172626068501886373590933737914129"",-338,301]",1.785899939879156e-90,5e-12,5e-17,True,CERTIFIED_GLOBAL
quadratic,preserving,2,4,1e-05,1e-05,0.0,5.00005e-11,5.0000500000000006e-11,5.0000499999999999999999999999999999999999999999999999999999999999999999999999999999999999915022E-11,5.0000500000000000000000000000000000000000000000000000000000000000000000000000000000000000036466E-11,"[0,""6999272311328831214373587046847656133013833480280068379360431565171254715933977334344785307"",-336,302]","[0,""1749818077832207803593396761711914033253458370070017094840107891292813678983494333586196331"",-334,300]",2.428823918235652e-90,5e-11,5e-16,True,CERTIFIED_GLOBAL
quadratic,preserving,3,4,3.1622776601683795e-05,1e-05,0.0,5.00005e-10,5.000050000000001e-10,5.0000499999999999999999999999999999999999999999999999999999999999999999999999999999999999916451E-10,5.0000500000000000000000000000000000000000000000000000000000000000000000000000000000000000042181E-10,"[0,""4374545194580519508983491904279785083133645925175042737100269728232034197458735833965490817"",-332,302]","[0,""1093636298645129877245872976069946270783411481293760684275067432058008549364683958491372707"",-330,300]",2.5145471153498514e-90,5e-10,5e-15,True,CERTIFIED_GLOBAL
quadratic,preserving,4,4,0.0001,1e-05,0.0,5.0000499999999995e-09,5.00005e-09,5.0000499999999999999999999999999999999999999999999999999999999999999999999999999999999999905021E-9,5.0000500000000000000000000000000000000000000000000000000000000000000000000000000000000000042181E-9,"[0,""170880671663301543319667652510929104809908043952150106917979286259063835838231868514276985"",-324,297]","[0,""5468181493225649386229364880349731353917057406468803421375337160290042746823419792456863535"",-329,302]",2.7431423076543833e-90,5e-09,5e-14,True,CERTIFIED_GLOBAL
quadratic,preserving,5,4,0.00031622776601683794,1e-05,0.0,5.00005e-08,5.0000500000000005e-08,5.0000499999999999999999999999999999999999999999999999999999999999999999999999999999999999890391E-8,5.0000500000000000000000000000000000000000000000000000000000000000000000000000000000000000044010E-8,"[0,""3417613433266030866393353050218582096198160879043002138359585725181276716764637370285539699"",-325,301]","[0,""6835226866532061732786706100437164192396321758086004276719171450362553433529274740571079419"",-326,302]",3.0723193845729094e-90,5e-08,5e-13,True,CERTIFIED_GLOBAL
quadratic,preserving,6,4,0.001,1e-05,0.0,5.000049999999999e-07,5.00005e-07,5.0000499999999999999999999999999999999999999999999999999999999999999999999999999999999999881613E-7,5.0000500000000000000000000000000000000000000000000000000000000000000000000000000000000000057177E-7,"[0,""4272016791582538582991691312773227620247701098803752672949482156476595895955796712856924623"",-322,302]","[0,""2136008395791269291495845656386613810123850549401876336474741078238297947977898356428462319"",-321,301]",3.5112221537976106e-90,5e-07,5e-12,True,CERTIFIED_GLOBAL
quadratic,preserving,7,4,0.0031622776601683794,1e-05,0.0,5.00005e-06,5.0000500000000005e-06,0.0000050000499999999999999999999999999999999999999999999999999999999999999999999999999999999999874590,0.0000050000500000000000000000000000000000000000000000000000000000000000000000000000000000000000071222,"[0,""2670010494739086614369807070483267262654813186752345420593426347797872434972372945535577889"",-318,301]","[0,""5340020989478173228739614140966534525309626373504690841186852695595744869944745891071155799"",-319,302]",3.932568812253324e-90,5e-06,5e-11,True,CERTIFIED_GLOBAL
quadratic,preserving,8,4,0.01,1e-05,0.0,5.00005e-05,5.0000500000000003e-05,0.000050000499999999999999999999999999999999999999999999999999999999999999999999999999999999999855864,0.000050000500000000000000000000000000000000000000000000000000000000000000000000000000000000000073094,"[0,""417189139802982283495282354763010509789814560430053971967722866843417567964433272739934045"",-312,298]","[0,""6675026236847716535924517676208168156637032966880863551483565869494681087430932363838944749"",-316,302]",4.344552211632244e-90,5e-05,5e-10,True,CERTIFIED_GLOBAL
quadratic,preserving,9,4,0.03162277660168379,1e-05,0.0,0.000500005,0.0005000050000000001,0.00050000499999999999999999999999999999999999999999999999999999999999999999999999999999999999843879,0.00050000500000000000000000000000000000000000000000000000000000000000000000000000000000000000071596,"[0,""4171891398029822834952823547630105097898145604300539719677228668434175679644332727399340449"",-312,302]","[0,""1042972849507455708738205886907526274474536401075134929919307167108543919911083181849835117"",-310,300]",4.554289214952421e-90,0.0005,5e-09,True,CERTIFIED_GLOBAL
quadratic,preserving,10,4,0.1,1e-05,0.0,0.00500005,0.005000050000000001,0.0050000499999999999999999999999999999999999999999999999999999999999999999999999999999999999831893,0.0050000500000000000000000000000000000000000000000000000000000000000000000000000000000000000090772,"[0,""651858030942159817961378679317203921546585250671959331199566979442839949944426988656146945"",-306,299]","[0,""5214864247537278543691029434537631372372682005375674649596535835542719599555415909249175587"",-309,302]",5.1775077391038046e-90,0.005,5e-08,True,CERTIFIED_GLOBAL
quadratic,preserving,11,4,0.25,1e-05,0.0,0.031250312499999995,0.0312503125,0.031250312499999999999999999999999999999999999999999999999999999999999999999999999999999999992732,0.031250312500000000000000000000000000000000000000000000000000000000000000000000000000000000000403,"[0,""4074112693388498862258616745732524509666157816699745819997293621517749687152668679100918419"",-306,302]","[0,""1018528173347124715564654186433131127416539454174936454999323405379437421788167169775229605"",-304,300]",2.4545221874269891e-91,0.03125,3.125e-07,True,CERTIFIED_GLOBAL
quadratic,preserving,0,5,1e-06,0.0001,0.0,5.0005e-13,5.000500000000001e-13,5.0004999999999999999999999999999999999999999999999999999999999999999999999999999999999999954884E-13,5.0005000000000000000000000000000000000000000000000000000000000000000000000000000000000000021857E-13,"[0,""2239968716652021990978498024796501122549457661784372999853479099873888250367278961475415579"",-341,301]","[0,""1119984358326010995489249012398250561274728830892186499926739549936944125183639480737707791"",-340,300]",1.3393044187170444e-90,5e-13,5e-17,True,CERTIFIED_GLOBAL
quadratic,preserving,1,5,3.162277660168379e-06,0.0001,0.0,5.0005e-12,5.000500000000001e-12,5.0004999999999999999999999999999999999999999999999999999999999999999999999999999999999999941490E-12,5.0005000000000000000000000000000000000000000000000000000000000000000000000000000000000000030787E-12,"[0,""2799960895815027488723122530995626403186822077230466249816848874842360312959098701844269473"",-338,301]","[0,""1399980447907513744361561265497813201593411038615233124908424437421180156479549350922134739"",-337,300]",1.785739224956059e-90,5e-12,5e-16,True,CERTIFIED_GLOBAL
quadratic,preserving,2,5,1e-05,0.0001,0.0,5.0005e-11,5.0005000000000006e-11,5.0004999999999999999999999999999999999999999999999999999999999999999999999999999999999999923631E-11,5.0005000000000000000000000000000000000000000000000000000000000000000000000000000000000000045074E-11,"[0,""437493889971098045112987895468066625497940949567260351533882636694118798899859172163167105"",-332,298]","[0,""6999902239537568721807806327489066007967055193076165624542122187105900782397746754610673697"",-336,302]",2.4286053459402403e-90,5e-11,5e-15,True,CERTIFIED_GLOBAL
quadratic,preserving,3,5,3.1622776601683795e-05,0.0001,0.0,5.000499999999999e-10,5.0005e-10,5.0004999999999999999999999999999999999999999999999999999999999999999999999999999999999999923631E-10,5.0005000000000000000000000000000000000000000000000000000000000000000000000000000000000000049360E-10,"[0,""2187469449855490225564939477340333127489704747836301757669413183470593994499295860815835525"",-331,301]","[0,""4374938899710980451129878954680666254979409495672603515338826366941187988998591721631671061"",-332,302]",2.514320828738131e-90,5e-10,5e-14,True,CERTIFIED_GLOBAL
quadratic,preserving,4,5,0.0001,0.0001,0.0,5.0005e-09,5.000500000000001e-09,5.0004999999999999999999999999999999999999999999999999999999999999999999999999999999999999909915E-9,5.0005000000000000000000000000000000000000000000000000000000000000000000000000000000000000047074E-9,"[0,""5468673624638725563912348693350832818724261869590754394173532958676484986248239652039588811"",-329,302]","[0,""2734336812319362781956174346675416409362130934795377197086766479338242493124119826019794413"",-328,301]",2.7428954495325066e-90,5e-09,5e-13,True,CERTIFIED_GLOBAL
quadratic,preserving,5,5,0.00031622776601683794,0.0001,0.0,5.0005e-08,5.0005000000000003e-08,5.0004999999999999999999999999999999999999999999999999999999999999999999999999999999999999897113E-8,5.0005000000000000000000000000000000000000000000000000000000000000000000000000000000000000050732E-8,"[0,""1708960507699601738722608966672135255851331834247110748179229049586401558202574891262371503"",-324,300]","[0,""6835842030798406954890435866688541023405327336988442992716916198345606232810299565049486033"",-326,302]",3.0720429034764073e-90,5e-08,5e-12,True,CERTIFIED_GLOBAL
quadratic,preserving,6,5,0.001,0.0001,0.0,5.0005e-07,5.000500000000001e-07,5.0004999999999999999999999999999999999999999999999999999999999999999999999999999999999999879557E-7,5.0005000000000000000000000000000000000000000000000000000000000000000000000000000000000000055121E-7,"[0,""1068100317312251086701630604170084534907082396404444217612018155991500973876609307038982189"",-320,300]","[0,""4272401269249004346806522416680338139628329585617776870448072623966003895506437228155928771"",-322,302]",3.510906175401609e-90,5e-07,5e-11,True,CERTIFIED_GLOBAL
quadratic,preserving,7,5,0.0031622776601683794,0.0001,0.0,5.0005e-06,5.000500000000001e-06,0.0000050004999999999999999999999999999999999999999999999999999999999999999999999999999999999999879557,0.0000050005000000000000000000000000000000000000000000000000000000000000000000000000000000000000076188,"[0,""5340501586561255433508153020850422674535411982022221088060090779957504869383046535194910945"",-319,302]","[0,""2670250793280627716754076510425211337267705991011110544030045389978752434691523267597455483"",-318,301]",3.932214916449801e-90,5e-06,5e-10,True,CERTIFIED_GLOBAL
quadratic,preserving,8,5,0.01,0.0001,0.0,5.0005e-05,5.0005000000000007e-05,0.000050004999999999999999999999999999999999999999999999999999999999999999999999999999999999999855212,0.000050005000000000000000000000000000000000000000000000000000000000000000000000000000000000000079934,"[0,""3337813491600784645942595638031514171584632488763888180037556737473440543364404084496819339"",-315,301]","[0,""1668906745800392322971297819015757085792316244381944090018778368736720271682202042248409677"",-314,300]",4.493959904514059e-90,5e-05,5e-09,True,CERTIFIED_GLOBAL
quadratic,preserving,9,5,0.03162277660168379,0.0001,0.0,0.0005000499999999999,0.00050005,0.00050004999999999999999999999999999999999999999999999999999999999999999999999999999999999999846224,0.00050005000000000000000000000000000000000000000000000000000000000000000000000000000000000000073941,"[0,""4172266864500980807428244547539392714480790610954860225046945921841800679205505105621024173"",-312,302]","[0,""65191669757827825116066321055303011163762353296169691016358530028778135612586017275328503"",-306,296]",4.55387936990758e-90,0.0005,5e-08,True,CERTIFIED_GLOBAL
quadratic,preserving,10,5,0.1,0.0001,0.0,0.0050005,0.005000500000000001,0.0050004999999999999999999999999999999999999999999999999999999999999999999999999999999999999843827,0.0050005000000000000000000000000000000000000000000000000000000000000000000000000000000000000093117,"[0,""651916697578278251160663210553030111637623532961696910163585300287781356125860172753285027"",-306,299]","[0,""2607666790313113004642652842212120446550494131846787640654341201151125424503440691013140121"",-308,301]",4.985299520740929e-90,0.005,5e-07,True,CERTIFIED_GLOBAL
quadratic,preserving,11,5,0.25,0.0001,0.0,0.031253125,0.03125312500000001,0.031253124999999999999999999999999999999999999999999999999999999999999999999999999999999999996354,0.031253125000000000000000000000000000000000000000000000000000000000000000000000000000000000004026,"[0,""4074479359864239069754145065956438197735147081010605688522408126798633475786626079708031431"",-306,302]","[0,""509309919983029883719268133244554774716893385126325711065301015849829184473328259963503929"",-303,299]",2.4543013025186114e-91,0.03125,3.125e-06,True,CERTIFIED_GLOBAL
quadratic,preserving,0,6,1e-06,0.001,0.0,5.004999999999999e-13,5.005e-13,5.0049999999999999999999999999999999999999999999999999999999999999999999999999999999999999960600E-13,5.0050000000000000000000000000000000000000000000000000000000000000000000000000000000000000016411E-13,"[0,""2241984486919982014767999722849012722399767142731884184434889090064755663051341106326258369"",-341,301]","[0,""4483968973839964029535999445698025444799534285463768368869778180129511326102682212652516743"",-342,302]",1.1150835407583383e-90,5e-13,5e-16,True,CERTIFIED_GLOBAL
quadratic,preserving,1,6,3.162277660168379e-06,0.001,0.0,5.005e-12,5.0050000000000006e-12,5.0049999999999999999999999999999999999999999999999999999999999999999999999999999999999999938276E-12,5.0050000000000000000000000000000000000000000000000000000000000000000000000000000000000000027573E-12,"[0,""175155038040623594903749978347579118937481808025928451908975710161309036175886023931738935"",-334,297]","[0,""2802480608649977518459999653561265902999708928414855230543611362580944578814176382907822965"",-338,301]",1.7841336652133414e-90,5e-12,5e-15,True,CERTIFIED_GLOBAL
quadratic,preserving,2,6,1e-05,0.001,0.0,5.005e-11,5.0050000000000004e-11,5.0049999999999999999999999999999999999999999999999999999999999999999999999999999999999999916845E-11,5.0050000000000000000000000000000000000000000000000000000000000000000000000000000000000000038289E-11,"[0,""7006201521624943796149999133903164757499272321037138076359028406452361447035440957269557397"",-336,302]","[0,""3503100760812471898074999566951582378749636160518569038179514203226180723517720478634778707"",-335,301]",2.426421784690144e-90,5e-11,5e-14,True,CERTIFIED_GLOBAL
quadratic,preserving,3,6,3.1622776601683795e-05,0.001,0.0,5.005e-10,5.005000000000001e-10,5.0049999999999999999999999999999999999999999999999999999999999999999999999999999999999999915417E-10,5.0050000000000000000000000000000000000000000000000000000000000000000000000000000000000000041146E-10,"[0,""4378875951015589872593749458689477973437045200648211297724392754032725904397150598293473373"",-332,302]","[0,""547359493876948734074218682336184746679630650081026412215549094254090738049643824786684173"",-329,299]",2.5120602006203844e-90,5e-10,5e-13,True,CERTIFIED_GLOBAL
quadratic,preserving,4,6,0.0001,0.001,0.0,5.005e-09,5.005000000000001e-09,5.0049999999999999999999999999999999999999999999999999999999999999999999999999999999999999903987E-9,5.0050000000000000000000000000000000000000000000000000000000000000000000000000000000000000050290E-9,"[0,""5473594938769487340742186823361847466796306500810264122155490942540907380496438247866841715"",-329,302]","[0,""5473594938769487340742186823361847466796306500810264122155490942540907380496438247866841731"",-329,302]",2.9231245970855385e-90,5e-09,5e-12,True,CERTIFIED_GLOBAL
quadratic,preserving,5,6,0.00031622776601683794,0.001,0.0,5.0049999999999995e-08,5.005e-08,5.0049999999999999999999999999999999999999999999999999999999999999999999999999999999999999891185E-8,5.0050000000000000000000000000000000000000000000000000000000000000000000000000000000000000052119E-8,"[0,""3420996836730929587963866764601154666747691563006415076347181839088067112810273904916776071"",-325,301]","[0,""1710498418365464793981933382300577333373845781503207538173590919544033556405136952458388041"",-324,300]",3.2154370567940924e-90,5e-08,5e-11,True,CERTIFIED_GLOBAL
quadratic,preserving,6,6,0.001,0.001,0.0,5.004999999999999e-07,5.005e-07,5.0049999999999999999999999999999999999999999999999999999999999999999999999999999999999999882407E-7,5.0050000000000000000000000000000000000000000000000000000000000000000000000000000000000000057971E-7,"[0,""534530755739207748119354181968930416679326806719752355679247162357510486376605297643246261"",-319,299]","[0,""4276246045913661984954833455751443333434614453758018845433977298860083891012842381145970103"",-322,302]",3.507749516502646e-90,5e-07,5e-10,True,CERTIFIED_GLOBAL
quadratic,preserving,7,6,0.0031622776601683794,0.001,0.0,5.0049999999999995e-06,5.005e-06,0.0000050049999999999999999999999999999999999999999999999999999999999999999999999999999999999999882407,0.0000050050000000000000000000000000000000000000000000000000000000000000000000000000000000000000069675,"[0,""2672653778696038740596770909844652083396634033598761778396235811787552431883026488216231305"",-318,301]","[0,""2672653778696038740596770909844652083396634033598761778396235811787552431883026488216231315"",-318,301]",3.7415994842694893e-90,5e-06,5e-09,True,CERTIFIED_GLOBAL
quadratic,preserving,8,6,0.01,0.001,0.0,5.005e-05,5.0050000000000004e-05,0.000050049999999999999999999999999999999999999999999999999999999999999999999999999999999999999856190,0.000050050000000000000000000000000000000000000000000000000000000000000000000000000000000000000073421,"[0,""6681634446740096851491927274611630208491585083996904445990589529468881079707566220540578259"",-316,302]","[0,""417602152921256053218245454663226888030724067749806527874411845591805067481722888783786143"",-312,298]",4.340255401752607e-90,5e-05,5e-08,True,CERTIFIED_GLOBAL
quadratic,preserving,9,6,0.03162277660168379,0.001,0.0,0.0005005,0.0005005000000000001,0.00050049999999999999999999999999999999999999999999999999999999999999999999999999999999999999845703,0.00050050000000000000000000000000000000000000000000000000000000000000000000000000000000000000073421,"[0,""4176021529212560532182454546632268880307240677498065278744118455918050674817228887837861411"",-312,302]","[0,""2088010764606280266091227273316134440153620338749032639372059227959025337408614443918930715"",-311,301]",4.549784972871699e-90,0.0005,5e-07,True,CERTIFIED_GLOBAL
quadratic,preserving,10,6,0.1,0.001,0.0,0.005005,0.005005000000000001,0.0050049999999999999999999999999999999999999999999999999999999999999999999999999999999999999838512,0.0050050000000000000000000000000000000000000000000000000000000000000000000000000000000000000087803,"[0,""5220026911515700665228068183290336100384050846872581598430148069897563343521536109797326763"",-309,302]","[0,""5220026911515700665228068183290336100384050846872581598430148069897563343521536109797326789"",-309,302]",4.980817233459544e-90,0.005,5e-06,True,CERTIFIED_GLOBAL
quadratic,preserving,11,6,0.25,0.001,0.0,0.03128125,0.031281250000000003,0.031281249999999999999999999999999999999999999999999999999999999999999999999999999999999999994231,0.031281250000000000000000000000000000000000000000000000000000000000000000000000000000000000001903,"[0,""2039073012310820572354714134097787539212519862059602186886776589803735681063100042889580773"",-305,301]","[0,""4078146024621641144709428268195575078425039724119204373773553179607471362126200085779161547"",-306,302]",2.4520946380108525e-91,0.03125,3.125e-05,True,CERTIFIED_GLOBAL
quadratic,preserving,0,7,1e-06,0.01,0.0,5.05e-13,5.050000000000001e-13,5.0499999999999999999999999999999999999999999999999999999999999999999999999999999999999999961952E-13,5.0500000000000000000000000000000000000000000000000000000000000000000000000000000000000000017763E-13,"[0,""4524284379199164505326033406748257441805723904413992060497977983946859579783925109669372533"",-342,302]","[0,""2262142189599582252663016703374128720902861952206996030248988991973429789891962554834686269"",-341,301]",1.1051471527713828e-90,5e-13,5e-15,True,CERTIFIED_GLOBAL
quadratic,preserving,1,7,3.162277660168379e-06,0.01,0.0,5.05e-12,5.0500000000000005e-12,5.0499999999999999999999999999999999999999999999999999999999999999999999999999999999999999941861E-12,5.0500000000000000000000000000000000000000000000000000000000000000000000000000000000000000031158E-12,"[0,""353459717124934726978596359902207612641072180032343129726404529995848404670619149192919729"",-335,298]","[0,""2827677736999477815828770879217660901128577440258745037811236239966787237364953193543357837"",-338,301]",1.7682354444342126e-90,5e-12,5e-14,True,CERTIFIED_GLOBAL
quadratic,preserving,2,7,1e-05,0.01,0.0,5.0499999999999994e-11,5.05e-11,5.0499999999999999999999999999999999999999999999999999999999999999999999999999999999999999920430E-11,5.0500000000000000000000000000000000000000000000000000000000000000000000000000000000000000041873E-11,"[0,""7069194342498694539571927198044152252821443600646862594528090599916968093412382983858394577"",-336,302]","[0,""3534597171249347269785963599022076126410721800323431297264045299958484046706191491929197297"",-335,301]",2.404800204430529e-90,5e-11,5e-13,True,CERTIFIED_GLOBAL
quadratic,preserving,3,7,3.1622776601683795e-05,0.01,0.0,5.049999999999999e-10,5.05e-10,5.0499999999999999999999999999999999999999999999999999999999999999999999999999999999999999913286E-10,5.0500000000000000000000000000000000000000000000000000000000000000000000000000000000000000050445E-10,"[0,""2209123232030842043616227249388797579006701125202144560790028312474052529191369682455748305"",-331,301]","[0,""2209123232030842043616227249388797579006701125202144560790028312474052529191369682455748311"",-331,301]",2.7160096426509506e-90,5e-10,5e-12,True,CERTIFIED_GLOBAL
quadratic,preserving,4,7,0.0001,0.01,0.0,5.05e-09,5.0500000000000006e-09,5.0499999999999999999999999999999999999999999999999999999999999999999999999999999999999999908714E-9,5.0500000000000000000000000000000000000000000000000000000000000000000000000000000000000000055017E-9,"[0,""2761404040038552554520284061735996973758376406502680700987535390592565661489212103069685381"",-328,301]","[0,""2761404040038552554520284061735996973758376406502680700987535390592565661489212103069685389"",-328,301]",2.897076952161014e-90,5e-09,5e-11,True,CERTIFIED_GLOBAL
quadratic,preserving,5,7,0.00031622776601683794,0.01,0.0,5.0499999999999996e-08,5.05e-08,5.0499999999999999999999999999999999999999999999999999999999999999999999999999999999999999890426E-8,5.0500000000000000000000000000000000000000000000000000000000000000000000000000000000000000051360E-8,"[0,""3451755050048190693150355077169996217197970508128350876234419238240707076861515128837106725"",-325,301]","[0,""215734690628011918321897192323124763574873156758021929764651202390044192303844695552319171"",-321,297]",3.1867846473771153e-90,5e-08,5e-10,True,CERTIFIED_GLOBAL
quadratic,preserving,6,7,0.001,0.01,0.0,5.049999999999999e-07,5.05e-07,5.0499999999999999999999999999999999999999999999999999999999999999999999999999999999999999887500E-7,5.0500000000000000000000000000000000000000000000000000000000000000000000000000000000000000063064E-7,"[0,""2157346906280119183218971923231247635748731567580219297646512023900441923038446955523191703"",-321,301]","[0,""4314693812560238366437943846462495271497463135160438595293024047800883846076893911046383421"",-322,302]",3.4764923425932167e-90,5e-07,5e-09,True,CERTIFIED_GLOBAL
quadratic,preserving,7,7,0.0031622776601683794,0.01,0.0,5.05e-06,5.050000000000001e-06,0.0000050499999999999999999999999999999999999999999999999999999999999999999999999999999999999999882819,0.0000050500000000000000000000000000000000000000000000000000000000000000000000000000000000000000070087,"[0,""5393367265700297958047429808078119089371828918950548244116280059751104807596117388807979257"",-319,302]","[0,""5393367265700297958047429808078119089371828918950548244116280059751104807596117388807979277"",-319,302]",3.7082584987660975e-90,5e-06,5e-08,True,CERTIFIED_GLOBAL
quadratic,preserving,8,7,0.01,0.01,0.0,5.0499999999999994e-05,5.05e-05,0.000050499999999999999999999999999999999999999999999999999999999999999999999999999999999999999858474,0.000050500000000000000000000000000000000000000000000000000000000000000000000000000000000000000083195,"[0,""1685427270531343111889821815024412215428696537172046326286337518672220252373786684002493517"",-314,300]","[0,""3370854541062686223779643630048824430857393074344092652572675037344440504747573368004987049"",-315,301]",4.449910198519317e-90,5e-05,5e-07,True,CERTIFIED_GLOBAL
quadratic,preserving,9,7,0.03162277660168379,0.01,0.0,0.0005049999999999999,0.000505,0.00050499999999999999999999999999999999999999999999999999999999999999999999999999999999999999840496,0.00050500000000000000000000000000000000000000000000000000000000000000000000000000000000000000068214,"[0,""4213568176328357779724554537561030538571741342930115815715843796680550630934466710006233791"",-312,302]","[0,""2106784088164178889862277268780515269285870671465057907857921898340275315467233355003116905"",-311,301]",4.509242334499575e-90,0.0005,5e-06,True,CERTIFIED_GLOBAL
quadratic,preserving,10,7,0.1,0.01,0.0,0.00505,0.005050000000000001,0.0050499999999999999999999999999999999999999999999999999999999999999999999999999999999999999842893,0.0050500000000000000000000000000000000000000000000000000000000000000000000000000000000000000092184,"[0,""5266960220410447224655693171951288173214676678662644769644804745850688288668083387507792239"",-309,302]","[0,""5266960220410447224655693171951288173214676678662644769644804745850688288668083387507792265"",-309,302]",4.93643371355743e-90,0.005,5e-05,True,CERTIFIED_GLOBAL
quadratic,preserving,11,7,0.25,0.01,0.0,0.03156249999999999,0.0315625,0.031562499999999999999999999999999999999999999999999999999999999999999999999999999999999999996011,0.031562500000000000000000000000000000000000000000000000000000000000000000000000000000000000003682,"[0,""4114812672195661894262260290586943885323966155205191226285003707695850225521940146490462699"",-306,302]","[0,""1028703168048915473565565072646735971330991538801297806571250926923962556380485036622615675"",-304,300]",2.4302442897513498e-91,0.03125,0.0003125,True,CERTIFIED_GLOBAL
quadratic,preserving,0,8,1e-06,0.1,0.0,5.5e-13,5.500000000000001e-13,5.4999999999999999999999999999999999999999999999999999999999999999999999999999999999999999964309E-13,5.5000000000000000000000000000000000000000000000000000000000000000000000000000000000000000020120E-13,"[0,""2463719216395584631613186508625288705933810046958114488389988011060171058298177039918965241"",-341,301]","[0,""4927438432791169263226373017250577411867620093916228976779976022120342116596354079837930487"",-342,302]",1.014726022090088e-90,5e-13,5e-14,True,CERTIFIED_GLOBAL
quadratic,preserving,1,8,3.162277660168379e-06,0.1,0.0,5.4999999999999996e-12,5.5e-12,5.4999999999999999999999999999999999999999999999999999999999999999999999999999999999999999941985E-12,5.5000000000000000000000000000000000000000000000000000000000000000000000000000000000000000031282E-12,"[0,""1539824510247240394758241567890805441208631279348821555243742506912606911436360649949353275"",-337,300]","[0,""3079649020494480789516483135781610882417262558697643110487485013825213822872721299898706555"",-338,301]",1.6235616353441405e-90,5e-12,5e-13,True,CERTIFIED_GLOBAL
quadratic,preserving,2,8,1e-05,0.1,0.0,5.5e-11,5.5000000000000004e-11,5.4999999999999999999999999999999999999999999999999999999999999999999999999999999999999999920554E-11,5.5000000000000000000000000000000000000000000000000000000000000000000000000000000000000000049141E-11,"[0,""1924780637809050493447801959863506801510789099186026944054678133640758639295450812436691593"",-334,300]","[0,""3849561275618100986895603919727013603021578198372053888109356267281517278590901624873383195"",-335,301]",2.3379287548955626e-90,5e-11,5e-12,True,CERTIFIED_GLOBAL
quadratic,preserving,3,8,3.1622776601683795e-05,0.1,0.0,5.5e-10,5.500000000000001e-10,5.4999999999999999999999999999999999999999999999999999999999999999999999999999999999999999914839E-10,5.5000000000000000000000000000000000000000000000000000000000000000000000000000000000000000051998E-10,"[0,""2405975797261313116809752449829383501888486373982533680068347667050948299119313515545864491"",-331,301]","[0,""2405975797261313116809752449829383501888486373982533680068347667050948299119313515545864497"",-331,301]",2.4937906718886e-90,5e-10,5e-11,True,CERTIFIED_GLOBAL
quadratic,preserving,4,8,0.0001,0.1,0.0,5.5e-09,5.5000000000000004e-09,5.4999999999999999999999999999999999999999999999999999999999999999999999999999999999999999910267E-9,5.5000000000000000000000000000000000000000000000000000000000000000000000000000000000000000056570E-9,"[0,""6014939493153282792024381124573458754721215934956334200170869167627370747798283788864661227"",-329,302]","[0,""6014939493153282792024381124573458754721215934956334200170869167627370747798283788864661243"",-329,302]",2.66004338334784e-90,5e-09,5e-10,True,CERTIFIED_GLOBAL
quadratic,preserving,5,8,0.00031622776601683794,0.1,0.0,5.4999999999999996e-08,5.5e-08,5.4999999999999999999999999999999999999999999999999999999999999999999999999999999999999999890150E-8,5.5000000000000000000000000000000000000000000000000000000000000000000000000000000000000000058399E-8,"[0,""7518674366441603490030476405716823443401519918695417750213586459534213434747854736080826531"",-326,302]","[0,""3759337183220801745015238202858411721700759959347708875106793229767106717373927368040413277"",-325,301]",3.059049890850016e-90,5e-08,5e-09,True,CERTIFIED_GLOBAL
quadratic,preserving,6,8,0.001,0.1,0.0,5.499999999999999e-07,5.5e-07,5.4999999999999999999999999999999999999999999999999999999999999999999999999999999999999999879909E-7,5.5000000000000000000000000000000000000000000000000000000000000000000000000000000000000000067177E-7,"[0,""4699171479026002181269047753573014652125949949184636093883491537208883396717409210050516581"",-322,302]","[0,""4699171479026002181269047753573014652125949949184636093883491537208883396717409210050516597"",-322,302]",3.404855530685235e-90,5e-07,5e-08,True,CERTIFIED_GLOBAL
quadratic,preserving,7,8,0.0031622776601683794,0.1,0.0,5.5e-06,5.500000000000001e-06,0.0000054999999999999999999999999999999999999999999999999999999999999999999999999999999999999999877568,0.0000055000000000000000000000000000000000000000000000000000000000000000000000000000000000000000083563,"[0,""2936982174391251363293154845983134157578718718240397558677182210755552122948380756281572863"",-318,301]","[0,""1468491087195625681646577422991567078789359359120198779338591105377776061474190378140786437"",-317,300]",3.7453410837537587e-90,5e-06,5e-07,True,CERTIFIED_GLOBAL
quadratic,preserving,8,8,0.01,0.1,0.0,5.4999999999999995e-05,5.5e-05,0.000054999999999999999999999999999999999999999999999999999999999999999999999999999999999999999851351,0.000055000000000000000000000000000000000000000000000000000000000000000000000000000000000000000091054,"[0,""3671227717989064204116443557478917696973398397800496948346477763444440153685475945351966077"",-315,301]","[0,""3671227717989064204116443557478917696973398397800496948346477763444440153685475945351966093"",-315,301]",4.358215079277101e-90,5e-05,5e-06,True,CERTIFIED_GLOBAL
quadratic,preserving,9,8,0.03162277660168379,0.1,0.0,0.0005499999999999999,0.00055,0.00054999999999999999999999999999999999999999999999999999999999999999999999999999999999999999836369,0.00055000000000000000000000000000000000000000000000000000000000000000000000000000000000000000076072,"[0,""4589034647486330255145554446848647121216747997250621185433097204305550192106844931689957595"",-312,302]","[0,""4589034647486330255145554446848647121216747997250621185433097204305550192106844931689957615"",-312,302]",4.358215079277101e-90,0.0005,5e-05,True,CERTIFIED_GLOBAL
quadratic,preserving,10,8,0.1,0.1,0.0,0.0055,0.0055000000000000005,0.0054999999999999999999999999999999999999999999999999999999999999999999999999999999999999999829178,0.0055000000000000000000000000000000000000000000000000000000000000000000000000000000000000000107234,"[0,""5736293309357912818931943058560808901520934996563276481791371505381937740133556164612446993"",-309,302]","[0,""2868146654678956409465971529280404450760467498281638240895685752690968870066778082306223511"",-308,301]",5.055529491961437e-90,0.005,0.0005,True,CERTIFIED_GLOBAL
quadratic,preserving,11,8,0.25,0.1,0.0,0.034374999999999996,0.034375,0.034374999999999999999999999999999999999999999999999999999999999999999999999999999999999999998465,0.034375000000000000000000000000000000000000000000000000000000000000000000000000000000000000006137,"[0,""4481479147935869389790580514500631954313230466065059751399508988579638859479340753603474227"",-306,302]","[0,""1120369786983967347447645128625157988578307616516264937849877247144909714869835188400868557"",-304,300]",2.2314061205898756e-91,0.03125,0.003125,True,CERTIFIED_GLOBAL
quadratic,cross,0,0,1e-06,0.0,0.0,5e-13,5.000000000000001e-13,4.9999999999999999999999999999999999999999999999999999999999999999999999999999999999999999971612E-13,5.0000000000000000000000000000000000000000000000000000000000000000000000000000000000000000005099E-13,"[0,""559936185544451052639360570142111069530411374308662383724997275240947967795040236345219373"",-339,299]","[0,""4479489484355608421114884561136888556243290994469299069799978201927583742360321890761754987"",-342,302]",6.69719174579458e-91,5e-13,0.0,True,CERTIFIED_GLOBAL
quadratic,cross,1,0,3.162277660168379e-06,0.0,0.0,5e-12,5.0000000000000005e-12,4.9999999999999999999999999999999999999999999999999999999999999999999999999999999999999999953753E-12,5.0000000000000000000000000000000000000000000000000000000000000000000000000000000000000000016261E-12,"[0,""87490028991320476974900089084704854614126777235728497457030824256398119967975036928940527"",-333,296]","[0,""5599361855444510526393605701421110695304113743086623837249972752409479677950402363452193735"",-339,302]",1.2501424592149883e-90,5e-12,0.0,True,CERTIFIED_GLOBAL
quadratic,cross,2,0,1e-05,0.0,0.0,4.9999999999999995e-11,5e-11,4.9999999999999999999999999999999999999999999999999999999999999999999999999999999999999999932322E-11,5.0000000000000000000000000000000000000000000000000000000000000000000000000000000000000000032334E-11,"[0,""6999202319305638157992007126776388369130142178858279796562465940511849597438002954315242157"",-336,302]","[0,""6999202319305638157992007126776388369130142178858279796562465940511849597438002954315242171"",-336,302]",2.0002279347439812e-90,5e-11,0.0,True,CERTIFIED_GLOBAL
quadratic,cross,3,0,3.1622776601683795e-05,0.0,0.0,4.999999999999999e-10,5e-10,4.9999999999999999999999999999999999999999999999999999999999999999999999999999999999999999930893E-10,5.0000000000000000000000000000000000000000000000000000000000000000000000000000000000000000033763E-10,"[0,""1093625362391505962186251113558810682676584715446606218212885303204976499599687961611756587"",-330,300]","[0,""4374501449566023848745004454235242730706338861786424872851541212819905998398751846447026357"",-332,302]",2.057377304308095e-90,5e-10,0.0,True,CERTIFIED_GLOBAL
quadratic,cross,4,0,0.0001,0.0,0.0,4.999999999999999e-09,5e-09,4.9999999999999999999999999999999999999999999999999999999999999999999999999999999999999999921749E-9,5.0000000000000000000000000000000000000000000000000000000000000000000000000000000000000000040621E-9,"[0,""2734063405978764905465627783897026706691461788616515545532213258012441248999219904029391467"",-328,301]","[0,""5468126811957529810931255567794053413382923577233031091064426516024882497998439808058782947"",-329,302]",2.377413773867132e-90,5e-09,0.0,True,CERTIFIED_GLOBAL
quadratic,cross,5,0,0.00031622776601683794,0.0,0.0,5e-08,5.0000000000000004e-08,4.9999999999999999999999999999999999999999999999999999999999999999999999999999999999999999903462E-8,5.0000000000000000000000000000000000000000000000000000000000000000000000000000000000000000042450E-8,"[0,""6835158514946912263664069459742566766728654471541288863830533145031103122498049760073478665"",-326,302]","[0,""1708789628736728065916017364935641691682163617885322215957633286257775780624512440018369671"",-324,300]",2.7797453355984928e-90,5e-08,0.0,True,CERTIFIED_GLOBAL
quadratic,cross,6,0,0.001,0.0,0.0,5e-07,5.000000000000001e-07,4.9999999999999999999999999999999999999999999999999999999999999999999999999999999999999999896146E-7,5.0000000000000000000000000000000000000000000000000000000000000000000000000000000000000000048302E-7,"[0,""4271974071841820164790043412339104229205409044713305539894083215644439451561281100045924165"",-322,302]","[0,""2135987035920910082395021706169552114602704522356652769947041607822219725780640550022962089"",-321,301]",3.043089630549929e-90,5e-07,0.0,True,CERTIFIED_GLOBAL
quadratic,cross,7,0,0.0031622776601683794,0.0,0.0,4.9999999999999996e-06,5e-06,0.0000049999999999999999999999999999999999999999999999999999999999999999999999999999999999999999893806,0.0000050000000000000000000000000000000000000000000000000000000000000000000000000000000000000000062347,"[0,""2669983794901137602993777132711940143253380652945815962433802009777774657225800687528702603"",-318,301]","[0,""667495948725284400748444283177985035813345163236453990608450502444443664306450171882175653"",-316,299]",3.370806975378383e-90,5e-06,0.0,True,CERTIFIED_GLOBAL
quadratic,cross,8,0,0.01,0.0,0.0,4.9999999999999996e-05,5e-05,0.000049999999999999999999999999999999999999999999999999999999999999999999999999999999999999999867588,0.000050000000000000000000000000000000000000000000000000000000000000000000000000000000000000000069838,"[0,""834369935906605500935555353972481294766681454045567488260563128055554580383062714852719563"",-313,299]","[0,""6674959487252844007484442831779850358133451632364539906084505024444436643064501718821756531"",-316,302]",4.044968370454059e-90,5e-05,0.0,True,CERTIFIED_GLOBAL
quadratic,cross,9,0,0.03162277660168379,0.0,0.0,0.0004999999999999999,0.0005,0.00049999999999999999999999999999999999999999999999999999999999999999999999999999999999999999855603,0.00050000000000000000000000000000000000000000000000000000000000000000000000000000000000000000059351,"[0,""2085924839766513752338888384931203236916703635113918720651407820138886450957656787131798907"",-311,301]","[0,""4171849679533027504677776769862406473833407270227837441302815640277772901915313574263597831"",-312,302]",4.074931099124089e-90,0.0005,0.0,True,CERTIFIED_GLOBAL
quadratic,cross,10,0,0.1,0.0,0.0,0.004999999999999999,0.005,0.0049999999999999999999999999999999999999999999999999999999999999999999999999999999999999999850809,0.0050000000000000000000000000000000000000000000000000000000000000000000000000000000000000000080924,"[0,""5214812099416284380847220962328008092291759087784796801628519550347216127394141967829497267"",-309,302]","[0,""5214812099416284380847220962328008092291759087784796801628519550347216127394141967829497291"",-309,302]",4.602275123716619e-90,0.005,0.0,True,CERTIFIED_GLOBAL
quadratic,cross,11,0,0.25,0.0,0.0,0.03125,0.03125,0.03125,0.03125,"[0,""1"",-5,1]","[0,""1"",-5,1]",0.0,0.03125,0.0,True,CERTIFIED_GLOBAL
quadratic,cross,0,1,1e-06,1e-08,1.0,1.6817922359037663e-11,1.6817922359037666e-11,1.6817922359037664726126481406309643460487237308961751470982628130066883241600335748573815817592E-11,1.6817922359037664726126481406309643460487237308961751470982628130066883241600335748573815831880E-11,"[0,""4708481647251142894820713260982695139593264710388208513024890340233820485577476394593699091"",-337,302]","[0,""4708481647251142894820713260982695139593264710388208513024890340233820485577476394593699095"",-337,302]",8.495307616490847e-91,5e-13,1.681792830507429e-11,False,CERTIFIED_GLOBAL
quadratic,cross,1,1,3.162277660168379e-06,1e-08,1.0,2.990694218739047e-11,2.9906942187390474e-11,2.9906942187390470136473350727800920014429408213962216716092866733406854580937472062955123746405E-11,2.9906942187390470136473350727800920014429408213962216716092866733406854580937472062955123782124E-11,"[0,""1046623695606615069295159973087902831608983999074038842371848340062453067616890455449697593"",-334,300]","[0,""4186494782426460277180639892351611326435935996296155369487393360249812270467561821798790377"",-336,302]",1.1943165487721063e-90,5e-12,2.990697562442441e-11,False,CERTIFIED_GLOBAL
quadratic,cross,2,1,1e-05,1e-08,0.41351734506460525,7.564958919951476e-11,7.564958919951477e-11,7.5649589199514767342332901281398175853812630399354376060871827548813766131275455744336180024359E-11,7.5649589199514767342332901281398175853812630399354376087855172242041847328569800493382690336174E-11,"[0,""5294867801797625143529936399271793461562874522456607087712071599720609472913485778987870129"",-335,302]","[0,""5294867801797625143529936399271793461562874522456607089600690487315264165718730835496323133"",-335,302]",3.566885819044363e-55,5e-11,5.3182958969449887e-11,False,CERTIFIED_GLOBAL
quadratic,cross,3,1,3.1622776601683795e-05,1e-08,0.13076566621937905,5.256495891918198e-10,5.256495891918199e-10,5.2564958919181987558158239962290527287966591292270182205180100317622201888127451883784571268407E-10,5.2564958919181987558158239962290527287966591292270182213712983128344084667045181888850958162262E-10,"[0,""4598909779766801976488432612555391979991246384053002978900524827877368643573096450549533915"",-332,302]","[0,""4598909779766801976488432612555391979991246384053002979647066992366966326009069410724269393"",-332,302]",1.6233024787180165e-55,5e-10,9.457416090031758e-11,True,CERTIFIED_GLOBAL
quadratic,cross,4,1,0.0001,1e-08,0.04135173443822976,5.02564958911487e-09,5.025649589114871e-09,5.0256495891148709579105945258615555861940904826119416151445016512054838588349664814387450882377E-9,5.0256495891148709579105945258615555861940904826119416154143350976925394826241835448422093541857E-9,"[0,""5496177853148473788925615817192234988222799503347703727734932091857161055079500512038265649"",-329,302]","[0,""5496177853148473788925615817192234988222799503347703728030028792556916293057065847122189583"",-329,302]",5.369125755832477e-56,5e-09,1.6817928305074292e-10,True,CERTIFIED_GLOBAL
quadratic,cross,5,1,0.00031622776601683794,1e-08,0.01307656640617329,5.002564958834538e-08,5.0025649588345384e-08,5.0025649588345381774852429929674045875930888178720529588350956011938765421697214704186350157729E-8,5.0025649588345381774852429929674045875930888178720529589204244278931696822911636701809325071821E-8,"[0,""6838664894990588650078573350096558441562903345824683513222328306141581533060240624951570537"",-326,302]","[0,""3419332447495294325039286675048279220781451672912341756669487758709201060222970052608144679"",-325,301]",1.7057015231476862e-56,5e-08,2.990697562442441e-10,True,CERTIFIED_GLOBAL
quadratic,cross,6,1,0.001,1e-08,0.004135172761515251,5.000256495806505e-07,5.000256495806506e-07,5.0002564958065048930944205717840941438130496517546364565799069891766595752093738432561577630983E-7,5.0002564958065048930944205717840941438130496517546364566068903293731125137830486783520001974777E-7,"[0,""4272193220528805176745261720663986985638273768049090011009355706753652256516972387646541239"",-322,302]","[0,""4272193220528805176745261720663986985638273768049090011032410132691839080446824074416166269"",-322,302]",5.396391208947516e-57,5e-07,5.318295896944989e-10,True,CERTIFIED_GLOBAL
quadratic,cross,7,1,0.0031622776601683794,1e-08,0.0013076544829675862,5.0000256495037014e-06,5.000025649503702e-06,0.0000050000256495037015011723247183275476926935771467431805891022593841431097829578871910286986877935,0.0000050000256495037015011723247183275476926935771467431805891107922527337587571456570736309105006906,"[0,""5339994983305967311937899285432136274836130141588339291457123496929069272753634674357158805"",-319,302]","[0,""5339994983305967311937899285432136274836130141588339291466236545273490740662637956538893945"",-319,302]",1.7065649636209247e-57,5e-06,9.457416090031758e-10,True,CERTIFIED_GLOBAL
quadratic,cross,8,1,0.01,1e-08,0.0004135104529605716,5.0000025648734204e-05,5.000002564873421e-05,0.000050000025648734205271358853686479251737956473926952026899584277693988025648890431450266851733239,0.000050000025648734205271358853686479251737956473926952026899611260588951796321000222128630010696608,"[0,""6674962911338078397536261494982368955899785658583262664340137332386856244016573640043195345"",-316,302]","[0,""6674962911338078397536261494982368955899785658583262664343739527001495604664329343257905815"",-316,302]",5.396576224447151e-58,5e-05,1.681792830507429e-09,True,CERTIFIED_GLOBAL
quadratic,cross,9,1,0.03162277660168379,1e-08,0.00013074386820259224,0.0005000000256410386,0.0005000000256410387,0.00050000002564103860798801675324847656577207760159221584867289424285053046675650982821651175239762,0.00050000002564103860798801675324847656577207760159221584867297955745480965000055075438883092430046,"[0,""4171849893474144903935363478759739521211121194422605004304332123176083479325979837618360741"",-312,302]","[0,""4171849893474144903935363478759739521211121194422605004305043962585126674673311480689345997"",-312,302]",1.706291998081467e-58,0.0005,2.990697562442441e-09,True,CERTIFIED_GLOBAL
quadratic,cross,10,1,0.1,1e-08,4.128269935951451e-05,0.005000000025564019,0.00500000002556402,0.0050000000255640189952436927380515713039978567651004706947632152505453041419263368887193564098967,0.0050000000255640189952436927380515713039978567651004706947634846335182030037218748375979424913875,"[0,""2607406063039297747034063897487142853800016662385410070057013149679206771236065422585634415"",-308,301]","[0,""5214812126078595494068127794974285707600033324770820140114307255675703485175887674453766737"",-309,302]",5.387659430431191e-59,0.005,5.318295896944989e-09,True,CERTIFIED_GLOBAL
quadratic,cross,11,1,0.25,1e-08,1.6366567281450522e-05,0.0312500000251124,0.031250000025112405,0.031250000025112399178333329523898082848650386900320755720398410481887992861339476047785568300590,0.031250000025112399178333329523898082848650386900320755720399077964097769430224092163593917781570,"[0,""2037035977971441624775248250905857943482351833339899171056213104185111635307442350560260047"",-305,301]","[0,""4074071955942883249550496501811715886964703666679798342112513228227815469863000361858633331"",-306,302]",2.1359430695685836e-59,0.03125,8.408964152537145e-09,True,CERTIFIED_GLOBAL
quadratic,cross,0,2,1e-06,1e-07,1.0,1.6817922359037664e-10,1.6817922359037667e-10,1.6817922359037664726126481406309643460487237308961751470982628130066883241600335748573815818306E-10,1.6817922359037664726126481406309643460487237308961751470982628130066883241600335748573815832595E-10,"[0,""735700257382991077315736447028546115561447610998157580160139115661534450871480686655265483"",-331,299]","[0,""5885602059063928618525891576228368924491580887985260641281112925292275606971845493242123869"",-334,302]",8.495307616490847e-91,5e-13,1.6817928305074292e-10,False,CERTIFIED_GLOBAL
quadratic,cross,1,2,3.162277660168379e-06,1e-07,1.0,2.9906942187390466e-10,2.990694218739047e-10,2.9906942187390470136473350727800920014429408213962216716092866733406854580937472062955123752120E-10,2.9906942187390470136473350727800920014429408213962216716092866733406854580937472062955123780695E-10,"[0,""2616559239016537673237899932719757079022459997685097105929620850156132669042226138624243983"",-332,301]","[0,""5233118478033075346475799865439514158044919995370194211859241700312265338084452277248487971"",-333,302]",9.55453239017685e-91,5e-12,2.990697562442441e-10,False,CERTIFIED_GLOBAL
quadratic,cross,2,2,1e-05,1e-07,1.0,5.318277093896283e-10,5.318277093896284e-10,5.3182770938962837174071300295545561046084373181349471365542045661895357834792188872387617430754E-10,5.3182770938962837174071300295545561046084373181349471365542045661895357834792188872387617499334E-10,"[0,""1163240542822153692344608439182717021793167565457478632722936451103247620962941680187650253"",-330,300]","[0,""2326481085644307384689216878365434043586335130914957265445872902206495241925883360375300509"",-331,301]",1.2895011347875046e-90,5e-11,5.318295896944989e-10,False,CERTIFIED_GLOBAL
quadratic,cross,3,2,3.1622776601683795e-05,1e-07,0.606953993380496,1.0525997247136451e-09,1.0525997247136454e-09,1.0525997247136452345636626541531874507862303731355849674587665526390580533503272335150869102905E-9,1.0525997247136452345636626541531874507862303731355849678548278885059242720231725685335375113922E-9,"[0,""4604599021572638736041036820553347315818843187487532796333631892829540646207538250402500955"",-331,302]","[0,""4604599021572638736041036820553347315818843187487532798066202780696202752547502517559192755"",-331,302]",3.762696555659967e-55,5e-10,9.457416090031758e-10,False,CERTIFIED_GLOBAL
quadratic,cross,4,2,0.0001,1e-07,0.19193570511380154,5.552599723055831e-09,5.5525997230558314e-09,5.5525997230558310586558229222679172349243975736590933632276013651249257379226858654481270206928E-9,5.5525997230558310586558229222679172349243975736590933644800572777144781841827616469396640468340E-9,"[0,""6072463884341908884943402176667167564799644982700492342430448796785769341587829738171571283"",-329,302]","[0,""6072463884341908884943402176667167564799644982700492343800166348070902950201222610878311233"",-329,302]",2.2556207453402976e-55,5e-09,1.681792830507429e-09,False,CERTIFIED_GLOBAL
quadratic,cross,5,2,0.00031622776601683794,1e-07,0.060695398336548315,5.055259970647769e-08,5.0552599706477694e-08,5.0552599706477689162807752867931196357601145729251479295572950078354985342394424343920032734192E-8,5.0552599706477689162807752867931196357601145729251479299533563371673526036249353104342307627618E-8,"[0,""431918790420542193317969132675344471754579626504594286723021875662771038485395574828928579"",-322,298]","[0,""3455350323364337546543753061402755774036637012036754294054889202064549868250487081390256739"",-325,301]",7.834638211120599e-56,5e-08,2.990697562442441e-09,True,CERTIFIED_GLOBAL
quadratic,cross,6,2,0.001,1e-07,0.019193567344354515,5.005525995406962e-07,5.005525995406963e-07,5.0055259954069625652735674248851923823937982860410997996311553294726105830957871395393194905398E-7,5.0055259954069625652735674248851923823937982860410997997564009000660397682738275689120229597485E-7,"[0,""4276695453661752378006132074436729062396010267678317183585580999078818011443701477340354361"",-322,302]","[0,""4276695453661752378006132074436729062396010267678317183692590165116450773229987438306524629"",-322,302]",2.5021460423610563e-56,5e-07,5.318295896944989e-09,True,CERTIFIED_GLOBAL
quadratic,cross,7,2,0.0031622776601683794,1e-07,0.00606952981862524,5.00055259788288e-06,5.000552597882881e-06,0.0000050005525978828805624727793585920639499469665826351763099129162194154559534964455973303584291473,0.0000050005525978828805624727793585920639499469665826351763099525222869984109612803027561439645376671,"[0,""2670278880379615158708081908639389887000465361094402492035500188656424427514765388540444933"",-318,301]","[0,""2670278880379615158708081908639389887000465361094402492056649700381674255158716605522851593"",-318,301]",7.920338164170758e-57,5e-06,9.457416090031757e-09,True,CERTIFIED_GLOBAL
quadratic,cross,8,2,0.01,1e-07,0.0019193250636512834,5.000055258130458e-05,5.000055258130459e-05,0.000050000552581304586848883892458748447512140876313497021647085334847113020442645788773843270547055,0.000050000552581304586848883892458748447512140876313497021647210578351119403623323204549539636285807,"[0,""6675033256409274618293332552768130265569457465570667234306178581621081717564177056454921115"",-316,302]","[0,""6675033256409274618293332552768130265569457465570667234322898487926765657361863442721934847"",-316,302]",2.504842397546067e-57,5e-05,1.681792830507429e-08,True,CERTIFIED_GLOBAL
quadratic,cross,9,2,0.03162277660168379,1e-07,0.0006068528148716804,0.0005000005524155079,0.000500000552415508,0.00050000055241550796937141284359917108217651826675415529825668754190603385719589041181739009139185,0.00050000055241550796937141284359917108217651826675415529825708353722073935382037368202330106738048,"[0,""130370446522560852714726165406089598194945000179202969102949815292389581692369720024340849"",-307,297]","[0,""4171854288721947286871237292994867142238240005734495011297698155209968027089526393049928069"",-312,302]",7.919897543961482e-58,0.0005,2.990697562442441e-08,True,CERTIFIED_GLOBAL
quadratic,cross,10,2,0.1,1e-07,0.00019161526924568276,0.00500000055075617,0.005000000550756171,0.0050000005507561707142797442251024705851709461417687847389306446126804619429491203133724808057726,0.0050000005507561707142797442251024705851709461417687847389318949776798750659153079520400031545124,"[0,""2607406336917136477324277859091005701574601067972389012859947935546517973407111854217680855"",-308,301]","[0,""651851584229284119331069464772751425393650266993097253215149994349820148075854558397508789"",-306,299]",2.5007297233677807e-58,0.005,5.318295896944989e-08,True,CERTIFIED_GLOBAL
quadratic,cross,11,2,0.25,1e-07,7.596604975865906e-05,0.031250000541026314,0.03125000054102632,0.031250000541026316711715022068591579023902706704130184111601829136943582885361096086809171940184,0.031250000541026316711715022068591579023902706704130184111604927314916222862716703255874838854709,"[0,""4074072023202736734808846311762059761381669181276445787534643176517568890943912967124150291"",-306,302]","[0,""4074072023202736734808846311762059761381669181276445787535047086917015590143517997674023161"",-306,302]",9.914169340805479e-59,0.03125,8.408964152537146e-08,True,CERTIFIED_GLOBAL
quadratic,cross,0,3,1e-06,1e-06,1.0,1.6817922359037663e-09,1.6817922359037665e-09,1.6817922359037664726126481406309643460487237308961751470982628130066883241600335748573815813734E-9,1.6817922359037664726126481406309643460487237308961751470982628130066883241600335748573815829737E-9,"[0,""1839250643457477693289341117571365288903619027495393950400347789153836127178701716638163707"",-329,300]","[0,""7357002573829910773157364470285461155614476109981575801601391156615344508714806866552654835"",-331,302]",9.514744530469748e-91,5e-13,1.681792830507429e-09,False,CERTIFIED_GLOBAL
quadratic,cross,1,3,3.162277660168379e-06,1e-06,1.0,2.9906942187390466e-09,2.990694218739047e-09,2.9906942187390470136473350727800920014429408213962216716092866733406854580937472062955123745262E-9,2.9906942187390470136473350727800920014429408213962216716092866733406854580937472062955123781838E-9,"[0,""1635349524385336045773687457949848174389037498553185691206013031347582918151391336640152489"",-328,300]","[0,""1635349524385336045773687457949848174389037498553185691206013031347582918151391336640152491"",-328,300]",1.2229801459426367e-90,5e-12,2.990697562442441e-09,False,CERTIFIED_GLOBAL
quadratic,cross,2,3,1e-05,1e-06,1.0,5.318277093896283e-09,5.318277093896284e-09,5.3182770938962837174071300295545561046084373181349471365542045661895357834792188872387617421610E-9,5.3182770938962837174071300295545561046084373181349471365542045661895357834792188872387617494762E-9,"[0,""5679885462998797325901408394446860457974451003210344886342463140152576274233113672791261"",-319,292]","[0,""727025339263846057715380274489198138620729728410924145451835281939529763101838550117281409"",-326,299]",1.3754678771066716e-90,5e-11,5.318295896944989e-09,False,CERTIFIED_GLOBAL
quadratic,cross,3,3,3.1622776601683795e-05,1e-06,1.0,9.457310352314318e-09,9.45731035231432e-09,9.4573103523143189623152672836796052626151500749053799010836725213399623387117268672232705034324E-9,9.4573103523143189623152672836796052626151500749053799010836725213399623387117268672232705180628E-9,"[0,""2585688615324672000530577374336688887339507351314674224434553456283377855543425476465377783"",-327,301]","[0,""2585688615324672000530577374336688887339507351314674224434553456283377855543425476465377787"",-327,301]",1.5469766840032825e-90,5e-10,9.457416090031757e-09,False,CERTIFIED_GLOBAL
quadratic,cross,4,3,0.0001,1e-06,0.8908426006234731,1.690500789731954e-08,1.6905007897319543e-08,1.6905007897319540971751664487329595165872722577703354848588160268399191770846390032821404036216E-8,1.6905007897319540971751664487329595165872722577703354854401545690862525622541813727024781418613E-8,"[0,""2310968173492169150939000813024834547899531741500216099963982814207204627770533821043236323"",-326,301]","[0,""4621936346984338301878001626049669095799063483000432201517382063255149622708141514369492917"",-327,302]",3.438854011647699e-55,5e-09,1.681792830507429e-08,False,CERTIFIED_GLOBAL
quadratic,cross,5,3,0.00031622776601683794,1e-06,0.2817091612416211,6.19050075401543e-08,6.190500754015431e-08,6.1905007540154301004832530642080283601709369242056765029013709292906143806918772893705095875825E-8,6.1905007540154301004832530642080283601709369242056765047397247868557375565646021224634596047962E-8,"[0,""4231305394059384782088886244085998713962751145035572877269799753580593769950024725138696817"",-325,302]","[0,""4231305394059384782088886244085998713962751145035572878526343755882769249720798688402979819"",-325,302]",2.9696367557546717e-55,5e-08,2.990697562442441e-08,False,CERTIFIED_GLOBAL
quadratic,cross,6,3,0.001,1e-06,0.08908424536159001,5.119050039685016e-07,5.119050039685017e-07,5.1190500396850160667424940661400920685112874135032481252828479680239146591232271113607511204391E-7,5.1190500396850160667424940661400920685112874135032481258641864143493734088921785384666480615548E-7,"[0,""2186844904199522919231845857935701068737542024546350843510699680388909481094107197556830315"",-321,301]","[0,""4373689808399045838463691715871402137475084049092701687518091914711252448763719040997550745"",-322,302]",1.1356373581400457e-55,5e-07,5.318295896944989e-08,True,CERTIFIED_GLOBAL
quadratic,cross,7,3,0.0031622776601683794,1e-06,0.028170869636215286,5.0119049682519445e-06,5.011904968251945e-06,0.0000050119049682519451971638245843521679093026802434551879048685953440447000749705581823356165662036,0.0000050119049682519451971638245843521679093026802434551879050524304264723138453104153517080342579864,"[0,""5352682018726877685970682791544338354490015044289327962153362017690113916548736948973917761"",-319,302]","[0,""1338170504681719421492670697886084588622503761072331990587424173524132844179548219962687759"",-317,300]",3.667968239464282e-56,5e-06,9.457416090031757e-08,True,CERTIFIED_GLOBAL
quadratic,cross,8,3,0.01,1e-06,0.008908277526135927,5.001190461108343e-05,5.0011904611083435e-05,0.000050011904611083434416183285928404219945491856940136731260517386480052710443220563762535517902405,0.000050011904611083434416183285928404219945491856940136731261098715334130849058194145618928003177635,"[0,""6676548743186712525772819032004837060484560642118347057356685350203347819841666249067375523"",-316,302]","[0,""6676548743186712525772819032004837060484560642118347057434292281198201729930674367496863337"",-316,302]",1.1623809542924445e-56,5e-05,1.6817928305074292e-07,True,CERTIFIED_GLOBAL
quadratic,cross,9,3,0.03162277660168379,1e-06,0.002816622006654654,0.0005000119010391035,0.0005000119010391036,0.00050001190103910359258273214037263253053269557708889026454107564576948998910774042826018161384185,0.00050001190103910359258273214037263253053269557708889026454291369321430371598781954288117798749470,"[0,""2085974489112684185084082706287401465258074163123604357385962532114890356902137324334611447"",-311,301]","[0,""4171948978225368370168165412574802930516148326247208714787261179517006006889154949209290701"",-312,302]",3.676007393011995e-57,0.0005,2.990697562442441e-07,True,CERTIFIED_GLOBAL
quadratic,cross,10,3,0.1,1e-06,0.0008893551954500227,0.005000011865289766,0.0050000118652897664,0.0050000118652897661443836559416289157484798168077843798399528111023135052353836203249847589382412,0.0050000118652897661443836559416289157484798168077843798399586147825767536377077895578153312432287,"[0,""1303706118616902873709168929309085137209405346689257284224741468681628071224324210615393527"",-307,300]","[0,""1303706118616902873709168929309085137209405346689257284226254723784524633970700162266073387"",-307,300]",1.1607332981622956e-57,0.005,5.318295896944988e-07,True,CERTIFIED_GLOBAL
quadratic,cross,11,3,0.25,1e-06,0.00035258537092305517,0.03125001165566641,0.03125001165566642,0.031250011655666416228576369991821086625441075495813734054230476760968166295492440717514118056125,0.031250011655666416228576369991821086625441075495813734054244857229361096685222852307225668661210,"[0,""4074073472221728525257438407326478916447757724210329496232615559530369651958228623970335799"",-306,302]","[0,""509259184027716065657179800915809864555969715526291187029311293193079727891066639759480371"",-303,299]",4.601748169371594e-58,0.03125,8.408964152537145e-07,True,CERTIFIED_GLOBAL
quadratic,cross,0,4,1e-06,1e-05,1.0,1.6817922359037663e-08,1.6817922359037666e-08,1.6817922359037664726126481406309643460487237308961751470982628130066883241600335748573815815563E-8,1.6817922359037664726126481406309643460487237308961751470982628130066883241600335748573815833852E-8,"[0,""1149531652160923558305838198482103305564761892184621219000217368221147579486688572898852317"",-325,300]","[0,""4598126608643694233223352793928413222259047568738484876000869472884590317946754291595409273"",-327,302]",1.0873993749108283e-90,5e-13,1.681792830507429e-08,False,CERTIFIED_GLOBAL
quadratic,cross,1,4,3.162277660168379e-06,1e-05,1.0,2.990694218739047e-08,2.9906942187390474e-08,2.9906942187390470136473350727800920014429408213962216716092866733406854580937472062955123748919E-8,2.9906942187390470136473350727800920014429408213962216716092866733406854580937472062955123785496E-8,"[0,""4088373810963340114434218644874620435972593746382964228015032578368957295378478341600381223"",-326,302]","[0,""1022093452740835028608554661218655108993148436595741057003758144592239323844619585400095307"",-324,300]",1.2229801459426367e-90,5e-12,2.990697562442441e-08,False,CERTIFIED_GLOBAL
quadratic,cross,2,4,1e-05,1e-05,1.0,5.3182770938962836e-08,5.318277093896284e-08,5.3182770938962837174071300295545561046084373181349471365542045661895357834792188872387617428925E-8,5.3182770938962837174071300295545561046084373181349471365542045661895357834792188872387617494762E-8,"[0,""7270253392638460577153802744891981386207297284109241454518352819395297631018385501172814081"",-326,302]","[0,""3635126696319230288576901372445990693103648642054620727259176409697648815509192750586407045"",-325,301]",1.2379210893960043e-90,5e-11,5.318295896944989e-08,False,CERTIFIED_GLOBAL
quadratic,cross,3,4,3.1622776601683795e-05,1e-05,1.0,9.457310352314318e-08,9.457310352314319e-08,9.4573103523143189623152672836796052626151500749053799010836725213399623387117268672232705056269E-8,9.4573103523143189623152672836796052626151500749053799010836725213399623387117268672232705173312E-8,"[0,""6464221538311680001326443435841722218348768378286685561086383640708444638858563691163444459"",-325,302]","[0,""6464221538311680001326443435841722218348768378286685561086383640708444638858563691163444467"",-325,302]",1.237581347202626e-90,5e-10,9.457416090031757e-08,False,CERTIFIED_GLOBAL
quadratic,cross,4,4,0.0001,1e-05,1.0,1.681733369100521e-07,1.6817333691005213e-07,1.6817333691005212665769709548366456000183080717043338005374904177583487164186277241020152344016E-7,1.6817333691005212665769709548366456000183080717043338005374904177583487164186277241020152367425E-7,"[0,""5747457078838893204248011647573031633600920340817895053993299574494466360393386648979143221"",-324,302]","[0,""5747457078838893204248011647573031633600920340817895053993299574494466360393386648979143229"",-324,302]",1.391919920455703e-90,5e-09,1.6817928305074292e-07,False,CERTIFIED_GLOBAL
quadratic,cross,5,4,0.00031622776601683794,1e-05,1.0,2.9903631735960026e-07,2.990363173596003e-07,2.9903631735960030019874571095360135607353037543114183150133009808810543806885652131239856742667E-7,2.9903631735960030019874571095360135607353037543114183150133009808810543806885652131239856789485E-7,"[0,""5109901577197097869322897072736403824934840410663234602439042957300650681901856785632210575"",-323,302]","[0,""5109901577197097869322897072736403824934840410663234602439042957300650681901856785632210583"",-323,302]",1.5655878844516198e-90,5e-08,2.990697562442441e-07,False,CERTIFIED_GLOBAL
quadratic,cross,6,4,0.001,1e-05,0.413397642384464,7.56446328424287e-07,7.564463284242871e-07,7.5644632842428699364468204892905326021152237707089957836569370523411344106741963477219992009218E-7,7.5644632842428699364468204892905326021152237707089957863552715331692394528756065807781498358031E-7,"[0,""6463038203536992192723160154393624951241595350606709067603607370403402574013459761625439143"",-322,302]","[0,""6463038203536992192723160154393624951241595350606709069909050358254287319145091141335611545"",-322,302]",3.5671195423062755e-55,5e-07,5.318295896944988e-07,False,CERTIFIED_GLOBAL
quadratic,cross,7,4,0.0031622776601683794,1e-05,0.13072761672109642,5.256445558934405e-06,5.256445558934406e-06,0.0000052564455589344056097123636509117697304370964726844735137189092622375693041435751720710031128214,0.0000052564455589344056097123636509117697304370964726844735145721962671413860810142555375660456546227,"[0,""5613849784453966255280054116645956392574965906473633516988557218539500853359288556535863717"",-319,302]","[0,""350865611528372890955003382290372274535935369154602094868741388046041761566325420125892697"",-315,298]",1.6233155948005222e-55,5e-06,9.457416090031758e-07,True,CERTIFIED_GLOBAL
quadratic,cross,8,4,0.01,1e-05,0.04133908172189035,5.0256437863972105e-05,5.025643786397211e-05,0.000050256437863972107352836016072381218713802505364916516647850568906988941501892568933633006962779,0.000050256437863972107352836016072381218713802505364916516650548858864552620396772490424350254369210,"[0,""6709193734313073452592296429418829146194984855936454364934846293170667166305212802943832937"",-316,302]","[0,""6709193734313073452592296429418829146194984855936454365295065816202642212149729511698359437"",-316,302]",5.369043394732981e-56,5e-05,1.681792830507429e-06,True,CERTIFIED_GLOBAL
quadratic,cross,9,4,0.03162277660168379,1e-05,0.013070603038078235,0.0005002563609079993,0.0005002563609079994,0.00050025636090799927325279953559860498486400935072674811010738015800904687595790668055631214732587,0.00050025636090799927325279953559860498486400935072674811011591161989547463094029933585838038510392,"[0,""1043497169469197658202950597546744477164115718890041890342129425813040280774807769882939137"",-310,300]","[0,""4173988677876790632811802390186977908656462875560167561439701656325844858940354267667889715"",-312,302]",1.7054179722857642e-56,0.0005,2.990697562442441e-06,True,CERTIFIED_GLOBAL
quadratic,cross,10,4,0.1,1e-05,0.004127071597321762,0.005000255590711871,0.005000255590711872,0.0050002555907118718777878696989405263460411412455767478762899336834535760636295853008810472611737,0.0050002555907118718777878696989405263460411412455767478763168719853591479601473443025445005638002,"[0,""5215078670923637958776675791640763606861727442104516488534045576663625716792485786301895791"",-309,302]","[0,""5215078670923637958776675791640763606861727442104516488562141213206606731953490210260291373"",-309,302]",5.387384988001538e-57,0.005,5.318295896944989e-06,True,CERTIFIED_GLOBAL
quadratic,cross,11,4,0.25,1e-05,0.001636173100487607,0.0312502510745137,0.03125025107451371,0.031250251074513705100885692279863051123305313781732542664747775934920351924581044257190741569513,0.031250251074513705100885692279863051123305313781732542664814524167489493065234024604441874928493,"[0,""4074104685329270283032271575869678526970202153791587006671038054456653162873422715218839873"",-306,302]","[0,""509263085666158785379033946983709815871275269223948375834967505215882299487251320352213021"",-303,299]",2.1359262813596395e-57,0.03125,8.408964152537146e-06,True,CERTIFIED_GLOBAL
quadratic,cross,0,5,1e-06,0.0001,1.0,1.6817922359037665e-07,1.6817922359037667e-07,1.6817922359037664726126481406309643460487237308961751470982628130066883241600335748573815815563E-7,1.6817922359037664726126481406309643460487237308961751470982628130066883241600335748573815830194E-7,"[0,""5747658260804617791529190992410516527823809460923106095001086841105737897433442864494261585"",-324,302]","[0,""2873829130402308895764595496205258263911904730461553047500543420552868948716721432247130795"",-323,301]",8.699194999286627e-91,5e-13,1.6817928305074292e-07,False,CERTIFIED_GLOBAL
quadratic,cross,1,5,3.162277660168379e-06,0.0001,1.0,2.9906942187390465e-07,2.990694218739047e-07,2.9906942187390470136473350727800920014429408213962216716092866733406854580937472062955123744530E-7,2.9906942187390470136473350727800920014429408213962216716092866733406854580937472062955123779644E-7,"[0,""319404203981510946440173331630829721560358886436169080313674420185074788701443620437529783"",-319,298]","[0,""2555233631852087571521386653046637772482871091489352642509395361480598309611548963500238267"",-322,301]",1.1740609401049314e-90,5e-12,2.990697562442441e-07,False,CERTIFIED_GLOBAL
quadratic,cross,2,5,1e-05,0.0001,1.0,5.318277093896283e-07,5.318277093896285e-07,5.3182770938962837174071300295545561046084373181349471365542045661895357834792188872387617421610E-7,5.3182770938962837174071300295545561046084373181349471365542045661895357834792188872387617491836E-7,"[0,""141997136574969933147535209861171511449361275080258622158561578503814406855827841819781525"",-317,297]","[0,""2271954185199518930360563357778744183189780401284137954536985256061030509693245469116504403"",-321,301]",1.3204491620224048e-90,5e-11,5.318295896944988e-07,False,CERTIFIED_GLOBAL
quadratic,cross,3,5,3.1622776601683795e-05,0.0001,1.0,9.457310352314319e-07,9.45731035231432e-07,9.4573103523143189623152672836796052626151500749053799010836725213399623387117268672232705047491E-7,9.4573103523143189623152672836796052626151500749053799010836725213399623387117268672232705176238E-7,"[0,""8080276922889600001658054294802152772935960472858356951357979550885555798573204613954305573"",-322,302]","[0,""505017307680600000103628393425134548308497529553647309459873721930347237410825288372144099"",-318,298]",1.3613394819228886e-90,5e-10,9.457416090031758e-07,False,CERTIFIED_GLOBAL
quadratic,cross,4,5,0.0001,0.0001,1.0,1.6817333691005212e-06,1.6817333691005214e-06,0.0000016817333691005212665769709548366456000183080717043338005374904177583487164186277241020152343430,0.0000016817333691005212665769709548366456000183080717043338005374904177583487164186277241020152366840,"[0,""3592160674274308252655007279733144771000575213011184408745812234059041475245866655611964513"",-320,301]","[0,""1796080337137154126327503639866572385500287606505592204372906117029520737622933327805982259"",-319,300]",1.391919920455703e-90,5e-09,1.681792830507429e-06,False,CERTIFIED_GLOBAL
quadratic,cross,5,5,0.00031622776601683794,0.0001,1.0,2.990363173596003e-06,2.9903631735960032e-06,0.0000029903631735960030019874571095360135607353037543114183150133009808810543806885652131239856739156,0.0000029903631735960030019874571095360135607353037543114183150133009808810543806885652131239856785973,"[0,""3193688485748186168326810670460252390584275256664521626524401848312906676188660491020131609"",-319,301]","[0,""1596844242874093084163405335230126195292137628332260813262200924156453338094330245510065807"",-318,300]",1.5655878844516198e-90,5e-08,2.990697562442441e-06,False,CERTIFIED_GLOBAL
quadratic,cross,6,5,0.001,0.0001,1.0,5.316415262887381e-06,5.3164152628873815e-06,0.0000053164152628873810515411850228000137643748534860542146977132569195418220684419783404940014462053,0.0000053164152628873810515411850228000137643748534860542146977132569195418220684419783404940014546324,"[0,""2838948519774875752247101761507167230757671507859137420727087987527029795036777434389015999"",-318,301]","[0,""5677897039549751504494203523014334461515343015718274841454175975054059590073554868778032007"",-319,302]",1.585093906654159e-90,5e-07,5.318295896944989e-06,False,CERTIFIED_GLOBAL
quadratic,cross,7,5,0.0031622776601683794,0.0001,0.6061396755706552,1.0521038988471043e-05,1.0521038988471044e-05,0.000010521038988471042931493329546126746678768315320022571309667967938693609470079614420688036646335,0.000010521038988471042931493329546126746678768315320022571313628589260229462669272881171914732255545,"[0,""5618200720948148264088062268019604496516384314672662662681280128498736781888093277369648417"",-318,302]","[0,""5618200720948148264088062268019604496516384314672662664796239077746867989060881419232254611"",-318,302]",3.76447737326694e-55,5e-06,9.457416090031758e-06,False,CERTIFIED_GLOBAL
quadratic,cross,8,5,0.01,0.0001,0.19167531247006286,5.5520873205533634e-05,5.552087320553364e-05,0.000055520873205533634090527978318806409018300212759669859391338251431145289372028134572583652674369,0.000055520873205533634090527978318806409018300212759669859403862647885136773944938412222758063785519,"[0,""7411991586876779037009581867466935531891846901506725909726604023833492868115683555923982107"",-316,302]","[0,""7411991586876779037009581867466935531891846901506725911398600802487219619273938619696666547"",-316,302]",2.255799617492905e-55,5e-05,1.681792830507429e-05,False,CERTIFIED_GLOBAL
quadratic,cross,9,5,0.03162277660168379,0.0001,0.060603937415439506,0.0005055192152393563,0.0005055192152393565,0.00050551921523935638101131515780251353345461202917967245274613462585192994812992259934916832799063,0.00050551921523935638101131515780251353345461202917967245278573430296683859236707776429629721646196,"[0,""4217900352188192944308717823182988635375211170641526692433854297058309515637276144513758633"",-312,302]","[0,""131809386005881029509647431974468394855475349082547709148883190550662359279521529005190179"",-307,297]",7.833466250369681e-56,0.0005,2.990697562442441e-05,True,CERTIFIED_GLOBAL
quadratic,cross,10,5,0.1,0.0001,0.019135764896789427,0.005005502621866806,0.0050055026218668065,0.0050055026218668059360955708506945657621889461407962780326863026769172876199726862980421420214097,0.0050055026218668059360955708506945657621889461407962780328113396377719253760380694582151924041891,"[0,""5220551127234190824361833638486994269909532473784739909480401168788027870940844523058050473"",-309,302]","[0,""1305137781808547706090458409621748567477383118446184977402702505013957231956429221837081769"",-307,300]",2.497990118083389e-56,0.005,5.318295896944988e-05,True,CERTIFIED_GLOBAL
quadratic,cross,11,5,0.25,0.0001,0.007586207791988352,0.031255405323327726,0.03125540532332773,0.031255405323327730997224186308932110459207616442506725621160229990747620880566223035104855508813,0.031255405323327730997224186308932110459207616442506725621470048945492441034066477415018419557701,"[0,""4074776646306239889992311019755431017038863284420645093810354843914339927305935338832186621"",-306,302]","[0,""4074776646306239889992311019755431017038863284420645093850746034760134786951006448050904589"",-306,302]",9.912491984661105e-57,0.03125,8.408964152537145e-05,True,CERTIFIED_GLOBAL
quadratic,cross,0,6,1e-06,0.001,1.0,1.6817922359037664e-06,1.6817922359037666e-06,0.0000016817922359037664726126481406309643460487237308961751470982628130066883241600335748573815817319,0.0000016817922359037664726126481406309643460487237308961751470982628130066883241600335748573815833706,"[0,""3592286413002886119705744370256572829889880913076941309375679275691086185895901790308913491"",-320,301]","[0,""7184572826005772239411488740513145659779761826153882618751358551382172371791803580617826989"",-321,302]",9.743098399201022e-91,5e-13,1.681792830507429e-06,False,CERTIFIED_GLOBAL
quadratic,cross,1,6,3.162277660168379e-06,0.001,1.0,2.990694218739047e-06,2.9906942187390473e-06,0.0000029906942187390470136473350727800920014429408213962216716092866733406854580937472062955123749212,0.0000029906942187390470136473350727800920014429408213962216716092866733406854580937472062955123786666,"[0,""6388084079630218928803466632616594431207177728723381606273488403701495774028872408750595661"",-320,302]","[0,""6388084079630218928803466632616594431207177728723381606273488403701495774028872408750595669"",-320,302]",1.2523316694452602e-90,5e-12,2.990697562442441e-06,False,CERTIFIED_GLOBAL
quadratic,cross,2,6,1e-05,0.001,1.0,5.318277093896283e-06,5.318277093896284e-06,0.0000053182770938962837174071300295545561046084373181349471365542045661895357834792188872387617430973,0.0000053182770938962837174071300295545561046084373181349471365542045661895357834792188872387617505881,"[0,""5679885462998797325901408394446860457974451003210344886342463140152576274233113672791261001"",-319,302]","[0,""5679885462998797325901408394446860457974451003210344886342463140152576274233113672791261009"",-319,302]",1.4084791061572317e-90,5e-11,5.318295896944989e-06,False,CERTIFIED_GLOBAL
quadratic,cross,3,6,3.1622776601683795e-05,0.001,1.0,9.457310352314317e-06,9.457310352314319e-06,0.0000094573103523143189623152672836796052626151500749053799010836725213399623387117268672232705063877,0.0000094573103523143189623152672836796052626151500749053799010836725213399623387117268672232705194965,"[0,""631271634600750000129535491781418185385621911942059136824842152412934046763531610465180123"",-315,299]","[0,""5050173076806000001036283934251345483084975295536473094598737219303472374108252883721440991"",-318,302]",1.3860911088669411e-90,5e-10,9.457416090031758e-06,False,CERTIFIED_GLOBAL
quadratic,cross,4,6,0.0001,0.001,1.0,1.6817333691005212e-05,1.6817333691005215e-05,0.000016817333691005212665769709548366456000183080717043338005374904177583487164186277241020152342494,0.000016817333691005212665769709548366456000183080717043338005374904177583487164186277241020152372458,"[0,""4490200842842885315818759099666430963750719016263980510932265292573801844057333319514955641"",-317,302]","[0,""4490200842842885315818759099666430963750719016263980510932265292573801844057333319514955649"",-317,302]",1.7816574981833e-90,5e-09,1.681792830507429e-05,False,CERTIFIED_GLOBAL
quadratic,cross,5,6,0.00031622776601683794,0.001,1.0,2.9903631735960027e-05,2.990363173596003e-05,0.000029903631735960030019874571095360135607353037543114183150133009808810543806885652131239856744774,0.000029903631735960030019874571095360135607353037543114183150133009808810543806885652131239856789719,"[0,""124753456474538522200266041814853609007198252213457876036109447199722917038619550430473891"",-311,296]","[0,""1996055303592616355204256669037657744115172035415326016577751155195566672617912806887582259"",-315,300]",1.502964369073555e-90,5e-08,2.990697562442441e-05,False,CERTIFIED_GLOBAL
quadratic,cross,6,6,0.001,0.001,1.0,5.316415262887381e-05,5.3164152628873815e-05,0.000053164152628873810515411850228000137643748534860542146977132569195418220684419783404940014473289,0.000053164152628873810515411850228000137643748534860542146977132569195418220684419783404940014555688,"[0,""7097371299437189380617754403767918076894178769647843551817719968817574487591943585972539999"",-316,302]","[0,""3548685649718594690308877201883959038447089384823921775908859984408787243795971792986270005"",-315,301]",1.5498695976174e-90,5e-07,5.318295896944988e-05,False,CERTIFIED_GLOBAL
quadratic,cross,7,6,0.0031622776601683794,0.001,1.0,9.446836459894475e-05,9.446836459894476e-05,0.000094468364598944755870345516358986141976049579326765024229590726106988686132771175109296938439822,0.000094468364598944755870345516358986141976049579326765024229590726106988686132771175109296938604618,"[0,""3152862532624935041356802042470736720132268877737989242506129980985103049882951782306345121"",-314,301]","[0,""6305725065249870082713604084941473440264537755475978485012259961970206099765903564612690253"",-315,302]",1.7444464968223468e-90,5e-06,9.457416090031758e-05,False,CERTIFIED_GLOBAL
quadratic,cross,8,6,0.01,0.001,0.8853415891527973,0.00016855579575204675,0.00016855579575204678,0.00016855579575204676957424302163318602441674712669917736314067165369653464398142804955365917507351,0.00016855579575204676957424302163318602441674712669917736319880911446562546610978717274798589191923,"[0,""351594721245805377224991605866114433149236208214187983913441825910982061054118543191012009"",-310,298]","[0,""5625515539932886035599865693857830930387779331427007744555395191202877017346630503307690979"",-314,302]",3.449152282761826e-55,5e-05,0.0001681792830507429,False,CERTIFIED_GLOBAL
quadratic,cross,9,6,0.03162277660168379,0.001,0.2799270614327786,0.000618520075947859,0.0006185200759478591,0.00061852007594785906432743395626727122967333027527465682153306323904294319257590111631477303438550,0.00061852007594785906432743395626727122967333027527465682171688245314540567919200658425469295373981,"[0,""5160745561255639341854483983441066649866365329587170832497916557509325360075025891278952589"",-312,302]","[0,""5160745561255639341854483983441066649866365329587170834031648816400067549882639821924810489"",-312,302]",2.9719199303396314e-55,0.0005,0.0002990697562442441,False,CERTIFIED_GLOBAL
quadratic,cross,10,6,0.1,0.001,0.08838598903341145,0.005118162582527253,0.005118162582527254,0.0051181625825272533275567346380620858121509009205262404918367080534876604228003517483238797376970,0.0051181625825272533275567346380620858121509009205262404924171218704070143066885545081031716237569,"[0,""2669025616214281779152364101258338590013510430575115953628238108883152004734644508105922631"",-308,301]","[0,""5338051232428563558304728202516677180027020861150231907861826016794190958944146298039069597"",-309,302]",1.1340277053738226e-55,0.005,0.0005318295896944989,True,CERTIFIED_GLOBAL
quadratic,cross,11,6,0.25,0.001,0.03503674452004085,0.031366066349193374,0.03136606634919338,0.031366066349193375448281265985939326601897039630302939860409683700433011228380936236929756806348,0.031366066349193375448281265985939326601897039630302939861847845522382863705186095124694987759270,"[0,""511150444715211177150417222918488488053977422027901006987835594563001316804350388232173063"",-303,299]","[0,""4089203557721689417203337783347907904431819376223208056090178348254577003707732231000123625"",-306,302]",4.585088247722963e-56,0.03125,0.0008408964152537145,True,CERTIFIED_GLOBAL
quadratic,cross,0,7,1e-06,0.01,1.0,1.6817922359037663e-05,1.6817922359037667e-05,0.000016817922359037664726126481406309643460487237308961751470982628130066883241600335748573815814510,0.000016817922359037664726126481406309643460487237308961751470982628130066883241600335748573815833238,"[0,""4490358016253607649632180462820716037362351141346176636719599094613857732369877237886141863"",-317,302]","[0,""1122589504063401912408045115705179009340587785336544159179899773653464433092469309471535467"",-315,300]",1.1134969599086882e-90,5e-13,1.681792830507429e-05,False,CERTIFIED_GLOBAL
quadratic,cross,1,7,3.162277660168379e-06,0.01,1.0,2.990694218739047e-05,2.9906942187390473e-05,0.000029906942187390470136473350727800920014429408213962216716092866733406854580937472062955123748275,0.000029906942187390470136473350727800920014429408213962216716092866733406854580937472062955123781985,"[0,""249534534360555426906385415336585719969030380028257093995058140769589678673002828466820143"",-312,297]","[0,""7985105099537773661004333290770743039008972160904227007841860504626869717536090510938244585"",-317,302]",1.1270985025007342e-90,5e-12,2.990697562442441e-05,False,CERTIFIED_GLOBAL
quadratic,cross,2,7,1e-05,0.01,1.0,5.3182770938962835e-05,5.318277093896284e-05,0.000053182770938962837174071300295545561046084373181349471365542045661895357834792188872387617429100,0.000053182770938962837174071300295545561046084373181349471365542045661895357834792188872387617496518,"[0,""7099856828748496657376760493058575572468063754012931107928078925190720342791392090989076251"",-316,302]","[0,""1774964207187124164344190123264643893117015938503232776982019731297680085697848022747269065"",-314,300]",1.2676311955415085e-90,5e-11,5.318295896944988e-05,False,CERTIFIED_GLOBAL
quadratic,cross,3,7,3.1622776601683795e-05,0.01,1.0,9.457310352314319e-05,9.45731035231432e-05,0.000094573103523143189623152672836796052626151500749053799010836725213399623387117268672232705048896,0.000094573103523143189623152672836796052626151500749053799010836725213399623387117268672232705183729,"[0,""6312716346007500001295354917814181853856219119420591368248421524129340467635316104651801229"",-315,302]","[0,""3156358173003750000647677458907090926928109559710295684124210762064670233817658052325900619"",-314,301]",1.425693711977425e-90,5e-10,9.457416090031758e-05,False,CERTIFIED_GLOBAL
quadratic,cross,4,7,0.0001,0.01,1.0,0.0001681733369100521,0.00016817333691005213,0.00016817333691005212665769709548366456000183080717043338005374904177583487164186277241020152341745,0.00016817333691005212665769709548366456000183080717043338005374904177583487164186277241020152368712,"[0,""5612751053553606644773448874583038704688398770329975638665331615717252305071666649393694551"",-314,302]","[0,""175398470423550207649170277330719959521512461572811738708291612991164134533489582793552955"",-309,297]",1.60349174836497e-90,5e-09,0.0001681792830507429,False,CERTIFIED_GLOBAL
quadratic,cross,5,7,0.00031622776601683794,0.01,1.0,0.00029903631735960027,0.0002990363173596003,0.00029903631735960030019874571095360135607353037543114183150133009808810543806885652131239856738781,0.00029903631735960030019874571095360135607353037543114183150133009808810543806885652131239856786722,"[0,""4990138258981540888010641672594144360287930088538315041444377887988916681544782017218955639"",-313,302]","[0,""4990138258981540888010641672594144360287930088538315041444377887988916681544782017218955647"",-313,302]",1.6031619936784588e-90,5e-08,0.0002990697562442441,False,CERTIFIED_GLOBAL
quadratic,cross,6,7,0.001,0.01,1.0,0.0005316415262887381,0.0005316415262887382,0.00053164152628873810515411850228000137643748534860542146977132569195418220684419783404940014468795,0.00053164152628873810515411850228000137643748534860542146977132569195418220684419783404940014552692,"[0,""4435857062148243362886096502354948798058861731029902219886074980510984054744964741232837499"",-312,302]","[0,""2217928531074121681443048251177474399029430865514951109943037490255492027372482370616418753"",-311,301]",1.5780490448468072e-90,5e-07,0.0005318295896944989,False,CERTIFIED_GLOBAL
quadratic,cross,7,7,0.0031622776601683794,0.01,1.0,0.0009446836459894475,0.0009446836459894476,0.00094468364598944755870345516358986141976049579326765024229590726106988686132771175109296938433830,0.00094468364598944755870345516358986141976049579326765024229590726106988686132771175109296938589637,"[0,""3941078165781168801696002553088420900165336097172486553132662476231378812353689727882931401"",-311,301]","[0,""7882156331562337603392005106176841800330672194344973106265324952462757624707379455765862815"",-312,302]",1.649294869722946e-90,5e-06,0.0009457416090031758,False,CERTIFIED_GLOBAL
quadratic,cross,8,7,0.01,0.01,1.0,0.0016758362463994475,0.0016758362463994477,0.0016758362463994476144788609172099692905422718827153105220244805566719892580996074681042771878150,0.0016758362463994476144788609172099692905422718827153105220244805566719892580996074681042771909312,"[0,""6991336907491367248907821096575434971318015913769548703140837245486851722451567388376740787"",-311,302]","[0,""109239639179552613264184704633991171426843998652649198486575581960732058163305740443386575"",-305,296]",1.8594440765785757e-90,5e-05,0.001681792830507429,False,CERTIFIED_GLOBAL
quadratic,cross,9,7,0.03162277660168379,0.01,1.0,0.002957071509111533,0.0029570715091115332,0.0029570715091115329309109810709429670516802799729817053997309281414568879970428544489027628413351,0.0029570715091115329309109810709429670516802799729817053997309281414568879970428544489027628475674,"[0,""6168228913821597340337186794931772235945991709778282615266857498394820735546632882622472641"",-310,302]","[0,""3084114456910798670168593397465886117972995854889141307633428749197410367773316441311236327"",-309,301]",2.1075741807944187e-90,0.0005,0.002990697562442441,False,CERTIFIED_GLOBAL
quadratic,cross,10,7,0.1,0.01,0.40139795465396155,0.007508517892397038,0.007508517892397039,0.0075085178923970390516496142100170268695258621695634671658605091719279886579648592322775771766558,0.0075085178923970390516496142100170268695258621695634671685587859126420533685663540308661407793678,"[0,""3915550995395573808023467596098455288498153450969203268462047352295092333457532973741211649"",-308,301]","[0,""7831101990791147616046935192196910576996306901938406539738295943600032869850310036560999971"",-309,302]",3.5936209773786126e-55,0.005,0.0053182958969449886,False,CERTIFIED_GLOBAL
quadratic,cross,11,7,0.25,0.01,0.15905182072816668,0.03371335541634104,0.033713355416341045,0.033713355416341045132383029118860613026373707252445196685111097123287155872828998159988693256211,0.033713355416341045132383029118860613026373707252445196691797081287147959384407479369503302620951,"[0,""2197610171713210096905373902649104315947106102697367609972118927353177898937014703028569453"",-305,301]","[0,""4395220343426420193810747805298208631894212205394735220815891632561530484925236139381043461"",-306,302]",1.9831856192576047e-55,0.03125,0.008408964152537146,False,CERTIFIED_GLOBAL
quadratic,cross,0,8,1e-06,0.1,1.0,0.00016817922359037665,0.00016817922359037667,0.00016817922359037664726126481406309643460487237308961751470982628130066883241600335748573815818255,0.00016817922359037664726126481406309643460487237308961751470982628130066883241600335748573815833238,"[0,""2806473760158504781020112789262947523351469463341360397949749434133661082731173273678838665"",-313,301]","[0,""5612947520317009562040225578525895046702938926682720795899498868267322165462346547357677335"",-314,302]",8.907975679269505e-91,5e-13,0.0001681792830507429,False,CERTIFIED_GLOBAL
quadratic,cross,1,8,3.162277660168379e-06,0.1,1.0,0.0002990694218739047,0.00029906942187390474,0.00029906942187390470136473350727800920014429408213962216716092866733406854580937472062955123748275,0.00029906942187390470136473350727800920014429408213962216716092866733406854580937472062955123784232,"[0,""1247672671802777134531927076682928599845151900141285469975290703847948393365014142334100715"",-311,300]","[0,""2495345343605554269063854153365857199690303800282570939950581407695896786730028284668201433"",-312,301]",1.2022384026674496e-90,5e-12,0.0002990697562442441,False,CERTIFIED_GLOBAL
quadratic,cross,2,8,1e-05,0.1,1.0,0.0005318277093896283,0.0005318277093896284,0.00053182770938962837174071300295545561046084373181349471365542045661895357834792188872387617430599,0.00053182770938962837174071300295545561046084373181349471365542045661895357834792188872387617502510,"[0,""4437410517967810410860475308161609732792539846258081942455049328244200214244620056868172657"",-312,302]","[0,""4437410517967810410860475308161609732792539846258081942455049328244200214244620056868172663"",-312,302]",1.3521399419109424e-90,5e-11,0.0005318295896944989,False,CERTIFIED_GLOBAL
quadratic,cross,3,8,3.1622776601683795e-05,0.1,1.0,0.0009457310352314318,0.0009457310352314319,0.00094573103523143189623152672836796052626151500749053799010836725213399623387117268672232705057885,0.00094573103523143189623152672836796052626151500749053799010836725213399623387117268672232705177737,"[0,""7890895432509375001619193647267727317320273899275739210310526905161675584544145130814751537"",-312,302]","[0,""7890895432509375001619193647267727317320273899275739210310526905161675584544145130814751547"",-312,302]",1.2672832995354889e-90,5e-10,0.0009457416090031758,False,CERTIFIED_GLOBAL
quadratic,cross,4,8,0.0001,0.1,1.0,0.0016817333691005211,0.0016817333691005213,0.0016817333691005212665769709548366456000183080717043338005374904177583487164186277241020152344741,0.0016817333691005212665769709548366456000183080717043338005374904177583487164186277241020152368712,"[0,""3507969408471004152983405546614399190430249231456234774165832259823282690669791655871059095"",-310,301]","[0,""876992352117751038245851386653599797607562307864058693541458064955820672667447913967764775"",-308,299]",1.42532599854664e-90,5e-09,0.001681792830507429,False,CERTIFIED_GLOBAL
quadratic,cross,5,8,0.00031622776601683794,0.1,1.0,0.002990363173596003,0.0029903631735960032,0.0029903631735960030019874571095360135607353037543114183150133009808810543806885652131239856744774,0.0029903631735960030019874571095360135607353037543114183150133009808810543806885652131239856787921,"[0,""3118836411863463055006651045371340225179956305336446900902736179993072925965488760761847275"",-309,301]","[0,""6237672823726926110013302090742680450359912610672893801805472359986145851930977521523694559"",-310,302]",1.4428457943106129e-90,5e-08,0.002990697562442441,False,CERTIFIED_GLOBAL
quadratic,cross,6,8,0.001,0.1,1.0,0.005316415262887381,0.005316415262887382,0.0053164152628873810515411850228000137643748534860542146977132569195418220684419783404940014471192,0.0053164152628873810515411850228000137643748534860542146977132569195418220684419783404940014547898,"[0,""2772410663842652101803810313971842998786788581893688887428796862819365034215602963270523437"",-308,301]","[0,""2772410663842652101803810313971842998786788581893688887428796862819365034215602963270523441"",-308,301]",1.4427876981456522e-90,5e-07,0.0053182958969449886,False,CERTIFIED_GLOBAL
quadratic,cross,7,8,0.0031622776601683794,0.1,1.0,0.009446836459894475,0.009446836459894477,0.0094468364598944755870345516358986141976049579326765024229590726106988686132771175109296938429036,0.0094468364598944755870345516358986141976049579326765024229590726106988686132771175109296938601622,"[0,""4926347707226461002120003191360526125206670121465608191415828095289223515442112159853664251"",-308,302]","[0,""1231586926806615250530000797840131531301667530366402047853957023822305878860528039963416065"",-306,300]",1.826911240308494e-90,5e-06,0.009457416090031758,False,CERTIFIED_GLOBAL
quadratic,cross,8,8,0.01,0.1,1.0,0.016758362463994474,0.016758362463994477,0.016758362463994476144788609172099692905422718827153105220244805566719892580996074681042771878629,0.016758362463994476144788609172099692905422718827153105220244805566719892580996074681042771909312,"[0,""273099097948881533160461761584977928567109996631622996216438954901830145408264351108466437"",-303,298]","[0,""546198195897763066320923523169955857134219993263245992432877909803660290816528702216932875"",-304,299]",1.830837244631213e-90,5e-05,0.01681792830507429,False,CERTIFIED_GLOBAL
quadratic,cross,9,8,0.03162277660168379,0.1,1.0,0.029570715091115328,0.02957071509111533,0.029570715091115329309109810709429670516802799729817053997309281414568879970428544489027628416227,0.029570715091115329309109810709429670516802799729817053997309281414568879970428544489027628473756,"[0,""3855143071138498337710741746832357647466244818611426634541785936496762959716645551639045401"",-306,301]","[0,""7710286142276996675421483493664715294932489637222853269083571872993525919433291103278090817"",-307,302]",1.9454530899640789e-90,0.0005,0.02990697562442441,False,CERTIFIED_GLOBAL
quadratic,cross,10,8,0.1,0.1,1.0,0.05126818823350587,0.051268188233505874,0.051268188233505873496820138161567429879853161018214175534017736362140564419070865783641619125782,0.051268188233505873496820138161567429879853161018214175534017736362140564419070865783641619240840,"[0,""1670962301970237576842030412867374754514050944118718294633474027474917433170538376314084971"",-304,300]","[0,""6683849207880950307368121651469499018056203776474873178533896109899669732682153505256339899"",-306,302]",2.2442158004273117e-90,0.005,0.053182958969449884,False,CERTIFIED_GLOBAL
quadratic,cross,11,8,0.25,0.1,0.6785796352909818,0.08121707536159387,0.08121707536159388,0.081217075361593873838178223990245000251884928961649782940041007472951431344220244766382838421692,0.081217075361593873838178223990245000251884928961649782972015811699829325623031356078974109167465,"[0,""1323536835233887291083545502845318266213838327487458389918426613995741124479841695109851191"",-303,300]","[0,""330884208808471822770886375711329566553459581871864597609874306591739808980182322661402103"",-301,298]",3.936955878369171e-55,0.03125,0.08408964152537145,False,CERTIFIED_GLOBAL
quadratic,tangent,0,0,1e-06,0.0,0.0,5e-13,5.000000000000001e-13,4.9999999999999999999999999999999999999999999999999999999999999999999999999999999999999999971612E-13,5.0000000000000000000000000000000000000000000000000000000000000000000000000000000000000000005099E-13,"[0,""559936185544451052639360570142111069530411374308662383724997275240947967795040236345219373"",-339,299]","[0,""4479489484355608421114884561136888556243290994469299069799978201927583742360321890761754987"",-342,302]",6.69719174579458e-91,5e-13,0.0,True,CERTIFIED_GLOBAL
quadratic,tangent,1,0,3.162277660168379e-06,0.0,0.0,5e-12,5.0000000000000005e-12,4.9999999999999999999999999999999999999999999999999999999999999999999999999999999999999999953753E-12,5.0000000000000000000000000000000000000000000000000000000000000000000000000000000000000000016261E-12,"[0,""87490028991320476974900089084704854614126777235728497457030824256398119967975036928940527"",-333,296]","[0,""5599361855444510526393605701421110695304113743086623837249972752409479677950402363452193735"",-339,302]",1.2501424592149883e-90,5e-12,0.0,True,CERTIFIED_GLOBAL
quadratic,tangent,2,0,1e-05,0.0,0.0,4.9999999999999995e-11,5e-11,4.9999999999999999999999999999999999999999999999999999999999999999999999999999999999999999932322E-11,5.0000000000000000000000000000000000000000000000000000000000000000000000000000000000000000032334E-11,"[0,""6999202319305638157992007126776388369130142178858279796562465940511849597438002954315242157"",-336,302]","[0,""6999202319305638157992007126776388369130142178858279796562465940511849597438002954315242171"",-336,302]",2.0002279347439812e-90,5e-11,0.0,True,CERTIFIED_GLOBAL
quadratic,tangent,3,0,3.1622776601683795e-05,0.0,0.0,4.999999999999999e-10,5e-10,4.9999999999999999999999999999999999999999999999999999999999999999999999999999999999999999930893E-10,5.0000000000000000000000000000000000000000000000000000000000000000000000000000000000000000033763E-10,"[0,""1093625362391505962186251113558810682676584715446606218212885303204976499599687961611756587"",-330,300]","[0,""4374501449566023848745004454235242730706338861786424872851541212819905998398751846447026357"",-332,302]",2.057377304308095e-90,5e-10,0.0,True,CERTIFIED_GLOBAL
quadratic,tangent,4,0,0.0001,0.0,0.0,4.999999999999999e-09,5e-09,4.9999999999999999999999999999999999999999999999999999999999999999999999999999999999999999921749E-9,5.0000000000000000000000000000000000000000000000000000000000000000000000000000000000000000040621E-9,"[0,""2734063405978764905465627783897026706691461788616515545532213258012441248999219904029391467"",-328,301]","[0,""5468126811957529810931255567794053413382923577233031091064426516024882497998439808058782947"",-329,302]",2.377413773867132e-90,5e-09,0.0,True,CERTIFIED_GLOBAL
quadratic,tangent,5,0,0.00031622776601683794,0.0,0.0,5e-08,5.0000000000000004e-08,4.9999999999999999999999999999999999999999999999999999999999999999999999999999999999999999903462E-8,5.0000000000000000000000000000000000000000000000000000000000000000000000000000000000000000042450E-8,"[0,""6835158514946912263664069459742566766728654471541288863830533145031103122498049760073478665"",-326,302]","[0,""1708789628736728065916017364935641691682163617885322215957633286257775780624512440018369671"",-324,300]",2.7797453355984928e-90,5e-08,0.0,True,CERTIFIED_GLOBAL
quadratic,tangent,6,0,0.001,0.0,0.0,5e-07,5.000000000000001e-07,4.9999999999999999999999999999999999999999999999999999999999999999999999999999999999999999896146E-7,5.0000000000000000000000000000000000000000000000000000000000000000000000000000000000000000048302E-7,"[0,""4271974071841820164790043412339104229205409044713305539894083215644439451561281100045924165"",-322,302]","[0,""2135987035920910082395021706169552114602704522356652769947041607822219725780640550022962089"",-321,301]",3.043089630549929e-90,5e-07,0.0,True,CERTIFIED_GLOBAL
quadratic,tangent,7,0,0.0031622776601683794,0.0,0.0,4.9999999999999996e-06,5e-06,0.0000049999999999999999999999999999999999999999999999999999999999999999999999999999999999999999893806,0.0000050000000000000000000000000000000000000000000000000000000000000000000000000000000000000000062347,"[0,""2669983794901137602993777132711940143253380652945815962433802009777774657225800687528702603"",-318,301]","[0,""667495948725284400748444283177985035813345163236453990608450502444443664306450171882175653"",-316,299]",3.370806975378383e-90,5e-06,0.0,True,CERTIFIED_GLOBAL
quadratic,tangent,8,0,0.01,0.0,0.0,4.9999999999999996e-05,5e-05,0.000049999999999999999999999999999999999999999999999999999999999999999999999999999999999999999867588,0.000050000000000000000000000000000000000000000000000000000000000000000000000000000000000000000069838,"[0,""834369935906605500935555353972481294766681454045567488260563128055554580383062714852719563"",-313,299]","[0,""6674959487252844007484442831779850358133451632364539906084505024444436643064501718821756531"",-316,302]",4.044968370454059e-90,5e-05,0.0,True,CERTIFIED_GLOBAL
quadratic,tangent,9,0,0.03162277660168379,0.0,0.0,0.0004999999999999999,0.0005,0.00049999999999999999999999999999999999999999999999999999999999999999999999999999999999999999855603,0.00050000000000000000000000000000000000000000000000000000000000000000000000000000000000000000059351,"[0,""2085924839766513752338888384931203236916703635113918720651407820138886450957656787131798907"",-311,301]","[0,""4171849679533027504677776769862406473833407270227837441302815640277772901915313574263597831"",-312,302]",4.074931099124089e-90,0.0005,0.0,True,CERTIFIED_GLOBAL
quadratic,tangent,10,0,0.1,0.0,0.0,0.004999999999999999,0.005,0.0049999999999999999999999999999999999999999999999999999999999999999999999999999999999999999850809,0.0050000000000000000000000000000000000000000000000000000000000000000000000000000000000000000080924,"[0,""5214812099416284380847220962328008092291759087784796801628519550347216127394141967829497267"",-309,302]","[0,""5214812099416284380847220962328008092291759087784796801628519550347216127394141967829497291"",-309,302]",4.602275123716619e-90,0.005,0.0,True,CERTIFIED_GLOBAL
quadratic,tangent,11,0,0.25,0.0,0.0,0.03125,0.03125,0.03125,0.03125,"[0,""1"",-5,1]","[0,""1"",-5,1]",0.0,0.03125,0.0,True,CERTIFIED_GLOBAL
quadratic,tangent,0,1,1e-06,1e-08,0.0,5.141421356237274e-13,5.141421356237275e-13,5.1414213562372741495411095406253323832218350632348489765916177338864785507756487825038784555023E-13,5.1414213562372741495411095406253323832218350632348489765916177338864785507756487825038784599672E-13,"[0,""4606188579981244018494465822143364926395420058763957396826699853887764860785586325212637903"",-342,302]","[0,""4606188579981244018494465822143364926395420058763957396826699853887764860785586325212637907"",-342,302]",8.683969252549117e-91,5e-13,1.414213562373095e-14,True,CERTIFIED_GLOBAL
quadratic,tangent,1,1,3.162277660168379e-06,1e-08,0.0,5.044721359549884e-12,5.0447213595498845e-12,5.0447213595498839905293083441355564719391341563216702177315968772511526949896694123258668215537E-12,5.0447213595498839905293083441355564719391341563216702177315968772511526949896694123258668286975E-12,"[0,""2824722035200979213328757554675470098053878230102108862729462806472799306748617536719470099"",-338,301]","[0,""2824722035200979213328757554675470098053878230102108862729462806472799306748617536719470103"",-338,301]",1.4160685370641786e-90,5e-12,4.472135954999579e-14,True,CERTIFIED_GLOBAL
quadratic,tangent,2,1,1e-05,1e-08,0.0,5.014142135623377e-11,5.014142135623378e-11,5.0141421356233773970974191940625140321971822251061433896912129232108753547000294669373958619885E-11,5.0141421356233773970974191940625140321971822251061433896912129232108753547000294669373958727041E-11,"[0,""1754749763249163437730923906948497103121279217088707015801114840423293911911982280228975685"",-334,300]","[0,""7018999052996653750923695627793988412485116868354828063204459361693175647647929120915902755"",-336,302]",2.137056849095311e-90,5e-11,1.414213562373095e-13,True,CERTIFIED_GLOBAL
quadratic,tangent,3,1,3.1622776601683795e-05,1e-08,0.0,5.004472135953881e-10,5.004472135953882e-10,5.0044721359538815454039286982406292902183306727325254370683336508526061296558471495871765248875E-10,5.0044721359538815454039286982406292902183306727325254370683336508526061296558471495871765363175E-10,"[0,""2189207061304303039687359459599383599774762638549713872859240635115849525834257049726404315"",-331,301]","[0,""68412720665759469990229983112480737492961332454678558526851269847370297682320532803950135"",-326,296]",2.283931971707172e-90,5e-10,4.4721359549995796e-13,True,CERTIFIED_GLOBAL
quadratic,tangent,4,1,0.0001,1e-08,0.0,5.001414213558837e-09,5.001414213558838e-09,5.0014142135588375611384495337087410107499736459260664333878325551782567336116394714301888639029E-9,5.0014142135588375611384495337087410107499736459260664333878325551782567336116394714301888767044E-9,"[0,""341854589485832032504411194565024529256512984197798165517242355784645535212631746380002349"",-325,298]","[0,""2734836715886656260035289556520196234052103873582385324137938846277164281701053971040018799"",-328,301]",2.5595678013744023e-90,5e-09,1.414213562373095e-12,True,CERTIFIED_GLOBAL
quadratic,tangent,5,1,0.00031622776601683794,1e-08,0.0,5.0004472135843194e-08,5.00044721358432e-08,5.0004472135843196179120286341641072068514264522973835335658571064670097175785547360360829949765E-8,5.0004472135843196179120286341641072068514264522973835335658571064670097175785547360360830096068E-8,"[0,""6835769870094684696723289226425425103230993158125824085502347810315927082290315365500755421"",-326,302]","[0,""6835769870094684696723289226425425103230993158125824085502347810315927082290315365500755441"",-326,302]",2.9257860314310103e-90,5e-08,4.4721359549995794e-12,True,CERTIFIED_GLOBAL
quadratic,tangent,6,1,0.001,1e-08,0.0,5.000141421320881e-07,5.000141421320883e-07,5.0001414213208819660261343053817658531129856424735300740909576583448688846307460923241927736767E-7,5.0001414213208819660261343053817658531129856424735300740909576583448688846307460923241927900627E-7,"[0,""4272094901485022840997003080979542105563596970477535829409545954694160186262442968363451747"",-322,302]","[0,""4272094901485022840997003080979542105563596970477535829409545954694160186262442968363451761"",-322,302]",3.277080758466639e-90,5e-07,1.414213562373095e-11,True,CERTIFIED_GLOBAL
quadratic,tangent,7,1,0.0031622776601683794,1e-08,0.0,5.0000447212477464e-06,5.000044721247747e-06,0.0000050000447212477464571643407182027416858165922728837982889585471032733553798317252677904180567456,0.0000050000447212477464571643407182027416858165922728837982889585471032733553798317252677904180745360,"[0,""5340015351804983525846635083648707325197234854585307097141642244456330708657474099704274915"",-319,302]","[0,""2670007675902491762923317541824353662598617427292653548570821122228165354328737049852137467"",-318,301]",3.5580422055486773e-90,5e-06,4.472135954999579e-11,True,CERTIFIED_GLOBAL
quadratic,tangent,8,1,0.01,1e-08,0.0,5.000014141782065e-05,5.000014141782066e-05,0.000050000141417820659208293429514137163716667593216166169734090173554930079017123363395147462966033,0.000050000141417820659208293429514137163716667593216166169734090173554930079017123363395147463175773,"[0,""1668744591604329380889313915973020210542657959060098303955132029277182072654583975971203587"",-314,300]","[0,""834372295802164690444656957986510105271328979530049151977566014638591036327291987985601797"",-313,299]",4.194770149499155e-90,5e-05,1.414213562373095e-10,True,CERTIFIED_GLOBAL
quadratic,tangent,9,1,0.03162277660168379,1e-08,0.0,0.000500000447101778,0.0005000004471017781,0.00050000044710177812216314199613423002047684231517494103047915789446722263378005524672627681073928,0.00050000044710177812216314199613423002047684231517494103047915789446722263378005524672627681289661,"[0,""521481676251980882482990059147208905782569384848993297107306701082776788016308961914488153"",-309,299]","[0,""2085926705007923529931960236588835623130277539395973188429226804331107152065235847657952621"",-311,301]",4.314629070327672e-90,0.0005,4.4721359549995793e-10,True,CERTIFIED_GLOBAL
quadratic,tangent,10,1,0.1,1e-08,0.0,0.005000001410673597,0.005000001410673598,0.0050000014106735979665884425232163690877326477938708129203841871187292963814701547242029173038028,0.0050000014106735979665884425232163690877326477938708129203841871187292963814701547242029173277731,"[0,""2607406785347916890750469794231762408592602129121878459973427113508929404938208023947400441"",-308,301]","[0,""5214813570695833781500939588463524817185204258243756919946854227017858809876416047894800907"",-309,302]",4.794035234641025e-90,0.005,1.4142135623730951e-09,True,CERTIFIED_GLOBAL
quadratic,tangent,11,1,0.25,1e-08,0.0,0.031250003479852725,0.03125000347985273,0.031250003479852726768763701324669561824093450297745860981508939980270366002243649533897683078484,0.031250003479852726768763701324669561824093450297745860981508939980270366002243649533897683086155,"[0,""4074072406338424766049352945377694694166218550302374097556898338439245251031179008584567007"",-306,302]","[0,""127314762698075773939042279543052959192694329696949190548653073076226414094724344018267719"",-301,297]",2.454546459322137e-91,0.03125,3.5355339059327376e-09,True,CERTIFIED_GLOBAL
quadratic,tangent,0,2,1e-06,1e-07,0.0,6.414213562372741e-13,6.414213562372742e-13,6.4142135623727414954110954062533238322183506323484897659161773388647855077564878250387845895015E-13,6.4142135623727414954110954062533238322183506323484897659161773388647855077564878250387845950826E-13,"[0,""2873240220305982197455348585600826128882290818707941170033597360764697463306483117635292091"",-341,301]","[0,""5746480440611964394910697171201652257764581637415882340067194721529394926612966235270584187"",-342,302]",8.700978018934197e-91,5e-13,1.414213562373095e-13,False,CERTIFIED_GLOBAL
quadratic,tangent,1,2,3.162277660168379e-06,1e-07,0.0,5.4472135954988396e-12,5.44721359549884e-12,5.4472135954988399052930834413555647193913415632167021773159687725115269498966941232586682580525E-12,5.4472135954988399052930834413555647193913415632167021773159687725115269498966941232586682660892E-12,"[0,""6100184005018989529032699780719405703340540914262562719339501357770669033418729463319658429"",-339,302]","[0,""3050092002509494764516349890359702851670270457131281359669750678885334516709364731659829219"",-338,301]",1.475365332028535e-90,5e-12,4.4721359549995796e-13,True,CERTIFIED_GLOBAL
quadratic,tangent,2,2,1e-05,1e-07,0.0,5.141421356233774e-11,5.1414213562337746e-11,5.1414213562337739709741919406251403219718222510614338969121292321087535470002946693739586865105E-11,5.1414213562337739709741919406251403219718222510614338969121292321087535470002946693739586979405E-11,"[0,""7197169656215794087308892136952388802679889073823762462982400152325110099537264620321847995"",-336,302]","[0,""7197169656215794087308892136952388802679889073823762462982400152325110099537264620321848011"",-336,302]",2.2230961286540872e-90,5e-11,1.414213562373095e-12,True,CERTIFIED_GLOBAL
quadratic,tangent,3,2,3.1622776601683795e-05,1e-07,0.0,5.044721359538815e-10,5.044721359538816e-10,5.0447213595388154540392869824062929021833067273252543706833365085260612965584714958717653145000E-10,5.0447213595388154540392869824062929021833067273252543706833365085260612965584714958717653259300E-10,"[0,""4413628179991846155042149103870487419138203014916453601520941786937836531096374376504849171"",-332,302]","[0,""4413628179991846155042149103870487419138203014916453601520941786937836531096374376504849181"",-332,302]",2.265709659307657e-90,5e-10,4.4721359549995794e-12,True,CERTIFIED_GLOBAL
quadratic,tangent,4,2,0.0001,1e-07,0.0,5.0141421355883755e-09,5.014142135588376e-09,5.0141421355883756113844953370874101074997364592606643338783255517825673361163947143018887121976E-9,5.0141421355883756113844953370874101074997364592606643338783255517825673361163947143018887249991E-9,"[0,""5483593010115356902324491020257443960595765276550426663178938281319343152035121148271329437"",-329,302]","[0,""5483593010115356902324491020257443960595765276550426663178938281319343152035121148271329451"",-329,302]",2.5530705824036866e-90,5e-09,1.414213562373095e-11,True,CERTIFIED_GLOBAL
quadratic,tangent,5,2,0.00031622776601683794,1e-07,0.0,5.004472135843196e-08,5.004472135843197e-08,5.0044721358431961791202863416410720685142645229738353356585710646700971757855473603608300417701E-8,5.0044721358431961791202863416410720685142645229738353356585710646700971757855473603608300564004E-8,"[0,""855159008303079574282033390821393766469005167173330135068584974734917840052588226793280779"",-323,299]","[0,""1710318016606159148564066781642787532938010334346660270137169949469835680105176453586561563"",-324,300]",2.923432923849838e-90,5e-08,4.472135954999579e-11,True,CERTIFIED_GLOBAL
quadratic,tangent,6,2,0.001,1e-07,0.0,5.001414213208819e-07,5.00141421320882e-07,5.0014142132088196602613430538176585311298564247353007409095765834486888463074609232419278314060E-7,5.0014142132088196602613430538176585311298564247353007409095765834486888463074609232419278477920E-7,"[0,""2136591184136923463429820049371741496393644151177804217524355303070823399286449891610599993"",-321,301]","[0,""33384237252139429116090938271433460881150689862153190898818051610481615613850779556415625"",-315,295]",3.2762467859885193e-90,5e-07,1.414213562373095e-10,True,CERTIFIED_GLOBAL
quadratic,tangent,7,2,0.0031622776601683794,1e-07,0.0,5.000447212477464e-06,5.000447212477465e-06,0.0000050004472124774645716434071820274168581659227288379828895854710327335537983172526779041806667759,0.0000050004472124774645716434071820274168581659227288379828895854710327335537983172526779041806845663,"[0,""1335111302457339601144590611918037668352874198207095911901996567140840814127582155381525575"",-317,300]","[0,""5340445209829358404578362447672150673411496792828383647607986268563363256510328621526102319"",-319,302]",3.557755815007622e-90,5e-06,4.4721359549995793e-10,True,CERTIFIED_GLOBAL
quadratic,tangent,8,2,0.01,1e-07,0.0,5.000141417820659e-05,5.0001414178206595e-05,0.000050001414178206592082934295141371637166675932161661697340901735549300790171233633951474630911962,0.000050001414178206592082934295141371637166675932161661697340901735549300790171233633951474631121702,"[0,""834393534862197396026571394112769399813156708890384125430591993885919139825355446181541869"",-313,299]","[0,""1668787069724394792053142788225538799626313417780768250861183987771838279650710892363083745"",-314,300]",4.194663373773666e-90,5e-05,1.4142135623730951e-09,True,CERTIFIED_GLOBAL
quadratic,tangent,9,2,0.03162277660168379,1e-07,0.0,0.0005000044710177812,0.0005000044710177813,0.00050000447101778122163141996134230020476842315174941030479157894467222633780055246726276812122750,0.00050000447101778122163141996134230020476842315174941030479157894467222633780055246726276812338482,"[0,""4171886984361223056539213803015054198104885355868926796859195324122186924066894784786671921"",-312,302]","[0,""4171886984361223056539213803015054198104885355868926796859195324122186924066894784786671939"",-312,302]",4.31459434722824e-90,0.0005,4.4721359549995795e-09,True,CERTIFIED_GLOBAL
quadratic,tangent,10,2,0.1,1e-07,0.0,0.005000014106735979,0.00500001410673598,0.0050000141067359796658844252321636908773264779387081292038418711872929638147015472420291731770940,0.0050000141067359796658844252321636908773264779387081292038418711872929638147015472420291732010643,"[0,""2607413406105889193692203611841587670613105396187198992405933158526821476108441384241266711"",-308,301]","[0,""5214826812211778387384407223683175341226210792374397984811866317053642952216882768482533447"",-309,302]",4.794023061601289e-90,0.005,1.414213562373095e-08,True,CERTIFIED_GLOBAL
quadratic,tangent,11,2,0.25,1e-07,0.0,0.03125003479852726,0.03125003479852727,0.031250034798527267687637013246695618240934502977458609815089399802703660022436495338976830792513,0.031250034798527267687637013246695618240934502977458609815089399802703660022436495338976830800184,"[0,""4074076489363498107661507062408140042735754417036888464118455296013589114571729374544517303"",-306,302]","[0,""509259561170437263457688382801017505341969302129611058014806912001698639321466171818064663"",-303,299]",2.454543999384342e-91,0.03125,3.535533905932738e-08,True,CERTIFIED_GLOBAL
quadratic,tangent,0,3,1e-06,1e-06,0.0,1.9142135623727412e-12,1.9142135623727416e-12,1.9142135623727414954110954062533238322183506323484897659161773388647855077564878250387845920564E-12,1.9142135623727414954110954062533238322183506323484897659161773388647855077564878250387845938424E-12,"[0,""4287349761729792039768252665446131392864049355983782943118035849486423896221691333962511741"",-340,302]","[0,""4287349761729792039768252665446131392864049355983782943118035849486423896221691333962511745"",-340,302]",9.329772988677609e-91,5e-13,1.414213562373095e-12,False,CERTIFIED_GLOBAL
quadratic,tangent,1,3,3.162277660168379e-06,1e-06,0.0,9.472135954988398e-12,9.4721359549884e-12,9.4721359549883990529308344135556471939134156321670217731596877251152694989669412325866826257192E-12,9.4721359549883990529308344135556471939134156321670217731596877251152694989669412325866826382208E-12,"[0,""5303791675594650276392273247202030387834192727423006329072629403010686616316836681063420371"",-338,302]","[0,""2651895837797325138196136623601015193917096363711503164536314701505343308158418340531710189"",-337,301]",1.319810510697552e-90,5e-12,4.4721359549995794e-12,False,CERTIFIED_GLOBAL
quadratic,tangent,2,3,1e-05,1e-06,0.0,6.414213562337739e-11,6.41421356233774e-11,6.4142135623377397097419194062514032197182225106143389691212923210875354700029466937395869310159E-11,6.4142135623377397097419194062514032197182225106143389691212923210875354700029466937395869453033E-11,"[0,""140294932631362460174388394195881136009806423883017288449403250916319603412978431474707821"",-330,297]","[0,""2244718922101799362790214307134098176156902782128276615190452014661113654607654903595325141"",-334,301]",2.2274503728593095e-90,5e-11,1.414213562373095e-11,False,CERTIFIED_GLOBAL
quadratic,tangent,3,3,3.1622776601683795e-05,1e-06,0.0,5.447213595388154e-10,5.447213595388155e-10,5.4472135953881545403928698240629290218330672732525437068333650852606129655847149587176532140545E-10,5.4472135953881545403928698240629290218330672732525437068333650852606129655847149587176532266275E-10,"[0,""595721094228030863964556368823461201878122549135839019943193369249901415671872143378156823"",-329,299]","[0,""4765768753824246911716450950587689615024980393086712159545546953999211325374977147025254595"",-332,302]",2.308127097264875e-90,5e-10,4.472135954999579e-11,True,CERTIFIED_GLOBAL
quadratic,tangent,4,3,0.0001,1e-06,0.0,5.141421355883755e-09,5.141421355883756e-09,5.1414213558837561138449533708741010749973645926066433387832555178256733611639471430188871924011E-9,5.1414213558837561138449533708741010749973645926066433387832555178256733611639471430188872052027E-9,"[0,""1405697198383950181215902523106989721377835142601746703052386042242372259591313302546061991"",-327,300]","[0,""2811394396767900362431805046213979442755670285203493406104772084484744519182626605092123989"",-328,301]",2.489867664262083e-90,5e-09,1.414213562373095e-10,True,CERTIFIED_GLOBAL
quadratic,tangent,5,3,0.00031622776601683794,1e-06,0.0,5.044721358431962e-08,5.0447213584319624e-08,5.0447213584319617912028634164107206851426452297383533565857106467009717578554736036083005089744E-8,5.0447213584319617912028634164107206851426452297383533565857106467009717578554736036083005236048E-8,"[0,""6896294029724155569586046128028400416962523129994811031011999673513499101724610302801154341"",-326,302]","[0,""6896294029724155569586046128028400416962523129994811031011999673513499101724610302801154361"",-326,302]",2.9001083645501087e-90,5e-08,4.4721359549995793e-10,True,CERTIFIED_GLOBAL
quadratic,tangent,6,3,0.001,1e-06,0.0,5.014142132088196e-07,5.014142132088197e-07,5.0141421320881966026134305381765853112985642473530074090957658344868884630746092324192784157213E-7,5.0141421320881966026134305381765853112985642473530074090957658344868884630746092324192784321073E-7,"[0,""2142028518081043892743005138191445932512100810568167245720178560308256460838733965899341191"",-321,301]","[0,""1071014259040521946371502569095722966256050405284083622860089280154128230419366982949670599"",-320,300]",3.267930347757935e-90,5e-07,1.4142135623730951e-09,True,CERTIFIED_GLOBAL
quadratic,tangent,7,3,0.0031622776601683794,1e-06,0.0,5.004472124774645e-06,5.004472124774646e-06,0.0000050044721247746457164340718202741685816592272883798288958547103273355379831725267790418067642699,0.0000050044721247746457164340718202741685816592272883798288958547103273355379831725267790418067820604,"[0,""5344743790073107191895636087906584155554116175259149152271426509633688735038873839744376147"",-319,302]","[0,""2672371895036553595947818043953292077777058087629574576135713254816844367519436919872188083"",-318,301]",3.5548944432638767e-90,5e-06,4.4721359549995795e-09,True,CERTIFIED_GLOBAL
quadratic,tangent,8,3,0.01,1e-06,0.0,5.001414178206592e-05,5.0014141782065925e-05,0.000050014141782065920829342951413716371666759321616616973409017355493007901712336339514746310363760,0.000050014141782065920829342951413716371666759321616616973409017355493007901712336339514746310573500,"[0,""6676847403700195614765726043002898761851472019949870879686814290873601398447920225127540991"",-316,302]","[0,""6676847403700195614765726043002898761851472019949870879686814290873601398447920225127541019"",-316,302]",4.193595915414044e-90,5e-05,1.414213562373095e-08,True,CERTIFIED_GLOBAL
quadratic,tangent,9,3,0.03162277660168379,1e-06,0.0,0.0005000447101778121,0.0005000447101778122,0.00050004471017781221631419961342300204768423151749410304791578944672226337800552467262768122551038,0.00050004471017781221631419961342300204768423151749410304791578944672226337800552467262768122766770,"[0,""2086111363907491511646073550694441858274094063319365498433306239360956561715562839747169443"",-311,301]","[0,""521527840976872877911518387673610464568523515829841374608326559840239140428890709936792363"",-309,299]",4.314247146970196e-90,0.0005,4.4721359549995796e-08,True,CERTIFIED_GLOBAL
quadratic,tangent,10,3,0.1,1e-06,0.0,0.005000141067359796,0.005000141067359797,0.0050001410673597966588442523216369087732647793870812920384187118729296381470154724202917319128826,0.0050001410673597966588442523216369087732647793870812920384187118729296381470154724202917319368529,"[0,""5214959227371224446219083575879680581636276133680808633461987217411484375621549974359858825"",-309,302]","[0,""2607479613685612223109541787939840290818138066840404316730993608705742187810774987179929425"",-308,301]",4.793901334603932e-90,0.005,1.4142135623730952e-07,True,CERTIFIED_GLOBAL
quadratic,tangent,11,3,0.25,1e-06,0.0,0.031250347985272674,0.03125034798527268,0.031250347985272676876370132466956182409345029774586098150893998027036600224364953389768307948143,0.031250347985272676876370132466956182409345029774586098150893998027036600224364953389768307955814,"[0,""4074117319614231523783048232712593528431113084382032129734024871757027749977233034144020265"",-306,302]","[0,""2037058659807115761891524116356296764215556542191016064867012435878513874988616517072010133"",-305,301]",2.4545194002775737e-91,0.03125,3.5355339059327374e-07,True,CERTIFIED_GLOBAL
quadratic,tangent,0,4,1e-06,1e-05,0.0,1.4642135623727413e-11,1.4642135623727417e-11,1.4642135623727414954110954062533238322183506323484897659161773388647855077564878250387845923119E-11,1.4642135623727414954110954062533238322183506323484897659161773388647855077564878250387845940979E-11,"[0,""4099330784687225181271754548987914334636636102785238315516300942565896942738273635676396087"",-337,302]","[0,""1024832696171806295317938637246978583659159025696309578879075235641474235684568408919099023"",-335,300]",1.2197112803575559e-90,5e-13,1.414213562373095e-11,False,CERTIFIED_GLOBAL
quadratic,tangent,1,4,3.162277660168379e-06,1e-05,0.0,4.972135954988399e-11,4.9721359549883996e-11,4.9721359549883990529308344135556471939134156321670217731596877251152694989669412325866826302386E-11,4.9721359549883990529308344135556471939134156321670217731596877251152694989669412325866826366680E-11,"[0,""870024637701443918598484587988290804671044232198133000721919270133256487887236130471854123"",-333,299]","[0,""6960197101611551348787876703906326437368353857585064005775354161066051903097889043774832993"",-336,302]",1.2930668296614986e-90,5e-12,4.472135954999579e-11,False,CERTIFIED_GLOBAL
quadratic,tangent,2,4,1e-05,1e-05,0.0,1.9142135623377396e-10,1.91421356233774e-10,1.9142135623377397097419194062514032197182225106143389691212923210875354700029466937395869380355E-10,1.9142135623377397097419194062514032197182225106143389691212923210875354700029466937395869414646E-10,"[0,""3349492001290153886210063518047053965513103959425818304819485890229737475920521194371978255"",-333,301]","[0,""3349492001290153886210063518047053965513103959425818304819485890229737475920521194371978261"",-333,301]",1.7913164138588556e-90,5e-11,1.414213562373095e-10,False,CERTIFIED_GLOBAL
quadratic,tangent,3,4,3.1622776601683795e-05,1e-05,0.0,9.472135953881544e-10,9.472135953881546e-10,9.4721359538815454039286982406292902183306727325254370683336508526061296558471495871765322118849E-10,9.4721359538815454039286982406292902183306727325254370683336508526061296558471495871765322324588E-10,"[0,""2071793623037063619614867354439927893473188543697324434947899656153239817040251213057327179"",-330,301]","[0,""4143587246074127239229734708879855786946377087394648869895799312306479634080502426114654367"",-331,302]",2.1720310121446382e-90,5e-10,4.4721359549995793e-10,False,CERTIFIED_GLOBAL
quadratic,tangent,4,4,0.0001,1e-05,0.0,6.414213558837561e-09,6.414213558837562e-09,6.4142135588375611384495337087410107499736459260664333878325551782567336116394714301888719962657E-9,6.4142135588375611384495337087410107499736459260664333878325551782567336116394714301888720118105E-9,"[0,""1753686656935059737563700203533277033666773377243147075628900761367736975416643457328358309"",-327,300]","[0,""7014746627740238950254800814133108134667093508972588302515603045470947901666573829313433253"",-329,302]",2.423466006993392e-90,5e-09,1.4142135623730951e-09,False,CERTIFIED_GLOBAL
quadratic,tangent,5,4,0.00031622776601683794,1e-05,0.0,5.447213584319618e-08,5.4472135843196185e-08,5.4472135843196179120286341641072068514264522973835335658571064670097175785547360360830051795548E-8,5.4472135843196179120286341641072068514264522973835335658571064670097175785547360360830051956482E-8,"[0,""7446513662719345322883836142600903269067341056076510535645198429855062914763655187350235429"",-326,302]","[0,""7446513662719345322883836142600903269067341056076510535645198429855062914763655187350235451"",-326,302]",2.954402690502277e-90,5e-08,4.4721359549995795e-09,True,CERTIFIED_GLOBAL
quadratic,tangent,6,4,0.001,1e-05,0.0,5.141421320881966e-07,5.141421320881967e-07,5.1414213208819660261343053817658531129856424735300740909576583448688846307460923241927842612151E-7,5.1414213208819660261343053817658531129856424735300740909576583448688846307460923241927842776011E-7,"[0,""549100464380562046468714006597122573424166851117949381919602783170646769090393677196688293"",-319,299]","[0,""2196401857522248185874856026388490293696667404471797527678411132682587076361574708786753179"",-321,301]",3.187030631952147e-90,5e-07,1.414213562373095e-08,True,CERTIFIED_GLOBAL
quadratic,tangent,7,4,0.0031622776601683794,1e-05,0.0,5.044721247746457e-06,5.044721247746458e-06,0.0000050447212477464571643407182027416858165922728837982889585471032733553798317252677904180677420196,0.0000050447212477464571643407182027416858165922728837982889585471032733553798317252677904180677598101,"[0,""1346932398127648766267093122562729744245077499891701049726457230084235880081081505481778655"",-317,300]","[0,""5387729592510595065068372490250918976980309999566804198905828920336943520324326021927114639"",-319,302]",3.5265318486680596e-90,5e-06,4.4721359549995796e-08,True,CERTIFIED_GLOBAL
quadratic,tangent,8,4,0.01,1e-05,0.0,5.014141782065921e-05,5.0141417820659215e-05,0.000050141417820659208293429514137163716667593216166169734090173554930079017123363395147463104836795,0.000050141417820659208293429514137163716667593216166169734090173554930079017123363395147463105046535,"[0,""6693838651726360080297274944010334395313655508217849642107597688736084196898686781879601375"",-316,302]","[0,""6693838651726360080297274944010334395313655508217849642107597688736084196898686781879601403"",-316,302]",4.182951137129474e-90,5e-05,1.4142135623730952e-07,True,CERTIFIED_GLOBAL
quadratic,tangent,9,4,0.03162277660168379,1e-05,0.0,0.0005004471017781221,0.0005004471017781222,0.00050044710177812216314199613423002047684231517494103047915789446722263378005524672627681226881858,0.00050044710177812216314199613423002047684231517494103047915789446722263378005524672627681227097591,"[0,""1043895040588145672705370021281794725245303958584193249235196006179793779268358656642752135"",-310,300]","[0,""2087790081176291345410740042563589450490607917168386498470392012359587558536717313285504279"",-311,301]",4.310778215274052e-90,0.0005,4.472135954999579e-07,True,CERTIFIED_GLOBAL
quadratic,tangent,10,4,0.1,1e-05,0.0,0.005001410673597966,0.005001410673597967,0.0050014106735979665884425232163690877326477938708129203841871187292963814701547242029173192707685,0.0050014106735979665884425232163690877326477938708129203841871187292963814701547242029173192947388,"[0,""5216283378965685034565847097844732985736929546744915119963196220989898609668222033133112855"",-309,302]","[0,""326017711185355314660365443615295811608558096671557194997699763811868663104263877070819555"",-305,298]",4.7926844045342385e-90,0.005,1.414213562373095e-06,True,CERTIFIED_GLOBAL
quadratic,tangent,11,4,0.25,1e-05,0.0,0.031253479852726765,0.03125347985272677,0.031253479852726768763701324669561824093450297745860981508939980270366002243649533897683079504442,0.031253479852726768763701324669561824093450297745860981508939980270366002243649533897683079512113,"[0,""4074525622121565684998459935757128385384699757833468785889720629191414104032269630139049885"",-306,302]","[0,""2037262811060782842499229967878564192692349878916734392944860314595707052016134815069524943"",-305,301]",2.454273436325355e-91,0.03125,3.5355339059327378e-06,True,CERTIFIED_GLOBAL
quadratic,tangent,0,5,1e-06,0.0001,0.0,1.4192135623727414e-10,1.4192135623727417e-10,1.4192135623727414954110954062533238322183506323484897659161773388647855077564878250387845923106E-10,1.4192135623727414954110954062533238322183506323484897659161773388647855077564878250387845940252E-10,"[0,""310417589292165913627179564117651511249397933091077287435795043409115910155030436132712635"",-330,298]","[0,""2483340714337327309017436512941212089995183464728618299486360347272927281240243489061701083"",-333,301]",1.2080501006888786e-90,5e-13,1.414213562373095e-10,False,CERTIFIED_GLOBAL
quadratic,tangent,1,5,3.162277660168379e-06,0.0001,0.0,4.5221359549883987e-10,4.522135954988399e-10,4.5221359549883990529308344135556471939134156321670217731596877251152694989669412325866826306548E-10,4.5221359549883990529308344135556471939134156321670217731596877251152694989669412325866826363699E-10,"[0,""7912836116092554893210745078120564355183301326859773530105915283024981799160585972358076487"",-333,302]","[0,""7912836116092554893210745078120564355183301326859773530105915283024981799160585972358076497"",-333,302]",1.2637693809508731e-90,5e-12,4.4721359549995793e-10,False,CERTIFIED_GLOBAL
quadratic,tangent,2,5,1e-05,0.0001,0.0,1.4642135623377396e-09,1.4642135623377398e-09,1.4642135623377397097419194062514032197182225106143389691212923210875354700029466937395869384517E-9,1.4642135623377397097419194062514032197182225106143389691212923210875354700029466937395869409664E-9,"[0,""1601301087730168495897476697677943921241226852690163642316380294951346497630466163757195945"",-329,300]","[0,""6405204350920673983589906790711775684964907410760654569265521179805385990521864655028783791"",-331,302]",1.7173534827844918e-90,5e-11,1.4142135623730951e-09,False,CERTIFIED_GLOBAL
quadratic,tangent,3,5,3.1622776601683795e-05,0.0001,0.0,4.972135953881545e-09,4.972135953881546e-09,4.9721359538815454039286982406292902183306727325254370683336508526061296558471495871765322185617E-9,4.9721359538815454039286982406292902183306727325254370683336508526061296558471495871765322277057E-9,"[0,""2718826992211770634118103380592495697660655749488447096390757208171902418501330119016865627"",-328,301]","[0,""84963343506617832316190730643515490551895492171513971762211162755371950578166566219277051"",-323,296]",1.8390283803724086e-90,5e-10,4.4721359549995795e-09,False,CERTIFIED_GLOBAL
quadratic,tangent,4,5,0.0001,0.0001,0.0,1.9142135588375608e-08,1.914213558837561e-08,1.9142135588375611384495337087410107499736459260664333878325551782567336116394714301888720038569E-8,1.9142135588375611384495337087410107499736459260664333878325551782567336116394714301888720082461E-8,"[0,""2616790621223077650520838503898075078278077861828575400697023976310692066834972502575660745"",-326,301]","[0,""2616790621223077650520838503898075078278077861828575400697023976310692066834972502575660751"",-326,301]",2.2928850139319225e-90,5e-09,1.414213562373095e-08,False,CERTIFIED_GLOBAL
quadratic,tangent,5,5,0.00031622776601683794,0.0001,0.0,9.472135843196178e-08,9.47213584319618e-08,9.4721358431961791202863416410720685142645229738353356585710646700971757855473603608300518890167E-8,9.4721358431961791202863416410720685142645229738353356585710646700971757855473603608300519124251E-8,"[0,""6474354996335621427930868144162965895057760158446752790988592996635350522577052016420523157"",-325,302]","[0,""6474354996335621427930868144162965895057760158446752790988592996635350522577052016420523173"",-325,302]",2.4712886471402537e-90,5e-08,4.4721359549995796e-08,False,CERTIFIED_GLOBAL
quadratic,tangent,6,5,0.001,0.0001,0.0,6.41421320881966e-07,6.414213208819661e-07,6.4142132088196602613430538176585311298564247353007409095765834486888463074609232419278427091308E-7,6.4142132088196602613430538176585311298564247353007409095765834486888463074609232419278427290280E-7,"[0,""2740135251934291117193364908358933905542333343508100347260736856425893231589982137660872979"",-321,301]","[0,""5480270503868582234386729816717867811084666687016200694521473712851786463179964275321745975"",-322,302]",3.1020366582269098e-90,5e-07,1.4142135623730952e-07,False,CERTIFIED_GLOBAL
quadratic,tangent,7,5,0.0031622776601683794,0.0001,0.0,5.447212477464571e-06,5.447212477464572e-06,0.0000054472124774645716434071820274168581659227288379828895854710327335537983172526779041806775157709,0.0000054472124774645716434071820274168581659227288379828895854710327335537983172526779041806775344977,"[0,""2908793808442736898397868256847133595621124121321677332624926513684745686589423921877249673"",-318,301]","[0,""2908793808442736898397868256847133595621124121321677332624926513684745686589423921877249683"",-318,301]",3.437851102053067e-90,5e-06,4.472135954999579e-07,True,CERTIFIED_GLOBAL
quadratic,tangent,8,5,0.01,0.0001,0.0,5.141417820659208e-05,5.141417820659209e-05,0.000051414178206592082934295141371637166675932161661697340901735549300790171233633951474631049589618,0.000051414178206592082934295141371637166675932161661697340901735549300790171233633951474631049799359,"[0,""3431875565994002367806381977042345364967745195448818633157715833680456090703176174700102609"",-315,301]","[0,""3431875565994002367806381977042345364967745195448818633157715833680456090703176174700102623"",-315,301]",4.079401986110491e-90,5e-05,1.414213562373095e-06,True,CERTIFIED_GLOBAL
quadratic,tangent,9,5,0.03162277660168379,0.0001,0.0,0.0005044710177812215,0.0005044710177812216,0.00050447101778122163141996134230020476842315174941030479157894467222633780055246726276812270226022,0.00050447101778122163141996134230020476842315174941030479157894467222633780055246726276812270441754,"[0,""4209154507728579366114809922510130745311492911317192997682499484691795053496524097337705083"",-312,302]","[0,""4209154507728579366114809922510130745311492911317192997682499484691795053496524097337705101"",-312,302]",4.276393267804628e-90,0.0005,4.472135954999579e-06,True,CERTIFIED_GLOBAL
quadratic,tangent,10,5,0.1,0.0001,0.0,0.005014106735979665,0.005014106735979666,0.0050141067359796658844252321636908773264779387081292038418711872929638147015472420291731928448337,0.0050141067359796658844252321636908773264779387081292038418711872929638147015472420291731928688040,"[0,""2614762447455145459016741158747628513371731838692989992487643128387020475067471310432826575"",-308,301]","[0,""5229524894910290918033482317495257026743463677385979984975286256774040950134942620865653175"",-309,302]",4.7805489986923295e-90,0.005,1.4142135623730951e-05,True,CERTIFIED_GLOBAL
quadratic,tangent,11,5,0.25,0.0001,0.0,0.03128479852726768,0.03128479852726769,0.031284798527267687637013246695618240934502977458609815089399802703660022436495338976830795113455,0.031284798527267687637013246695618240934502977458609815089399802703660022436495338976830795121127,"[0,""4078608647194907297152576966202476954920566492347835347446678203535277644582635590089346091"",-306,302]","[0,""1019652161798726824288144241550619238730141623086958836861669550883819411145658897522336523"",-304,300]",2.4518165053363413e-91,0.03125,3.535533905932738e-05,True,CERTIFIED_GLOBAL
quadratic,tangent,0,6,1e-06,0.001,0.0,1.4147135623727414e-09,1.4147135623727416e-09,1.4147135623727414954110954062533238322183506323484897659161773388647855077564878250387845924463E-9,1.4147135623727414954110954062533238322183506323484897659161773388647855077564878250387845942751E-9,"[0,""3094333264660135582612119381154485816349890068471753418394034466362314313053907169672620541"",-330,301]","[0,""3094333264660135582612119381154485816349890068471753418394034466362314313053907169672620545"",-330,301]",1.2926855829277775e-90,5e-13,1.4142135623730951e-09,False,CERTIFIED_GLOBAL
quadratic,tangent,1,6,3.162277660168379e-06,0.001,0.0,4.477135954988398e-09,4.477135954988399e-09,4.4771359549883990529308344135556471939134156321670217731596877251152694989669412325866826298392E-9,4.4771359549883990529308344135556471939134156321670217731596877251152694989669412325866826371544E-9,"[0,""4896309431250229039958334373715206241269117017092261176496617213246389681993380274451268757"",-329,302]","[0,""4896309431250229039958334373715206241269117017092261176496617213246389681993380274451268765"",-329,302]",1.6338836653052933e-90,5e-12,4.4721359549995795e-09,False,CERTIFIED_GLOBAL
quadratic,tangent,2,6,1e-05,0.001,0.0,1.4192135623377395e-08,1.4192135623377397e-08,1.4192135623377397097419194062514032197182225106143389691212923210875354700029466937395869387105E-8,1.4192135623377397097419194062514032197182225106143389691212923210875354700029466937395869412709E-8,"[0,""3880219866056376818997738493919493601301951351237665906242001140767806387871200513711667247"",-327,301]","[0,""1940109933028188409498869246959746800650975675618832953121000570383903193935600256855833627"",-326,300]",1.8040214837398843e-90,5e-11,1.414213562373095e-08,False,CERTIFIED_GLOBAL
quadratic,tangent,3,6,3.1622776601683795e-05,0.001,0.0,4.522135953881545e-08,4.5221359538815456e-08,4.5221359538815454039286982406292902183306727325254370683336508526061296558471495871765322196865E-8,4.5221359538815454039286982406292902183306727325254370683336508526061296558471495871765322284648E-8,"[0,""1545475803546051120391373050026102058786515117820600435808036259344239191307125204783887747"",-324,300]","[0,""772737901773025560195686525013051029393257558910300217904018129672119595653562602391943875"",-323,299]",1.9411497696156638e-90,5e-10,4.4721359549995796e-08,False,CERTIFIED_GLOBAL
quadratic,tangent,4,6,0.0001,0.001,0.0,1.464213558837561e-07,1.4642135588375612e-07,1.4642135588375611384495337087410107499736459260664333878325551782567336116394714301888720044697E-7,1.4642135588375611384495337087410107499736459260664333878325551782567336116394714301888720082737E-7,"[0,""2502032943597319433488840315651555086590623699237324253690344991572365982262685030211309581"",-323,301]","[0,""5004065887194638866977680631303110173181247398474648507380689983144731964525370060422619175"",-324,302]",2.597887456531475e-90,5e-09,1.4142135623730952e-07,False,CERTIFIED_GLOBAL
quadratic,tangent,5,6,0.00031622776601683794,0.001,0.0,4.972135843196178e-07,4.97213584319618e-07,4.9721358431961791202863416410720685142645229738353356585710646700971757855473603608300518974856E-7,4.9721358431961791202863416410720685142645229738353356585710646700971757855473603608300519091899E-7,"[0,""4248167080761888636602546109098513562537332057816466002831066351714192646816162030484322197"",-322,302]","[0,""4248167080761888636602546109098513562537332057816466002831066351714192646816162030484322207"",-322,302]",2.353956379278413e-90,5e-08,4.472135954999579e-07,False,CERTIFIED_GLOBAL
quadratic,tangent,6,6,0.001,0.001,0.0,1.91421320881966e-06,1.9142132088196605e-06,0.0000019142132088196602613430538176585311298564247353007409095765834486888463074609232419278427190628,0.0000019142132088196602613430538176585311298564247353007409095765834486888463074609232419278427242128,"[0,""4088734598027360215189226864031685011999496366935564271541997046929477391937028213201035525"",-320,302]","[0,""255545912376710013449326679001980313249968522933472766971374815433092336996064263325064721"",-316,298]",2.690318908277155e-90,5e-07,1.414213562373095e-06,False,CERTIFIED_GLOBAL
quadratic,tangent,7,6,0.0031622776601683794,0.001,0.0,9.472124774645716e-06,9.472124774645718e-06,0.0000094721247746457164340718202741685816592272883798288958547103273355379831725267790418067752551564,0.0000094721247746457164340718202741685816592272883798288958547103273355379831725267790418067752832466,"[0,""632260491289641319629336046757984333366351917088053708043130881105935618857754128876771663"",-315,299]","[0,""5058083930317130557034688374063874666930815336704429664345047048847484950862033031014173319"",-318,302]",2.9655498419259196e-90,5e-06,4.472135954999579e-06,False,CERTIFIED_GLOBAL
quadratic,tangent,8,6,0.01,0.001,0.0,6.414178206592082e-05,6.414178206592083e-05,0.000064141782065920829342951413716371666759321616616973409017355493007901712336339514746310497117853,0.000064141782065920829342951413716371666759321616616973409017355493007901712336339514746310497372537,"[0,""133794936478194551386994594606691469939903737776492398568652678962643625413797000384472557"",-310,297]","[0,""4281437967302225644383827027414127038076919608847756754196885726804596013241504012303121841"",-315,302]",3.97062859016777e-90,5e-05,1.4142135623730951e-05,False,CERTIFIED_GLOBAL
quadratic,tangent,9,6,0.03162277660168379,0.001,0.0,0.0005447101778122162,0.0005447101778122163,0.00054471017781221631419961342300204768423151749410304791578944672226337800552467262768122703559789,0.00054471017781221631419961342300204768423151749410304791578944672226337800552467262768122703787506,"[0,""568112245186068264881013537042456148576782960140174125637456760552249302215927350625583813"",-309,299]","[0,""4544897961488546119048108296339649188614263681121393005099654084417994417727418805004670523"",-312,302]",4.180511897296175e-90,0.0005,4.4721359549995795e-05,True,CERTIFIED_GLOBAL
quadratic,tangent,10,6,0.1,0.001,0.0,0.005141067359796659,0.0051410673597966595,0.0051410673597966588442523216369087732647793870812920384187118729296381470154724202917319285912386,0.0051410673597966588442523216369087732647793870812920384187118729296381470154724202917319286152089,"[0,""2680970027178174876354917257000248718404402491898314317548093307307732177401074249095528053"",-308,301]","[0,""5361940054356349752709834514000497436808804983796628635096186614615464354802148498191056131"",-309,302]",4.6624915136245426e-90,0.005,0.0001414213562373095,True,CERTIFIED_GLOBAL
quadratic,tangent,11,6,0.25,0.001,0.0,0.031597985272676876,0.03159798527267688,0.031597985272676876370132466956182409345029774586098150893998027036600224364953389768307951142229,0.031597985272676876370132466956182409345029774586098150893998027036600224364953389768307951149900,"[0,""4119438897928323418693747270655962650279233837491500963016253946973913050086295189592308143"",-306,302]","[0,""257464931120520213668359204415997665642452114843218810188515871685869565630393449349519259"",-302,298]",2.4275150688675163e-91,0.03125,0.00035355339059327376,True,CERTIFIED_GLOBAL
quadratic,tangent,0,7,1e-06,0.01,0.0,1.4142635623727414e-08,1.4142635623727415e-08,1.4142635623727414954110954062533238322183506323484897659161773388647855077564878250387845924141E-8,1.4142635623727414954110954062533238322183506323484897659161773388647855077564878250387845940601E-8,"[0,""1933343126146239517028844846970176804209675713892407170498526793493393646377667156566981225"",-326,300]","[0,""7733372504584958068115379387880707216838702855569628681994107173973574585510668626267924909"",-328,302]",1.1637872085773812e-90,5e-13,1.414213562373095e-08,False,CERTIFIED_GLOBAL
quadratic,tangent,1,7,3.162277660168379e-06,0.01,0.0,4.472635954988399e-08,4.4726359549883994e-08,4.4726359549883990529308344135556471939134156321670217731596877251152694989669412325866826302491E-8,4.4726359549883990529308344135556471939134156321670217731596877251152694989669412325866826361013E-8,"[0,""764279393299916759863827538078779936437042560292617413830415504590932388710184637285002477"",-323,299]","[0,""382139696649958379931913769039389968218521280146308706915207752295466194355092318642501239"",-322,298]",1.3084220361906086e-90,5e-12,4.4721359549995796e-08,False,CERTIFIED_GLOBAL
quadratic,tangent,2,7,1e-05,0.01,0.0,1.4147135623377395e-07,1.4147135623377398e-07,1.4147135623377397097419194062514032197182225106143389691212923210875354700029466937395869384987E-7,1.4147135623377397097419194062514032197182225106143389691212923210875354700029466937395869411322E-7,"[0,""4834895725911840471153928961114946226402299716486114482858882726383438002813380030179418731"",-324,302]","[0,""1208723931477960117788482240278736556600574929121528620714720681595859500703345007544854685"",-322,300]",1.8614672394620545e-90,5e-11,1.4142135623730952e-07,False,CERTIFIED_GLOBAL
quadratic,tangent,3,7,3.1622776601683795e-05,0.01,0.0,4.4771359538815454e-07,4.477135953881546e-07,4.4771359538815454039286982406292902183306727325254370683336508526061296558471495871765322197624E-7,4.4771359538815454039286982406292902183306727325254370683336508526061296558471495871765322279555E-7,"[0,""1912620871109275709747661117177101604451719556574540669830521949709899011601880741029653025"",-321,300]","[0,""3825241742218551419495322234354203208903439113149081339661043899419798023203761482059306057"",-322,301]",1.8299497055943352e-90,5e-10,4.472135954999579e-07,False,CERTIFIED_GLOBAL
quadratic,tangent,4,7,0.0001,0.01,0.0,1.419213558837561e-06,1.4192135588375612e-06,0.0000014192135588375611384495337087410107499736459260664333878325551782567336116394714301888720045456,0.0000014192135588375611384495337087410107499736459260664333878325551782567336116394714301888720075888,"[0,""6062843525760416676306548835573628026162315841081211884930628734226915180336454926026207365"",-321,302]","[0,""3031421762880208338153274417786814013081157920540605942465314367113457590168227463013103689"",-320,301]",2.1442083973904817e-90,5e-09,1.414213562373095e-06,False,CERTIFIED_GLOBAL
quadratic,tangent,5,7,0.00031622776601683794,0.01,0.0,4.522135843196179e-06,4.52213584319618e-06,0.0000045221358431961791202863416410720685142645229738353356585710646700971757855473603608300518987129,0.0000045221358431961791202863416410720685142645229738353356585710646700971757855473603608300519080764,"[0,""2414805883935078013607151376242496363693028277370167815150374288941370685109779207175118139"",-318,301]","[0,""37731341936485593962611740253789005682703566833908872111724598264708916954840300112111221"",-312,295]",2.070559804936447e-90,5e-08,4.472135954999579e-06,False,CERTIFIED_GLOBAL
quadratic,tangent,6,7,0.001,0.01,0.0,1.4642132088196602e-05,1.4642132088196603e-05,0.000014642132088196602613430538176585311298564247353007409095765834486888463074609232419278427198687,0.000014642132088196602613430538176585311298564247353007409095765834486888463074609232419278427234269,"[0,""7818851079657376695278667740638466401070698329687676312664570808523696288339349914226756469"",-318,302]","[0,""977356384957172086909833467579808300133837291210959539083071351065462036042418739278344561"",-315,299]",2.430024540233676e-90,5e-07,1.4142135623730951e-05,False,CERTIFIED_GLOBAL
quadratic,tangent,7,7,0.0031622776601683794,0.01,0.0,4.972124774645716e-05,4.9721247746457166e-05,0.000049721247746457164340718202741685816592272883798288958547103273355379831725267790418067752645266,0.000049721247746457164340718202741685816592272883798288958547103273355379831725267790418067752765118,"[0,""6637746287265266785850722386557821345006931872632988245386563100118719398397031030595852403"",-316,302]","[0,""6637746287265266785850722386557821345006931872632988245386563100118719398397031030595852419"",-316,302]",2.4104566983369826e-90,5e-06,4.4721359549995795e-05,False,CERTIFIED_GLOBAL
quadratic,tangent,8,7,0.01,0.01,0.0,0.00019141782065920827,0.0001914178206592083,0.00019141782065920829342951413716371666759321616616973409017355493007901712336339514746310497243016,0.00019141782065920829342951413716371666759321616616973409017355493007901712336339514746310497302942,"[0,""1597132747548057301269784691391492971146082967854642245573573082255749404828097798541664247"",-312,300]","[0,""399283186887014325317446172847873242786520741963660561393393270563937351207024449635416063"",-310,298]",3.1306101560287186e-90,5e-05,0.0001414213562373095,False,CERTIFIED_GLOBAL
quadratic,tangent,9,7,0.03162277660168379,0.01,0.0,0.0009471017781221631,0.0009471017781221632,0.00094710177812216314199613423002047684231517494103047915789446722263378005524672627681227036957384,0.00094710177812216314199613423002047684231517494103047915789446722263378005524672627681227037280982,"[0,""7902332499088213648381092034634833621641971379163393079271200081679988060036365881674324719"",-312,302]","[0,""3951166249544106824190546017317416810820985689581696539635600040839994030018182940837162373"",-311,301]",3.4167127241375016e-90,0.0005,0.00044721359549995795,False,CERTIFIED_GLOBAL
quadratic,tangent,10,7,0.1,0.01,0.0,0.006410673597966588,0.006410673597966589,0.0064106735979665884425232163690877326477938708129203841871187292963814701547242029173192860466575,0.0064106735979665884425232163690877326477938708129203841871187292963814701547242029173192860744630,"[0,""6686091648816938099473356479052901537462218047903115136305190193029698401474207271445085657"",-309,302]","[0,""3343045824408469049736678239526450768731109023951557568152595096514849200737103635722542843"",-308,301]",4.33736202301854e-90,0.005,0.001414213562373095,False,CERTIFIED_GLOBAL
quadratic,tangent,11,7,0.25,0.01,0.0,0.03472985272676876,0.03472985272676877,0.034729852726768763701324669561824093450297745860981508939980270366002243649533897683079511491324,0.034729852726768763701324669561824093450297745860981508939980270366002243649533897683079511498996,"[0,""4527741405262484634105450315190819603865907288928157118712011381360267105122891184621928671"",-306,302]","[0,""141491918914452644815795322349713112620809602779004909959750355667508347035090349519435271"",-301,297]",2.2086066992203313e-91,0.03125,0.0035355339059327377,True,CERTIFIED_GLOBAL
quadratic,tangent,0,8,1e-06,0.1,0.0,1.4142185623727414e-07,1.4142185623727417e-07,1.4142185623727414954110954062533238322183506323484897659161773388647855077564878250387845923469E-7,1.4142185623727414954110954062533238322183506323484897659161773388647855077564878250387845941026E-7,"[0,""4833204024299012487046179675862597802771937890005408247246880796737720916123911685297851409"",-324,302]","[0,""4833204024299012487046179675862597802771937890005408247246880796737720916123911685297851415"",-324,302]",1.241412522590584e-90,5e-13,1.4142135623730952e-07,False,CERTIFIED_GLOBAL
quadratic,tangent,1,8,3.162277660168379e-06,0.1,0.0,4.472185954988399e-07,4.4721859549883993e-07,4.4721859549883990529308344135556471939134156321670217731596877251152694989669412325866826304547E-7,4.4721859549883990529308344135556471939134156321670217731596877251152694989669412325866826363069E-7,"[0,""955253122208279508876076646621697290701146078662265717913371763866313486000070667781502063"",-320,299]","[0,""3821012488833118035504306586486789162804584314649062871653487055465253944000282671126008257"",-322,301]",1.3085536921463786e-90,5e-12,4.472135954999579e-07,False,CERTIFIED_GLOBAL
quadratic,tangent,2,8,1e-05,0.1,0.0,1.4142635623377397e-06,1.41426356233774e-06,0.0000014142635623377397097419194062514032197182225106143389691212923210875354700029466937395869387628,0.0000014142635623377397097419194062514032197182225106143389691212923210875354700029466937395869413378,"[0,""6041697269057471769868255681858130186099732211537522116080651070532257505763522461229252749"",-321,302]","[0,""755212158632183971233531960232266273262466526442190264510081383816532188220440307653656595"",-318,299]",1.8206804330194523e-90,5e-11,1.414213562373095e-06,False,CERTIFIED_GLOBAL
quadratic,tangent,3,8,3.1622776601683795e-05,0.1,0.0,4.472635953881545e-06,4.472635953881546e-06,0.0000044726359538815454039286982406292902183306727325254370683336508526061296558471495871765322199456,0.0000044726359538815454039286982406292902183306727325254370683336508526061296558471495871765322283727,"[0,""2388373103471183613341881997051936259435721403130524602921962015328573767310847705668290449"",-318,301]","[0,""4776746206942367226683763994103872518871442806261049205843924030657147534621695411336580907"",-319,302]",1.8841277325807458e-90,5e-10,4.472135954999579e-06,False,CERTIFIED_GLOBAL
quadratic,tangent,4,8,0.0001,0.1,0.0,1.414713558837561e-05,1.4147135588375612e-05,0.000014147135588375611384495337087410107499736459260664333878325551782567336116394714301888720047756,0.000014147135588375611384495337087410107499736459260664333878325551782567336116394714301888720077720,"[0,""1888631138261602651739060512568156892853403593868750628125345424923911000876384112836250221"",-316,300]","[0,""1888631138261602651739060512568156892853403593868750628125345424923911000876384112836250225"",-316,300]",2.11793606436131e-90,5e-09,1.4142135623730951e-05,False,CERTIFIED_GLOBAL
quadratic,tangent,5,8,0.00031622776601683794,0.1,0.0,4.4771358431961787e-05,4.477135843196179e-05,0.000044771358431961791202863416410720685142645229738353356585710646700971757855473603608300518988590,0.000044771358431961791202863416410720685142645229738353356585710646700971757855473603608300519078480,"[0,""5976940074452419437950518455120222256009369628734138678721175177133426782986867502468399539"",-316,302]","[0,""5976940074452419437950518455120222256009369628734138678721175177133426782986867502468399551"",-316,302]",2.007716298058984e-90,5e-08,4.4721359549995795e-05,False,CERTIFIED_GLOBAL
quadratic,tangent,6,8,0.001,0.1,0.0,0.000141921320881966,0.00014192132088196603,0.00014192132088196602613430538176585311298564247353007409095765834486888463074609232419278427200523,0.00014192132088196602613430538176585311298564247353007409095765834486888463074609232419278427233483,"[0,""592074417040333930547595921772999358451397974290824443441056924034663794467892800964779159"",-311,299]","[0,""4736595336322671444380767374183994867611183794326595547528455392277310355743142407718233283"",-314,302]",2.322343206236406e-90,5e-07,0.0001414213562373095,False,CERTIFIED_GLOBAL
quadratic,tangent,7,8,0.0031622776601683794,0.1,0.0,0.00045221247746457164,0.0004522124774645717,0.00045221247746457164340718202741685816592272883798288958547103273355379831725267790418067752662876,0.00045221247746457164340718202741685816592272883798288958547103273355379831725267790418067752764750,"[0,""3773124958382819265735701582311021757984325766075112283649348529949200062825766172438683949"",-312,301]","[0,""7546249916765638531471403164622043515968651532150224567298697059898400125651532344877367915"",-313,302]",2.252774581746994e-90,5e-06,0.00044721359549995795,False,CERTIFIED_GLOBAL
quadratic,tangent,8,8,0.01,0.1,0.0,0.0014641782065920829,0.001464178206592083,0.0014641782065920829342951413716371666759321616616973409017355493007901712336339514746310497254334,0.0014641782065920829342951413716371666759321616616973409017355493007901712336339514746310497297481,"[0,""3054165690975212064621961955259690971252690783835342189640799186576874609139298942144851109"",-310,301]","[0,""1527082845487606032310980977629845485626345391917671094820399593288437304569649471072425559"",-309,300]",2.94679493866171e-90,5e-05,0.001414213562373095,False,CERTIFIED_GLOBAL
quadratic,tangent,9,8,0.03162277660168379,0.1,0.0,0.004971017781221631,0.004971017781221632,0.0049710177812216314199613423002047684231517494103047915789446722263378005524672627681227037077752,0.0049710177812216314199613423002047684231517494103047915789446722263378005524672627681227037231163,"[0,""5184584734385611117713866177198334743989881044947924227623332506787490560390729581046358357"",-309,302]","[0,""5184584734385611117713866177198334743989881044947924227623332506787490560390729581046358373"",-309,302]",3.086071656594508e-90,0.0005,0.00447213595499958,False,CERTIFIED_GLOBAL
quadratic,tangent,10,8,0.1,0.1,0.0,0.019106735979665883,0.019106735979665886,0.019106735979665884425232163690877326477938708129203841871187292963814701547242029173192860605640,0.019106735979665884425232163690877326477938708129203841871187292963814701547242029173192860670840,"[0,""4981901898355705391777144032394235635999087172241995037098806494293009717048698750996345293"",-307,302]","[0,""2490950949177852695888572016197117817999543586120997518549403247146504858524349375498172655"",-306,301]",3.4123514165565786e-90,0.005,0.01414213562373095,False,CERTIFIED_GLOBAL
quadratic,tangent,11,8,0.25,0.1,0.0,0.06604852726768763,0.06604852726768765,0.066048527267687637013246695618240934502977458609815089399802703660022436495338976830795114959270,0.066048527267687637013246695618240934502977458609815089399802703660022436495338976830795114989953,"[0,""2152691619651024197055620190134847284933160450823679668917396431305951913872212783729533487"",-304,301]","[0,""134543226228189012315976261883427955308322528176479979307337276956621994617013298983095843"",-300,297]",4.64534720566298e-91,0.03125,0.035355339059327376,False,CERTIFIED_GLOBAL
quadratic,residual,0,0,1e-06,0.0,0.0,5e-13,5.000000000000001e-13,4.9999999999999999999999999999999999999999999999999999999999999999999999999999999999999999971612E-13,5.0000000000000000000000000000000000000000000000000000000000000000000000000000000000000000005099E-13,"[0,""559936185544451052639360570142111069530411374308662383724997275240947967795040236345219373"",-339,299]","[0,""4479489484355608421114884561136888556243290994469299069799978201927583742360321890761754987"",-342,302]",6.69719174579458e-91,5e-13,0.0,True,CERTIFIED_GLOBAL
quadratic,residual,1,0,3.162277660168379e-06,0.0,0.0,5e-12,5.0000000000000005e-12,4.9999999999999999999999999999999999999999999999999999999999999999999999999999999999999999953753E-12,5.0000000000000000000000000000000000000000000000000000000000000000000000000000000000000000016261E-12,"[0,""87490028991320476974900089084704854614126777235728497457030824256398119967975036928940527"",-333,296]","[0,""5599361855444510526393605701421110695304113743086623837249972752409479677950402363452193735"",-339,302]",1.2501424592149883e-90,5e-12,0.0,True,CERTIFIED_GLOBAL
quadratic,residual,2,0,1e-05,0.0,0.0,4.9999999999999995e-11,5e-11,4.9999999999999999999999999999999999999999999999999999999999999999999999999999999999999999932322E-11,5.0000000000000000000000000000000000000000000000000000000000000000000000000000000000000000032334E-11,"[0,""6999202319305638157992007126776388369130142178858279796562465940511849597438002954315242157"",-336,302]","[0,""6999202319305638157992007126776388369130142178858279796562465940511849597438002954315242171"",-336,302]",2.0002279347439812e-90,5e-11,0.0,True,CERTIFIED_GLOBAL
quadratic,residual,3,0,3.1622776601683795e-05,0.0,0.0,4.999999999999999e-10,5e-10,4.9999999999999999999999999999999999999999999999999999999999999999999999999999999999999999930893E-10,5.0000000000000000000000000000000000000000000000000000000000000000000000000000000000000000033763E-10,"[0,""1093625362391505962186251113558810682676584715446606218212885303204976499599687961611756587"",-330,300]","[0,""4374501449566023848745004454235242730706338861786424872851541212819905998398751846447026357"",-332,302]",2.057377304308095e-90,5e-10,0.0,True,CERTIFIED_GLOBAL
quadratic,residual,4,0,0.0001,0.0,0.0,4.999999999999999e-09,5e-09,4.9999999999999999999999999999999999999999999999999999999999999999999999999999999999999999921749E-9,5.0000000000000000000000000000000000000000000000000000000000000000000000000000000000000000040621E-9,"[0,""2734063405978764905465627783897026706691461788616515545532213258012441248999219904029391467"",-328,301]","[0,""5468126811957529810931255567794053413382923577233031091064426516024882497998439808058782947"",-329,302]",2.377413773867132e-90,5e-09,0.0,True,CERTIFIED_GLOBAL
quadratic,residual,5,0,0.00031622776601683794,0.0,0.0,5e-08,5.0000000000000004e-08,4.9999999999999999999999999999999999999999999999999999999999999999999999999999999999999999903462E-8,5.0000000000000000000000000000000000000000000000000000000000000000000000000000000000000000042450E-8,"[0,""6835158514946912263664069459742566766728654471541288863830533145031103122498049760073478665"",-326,302]","[0,""1708789628736728065916017364935641691682163617885322215957633286257775780624512440018369671"",-324,300]",2.7797453355984928e-90,5e-08,0.0,True,CERTIFIED_GLOBAL
quadratic,residual,6,0,0.001,0.0,0.0,5e-07,5.000000000000001e-07,4.9999999999999999999999999999999999999999999999999999999999999999999999999999999999999999896146E-7,5.0000000000000000000000000000000000000000000000000000000000000000000000000000000000000000048302E-7,"[0,""4271974071841820164790043412339104229205409044713305539894083215644439451561281100045924165"",-322,302]","[0,""2135987035920910082395021706169552114602704522356652769947041607822219725780640550022962089"",-321,301]",3.043089630549929e-90,5e-07,0.0,True,CERTIFIED_GLOBAL
quadratic,residual,7,0,0.0031622776601683794,0.0,0.0,4.9999999999999996e-06,5e-06,0.0000049999999999999999999999999999999999999999999999999999999999999999999999999999999999999999893806,0.0000050000000000000000000000000000000000000000000000000000000000000000000000000000000000000000062347,"[0,""2669983794901137602993777132711940143253380652945815962433802009777774657225800687528702603"",-318,301]","[0,""667495948725284400748444283177985035813345163236453990608450502444443664306450171882175653"",-316,299]",3.370806975378383e-90,5e-06,0.0,True,CERTIFIED_GLOBAL
quadratic,residual,8,0,0.01,0.0,0.0,4.9999999999999996e-05,5e-05,0.000049999999999999999999999999999999999999999999999999999999999999999999999999999999999999999867588,0.000050000000000000000000000000000000000000000000000000000000000000000000000000000000000000000069838,"[0,""834369935906605500935555353972481294766681454045567488260563128055554580383062714852719563"",-313,299]","[0,""6674959487252844007484442831779850358133451632364539906084505024444436643064501718821756531"",-316,302]",4.044968370454059e-90,5e-05,0.0,True,CERTIFIED_GLOBAL
quadratic,residual,9,0,0.03162277660168379,0.0,0.0,0.0004999999999999999,0.0005,0.00049999999999999999999999999999999999999999999999999999999999999999999999999999999999999999855603,0.00050000000000000000000000000000000000000000000000000000000000000000000000000000000000000000059351,"[0,""2085924839766513752338888384931203236916703635113918720651407820138886450957656787131798907"",-311,301]","[0,""4171849679533027504677776769862406473833407270227837441302815640277772901915313574263597831"",-312,302]",4.074931099124089e-90,0.0005,0.0,True,CERTIFIED_GLOBAL
quadratic,residual,10,0,0.1,0.0,0.0,0.004999999999999999,0.005,0.0049999999999999999999999999999999999999999999999999999999999999999999999999999999999999999850809,0.0050000000000000000000000000000000000000000000000000000000000000000000000000000000000000000080924,"[0,""5214812099416284380847220962328008092291759087784796801628519550347216127394141967829497267"",-309,302]","[0,""5214812099416284380847220962328008092291759087784796801628519550347216127394141967829497291"",-309,302]",4.602275123716619e-90,0.005,0.0,True,CERTIFIED_GLOBAL
quadratic,residual,11,0,0.25,0.0,0.0,0.03125,0.03125,0.03125,0.03125,"[0,""1"",-5,1]","[0,""1"",-5,1]",0.0,0.03125,0.0,True,CERTIFIED_GLOBAL
quadratic,residual,0,1,1e-06,1e-08,0.007071067811865475,5.00025e-13,5.000250000000001e-13,5.0002499999999999999999999999999999999999999999999999999999999999999999999999999999999999952086E-13,5.0002500000000000000000000000000000000000000000000000000000000000000000000001414213562373122232E-13,"[0,""2239856729414913100767970152682472700335551579509511267376734100418840060773719953428146535"",-341,301]","[0,""559964182353728275191992538170618175083887894877377816844183525104710015193445825743989843"",-339,299]",2.8282857104608173e-77,5e-13,1e-14,True,CERTIFIED_GLOBAL
quadratic,residual,1,1,3.162277660168379e-06,1e-08,0.00223606797749979,5.0000249999999996e-12,5.000025e-12,5.0000249999999999999999999999999999999999999999999999999999999999999999999999999999999999936174E-12,5.0000250000000000000000000000000000000000000000000000000000000000000000000000447213595499982465E-12,"[0,""5599389852253787748946237669449617800857590263655339270369159002273241725348792115464010987"",-339,302]","[0,""2799694926126893874473118834724808900428795131827669635184579501136620862674421098839484285"",-338,301]",8.944227188864982e-78,5e-12,3.1622776601683796e-14,True,CERTIFIED_GLOBAL
quadratic,residual,2,1,1e-05,1e-08,0.0007071067811865475,5.0000025e-11,5.0000025000000003e-11,5.0000024999999999999999999999999999999999999999999999999999999999999999999999999999999999927885E-11,5.0000025000000000000000000000000000000000000000000000000000000000000000000000141421356237348037E-11,"[0,""3499602909453398905405543061389975878662163371964684612851182110872409926681400836658359657"",-335,301]","[0,""874900727363349726351385765347493969665540842991171153212795527718102481670352683756301355"",-333,299]",2.8284257105355476e-78,5e-11,1e-13,True,CERTIFIED_GLOBAL
quadratic,residual,3,1,3.1622776601683795e-05,1e-08,0.00022360679774997898,5.000000249999999e-10,5.00000025e-10,5.0000002499999999999999999999999999999999999999999999999999999999999999999999999999999999915448E-10,5.0000002500000000000000000000000000000000000000000000000000000000000000000000044721359550043842E-10,"[0,""4374501668291096327046196891485465442468475397103367962172784855396966639394051766384618669"",-332,302]","[0,""4374501668291096327046196891485465442468475397103367962172784855396966639394055679057662241"",-332,302]",8.944271462812105e-79,5e-10,3.162277660168379e-13,True,CERTIFIED_GLOBAL
quadratic,residual,4,1,0.0001,1e-08,7.071067811865475e-05,5.000000025e-09,5.0000000250000005e-09,5.0000000249999999999999999999999999999999999999999999999999999999999999999999999999999999909918E-9,5.0000000250000000000000000000000000000000000000000000000000000000000000000000014142135623784806E-9,"[0,""5468126839298163870718904622450331252353190644147648977229581971347015078122852298050981973"",-329,302]","[0,""2734063419649081935359452311225165626176595322073824488614790985673507539061426922335400819"",-328,301]",2.8284271106328417e-79,5e-09,1e-12,True,CERTIFIED_GLOBAL
quadratic,residual,5,1,0.00031622776601683794,1e-08,2.2360679774997898e-05,5.0000000024999997e-08,5.0000000025e-08,5.0000000024999999999999999999999999999999999999999999999999999999999999999999999999999999895878E-8,5.0000000025000000000000000000000000000000000000000000000000000000000000000000004472135955054106E-8,"[0,""854394814795561440142190698946825187074992231863202012450147197118296211876700165165312943"",-323,299]","[0,""3417579259182245760568762795787300748299968927452808049800588788473184847506800966338833311"",-325,301]",8.944271905844318e-80,5e-08,3.1622776601683794e-12,True,CERTIFIED_GLOBAL
quadratic,residual,6,1,0.001,1e-08,7.0710678118654756e-06,5.000000000249999e-07,5.00000000025e-07,5.0000000002499999999999999999999999999999999999999999999999999999999999999999999999999999884415E-7,5.0000000002500000000000000000000000000000000000000000000000000000000000000000001414213562443628E-7,"[0,""4271974072055418868382134420578606399822364256173575992129748492639143612343503072623988219"",-322,302]","[0,""4271974072055418868382134420578606399822364256173575992129748492639143612343503193453661645"",-322,302]",2.828427124977001e-80,5e-07,1e-11,True,CERTIFIED_GLOBAL
quadratic,residual,7,1,0.0031622776601683794,1e-08,2.2360679774997895e-06,5.000000000025e-06,5.000000000025001e-06,0.0000050000000000249999999999999999999999999999999999999999999999999999999999999999999999999999876247,0.0000050000000000250000000000000000000000000000000000000000000000000000000000000000000447213595574948,"[0,""5339967589828975043936565641453818057833880707324165731397062179179887334549379121629663211"",-319,302]","[0,""2669983794914487521968282820726909028916940353662082865698531089589943667274689584695892673"",-318,301]",8.944271913929293e-81,5e-06,3.1622776601683794e-11,True,CERTIFIED_GLOBAL
quadratic,residual,8,1,0.01,1e-08,7.071067811865475e-07,5.000000000002499e-05,5.0000000000025e-05,0.000050000000000024999999999999999999999999999999999999999999999999999999999999999999999999999853660,0.000050000000000025000000000000000000000000000000000000000000000000000000000000000000141421356313235,"[0,""6674959487256181487228069253783592579549341557543606631900687294397478895576723937143288753"",-316,302]","[0,""6674959487256181487228069253783592579549341557543606631900687294397478895576723956022925253"",-316,302]",2.8284271291900664e-81,5e-05,1e-10,True,CERTIFIED_GLOBAL
quadratic,residual,9,1,0.03162277660168379,1e-08,2.2360679774997896e-07,0.000500000000000025,0.0005000000000000251,0.00050000000000002499999999999999999999999999999999999999999999999999999999999999999999999999835484,0.00050000000000002500000000000000000000000000000000000000000000000000000000000000000044721359623521,"[0,""2085924839766618048580876710618820181335950195275764555833163516074919021348663731454346789"",-311,301]","[0,""1042962419883309024290438355309410090667975097637882277916581758037459510674331866660027347"",-310,300]",8.944271957606791e-82,0.0005,3.1622776601683795e-10,True,CERTIFIED_GLOBAL
quadratic,residual,10,1,0.1,1e-08,7.071067811865476e-08,0.005000000000000024,0.005000000000000025,0.0050000000000000249999999999999999999999999999999999999999999999999999999999999999999999999844003,0.0050000000000000250000000000000000000000000000000000000000000000000000000000000000014142135724270,"[0,""5214812099416310454907718043749912328396570727825258260423958474331224269991893703910134237"",-309,302]","[0,""5214812099416310454907718043749912328396570727825258260423958474331224269991893705385105863"",-309,302]",2.8284271760531744e-82,0.005,1e-09,True,CERTIFIED_GLOBAL
quadratic,residual,11,1,0.25,1e-08,2.82842712474619e-08,0.03125000000000002,0.03125000000000003,0.031250000000000024999999999999999999999999999999999999999999999999999999999999999999999999997401,0.031250000000000025000000000000000000000000000000000000000000000000000000000000000003535533912817,"[0,""4074071952668975431794453511996494351616038242336930183621710764206763617351392379376874373"",-306,302]","[0,""4074071952668975431794453511996494351616038242336930183621710764206763617351392379837802999"",-306,302]",1.131370852932629e-82,0.03125,2.5e-09,True,CERTIFIED_GLOBAL
quadratic,residual,0,2,1e-06,1e-07,0.07071067811865475,5.024999999999999e-13,5.025e-13,5.0249999999999999999999999999999999999999999999999999999999999999999999999999999999999999950039E-13,5.0250000000000000000000000000000000000000000000000000000000000000000000000014142135623730970608E-13,"[0,""4501886931777386463220458983942572999024507449441645565148978092937221661072123500215563757"",-342,302]","[0,""1125471732944346615805114745985643249756126862360411391287244523234305415268347622792955109"",-340,300]",2.814355348006173e-76,5e-13,1e-13,True,CERTIFIED_GLOBAL
quadratic,residual,1,2,3.162277660168379e-06,1e-07,0.022360679774997897,5.002499999999999e-12,5.0025e-12,5.0024999999999999999999999999999999999999999999999999999999999999999999999999999999999999937085E-12,5.0025000000000000000000000000000000000000000000000000000000000000000000000004472135954999614186E-12,"[0,""5602161536372232781656802504271821250651765799958167149168597738785684417789377564633919823"",-339,302]","[0,""5602161536372232781656802504271821250651765799958167149168597738785684417789878386783495565"",-339,302]",8.939802008994856e-77,5e-12,3.162277660168379e-13,True,CERTIFIED_GLOBAL
quadratic,residual,2,2,1e-05,1e-07,0.007071067811865475,5.00025e-11,5.0002500000000004e-11,5.0002499999999999999999999999999999999999999999999999999999999999999999999999999999999999924404E-11,5.0002500000000000000000000000000000000000000000000000000000000000000000000001414213562373132948E-11,"[0,""3499776139710801719949953363566363594274299342983611355276147031904437594958937427231478959"",-335,301]","[0,""6999552279421603439899906727132727188548598685967222710552294063808875189918072821799873039"",-336,302]",2.828285710460894e-77,5e-11,1e-12,True,CERTIFIED_GLOBAL
quadratic,residual,3,2,3.1622776601683795e-05,1e-07,0.00223606797749979,5.000024999999999e-10,5.000025e-10,5.0000249999999999999999999999999999999999999999999999999999999999999999999999999999999999917957E-10,5.0000250000000000000000000000000000000000000000000000000000000000000000000000447213595500013183E-10,"[0,""2187261661036635839432124089628756953459996196740366902487952735262985048964371920103129291"",-331,301]","[0,""2187261661036635839432124089628756953459996196740366902487952735262985048964391483468347099"",-331,301]",8.94422718886596e-78,5e-10,3.1622776601683794e-12,True,CERTIFIED_GLOBAL
quadratic,residual,4,2,0.0001,1e-07,0.0007071067811865475,5.000002499999999e-09,5.0000025e-09,5.0000024999999999999999999999999999999999999999999999999999999999999999999999999999999999909026E-9,5.0000025000000000000000000000000000000000000000000000000000000000000000000000141421356237368611E-9,"[0,""2734064773010467894848080516710918655204815134347409853789986024119070255219844403639343481"",-328,301]","[0,""5468129546020935789696161033421837310409630268694819707579972048238140510439704273476883471"",-329,302]",2.8284257105363362e-78,5e-09,1e-11,True,CERTIFIED_GLOBAL
quadratic,residual,5,2,0.00031622776601683794,1e-07,0.00022360679774997898,5.0000002499999994e-08,5.00000025e-08,5.0000002499999999999999999999999999999999999999999999999999999999999999999999999999999999898532E-8,5.0000002500000000000000000000000000000000000000000000000000000000000000000000044721359550047042E-8,"[0,""1708789714176209502752420660736509938464248201993503110223744084139440093513301471243991667"",-324,300]","[0,""1708789714176209502752420660736509938464248201993503110223744084139440093513302999631899313"",-324,300]",8.944271462816129e-79,5e-08,3.1622776601683794e-11,True,CERTIFIED_GLOBAL
quadratic,residual,6,2,0.001,1e-07,7.071067811865475e-05,5.000000024999999e-07,5.000000025e-07,5.0000000249999999999999999999999999999999999999999999999999999999999999999999999999999999881755E-7,5.0000000250000000000000000000000000000000000000000000000000000000000000000000014142135623788464E-7,"[0,""66749595206276414437486628692020645170327034230317980679072045548669617652866849341442651"",-316,296]","[0,""1067993523300422630999786059072330322725232547685087690865152728778713882445869891537265945"",-320,300]",2.8284271106392064e-79,5e-07,1e-10,True,CERTIFIED_GLOBAL
quadratic,residual,7,2,0.0031622776601683794,1e-07,2.2360679774997898e-05,5.0000000024999995e-06,5.0000000025e-06,0.0000050000000024999999999999999999999999999999999999999999999999999999999999999999999999999999888855,0.0000050000000025000000000000000000000000000000000000000000000000000000000000000000004472135955068736,"[0,""5339967592472259000888691868417657419218701449145012577813419981989351324229376032283205893"",-319,302]","[0,""2669983796236129500444345934208828709609350724572506288906709990994675662114688254952213525"",-318,301]",8.944271905887624e-80,5e-06,3.1622776601683795e-10,True,CERTIFIED_GLOBAL
quadratic,residual,8,2,0.01,1e-07,7.0710678118654756e-06,5.0000000002499996e-05,5.00000000025e-05,0.000050000000002499999999999999999999999999999999999999999999999999999999999999999999999999999853048,0.000050000000002500000000000000000000000000000000000000000000000000000000000000000001414213562448777,"[0,""1668739871896647995461771258038518124930611037567803121925683004937165473571680887743745397"",-314,300]","[0,""6674959487586591981847085032154072499722444150271212487702732019748661894286723739771346321"",-316,302]",2.828427125050035e-80,5e-05,1e-09,True,CERTIFIED_GLOBAL
quadratic,residual,9,2,0.03162277660168379,1e-07,2.2360679774997895e-06,0.0005000000000025,0.0005000000000025001,0.00050000000000249999999999999999999999999999999999999999999999999999999999999999999999999999833175,0.00050000000000250000000000000000000000000000000000000000000000000000000000000000000447213595580192,"[0,""1042962419888471688268860476846448839420679825649251119413488706871071745029175609693293595"",-310,300]","[0,""2085924839776943376537720953692897678841359651298502238826977413742143490058351238043666151"",-311,301]",8.944271914895591e-81,0.0005,3.1622776601683795e-09,True,CERTIFIED_GLOBAL
quadratic,residual,10,2,0.1,1e-07,7.071067811865475e-07,0.0050000000000025,0.005000000000002501,0.0050000000000024999999999999999999999999999999999999999999999999999999999999999999999999999831787,0.0050000000000025000000000000000000000000000000000000000000000000000000000000000000141421356333310,"[0,""162962878106840368340529034516200990711653846619716958786637873398375949599041111746662323"",-304,297]","[0,""1303703024854722946724232276129607925693230772957735670293102987187007596792328897660727589"",-307,300]",2.828427130029023e-81,0.005,1e-08,True,CERTIFIED_GLOBAL
quadratic,residual,11,2,0.25,1e-07,2.8284271247461903e-07,0.0312500000000025,0.031250000000002505,0.031250000000002499999999999999999999999999999999999999999999999999999999999999999999999999993303,0.031250000000002500000000000000000000000000000000000000000000000000000000000000000035355339063074,"[0,""4074071952669298098293104894592559273413082287837640736215267448508864381998570113374756885"",-306,302]","[0,""2037035976334649049146552447296279636706541143918820368107633724254432190999285058992021567"",-305,301]",1.131370850232538e-81,0.03125,2.5e-08,True,CERTIFIED_GLOBAL
quadratic,residual,0,3,1e-06,1e-06,0.7071067811865476,7.499999999999999e-13,7.5e-13,7.4999999999999999999999999999999999999999999999999999999999999999999999999999999999999999923933E-13,7.5000000000000000000000000000000000000000000000000000000000000000000000000141421356237309549192E-13,"[0,""6719234226533412631672326841705332834364936491703948604699967302891375613540482836142632473"",-342,302]","[0,""6719234226533412631672326841705332834364936491703948604699967302891375613553152745705199211"",-342,302]",1.8856180831641284e-75,5e-13,1e-12,False,CERTIFIED_GLOBAL
quadratic,residual,1,3,3.162277660168379e-06,1e-06,0.22360679774997896,5.25e-12,5.2500000000000004e-12,5.2499999999999999999999999999999999999999999999999999999999999999999999999999999999999999938939E-12,5.2500000000000000000000000000000000000000000000000000000000000000000000000044721359549995816984E-12,"[0,""5879329948216736052713285986492166230069319430240955029112471390029953661847922481624803413"",-339,302]","[0,""5879329948216736052713285986492166230069319430240955029112471390029953661852930703120560733"",-339,302]",8.518354199999214e-76,5e-12,3.1622776601683794e-12,False,CERTIFIED_GLOBAL
quadratic,residual,2,3,1e-05,1e-06,0.07071067811865475,5.0249999999999994e-11,5.025e-11,5.0249999999999999999999999999999999999999999999999999999999999999999999999999999999999999919232E-11,5.0250000000000000000000000000000000000000000000000000000000000000000000000014142135623730997397E-11,"[0,""3517099165451083174390983581205135155487896444876285597772639135107204422712596484543409183"",-335,301]","[0,""7034198330902166348781967162410270310975792889752571195545278270214408845427172642455969435"",-336,302]",2.814355348006185e-76,5e-11,1e-11,True,CERTIFIED_GLOBAL
quadratic,residual,3,3,3.1622776601683795e-05,1e-06,0.022360679774997897,5.002499999999999e-10,5.0025e-10,5.0024999999999999999999999999999999999999999999999999999999999999999999999999999999999999917440E-10,5.0025000000000000000000000000000000000000000000000000000000000000000000000004472135954999635260E-10,"[0,""1094172175072701715167344239115590088017923007804329521321991745856578987849487805592562465"",-330,300]","[0,""547086087536350857583672119557795044008961503902164760660995872928289493924792811209325739"",-329,299]",8.939802008994938e-77,5e-10,3.1622776601683794e-11,True,CERTIFIED_GLOBAL
quadratic,residual,4,3,0.0001,1e-06,0.007071067811865475,5.0002499999999996e-09,5.00025e-09,5.0002499999999999999999999999999999999999999999999999999999999999999999999999999999999999911260E-9,5.0002500000000000000000000000000000000000000000000000000000000000000000000001414213562373153807E-9,"[0,""341775013643632980463862633160777694753349545213243296413686233584417733882708733128074117"",-325,298]","[0,""2734200109149063843710901065286221558026796361705946371309489868675341871061747196015575407"",-328,301]",2.828285710460962e-77,5e-09,1e-10,True,CERTIFIED_GLOBAL
quadratic,residual,5,3,0.00031622776601683794,1e-06,0.00223606797749979,5.000025e-08,5.0000250000000005e-08,5.0000249999999999999999999999999999999999999999999999999999999999999999999999999999999999893269E-8,5.0000250000000000000000000000000000000000000000000000000000000000000000000000447213595500010440E-8,"[0,""6835192690739486998225387780089865479562488114813646570274852297696828278013662250322279031"",-326,302]","[0,""1708798172684871749556346945022466369890622028703411642568713074424207069503430846459646171"",-324,300]",8.9442271888664e-78,5e-08,3.1622776601683795e-10,True,CERTIFIED_GLOBAL
quadratic,residual,6,3,0.001,1e-06,0.0007071067811865475,5.000002499999999e-07,5.0000025e-07,5.0000024999999999999999999999999999999999999999999999999999999999999999999999999999999999873182E-7,5.0000025000000000000000000000000000000000000000000000000000000000000000000000141421356237371903E-7,"[0,""2135988103914428042850062903680405199378761823708913948273426581343023636890503440343237093"",-321,301]","[0,""1067994051957214021425031451840202599689380911854456974136713290671511818445254740913453803"",-320,300]",2.828425710537119e-78,5e-07,1e-09,True,CERTIFIED_GLOBAL
quadratic,residual,7,3,0.0031622776601683794,1e-06,0.00022360679774997898,5.000000249999999e-06,5.00000025e-06,0.0000050000002499999999999999999999999999999999999999999999999999999999999999999999999999999999876294,0.0000050000002500000000000000000000000000000000000000000000000000000000000000000000044721359550073962,"[0,""5339967856800654696101314564801593557700775631229697219449200262935750292229067097637473957"",-319,302]","[0,""1334991964200163674025328641200398389425193907807424304862300065733937573057267968462421339"",-317,300]",8.94427146282596e-79,5e-06,3.1622776601683795e-09,True,CERTIFIED_GLOBAL
quadratic,residual,8,3,0.01,1e-06,7.071067811865475e-05,5.0000000249999995e-05,5.000000025e-05,0.000050000000249999999999999999999999999999999999999999999999999999999999999999999999999999999859283,0.000050000000250000000000000000000000000000000000000000000000000000000000000000000014142135623809063,"[0,""6674959520627641443748662869202064517032703423031798067907204554866961765286684934144265097"",-316,302]","[0,""6674959520627641443748662869202064517032703423031798067907204554866961765286686822107912159"",-316,302]",2.8284271106478206e-79,5e-05,1e-08,True,CERTIFIED_GLOBAL
quadratic,residual,9,3,0.03162277660168379,1e-06,2.2360679774997898e-05,0.0005000000002499999,0.00050000000025,0.00050000000024999999999999999999999999999999999999999999999999999999999999999999999999999999842038,0.00050000000025000000000000000000000000000000000000000000000000000000000000000000004472135955082969,"[0,""521481210202369043055536315275161857345576313393067634552091795116147590256775003152656825"",-309,299]","[0,""2085924840809476172222145261100647429382305253572270538208367180464590361027100199181416817"",-311,301]",8.944271906009722e-80,0.0005,3.162277660168379e-08,True,CERTIFIED_GLOBAL
quadratic,residual,10,3,0.1,1e-06,7.0710678118654756e-06,0.00500000000025,0.005000000000250001,0.0050000000002499999999999999999999999999999999999999999999999999999999999999999999999999999837468,0.0050000000002500000000000000000000000000000000000000000000000000000000000000000001414213562465257,"[0,""1303703024919256246454508795342592285102039873099846189004439847607160526227875693549801091"",-307,300]","[0,""5214812099677024985818035181370369140408159492399384756017759390428642104911502921696364315"",-309,302]",2.8284271251141553e-80,0.005,1e-07,True,CERTIFIED_GLOBAL
quadratic,residual,11,3,0.25,1e-06,2.82842712474619e-06,0.031250000000249994,0.03125000000025,0.031250000000249999999999999999999999999999999999999999999999999999999999999999999999999999997707,0.031250000000250000000000000000000000000000000000000000000000000000000000000000000353553390595688,"[0,""4074071952701564748158243154199051453117486837908695995570935878718940846716343513163008139"",-306,302]","[0,""509258994087695593519780394274881431639685854738586999446366984839867605839542944906983827"",-303,299]",1.1313708499044864e-80,0.03125,2.5e-07,True,CERTIFIED_GLOBAL
quadratic,residual,0,4,1e-06,1e-05,1.0,7.071067811865475e-12,7.071067811865476e-12,7.0710678118654752440084436210484903928483593768847403658833986899536623923105351942519376684397E-12,7.0710678118654752440084436210484903928483593768847403658833986899536623923105351942519376737975E-12,"[0,""1979673369151051127398245027872835630869798767903408350630350323551987515686987176972045629"",-337,300]","[0,""3959346738302102254796490055745671261739597535806816701260700647103975031373974353944091261"",-338,301]",7.577007517372673e-91,5e-13,1e-11,False,CERTIFIED_GLOBAL
quadratic,residual,1,4,3.162277660168379e-06,1e-05,1.0,2.2360679774997896e-11,2.23606797749979e-11,2.2360679774997896964091736687312762354406183596115257242708972454105209256378048994144144065419E-11,2.2360679774997896964091736687312762354406183596115257242708972454105209256378048994144144097566E-11,"[0,""6260276869696638225162937150156812794233598350521239186885452148013719207109039835181952073"",-337,302]","[0,""3130138434848319112581468575078406397116799175260619593442726074006859603554519917590976041"",-336,301]",1.4376360961869286e-90,5e-12,3.1622776601683794e-11,False,CERTIFIED_GLOBAL
quadratic,residual,2,4,1e-05,1e-05,0.7071067811865476,7.5e-11,7.500000000000001e-11,7.4999999999999999999999999999999999999999999999999999999999999999999999999999999999999999887768E-11,7.5000000000000000000000000000000000000000000000000000000000000000000000000141421356237309569283E-11,"[0,""5249401739479228618494005345082291276847606634143709847421849455383887198078502215736431617"",-335,302]","[0,""5249401739479228618494005345082291276847606634143709847421849455383887198088400582582186885"",-335,302]",1.8856180831641291e-75,5e-11,1e-10,False,CERTIFIED_GLOBAL
quadratic,residual,3,4,3.1622776601683795e-05,1e-05,0.22360679774997896,5.249999999999999e-10,5.25e-10,5.2499999999999999999999999999999999999999999999999999999999999999999999999999999999999999911436E-10,5.2500000000000000000000000000000000000000000000000000000000000000000000000044721359549995843773E-10,"[0,""35884582203471289384236364663648475525325435975591766535110299011413291393114761240385763"",-325,295]","[0,""4593226522044325041182254676947004867241655804875746116494118273460901298322602111812938075"",-332,302]",8.518354199999226e-76,5e-10,3.1622776601683795e-10,False,CERTIFIED_GLOBAL
quadratic,residual,4,4,0.0001,1e-05,0.07071067811865475,5.0249999999999995e-09,5.025e-09,5.0249999999999999999999999999999999999999999999999999999999999999999999999999999999999999915232E-9,5.0250000000000000000000000000000000000000000000000000000000000000000000000014142135623731005684E-9,"[0,""343466715376082341249119490352063980028114887194949765407484290537812931905527000443692303"",-325,298]","[0,""2747733723008658729992955922816511840224919097559598123259874324302503455244989313459363061"",-328,301]",2.8143553480061874e-76,5e-09,1e-09,True,CERTIFIED_GLOBAL
quadratic,residual,5,4,0.00031622776601683794,1e-05,0.022360679774997897,5.0025e-08,5.0025000000000006e-08,5.0024999999999999999999999999999999999999999999999999999999999999999999999999999999999999893666E-8,5.0025000000000000000000000000000000000000000000000000000000000000000000000004472135954999631603E-8,"[0,""6838576094204385719795901494472438050112018798777059508262448411603618674059298784953515403"",-326,302]","[0,""6838576094204385719795901494472438050112018798777059508262448411603618674059910140116571737"",-326,302]",8.939802008994979e-77,5e-08,3.1622776601683795e-09,True,CERTIFIED_GLOBAL
quadratic,residual,6,4,0.001,1e-05,0.007071067811865475,5.000249999999999e-07,5.00025e-07,5.0002499999999999999999999999999999999999999999999999999999999999999999999999999999999999882000E-7,5.0002500000000000000000000000000000000000000000000000000000000000000000000001414213562373160391E-7,"[0,""1068046917636353063949570728627430296104217328791385301292769479951305418383464791025231615"",-320,300]","[0,""2136093835272706127899141457254860592208434657582770602585538959902610836766989996887168287"",-321,301]",2.8282857104610336e-77,5e-07,1e-08,True,CERTIFIED_GLOBAL
quadratic,residual,7,4,0.0031622776601683794,1e-05,0.00223606797749979,5.000025e-06,5.0000250000000005e-06,0.0000050000249999999999999999999999999999999999999999999999999999999999999999999999999999999999884198,0.0000050000250000000000000000000000000000000000000000000000000000000000000000000000447213595500035018,"[0,""1334998572410056054340896050798801851477048459924540345756807089393911773049543408266070123"",-317,300]","[0,""5339994289640224217363584203195207405908193839698161383027228357575647092198221395186394287"",-319,302]",8.944227188867073e-78,5e-06,3.162277660168379e-08,True,CERTIFIED_GLOBAL
quadratic,residual,8,4,0.01,1e-05,0.0007071067811865475,5.0000025e-05,5.0000025000000004e-05,0.000050000024999999999999999999999999999999999999999999999999999999999999999999999999999999999853519,0.000050000025000000000000000000000000000000000000000000000000000000000000000000000141421356237388757,"[0,""6674962824732587633906446574001266248058630699090356088354458066696948865282823251072615913"",-316,302]","[0,""6674962824732587633906446574001266248058630699090356088354458066696948865282842130709086271"",-316,302]",2.8284257105378492e-78,5e-05,1e-07,True,CERTIFIED_GLOBAL
quadratic,residual,9,4,0.03162277660168379,1e-05,0.00022360679774997898,0.0005000000249999999,0.000500000025,0.00050000002499999999999999999999999999999999999999999999999999999999999999999999999999999999841462,0.00050000002500000000000000000000000000000000000000000000000000000000000000000000044721359550069468,"[0,""2085924944062755740664576001875622483476865480949100476347343852709277457901979335014638263"",-311,301]","[0,""1042962472031377870332288000937811241738432740474550238173671926354638728950990600361266671"",-310,300]",8.944271462832028e-79,0.0005,3.162277660168379e-07,True,CERTIFIED_GLOBAL
quadratic,residual,10,4,0.1,1e-05,7.071067811865475e-05,0.005000000025,0.0050000000250000004,0.0050000000249999999999999999999999999999999999999999999999999999999999999999999999999999999839807,0.0050000000250000000000000000000000000000000000000000000000000000000000000000000014142135623826142,"[0,""5214812125490344877928642866564112903931799549243592240552503558489813879130222604800207105"",-309,302]","[0,""651851515686293109741080358320514112991474943655449030069062944811226734891278009971475797"",-306,299]",2.8284271106551316e-79,0.005,1e-06,True,CERTIFIED_GLOBAL
quadratic,residual,11,4,0.25,1e-05,2.8284271247461902e-05,0.031250000024999995,0.031250000025,0.031250000024999999999999999999999999999999999999999999999999999999999999999999999999999999993146,0.031250000025000000000000000000000000000000000000000000000000000000000000000000003535533905942270,"[0,""4074071955928229734672069114848269423557941845014221931137778899726587318493683491988133481"",-306,302]","[0,""4074071955928229734672069114848269423557941845014221931137778899726587318493683952916758247"",-306,302]",1.1313708489986225e-79,0.03125,2.5e-06,True,CERTIFIED_GLOBAL
quadratic,residual,0,5,1e-06,0.0001,1.0,7.071067811865474e-11,7.071067811865475e-11,7.0710678118654752440084436210484903928483593768847403658833986899536623923105351942519376677253E-11,7.0710678118654752440084436210484903928483593768847403658833986899536623923105351942519376734404E-11,"[0,""618647927859703477311951571210261134646812114969815109571984476109996098652183492803764259"",-332,299]","[0,""1237295855719406954623903142420522269293624229939630219143968952219992197304366985607528519"",-333,300]",8.082141351864184e-91,5e-13,1e-10,False,CERTIFIED_GLOBAL
quadratic,residual,1,5,3.162277660168379e-06,0.0001,1.0,2.2360679774997896e-10,2.23606797749979e-10,2.2360679774997896964091736687312762354406183596115257242708972454105209256378048994144144064704E-10,2.2360679774997896964091736687312762354406183596115257242708972454105209256378048994144144093280E-10,"[0,""7825346087120797781453671437696015992791997938151548983606815185017149008886299793977440091"",-334,302]","[0,""7825346087120797781453671437696015992791997938151548983606815185017149008886299793977440101"",-334,302]",1.2778987521661588e-90,5e-12,3.1622776601683795e-10,False,CERTIFIED_GLOBAL
quadratic,residual,2,5,1e-05,0.0001,1.0,7.071067811865474e-10,7.071067811865476e-10,7.0710678118654752440084436210484903928483593768847403658833986899536623923105351942519376642964E-10,7.0710678118654752440084436210484903928483593768847403658833986899536623923105351942519376745833E-10,"[0,""6186479278597034773119515712102611346468121149698151095719844761099960986521834928037642587"",-332,302]","[0,""1546619819649258693279878928025652836617030287424537773929961190274990246630458732009410649"",-330,300]",1.454785443335553e-90,5e-11,1e-09,False,CERTIFIED_GLOBAL
quadratic,residual,3,5,3.1622776601683795e-05,0.0001,1.0,2.2360679774997893e-09,2.2360679774997897e-09,2.2360679774997896964091736687312762354406183596115257242708972454105209256378048994144144060704E-9,2.2360679774997896964091736687312762354406183596115257242708972454105209256378048994144144097281E-9,"[0,""611355163056312326676068081070001249436874838918089764344282436329464766319242171404487507"",-327,299]","[0,""152838790764078081669017020267500312359218709729522441086070609082366191579810542851121877"",-325,297]",1.635710402772683e-90,5e-10,3.1622776601683795e-09,False,CERTIFIED_GLOBAL
quadratic,residual,4,5,0.0001,0.0001,0.7071067811865476,7.5e-09,7.500000000000001e-09,7.4999999999999999999999999999999999999999999999999999999999999999999999999999999999999999873480E-9,7.5000000000000000000000000000000000000000000000000000000000000000000000000141421356237309589286E-9,"[0,""128159222155254604943701302370173126876162271341399166196822496469333183546838433001377725"",-323,297]","[0,""4101095108968147358198441675845540060037192682924773318298319887018661873506562955142333505"",-328,302]",1.8856180831641296e-75,5e-09,1e-08,False,CERTIFIED_GLOBAL
quadratic,residual,5,5,0.00031622776601683794,0.0001,0.22360679774997896,5.2499999999999994e-08,5.25e-08,5.2499999999999999999999999999999999999999999999999999999999999999999999999999999999999999889491E-8,5.2500000000000000000000000000000000000000000000000000000000000000000000000044721359549995842401E-8,"[0,""7176916440694257876847272932729695105065087195118353307022059802282658278622952248077152597"",-326,302]","[0,""3588458220347128938423636466364847552532543597559176653511029901141329139314532899853857871"",-325,301]",8.518354199999229e-76,5e-08,3.162277660168379e-08,False,CERTIFIED_GLOBAL
quadratic,residual,6,5,0.001,0.0001,0.07071067811865475,5.025e-07,5.025000000000001e-07,5.0249999999999999999999999999999999999999999999999999999999999999999999999999999999999999874267E-7,5.0250000000000000000000000000000000000000000000000000000000000000000000000014142135623731019583E-7,"[0,""536666742775128658201749203675099968793929511242109008449194203965332706102385938193269223"",-319,299]","[0,""67083342846891082275218650459387496099241188905263626056149275495666588262817121910628981"",-316,296]",2.814355348006198e-76,5e-07,1e-07,True,CERTIFIED_GLOBAL
quadratic,residual,7,5,0.0031622776601683794,0.0001,0.022360679774997897,5.0025e-06,5.002500000000001e-06,0.0000050024999999999999999999999999999999999999999999999999999999999999999999999999999999999999888106,0.0000050025000000000000000000000000000000000000000000000000000000000000000000000004472135954999654718,"[0,""1335659393399294085897637010639148056662503671636144435207509455391331772277206793936233477"",-317,300]","[0,""667829696699647042948818505319574028331251835818072217603754727695665886138663099620758959"",-316,299]",8.939802008995036e-77,5e-06,3.162277660168379e-07,True,CERTIFIED_GLOBAL
quadratic,residual,8,5,0.01,0.0001,0.007071067811865475,5.0002499999999994e-05,5.00025e-05,0.000050002499999999999999999999999999999999999999999999999999999999999999999999999999999999999853910,0.000050002500000000000000000000000000000000000000000000000000000000000000000000001414213562373168818,"[0,""3337646617613603324842408526960719675325679152473079066539904624847829432448327471953848795"",-315,301]","[0,""3337646617613603324842408526960719675325679152473079066539904624847829432448421870136200449"",-315,301]",2.828285710461107e-77,5e-05,1e-06,True,CERTIFIED_GLOBAL
quadratic,residual,9,5,0.03162277660168379,0.0001,0.00223606797749979,0.0005000025,0.0005000025000000001,0.00050000249999999999999999999999999999999999999999999999999999999999999999999999999999999999831763,0.00050000250000000000000000000000000000000000000000000000000000000000000000000000447213595500038389,"[0,""2085935269390712584907650079373127892932888218632094290245011077177987145389911575415734565"",-311,301]","[0,""4171870538781425169815300158746255785865776437264188580490022154355974290779860464989370537"",-312,302]",8.944227188868189e-78,0.0005,3.162277660168379e-06,True,CERTIFIED_GLOBAL
quadratic,residual,10,5,0.1,0.0001,0.0007071067811865475,0.0050000025,0.0050000025000000005,0.0050000024999999999999999999999999999999999999999999999999999999999999999999999999999999999843631,0.0050000025000000000000000000000000000000000000000000000000000000000000000000000141421356237405836,"[0,""5214814706822334088989411385938489256295805233664340694026920364606991301002205664900481181"",-309,302]","[0,""5214814706822334088989411385938489256295805233664340694026920364606991301002220414616473651"",-309,302]",2.8284257105383886e-78,0.005,1e-05,True,CERTIFIED_GLOBAL
quadratic,residual,11,5,0.25,0.0001,0.000282842712474619,0.0312500025,0.031250002500000006,0.031250002499999999999999999999999999999999999999999999999999999999999999999999999999999999997364,0.031250002500000000000000000000000000000000000000000000000000000000000000000000035355339059335182,"[0,""4074072278594728386054665179770066467603442555566815487822081000491234496227681374500667741"",-306,302]","[0,""4074072278594728386054665179770066467603442555566815487822081000491234496227685983786915381"",-306,302]",1.1313707593891494e-78,0.03125,2.5e-05,True,CERTIFIED_GLOBAL
quadratic,residual,0,6,1e-06,0.001,1.0,7.071067811865474e-10,7.071067811865476e-10,7.0710678118654752440084436210484903928483593768847403658833986899536623923105351942519376688683E-10,7.0710678118654752440084436210484903928483593768847403658833986899536623923105351942519376745833E-10,"[0,""6186479278597034773119515712102611346468121149698151095719844761099960986521834928037642591"",-332,302]","[0,""1546619819649258693279878928025652836617030287424537773929961190274990246630458732009410649"",-330,300]",8.082141351864184e-91,5e-13,1e-09,False,CERTIFIED_GLOBAL
quadratic,residual,1,6,3.162277660168379e-06,0.001,1.0,2.2360679774997893e-09,2.2360679774997897e-09,2.2360679774997896964091736687312762354406183596115257242708972454105209256378048994144144065276E-9,2.2360679774997896964091736687312762354406183596115257242708972454105209256378048994144144097281E-9,"[0,""4890841304450498613408544648560009995494998711344718114754259490635718130553937371235900057"",-330,302]","[0,""152838790764078081669017020267500312359218709729522441086070609082366191579810542851121877"",-325,297]",1.4312466024260978e-90,5e-12,3.1622776601683795e-09,False,CERTIFIED_GLOBAL
quadratic,residual,2,6,1e-05,0.001,1.0,7.071067811865475e-09,7.071067811865476e-09,7.0710678118654752440084436210484903928483593768847403658833986899536623923105351942519376654393E-9,7.0710678118654752440084436210484903928483593768847403658833986899536623923105351942519376764121E-9,"[0,""7733099098246293466399394640128264183085151437122688869649805951374951233152293660047053235"",-329,302]","[0,""7733099098246293466399394640128264183085151437122688869649805951374951233152293660047053247"",-329,302]",1.5517711395579232e-90,5e-11,1e-08,False,CERTIFIED_GLOBAL
quadratic,residual,3,6,3.1622776601683795e-05,0.001,1.0,2.2360679774997895e-08,2.2360679774997898e-08,2.2360679774997896964091736687312762354406183596115257242708972454105209256378048994144144064362E-8,2.2360679774997896964091736687312762354406183596115257242708972454105209256378048994144144100938E-8,"[0,""6113551630563123266760680810700012494368748389180897643442824363294647663192421714044875071"",-327,302]","[0,""6113551630563123266760680810700012494368748389180897643442824363294647663192421714044875081"",-327,302]",1.635710402772683e-90,5e-10,3.162277660168379e-08,False,CERTIFIED_GLOBAL
quadratic,residual,4,6,0.0001,0.001,1.0,7.071067811865474e-08,7.071067811865476e-08,7.0710678118654752440084436210484903928483593768847403658833986899536623923105351942519376641592E-8,7.0710678118654752440084436210484903928483593768847403658833986899536623923105351942519376773265E-8,"[0,""4833186936403933416499621650080165114428219648201680543531128719609344520720183537529408271"",-325,302]","[0,""604148367050491677062452706260020639303527456025210067941391089951168065090022942191176035"",-322,299]",1.862125367469508e-90,5e-09,1e-07,False,CERTIFIED_GLOBAL
quadratic,residual,5,6,0.00031622776601683794,0.001,1.0,2.2360679774997896e-07,2.23606797749979e-07,2.2360679774997896964091736687312762354406183596115257242708972454105209256378048994144144056315E-7,2.2360679774997896964091736687312762354406183596115257242708972454105209256378048994144144100207E-7,"[0,""1910484884550976020862712753343753904490233871619030513575882613529577394747631785639023459"",-322,300]","[0,""7641939538203904083450851013375015617960935486476122054303530454118309578990527142556093851"",-324,302]",1.9628524833272198e-90,5e-08,3.162277660168379e-07,False,CERTIFIED_GLOBAL
quadratic,residual,6,6,0.001,0.001,0.7071067811865476,7.499999999999999e-07,7.5e-07,7.4999999999999999999999999999999999999999999999999999999999999999999999999999999999999999850072E-7,7.5000000000000000000000000000000000000000000000000000000000000000000000000141421356237309594406E-7,"[0,""800995138470341280898133139813582042976014195883744788730140602933332397167740206258610781"",-319,299]","[0,""3203980553881365123592532559254328171904056783534979154920562411733329588677002308704948051"",-321,301]",1.88561808316413e-75,5e-07,1e-06,False,CERTIFIED_GLOBAL
quadratic,residual,7,6,0.0031622776601683794,0.001,0.22360679774997896,5.25e-06,5.2500000000000006e-06,0.0000052499999999999999999999999999999999999999999999999999999999999999999999999999999999999999876324,0.0000052500000000000000000000000000000000000000000000000000000000000000000000000044721359549995866395,"[0,""5606965969292388966286931978695074300832099371186213521110984220533326780174181443810275465"",-319,302]","[0,""2803482984646194483143465989347537150416049685593106760555492110266663390089478828010826463"",-318,301]",8.518354199999237e-76,5e-06,3.162277660168379e-06,False,CERTIFIED_GLOBAL
quadratic,residual,8,6,0.01,0.001,0.07071067811865475,5.0249999999999995e-05,5.025e-05,0.000050249999999999999999999999999999999999999999999999999999999999999999999999999999999999999863031,0.000050250000000000000000000000000000000000000000000000000000000000000000000000014142135623731034564,"[0,""3354167142344554113760932522969374804962059445263181302807463774783329413139912113707932643"",-315,301]","[0,""3354167142344554113760932522969374804962059445263181302807463774783329413140856095531449051"",-315,301]",2.8143553480062033e-76,5e-05,1e-05,True,CERTIFIED_GLOBAL
quadratic,residual,9,6,0.03162277660168379,0.001,0.022360679774997897,0.0005002499999999999,0.00050025,0.00050024999999999999999999999999999999999999999999999999999999999999999999999999999999999999832675,0.00050025000000000000000000000000000000000000000000000000000000000000000000000004472135954999657715,"[0,""4173935604372794018430115658247337677070323973862951360023467048097911788366271231050729611"",-312,302]","[0,""2086967802186397009215057829123668838535161986931475680011733524048955894183322186314871747"",-311,301]",8.939802008995152e-77,0.0005,3.1622776601683795e-05,True,CERTIFIED_GLOBAL
quadratic,residual,10,6,0.1,0.001,0.007071067811865475,0.0050002499999999995,0.00500025,0.0050002499999999999999999999999999999999999999999999999999999999999999999999999999999999999832936,0.0050002500000000000000000000000000000000000000000000000000000000000000000000001414213562373182601,"[0,""1303768210005313798766565830844031123174093418934796510367150244081183372050127918731972185"",-307,300]","[0,""5215072840021255195066263323376124492696373675739186041468600976324733488200659172087813203"",-309,302]",2.8282857104611763e-77,0.005,0.0001,True,CERTIFIED_GLOBAL
quadratic,residual,11,6,0.25,0.001,0.00282842712474619,0.03125024999999999,0.03125025,0.031250249999999999999999999999999999999999999999999999999999999999999999999999999999999999997253,0.031250250000000000000000000000000000000000000000000000000000000000000000000000353553390593275704,"[0,""2037052272622296762157135835974885436076756805413085578126145538477976134813734812877046843"",-305,301]","[0,""4074104545244593524314271671949770872153513610826171156252291076955952269627515718616570073"",-306,302]",1.131361799004099e-77,0.03125,0.00025,True,CERTIFIED_GLOBAL
quadratic,residual,0,7,1e-06,0.01,1.0,7.071067811865475e-09,7.071067811865476e-09,7.0710678118654752440084436210484903928483593768847403658833986899536623923105351942519376681825E-9,7.0710678118654752440084436210484903928483593768847403658833986899536623923105351942519376736690E-9,"[0,""3866549549123146733199697320064132091542575718561344434824902975687475616576146830023526619"",-328,301]","[0,""1933274774561573366599848660032066045771287859280672217412451487843737808288073415011763311"",-327,300]",7.758855697789616e-91,5e-13,1e-08,False,CERTIFIED_GLOBAL
quadratic,residual,1,7,3.162277660168379e-06,0.01,1.0,2.2360679774997895e-08,2.2360679774997898e-08,2.2360679774997896964091736687312762354406183596115257242708972454105209256378048994144144064362E-8,2.2360679774997896964091736687312762354406183596115257242708972454105209256378048994144144093623E-8,"[0,""6113551630563123266760680810700012494368748389180897643442824363294647663192421714044875071"",-327,302]","[0,""6113551630563123266760680810700012494368748389180897643442824363294647663192421714044875079"",-327,302]",1.3085683222181465e-90,5e-12,3.162277660168379e-08,False,CERTIFIED_GLOBAL
quadratic,residual,2,7,1e-05,0.01,1.0,7.071067811865474e-08,7.071067811865476e-08,7.0710678118654752440084436210484903928483593768847403658833986899536623923105351942519376641592E-8,7.0710678118654752440084436210484903928483593768847403658833986899536623923105351942519376758635E-8,"[0,""4833186936403933416499621650080165114428219648201680543531128719609344520720183537529408271"",-325,302]","[0,""4833186936403933416499621650080165114428219648201680543531128719609344520720183537529408279"",-325,302]",1.6552225488617848e-90,5e-11,1e-07,False,CERTIFIED_GLOBAL
quadratic,residual,3,7,3.1622776601683795e-05,0.01,1.0,2.2360679774997896e-07,2.23606797749979e-07,2.2360679774997896964091736687312762354406183596115257242708972454105209256378048994144144062167E-7,2.2360679774997896964091736687312762354406183596115257242708972454105209256378048994144144094355E-7,"[0,""3820969769101952041725425506687507808980467743238061027151765227059154789495263571278046919"",-323,301]","[0,""7641939538203904083450851013375015617960935486476122054303530454118309578990527142556093849"",-324,302]",1.4394251544399612e-90,5e-10,3.162277660168379e-07,False,CERTIFIED_GLOBAL
quadratic,residual,4,7,0.0001,0.01,1.0,7.071067811865475e-07,7.071067811865476e-07,7.0710678118654752440084436210484903928483593768847403658833986899536623923105351942519376632814E-7,7.0710678118654752440084436210484903928483593768847403658833986899536623923105351942519376761561E-7,"[0,""3020741835252458385312263531300103196517637280126050339706955449755840325450114710955880169"",-321,301]","[0,""6041483670504916770624527062600206393035274560252100679413910899511680650900229421911760349"",-322,302]",1.8207448037479634e-90,5e-09,1e-06,False,CERTIFIED_GLOBAL
quadratic,residual,5,7,0.00031622776601683794,0.01,1.0,2.2360679774997895e-06,2.23606797749979e-06,0.0000022360679774997896964091736687312762354406183596115257242708972454105209256378048994144144053974,0.0000022360679774997896964091736687312762354406183596115257242708972454105209256378048994144144096110,"[0,""4776212211377440052156781883359384761225584679047576283939706533823943486869079464097558647"",-320,302]","[0,""37314157901386250407474858463745193447074880305059189718278957295499558491164683313262177"",-313,295]",1.884338383994131e-90,5e-08,3.162277660168379e-06,False,CERTIFIED_GLOBAL
quadratic,residual,6,7,0.001,0.01,1.0,7.071067811865475e-06,7.0710678118654756e-06,0.0000070710678118654752440084436210484903928483593768847403658833986899536623923105351942519376618769,0.0000070710678118654752440084436210484903928483593768847403658833986899536623923105351942519376759220,"[0,""7551854588131145963280658828250257991294093200315125849267388624389600813625286777389700421"",-319,302]","[0,""1887963647032786490820164707062564497823523300078781462316847156097400203406321694347425109"",-317,300]",1.986267058634142e-90,5e-07,1e-05,False,CERTIFIED_GLOBAL
quadratic,residual,7,7,0.0031622776601683794,0.01,1.0,2.2360679774997894e-05,2.2360679774997898e-05,0.000022360679774997896964091736687312762354406183596115257242708972454105209256378048994144144047420,0.000022360679774997896964091736687312762354406183596115257242708972454105209256378048994144144103601,"[0,""5970265264221800065195977354199230951531980848809470354924633167279929358586349330121948307"",-317,302]","[0,""2985132632110900032597988677099615475765990424404735177462316583639964679293174665060974161"",-316,301]",2.512451178658841e-90,5e-06,3.1622776601683795e-05,False,CERTIFIED_GLOBAL
quadratic,residual,8,7,0.01,0.01,0.7071067811865476,7.5e-05,7.500000000000001e-05,0.000074999999999999999999999999999999999999999999999999999999999999999999999999999999999999999831345,0.000075000000000000000000000000000000000000000000000000000000000000000000000000141421356237309614069,"[0,""1251554903859908251403333030958721942150022181068351232390844692083331870574594072279079345"",-313,300]","[0,""5006219615439633005613332123834887768600088724273404929563378768333327482307816107351481331"",-315,302]",1.8856180831641304e-75,5e-05,0.0001,False,CERTIFIED_GLOBAL
quadratic,residual,9,7,0.03162277660168379,0.01,0.22360679774997896,0.000525,0.0005250000000000001,0.00052499999999999999999999999999999999999999999999999999999999999999999999999999999999999999839994,0.00052500000000000000000000000000000000000000000000000000000000000000000000000044721359549995861151,"[0,""547555270438709859988958201044440849690634704217403664170994552786457693376384906622097213"",-309,299]","[0,""1095110540877419719977916402088881699381269408434807328341989105572915386753702667191729087"",-310,300]",8.518354199999243e-76,0.0005,0.00031622776601683794,False,CERTIFIED_GLOBAL
quadratic,residual,10,7,0.1,0.01,0.07071067811865475,0.005025,0.005025000000000001,0.0050249999999999999999999999999999999999999999999999999999999999999999999999999999999999999837263,0.0050250000000000000000000000000000000000000000000000000000000000000000000000014142135623731051942,"[0,""327555384994585362671966066696228008297076117701482549102291384256184513001944542354290297"",-305,298]","[0,""655110769989170725343932133392456016594152235402965098204582768512369026004073456158486143"",-306,299]",2.814355348006212e-76,0.005,0.001,True,CERTIFIED_GLOBAL
quadratic,residual,11,7,0.25,0.01,0.0282842712474619,0.031275,0.031275000000000004,0.031274999999999999999999999999999999999999999999999999999999999999999999999999999999999999993851,0.031275000000000000000000000000000000000000000000000000000000000000000000000003535533905932747663,"[0,""4077331210231107350274920889920211327160619136761737999273298723427729609606294751096688187"",-306,302]","[0,""4077331210231107350274920889920211327160619136761737999273298723427729609606755679721452053"",-306,302]",1.1304664767171075e-76,0.03125,0.0025,True,CERTIFIED_GLOBAL
quadratic,residual,0,8,1e-06,0.1,1.0,7.071067811865474e-08,7.071067811865476e-08,7.0710678118654752440084436210484903928483593768847403658833986899536623923105351942519376685483E-8,7.0710678118654752440084436210484903928483593768847403658833986899536623923105351942519376744005E-8,"[0,""2416593468201966708249810825040082557214109824100840271765564359804672260360091768764704137"",-324,301]","[0,""2416593468201966708249810825040082557214109824100840271765564359804672260360091768764704139"",-324,301]",8.276112744308924e-91,5e-13,1e-07,False,CERTIFIED_GLOBAL
quadratic,residual,1,8,3.162277660168379e-06,0.1,1.0,2.2360679774997896e-07,2.23606797749979e-07,2.2360679774997896964091736687312762354406183596115257242708972454105209256378048994144144065093E-7,2.2360679774997896964091736687312762354406183596115257242708972454105209256378048994144144094355E-7,"[0,""7641939538203904083450851013375015617960935486476122054303530454118309578990527142556093839"",-324,302]","[0,""7641939538203904083450851013375015617960935486476122054303530454118309578990527142556093849"",-324,302]",1.3085683222181465e-90,5e-12,3.162277660168379e-07,False,CERTIFIED_GLOBAL
quadratic,residual,2,8,1e-05,0.1,1.0,7.071067811865475e-07,7.071067811865476e-07,7.0710678118654752440084436210484903928483593768847403658833986899536623923105351942519376644518E-7,7.0710678118654752440084436210484903928483593768847403658833986899536623923105351942519376749857E-7,"[0,""6041483670504916770624527062600206393035274560252100679413910899511680650900229421911760339"",-322,302]","[0,""1510370917626229192656131765650051598258818640063025169853477724877920162725057355477940087"",-320,300]",1.4897002939756064e-90,5e-11,1e-06,False,CERTIFIED_GLOBAL
quadratic,residual,3,8,3.1622776601683795e-05,0.1,1.0,2.2360679774997895e-06,2.23606797749979e-06,0.0000022360679774997896964091736687312762354406183596115257242708972454105209256378048994144144063337,0.0000022360679774997896964091736687312762354406183596115257242708972454105209256378048994144144096110,"[0,""4776212211377440052156781883359384761225584679047576283939706533823943486869079464097558649"",-320,302]","[0,""37314157901386250407474858463745193447074880305059189718278957295499558491164683313262177"",-313,295]",1.465596520884324e-90,5e-10,3.162277660168379e-06,False,CERTIFIED_GLOBAL
quadratic,residual,4,8,0.0001,0.1,1.0,7.071067811865475e-06,7.0710678118654756e-06,0.0000070710678118654752440084436210484903928483593768847403658833986899536623923105351942519376637496,0.0000070710678118654752440084436210484903928483593768847403658833986899536623923105351942519376768583,"[0,""7551854588131145963280658828250257991294093200315125849267388624389600813625286777389700423"",-319,302]","[0,""7551854588131145963280658828250257991294093200315125849267388624389600813625286777389700437"",-319,302]",1.853849254725199e-90,5e-09,1e-05,False,CERTIFIED_GLOBAL
quadratic,residual,5,8,0.00031622776601683794,0.1,1.0,2.2360679774997894e-05,2.2360679774997898e-05,0.000022360679774997896964091736687312762354406183596115257242708972454105209256378048994144144054910,0.000022360679774997896964091736687312762354406183596115257242708972454105209256378048994144144096110,"[0,""5970265264221800065195977354199230951531980848809470354924633167279929358586349330121948309"",-317,302]","[0,""186570789506931252037374292318725967235374401525295948591394786477497792455823416566310885"",-312,297]",1.8424641976831502e-90,5e-08,3.1622776601683795e-05,False,CERTIFIED_GLOBAL
quadratic,residual,6,8,0.001,0.1,1.0,7.071067811865474e-05,7.071067811865475e-05,0.000070710678118654752440084436210484903928483593768847403658833986899536623923105351942519376616896,0.000070710678118654752440084436210484903928483593768847403658833986899536623923105351942519376766711,"[0,""4719909117581966227050411767656411244558808250196953655792117890243500508515804235868562763"",-315,302]","[0,""4719909117581966227050411767656411244558808250196953655792117890243500508515804235868562773"",-315,302]",2.118684862543085e-90,5e-07,0.0001,False,CERTIFIED_GLOBAL
quadratic,residual,7,8,0.0031622776601683794,0.1,1.0,0.00022360679774997895,0.00022360679774997898,0.00022360679774997896964091736687312762354406183596115257242708972454105209256378048994144144051165,0.00022360679774997896964091736687312762354406183596115257242708972454105209256378048994144144105099,"[0,""7462831580277250081494971692749038689414976061011837943655791459099911698232936662652435385"",-314,302]","[0,""7462831580277250081494971692749038689414976061011837943655791459099911698232936662652435403"",-314,302]",2.4119531315124875e-90,5e-06,0.00031622776601683794,False,CERTIFIED_GLOBAL
quadratic,residual,8,8,0.01,0.1,1.0,0.0007071067811865475,0.0007071067811865476,0.00070710678118654752440084436210484903928483593768847403658833986899536623923105351942519376607907,0.00070710678118654752440084436210484903928483593768847403658833986899536623923105351942519376787685,"[0,""5899886396977457783813014709570514055698510312746192069740147362804375635644755294835703453"",-312,302]","[0,""1474971599244364445953253677392628513924627578186548017435036840701093908911188823708925867"",-310,300]",2.5424218350517014e-90,5e-05,0.001,False,CERTIFIED_GLOBAL
quadratic,residual,9,8,0.03162277660168379,0.1,1.0,0.0022360679774997894,0.00223606797749979,0.0022360679774997896964091736687312762354406183596115257242708972454105209256378048994144144043375,0.0022360679774997896964091736687312762354406183596115257242708972454105209256378048994144144105698,"[0,""2332134868836640650467178653984074590442180019066199357392434830968722405697792707078886057"",-309,301]","[0,""4664269737673281300934357307968149180884360038132398714784869661937444811395585414157772127"",-310,302]",2.7871458408588746e-90,0.0005,0.0031622776601683794,False,CERTIFIED_GLOBAL
quadratic,residual,10,8,0.1,0.1,0.7071067811865476,0.0075,0.007500000000000001,0.0074999999999999999999999999999999999999999999999999999999999999999999999999999999999999999819360,0.0075000000000000000000000000000000000000000000000000000000000000000000000000141421356237309626654,"[0,""7822218149124426571270831443492012138437638631677195202442779325520824191091212951744245905"",-309,302]","[0,""7822218149124426571270831443492012138437638631677195202442779325520824191105962667736689581"",-309,302]",1.8856180831641309e-75,0.005,0.01,False,CERTIFIED_GLOBAL
quadratic,residual,11,8,0.25,0.1,0.282842712474619,0.033749999999999995,0.03375,0.033749999999999999999999999999999999999999999999999999999999999999999999999999999999999999991102,0.033750000000000000000000000000000000000000000000000000000000000000000000000035355339059327383480,"[0,""4399997708882489946339842686964256827871171730318422301374063370605463607488807285356138331"",-306,302]","[0,""1099999427220622486584960671741064206967792932579605575343515842651365901873354142900944243"",-304,300]",1.0475656017578487e-75,0.03125,0.025,False,CERTIFIED_GLOBAL
quadratic,mixed,0,0,1e-06,0.0,0.0,5e-13,5.000000000000001e-13,4.9999999999999999999999999999999999999999999999999999999999999999999999999999999999999999971612E-13,5.0000000000000000000000000000000000000000000000000000000000000000000000000000000000000000005099E-13,"[0,""559936185544451052639360570142111069530411374308662383724997275240947967795040236345219373"",-339,299]","[0,""4479489484355608421114884561136888556243290994469299069799978201927583742360321890761754987"",-342,302]",6.69719174579458e-91,5e-13,0.0,True,CERTIFIED_GLOBAL
quadratic,mixed,1,0,3.162277660168379e-06,0.0,0.0,5e-12,5.0000000000000005e-12,4.9999999999999999999999999999999999999999999999999999999999999999999999999999999999999999953753E-12,5.0000000000000000000000000000000000000000000000000000000000000000000000000000000000000000016261E-12,"[0,""87490028991320476974900089084704854614126777235728497457030824256398119967975036928940527"",-333,296]","[0,""5599361855444510526393605701421110695304113743086623837249972752409479677950402363452193735"",-339,302]",1.2501424592149883e-90,5e-12,0.0,True,CERTIFIED_GLOBAL
quadratic,mixed,2,0,1e-05,0.0,0.0,4.9999999999999995e-11,5e-11,4.9999999999999999999999999999999999999999999999999999999999999999999999999999999999999999932322E-11,5.0000000000000000000000000000000000000000000000000000000000000000000000000000000000000000032334E-11,"[0,""6999202319305638157992007126776388369130142178858279796562465940511849597438002954315242157"",-336,302]","[0,""6999202319305638157992007126776388369130142178858279796562465940511849597438002954315242171"",-336,302]",2.0002279347439812e-90,5e-11,0.0,True,CERTIFIED_GLOBAL
quadratic,mixed,3,0,3.1622776601683795e-05,0.0,0.0,4.999999999999999e-10,5e-10,4.9999999999999999999999999999999999999999999999999999999999999999999999999999999999999999930893E-10,5.0000000000000000000000000000000000000000000000000000000000000000000000000000000000000000033763E-10,"[0,""1093625362391505962186251113558810682676584715446606218212885303204976499599687961611756587"",-330,300]","[0,""4374501449566023848745004454235242730706338861786424872851541212819905998398751846447026357"",-332,302]",2.057377304308095e-90,5e-10,0.0,True,CERTIFIED_GLOBAL
quadratic,mixed,4,0,0.0001,0.0,0.0,4.999999999999999e-09,5e-09,4.9999999999999999999999999999999999999999999999999999999999999999999999999999999999999999921749E-9,5.0000000000000000000000000000000000000000000000000000000000000000000000000000000000000000040621E-9,"[0,""2734063405978764905465627783897026706691461788616515545532213258012441248999219904029391467"",-328,301]","[0,""5468126811957529810931255567794053413382923577233031091064426516024882497998439808058782947"",-329,302]",2.377413773867132e-90,5e-09,0.0,True,CERTIFIED_GLOBAL
quadratic,mixed,5,0,0.00031622776601683794,0.0,0.0,5e-08,5.0000000000000004e-08,4.9999999999999999999999999999999999999999999999999999999999999999999999999999999999999999903462E-8,5.0000000000000000000000000000000000000000000000000000000000000000000000000000000000000000042450E-8,"[0,""6835158514946912263664069459742566766728654471541288863830533145031103122498049760073478665"",-326,302]","[0,""1708789628736728065916017364935641691682163617885322215957633286257775780624512440018369671"",-324,300]",2.7797453355984928e-90,5e-08,0.0,True,CERTIFIED_GLOBAL
quadratic,mixed,6,0,0.001,0.0,0.0,5e-07,5.000000000000001e-07,4.9999999999999999999999999999999999999999999999999999999999999999999999999999999999999999896146E-7,5.0000000000000000000000000000000000000000000000000000000000000000000000000000000000000000048302E-7,"[0,""4271974071841820164790043412339104229205409044713305539894083215644439451561281100045924165"",-322,302]","[0,""2135987035920910082395021706169552114602704522356652769947041607822219725780640550022962089"",-321,301]",3.043089630549929e-90,5e-07,0.0,True,CERTIFIED_GLOBAL
quadratic,mixed,7,0,0.0031622776601683794,0.0,0.0,4.9999999999999996e-06,5e-06,0.0000049999999999999999999999999999999999999999999999999999999999999999999999999999999999999999893806,0.0000050000000000000000000000000000000000000000000000000000000000000000000000000000000000000000062347,"[0,""2669983794901137602993777132711940143253380652945815962433802009777774657225800687528702603"",-318,301]","[0,""667495948725284400748444283177985035813345163236453990608450502444443664306450171882175653"",-316,299]",3.370806975378383e-90,5e-06,0.0,True,CERTIFIED_GLOBAL
quadratic,mixed,8,0,0.01,0.0,0.0,4.9999999999999996e-05,5e-05,0.000049999999999999999999999999999999999999999999999999999999999999999999999999999999999999999867588,0.000050000000000000000000000000000000000000000000000000000000000000000000000000000000000000000069838,"[0,""834369935906605500935555353972481294766681454045567488260563128055554580383062714852719563"",-313,299]","[0,""6674959487252844007484442831779850358133451632364539906084505024444436643064501718821756531"",-316,302]",4.044968370454059e-90,5e-05,0.0,True,CERTIFIED_GLOBAL
quadratic,mixed,9,0,0.03162277660168379,0.0,0.0,0.0004999999999999999,0.0005,0.00049999999999999999999999999999999999999999999999999999999999999999999999999999999999999999855603,0.00050000000000000000000000000000000000000000000000000000000000000000000000000000000000000000059351,"[0,""2085924839766513752338888384931203236916703635113918720651407820138886450957656787131798907"",-311,301]","[0,""4171849679533027504677776769862406473833407270227837441302815640277772901915313574263597831"",-312,302]",4.074931099124089e-90,0.0005,0.0,True,CERTIFIED_GLOBAL
quadratic,mixed,10,0,0.1,0.0,0.0,0.004999999999999999,0.005,0.0049999999999999999999999999999999999999999999999999999999999999999999999999999999999999999850809,0.0050000000000000000000000000000000000000000000000000000000000000000000000000000000000000000080924,"[0,""5214812099416284380847220962328008092291759087784796801628519550347216127394141967829497267"",-309,302]","[0,""5214812099416284380847220962328008092291759087784796801628519550347216127394141967829497291"",-309,302]",4.602275123716619e-90,0.005,0.0,True,CERTIFIED_GLOBAL
quadratic,mixed,11,0,0.25,0.0,0.0,0.03125,0.03125,0.03125,0.03125,"[0,""1"",-5,1]","[0,""1"",-5,1]",0.0,0.03125,0.0,True,CERTIFIED_GLOBAL
quadratic,mixed,0,1,1e-06,1e-08,0.0003282098350471859,5.000001615825901e-13,5.000001615825902e-13,5.0000016158259014842148676612285747587117297293127013817467998673027107143218770063165673588350E-13,5.0000016158259014842148676612285747587117297293127013817489415368671937797698617874135110404070E-13,"[0,""2239745465985317635353621211394617301253829036790050396041985548777335025777141410771716911"",-341,301]","[0,""2239745465985317635353621211394617301253829036790050396042944907406641660507412130898618371"",-341,301]",4.2833377447405166e-58,5e-13,1.4142135623730952e-17,True,CERTIFIED_GLOBAL
quadratic,mixed,1,1,3.162277660168379e-06,1e-08,0.00022360677911608147,5.000000749999974e-12,5.000000749999975e-12,5.0000007499999750000022916664143518809992250617287557905746306918956713746260435140434340259460E-12,5.0000007499999750000022916664143518809992250617287557905760897943564225291635422819214627114392E-12,"[0,""5599362695348760846263473811810518983813955372498711708065614646669923384150191144674209105"",-339,302]","[0,""2799681347674380423131736905905259491906977686249355854033624327601153215651832719244285873"",-338,301]",2.918204483771651e-58,5e-12,7.952707287670506e-17,True,CERTIFIED_GLOBAL
quadratic,mixed,2,1,1e-05,1e-08,0.00015234153200195208,5.000000348119157e-11,5.0000003481191574e-11,5.0000003481191571348719210177013771717492095617877280918260086658394727537844068662793671312741E-11,5.0000003481191571348719210177013771717492095617877280918270027407650477001573566336647317368181E-11,"[0,""6999202806616920560615895787478920042346721291696037558918599675862278967931116679456229079"",-336,302]","[0,""6999202806616920560615895787478920042346721291696037558919991222167208516789318563244164433"",-336,302]",1.9881497127272923e-58,5e-11,4.472135954999579e-16,True,CERTIFIED_GLOBAL
quadratic,mixed,3,1,3.1622776601683795e-05,1e-08,0.00010378907969223142,5.0000001615826e-10,5.000000161582601e-10,5.0000001615826005919940936454184174573225490869734526016803600770945686785506786851451767585061E-10,5.0000001615826005919940936454184174573225490869734526016810373324546048751602253585545063833289E-10,"[0,""2187250795467343975805104819980810507827792987495739942521900582082177742277779058190741555"",-331,301]","[0,""4374501590934687951610209639961621015655585974991479885044393695075196424844834452730751917"",-332,302]",1.3545106762993218e-58,5e-10,2.514866859365871e-15,True,CERTIFIED_GLOBAL
quadratic,mixed,4,1,0.0001,1e-08,7.071067752939911e-05,5.000000075e-09,5.0000000750000005e-09,5.0000000749999997500000022916666414351854766589472839506533568383594756207365493048151457810035E-9,5.0000000749999997500000022916666414351854766589472839506538182470641074986027989569893102696763E-9,"[0,""2734063446989715858443932320055578801905508150887401295268248298155008120431053344940436641"",-328,301]","[0,""5468126893979431716887864640111157603811016301774802590537001204571829873629191768407154001"",-329,302]",9.228173954214949e-59,5e-09,1.414213562373095e-14,True,CERTIFIED_GLOBAL
quadratic,mixed,5,1,0.00031622776601683794,1e-08,4.8174624013610807e-05,5.000000034811916e-08,5.0000000348119164e-08,5.0000000348119161982349746714451450834385561079093040324479330420051860385432885774755587926478E-8,5.0000000348119161982349746714451450834385561079093040324482473960959653045942951136901797984907E-8,"[0,""6835158562535905348460895313314007357784954357153810439262716742799265901767146054596571869"",-326,302]","[0,""3417579281267952674230447656657003678892477178576905219631573237403662780382263061246094477"",-325,301]",6.287081771812248e-59,5e-08,7.952707287670506e-14,True,CERTIFIED_GLOBAL
quadratic,mixed,6,1,0.001,1e-08,3.282098933834797e-05,5.00000001615826e-07,5.000000016158261e-07,5.0000000161582601636351558520794211301770256545025046190391576385609586703900453113480478397991E-7,5.0000000161582601636351558520794211301770256545025046190393718055097937330450025859338155057219E-7,"[0,""4271974085647353857814833839898892075907440741390456046738895459998731208669449329665172711"",-322,302]","[0,""4271974085647353857814833839898892075907440741390456046739078443129224980944209091641860921"",-322,302]",4.283338962858992e-59,5e-07,4.4721359549995796e-13,True,CERTIFIED_GLOBAL
quadratic,mixed,7,1,0.0031622776601683794,1e-08,2.2360679756363996e-05,5.0000000074999994e-06,5.0000000075e-06,0.0000050000000074999999975000000022916666641435185214332561695061728431134616449116286128490321473442,0.0000050000000074999999975000000022916666641435185214332561695063187533571292413047378560167028938219,"[0,""1334991899453056647005245820487889806070035385430225556723220924227234905849356226411947377"",-317,300]","[0,""2669983798906113294010491640975779612140070770860451113446519764051690323438665530482227097"",-318,301]",2.9182048689746204e-59,5e-06,2.5148668593658708e-12,True,CERTIFIED_GLOBAL
quadratic,mixed,8,1,0.01,1e-08,1.5234153783558269e-05,5.000000003481191e-05,5.000000003481192e-05,0.000050000000034811916246709754970287529992993140448131849457082144795233960895161787123470679574730,0.000050000000034811916246709754970287529992993140448131849457083138870151922597861514791683806753352,"[0,""3337479745950103309946488374753895476501139064893999205173860263030731068217794300248044093"",-315,301]","[0,""6674959491900206619892976749507790953002278129787998410347853234257555907636072958834228229"",-316,302]",1.9881498345391792e-59,5e-05,1.414213562373095e-11,True,CERTIFIED_GLOBAL
quadratic,mixed,9,1,0.03162277660168379,1e-08,1.0378908153698745e-05,0.0005000000001615826,0.0005000000001615827,0.00050000000016158260174078730705020673692404916714410820332884090800874714269676331200844403434982,0.00050000000016158260174078730705020673692404916714410820332884768056232342947257032603180731802232,"[0,""2085924840440612077629304724061117496382623378399694640270055530158163448295232043690308231"",-311,301]","[0,""4171849680881224155258609448122234992765246756799389280540167568467260601080455089605616241"",-312,302]",1.3545107148196244e-59,0.0005,7.952707287670506e-11,True,CERTIFIED_GLOBAL
quadratic,mixed,10,1,0.1,1e-08,7.071067811276219e-06,0.00500000000075,0.005000000000750001,0.0050000000007499999999750000000022916666664143518518809992283917283950620891239425808035288880897,0.0050000000007499999999750000000022916666664143518518809992284378692654491444743020173068377518504,"[0,""2607406050099253097866794779480199968474346752810837172568054494438448983124647917226427295"",-308,301]","[0,""1303703025049626548933397389740099984237173376405418586284039278017683092301208853647485615"",-307,300]",9.228174076026844e-60,0.005,4.4721359549995793e-10,True,CERTIFIED_GLOBAL
quadratic,mixed,11,1,0.25,1e-08,5.210007309351211e-06,0.03125000000254476,0.03125000000254477,0.031250000002544766515511674517067495711918803033196063957706484674841829569755218921251485322076,0.031250000002544766515511674517067495711918803033196063957706697155366678695146364791693801227960,"[0,""2037035976500367076459441913417679110844167484295426890037187692713889955272177540792489917"",-305,301]","[0,""254629497062545884557430239177209888855520935536928361254650192911129796817714449635574067"",-302,298]",6.799376794618323e-60,0.03125,1.7677669529663688e-09,True,CERTIFIED_GLOBAL
quadratic,mixed,0,2,1e-06,1e-07,0.001523409486422305,5.000034811862391e-13,5.000034811862392e-13,5.0000348118623914577563915138478952843982370728282254035458221433868506099248580998591301789146E-13,5.0000348118623914577563915138478952843982370728282254035557629002558496357159936274928704450583E-13,"[0,""2239760336114955547507702992067510187248887287526184505398981867469388172578496194604312291"",-341,301]","[0,""69992510503592360859615718502109693351527727735193265793857338095484683263367093779373879"",-336,296]",1.9881375316457717e-57,5e-13,1.414213562373095e-16,True,CERTIFIED_GLOBAL
quadratic,mixed,1,2,3.162277660168379e-06,1e-07,0.0010378889521711835,5.000016158248571e-12,5.000016158248572e-12,5.0000161582485712899604935546936955743077649026183243868436866886759158172889281494467243828036E-12,5.0000161582485712899604935546936955743077649026183243868504592446837976766058901635783500692535E-12,"[0,""2799689975310325350373253859705838883274295501060032963395368355535010784342117162174628383"",-338,301]","[0,""2799689975310325350373253859705838883274295501060032963399160554712450307826313882024761653"",-338,301]",1.35450682428478e-57,5e-12,7.952707287670507e-16,True,CERTIFIED_GLOBAL
quadratic,mixed,2,2,1e-05,1e-07,0.0007071061919316233,5.0000074999975e-11,5.0000074999975004e-11,5.0000074999975000022916641435214332528395097801248499027152871344597371424715102761299134011604E-11,5.0000074999975000022916641435214332528395097801248499027199012222673804106632440661518583930842E-11,"[0,""437450801131601094906097218336814963847334626240693716332362972059820389683146421093120841"",-332,298]","[0,""3499606409052808759248777746694519710778677009925549730662133269887036780460237723419425613"",-335,301]",9.228161773048491e-58,5e-11,4.47213595499958e-15,True,CERTIFIED_GLOBAL
quadratic,mixed,3,2,3.1622776601683795e-05,1e-07,0.0004817460556606066,5.000003481191086e-10,5.000003481191087e-10,5.0000034811910866011408278861793901289937240221054099349849759626497899489286645505763642548356E-10,5.0000034811910866011408278861793901289937240221054099349881195037983345302608547797856239889913E-10,"[0,""4374504495261114759347447193421880199733307390742996424167395931819090240502658675272342305"",-332,302]","[0,""136703265476909836229607724794433756241665855960718638255317069277540811981572783625401207"",-327,297]",6.28707791978524e-58,5e-10,2.514866859365871e-14,True,CERTIFIED_GLOBAL
quadratic,mixed,4,2,0.0001,1e-07,0.0003282098350471859,5.000001615825901e-09,5.000001615825902e-09,5.0000016158259014842148676612285747587117297293127013817467998673027107143218770063165673544952E-9,5.0000016158259014842148676612285747587117297293127013817489415368671937797698617874135110428537E-9,"[0,""5468128579065716883187551785631389895639231046850708974711878781194665590276224147391886985"",-329,302]","[0,""2734064289532858441593775892815694947819615523425354487357110482674123120736587073850852505"",-328,301]",4.2833377447405166e-58,5e-09,1.414213562373095e-13,True,CERTIFIED_GLOBAL
quadratic,mixed,5,2,0.00031622776601683794,1e-07,0.00022360677911608147,5.000000749999975e-08,5.0000007499999754e-08,5.0000007499999750000022916664143518809992250617287557905746306918956713746260435140434340212812E-8,5.0000007499999750000022916664143518809992250617287557905760897943564225291635422819214627142710E-8,"[0,""6835159540220655329911467055432762431413519741819716440509783504235746318542713799651134155"",-326,302]","[0,""6835159540220655329911467055432762431413519741819716440511778143557502967899982224717494811"",-326,302]",2.918204483771651e-58,5e-08,7.952707287670507e-13,True,CERTIFIED_GLOBAL
quadratic,mixed,6,2,0.001,1e-07,0.00015234153200195208,5.000000348119157e-07,5.000000348119158e-07,5.0000003481191571348719210177013771717492095617877280918260086658394727537844068662793671269136E-7,5.0000003481191571348719210177013771717492095617877280918270027407650477001573566336647317383531E-7,"[0,""4271974369273022803110287956224926783658887507138694799144653122474535502887644457675921065"",-322,302]","[0,""266998398079563925194392997264057923978680469196168424946593903433502522155354254274145677"",-318,298]",1.9881497127272923e-58,5e-07,4.4721359549995794e-12,True,CERTIFIED_GLOBAL
quadratic,mixed,7,2,0.0031622776601683794,1e-07,0.00010378907969223142,5.0000001615826e-06,5.000000161582601e-06,0.0000050000001615826005919940936454184174573225490869734526016803600770945686785506786851451767542816,0.0000050000001615826005919940936454184174573225490869734526016810373324546048751602253585545063864360,"[0,""667495970296430656678803961175784456734555965422283918005951105371758344200982378598248765"",-316,299]","[0,""1334991940592861313357607922351568913469111930844567836012083036827147346449229264139023413"",-317,300]",1.3545106762993218e-58,5e-06,2.514866859365871e-11,True,CERTIFIED_GLOBAL
quadratic,mixed,8,2,0.01,1e-07,7.071067752939911e-05,5.000000074999999e-05,5.000000075e-05,0.000050000000749999997500000022916666414351854766589472839506533568383594756207365493048151457757102,0.000050000000749999997500000022916666414351854766589472839506538182470641074986027989569893102716412,"[0,""3337479793688617991264565820380345217169809754501222284262998410833750147010563165210493943"",-315,301]","[0,""1668739896844308995632282910190172608584904877250611142131653199637399253426877370729722291"",-314,300]",9.228173954214949e-59,5e-05,1.414213562373095e-10,True,CERTIFIED_GLOBAL
quadratic,mixed,9,2,0.03162277660168379,1e-07,4.8174624013610807e-05,0.0005000000034811916,0.0005000000034811917,0.00050000000348119161982349746714451450834385561079093040324479330420051860385432885774755587873891,0.00050000000348119161982349746714451450834385561079093040324482473960959653045942951136901798007449,"[0,""4171849708579043791785214424630131443960543430880011254432810511962442566996549105588727943"",-312,302]","[0,""1042962427144760947946303606157532860990135857720002813608268199891254510614704303358793481"",-310,300]",6.287081771812248e-59,0.0005,7.952707287670506e-10,True,CERTIFIED_GLOBAL
quadratic,mixed,10,2,0.1,1e-07,3.282098933834797e-05,0.00500000001615826,0.005000000016158261,0.0050000000161582601636351558520794211301770256545025046190391576385609586703900453113480478350219,0.0050000000161582601636351558520794211301770256545025046190393718055097937330450025859338155094804,"[0,""5214812116268742502215373339720327241097950123767646541429315747068763682457823888751431527"",-309,302]","[0,""5214812116268742502215373339720327241097950123767646541429539115147979713066661488820631011"",-309,302]",4.283338962858992e-59,0.005,4.4721359549995795e-09,True,CERTIFIED_GLOBAL
quadratic,mixed,11,2,0.25,1e-07,2.4182711727649347e-05,0.03125000005482533,0.03125000005482534,0.031250000054825332570116539417710217272827938131891796262124646335575188047468112446292910985914,0.031250000054825332570116539417710217272827938131891796262125632582806871260477929633516439450123,"[0,""4074071959816567363566027007298246248840841643723517686867257099844261922166916625734901641"",-306,302]","[0,""254629497488535460222876687956140390552552602732719855429211604824636366127083839742375609"",-302,298]",3.155991135849377e-59,0.03125,1.767766952966369e-08,True,CERTIFIED_GLOBAL
quadratic,mixed,0,3,1e-06,1e-06,0.007070478628879945,5.000749975002291e-13,5.000749975002292e-13,5.0007499750022914143809958954224226270165391938620045107276581763655579035998964285236568599122E-13,5.0007499750022914143809958954224226270165391938620045107737998157791600398019188642414198873430E-13,"[0,""4480161385382867213924804154095046641129971490894311806731962517285140648811746727256999667"",-342,302]","[0,""4480161385382867213924804154095046641129971490894311806773300714993972459055030444037196037"",-342,302]",9.226943887267828e-57,5e-13,1.414213562373095e-15,True,CERTIFIED_GLOBAL
quadratic,mixed,1,3,3.162277660168379e-06,1e-06,0.004817276091663426,5.000348113776663e-12,5.0003481137766635e-12,5.0003481137766633882930997758593677840272965132076130296357471481244229691393049441591057661007E-12,5.0003481137766633882930997758593677840272965132076130296671828003636513564536347208345000972952E-12,"[0,""699968962305623908444739361514597331479532428927915795495462681407894412416401900652936665"",-336,299]","[0,""2799875849222495633778957446058389325918129715711663181999452684836513074154148581275281439"",-338,301]",6.286692750974424e-57,5e-12,7.952707287670507e-15,True,CERTIFIED_GLOBAL
quadratic,mixed,2,3,1e-05,1e-06,0.0032820400157279436,5.0001615814413775e-11,5.000161581441378e-11,5.0001615814413780989990216294160524770838668408648633582161267605523916623938310188260907812213E-11,5.0001615814413780989990216294160524770838668408648633582375435323299345235226661398874440087676E-11,"[0,""874928563443186028212097697422039033752969536825875564491479663037464373702878616418986153"",-333,299]","[0,""6999428507545488225696781579376312270023756294607004515961817368039198495305241159632101083"",-336,302]",4.2832159378675776e-57,5e-11,4.472135954999579e-14,True,CERTIFIED_GLOBAL
quadratic,mixed,3,3,3.1622776601683795e-05,1e-06,0.0022360493438297923,5.000074999750002e-10,5.000074999750003e-10,5.0000749997500022916414354766556173200231588608342842386016553548107112936417588896524211704726E-10,5.0000749997500022916414354766556173200231588608342842386162464034934535643410393055767378229065E-10,"[0,""2187283533434522135791095356251773907563189537839593221770160342981311577003085525625841897"",-331,301]","[0,""4374567066869044271582190712503547815126379075679186443553086398685292051206207837298147091"",-332,302]",2.918165964204898e-57,5e-10,2.5148668593658707e-13,True,CERTIFIED_GLOBAL
quadratic,mixed,4,3,0.0001,1e-06,0.001523409486422305,5.000034811862391e-09,5.000034811862392e-09,5.0000348118623914577563915138478952843982370728282254035458221433868506099248580998591301732461E-9,5.0000348118623914577563915138478952843982370728282254035557629002558496357159936274928704479158E-9,"[0,""2734082441546576596078739003988659896544051864655986945067116537438217984104609612554092149"",-328,301]","[0,""1367041220773288298039369501994329948272025932327993472536276134677435219987638550378396075"",-327,300]",1.9881375316457717e-57,5e-09,1.414213562373095e-12,True,CERTIFIED_GLOBAL
quadratic,mixed,5,3,0.00031622776601683794,1e-06,0.0010378889521711835,5.000016158248571e-08,5.000016158248572e-08,5.0000161582485712899604935546936955743077649026183243868436866886759158172889281494467243771829E-8,5.0000161582485712899604935546936955743077649026183243868504592446837976766058901635783500718909E-8,"[0,""3417590301892486999967350902961229105559442750317423051019736762127698711355123488982700659"",-325,301]","[0,""3417590301892486999967350902961229105559442750317423051024365911514221567170793313018507879"",-325,301]",1.35450682428478e-57,5e-08,7.952707287670507e-12,True,CERTIFIED_GLOBAL
quadratic,mixed,6,3,0.001,1e-06,0.0007071061919316233,5.0000074999975e-07,5.000007499997501e-07,5.0000074999975000022916641435214332528395097801248499027152871344597371424715102761299133977771E-7,5.0000074999975000022916641435214332528395097801248499027199012222673804106632440661518583960171E-7,"[0,""2135990239900395971221177823910229315660813604690887286779116074510841746499738384243754105"",-321,301]","[0,""2135990239900395971221177823910229315660813604690887286781087200858787097448875563610489267"",-321,301]",9.228161773048491e-58,5e-07,4.472135954999579e-11,True,CERTIFIED_GLOBAL
quadratic,mixed,7,3,0.0031622776601683794,1e-06,0.0004817460556606066,5.000003481191086e-06,5.000003481191087e-06,0.0000050000034811910866011408278861793901289937240221054099349849759626497899489286645505763642503569,0.0000050000034811910866011408278861793901289937240221054099349881195037983345302608547797856239923270,"[0,""5339971307691790477719051749782568603190072498465571806844965737083850391238597015713308473"",-319,302]","[0,""1334992826922947619429762937445642150797518124616392951712080754663484492007546715091808663"",-317,300]",6.28707791978524e-58,5e-06,2.514866859365871e-10,True,CERTIFIED_GLOBAL
quadratic,mixed,8,3,0.01,1e-06,0.0003282098350471859,5.000001615825901e-05,5.000001615825902e-05,0.000050000016158259014842148676612285747587117297293127013817467998673027107143218770063165673490747,0.000050000016158259014842148676612285747587117297293127013817489415368671937797698617874135110461982,"[0,""6674961644367330179672304425819567743700233211487681853896336402825519519380156429921737035"",-316,302]","[0,""3337480822183665089836152212909783871850116605743840926949597757170560450117904142884341439"",-315,301]",4.2833377447405166e-58,5e-05,1.4142135623730951e-09,True,CERTIFIED_GLOBAL
quadratic,mixed,9,3,0.03162277660168379,1e-06,0.00022360677911608147,0.0005000000749999974,0.0005000000749999975,0.00050000007499999750000022916664143518809992250617287557905746306918956713746260435140434340160061,0.00050000007499999750000022916664143518809992250617287557905760897943564225291635422819214627154941,"[0,""2085925152655229287692708451975330331852270429022130261386042329173506566938084045303690841"",-311,301]","[0,""521481288163807321923177112993832582963067607255532565346662761196708905632017686822318635"",-309,299]",2.918204483771651e-58,0.0005,7.952707287670507e-09,True,CERTIFIED_GLOBAL
quadratic,mixed,10,3,0.1,1e-06,0.00015234153200195208,0.005000000348119157,0.005000000348119158,0.0050000003481191571348719210177013771717492095617877280918260086658394727537844068662793671227918,0.0050000003481191571348719210177013771717492095617877280918270027407650477001573566336647317422782,"[0,""5214812462491482913952988227813631327708602913987664549737125393645673221298394113373927077"",-309,302]","[0,""2607406231245741456976494113906815663854301456993832274869081088217798067923381389395953879"",-308,301]",1.9881497127272923e-58,0.005,4.4721359549995796e-08,True,CERTIFIED_GLOBAL
quadratic,mixed,11,3,0.25,1e-06,0.00011224620247391477,0.03125000118117597,0.031250001181175976,0.031250001181175974355187246334673535857102863934183208343353143496183577697452655227794272017860,0.031250001181175974355187246334673535857102863934183208343357721250339673014693884147703319470463,"[0,""4074072106659241237718123495634031979577725333509596992011679674181517536868414448376789233"",-306,302]","[0,""4074072106659241237718123495634031979577725333509596992012276477375551512930948068497051709"",-306,302]",1.4648812745814594e-58,0.03125,1.7677669529663687e-07,True,CERTIFIED_GLOBAL
quadratic,mixed,0,4,1e-06,1e-05,0.03276221996999735,5.016146679065597e-13,5.016146679065598e-13,5.0161466790655971412277492473484620077500913815373002385658431882076380305702606527760315006778E-13,5.0161466790655971412277492473484620077500913815373002387800870656808329538705280141380198418578E-13,"[0,""4493955260171929868186670833424635290619651832836742430948866271349871504807703923153673581"",-342,302]","[0,""4493955260171929868186670833424635290619651832836742431140806910595621120369205493143524021"",-342,302]",4.271084782415175e-56,5e-13,1.414213562373095e-14,True,CERTIFIED_GLOBAL
quadratic,mixed,1,4,3.162277660168379e-06,1e-05,0.02234206882728717,5.007497502289146e-12,5.007497502289147e-12,5.0074975022891464299264433323383134735388649697078165752857626623614131012528043406702791847982E-12,5.0074975022891464299264433323383134735388649697078165754316972284078745129618021632058797304555E-12,"[0,""2803879050555150705089677150132484522589840936269628980833670182453822844895916062599962317"",-338,301]","[0,""5607758101110301410179354300264969045179681872539257961830768453409926417236861674714259255"",-339,302]",2.914321294813394e-56,5e-12,7.952707287670506e-14,True,CERTIFIED_GLOBAL
quadratic,mixed,2,4,1e-05,1e-05,0.015228264604183951,5.0034806532455866e-11,5.003480653245587e-11,5.0034806532455866914651463829146133037628524776998749849441346741139674954424348175269262988662E-11,5.0034806532455866914651463829146133037628524776998749850435498566407956190456316186481769845156E-11,"[0,""7004074678559479971565003144488191919045239052181880444501914748689533275181325600609514445"",-336,302]","[0,""3502037339279739985782501572244095959522619526090940222320540071956363513160848060959905007"",-335,301]",1.9869204942831327e-56,5e-11,4.4721359549995796e-13,True,CERTIFIED_GLOBAL
quadratic,mixed,3,4,3.1622776601683795e-05,1e-05,0.01037704526057094,5.001615710000714e-10,5.001615710000715e-10,5.0016157100007143045331834858006311489051167209597982596424705483449523095955757831444772063064E-10,5.0016157100007143045331834858006311489051167209597982597101985160299921286305056516946362847843E-10,"[0,""1093978758678516114516676040147087324197296021672443029070826876113318128218996079317906171"",-330,300]","[0,""4375915034714064458066704160588349296789184086689772116342562723016146014661536721189840747"",-332,302]",1.3541217800803443e-56,5e-10,2.5148668593658708e-12,True,CERTIFIED_GLOBAL
quadratic,mixed,4,4,0.0001,1e-05,0.007070478628879945,5.000749975002291e-09,5.000749975002292e-09,5.0007499750022914143809958954224226270165391938620045107276581763655579035998964285236568556778E-9,5.0007499750022914143809958954224226270165391938620045107737998157791600398019188642414198904487E-9,"[0,""5468947003641195329498051945916804981848109730095595467202102682232837706069026766671142167"",-329,302]","[0,""2734473501820597664749025972958402490924054865047797733626282174678938268466205105003171411"",-328,301]",9.226943887267828e-57,5e-09,1.414213562373095e-11,True,CERTIFIED_GLOBAL
quadratic,mixed,5,4,0.00031622776601683794,1e-05,0.004817276091663426,5.000348113776663e-08,5.000348113776664e-08,5.0003481137766633882930997758593677840272965132076130296357471481244229691393049441591057608773E-8,5.0003481137766633882930997758593677840272965132076130296671828003636513564536347208345001004527E-8,"[0,""1708908599378964620226414456822747391307452219062294422596344437030992217813481202765958653"",-324,300]","[0,""854454299689482310113207228411373695653726109531147211303543910167392905930831476219263135"",-323,299]",6.286692750974424e-57,5e-08,7.952707287670506e-11,True,CERTIFIED_GLOBAL
quadratic,mixed,6,4,0.001,1e-05,0.0032820400157279436,5.000161581441377e-07,5.000161581441378e-07,5.0001615814413780989990216294160524770838668408648633582161267605523916623938310188260907774814E-7,5.0001615814413780989990216294160524770838668408648633582375435323299345235226661398874440109129E-7,"[0,""2136056063093715889189691644096774984748460783266297764871776521087559506110543497116665411"",-321,301]","[0,""4272112126187431778379383288193549969496921566532595529761851420922362362857202856220764823"",-322,302]",4.2832159378675776e-57,5e-07,4.4721359549995793e-10,True,CERTIFIED_GLOBAL
quadratic,mixed,7,4,0.0031622776601683794,1e-05,0.0022360493438297923,5.000074999750002e-06,5.000074999750003e-06,0.0000050000749997500022916414354766556173200231588608342842386016553548107112936417588896524211668699,0.0000050000749997500022916414354766556173200231588608342842386162464034934535643410393055767378260027,"[0,""5340047689049126308083728897099057391511693207616194389087305524856717717292689271547465565"",-319,302]","[0,""2670023844524563154041864448549528695755846603808097194551444335135065949222538963194669857"",-318,301]",2.918165964204898e-57,5e-06,2.5148668593658706e-09,True,CERTIFIED_GLOBAL
quadratic,mixed,8,4,0.01,1e-05,0.001523409486422305,5.000034811862391e-05,5.0000348118623916e-05,0.000050000348118623914577563915138478952843982370728282254035458221433868506099248580998591301682689,0.000050000348118623914577563915138478952843982370728282254035557629002558496357159936274928704509413,"[0,""6675005960807071767770358896456689200547001622695280627605264983980024375255394561899639029"",-316,302]","[0,""6675005960807071767770358896456689200547001622695280627618535813854664160095891359269512089"",-316,302]",1.9881375316457717e-57,5e-05,1.414213562373095e-08,True,CERTIFIED_GLOBAL
quadratic,mixed,9,4,0.03162277660168379,1e-05,0.0010378889521711835,0.0005000016158248571,0.0005000016158248572,0.00050000161582485712899604935546936955743077649026183243868436866886759158172889281494467243719324,0.00050000161582485712899604935546936955743077649026183243868504592446837976766058901635783500734101,"[0,""4171863161489852294882020145216344122997366638571073060326827102206663466009672227762085761"",-312,302]","[0,""521482895186231536860252518152043015374670829821384132541559739916110468623473100741349469"",-309,299]",1.35450682428478e-57,0.0005,7.952707287670507e-08,True,CERTIFIED_GLOBAL
quadratic,mixed,10,4,0.1,1e-05,0.0007071061919316233,0.0050000074999975,0.005000007499997501,0.0050000074999975000022916641435214332528395097801248499027152871344597371424715102761299133935486,0.0050000074999975000022916641435214332528395097801248499027199012222673804106632440661518583988823,"[0,""5214819921631826101614203671655833290187533214577361539988076353786234732665376914657602791"",-309,302]","[0,""5214819921631826101614203671655833290187533214577361539992888673971648187131043856470921065"",-309,302]",9.228161773048491e-58,0.005,4.472135954999579e-07,True,CERTIFIED_GLOBAL
quadratic,mixed,11,4,0.25,1e-05,0.0005210004952565888,0.03125002544766055,0.031250025447660555,0.031250025447660550540167472795723522649199252200958589398899951922520779164707778557501783305385,0.031250025447660550540167472795723522649199252200958589398921199976928035890242672516153244665255,"[0,""4074075270288175692420139849650159409703144855601546064625432735080931303303494942023917441"",-306,302]","[0,""4074075270288175692420139849650159409703144855601546064628202850361231750275785446845174537"",-306,302]",6.799371873422716e-58,0.03125,1.7677669529663689e-06,True,CERTIFIED_GLOBAL
quadratic,mixed,0,5,1e-06,0.0001,0.14676716154056163,5.342951127276318e-13,5.342951127276319e-13,5.3429511272763186689996966095218053021696103258133878821849994109060399330107410942633974289185E-13,5.3429511272763186689996966095218053021696103258133878831868091310780852154246007393163797064722E-13,"[0,""4786738678012042690896348413910433748486153682060415459570101696803350963828289674481841609"",-342,302]","[0,""2393369339006021345448174206955216874243076841030207730233810459085266630533406812954034103"",-341,301]",1.8750119480930734e-55,5e-13,1.414213562373095e-13,False,CERTIFIED_GLOBAL
quadratic,mixed,1,5,3.162277660168379e-06,0.0001,0.10197386009759257,5.160444590818158e-12,5.160444590818159e-12,5.1604445908181586459277111837692909594018270475706900957346589958432771142254515816835232939553E-12,5.1604445908181586459277111837692909594018270475706900964143538620009654679966519180038347906202E-12,"[0,""5779039319792430540967138394544239096364337851362020692323544427086728795925801028719718473"",-339,302]","[0,""5779039319792430540967138394544239096364337851362020693084715928467693217091199025595790169"",-339,302]",1.3171246279187868e-55,5e-12,7.952707287670507e-13,True,CERTIFIED_GLOBAL
quadratic,mixed,2,5,1e-05,0.0001,0.07012859705649643,5.074752266723361e-11,5.074752266723362e-11,5.0747522667233613461556217612757291920545584323202263835477432478797166413771407988865419140739E-11,5.0747522667233613461556217612757291920545584323202263840099221739754806351640839463079320433210E-11,"[0,""7103843567030339040110896114461239438381968378430072331595114103990627906667176131354799285"",-336,302]","[0,""7103843567030339040110896114461239438381968378430072332242090866283360002072157605445561085"",-336,302]",9.107418486738884e-56,5e-11,4.4721359549995794e-12,True,CERTIFIED_GLOBAL
quadratic,mixed,3,5,3.1622776601683795e-05,0.0001,0.047989345551596674,5.034758283386616e-10,5.034758283386618e-10,5.0347582833866165295401268187380284785855384551236410773308662558784689966860084945577219972205E-10,5.0347582833866165295401268187380284785855384551236410776454637131864990842092301262226934945445E-10,"[0,""2202455740888929989674392057908478798885344463058006547854178270689260857566214217874156687"",-331,301]","[0,""4404911481777859979348784115816957597770688926116013095983597947983274299291791089206672739"",-332,302]",6.248511638505453e-56,5e-10,2.514866859365871e-11,True,CERTIFIED_GLOBAL
quadratic,mixed,4,5,0.0001,0.0001,0.03276221996999735,5.016146679065597e-09,5.016146679065598e-09,5.0161466790655971412277492473484620077500913815373002385658431882076380305702606527760314955969E-9,5.0161466790655971412277492473484620077500913815373002387800870656808329538705280141380198446492E-9,"[0,""2742892614851031413688153584853903375622346089377894550139688886321943057133608351534224595"",-328,301]","[0,""5485785229702062827376307169707806751244692178755789100513680310785670312950690299247465849"",-329,302]",4.271084782415175e-56,5e-09,1.414213562373095e-10,True,CERTIFIED_GLOBAL
quadratic,mixed,5,5,0.00031622776601683794,0.0001,0.02234206882728717,5.007497502289146e-08,5.007497502289147e-08,5.0074975022891464299264433323383134735388649697078165752857626623614131012528043406702791800520E-8,5.0074975022891464299264433323383134735388649697078165754316972284078745129618021632058797329144E-8,"[0,""1711351959567352725274461151203909010369775962078630969747113148470350857480417518676734811"",-324,300]","[0,""3422703919134705450548922302407818020739551924157261939593974886114457041770545455758214879"",-325,301]",2.914321294813394e-56,5e-08,7.952707287670506e-10,True,CERTIFIED_GLOBAL
quadratic,mixed,6,5,0.001,0.0001,0.015228264604183951,5.003480653245586e-07,5.003480653245588e-07,5.0034806532455866914651463829146133037628524776998749849441346741139674954424348175269262943343E-7,5.0034806532455866914651463829146133037628524776998749850435498566407956190456316186481769871513E-7,"[0,""2137473961962731924916077619777890600294567581842614881744969100552225730951332275576634045"",-321,301]","[0,""267184245245341490614509702472236325036820947730326860223429876095303612759464115978996659"",-318,298]",1.9869204942831327e-56,5e-07,4.4721359549995795e-09,True,CERTIFIED_GLOBAL
quadratic,mixed,7,5,0.0031622776601683794,0.0001,0.01037704526057094,5.001615710000714e-06,5.001615710000715e-06,0.0000050016157100007143045331834858006311489051167209597982596424705483449523095955757831444772029488,0.0000050016157100007143045331834858006311489051167209597982597101985160299921286305056516946362874854,"[0,""2670846578804970982706728613640349912591054740411237863942448428011030586472158396772231861"",-318,301]","[0,""5341693157609941965413457227280699825182109480822475727957229886494318865553633692858692321"",-319,302]",1.3541217800803443e-56,5e-06,2.5148668593658707e-08,True,CERTIFIED_GLOBAL
quadratic,mixed,8,5,0.01,0.0001,0.007070478628879945,5.000749975002291e-05,5.000749975002292e-05,0.000050007499750022914143809958954224226270165391938620045107276581763655579035998964285236568492537,0.000050007499750022914143809958954224226270165391938620045107737998157791600398019188642414198937171,"[0,""3337980348902096758726838345896487415678777911435299967774720875386253482708146219892054541"",-315,301]","[0,""6675960697804193517453676691792974831357555822870599935611040465524751631997571057136648957"",-316,302]",9.226943887267828e-57,5e-05,1.4142135623730952e-07,True,CERTIFIED_GLOBAL
quadratic,mixed,9,5,0.03162277660168379,0.0001,0.004817276091663426,0.0005000348113776663,0.0005000348113776664,0.00050003481137766633882930997758593677840272965132076130296357471481244229691393049441591057552733,0.00050003481137766633882930997758593677840272965132076130296671828003636513564536347208345001024096,"[0,""2086070067601275171174822334988705311654604759597527371333428267860097922135597171345164369"",-311,301]","[0,""2086070067601275171174822334988705311654604759597527371346542749432111586745194033738435389"",-311,301]",6.286692750974424e-57,0.0005,7.952707287670506e-07,True,CERTIFIED_GLOBAL
quadratic,mixed,10,5,0.1,0.0001,0.0032820400157279436,0.005000161581441378,0.005000161581441379,0.0050001615814413780989990216294160524770838668408648633582161267605523916623938310188260907730956,0.0050001615814413780989990216294160524770838668408648633582375435323299345235226661398874440134766,"[0,""5214980622787392307592020615470642052608546834146234777518985647186424575465194084757483909"",-309,302]","[0,""40742036115526502403062661058364391036004272141767459199541582307075141552516964494903229"",-302,295]",4.2832159378675776e-57,0.005,4.472135954999579e-06,True,CERTIFIED_GLOBAL
quadratic,mixed,11,5,0.25,0.0001,0.0024182476052359166,0.03125054825118846,0.03125054825118847,0.031250548251188467895412972742204032401380467054953281812442411402584077835854724674990774962077,0.031250548251188467895412972742204032401380467054953281812541036317987175126562161826774775233324,"[0,""2037071714171125358001935400515555430298174763167486477434037569284403518990302439081586165"",-305,301]","[0,""254633964271390669750241925064444428787271845395935809680058306163906657413631478994392739"",-302,298]",3.1559419249339587e-57,0.03125,1.767766952966369e-05,True,CERTIFIED_GLOBAL
quadratic,mixed,0,6,1e-06,0.001,0.43444708065832494,1.1116280771453526e-12,1.1116280771453528e-12,1.1116280771453527024399542392446032216851810231997466597056405798661174971725627148291926984949E-12,1.1116280771453527024399542392446032216851810231997466602358393693640126960713159878819467407535E-12,"[0,""155610196315220389857230941310326948455975923188959411426830777549879473037740842140659781"",-336,297]","[0,""4979526282087052475431390121930462350591229542046701168033604783770037475219130165602147139"",-341,302]",4.7695699703756964e-55,5e-13,1.414213562373095e-12,False,CERTIFIED_GLOBAL
quadratic,mixed,1,6,3.162277660168379e-06,0.001,0.36192435534945677,8.095465815973539e-12,8.09546581597354e-12,8.0954658159735398248358547275646886859574619732278905126662758891298311076312181610565374542630E-12,8.0954658159735398248358547275646886859574619732278905160471730144769497080482077391875649120402E-12,"[0,""4532944249201720835576910548829375790049088887087607265080733039827016446154385978015698003"",-338,302]","[0,""4532944249201720835576910548829375790049088887087607266973819679912081834775041432398700665"",-338,302]",4.176284851547533e-55,5e-12,7.952707287670507e-12,False,CERTIFIED_GLOBAL
quadratic,mixed,2,6,1e-05,0.001,0.281515234634064,6.518350554724252e-11,6.518350554724253e-11,6.5183505547242529446474321970900074522227015018067210554617961269317033386906106755143991533194E-11,6.5183505547242529446474321970900074522227015018067210576807486044681710990933862921507055590304E-11,"[0,""285145339504207401702568653684904955284644508287570492605958690119326012693858981054232641"",-331,298]","[0,""4562325432067318427241098458958479284554312132601127883248428774629439913460332701694843509"",-335,302]",3.404162539138456e-55,5e-11,4.472135954999579e-11,False,CERTIFIED_GLOBAL
quadratic,mixed,3,6,3.1622776601683795e-05,0.001,0.207007005795184,5.72706549442341e-10,5.727065494423411e-10,5.7270654944234110190841717334978024846599631224732776502719800798673220716588073104061327911753E-10,5.7270654944234110190841717334978024846599631224732776517556091442510768819679632800675212247525E-10,"[0,""5010611261422953715134905370100201404976132892512531619178889970068570282378655141819378119"",-332,302]","[0,""313163203838934607195931585631262587811008305782033226279807341788848381934798019302076199"",-328,298]",2.590557181209822e-55,5e-10,2.514866859365871e-10,False,CERTIFIED_GLOBAL
quadratic,mixed,4,6,0.0001,0.001,0.14676716154056163,5.342951127276318e-09,5.342951127276319e-09,5.3429511272763186689996966095218053021696103258133878821849994109060399330107410942633974235589E-9,5.3429511272763186689996966095218053021696103258133878831868091310780852154246007393163797112478E-9,"[0,""2921593431403834650205290779974629973441255909460702795147767148927826516008477584522608401"",-328,301]","[0,""5843186862807669300410581559949259946882511818921405591391138816126139234700700226938559827"",-329,302]",1.8750119480930734e-55,5e-09,1.4142135623730951e-09,False,CERTIFIED_GLOBAL
quadratic,mixed,5,6,0.00031622776601683794,0.001,0.10197386009759257,5.160444590818158e-08,5.160444590818159e-08,5.1604445908181586459277111837692909594018270475706900957346589958432771142254515816835232887532E-8,5.1604445908181586459277111837692909594018270475706900964143538620009654679966519180038347934419E-8,"[0,""3527245678584247156352013180263817807839561676856702082717007096610552243607056291943187541"",-325,301]","[0,""3527245678584247156352013180263817807839561676856702083181589311808894785822265030270868025"",-325,301]",1.3171246279187868e-55,5e-08,7.952707287670507e-09,True,CERTIFIED_GLOBAL
quadratic,mixed,6,6,0.001,0.001,0.07012859705649643,5.07475226672336e-07,5.074752266723361e-07,5.0747522667233613461556217612757291920545584323202263835477432478797166413771407988865419100083E-7,5.0747522667233613461556217612757291920545584323202263840099221739754806351640839463079320457567E-7,"[0,""2167921010446270459018217808368298168451528435800192972288548005368233614095207559617553491"",-321,301]","[0,""4335842020892540918036435616736596336903056871600385944971979288503027345014744632229956719"",-322,302]",9.107418486738884e-56,5e-07,4.4721359549995796e-08,True,CERTIFIED_GLOBAL
quadratic,mixed,7,6,0.0031622776601683794,0.001,0.047989345551596674,5.034758283386616e-06,5.034758283386617e-06,0.0000050347582833866165295401268187380284785855384551236410773308662558784689966860084945577219933618,0.0000050347582833866165295401268187380284785855384551236410776454637131864990842092301262226934970261,"[0,""5377089211154614232603496235128122067591173005512711298472114918674953265542515180356827845"",-319,302]","[0,""2688544605577307116301748117564061033795586502756355649404051481923385192438837334720869593"",-318,301]",6.248511638505453e-56,5e-06,2.5148668593658707e-07,True,CERTIFIED_GLOBAL
quadratic,mixed,8,6,0.01,0.001,0.03276221996999735,5.016146679065597e-05,5.016146679065598e-05,0.000050161466790655971412277492473484620077500913815373002385658431882076380305702606527760314910000,0.000050161466790655971412277492473484620077500913815373002387800870656808329538705280141380198474919,"[0,""6696515172976150912324593713022225038140493382270250366551974820121931291830098514487853009"",-316,302]","[0,""3348257586488075456162296856511112519070246691135125183418994330313519478119317809599283357"",-315,301]",4.271084782415175e-56,5e-05,1.414213562373095e-06,True,CERTIFIED_GLOBAL
quadratic,mixed,9,6,0.03162277660168379,0.001,0.02234206882728717,0.0005007497502289146,0.0005007497502289147,0.00050074975022891464299264433323383134735388649697078165752857626623614131012528043406702791750566,0.00050074975022891464299264433323383134735388649697078165754316972284078745129618021632058797350515,"[0,""4178105370037482239439602419931418482348085844918532640984162960132692523145550582706872093"",-312,302]","[0,""4178105370037482239439602419931418482348085844918532641105926374651436818567560370798602149"",-312,302]",2.914321294813394e-56,0.0005,7.952707287670507e-06,True,CERTIFIED_GLOBAL
quadratic,mixed,10,6,0.1,0.001,0.015228264604183951,0.005003480653245586,0.005003480653245587,0.0050034806532455866914651463829146133037628524776998749849441346741139674954424348175269262900908,0.0050034806532455866914651463829146133037628524776998749850435498566407956190456316186481769899378,"[0,""5218442289948075988564642626410865723375409135357946488635178468145082350955401063419516707"",-309,302]","[0,""5218442289948075988564642626410865723375409135357946488738864767486398686708283515214778499"",-309,302]",1.9869204942831327e-56,0.005,4.4721359549995795e-05,True,CERTIFIED_GLOBAL
quadratic,mixed,11,6,0.25,0.001,0.011222264192767669,0.03126181076794621,0.031261810767946215,0.031261810767946210061614509039302299838252064833064355846706631259491241072355166733680957666843,0.031261810767946210061614509039302299838252064833064355847164425899347114598607368669228062597514,"[0,""4075611726058704528755008763597073279342702408961774281289021229084569397076128376561505643"",-306,302]","[0,""254725732878669033047188047724817079958918900560110892584294003422423602378385141651412649"",-302,298]",1.464389389514397e-56,0.03125,0.00017677669529663688,True,CERTIFIED_GLOBAL
quadratic,mixed,0,7,1e-06,0.01,0.5602332851380563,7.716131570809549e-12,7.71613157080955e-12,7.7161315708095504522859933382577043232863259629051517342771429357782462602622126822446560749990E-12,7.7161315708095504522859933382577043232863259629051517385710216858265388694194693109437753511537E-12,"[0,""4320541278918212997849106154557955632300799853021746608211509199322182252952267106251316711"",-338,302]","[0,""1080135319729553249462276538639488908075199963255436652653951821953649646914263043900631967"",-336,300]",5.564807586086552e-55,5e-13,1.414213562373095e-11,False,CERTIFIED_GLOBAL
quadratic,mixed,1,7,3.162277660168379e-06,0.01,0.5473123280150619,4.4908261623955824e-11,4.490826162395583e-11,4.4908261623955827251280271330910984431529873530740843614044806838079398184469737753452064845622E-11,4.4908261623955827251280271330910984431529873530740843638727866620766886959584781656941119494934E-11,"[0,""3143220089143760104120932724908558215809641947944702392809097709259141257479623587837422123"",-335,301]","[0,""3143220089143760104120932724908558215809641947944702394536715002044601181606212393560876061"",-335,301]",5.496329381300428e-55,5e-12,7.952707287670506e-11,False,CERTIFIED_GLOBAL
quadratic,mixed,2,7,1e-05,0.01,0.5252674465739843,2.681284687028654e-10,2.6812846870286545e-10,2.6812846870286541000075786705444492624475722285803446109302519901679527883169933196590819590628E-10,2.6812846870286541000075786705444492624475722285803446123708259094865366168619717546009951633244E-10,"[0,""2345856750021205988627189464026909897491379744602378511519888174030436301628650528915916769"",-332,301]","[0,""4691713500042411977254378928053819794982759489204757025560493427367333901182243485199120985"",-333,302]",5.372700356242287e-55,5e-11,4.4721359549995793e-10,False,CERTIFIED_GLOBAL
quadratic,mixed,3,7,3.1622776601683795e-05,0.01,0.4891501130164938,1.670380216200392e-09,1.6703802162003923e-09,1.6703802162003921879887839222451900254592567974429686803429293320069152827932698943279286569658E-9,1.6703802162003921879887839222451900254592567974429686812033742915500646427927761389458584884092E-9,"[0,""7307080677095023939566474290299757896136895278729990789979592677718950529636943633100487099"",-331,302]","[0,""7307080677095023939566474290299757896136895278729990793743610400512236150612059389735736901"",-331,302]",5.151192232750459e-55,5e-10,2.5148668593658706e-09,False,CERTIFIED_GLOBAL
quadratic,mixed,4,7,0.0001,0.01,0.43444708065832494,1.1116280771453526e-08,1.1116280771453527e-08,1.1116280771453527024399542392446032216851810231997466597056405798661174971725627148291926977062E-8,1.1116280771453527024399542392446032216851810231997466602358393693640126960713159878819467412496E-8,"[0,""6078523293563296478798083644934646424061559499568727008860577248042166915536751646119522691"",-328,302]","[0,""3039261646781648239399041822467323212030779749784363505879885732281517013683551126466154261"",-327,301]",4.7695699703756964e-55,5e-09,1.414213562373095e-08,False,CERTIFIED_GLOBAL
quadratic,mixed,5,7,0.00031622776601683794,0.01,0.36192435534945677,8.09546581597354e-08,8.095465815973541e-08,8.0954658159735398248358547275646886859574619732278905126662758891298311076312181610565374464821E-8,8.0954658159735398248358547275646886859574619732278905160471730144769497080482077391875649139347E-8,"[0,""2766689605225659689683172942400742059356133353935307168628377099503794217623526597909971923"",-324,301]","[0,""5533379210451319379366345884801484118712266707870614339567650976455178020965626748533570149"",-325,302]",4.176284851547533e-55,5e-08,7.952707287670507e-08,False,CERTIFIED_GLOBAL
quadratic,mixed,6,7,0.001,0.01,0.281515234634064,6.518350554724253e-07,6.518350554724254e-07,6.5183505547242529446474321970900074522227015018067210554617961269317033386906106755143991491863E-7,6.5183505547242529446474321970900074522227015018067210576807486044681710990933862921507055604088E-7,"[0,""2784622456095775407251647008641649953951606526245805591855065333196543092713466611857740633"",-321,301]","[0,""5569244912191550814503294017283299907903213052491611185605992156530078019360757692498588269"",-322,302]",3.404162539138456e-55,5e-07,4.472135954999579e-07,False,CERTIFIED_GLOBAL
quadratic,mixed,7,7,0.0031622776601683794,0.01,0.207007005795184,5.727065494423411e-06,5.727065494423412e-06,0.0000057270654944234110190841717334978024846599631224732776502719800798673220716588073104061327861005,0.0000057270654944234110190841717334978024846599631224732776517556091442510768819679632800675212268885,"[0,""3058234412489595773397769390930298709091877986152668224596490460246930103990878382458116525"",-318,301]","[0,""1529117206244797886698884695465149354545938993076334112694371786078361239916005953623418941"",-317,300]",2.590557181209822e-55,5e-06,2.514866859365871e-06,False,CERTIFIED_GLOBAL
quadratic,mixed,8,7,0.01,0.01,0.14676716154056163,5.342951127276318e-05,5.342951127276319e-05,0.000053429511272763186689996966095218053021696103258133878821849994109060399330107410942633974186871,0.000053429511272763186689996966095218053021696103258133878831868091310780852154246007393163797136310,"[0,""3566398231694134094488880346648718229298408092603396966733114195468538227549411113919199705"",-315,301]","[0,""7132796463388268188977760693297436458596816185206793934803636250153978557984253206712109167"",-316,302]",1.8750119480930734e-55,5e-05,1.4142135623730951e-05,False,CERTIFIED_GLOBAL
quadratic,mixed,9,7,0.03162277660168379,0.01,0.10197386009759257,0.0005160444590818159,0.000516044459081816,0.00051604445908181586459277111837692909594018270475706900957346589958432771142254515816835232830486,0.00051604445908181586459277111837692909594018270475706900964143538620009654679966519180038347951437,"[0,""4305719822490536079531266089189230722460402437569216409566659053479678031746894887625961349"",-312,302]","[0,""1076429955622634019882816522297307680615100609392304102533444003847929316962361154257467049"",-310,300]",1.3171246279187868e-55,0.0005,7.952707287670506e-05,True,CERTIFIED_GLOBAL
quadratic,mixed,10,7,0.1,0.01,0.07012859705649643,0.0050747522667233605,0.005074752266723361,0.0050747522667233613461556217612757291920545584323202263835477432478797166413771407988865419055626,0.0050747522667233613461556217612757291920545584323202263840099221739754806351640839463079320481556,"[0,""2646387952204919993918722910605832725160557172607657436875668951865519548456063915548771349"",-308,301]","[0,""330798494025614999239840363825729090645069646575957179639585822181932628251246996477505243"",-305,298]",9.107418486738884e-56,0.005,0.00044721359549995795,True,CERTIFIED_GLOBAL
quadratic,mixed,11,7,0.25,0.01,0.051865937980918334,0.03150401842567272,0.03150401842567273,0.031504018425672727210557603020101290057677579297829468108113572941799811514413697258186985579464,0.031504018425672727210557603020101290057677579297829468110240302411057585392817911151122987625609,"[0,""4107188411660792521911823022580424881340399229137975428507820470952674009050795831486547241"",-306,302]","[0,""1026797102915198130477955755645106220335099807284493857196270708791109827457998712047725265"",-304,300]",6.750660949095609e-56,0.03125,0.0017677669529663688,True,CERTIFIED_GLOBAL
quadratic,mixed,0,8,1e-06,0.1,0.5756139169801691,7.411262897255848e-11,7.411262897255849e-11,7.4112628972558481412773709383855809733034930834067773592255836078393468797710823633413183244155E-11,7.4112628972558481412773709383855809733034930834067773634074303423070923018564252736475564407755E-11,"[0,""2593646422972847789352609884501734062961891126665907435669107358216792750569411811790291925"",-334,301]","[0,""5187292845945695578705219769003468125923782253331814874265173852720320793327721399996139107"",-335,302]",5.6425561910860675e-55,5e-13,1.414213562373095e-10,False,CERTIFIED_GLOBAL
quadratic,mixed,1,8,3.162277660168379e-06,0.1,0.5742662191452363,4.1823087993436353e-10,4.182308799343636e-10,4.1823087993436356126690434659911147764702528121293600141117646927267099684343460108117917430264E-10,4.1823087993436356126690434659911147764702528121293600164688743803477577352055255682640297686791E-10,"[0,""7318206362104588303917326635085256757800072979337504683101684489745401208255124574427762055"",-333,302]","[0,""7318206362104588303917326635085256757800072979337504687226156387859157654631180440288700355"",-333,302]",5.635905430969058e-55,5e-12,7.952707287670506e-10,False,CERTIFIED_GLOBAL
quadratic,mixed,2,8,1e-05,0.1,0.5718776769527708,2.366581411392772e-09,2.3665814113927726e-09,2.3665814113927723113494799988440496071796533666945485178816501479284288063359193771391692347649E-9,2.3665814113927723113494799988440496071796533666945485192126255257690928180802545115407081497819E-9,"[0,""5176306907326844551485150558097821431199076798721410914564629286424170128586322163551080491"",-330,302]","[0,""647038363415855568935643819762227678899884599840176364684475768284313204601287534365917397"",-327,299]",5.624042221549281e-55,5e-11,4.4721359549995795e-09,False,CERTIFIED_GLOBAL
quadratic,mixed,3,8,3.1622776601683795e-05,0.1,0.5676560828682793,1.3456055470659422e-08,1.3456055470659423e-08,1.3456055470659422467001837685107143960683063505627569391996221206521023019402402854053830279826E-8,1.3456055470659422467001837685107143960683063505627569399535428910676568035847975999646748506753E-8,"[0,""3678970885115029304614475768966988465893334231267118831272830200895969472346793516374913513"",-327,301]","[0,""3678970885115029304614475768966988465893334231267118833334097390296454869660543457423538169"",-327,301]",5.6028363739987476e-55,5e-10,2.5148668593658707e-08,False,CERTIFIED_GLOBAL
quadratic,mixed,4,8,0.0001,0.1,0.5602332851380563,7.71613157080955e-08,7.716131570809551e-08,7.7161315708095504522859933382577043232863259629051517342771429357782462602622126822446560713672E-8,7.7161315708095504522859933382577043232863259629051517385710216858265388694194693109437753550055E-8,"[0,""2637049120433479612945011080662814716980468660291593388800969970289417878999186466217844671"",-324,301]","[0,""5274098240866959225890022161325629433960937320583186780536874130633054916573550019046054529"",-325,302]",5.564807586086552e-55,5e-09,1.4142135623730952e-07,False,CERTIFIED_GLOBAL
quadratic,mixed,5,8,0.00031622776601683794,0.1,0.5473123280150619,4.4908261623955824e-07,4.490826162395583e-07,4.4908261623955827251280271330910984431529873530740843614044806838079398184469737753452064810623E-7,4.4908261623955827251280271330910984431529873530740843638727866620766886959584781656941119501952E-7,"[0,""7673877170761133066701495910421284706566508661974371076194086204245950335643612274993706349"",-323,302]","[0,""1918469292690283266675373977605321176641627165493592770102975465115113025882697994116745643"",-321,300]",5.496329381300428e-55,5e-08,7.952707287670506e-07,False,CERTIFIED_GLOBAL
quadratic,mixed,6,8,0.001,0.1,0.5252674465739843,2.681284687028654e-06,2.6812846870286544e-06,0.0000026812846870286541000075786705444492624475722285803446109302519901679527883169933196590819575102,0.0000026812846870286541000075786705444492624475722285803446123708259094865366168619717546009951639599,"[0,""5727189331106459933171849277409447991922313829595650662890351987378994877023072580361124921"",-320,302]","[0,""5727189331106459933171849277409447991922313829595650665967399203329265016091605816893458235"",-320,302]",5.372700356242287e-55,5e-07,4.472135954999579e-06,False,CERTIFIED_GLOBAL
quadratic,mixed,7,8,0.0031622776601683794,0.1,0.4891501130164938,1.670380216200392e-05,1.6703802162003924e-05,0.000016703802162003921879887839222451900254592567974429686803429293320069152827932698943279286556977,0.000016703802162003921879887839222451900254592567974429686812033742915500646427927761389458584896772,"[0,""4459888108578505822489303155700535825278866747271722894274653733959320391624111104187309017"",-317,302]","[0,""4459888108578505822489303155700535825278866747271722896572027832343894134895055779868003483"",-317,302]",5.151192232750459e-55,5e-06,2.514866859365871e-05,False,CERTIFIED_GLOBAL
quadratic,mixed,8,8,0.01,0.1,0.43444708065832494,0.00011116280771453526,0.00011116280771453527,0.00011116280771453527024399542392446032216851810231997466597056405798661174971725627148291926967456,0.00011116280771453527024399542392446032216851810231997466602358393693640126960713159878819467419583,"[0,""3710036189919004198485158474691556655311010436748490605994004667994486642783661893383497733"",-314,301]","[0,""7420072379838008396970316949383113310622020873496981215527064776077922396688357242349009431"",-315,302]",4.7695699703756964e-55,5e-05,0.0001414213562373095,False,CERTIFIED_GLOBAL
quadratic,mixed,9,8,0.03162277660168379,0.1,0.36192435534945677,0.0008095465815973539,0.000809546581597354,0.00080954658159735398248358547275646886859574619732278905126662758891298311076312181610565374403257,0.00080954658159735398248358547275646886859574619732278905160471730144769497080482077391875649171814,"[0,""6754613294007958226765558941408061668349934946131121017159123778085435101619937983178642385"",-312,302]","[0,""6754613294007958226765558941408061668349934946131121019980042695868137232624056089518518251"",-312,302]",4.176284851547533e-55,0.0005,0.0007952707287670507,False,CERTIFIED_GLOBAL
quadratic,mixed,10,8,0.1,0.1,0.281515234634064,0.006518350554724253,0.0065183505547242535,0.0065183505547242529446474321970900074522227015018067210554617961269317033386906106755143991431601,0.0065183505547242529446474321970900074522227015018067210576807486044681710990933862921507055651485,"[0,""3399197334101288338930233164845764103944832185358649404119952799312186392472493422677906043"",-308,301]","[0,""6798394668202576677860466329691528207889664370717298810554189644201755394727487417600815763"",-309,302]",3.404162539138456e-55,0.005,0.00447213595499958,False,CERTIFIED_GLOBAL
quadratic,mixed,11,8,0.25,0.1,0.2212085913951166,0.03653910329222136,0.03653910329222137,0.036539103292221362445306659626280785865853317169081293273501022685934246716645555548988062729999,0.036539103292221362445306659626280785865853317169081293283557428790907596803531600156743760660284,"[0,""4763613948752433786419110433163547464741846037965292453880926178306982935278269324803934389"",-306,302]","[0,""2381806974376216893209555216581773732370923018982646227595991442064226653821798295777432235"",-305,301]",2.7522312259683208e-55,0.03125,0.017677669529663688,False,CERTIFIED_GLOBAL
