anchor,source,fold,device,row_id,method,k,candidate,runner_up,label,pair_alpha_lower,pair_alpha_upper,pair_radius_lower,pair_radius_upper,pair_censored,multiclass_radius_lower,multiclass_radius_upper,multiclass_censored,solver_failures
0,S1,leave_environment_A,31,418,baseline,0,38,32,31,1479.7206364849094,1479.7456033605688,6.362270709599926e-05,0.00014491867472052973,False,6.362270709599926e-05,0.00014491867472052973,False,9
0,S1,leave_environment_A,31,418,difference,1,38,32,31,1063.9945118812532,1064.0171055651117,8.498192244662007e-05,0.00028203578312648985,False,8.498192244662007e-05,0.00028203578312648985,False,9
0,S1,leave_environment_A,31,418,raw_scores,1,38,32,31,1147.8913846339697,1147.9140781242459,8.004199931913917e-05,0.00024228352112339822,False,8.004199931913917e-05,0.00024228352112339822,False,8
0,S1,leave_environment_A,31,418,random_17,1,38,32,31,1226.3392088041485,1226.3606446534718,7.573247391912915e-05,0.00021019003417062983,False,7.573247391912915e-05,0.00021019003417062983,False,7
0,S1,leave_environment_A,31,418,random_29,1,38,32,31,1259.4784125630306,1259.499092586631,7.399682422533927e-05,0.00019980643476122647,False,7.399682422533927e-05,0.00019980643476122647,False,8
0,S1,leave_environment_A,31,418,random_43,1,38,32,31,1135.6481503344883,1135.6689196451332,8.074111836176576e-05,0.00024758058013398736,False,8.074111836176576e-05,0.00024758058013398736,False,8
0,S1,leave_environment_A,31,418,difference,2,38,32,31,590.7302177259063,590.7508954006944,0.00012056291641775024,0.000931662088601166,False,0.00012056291641775024,0.000931662088601166,False,3
0,S1,leave_environment_A,31,418,raw_scores,2,38,32,31,680.340552272509,680.3612303442657,0.00011268358053125433,0.000708755952605337,False,0.00011268358053125433,0.000708755952605337,False,5
0,S1,leave_environment_A,31,418,random_17,2,38,32,31,727.5556510923185,727.5763293732128,0.00010876622372882496,0.0005947234750561602,False,0.00010876622372882496,0.0005947234750561602,False,3
0,S1,leave_environment_A,31,418,random_29,2,38,32,31,793.6882323972369,793.7089109712211,0.00010353689022060484,0.0005021694018053941,False,0.00010353689022060484,0.0005021694018053941,False,3
0,S1,leave_environment_A,31,418,random_43,2,38,32,31,759.4140168828023,759.4346953047444,0.00010621034001057907,0.0005519692743793088,False,0.00010621034001057907,0.0005519692743793088,False,5
1,S1,leave_environment_A,32,471,baseline,0,38,32,32,1487.9952687613702,1488.016320764671,7.49322487796722e-05,0.00017990872241989355,False,7.49322487796722e-05,0.00017990872241989355,False,8
1,S1,leave_environment_A,32,471,difference,1,38,32,32,1077.844034968246,1077.8647618172292,9.838322911301713e-05,0.00034507238962027645,False,9.838322911301713e-05,0.00034507238962027645,False,6
1,S1,leave_environment_A,32,471,raw_scores,1,38,32,32,1156.585801275997,1156.6073044665375,9.3260116764797e-05,0.0002990754881682326,False,9.3260116764797e-05,0.0002990754881682326,False,6
1,S1,leave_environment_A,32,471,random_17,1,38,32,32,1231.2555596435816,1231.27670443413,8.869392204419794e-05,0.000261507363193594,False,8.869392204419794e-05,0.000261507363193594,False,8
1,S1,leave_environment_A,32,471,random_29,1,38,32,32,1254.5993531521892,1254.6208445107247,8.732191432934094e-05,0.00025248210829861823,False,8.732191432934094e-05,0.00025248210829861823,False,9
1,S1,leave_environment_A,32,471,random_43,1,38,32,32,1144.2791553806326,1144.299834971522,9.403952775062514e-05,0.0003065587798488818,False,9.403952775062514e-05,0.0003065587798488818,False,8
1,S1,leave_environment_A,32,471,difference,2,38,32,32,606.0292315295317,606.0499092723078,0.0001369319103702093,0.0011131791038436383,False,0.0001369319103702093,0.0011131791038436383,False,3
1,S1,leave_environment_A,32,471,raw_scores,2,38,32,32,688.500733897038,688.5214120051542,0.00012910003486986488,0.0008736346747104833,False,0.00012910003486986488,0.0008736346747104833,False,5
1,S1,leave_environment_A,32,471,random_17,2,38,32,32,731.2894972072235,731.310175504659,0.00012523524878331615,0.0007401504852330495,False,0.00012523524878331615,0.0007401504852330495,False,6
1,S1,leave_environment_A,32,471,random_29,2,38,32,32,782.218789537077,782.2394680602498,0.00012080454254708487,0.0006473929489871908,False,0.00012080454254708487,0.0006473929489871908,False,3
1,S1,leave_environment_A,32,471,random_43,2,38,32,32,766.2342888934484,766.2549673456049,0.00012217571257757624,0.000680514312549295,False,0.00012217571257757624,0.000680514312549295,False,5
2,S1,leave_environment_A,33,503,baseline,0,38,37,33,1154.6143090322482,1154.6348239608383,6.938822806200444e-05,0.00018129250762714024,False,6.938822806200444e-05,0.00018129250762714024,False,8
2,S1,leave_environment_A,33,503,difference,1,38,37,33,837.1754272294035,837.1958467701946,8.960548255210028e-05,0.00034697434723971414,False,8.960548255210028e-05,0.00034697434723971414,False,8
2,S1,leave_environment_A,33,503,raw_scores,1,38,37,33,898.5335838399874,898.5514826799722,8.519912517527177e-05,0.00029996629278460167,False,8.519912517527177e-05,0.00029996629278460167,False,8
2,S1,leave_environment_A,33,503,random_17,1,38,37,33,970.430188933123,970.4504799497008,8.03579578815795e-05,0.0002551748627302678,False,8.03579578815795e-05,0.0002551748627302678,False,9
2,S1,leave_environment_A,33,503,random_29,1,38,37,33,956.7597553059935,956.779368270485,8.125271289201292e-05,0.0002641588322995758,False,8.125271289201292e-05,0.0002641588322995758,False,9
2,S1,leave_environment_A,33,503,random_43,1,38,37,33,909.9338551820308,909.952533132739,8.440879607756229e-05,0.00029379192717549746,False,8.440879607756229e-05,0.00029379192717549746,False,8
2,S1,leave_environment_A,33,503,difference,2,38,37,33,472.5557859219389,472.5735954611223,0.00012192575691368411,0.0011012540555448982,False,0.00012192575691368411,0.0011012540555448982,False,3
2,S1,leave_environment_A,33,503,raw_scores,2,38,37,33,562.0182793811754,562.0360893167268,0.00011291963478724316,0.0007755793904722485,False,0.00011291963478724316,0.0007755793904722485,False,5
2,S1,leave_environment_A,33,503,random_17,2,38,37,33,628.5340870927611,628.5518973229134,0.00010670535387707882,0.0006083087851122401,False,0.00010670535387707882,0.0006083087851122401,False,6
2,S1,leave_environment_A,33,503,random_29,2,38,37,33,576.8698805532244,576.8876905545945,0.0001114975643398034,0.0007290267355362949,False,0.0001114975643398034,0.0007290267355362949,False,6
2,S1,leave_environment_A,33,503,random_43,2,38,37,33,563.9478795212743,563.9656894652236,0.0001127337274321632,0.0007594311848794112,False,0.0001127337274321632,0.0007594311848794112,False,5
3,S1,leave_environment_A,34,555,baseline,0,38,32,34,1482.4282996587851,1482.4520911476018,6.558896003388381e-05,0.00015084018953927456,False,6.558896003388381e-05,0.00015084018953927456,False,9
3,S1,leave_environment_A,34,555,difference,1,38,32,34,1063.4898441881103,1063.5105443522284,8.757904240469305e-05,0.00029537814320460324,False,8.757904240469305e-05,0.00029537814320460324,False,9
3,S1,leave_environment_A,34,555,raw_scores,1,38,32,34,1146.2377035801035,1146.261803254561,8.259915475107376e-05,0.00025376895057581655,False,8.259915475107376e-05,0.00025376895057581655,False,6
3,S1,leave_environment_A,34,555,random_17,1,38,32,34,1228.891564500727,1228.915701492084,7.796089700655328e-05,0.00021872750019497606,False,7.796089700655328e-05,0.00021872750019497606,False,7
3,S1,leave_environment_A,34,555,random_29,1,38,32,34,1266.5255162878464,1266.5465076913306,7.595398933883398e-05,0.0002065765212955648,False,7.595398933883398e-05,0.0002065765212955648,False,7
3,S1,leave_environment_A,34,555,random_43,1,38,32,34,1131.4431419198872,1131.4638214660545,8.346429044713063e-05,0.000260560641902919,False,8.346429044713063e-05,0.000260560641902919,False,7
3,S1,leave_environment_A,34,555,difference,2,38,32,34,587.435495878,587.4561735382468,0.0001240873768158821,0.0009784533958385575,False,0.0001240873768158821,0.0009784533958385575,False,5
3,S1,leave_environment_A,34,555,raw_scores,2,38,32,34,681.5583079500094,681.578986027213,0.00011566591158593237,0.0007370723344882851,False,0.00011566591158593237,0.0007370723344882851,False,5
3,S1,leave_environment_A,34,555,random_17,2,38,32,34,722.2747139814973,722.2953922389959,0.00011222342542073781,0.0006298637894741571,False,0.00011222342542073781,0.0006298637894741571,False,7
3,S1,leave_environment_A,34,555,random_29,2,38,32,34,805.3071817135235,805.3278603389812,0.00010555780601167245,0.0005102943582691261,False,0.00010555780601167245,0.0005102943582691261,False,4
3,S1,leave_environment_A,34,555,random_43,2,38,32,34,761.7808082590583,761.8014866914854,0.00010899389140083476,0.0005734472796611621,False,0.00010899389140083476,0.0005734472796611621,False,3
4,S1,leave_environment_A,35,596,baseline,0,38,37,35,1156.3945408623047,1156.4126277411415,5.630342223442983e-05,0.00013628046894818027,False,5.630342223442983e-05,0.00013628046894818027,False,9
4,S1,leave_environment_A,35,596,difference,1,38,37,35,840.4320432596905,840.4503311740361,7.373865719324143e-05,0.0002588462764034498,False,7.373865719324143e-05,0.0002588462764034498,False,7
4,S1,leave_environment_A,35,596,raw_scores,1,38,37,35,904.933407769328,904.9512193117496,6.970112089414691e-05,0.00022279037959885807,False,6.970112089414691e-05,0.00022279037959885807,False,7
4,S1,leave_environment_A,35,596,random_17,1,38,37,35,973.1962555643034,973.2161578113802,6.571261309529876e-05,0.00019123290916042183,False,6.571261309529876e-05,0.00019123290916042183,False,6
4,S1,leave_environment_A,35,596,random_29,1,38,37,35,956.1372670266661,956.1621902757454,6.668269968421501e-05,0.00019945554231307004,False,6.668269968421501e-05,0.00019945554231307004,False,9
4,S1,leave_environment_A,35,596,random_43,1,38,37,35,911.7286798306503,911.7467896891603,6.929128660224283e-05,0.0002207603587682363,False,6.929128660224283e-05,0.0002207603587682363,False,4
4,S1,leave_environment_A,35,596,difference,2,38,37,35,474.8132831296202,474.8310926789089,0.00010250980175705307,0.0008208867368543472,False,0.00010250980175705307,0.0008208867368543472,False,7
4,S1,leave_environment_A,35,596,raw_scores,2,38,37,35,564.4225678279317,564.4403777741719,9.442325414638756e-05,0.0005774377137090501,False,9.442325414638756e-05,0.0005774377137090501,False,6
4,S1,leave_environment_A,35,596,random_17,2,38,37,35,626.704571947468,626.7223821695155,8.922624460447264e-05,0.00046147121820018456,False,8.922624460447264e-05,0.00046147121820018456,False,7
4,S1,leave_environment_A,35,596,random_29,2,38,37,35,578.5023559407638,578.5201659493661,9.321901140209483e-05,0.0005438678473014758,False,9.321901140209483e-05,0.0005040207983085346,False,4
4,S1,leave_environment_A,35,596,random_43,2,38,37,35,562.1803475785038,562.1981575146226,9.4616648430198e-05,0.0005765272356355154,False,9.4616648430198e-05,0.0005765272356355154,False,4
5,S1,leave_environment_A,36,638,baseline,0,38,37,36,1145.5509005486042,1145.5701098133195,7.800105530092362e-05,0.00021502609169517893,False,6.805647740384111e-05,0.00015922760493759048,False,8
5,S1,leave_environment_A,36,638,difference,1,38,37,36,839.8076802013688,839.825490960972,9.902140187667946e-05,0.00040277023554184394,False,8.563647204726088e-05,0.0002674039627526144,False,8
5,S1,leave_environment_A,36,638,raw_scores,1,38,37,36,893.1081247504019,893.1275830346043,9.491290054162649e-05,0.000354475851511858,False,8.604903257082687e-05,0.0002732470112361173,False,9
5,S1,leave_environment_A,36,638,random_17,1,38,37,36,961.7472410146369,961.7668146078212,8.991419075774722e-05,0.00030297094460912774,False,8.085617895189974e-05,0.00023221649229903226,False,9
5,S1,leave_environment_A,36,638,random_29,1,38,37,36,944.639216644317,944.6617264733441,9.11301205742449e-05,0.00031656014680680116,False,7.800077398466813e-05,0.0002143871711835916,False,7
5,S1,leave_environment_A,36,638,random_43,1,38,37,36,897.9833387177102,898.0014563130558,9.454731012204648e-05,0.0003525076970574061,False,8.652858961932759e-05,0.00027655008500099016,False,9
5,S1,leave_environment_A,36,638,difference,2,38,37,36,473.8672709244878,473.8850804695383,0.0001334441865063398,0.0012831513816807185,False,0.000125169864429608,0.0009394994652105438,False,6
5,S1,leave_environment_A,36,638,raw_scores,2,38,37,36,558.6382877340803,558.6560976546415,0.00012440645343165111,0.0009153357983558728,False,0.00011980485969468521,0.0007962392262759037,False,3
5,S1,leave_environment_A,36,638,random_17,2,38,37,36,614.1467473857372,614.1645575521515,0.00011885838802808458,0.0007420101669790407,False,0.00011563992498796175,0.0006656669472111959,False,7
5,S1,leave_environment_A,36,638,random_29,2,38,37,36,575.5994681595259,575.6172781552679,0.00012268100505633575,0.0008540511458369368,False,0.00010693611039486586,0.000510022049764511,False,5
5,S1,leave_environment_A,36,638,random_43,2,38,37,36,557.8742276054703,557.8920375225124,0.0001244848158133754,0.0009079959641801439,False,0.00011241096082616172,0.000609501694919072,False,6
6,S1,leave_environment_A,37,652,baseline,0,38,32,37,1479.111066966147,1479.1328600814004,6.904535170701396e-05,0.0001617435275990709,False,6.904535170701396e-05,0.0001617435275990709,False,9
6,S1,leave_environment_A,37,652,difference,1,38,32,37,1051.9720160387328,1051.9927687976203,9.238475343194994e-05,0.0003224232091424996,False,9.238475343194994e-05,0.0003224232091424996,False,8
6,S1,leave_environment_A,37,652,raw_scores,1,38,32,37,1119.3694452789919,1119.3920834327444,8.813079713501689e-05,0.0002844259866606084,False,8.813079713501689e-05,0.0002844259866606084,False,5
6,S1,leave_environment_A,37,652,random_17,1,38,32,37,1222.106981890793,1222.1276620450535,8.208844811200623e-05,0.00023612300018961588,False,8.208844811200623e-05,0.00023612300018961588,False,8
6,S1,leave_environment_A,37,652,random_29,1,38,32,37,1268.7842549179024,1268.8049349865782,7.95089376552298e-05,0.0002198743200691167,False,7.95089376552298e-05,0.0002198743200691167,False,8
6,S1,leave_environment_A,37,652,random_43,1,38,32,37,1126.266063060204,1126.2868200144583,8.770893069619585e-05,0.00028070427092516376,False,8.770893069619585e-05,0.00028070427092516376,False,9
6,S1,leave_environment_A,37,652,difference,2,38,32,37,582.2322477568441,582.2529253941417,0.00012966866244864427,0.0010627009179115694,False,0.00012966866244864427,0.0010627009179115694,False,4
6,S1,leave_environment_A,37,652,raw_scores,2,38,32,37,679.9759753400939,679.9966534102349,0.0001206755338591057,0.0007867579681447791,False,0.0001206755338591057,0.0007867579681447791,False,4
6,S1,leave_environment_A,37,652,random_17,2,38,32,37,712.6127876725693,712.6334658872646,0.00011783009834284311,0.0006900481657730814,False,0.00011783009834284311,0.0006900481657730814,False,4
6,S1,leave_environment_A,37,652,random_29,2,38,32,37,810.203924864514,810.2246035116648,0.00010976514143047145,0.0005386653601291057,False,0.00010976514143047145,0.0005386653601291057,False,1
6,S1,leave_environment_A,37,652,random_43,2,38,32,37,758.6214858296411,758.6421642480719,0.0001139467836521597,0.0006175618238621934,False,0.0001139467836521597,0.0006175618238621934,False,6
7,S1,leave_environment_A,38,683,baseline,0,38,32,38,1482.2510718650694,1482.2740618894795,6.216279566891492e-05,0.00014034582118480746,False,6.216279566891492e-05,0.00014034582118480746,False,9
7,S1,leave_environment_A,38,683,difference,1,38,32,38,1061.8609135490385,1061.8832964694186,8.344179750563934e-05,0.00027551552486371656,False,8.344179750563934e-05,0.00027551552486371656,False,7
7,S1,leave_environment_A,38,683,raw_scores,1,38,32,38,1131.3164525686998,1131.337132086087,7.937668978708369e-05,0.00024234416691244174,False,7.937668978708369e-05,0.00024234416691244174,False,8
7,S1,leave_environment_A,38,683,random_17,1,38,32,38,1223.6718369766868,1223.6937525916583,7.433390509698986e-05,0.00020514270026619297,False,7.433390509698986e-05,0.00020514270026619297,False,9
7,S1,leave_environment_A,38,683,random_29,1,38,32,38,1262.3741866737812,1262.3976817527343,7.233668000012785e-05,0.0001933185592917138,False,7.233668000012785e-05,0.0001933185592917138,False,7
7,S1,leave_environment_A,38,683,random_43,1,38,32,38,1130.6997927543205,1130.721843023031,7.941164599423125e-05,0.0002427130022382561,False,7.941164599423125e-05,0.0002427130022382561,False,9
7,S1,leave_environment_A,38,683,difference,2,38,32,38,594.6127054465613,594.6333831386233,0.0001181147914429404,0.0008892321832961757,False,0.0001181147914429404,0.0008892321832961757,False,7
7,S1,leave_environment_A,38,683,raw_scores,2,38,32,38,684.7658228329798,684.7865009242962,0.000110302314379796,0.0006757870190558599,False,0.000110302314379796,0.0006757870190558599,False,5
7,S1,leave_environment_A,38,683,random_17,2,38,32,38,714.6537430992769,714.6744213230137,0.00010784203011884649,0.0005990656459842894,False,0.00010784203011884649,0.0005990656459842894,False,6
7,S1,leave_environment_A,38,683,random_29,2,38,32,38,798.6875937767229,798.7082723728549,0.00010125249191941526,0.00048197518814838104,False,0.00010125249191941526,0.00048197518814838104,False,4
7,S1,leave_environment_A,38,683,random_43,2,38,32,38,759.6933295325325,759.7140079557121,0.00010425129442514327,0.0005359638557727841,False,0.00010425129442514327,0.0005359638557727841,False,5
8,S1,leave_environment_A,39,738,baseline,0,38,32,39,1480.2954998329603,1480.3175433801555,7.02692437510495e-05,0.0001655570108690837,False,7.02692437510495e-05,0.0001655570108690837,False,9
8,S1,leave_environment_A,39,738,difference,1,38,32,39,1057.1929596431648,1057.214281501934,9.361613261694387e-05,0.000327496499892219,False,9.361613261694387e-05,0.000327496499892219,False,7
8,S1,leave_environment_A,39,738,raw_scores,1,38,32,39,1131.3517401705456,1131.374212652716,8.891370934443251e-05,0.0002853366527707903,False,8.891370934443251e-05,0.0002853366527707903,False,8
8,S1,leave_environment_A,39,738,random_17,1,38,32,39,1224.0057688412548,1224.0273148087294,8.342958208829903e-05,0.00024127978896018915,False,8.342958208829903e-05,0.00024127978896018915,False,9
8,S1,leave_environment_A,39,738,random_29,1,38,32,39,1266.6624742077415,1266.6853937408225,8.104227614009332e-05,0.00022608302313486373,False,8.104227614009332e-05,0.00022608302313486373,False,9
8,S1,leave_environment_A,39,738,random_43,1,38,32,39,1126.315462114515,1126.33646465278,8.922409980360651e-05,0.00028793569244628056,False,8.922409980360651e-05,0.00028793569244628056,False,9
8,S1,leave_environment_A,39,738,difference,2,38,32,39,585.7962527280088,585.8169303808266,0.0001312825565724268,0.0010781539431449646,False,0.0001312825565724268,0.0010781539431449646,False,6
8,S1,leave_environment_A,39,738,raw_scores,2,38,32,39,679.9805172857367,680.0011953559624,0.00012254836639688215,0.0008093395291875558,False,0.00012254836639688215,0.0008093395291875558,False,2
8,S1,leave_environment_A,39,738,random_17,2,38,32,39,714.6409251451556,714.6616033688359,0.00011949957879335296,0.0007040299666306291,False,0.00011949957879335296,0.0007040299666306291,False,2
8,S1,leave_environment_A,39,738,random_29,2,38,32,39,807.0991374946205,807.1198161280171,0.00011177849571839331,0.0005563171861369304,False,0.00011177849571839331,0.0005563171861369304,False,4
8,S1,leave_environment_A,39,738,random_43,2,38,32,39,759.5809742031287,759.6016526258102,0.0001156734025376707,0.000631706491646041,False,0.0001156734025376707,0.000631706491646041,False,2
9,S1,leave_environment_A,40,784,baseline,0,38,32,40,1470.6306630465253,1470.6533741828796,5.9675913427589724e-05,0.00013360944807772892,False,5.9675913427589724e-05,0.00013360944807772892,False,9
9,S1,leave_environment_A,40,784,difference,1,38,32,40,1044.446183762037,1044.469362342876,8.079905599871589e-05,0.0002669717771857554,False,8.079905599871589e-05,0.0002669717771857554,False,8
9,S1,leave_environment_A,40,784,raw_scores,1,38,32,40,1125.1538262917086,1125.1774509045672,7.617467479172177e-05,0.00022971870636911943,False,7.617467479172177e-05,0.00022971870636911943,False,8
9,S1,leave_environment_A,40,784,random_17,1,38,32,40,1216.3530374830664,1216.3739663668791,7.132723206481004e-05,0.00019474889524217153,False,7.132723206481004e-05,0.00019474889524217153,False,6
9,S1,leave_environment_A,40,784,random_29,1,38,32,40,1266.43787619077,1266.460344809097,6.882449281784457e-05,0.0001803170507340671,False,6.882449281784457e-05,0.0001803170507340671,False,8
9,S1,leave_environment_A,40,784,random_43,1,38,32,40,1117.7149731757459,1117.73749619266,7.658743809817767e-05,0.00023250907487876594,False,7.658743809817767e-05,0.00023250907487876594,False,9
9,S1,leave_environment_A,40,784,difference,2,38,32,40,571.6236387060677,571.6443162963747,0.00011554180960090537,0.0008981169806542939,False,0.00011554180960090537,0.0008981169806542939,False,3
9,S1,leave_environment_A,40,784,raw_scores,2,38,32,40,671.4545585773893,671.4752366098886,0.00010697123982069357,0.0006574824026954713,False,0.00010697123982069357,0.0006574824026954713,False,4
9,S1,leave_environment_A,40,784,random_17,2,38,32,40,713.9102828923934,713.9309611128367,0.00010354512845143314,0.0005610643913480169,False,0.00010354512845143314,0.0005610643913480169,False,4
9,S1,leave_environment_A,40,784,random_29,2,38,32,40,814.5768636012448,814.5975422677687,9.590997853478755e-05,0.00043540913451207345,False,9.590997853478755e-05,0.00043540913451207345,False,7
9,S1,leave_environment_A,40,784,random_43,2,38,32,40,752.1056053973082,752.1262837868729,0.00010056905313858956,0.0005131114979435128,False,0.00010056905313858956,0.0005131114979435128,False,2
10,S1,leave_environment_B,31,815,baseline,0,38,37,31,1197.5720408848142,1197.5905278474106,6.009673156924344e-05,0.00015048238114862973,False,6.009673156924344e-05,0.00015048238114862973,False,8
10,S1,leave_environment_B,31,815,difference,1,38,37,31,870.8794135595742,870.8978782652576,7.811717686088237e-05,0.0002863005585015481,False,7.811717686088237e-05,0.0002863005585015481,False,9
10,S1,leave_environment_B,31,815,raw_scores,1,38,37,31,901.3718900410933,901.3919193954354,7.618318979682851e-05,0.000266288503734664,False,7.618318979682851e-05,0.000266288503734664,False,8
10,S1,leave_environment_B,31,815,random_17,1,38,37,31,995.3412593242249,995.3598784434201,7.057151271086637e-05,0.0002170508348083455,False,7.057151271086637e-05,0.0002170508348083455,False,9
10,S1,leave_environment_B,31,815,random_29,1,38,37,31,981.9944163527614,982.0146354241953,7.133761528806185e-05,0.0002239114189104136,False,7.133761528806185e-05,0.0002239114189104136,False,9
10,S1,leave_environment_B,31,815,random_43,1,38,37,31,935.6018368935603,935.6238739759417,7.407933529373518e-05,0.00024770323647578405,False,7.407933529373518e-05,0.00024770323647578405,False,8
10,S1,leave_environment_B,31,815,difference,2,38,37,31,504.21909609009384,504.2375457617506,0.00010645253175320485,0.0008618370627634122,False,0.00010645253175320485,0.0008618370627634122,False,6
10,S1,leave_environment_B,31,815,raw_scores,2,38,37,31,568.5640617857771,568.5825117425117,0.000100728455942418,0.0006733186678081406,False,0.000100728455942418,0.0006733186678081406,False,5
10,S1,leave_environment_B,31,815,random_17,2,38,37,31,639.8262811110973,639.8447313834743,9.478849351581918e-05,0.0005219324045379088,False,9.478849351581918e-05,0.0005219324045379088,False,4
10,S1,leave_environment_B,31,815,random_29,2,38,37,31,581.8746201121189,581.8930701278628,9.958781682965156e-05,0.0006429779148593865,False,9.958781682965156e-05,0.0006429779148593865,False,3
10,S1,leave_environment_B,31,815,random_43,2,38,37,31,575.4023854832817,575.4208354701718,0.00010014062842915625,0.0006514153214699583,False,0.00010014062842915625,0.0006514153214699583,False,3
11,S1,leave_environment_B,32,876,baseline,0,38,32,32,1554.206184537228,1554.2298069665633,9.489851061191724e-05,0.00025808301300095127,False,9.489851061191724e-05,0.00025808301300095127,False,8
11,S1,leave_environment_B,32,876,difference,1,38,32,32,1132.412406064033,1132.4343570313688,0.00012119548732958772,0.0004915597737207188,False,0.00012119548732958772,0.0004915597737207188,False,6
11,S1,leave_environment_B,32,876,raw_scores,1,38,32,32,1222.3291081772334,1222.3517689661116,0.00011492765135282932,0.0004173289352591573,False,0.00011492765135282932,0.0004173289352591573,False,9
11,S1,leave_environment_B,32,876,random_17,1,38,32,32,1277.2130073500966,1277.235174241798,0.00011128959092153302,0.00037984110699598565,False,0.00011128959092153302,0.00037984110699598565,False,7
11,S1,leave_environment_B,32,876,random_29,1,38,32,32,1308.5318184572054,1308.5560246520224,0.0001092746382061013,0.0003629361799937844,False,0.0001092746382061013,0.0003629361799937844,False,8
11,S1,leave_environment_B,32,876,random_43,1,38,32,32,1181.5236644509548,1181.5489301931896,0.00011772350858545635,0.0004505659767007713,False,0.00011772350858545635,0.0004505659767007713,False,9
11,S1,leave_environment_B,32,876,difference,2,38,32,32,631.2520554304174,631.2740018956442,0.00016423988285267963,0.0015769651602909158,False,0.00016423988285267963,0.0015769651602909158,False,6
11,S1,leave_environment_B,32,876,raw_scores,2,38,32,32,704.1530325351498,704.1749793233394,0.00015702321423076277,0.0013195809220498597,False,0.00015702321423076277,0.0013195809220498597,False,4
11,S1,leave_environment_B,32,876,random_17,2,38,32,32,744.002140785163,744.024087749577,0.00015322728266313154,0.0011103959002731303,False,0.00015322728266313154,0.0011103959002731303,False,4
11,S1,leave_environment_B,32,876,random_29,2,38,32,32,819.3699655703246,819.3919128687492,0.00014632463414440772,0.0009256782365498978,False,0.00014632463414440772,0.0009256782365498978,False,3
11,S1,leave_environment_B,32,876,random_43,2,38,32,32,805.5225565663346,805.5445038031982,0.00014756628892386047,0.000965514603691394,False,0.00014756628892386047,0.000965514603691394,False,8
12,S1,leave_environment_B,33,885,baseline,0,38,37,33,1224.3182985384008,1224.3452229936693,0.00011991194803902463,0.0003947461594019537,False,0.00010009532543965303,0.00027947090831870994,False,8
12,S1,leave_environment_B,33,885,difference,1,38,37,33,883.2649096909093,883.2846077453502,0.0001495165191975017,0.0007669828122720926,False,0.00012298874755857462,0.0004763284725189887,False,9
12,S1,leave_environment_B,33,885,raw_scores,1,38,37,33,925.4093456612051,925.4318879711977,0.00014543119313523226,0.0006951957192445628,False,0.00012105783167523479,0.000455915879041103,False,9
12,S1,leave_environment_B,33,885,random_17,1,38,37,33,1006.7618609950853,1006.781032306324,0.00013790468362482762,0.0005808531116101983,False,0.00011712571256674204,0.0004122737224249527,False,6
12,S1,leave_environment_B,33,885,random_29,1,38,37,33,1003.3333685697734,1003.3520087849603,0.0001382126776810583,0.0005894741027593206,False,0.00011484929965341231,0.00039241972802556103,False,8
12,S1,leave_environment_B,33,885,random_43,1,38,37,33,968.6921003261275,968.713078451551,0.0001413691670151831,0.0006360057169773808,False,0.00012382004574808923,0.0004900008379266679,False,7
12,S1,leave_environment_B,33,885,difference,2,38,37,33,527.5075338915107,527.5259836664601,0.00018967038742224635,0.002180751023989709,False,0.0001676077975050058,0.0015878499251310559,False,3
12,S1,leave_environment_B,33,885,raw_scores,2,38,37,33,588.027258713215,588.0457087562272,0.00018206657941503168,0.0017505857595107998,False,0.00016472236183095432,0.0014626789081464383,False,4
12,S1,leave_environment_B,33,885,random_17,2,38,37,33,656.3894073706824,656.4078577164362,0.00017387815335219314,0.0013549415450408392,False,0.00016033262902747183,0.0012109890892877963,False,1
12,S1,leave_environment_B,33,885,random_29,2,38,37,33,580.846847269683,580.8652972808737,0.0001829510296746163,0.0017784839717132543,False,0.00015260661389481618,0.0009936941219777756,False,4
12,S1,leave_environment_B,33,885,random_43,2,38,37,33,602.1964137695567,602.2148638751481,0.00018033504751958836,0.0016323220839244666,False,0.00015427759350343075,0.0010477252060690921,False,5
13,S1,leave_environment_B,34,934,baseline,0,38,32,34,1544.3050702223534,1544.331866415561,8.569413401722848e-05,0.00022493449800286316,False,8.569413401722848e-05,0.00022493449800286316,False,8
13,S1,leave_environment_B,34,934,difference,1,38,32,34,1106.8554936936532,1106.881446988323,0.0001113975100048827,0.0004431346043397926,False,0.0001113975100048827,0.0004431346043397926,False,8
13,S1,leave_environment_B,34,934,raw_scores,1,38,32,34,1197.004173699064,1197.0267546158925,0.00010541989362530451,0.00037553971617186713,False,0.00010541989362530451,0.00037553971617186713,False,9
13,S1,leave_environment_B,34,934,random_17,1,38,32,34,1267.7170471705247,1267.7389993318473,0.0001009949173303687,0.00033210870505447564,False,0.0001009949173303687,0.00033210870505447564,False,7
13,S1,leave_environment_B,34,934,random_29,1,38,32,34,1315.6885050919168,1315.7104632688342,9.811865499374385e-05,0.0003094671179125413,False,9.811865499374385e-05,0.0003094671179125413,False,8
13,S1,leave_environment_B,34,934,random_43,1,38,32,34,1162.7189210843344,1162.7426847737102,0.00010764772698239627,0.00039978306374471867,False,0.00010764772698239627,0.00039978306374471867,False,7
13,S1,leave_environment_B,34,934,difference,2,38,32,34,614.0690953950742,614.0910417841217,0.00015186707664152722,0.001430096885242974,False,0.00015186707664152722,0.001430096885242974,False,4
13,S1,leave_environment_B,34,934,raw_scores,2,38,32,34,694.9424134436265,694.9643601907471,0.00014421473173927685,0.0011526766831395998,False,0.00014421473173927685,0.0011526766831395998,False,5
13,S1,leave_environment_B,34,934,random_17,2,38,32,34,727.3302874435113,727.3522343340668,0.00014127081824875617,0.0009981368839063606,False,0.00014127081824875617,0.0009981368839063606,False,5
13,S1,leave_environment_B,34,934,random_29,2,38,32,34,836.1238597510489,836.1458071236952,0.00013186366456236498,0.0007670731265868333,False,0.00013186366456236498,0.0007670731265868333,False,4
13,S1,leave_environment_B,34,934,random_43,2,38,32,34,796.7309928899044,796.7529400878196,0.00013518603633027893,0.0008495780701048907,False,0.00013518603633027893,0.0008495780701048907,False,5
14,S1,leave_environment_B,35,965,baseline,0,38,32,35,1551.6462458066105,1551.6701081089225,8.147403503143537e-05,0.00020908057495432913,False,8.147403503143537e-05,0.00020908057495432913,False,8
14,S1,leave_environment_B,35,965,difference,1,38,32,35,1120.5021089763936,1120.530419371524,0.00010584315227240569,0.0004051248708999727,False,0.00010584315227240569,0.0004051248708999727,False,6
14,S1,leave_environment_B,35,965,raw_scores,1,38,32,35,1210.532300377573,1210.5552338482476,0.00010010232949160788,0.00034376890272896313,False,0.00010010232949160788,0.00034376890272896313,False,7
14,S1,leave_environment_B,35,965,random_17,1,38,32,35,1276.0976718071395,1276.1197135094608,9.615286081654631e-05,0.00030744484828528574,False,9.615286081654631e-05,0.00030744484828528574,False,8
14,S1,leave_environment_B,35,965,random_29,1,38,32,35,1314.6284108975217,1314.6529336015126,9.391849122811213e-05,0.0002905598531019775,False,9.391849122811213e-05,0.0002905598531019775,False,9
14,S1,leave_environment_B,35,965,random_43,1,38,32,35,1173.6230535472796,1173.646594827214,0.00010241035366398936,0.0003682586319064683,False,0.00010241035366398936,0.0003682586319064683,False,8
14,S1,leave_environment_B,35,965,difference,2,38,32,35,623.8601105837133,623.882057016033,0.00014526728309510742,0.0013040133212191053,False,0.00014526728309510742,0.0013040133212191053,False,4
14,S1,leave_environment_B,35,965,raw_scores,2,38,32,35,701.0535212543747,701.0754680287823,0.00013817190942834904,0.0010642411835970875,False,0.00013817190942834904,0.0010642411835970875,False,2
14,S1,leave_environment_B,35,965,random_17,2,38,32,35,738.100840568022,738.1227875062923,0.00013490409866532,0.000910936575689849,False,0.00013490409866532,0.000910936575689849,False,4
14,S1,leave_environment_B,35,965,random_29,2,38,32,35,828.0238914399367,828.0458387766989,0.0001273268695190392,0.0007328003013922497,False,0.0001273268695190392,0.0007328003013922497,False,3
14,S1,leave_environment_B,35,965,random_43,2,38,32,35,799.3380372081323,799.3599844175973,0.00012969067387054163,0.0007915049122054474,False,0.00012969067387054163,0.0007915049122054474,False,6
15,S1,leave_environment_B,36,1010,baseline,0,38,37,36,1199.6165045475468,1199.6349659968757,4.626324310163588e-05,0.00010540429482856734,False,4.626324310163588e-05,0.00010540429482856734,False,8
15,S1,leave_environment_B,36,1010,difference,1,38,37,36,878.5383469910788,878.5634712546821,6.100173494603169e-05,0.0001969974777924913,False,6.100173494603169e-05,0.0001969974777924913,False,7
15,S1,leave_environment_B,36,1010,raw_scores,1,38,37,36,909.1734644752195,909.1919155971221,5.937045350664247e-05,0.0001835036116852559,False,5.937045350664247e-05,0.0001835036116852559,False,9
15,S1,leave_environment_B,36,1010,random_17,1,38,37,36,1006.5384069164454,1006.5575842330054,5.4522592545640034e-05,0.00014918875655464813,False,5.4522592545640034e-05,0.00014918875655464813,False,6
15,S1,leave_environment_B,36,1010,random_29,1,38,37,36,978.4315835026115,978.4524667148013,5.587106866614802e-05,0.00015842526276811707,False,5.587106866614802e-05,0.00015842526276811707,False,9
15,S1,leave_environment_B,36,1010,random_43,1,38,37,36,924.333951968078,924.354585858128,5.8582269789418225e-05,0.00017808239040576705,False,5.8582269789418225e-05,0.00017808239040576705,False,8
15,S1,leave_environment_B,36,1010,difference,2,38,37,36,496.03417549761133,496.0526251330936,8.652888023080849e-05,0.0006241698077561982,False,8.652888023080849e-05,0.0006241698077561982,False,4
15,S1,leave_environment_B,36,1010,raw_scores,2,38,37,36,572.992062385353,573.0105123618599,8.053328985925416e-05,0.00046242612709687566,False,8.053328985925416e-05,0.00046242612709687566,False,5
15,S1,leave_environment_B,36,1010,random_17,2,38,37,36,634.7159870376861,634.7344372874238,7.60632330699834e-05,0.0003726624827337602,False,7.60632330699834e-05,0.0003726624827337602,False,2
15,S1,leave_environment_B,36,1010,random_29,2,38,37,36,591.3069255162164,591.3253755737469,7.917644611521481e-05,0.00043646297038830203,False,7.917644611521481e-05,0.00043646297038830203,False,4
15,S1,leave_environment_B,36,1010,random_43,2,38,37,36,559.1947182394894,559.2131681545775,8.157286986995402e-05,0.00048457828524186024,False,8.157286986995402e-05,0.00048457828524186024,False,3
16,S1,leave_environment_B,37,1054,baseline,0,38,37,37,1203.8614081437217,1203.880299788724,4.359767086946104e-05,9.724791455556614e-05,False,4.359767086946104e-05,9.724791455556614e-05,False,8
16,S1,leave_environment_B,37,1054,difference,1,38,37,37,875.5687266038725,875.5878014602085,5.8087242833946244e-05,0.00018446590828295105,False,5.8087242833946244e-05,0.00018446590828295105,False,8
16,S1,leave_environment_B,37,1054,raw_scores,1,38,37,37,913.0227602681924,913.0415994706053,5.616433943568319e-05,0.00016924826156249683,False,5.616433943568319e-05,0.00016924826156249683,False,8
16,S1,leave_environment_B,37,1054,random_17,1,38,37,37,1005.4875231020819,1005.5064606265012,5.1736722098060715e-05,0.00013889467754405648,False,5.1736722098060715e-05,0.00013889467754405648,False,9
16,S1,leave_environment_B,37,1054,random_29,1,38,37,37,988.8228528448402,988.8430114364447,5.250242653214145e-05,0.00014414632451879842,False,5.250242653214145e-05,0.00014414632451879842,False,5
16,S1,leave_environment_B,37,1054,random_43,1,38,37,37,935.7633349367167,935.7821114266123,5.503418207693923e-05,0.0001615029490483579,False,5.503418207693923e-05,0.0001615029490483579,False,8
16,S1,leave_environment_B,37,1054,difference,2,38,37,37,499.5189444245666,499.53739407552564,8.238372566085859e-05,0.0005716666532593856,False,8.238372566085859e-05,0.0005716666532593856,False,4
16,S1,leave_environment_B,37,1054,raw_scores,2,38,37,37,572.7320252842374,572.7504752594006,7.685275121609092e-05,0.0004310633313584683,False,7.685275121609092e-05,0.0004310633313584683,False,4
16,S1,leave_environment_B,37,1054,random_17,2,38,37,37,644.5857506578365,644.6042009512984,7.183083294551148e-05,0.00033632096663782244,False,7.183083294551148e-05,0.00033632096663782244,False,3
16,S1,leave_environment_B,37,1054,random_29,2,38,37,37,588.8382270815847,588.8566771281785,7.569311820683668e-05,0.0004085989994467672,False,7.569311820683668e-05,0.0004085989994467672,False,5
16,S1,leave_environment_B,37,1054,random_43,2,38,37,37,569.4793482172455,569.4977981778958,7.708938366256075e-05,0.0004341514203496456,False,7.708938366256075e-05,0.0004341514203496456,False,4
17,S1,leave_environment_B,38,1084,baseline,0,38,37,38,1194.0275809539053,1194.0461851026093,0.00011695568962489386,0.0003875162710130385,False,8.769355192499364e-05,0.00023209735089211258,False,9
17,S1,leave_environment_B,38,1084,difference,1,38,37,38,873.0453855008647,873.0645784303509,0.00014444383338143378,0.0007304513944510304,False,0.00010798222056250462,0.00038920018079541344,False,7
17,S1,leave_environment_B,38,1084,raw_scores,1,38,37,38,896.5626280447817,896.5835371886689,0.00014219142173404009,0.0006899307078201187,False,0.00010925013244293108,0.0004043034733015819,False,7
17,S1,leave_environment_B,38,1084,random_17,1,38,37,38,988.5170793802076,988.5355313707613,0.0001337654024590253,0.0005620274541497274,False,0.00010344104211014357,0.0003446868942836838,False,9
17,S1,leave_environment_B,38,1084,random_29,1,38,37,38,967.956539752275,967.9772029047152,0.00013559792532182786,0.0005905130515139112,False,0.00010012222123301127,0.00031797816192647663,False,6
17,S1,leave_environment_B,38,1084,random_43,1,38,37,38,934.9689835060519,934.9875711862711,0.00013859974707970514,0.0006389461667901554,False,0.00011003633677852155,0.00041337546025939234,False,6
17,S1,leave_environment_B,38,1084,difference,2,38,37,38,515.5021753354586,515.5206250570428,0.00018416134322954942,0.002133524599514963,False,0.00014896925636534154,0.0012470729562801828,False,5
17,S1,leave_environment_B,38,1084,raw_scores,2,38,37,38,573.877959016599,573.8964089968185,0.0001769202867816754,0.0016985161105404,False,0.00014750521649307602,0.0012048366576965597,False,5
17,S1,leave_environment_B,38,1084,random_17,2,38,37,38,627.7005570525378,627.7190072711961,0.00017052031262123553,0.0013806730306727937,False,0.00014438062585491447,0.001041981760948821,False,4
17,S1,leave_environment_B,38,1084,random_29,2,38,37,38,574.2032215186412,574.2216715003999,0.00017688082454884584,0.0016934292199022743,False,0.00013389796982451525,0.0007787894956798867,False,3
17,S1,leave_environment_B,38,1084,random_43,2,38,37,38,573.5397468495846,573.5581968282232,0.0001769613303788424,0.0016808674308628287,False,0.00013800444568706037,0.0008815793168959666,False,5
18,S1,leave_environment_B,39,1155,baseline,0,38,32,39,1546.8717448950417,1546.8954737312727,8.099524332068323e-05,0.00020776155418315628,False,8.099524332068323e-05,0.00020776155418315628,False,6
18,S1,leave_environment_B,39,1155,difference,1,38,32,39,1105.574020350215,1105.5971988186232,0.00010597678666278896,0.0004112032219906832,False,0.00010597678666278896,0.0004112032219906832,False,5
18,S1,leave_environment_B,39,1155,raw_scores,1,38,32,39,1198.4337662685198,1198.4557147906482,0.0001000292385476348,0.0003472355417045745,False,0.0001000292385476348,0.0003472355417045745,False,7
18,S1,leave_environment_B,39,1155,random_17,1,38,32,39,1270.1556228828415,1270.1776104755327,9.570486612029451e-05,0.0003066454462054469,False,9.570486612029451e-05,0.0003066454462054469,False,9
18,S1,leave_environment_B,39,1155,random_29,1,38,32,39,1318.4348656476288,1318.4576989131988,9.291933898374652e-05,0.0002857061845694938,False,9.291933898374652e-05,0.0002857061845694938,False,9
18,S1,leave_environment_B,39,1155,random_43,1,38,32,39,1164.1464657997524,1164.168414124126,0.00010217830010765747,0.0003694979108431857,False,0.00010217830010765747,0.0003694979108431857,False,8
18,S1,leave_environment_B,39,1155,difference,2,38,32,39,615.8002312855504,615.822177682183,0.0001449865170394865,0.0013174910137128855,False,0.0001449865170394865,0.0013174910137128855,False,5
18,S1,leave_environment_B,39,1155,raw_scores,2,38,32,39,691.0626718143274,691.084618544275,0.0001380542091951661,0.0010755638955480225,False,0.0001380542091951661,0.0010755638955480225,False,3
18,S1,leave_environment_B,39,1155,random_17,2,38,32,39,727.5426602588127,727.5646071503088,0.0001348271394496678,0.0009241330908007341,False,0.0001348271394496678,0.0009241330908007341,False,4
18,S1,leave_environment_B,39,1155,random_29,2,38,32,39,840.2969003695764,840.31884776071,0.00012537547855323146,0.0007042688299914917,False,0.00012537547855323146,0.0007042688299914917,False,2
18,S1,leave_environment_B,39,1155,random_43,2,38,32,39,797.0129749733132,797.0349221724778,0.00012891254863727313,0.0007871917231566538,False,0.00012891254863727313,0.0007871917231566538,False,5
19,S1,leave_environment_B,40,1165,baseline,0,38,37,40,1200.8439565111591,1200.8624306773995,9.831573823475354e-05,0.0003008774904998198,False,8.334858678039856e-05,0.00021718548057893245,False,8
19,S1,leave_environment_B,40,1165,difference,1,38,37,40,877.3082349020581,877.3279078182892,0.00012302876798498218,0.000567698652430559,False,0.0001028898595896463,0.0003640039938669583,False,8
19,S1,leave_environment_B,40,1165,raw_scores,1,38,37,40,901.4455608474067,901.4640260911366,0.00012095114376064865,0.0005352805189914717,False,0.00010233232931577492,0.00036003400163819865,False,8
19,S1,leave_environment_B,40,1165,random_17,1,38,37,40,996.4379389511296,996.4574937272965,0.00011316073299190824,0.0004342747280144273,False,9.839343409417061e-05,0.00032134754272502853,False,8
19,S1,leave_environment_B,40,1165,random_29,1,38,37,40,977.2356455261101,977.2567729683389,0.00011468697894580523,0.0004549891759853144,False,9.515650068690827e-05,0.0002962682504270414,False,8
19,S1,leave_environment_B,40,1165,random_43,1,38,37,40,936.3221361096073,936.3408591501405,0.00011802039243462401,0.0004989120853156541,False,0.00010483420122736224,0.000385847913050179,False,8
19,S1,leave_environment_B,40,1165,difference,2,38,37,40,512.6821440296397,512.7005937389875,0.00015991494449796333,0.0016911210552545053,False,0.0001431164480651004,0.00117957541476903,False,4
19,S1,leave_environment_B,40,1165,raw_scores,2,38,37,40,575.9776024640361,575.9960524535837,0.00015270936344308108,0.0013196039684000688,False,0.00014105619440008788,0.0011252742600815406,False,3
19,S1,leave_environment_B,40,1165,random_17,2,38,37,40,635.3906746270729,635.4091248797996,0.00014627084162330072,0.0010584406041819659,False,0.00013750958882901337,0.0009532046277768693,False,3
19,S1,leave_environment_B,40,1165,random_29,2,38,37,40,579.2195793418931,579.2380293458748,0.00015235004402368267,0.001305277490317117,False,0.0001279864588286112,0.0007283056804884958,False,5
19,S1,leave_environment_B,40,1165,random_43,2,38,37,40,573.9446374406496,573.9630874210818,0.00015293516148354768,0.0013189938597555507,False,0.000131946074261092,0.0008234174994211622,False,4
20,S1,leave_environment_B_antenna,31,4437,baseline,0,38,32,31,1529.6606116468113,1529.708252058307,4.1536662416257755e-05,8.620458289808515e-05,False,4.1536662416257755e-05,8.620458289808515e-05,False,9
20,S1,leave_environment_B_antenna,31,4437,difference,1,38,32,31,1096.0006401381595,1096.0304326452485,5.698544747539472e-05,0.0001680849745930997,False,5.698544747539472e-05,0.0001680849745930997,False,7
20,S1,leave_environment_B_antenna,31,4437,raw_scores,1,38,32,31,1196.1522832785006,1196.1786496438522,5.2861363965847486e-05,0.00014150727083877586,False,5.2861363965847486e-05,0.00014150727083877586,False,9
20,S1,leave_environment_B_antenna,31,4437,random_17,1,38,32,31,1258.0373010580129,1258.0597037144232,5.049472877127981e-05,0.00012708806278872582,False,5.049472877127981e-05,0.00012708806278872582,False,8
20,S1,leave_environment_B_antenna,31,4437,random_29,1,38,32,31,1297.5351012472545,1297.5591409310468,4.905208388525933e-05,0.00011968977365058901,False,4.905208388525933e-05,0.00011968977365058901,False,8
20,S1,leave_environment_B_antenna,31,4437,random_43,1,38,32,31,1177.4671078240456,1177.4891663973244,5.360271166005404e-05,0.0001461296926097899,False,5.360271166005404e-05,0.0001461296926097899,False,8
20,S1,leave_environment_B_antenna,31,4437,difference,2,38,32,31,621.7333148954241,621.7553709847572,8.256339509597256e-05,0.0005236118047166941,False,8.256339509597256e-05,0.0005236118047166941,False,5
20,S1,leave_environment_B_antenna,31,4437,raw_scores,2,38,32,31,715.3050724652263,715.3271289688444,7.660509524510992e-05,0.00040444941632371864,False,7.660509524510992e-05,0.00040444941632371864,False,4
20,S1,leave_environment_B_antenna,31,4437,random_17,2,38,32,31,732.1133169850262,732.1353735629935,7.558745282223122e-05,0.00037235157973961036,False,7.558745282223122e-05,0.00037235157973961036,False,6
20,S1,leave_environment_B_antenna,31,4437,random_29,2,38,32,31,806.814863815102,806.8369207241285,7.124859309198718e-05,0.0003089291366711684,False,7.124859309198718e-05,0.0003089291366711684,False,4
20,S1,leave_environment_B_antenna,31,4437,random_43,2,38,32,31,791.6998444335762,791.7219012754251,7.210281959714202e-05,0.00032290350773782654,False,7.210281959714202e-05,0.00032290350773782654,False,7
21,S1,leave_environment_B_antenna,32,4476,baseline,0,38,37,32,1182.990914351915,1183.0099722486766,6.537658146615412e-05,0.0001701543370595565,False,5.104891004895957e-05,0.00011424943735705325,False,9
21,S1,leave_environment_B_antenna,32,4476,difference,1,38,37,32,850.9573733097844,850.9758644497537,8.495788380489066e-05,0.0003306057060112423,False,6.496546035086268e-05,0.00019321439050990166,False,8
21,S1,leave_environment_B_antenna,32,4476,raw_scores,1,38,37,32,913.3908919050392,913.4100822430079,8.079066986452406e-05,0.0002862894107146463,False,6.451886824337992e-05,0.00019153672204097228,False,8
21,S1,leave_environment_B_antenna,32,4476,random_17,1,38,37,32,998.9087435620056,998.9282313482313,7.546887483309301e-05,0.00023771038212112996,False,6.153913921354958e-05,0.0001696838007421976,False,9
21,S1,leave_environment_B_antenna,32,4476,random_29,1,38,37,32,979.4714672969645,979.4910270267036,7.664082847358182e-05,0.000248849734967446,False,5.905474683580464e-05,0.00015501965582312107,False,7
21,S1,leave_environment_B_antenna,32,4476,random_43,1,38,37,32,948.2743593877113,948.2932516277099,7.856763359591549e-05,0.0002668258610050248,False,6.512024161607686e-05,0.00019549861860500262,False,8
21,S1,leave_environment_B_antenna,32,4476,difference,2,38,37,32,483.5697769350962,483.58826637865127,0.00011514805916244594,0.0010277281248162466,False,9.648942439678844e-05,0.0006921113090632078,False,4
21,S1,leave_environment_B_antenna,32,4476,raw_scores,2,38,37,32,565.6101025444882,565.6285923512819,0.00010747504225862523,0.0007540593077319181,False,9.182775985399429e-05,0.000568545241388448,False,2
21,S1,leave_environment_B_antenna,32,4476,random_17,2,38,37,32,646.8936631443295,646.9121533112439,0.00010043241216866296,0.0005676512728236742,False,8.90983134065439e-05,0.0004861812491401843,False,3
21,S1,leave_environment_B_antenna,32,4476,random_29,2,38,37,32,589.4660791043823,589.4845690169856,0.00010535209021434766,0.0006877939181881271,False,8.347393633434202e-05,0.00039217156966069505,False,5
21,S1,leave_environment_B_antenna,32,4476,random_43,2,38,37,32,580.2835432662022,580.3020331379442,0.00010616363267553821,0.000708429156539223,False,8.605242496145483e-05,0.0004378408375522078,False,4
22,S1,leave_environment_B_antenna,33,4497,baseline,0,38,32,33,1513.537703509545,1513.560165644712,5.9014492925986135e-05,0.00013795929811914225,False,5.9014492925986135e-05,0.00013795929811914225,False,8
22,S1,leave_environment_B_antenna,33,4497,difference,1,38,32,33,1081.781160375169,1081.803260173534,7.87648387185018e-05,0.00027094711949623545,False,7.87648387185018e-05,0.00027094711949623545,False,8
22,S1,leave_environment_B_antenna,33,4497,raw_scores,1,38,32,33,1186.5894470925753,1186.6125041586013,7.331399359089949e-05,0.00022563588605902467,False,7.331399359089949e-05,0.00022563588605902467,False,8
22,S1,leave_environment_B_antenna,33,4497,random_17,1,38,32,33,1243.462333210742,1243.4873297630636,7.054563767488274e-05,0.0002036851746908219,False,7.054563767488274e-05,0.0002036851746908219,False,9
22,S1,leave_environment_B_antenna,33,4497,random_29,1,38,32,33,1291.8479371077874,1291.8708344005972,6.828957361153384e-05,0.00018926655143249724,False,6.828957361153384e-05,0.00018926655143249724,False,9
22,S1,leave_environment_B_antenna,33,4497,random_43,1,38,32,33,1161.9847789322193,1162.009844198488,7.45519150926006e-05,0.00023535324406431132,False,7.45519150926006e-05,0.00023535324406431132,False,9
22,S1,leave_environment_B_antenna,33,4497,difference,2,38,32,33,608.4189592727752,608.4410153030025,0.00011011325853106851,0.0008677766948540643,False,0.00011011325853106851,0.0008677766948540643,False,4
22,S1,leave_environment_B_antenna,33,4497,raw_scores,2,38,32,33,694.8428058666688,694.8648622796463,0.00010345591431092999,0.0006771995750426992,False,0.00010345591431092999,0.0006771995750426992,False,6
22,S1,leave_environment_B_antenna,33,4497,random_17,2,38,32,33,731.080769393736,731.1028259671291,0.00010079982821906766,0.0005827713438674822,False,0.00010079982821906766,0.0005827713438674822,False,4
22,S1,leave_environment_B_antenna,33,4497,random_29,2,38,32,33,808.7243732492913,808.7464301667774,9.536498102472515e-05,0.00048182038587978217,False,9.536498102472515e-05,0.00048182038587978217,False,4
22,S1,leave_environment_B_antenna,33,4497,random_43,2,38,32,33,778.6020028999849,778.6240596838084,9.74328842889622e-05,0.0005242837302858604,False,9.74328842889622e-05,0.0005242837302858604,False,5
23,S1,leave_environment_B_antenna,34,4550,baseline,0,38,32,34,1544.4452854999133,1544.4689146246892,5.973899254162435e-05,0.00013855676371823613,False,5.973899254162435e-05,0.00013855676371823613,False,9
23,S1,leave_environment_B_antenna,34,4550,difference,1,38,32,34,1108.4175356724509,1108.4410840295077,7.966236386252126e-05,0.00026965347960388,False,7.966236386252126e-05,0.00026965347960388,False,8
23,S1,leave_environment_B_antenna,34,4550,raw_scores,1,38,32,34,1189.3774705289768,1189.3995316034536,7.541538447124276e-05,0.00023409425520812735,False,7.541538447124276e-05,0.00023409425520812735,False,9
23,S1,leave_environment_B_antenna,34,4550,random_17,1,38,32,34,1271.8792035606887,1271.9023969620453,7.136385495222955e-05,0.0002035569820938335,False,7.136385495222955e-05,0.0002035569820938335,False,9
23,S1,leave_environment_B_antenna,34,4550,random_29,1,38,32,34,1305.3038421192066,1305.3259228406205,6.97977176947331e-05,0.0001936279530470714,False,6.97977176947331e-05,0.0001936279530470714,False,7
23,S1,leave_environment_B_antenna,34,4550,random_43,1,38,32,34,1185.8997349432166,1185.922652288564,7.559212395756052e-05,0.00023655345654341982,False,7.559212395756052e-05,0.00023655345654341982,False,7
23,S1,leave_environment_B_antenna,34,4550,difference,2,38,32,34,628.168253541542,628.1903096590258,0.00011145080268641557,0.0008415219680315783,False,0.00011145080268641557,0.0008415219680315783,False,5
23,S1,leave_environment_B_antenna,34,4550,raw_scores,2,38,32,34,729.6418162406416,729.6638728078406,0.00010367571817027128,0.0006403193853762432,False,0.00010367571817027128,0.0006403193853762432,False,6
23,S1,leave_environment_B_antenna,34,4550,random_17,2,38,32,34,738.1341059239968,738.1561625286372,0.0001030531884640412,0.0005990725649408976,False,0.0001030531884640412,0.0005990725649408976,False,4
23,S1,leave_environment_B_antenna,34,4550,random_29,2,38,32,34,808.2641721491622,808.2862290646095,9.807128246851555e-05,0.0005038480394477957,False,9.807128246851555e-05,0.0005038480394477957,False,5
23,S1,leave_environment_B_antenna,34,4550,random_43,2,38,32,34,794.1748456410315,794.1969024938452,9.904975979088649e-05,0.0005265914656397852,False,9.904975979088649e-05,0.0005265914656397852,False,6
24,S1,leave_environment_B_antenna,35,4568,baseline,0,38,32,35,1517.7128037923603,1517.7348744383764,5.3700058525390295e-05,0.00012139626132591272,False,5.3700058525390295e-05,0.00012139626132591272,False,7
24,S1,leave_environment_B_antenna,35,4568,difference,1,38,32,35,1082.5951209370478,1082.617221555876,7.234969406952183e-05,0.0002393391200097623,False,7.234969406952183e-05,0.0002393391200097623,False,8
24,S1,leave_environment_B_antenna,35,4568,raw_scores,1,38,32,35,1175.3499275777413,1175.3736611529414,6.778429382166073e-05,0.00020322399575441356,False,6.778429382166073e-05,0.00020322399575441356,False,9
24,S1,leave_environment_B_antenna,35,4568,random_17,1,38,32,35,1247.2319032302007,1247.2546965426413,6.448345847549874e-05,0.0001791511450151442,False,6.448345847549874e-05,0.0001791511450151442,False,8
24,S1,leave_environment_B_antenna,35,4568,random_29,1,38,32,35,1296.7704175657263,1296.7925891423586,6.232188732808533e-05,0.00016615219764276669,False,6.232188732808533e-05,0.00016615219764276669,False,8
24,S1,leave_environment_B_antenna,35,4568,random_43,1,38,32,35,1162.3731077517955,1162.3964467687651,6.840177355327692e-05,0.0002080425336390974,False,6.840177355327692e-05,0.0002080425336390974,False,8
24,S1,leave_environment_B_antenna,35,4568,difference,2,38,32,35,607.3238263762645,607.3458824016121,0.00010224602788820232,0.0007682265274623253,False,0.00010224602788820232,0.0007682265274623253,False,3
24,S1,leave_environment_B_antenna,35,4568,raw_scores,2,38,32,35,701.9505606278792,701.9726170722039,9.530835662181276e-05,0.0005845062668079931,False,9.530835662181276e-05,0.0005845062668079931,False,5
24,S1,leave_environment_B_antenna,35,4568,random_17,2,38,32,35,730.5399286591628,730.5619852301597,9.331775130906089e-05,0.0005169086159348044,False,9.331775130906089e-05,0.0005169086159348044,False,6
24,S1,leave_environment_B_antenna,35,4568,random_29,2,38,32,35,810.4023205486782,810.4243774735979,8.800306450332089e-05,0.0004245105158970996,False,8.800306450332089e-05,0.0004245105158970996,False,2
24,S1,leave_environment_B_antenna,35,4568,random_43,2,38,32,35,777.8757047390409,777.8977615196469,9.012479901511493e-05,0.00046435819489396756,False,9.012479901511493e-05,0.00046435819489396756,False,7
25,S1,leave_environment_B_antenna,36,4604,baseline,0,38,32,36,1536.9866559129127,1537.0098206335724,5.1314898249296515e-05,0.00011349802364455493,False,5.1314898249296515e-05,0.00011349802364455493,False,9
25,S1,leave_environment_B_antenna,36,4604,difference,1,38,32,36,1105.1077281602497,1105.1305507338814,6.909413951649548e-05,0.00022003338431802628,False,6.909413951649548e-05,0.00022003338431802628,False,8
25,S1,leave_environment_B_antenna,36,4604,raw_scores,1,38,32,36,1189.6796871218337,1189.703201780326,6.508233879957922e-05,0.00018974721825207715,False,6.508233879957922e-05,0.00018974721825207715,False,8
25,S1,leave_environment_B_antenna,36,4604,random_17,1,38,32,36,1260.7075460282947,1260.7298805266662,6.192890305421667e-05,0.00016803996739901415,False,6.192890305421667e-05,0.00016803996739901415,False,9
25,S1,leave_environment_B_antenna,36,4604,random_29,1,38,32,36,1300.4760144528389,1300.499451568743,6.0244449491272024e-05,0.00015824718570471601,False,6.0244449491272024e-05,0.00015824718570471601,False,7
25,S1,leave_environment_B_antenna,36,4604,random_43,1,38,32,36,1181.1465719622613,1181.1687102556452,6.547421616379582e-05,0.00019325452062445584,False,6.547421616379582e-05,0.00019325452062445584,False,8
25,S1,leave_environment_B_antenna,36,4604,difference,2,38,32,36,627.8796829392122,627.9017390554804,9.803400627409137e-05,0.0006842675442982859,False,9.803400627409137e-05,0.0006842675442982859,False,6
25,S1,leave_environment_B_antenna,36,4604,raw_scores,2,38,32,36,722.4746004393502,722.4966569746417,9.133101466836301e-05,0.0005279505444125039,False,9.133101466836301e-05,0.0005279505444125039,False,4
25,S1,leave_environment_B_antenna,36,4604,random_17,2,38,32,36,735.6112423731225,735.6332989665862,9.044177175247227e-05,0.0004895664845008602,False,9.044177175247227e-05,0.0004895664845008602,False,5
25,S1,leave_environment_B_antenna,36,4604,random_29,2,38,32,36,803.6333698720186,803.655426766951,8.599219390813766e-05,0.00041324257301669163,False,8.599219390813766e-05,0.00041324257301669163,False,3
25,S1,leave_environment_B_antenna,36,4604,random_43,2,38,32,36,793.1631034936496,793.1851603419808,8.666049565462635e-05,0.0004279446012543328,False,8.666049565462635e-05,0.0004279446012543328,False,3
26,S1,leave_environment_B_antenna,37,4645,baseline,0,38,32,37,1537.1187127468634,1537.1469159173273,5.716020949391591e-05,0.00013097862365247902,False,5.716020949391591e-05,0.00013097862365247902,False,9
26,S1,leave_environment_B_antenna,37,4645,difference,1,38,32,37,1108.9475523375634,1108.9762772880827,7.612483601583058e-05,0.0002522413517718786,False,7.612483601583058e-05,0.0002522413517718786,False,9
26,S1,leave_environment_B_antenna,37,4645,raw_scores,1,38,32,37,1195.8175952500717,1195.8432192986131,7.172218898463148e-05,0.00021686788464838437,False,7.172218898463148e-05,0.00021686788464838437,False,7
26,S1,leave_environment_B_antenna,37,4645,random_17,1,38,32,37,1262.3128041636212,1262.3384160621729,6.855788432741314e-05,0.00019340249915577402,False,6.855788432741314e-05,0.00019340249915577402,False,8
26,S1,leave_environment_B_antenna,37,4645,random_29,1,38,32,37,1294.200847155299,1294.2233365318198,6.71006695603929e-05,0.000184319786303095,False,6.71006695603929e-05,0.000184319786303095,False,8
26,S1,leave_environment_B_antenna,37,4645,random_43,1,38,32,37,1185.0984626085765,1185.120564459569,7.224880396492238e-05,0.00022172452472843653,False,7.224880396492238e-05,0.00022172452472843653,False,8
26,S1,leave_environment_B_antenna,37,4645,difference,2,38,32,37,632.899858209317,632.9219143480174,0.00010670753035568506,0.0007785175532413444,False,0.00010670753035568506,0.0007785175532413444,False,3
26,S1,leave_environment_B_antenna,37,4645,raw_scores,2,38,32,37,723.7107133020373,723.7327698428816,9.991997820406211e-05,0.0006103727464611505,False,9.991997820406211e-05,0.0006103727464611505,False,4
26,S1,leave_environment_B_antenna,37,4645,random_17,2,38,32,37,739.7158982755348,739.7379548871826,9.877480694463982e-05,0.0005592132946990263,False,9.877480694463982e-05,0.0005592132946990263,False,7
26,S1,leave_environment_B_antenna,37,4645,random_29,2,38,32,37,794.8926767443138,794.9147336005234,9.493961206547134e-05,0.0004871264948557901,False,9.493961206547134e-05,0.0004871264948557901,False,3
26,S1,leave_environment_B_antenna,37,4645,random_43,2,38,32,37,795.2667081933402,795.2887650509907,9.491419949520592e-05,0.0004911805012549625,False,9.491419949520592e-05,0.0004911805012549625,False,4
27,S1,leave_environment_B_antenna,38,4719,baseline,0,38,32,38,1549.8345888033016,1549.8608683263426,4.512057927801836e-05,9.528935041767386e-05,False,4.512057927801836e-05,9.528935041767386e-05,False,9
27,S1,leave_environment_B_antenna,38,4719,difference,1,38,32,38,1112.7214622099468,1112.7453018767796,6.152213455499471e-05,0.00018522477544472308,False,6.152213455499471e-05,0.00018522477544472308,False,7
27,S1,leave_environment_B_antenna,38,4719,raw_scores,1,38,32,38,1181.7916276890392,1181.8141199108993,5.84936597578329e-05,0.0001641808078048872,False,5.84936597578329e-05,0.0001641808078048872,False,9
27,S1,leave_environment_B_antenna,38,4719,random_17,1,38,32,38,1271.8744932576667,1271.9022157976785,5.4811136180521355e-05,0.0001409426396163037,False,5.4811136180521355e-05,0.0001409426396163037,False,9
27,S1,leave_environment_B_antenna,38,4719,random_29,1,38,32,38,1307.8780352920242,1307.9073519713033,5.3419144018384706e-05,0.00013354334729840723,False,5.3419144018384706e-05,0.00013354334729840723,False,8
27,S1,leave_environment_B_antenna,38,4719,random_43,1,38,32,38,1190.1567156338633,1190.1794972623227,5.813925253344832e-05,0.00016241530623132002,False,5.813925253344832e-05,0.00016241530623132002,False,8
27,S1,leave_environment_B_antenna,38,4719,difference,2,38,32,38,635.1490623279044,635.171118476515,8.838794843878133e-05,0.0005705986958033006,False,8.838794843878133e-05,0.0005705986958033006,False,5
27,S1,leave_environment_B_antenna,38,4719,raw_scores,2,38,32,38,730.1900227688561,730.2120793386426,8.210211334968986e-05,0.00043929688443722977,False,8.210211334968986e-05,0.00043929688443722977,False,3
27,S1,leave_environment_B_antenna,38,4719,random_17,2,38,32,38,735.7619077771677,735.7839643712989,8.174965745756427e-05,0.00041828623994265247,False,8.174965745756427e-05,0.00041828623994265247,False,7
27,S1,leave_environment_B_antenna,38,4719,random_29,2,38,32,38,808.9932833794028,809.0153402980801,7.727482308207618e-05,0.00034803006413933966,False,7.727482308207618e-05,0.00034803006413933966,False,4
27,S1,leave_environment_B_antenna,38,4719,random_43,2,38,32,38,797.7079701379195,797.7300270063851,7.794569668766323e-05,0.0003609062123770984,False,7.794569668766323e-05,0.0003609062123770984,False,4
28,S1,leave_environment_B_antenna,39,4720,baseline,0,38,32,39,1551.866637470391,1551.889702191143,4.9846200347229485e-05,0.00010862299345689659,False,4.9846200347229485e-05,0.00010862299345689659,False,9
28,S1,leave_environment_B_antenna,39,4720,difference,1,38,32,39,1115.0349422347417,1115.0641676681175,6.740728495796779e-05,0.00021087768337664425,False,6.740728495796779e-05,0.00021087768337664425,False,8
28,S1,leave_environment_B_antenna,39,4720,raw_scores,1,38,32,39,1183.6900211690538,1183.7168522047098,6.419679666847198e-05,0.0001870660751704458,False,6.419679666847198e-05,0.0001870660751704458,False,9
28,S1,leave_environment_B_antenna,39,4720,random_17,1,38,32,39,1275.2063463141033,1275.2300403156078,6.0200043319609835e-05,0.00016023023971789175,False,6.0200043319609835e-05,0.00016023023971789175,False,8
28,S1,leave_environment_B_antenna,39,4720,random_29,1,38,32,39,1307.3782659028445,1307.4003244032886,5.886754841270269e-05,0.00015270380604832346,False,5.886754841270269e-05,0.00015270380604832346,False,8
28,S1,leave_environment_B_antenna,39,4720,random_43,1,38,32,39,1192.073628535064,1192.0994803395768,6.381755350479196e-05,0.00018515429528192246,False,6.381755350479196e-05,0.00018515429528192246,False,7
28,S1,leave_environment_B_antenna,39,4720,difference,2,38,32,39,634.8104965328338,634.8325526799341,9.600941851190868e-05,0.0006514493250424046,False,9.600941851190868e-05,0.0006514493250424046,False,5
28,S1,leave_environment_B_antenna,39,4720,raw_scores,2,38,32,39,732.3673532943557,732.3894098735049,8.92134047245692e-05,0.0005007954826599234,False,8.92134047245692e-05,0.0005007954826599234,False,4
28,S1,leave_environment_B_antenna,39,4720,random_17,2,38,32,39,738.1388046266695,738.1608612313307,8.882874086614812e-05,0.00047508076282418507,False,8.882874086614812e-05,0.00047508076282418507,False,4
28,S1,leave_environment_B_antenna,39,4720,random_29,2,38,32,39,805.9873854268315,806.0094423321921,8.44457909747177e-05,0.00040056409725391966,False,8.44457909747177e-05,0.00040056409725391966,False,4
28,S1,leave_environment_B_antenna,39,4720,random_43,2,38,32,39,799.424377395575,799.4464342716446,8.485875356550883e-05,0.0004107809813634593,False,8.485875356550883e-05,0.0004107809813634593,False,6
29,S1,leave_environment_B_antenna,40,4791,baseline,0,38,32,40,1544.441675782147,1544.4657495894628,5.302217355645354e-05,0.00011822889477447559,False,5.302217355645354e-05,0.00011822889477447559,False,9
29,S1,leave_environment_B_antenna,40,4791,difference,1,38,32,40,1108.5212030536695,1108.5432608034043,7.136239915687788e-05,0.00022999627971113817,False,7.136239915687788e-05,0.00022999627971113817,False,5
29,S1,leave_environment_B_antenna,40,4791,raw_scores,1,38,32,40,1183.4424454355517,1183.4645095257106,6.771586076224873e-05,0.0002017458332471005,False,6.771586076224873e-05,0.0002017458332471005,False,8
29,S1,leave_environment_B_antenna,40,4791,random_17,1,38,32,40,1267.3358015124281,1267.3583701944199,6.389584832705542e-05,0.0001748838554916872,False,6.389584832705542e-05,0.0001748838554916872,False,9
29,S1,leave_environment_B_antenna,40,4791,random_29,1,38,32,40,1305.7203466818894,1305.7424051681844,6.22356535385708e-05,0.0001650686381418793,False,6.22356535385708e-05,0.0001650686381418793,False,8
29,S1,leave_environment_B_antenna,40,4791,random_43,1,38,32,40,1186.6111717754084,1186.6332298508232,6.756663645210739e-05,0.00020146194548241968,False,6.756663645210739e-05,0.00020146194548241968,False,8
29,S1,leave_environment_B_antenna,40,4791,difference,2,38,32,40,629.8432783332154,629.8653344582315,0.00010095318655917613,0.0007143395691718035,False,0.00010095318655917613,0.0007143395691718035,False,3
29,S1,leave_environment_B_antenna,40,4791,raw_scores,2,38,32,40,728.4352337773203,728.4572903393566,9.38525426233403e-05,0.0005460662077387922,False,9.38525426233403e-05,0.0005460662077387922,False,6
29,S1,leave_environment_B_antenna,40,4791,random_17,2,38,32,40,736.2854172660516,736.3074738625019,9.331185336522899e-05,0.0005140944970623075,False,9.331185336522899e-05,0.0005140944970623075,False,4
29,S1,leave_environment_B_antenna,40,4791,random_29,2,38,32,40,805.5455916999897,805.5676486033932,8.869218617628418e-05,0.0004324182389216729,False,8.869218617628418e-05,0.0004324182389216729,False,4
29,S1,leave_environment_B_antenna,40,4791,random_43,2,38,32,40,796.0742612048662,796.0963180660942,8.930823011658913e-05,0.00044676073854786147,False,8.930823011658913e-05,0.00044676073854786147,False,2
30,S1,leave_environment_B_walk,31,2838,baseline,0,38,32,31,1558.706165856867,1558.736820111813,6.0723261860392454e-05,0.00014311654446947964,False,6.0723261860392454e-05,0.00014311654446947964,False,9
30,S1,leave_environment_B_walk,31,2838,difference,1,38,32,31,1128.101661982003,1128.1278747444228,8.013513522729496e-05,0.0002735851315695618,False,8.013513522729496e-05,0.0002735851315695618,False,7
30,S1,leave_environment_B_walk,31,2838,raw_scores,1,38,32,31,1206.7987004113118,1206.8223409304674,7.60810935321155e-05,0.00023840190773813063,False,7.60810935321155e-05,0.00023840190773813063,False,8
30,S1,leave_environment_B_walk,31,2838,random_17,1,38,32,31,1282.777527399842,1282.7997220351754,7.239799342937458e-05,0.0002104123551658949,False,7.239799342937458e-05,0.0002104123551658949,False,8
30,S1,leave_environment_B_walk,31,2838,random_29,1,38,32,31,1302.3237195739353,1302.3498155433579,7.148530358219467e-05,0.00020464057039148583,False,7.148530358219467e-05,0.00020464057039148583,False,8
30,S1,leave_environment_B_walk,31,2838,random_43,1,38,32,31,1203.8743133616745,1203.908357984449,7.622677942680138e-05,0.00024143108454322798,False,7.622677942680138e-05,0.00024143108454322798,False,8
30,S1,leave_environment_B_walk,31,2838,difference,2,38,32,31,654.9875833481777,655.0096803631916,0.00011057571460814724,0.0008179241639402397,False,0.00011057571460814724,0.0008179241639402397,False,4
30,S1,leave_environment_B_walk,31,2838,raw_scores,2,38,32,31,736.4908082239962,736.5129055999814,0.00010449741282215435,0.0006598112689791265,False,0.00010449741282215435,0.0006598112689791265,False,5
30,S1,leave_environment_B_walk,31,2838,random_17,2,38,32,31,749.6508675299763,749.6729649642931,0.00010355161734468863,0.0006118514600679032,False,0.00010355161734468863,0.0006118514600679032,False,5
30,S1,leave_environment_B_walk,31,2838,random_29,2,38,32,31,801.3798193163042,801.4019169799087,9.992664074422094e-05,0.0005381402175421035,False,9.992664074422094e-05,0.0005381402175421035,False,4
30,S1,leave_environment_B_walk,31,2838,random_43,2,38,32,31,792.7108129364093,792.7329105613926,0.00010052396313427096,0.0005556230622745472,False,0.00010052396313427096,0.0005556230622745472,False,5
31,S1,leave_environment_B_walk,32,2846,baseline,0,38,32,32,1514.782867738991,1514.8070023080654,5.551252912596662e-05,0.00012913878420391404,False,5.551252912596662e-05,0.00012913878420391404,False,8
31,S1,leave_environment_B_walk,32,2846,difference,1,38,32,32,1086.0158121427132,1086.0379537553067,7.396272726596904e-05,0.0002519421672430747,False,7.396272726596904e-05,0.0002519421672430747,False,6
31,S1,leave_environment_B_walk,32,2846,raw_scores,1,38,32,32,1159.515626585701,1159.54432715897,7.032435871083526e-05,0.00022069580579255562,False,7.032435871083526e-05,0.00022069580579255562,False,8
31,S1,leave_environment_B_walk,32,2846,random_17,1,38,32,32,1248.3097675883807,1248.3358467102396,6.621137829840495e-05,0.00018953187896045124,False,6.621137829840495e-05,0.00018953187896045124,False,7
31,S1,leave_environment_B_walk,32,2846,random_29,1,38,32,32,1285.8115515649563,1285.8371931898332,6.456187915302719e-05,0.00017932600734056844,False,6.456187915302719e-05,0.00017932600734056844,False,9
31,S1,leave_environment_B_walk,32,2846,random_43,1,38,32,32,1159.6097027540793,1159.6318664657783,7.032015491127129e-05,0.00022156688176318097,False,7.032015491127129e-05,0.00022156688176318097,False,7
31,S1,leave_environment_B_walk,32,2846,difference,2,38,32,32,612.6223757962886,612.6444726236207,0.0001034380645993915,0.0008008153840815163,False,0.0001034380645993915,0.0008008153840815163,False,7
31,S1,leave_environment_B_walk,32,2846,raw_scores,2,38,32,32,685.4247417612261,685.4468389111158,9.813513180655423e-05,0.0006477276034089413,False,9.813513180655423e-05,0.0006477276034089413,False,4
31,S1,leave_environment_B_walk,32,2846,random_17,2,38,32,32,733.0088644344346,733.030961795025,9.48341362541726e-05,0.0005442191225997654,False,9.48341362541726e-05,0.0005442191225997654,False,4
31,S1,leave_environment_B_walk,32,2846,random_29,2,38,32,32,808.3856182579711,808.4077159526123,8.985933195338844e-05,0.00045247711714326905,False,8.985933195338844e-05,0.00045247711714326905,False,5
31,S1,leave_environment_B_walk,32,2846,random_43,2,38,32,32,767.3479763179758,767.3700738305979,9.2529931347166e-05,0.0005067208894341948,False,9.2529931347166e-05,0.0005067208894341948,False,8
32,S1,leave_environment_B_walk,33,2896,baseline,0,38,32,33,1523.5627061681816,1523.585629635517,5.412768082114405e-05,0.0001243923630402795,False,5.412768082114405e-05,0.0001243923630402795,False,9
32,S1,leave_environment_B_walk,33,2896,difference,1,38,32,33,1077.8503326902007,1077.873293640437,7.305420428648804e-05,0.000249349621911007,False,7.305420428648804e-05,0.000249349621911007,False,7
32,S1,leave_environment_B_walk,33,2896,raw_scores,1,38,32,33,1133.1295622312857,1133.1516608158329,7.031375468636934e-05,0.00022512727064164672,False,7.031375468636934e-05,0.00022512727064164672,False,7
32,S1,leave_environment_B_walk,33,2896,random_17,1,38,32,33,1249.9537866129117,1249.9758923685802,6.49166693681821e-05,0.00018423891306630134,False,6.49166693681821e-05,0.00018423891306630134,False,7
32,S1,leave_environment_B_walk,33,2896,random_29,1,38,32,33,1308.14657915614,1308.168678427999,6.241558372712828e-05,0.0001690342230530213,False,6.241558372712828e-05,0.0001690342230530213,False,7
32,S1,leave_environment_B_walk,33,2896,random_43,1,38,32,33,1157.8182979940384,1157.84039678256,6.912953727320698e-05,0.0002162986466514737,False,6.912953727320698e-05,0.0002162986466514737,False,5
32,S1,leave_environment_B_walk,33,2896,difference,2,38,32,33,596.9044855659798,596.9265823236112,0.00010296867084832269,0.0008165521814131053,False,0.00010296867084832269,0.0008165521814131053,False,1
32,S1,leave_environment_B_walk,33,2896,raw_scores,2,38,32,33,692.1816194020803,692.2037165819461,9.607197042266633e-05,0.0006140430358846352,False,9.607197042266633e-05,0.0006140430358846352,False,3
32,S1,leave_environment_B_walk,33,2896,random_17,2,38,32,33,724.4189841097392,724.4410814322752,9.385700636971219e-05,0.0005419673367748734,False,9.385700636971219e-05,0.0005419673367748734,False,7
32,S1,leave_environment_B_walk,33,2896,random_29,2,38,32,33,829.9529244805328,829.9750222707202,8.700131651543143e-05,0.0004189896148725388,False,8.700131651543143e-05,0.0004189896148725388,False,4
32,S1,leave_environment_B_walk,33,2896,random_43,2,38,32,33,768.991937366488,769.014034886393,9.088902814744904e-05,0.0004919354555195507,False,9.088902814744904e-05,0.0004919354555195507,False,6
33,S1,leave_environment_B_walk,34,2949,baseline,0,38,32,34,1512.5094944727625,1512.532421961717,5.256287217098995e-05,0.00012027183921266102,False,5.256287217098995e-05,0.00012027183921266102,False,8
33,S1,leave_environment_B_walk,34,2949,difference,1,38,32,34,1073.3648958876834,1073.3892455828714,7.086115512112552e-05,0.0002395343458795659,False,7.086115512112552e-05,0.0002395343458795659,False,7
33,S1,leave_environment_B_walk,34,2949,raw_scores,1,38,32,34,1141.2447524864583,1141.2708399275803,6.757859480903817e-05,0.00021142372748426708,False,6.757859480903817e-05,0.00021142372748426708,False,9
33,S1,leave_environment_B_walk,34,2949,random_17,1,38,32,34,1246.4370031463163,1246.461312495614,6.28448855500313e-05,0.00017654888422888735,False,6.28448855500313e-05,0.00017654888422888735,False,9
33,S1,leave_environment_B_walk,34,2949,random_29,1,38,32,34,1298.4020632121692,1298.424233847062,6.065497525290886e-05,0.00016344663016508015,False,6.065497525290886e-05,0.00016344663016508015,False,9
33,S1,leave_environment_B_walk,34,2949,random_43,1,38,32,34,1148.660944767591,1148.6842658579658,6.72312263015815e-05,0.00020943551757708438,False,6.72312263015815e-05,0.00020943551757708438,False,8
33,S1,leave_environment_B_walk,34,2949,difference,2,38,32,34,592.467119810302,592.4892165485171,0.00010027437541761398,0.0007895706572717796,False,0.00010027437541761398,0.0007895706572717796,False,1
33,S1,leave_environment_B_walk,34,2949,raw_scores,2,38,32,34,678.7937480425988,678.8158451632048,9.409615514862289e-05,0.0006110189676394825,False,9.409615514862289e-05,0.0006110189676394825,False,5
33,S1,leave_environment_B_walk,34,2949,random_17,2,38,32,34,726.7641113586736,726.786208691599,9.08483991142623e-05,0.00051321999676794,False,9.08483991142623e-05,0.00051321999676794,False,2
33,S1,leave_environment_B_walk,34,2949,random_29,2,38,32,34,821.7420981688133,821.7641959226256,8.478646313918648e-05,0.00040722189028775724,False,8.478646313918648e-05,0.00040722189028775724,False,6
33,S1,leave_environment_B_walk,34,2949,random_43,2,38,32,34,764.6847893564099,764.7068868572336,8.837072110116921e-05,0.00047386959372651324,False,8.837072110116921e-05,0.00047386959372651324,False,6
34,S1,leave_environment_B_walk,35,2965,baseline,0,38,32,35,1530.9395535197568,1530.9693356722453,5.1893071042237833e-05,0.00011727676849372824,False,5.1893071042237833e-05,0.00011727676849372824,False,9
34,S1,leave_environment_B_walk,35,2965,difference,1,38,32,35,1092.3573964278992,1092.3796227195014,6.987759342405284e-05,0.00023095323065710626,False,6.987759342405284e-05,0.00023095323065710626,False,9
34,S1,leave_environment_B_walk,35,2965,raw_scores,1,38,32,35,1153.962957076991,1153.9850589387888,6.693908551768753e-05,0.00020651730286693978,False,6.693908551768753e-05,0.00020651730286693978,False,8
34,S1,leave_environment_B_walk,35,2965,random_17,1,38,32,35,1263.101150504903,1263.1243420443463,6.208958094995095e-05,0.0001717098128780662,False,6.208958094995095e-05,0.0001717098128780662,False,8
34,S1,leave_environment_B_walk,35,2965,random_29,1,38,32,35,1304.3353172097763,1304.3578436290982,6.0368985570197965e-05,0.00016161709524402281,False,6.0368985570197965e-05,0.00016161709524402281,False,9
34,S1,leave_environment_B_walk,35,2965,random_43,1,38,32,35,1167.8097594896187,1167.8319285084388,6.62991242258321e-05,0.00020251578677421726,False,6.62991242258321e-05,0.00020251578677421726,False,9
34,S1,leave_environment_B_walk,35,2965,difference,2,38,32,35,610.8664234173744,610.8885202369426,9.886230033916378e-05,0.0007448688933218508,False,9.886230033916378e-05,0.0007448688933218508,False,5
34,S1,leave_environment_B_walk,35,2965,raw_scores,2,38,32,35,699.6983821551577,699.7204793682118,9.260906741461909e-05,0.0005747901289926846,False,9.260906741461909e-05,0.0005747901289926846,False,4
34,S1,leave_environment_B_walk,35,2965,random_17,2,38,32,35,735.2798098241319,735.3019071947829,9.023018087732865e-05,0.0005017385577535564,False,9.023018087732865e-05,0.0005017385577535564,False,5
34,S1,leave_environment_B_walk,35,2965,random_29,2,38,32,35,819.4160303983524,819.4381281418599,8.487638178713423e-05,0.00040833849116409475,False,8.487638178713423e-05,0.00040833849116409475,False,4
34,S1,leave_environment_B_walk,35,2965,random_43,2,38,32,35,771.0773305756948,771.0994281048386,8.790654323430351e-05,0.0004649549929051573,False,8.790654323430351e-05,0.0004649549929051573,False,4
35,S1,leave_environment_B_walk,36,3035,baseline,0,38,32,36,1545.6988582687281,1545.7340742069405,5.040732765396994e-05,0.0001122739414781294,False,5.040732765396994e-05,0.0001122739414781294,False,8
35,S1,leave_environment_B_walk,36,3035,difference,1,38,32,36,1111.9855402490637,1112.008519624997,6.770394780241542e-05,0.0002172920317328815,False,6.770394780241542e-05,0.0002172920317328815,False,8
35,S1,leave_environment_B_walk,36,3035,raw_scores,1,38,32,36,1179.6806646526034,1179.70312639409,6.457504239494877e-05,0.00019265367981236698,False,6.457504239494877e-05,0.00019265367981236698,False,9
35,S1,leave_environment_B_walk,36,3035,random_17,1,38,32,36,1268.9416226323688,1268.9688310094652,6.0711387480954964e-05,0.00016593153339703012,False,6.0711387480954964e-05,0.00016593153339703012,False,7
35,S1,leave_environment_B_walk,36,3035,random_29,1,38,32,36,1304.8916377067753,1304.9174999794088,5.923512652749925e-05,0.00015744507020367974,False,5.923512652749925e-05,0.00015744507020367974,False,8
35,S1,leave_environment_B_walk,36,3035,random_43,1,38,32,36,1180.5229335338886,1180.5451028030268,6.453723320602292e-05,0.00019343152882708828,False,6.453723320602292e-05,0.00019343152882708828,False,7
35,S1,leave_environment_B_walk,36,3035,difference,2,38,32,36,634.1391476398085,634.1612445628363,9.564865574672964e-05,0.0006684030309615919,False,9.564865574672964e-05,0.0006684030309615919,False,2
35,S1,leave_environment_B_walk,36,3035,raw_scores,2,38,32,36,720.0976438479314,720.1197411514181,8.976511410060615e-05,0.000527305617170164,False,8.976511410060615e-05,0.000527305617170164,False,4
35,S1,leave_environment_B_walk,36,3035,random_17,2,38,32,36,735.1630618116927,735.1851591818266,8.877657605670535e-05,0.0004899526326047868,False,8.877657605670535e-05,0.0004899526326047868,False,5
35,S1,leave_environment_B_walk,36,3035,random_29,2,38,32,36,808.7774387788475,808.7995364752243,8.412101021290405e-05,0.00040835138783976757,False,8.412101021290405e-05,0.00040835138783976757,False,7
35,S1,leave_environment_B_walk,36,3035,random_43,2,38,32,36,784.3377030263198,784.3598006142089,8.563501337455671e-05,0.0004381153113899553,False,8.563501337455671e-05,0.0004381153113899553,False,3
36,S1,leave_environment_B_walk,37,3065,baseline,0,38,32,37,1536.3277366759403,1536.3498366745423,6.55977594200982e-05,0.0001603925512451578,False,6.55977594200982e-05,0.0001603925512451578,False,7
36,S1,leave_environment_B_walk,37,3065,difference,1,38,32,37,1107.3221182699651,1107.34421675193,8.613343592038027e-05,0.0003095950206010591,False,8.613343592038027e-05,0.0003095950206010591,False,9
36,S1,leave_environment_B_walk,37,3065,raw_scores,1,38,32,37,1184.3188743980734,1184.3415082552724,8.193213032676196e-05,0.00026974999709543016,False,8.193213032676196e-05,0.00026974999709543016,False,9
36,S1,leave_environment_B_walk,37,3065,random_17,1,38,32,37,1267.6632785865993,1267.6873744183717,7.765658668952104e-05,0.00023458110655436812,False,7.765658668952104e-05,0.00023458110655436812,False,8
36,S1,leave_environment_B_walk,37,3065,random_29,1,38,32,37,1290.5717023089194,1290.6035754072318,7.652828673774398e-05,0.0002270799538601357,False,7.652828673774398e-05,0.0002270799538601357,False,7
36,S1,leave_environment_B_walk,37,3065,random_43,1,38,32,37,1180.465702275147,1180.4878011943458,8.213653471064062e-05,0.00027347946464494245,False,8.213653471064062e-05,0.00027347946464494245,False,8
36,S1,leave_environment_B_walk,37,3065,difference,2,38,32,37,635.6425836905945,635.6646806200162,0.00011807790452911518,0.0009500637358855386,False,0.00011807790452911518,0.0009500637358855386,False,4
36,S1,leave_environment_B_walk,37,3065,raw_scores,2,38,32,37,711.8461563325575,711.8682535995293,0.0001121063314772835,0.0007715083318335869,False,0.0001121063314772835,0.0007715083318335869,False,5
36,S1,leave_environment_B_walk,37,3065,random_17,2,38,32,37,740.2891498292122,740.3112472220555,0.00010996461840808027,0.0006818504102082279,False,0.00010996461840808027,0.0006818504102082279,False,5
36,S1,leave_environment_B_walk,37,3065,random_29,2,38,32,37,801.3671876118796,801.3892852754282,0.00010551958180164464,0.000586804279657251,False,0.00010551958180164464,0.000586804279657251,False,5
36,S1,leave_environment_B_walk,37,3065,random_43,2,38,32,37,778.4319538511786,778.4540514129045,0.00010716446439516163,0.0006283791825157793,False,0.00010716446439516163,0.0006283791825157793,False,3
37,S1,leave_environment_B_walk,38,3081,baseline,0,38,32,38,1523.1806764901198,1523.2101715838314,4.9484745805884595e-05,0.00011043086354087375,False,4.9484745805884595e-05,0.00011043086354087375,False,9
37,S1,leave_environment_B_walk,38,3081,difference,1,38,32,38,1079.725849201524,1079.7479558444204,6.717126231663289e-05,0.00022046408544392057,False,6.717126231663289e-05,0.00022046408544392057,False,8
37,S1,leave_environment_B_walk,38,3081,raw_scores,1,38,32,38,1128.3986488680596,1128.424070588719,6.489058540183935e-05,0.00020142670607860427,False,6.489058540183935e-05,0.00020142670607860427,False,7
37,S1,leave_environment_B_walk,38,3081,random_17,1,38,32,38,1248.368922527444,1248.391881659559,5.965556109960129e-05,0.00016383217065067638,False,5.965556109960129e-05,0.00016383217065067638,False,8
37,S1,leave_environment_B_walk,38,3081,random_29,1,38,32,38,1301.1715266528022,1301.1942289039819,5.751460265411688e-05,0.0001514706247889596,False,5.751460265411688e-05,0.0001514706247889596,False,9
37,S1,leave_environment_B_walk,38,3081,random_43,1,38,32,38,1156.1508099949046,1156.1729086762555,6.363197369732283e-05,0.0001925441634026369,False,6.363197369732283e-05,0.0001925441634026369,False,6
37,S1,leave_environment_B_walk,38,3081,difference,2,38,32,38,606.5691681725697,606.5912649731836,9.50113521095537e-05,0.0007012000271508077,False,9.50113521095537e-05,0.0007012000271508077,False,1
37,S1,leave_environment_B_walk,38,3081,raw_scores,2,38,32,38,696.1860642048719,696.2081614023831,8.885091958225796e-05,0.0005381258702324374,False,8.885091958225796e-05,0.0005381258702324374,False,5
37,S1,leave_environment_B_walk,38,3081,random_17,2,38,32,38,719.3321631275708,719.3542604275716,8.733377641512063e-05,0.0004884334076010263,False,8.733377641512063e-05,0.0004884334076010263,False,6
37,S1,leave_environment_B_walk,38,3081,random_29,2,38,32,38,819.389648061766,819.4117458051567,8.110573897199916e-05,0.00038079838166603396,False,8.110573897199916e-05,0.00038079838166603396,False,4
37,S1,leave_environment_B_walk,38,3081,random_43,2,38,32,38,768.044357208571,768.0664547242783,8.423594966996484e-05,0.00043721233762776383,False,8.423594966996484e-05,0.00043721233762776383,False,4
38,S1,leave_environment_B_walk,39,3122,baseline,0,38,32,39,1521.948613173221,1521.972679593454,4.931716340416951e-05,0.00011006720464272914,False,4.931716340416951e-05,0.00011006720464272914,False,8
38,S1,leave_environment_B_walk,39,3122,difference,1,38,32,39,1093.3622798765205,1093.3843783038103,6.62648020994947e-05,0.00021379117864918522,False,6.62648020994947e-05,0.00021379117864918522,False,6
38,S1,leave_environment_B_walk,39,3122,raw_scores,1,38,32,39,1169.1676773580841,1169.191802683498,6.280309835287366e-05,0.0001864244403717197,False,6.280309835287366e-05,0.0001864244403717197,False,7
38,S1,leave_environment_B_walk,39,3122,random_17,1,38,32,39,1255.725235144747,1255.7501476751622,5.911342263879956e-05,0.00016112097307554487,False,5.911342263879956e-05,0.00016112097307554487,False,9
38,S1,leave_environment_B_walk,39,3122,random_29,1,38,32,39,1288.5389649268707,1288.5611100705726,5.778401708230159e-05,0.00015354045260479384,False,5.778401708230159e-05,0.00015354045260479384,False,8
38,S1,leave_environment_B_walk,39,3122,random_43,1,38,32,39,1163.340951558121,1163.3631160305963,6.306142482919519e-05,0.0001893291686317014,False,6.306142482919519e-05,0.0001893291686317014,False,9
38,S1,leave_environment_B_walk,39,3122,difference,2,38,32,39,617.8651542760032,617.8872511267609,9.388490653164673e-05,0.0006745724059457757,False,9.388490653164673e-05,0.0006745724059457757,False,2
38,S1,leave_environment_B_walk,39,3122,raw_scores,2,38,32,39,692.911714011144,692.9338111941387,8.875487402434816e-05,0.0005449151252657424,False,8.875487402434816e-05,0.0005449151252657424,False,6
38,S1,leave_environment_B_walk,39,3122,random_17,2,38,32,39,737.0677932101775,737.0898905887495,8.588450501749502e-05,0.0004638186644400088,False,8.588450501749502e-05,0.0004638186644400088,False,5
38,S1,leave_environment_B_walk,39,3122,random_29,2,38,32,39,803.4198360145325,803.4419336871744,8.176769928599125e-05,0.00039369379216387624,False,8.176769928599125e-05,0.00039369379216387624,False,4
38,S1,leave_environment_B_walk,39,3122,random_43,2,38,32,39,770.5685710112087,770.5906685380986,8.377707845942275e-05,0.00043171553393779046,False,8.377707845942275e-05,0.00043171553393779046,False,2
39,S1,leave_environment_B_walk,40,3178,baseline,0,38,32,40,1547.842107251482,1547.866565583595,6.465746583074215e-05,0.0001564778292766997,False,6.465746583074215e-05,0.0001564778292766997,False,9
39,S1,leave_environment_B_walk,40,3178,difference,1,38,32,40,1112.3860394319288,1112.4082080797214,8.526923226833271e-05,0.0003037327963650167,False,8.526923226833271e-05,0.0003037327963650167,False,8
39,S1,leave_environment_B_walk,40,3178,raw_scores,1,38,32,40,1176.1467319129483,1176.1696706273187,8.180239483464224e-05,0.0002709827222933746,False,8.180239483464224e-05,0.0002709827222933746,False,8
39,S1,leave_environment_B_walk,40,3178,random_17,1,38,32,40,1271.314763101824,1271.3368684198128,7.693524318196619e-05,0.00023093122005004172,False,7.693524318196619e-05,0.00023093122005004172,False,8
39,S1,leave_environment_B_walk,40,3178,random_29,1,38,32,40,1302.3697634779446,1302.3970578329486,7.542251309352296e-05,0.00022080059254480535,False,7.542251309352296e-05,0.00022080059254480535,False,8
39,S1,leave_environment_B_walk,40,3178,random_43,1,38,32,40,1185.812671525209,1185.8347711782749,8.129162275095527e-05,0.0002683046637571886,False,8.129162275095527e-05,0.0002683046637571886,False,7
39,S1,leave_environment_B_walk,40,3178,difference,2,38,32,40,640.2663248281199,640.2884217779844,0.00011699410936232159,0.000923099782553612,False,0.00011699410936232159,0.000923099782553612,False,3
39,S1,leave_environment_B_walk,40,3178,raw_scores,2,38,32,40,724.0285676784962,724.0506649993391,0.00011049637772388188,0.0007332174178800705,False,0.00011049637772388188,0.0007332174178800705,False,4
39,S1,leave_environment_B_walk,40,3178,random_17,2,38,32,40,733.230697992689,733.252795354262,0.00010980750467924696,0.000687668593853611,False,0.00010980750467924696,0.000687668593853611,False,5
39,S1,leave_environment_B_walk,40,3178,random_29,2,38,32,40,808.0160644853177,808.0381621783217,0.0001043852896954144,0.0005714473150871831,False,0.0001043852896954144,0.0005714473150871831,False,3
39,S1,leave_environment_B_walk,40,3178,random_43,2,38,32,40,784.045545188474,784.0676427750685,0.00010608954978608667,0.000613217190347495,False,0.00010608954978608667,0.000613217190347495,False,1
40,S1,leave_environment_C,31,1221,baseline,0,38,32,31,1471.2058244092748,1471.2300426650893,8.583203230536705e-05,0.00022613753302583618,False,8.583203230536705e-05,0.00022613753302583618,False,9
40,S1,leave_environment_C,31,1221,difference,1,38,32,31,1060.1983558421339,1060.2194907210476,0.000111039070750395,0.00043892041608154376,False,0.000111039070750395,0.00043892041608154376,False,7
40,S1,leave_environment_C,31,1221,raw_scores,1,38,32,31,1131.1860718865016,1131.2078182753553,0.00010611145713819629,0.0003858632465951289,False,0.00010611145713819629,0.0003858632465951289,False,9
40,S1,leave_environment_C,31,1221,random_17,1,38,32,31,1213.0688810423867,1213.0946868553406,0.00010074444383221543,0.0003308808579294896,False,0.00010074444383221543,0.0003308808579294896,False,9
40,S1,leave_environment_C,31,1221,random_29,1,38,32,31,1232.4182648572296,1232.440550280502,9.952398807459957e-05,0.00032163077441605537,False,9.952398807459957e-05,0.00032163077441605537,False,7
40,S1,leave_environment_C,31,1221,random_43,1,38,32,31,1128.3389553349123,1128.361904415705,0.00010630398800914119,0.00038775444375372726,False,0.00010630398800914119,0.00038775444375372726,False,8
40,S1,leave_environment_C,31,1221,difference,2,38,32,31,608.3072193381212,608.3283498466529,0.00014936329262508937,0.0013506460955377197,False,0.0001480067823440583,0.0013506460955377197,False,4
40,S1,leave_environment_C,31,1221,raw_scores,2,38,32,31,675.2065161807884,675.2276469857838,0.000142846134160818,0.0011197146172618002,False,0.000142846134160818,0.0011197146172618002,False,3
40,S1,leave_environment_C,31,1221,random_17,2,38,32,31,706.4510222481105,706.4721531913694,0.00013991105887634168,0.0009696276639784009,False,0.00013823894836696433,0.0009696276639784009,False,1
40,S1,leave_environment_C,31,1221,random_29,2,38,32,31,770.4778971233306,770.4990283503538,0.00013410488909427302,0.0008208193518401584,False,0.00013410488909427302,0.0008208193518401584,False,3
40,S1,leave_environment_C,31,1221,random_43,2,38,32,31,756.6427167946213,756.6638479601453,0.00013533621684637357,0.0008613185173596408,False,0.00013533621684637357,0.0008613185173596408,False,4
41,S1,leave_environment_C,32,1276,baseline,0,38,32,32,1475.8785434578733,1475.9139641215527,8.527048786075547e-05,0.00022345365100673206,False,8.527048786075547e-05,0.00022345365100673206,False,8
41,S1,leave_environment_C,32,1276,difference,1,38,32,32,1067.7841285606912,1067.8052606461154,0.00011012125658470948,0.00043008858843391387,False,0.00011012125658470948,0.00043008858843391387,False,8
41,S1,leave_environment_C,32,1276,raw_scores,1,38,32,32,1139.8082457554658,1139.8313976845222,0.00010516355182004446,0.00037736177110560823,False,0.00010516355182004446,0.00037736177110560823,False,9
41,S1,leave_environment_C,32,1276,random_17,1,38,32,32,1217.4417602948445,1217.462892909675,0.00010011249574703849,0.00032677269709445987,False,0.00010011249574703849,0.00032677269709445987,False,7
41,S1,leave_environment_C,32,1276,random_29,1,38,32,32,1232.998157604609,1233.0204792556638,9.913525624837669e-05,0.0003195711343345463,False,9.913525624837669e-05,0.0003195711343345463,False,9
41,S1,leave_environment_C,32,1276,random_43,1,38,32,32,1130.7155940438045,1130.738221832353,0.00010577473399845516,0.0003840590568684168,False,0.00010577473399845516,0.0003840590568684168,False,7
41,S1,leave_environment_C,32,1276,difference,2,38,32,32,613.3884698744756,613.4096004057659,0.0001483990577782809,0.0013178290028128346,False,0.0001483990577782809,0.0013178290028128346,False,3
41,S1,leave_environment_C,32,1276,raw_scores,2,38,32,32,680.4891625756934,680.5102934040647,0.00014189952815459858,0.0010961290702153484,False,0.00014189952815459858,0.0010961290702153484,False,3
41,S1,leave_environment_C,32,1276,random_17,2,38,32,32,710.8717075970269,710.8928385598701,0.0001390611724398073,0.0009525855664183517,False,0.0001390611724398073,0.0009525855664183517,False,4
41,S1,leave_environment_C,32,1276,random_29,2,38,32,32,771.0465495800404,771.0676808095825,0.00013362526271254777,0.0008150410202817095,False,0.00013362526271254777,0.0008150410202817095,False,5
41,S1,leave_environment_C,32,1276,random_43,2,38,32,32,754.6680174203246,754.6891485771006,0.00013508079324317412,0.0008616480642382738,False,0.00013508079324317412,0.0008616480642382738,False,6
42,S1,leave_environment_C,33,1310,baseline,0,38,32,33,1485.7197214255461,1485.7447730671247,8.790388366816757e-05,0.00023194243355065898,False,8.790388366816757e-05,0.00023194243355065898,False,9
42,S1,leave_environment_C,33,1310,difference,1,38,32,33,1078.116427094735,1078.140711718178,0.00011314645766954461,0.0004436694929232652,False,0.00011124343375269651,0.0004436694929232652,False,8
42,S1,leave_environment_C,33,1310,raw_scores,1,38,32,33,1149.500228469253,1149.523633882887,0.00010815645256768865,0.0003902976684527602,False,0.00010815645256768865,0.0003902976684527602,False,8
42,S1,leave_environment_C,33,1310,random_17,1,38,32,33,1223.925555732677,1223.9526167796448,0.00010322784783057255,0.0003400165626152664,False,0.00010322784783057255,0.0003400165626152664,False,8
42,S1,leave_environment_C,33,1310,random_29,1,38,32,33,1235.8183777230768,1235.839972406674,0.0001024656193073697,0.00033447910687345084,False,0.0001024656193073697,0.00033447910687345084,False,9
42,S1,leave_environment_C,33,1310,random_43,1,38,32,33,1142.719535624393,1142.7406679724163,0.00010861931523961416,0.0003956569100218375,False,0.00010861931523961416,0.0003956569100218375,False,7
42,S1,leave_environment_C,33,1310,difference,2,38,32,33,622.112648196921,622.1337787668893,0.00015207321410949014,0.0013398804628386256,False,0.00014752745704825783,0.0013398804628386256,False,3
42,S1,leave_environment_C,33,1310,raw_scores,2,38,32,33,689.986607302026,690.0077381724909,0.00014542031490124405,0.0011184201163101687,False,0.00014432045818073212,0.0011184201163101687,False,4
42,S1,leave_environment_C,33,1310,random_17,2,38,32,33,712.8865946413435,712.907725613113,0.00014324916717286932,0.0009977425412436452,False,0.0001384811921412674,0.0009977425412436452,False,5
42,S1,leave_environment_C,33,1310,random_29,2,38,32,33,769.1775617149942,769.1986929362563,0.00013806470073664826,0.0008610422960137914,False,0.00013806470073664826,0.0008610422960137914,False,5
42,S1,leave_environment_C,33,1310,random_43,2,38,32,33,764.288166263086,764.3092974624806,0.0001385065660767671,0.0008832706267536712,False,0.00013729253752699455,0.0008832706267536712,False,4
43,S1,leave_environment_C,34,1322,baseline,0,38,37,34,1146.5274831709596,1146.54651380416,6.239068907819205e-05,0.00016198967620427874,False,6.239068907819205e-05,0.00016198967620427874,False,8
43,S1,leave_environment_C,34,1322,difference,1,38,37,34,828.5393807527297,828.5586707674436,8.088429303551066e-05,0.0003116026157226979,False,8.088429303551066e-05,0.0003116026157226979,False,8
43,S1,leave_environment_C,34,1322,raw_scores,1,38,37,34,873.5676884943623,873.5880666724444,7.790191986343369e-05,0.0002793649354019526,False,7.790191986343369e-05,0.0002793649354019526,False,5
43,S1,leave_environment_C,34,1322,random_17,1,38,37,34,962.3000849659683,962.3225747225854,7.2397345792517e-05,0.00022847643343372218,False,7.2397345792517e-05,0.00022847643343372218,False,9
43,S1,leave_environment_C,34,1322,random_29,1,38,37,34,936.7691713777797,936.7881325011325,7.393249472836464e-05,0.00024282441872095604,False,7.393249472836464e-05,0.00024282441872095604,False,8
43,S1,leave_environment_C,34,1322,random_43,1,38,37,34,906.464253066124,906.4823896702,7.580517516445413e-05,0.00026107374714094895,False,7.580517516445413e-05,0.00026107374714094895,False,8
43,S1,leave_environment_C,34,1322,difference,2,38,37,34,477.9226337676973,477.9406370895997,0.00010920398557632057,0.0009545416863910472,False,0.00010920398557632057,0.0009545416863910472,False,5
43,S1,leave_environment_C,34,1322,raw_scores,2,38,37,34,545.5821183244466,545.6001219460733,0.0001029610390706171,0.0007243747129084324,False,0.0001029610390706171,0.0007243747129084324,False,4
43,S1,leave_environment_C,34,1322,random_17,2,38,37,34,624.8831933020791,624.9011972750094,9.614677900111398e-05,0.0005408860035071996,False,9.614677900111398e-05,0.0005408860035071996,False,1
43,S1,leave_environment_C,34,1322,random_29,2,38,37,34,561.8961280757217,561.9141317697088,0.00010151595795176741,0.0006744078546264421,False,0.00010151595795176741,0.0006744078546264421,False,1
43,S1,leave_environment_C,34,1322,random_43,2,38,37,34,546.7075627185324,546.7255663450554,0.00010286061200804009,0.000718376668101256,False,0.00010286061200804009,0.000718376668101256,False,3
44,S1,leave_environment_C,35,1395,baseline,0,38,32,35,1455.6957621435427,1455.7194013598407,7.512434883118751e-05,0.00018967301503466997,False,7.512434883118751e-05,0.00018967301503466997,False,7
44,S1,leave_environment_C,35,1395,difference,1,38,32,35,1042.94952678141,1042.9711907662272,9.841023096714854e-05,0.00037236579564819787,False,9.841023096714854e-05,0.00037236579564819787,False,6
44,S1,leave_environment_C,35,1395,raw_scores,1,38,32,35,1111.9713659740307,1111.9946727723775,9.397016241158317e-05,0.0003279584876710733,False,9.397016241158317e-05,0.0003279584876710733,False,7
44,S1,leave_environment_C,35,1395,random_17,1,38,32,35,1200.4381238116405,1200.4598101481245,8.862198488000637e-05,0.0002777148064315245,False,8.862198488000637e-05,0.0002777148064315245,False,8
44,S1,leave_environment_C,35,1395,random_29,1,38,32,35,1228.8432773353977,1228.8681820409554,8.698223681049411e-05,0.00026595301458300606,False,8.698223681049411e-05,0.00026595301458300606,False,7
44,S1,leave_environment_C,35,1395,random_43,1,38,32,35,1111.4842001960985,1111.5053323967716,9.400079631955005e-05,0.00032753222850611334,False,9.400079631955005e-05,0.00032753222850611334,False,9
44,S1,leave_environment_C,35,1395,difference,2,38,32,35,594.6867287737401,594.7078592221975,0.0001339307836670522,0.0011632562243886549,False,0.0001339307836670522,0.0011632562243886549,False,4
44,S1,leave_environment_C,35,1395,raw_scores,2,38,32,35,660.6721542284846,660.693284969055,0.0001278891298992385,0.0009560593035290358,False,0.0001278891298992385,0.0009560593035290358,False,2
44,S1,leave_environment_C,35,1395,random_17,2,38,32,35,699.1715600766636,699.1926909876737,0.00012450468734265425,0.0008117082965996496,False,0.00012450468734265425,0.0008117082965996496,False,4
44,S1,leave_environment_C,35,1395,random_29,2,38,32,35,776.1620673335952,776.1831985857999,0.00011803412466078635,0.0006657381919845441,False,0.00011803412466078635,0.0006657381919845441,False,3
44,S1,leave_environment_C,35,1395,random_43,2,38,32,35,743.4980662046705,743.5191973119618,0.00012073182926395473,0.0007323154736888051,False,0.00012073182926395473,0.0007323154736888051,False,3
45,S1,leave_environment_C,36,1424,baseline,0,38,37,36,1144.058175849412,1144.0762480915987,6.742310503448792e-05,0.00018066790798952398,False,6.742310503448792e-05,0.00018066790798952398,False,9
45,S1,leave_environment_C,36,1424,difference,1,38,37,36,829.5338318585115,829.5520181280004,8.668033005431868e-05,0.00034533144822790704,False,8.668033005431868e-05,0.0003052417755309016,False,9
45,S1,leave_environment_C,36,1424,raw_scores,1,38,37,36,872.6209859336075,872.6395766984962,8.368757927972437e-05,0.00031100467263230335,False,8.368757927972437e-05,0.00031100467263230335,False,9
45,S1,leave_environment_C,36,1424,random_17,1,38,37,36,956.4619986598698,956.4813661437452,7.820627822044288e-05,0.00025672973934528365,False,7.820627822044288e-05,0.00025672973934528365,False,8
45,S1,leave_environment_C,36,1424,random_29,1,38,37,36,933.7885716193041,933.8083892348125,7.964543973751066e-05,0.00027144416715445296,False,7.964543973751066e-05,0.0002543700787478113,False,8
45,S1,leave_environment_C,36,1424,random_43,1,38,37,36,905.7970253694292,905.8150304140048,8.146594236934972e-05,0.0002905288700346392,False,8.146594236934972e-05,0.0002905288700346392,False,6
45,S1,leave_environment_C,36,1424,difference,2,38,37,36,482.02279934220655,482.0408026824026,0.00011588666001179453,0.001041747825777142,False,0.00011588666001179453,0.001041747825777142,False,5
45,S1,leave_environment_C,36,1424,raw_scores,2,38,37,36,549.3053098844479,549.3233135226212,0.00010945667595477607,0.0007927654284688771,False,0.00010945667595477607,0.0007927654284688771,False,6
45,S1,leave_environment_C,36,1424,random_17,2,38,37,36,621.5799181699007,621.5979221281968,0.0001029897383719852,0.0006068562979409295,False,0.0001029897383719852,0.0006068562979409295,False,6
45,S1,leave_environment_C,36,1424,random_29,2,38,37,36,559.6571263322642,559.6751300163322,0.00010850307652949463,0.0007554858381022006,False,0.00010850307652949463,0.0006132549973358713,False,2
45,S1,leave_environment_C,36,1424,random_43,2,38,37,36,547.1692175960569,547.1872212246253,0.00010965461344314066,0.0007967804631827974,False,0.00010965461344314066,0.0007151047552410697,False,2
46,S1,leave_environment_C,37,1451,baseline,0,38,37,37,1136.3053919094918,1136.3233974678715,7.08219567330887e-05,0.0001943440146287806,False,7.08219567330887e-05,0.00017696269304521601,False,9
46,S1,leave_environment_C,37,1451,difference,1,38,37,37,826.7752561667795,826.7932607524908,9.042341311126312e-05,0.0003688432163576268,False,8.81671395179661e-05,0.0002924079778635921,False,9
46,S1,leave_environment_C,37,1451,raw_scores,1,38,37,37,866.877351563479,866.895356237867,8.755009754296734e-05,0.00033443421933719255,False,8.755009754296734e-05,0.0003149309799356723,False,7
46,S1,leave_environment_C,37,1451,random_17,1,38,37,37,950.2399481223816,950.2579718301985,8.191376911613971e-05,0.00027596635288854146,False,8.191376911613971e-05,0.00026099311042226167,False,7
46,S1,leave_environment_C,37,1451,random_29,1,38,37,37,925.0109842713564,925.0292674508854,8.357302873364859e-05,0.0002934607004091773,False,8.188501501916842e-05,0.0002432905247815492,False,9
46,S1,leave_environment_C,37,1451,random_43,1,38,37,37,896.2001220526314,896.2192225216404,8.551674141634132e-05,0.000315214765616049,False,8.551674141634132e-05,0.00031209000806239955,False,8
46,S1,leave_environment_C,37,1451,difference,2,38,37,37,479.59959811236797,479.6176014417594,0.00012038557505886094,0.0011188131397092758,False,0.00012038557505886094,0.001031315265753,False,5
46,S1,leave_environment_C,37,1451,raw_scores,2,38,37,37,543.7647420483366,543.7827456621126,0.00011409286172742842,0.0008584148491043989,False,0.00011409286172742842,0.0008584148491043989,False,3
46,S1,leave_environment_C,37,1451,random_17,2,38,37,37,612.6818844380697,612.6998883569463,0.00010773907615474774,0.0006626952276113846,False,0.00010773907615474774,0.0006626952276113846,False,4
46,S1,leave_environment_C,37,1451,random_29,2,38,37,37,557.0838383123319,557.1018419849999,0.0001128329307687538,0.0008088066783355009,False,0.0001104206238337898,0.0005818724626887313,False,3
46,S1,leave_environment_C,37,1451,random_43,2,38,37,37,540.5143887887409,540.5323923878276,0.0001144027056266872,0.0008670528174785263,False,0.0001144027056266872,0.0006930103553105926,False,5
47,S1,leave_environment_C,38,1492,baseline,0,38,37,38,1148.860524147269,1148.8823773178353,5.279467836003485e-05,0.00012852912954665433,False,5.279467836003485e-05,0.00012852912954665433,False,9
47,S1,leave_environment_C,38,1492,difference,1,38,37,38,828.5018071523964,828.5198116234847,6.943570958766197e-05,0.00024815582505615443,False,6.943570958766197e-05,0.00024815582505615443,False,8
47,S1,leave_environment_C,38,1492,raw_scores,1,38,37,38,876.5670687265589,876.5850752246503,6.657318491973863e-05,0.00022102367195790857,False,6.657318491973863e-05,0.00022102367195790857,False,9
47,S1,leave_environment_C,38,1492,random_17,1,38,37,38,961.2169885663567,961.2362815320122,6.186662541621358e-05,0.00018254943567967878,False,6.186662541621358e-05,0.00018254943567967878,False,9
47,S1,leave_environment_C,38,1492,random_29,1,38,37,38,941.2360462281179,941.2556943743958,6.29405288159027e-05,0.00019160331941199318,False,6.29405288159027e-05,0.00019160331941199318,False,9
47,S1,leave_environment_C,38,1492,random_43,1,38,37,38,910.3893740404187,910.411219559828,6.464269516465217e-05,0.00020600457057870622,False,6.464269516465217e-05,0.00020600457057870622,False,8
47,S1,leave_environment_C,38,1492,difference,2,38,37,38,477.6421524388309,477.6601557594364,9.527083599937288e-05,0.0007573790988554158,False,9.527083599937288e-05,0.0007573790988554158,False,3
47,S1,leave_environment_C,38,1492,raw_scores,2,38,37,38,551.7814877639676,551.7994914132296,8.900617487475757e-05,0.0005630248193271692,False,8.900617487475757e-05,0.0005630248193271692,False,4
47,S1,leave_environment_C,38,1492,random_17,2,38,37,38,628.1088679385388,628.126871925759,8.303687204249783e-05,0.00042707293945627386,False,8.303687204249783e-05,0.00042707293945627386,False,5
47,S1,leave_environment_C,38,1492,random_29,2,38,37,38,561.6803171230027,561.6983208160337,8.820525843764855e-05,0.0005376618538837571,False,8.820525843764855e-05,0.0005376618538837571,False,6
47,S1,leave_environment_C,38,1492,random_43,2,38,37,38,547.4117920124062,547.4297956420492,8.936233165639958e-05,0.000569591679249604,False,8.936233165639958e-05,0.000569591679249604,False,5
48,S1,leave_environment_C,39,1538,baseline,0,38,37,39,1147.3409241605655,1147.3603128640727,5.266139260080344e-05,0.00012826680474817235,False,5.266139260080344e-05,0.00012826680474817235,False,8
48,S1,leave_environment_C,39,1538,difference,1,38,37,39,822.9285335226263,822.9465430960072,6.953331504719322e-05,0.0002503581354660901,False,6.953331504719322e-05,0.0002503581354660901,False,7
48,S1,leave_environment_C,39,1538,raw_scores,1,38,37,39,872.1645625661708,872.183634383198,6.65928577129805e-05,0.00022224646261167634,False,6.65928577129805e-05,0.00022224646261167634,False,9
48,S1,leave_environment_C,39,1538,random_17,1,38,37,39,963.065042760542,963.083047854239,6.154461101570986e-05,0.00018105872532058742,False,6.154461101570986e-05,0.00018105872532058742,False,9
48,S1,leave_environment_C,39,1538,random_29,1,38,37,39,942.2401632075163,942.2600946899526,6.265928643222528e-05,0.00019033623661576573,False,6.265928643222528e-05,0.00019033623661576573,False,9
48,S1,leave_environment_C,39,1538,random_43,1,38,37,39,908.9405055319125,908.9596373341244,6.449280384501839e-05,0.00020558363578367073,False,6.449280384501839e-05,0.00020558363578367073,False,9
48,S1,leave_environment_C,39,1538,difference,2,38,37,39,472.21340725588226,472.2314105526449,9.544961027360086e-05,0.0007715771957139503,False,9.544961027360086e-05,0.0007715771957139503,False,2
48,S1,leave_environment_C,39,1538,raw_scores,2,38,37,39,547.5130347376506,547.5310383679085,8.906763511223045e-05,0.0005706254698939694,False,8.906763511223045e-05,0.0005706254698939694,False,1
48,S1,leave_environment_C,39,1538,random_17,2,38,37,39,632.0234055665644,632.0414095711268,8.247043517816328e-05,0.00041997294616608473,False,8.247043517816328e-05,0.00041997294616608473,False,4
48,S1,leave_environment_C,39,1538,random_29,2,38,37,39,560.7105411784448,560.7285448671796,8.799909338143919e-05,0.0005375897422167042,False,8.799909338143919e-05,0.0005375897422167042,False,4
48,S1,leave_environment_C,39,1538,random_43,2,38,37,39,546.7643875253839,546.7823911521588,8.912868618851335e-05,0.0005682046792603049,False,8.912868618851335e-05,0.0005682046792603049,False,3
49,S1,leave_environment_C,40,1595,baseline,0,38,37,40,1147.7388671861056,1147.7568844398334,8.417224173766535e-05,0.00024684565385924457,False,7.874905803775505e-05,0.0002024943229964717,False,9
49,S1,leave_environment_C,40,1595,difference,1,38,37,40,829.4342094453536,829.4522746811332,0.00010676001852263904,0.0004748965511123834,False,9.707995776515311e-05,0.0003360719339380113,False,8
49,S1,leave_environment_C,40,1595,raw_scores,1,38,37,40,872.8699738952766,872.8912180469687,0.00010329025345140355,0.0004280920757354987,False,9.892150962254734e-05,0.0003573474605463089,False,8
49,S1,leave_environment_C,40,1595,random_17,1,38,37,40,955.4929864794559,955.5167166021807,9.704719130146307e-05,0.00035321431144896045,False,9.293925547349418e-05,0.00029876681858299485,False,8
49,S1,leave_environment_C,40,1595,random_29,1,38,37,40,936.9860164043989,937.005676402047,9.84064580971461e-05,0.0003708841328304187,False,9.048005707235922e-05,0.0002803270148150577,False,9
49,S1,leave_environment_C,40,1595,random_43,1,38,37,40,913.7413638274083,913.7593686405086,0.00010014527705608868,0.0003936783724521294,False,9.870838173015449e-05,0.00035432513406671596,False,6
49,S1,leave_environment_C,40,1595,difference,2,38,37,40,487.06556120382834,487.0835645664426,0.0001392823632892755,0.0014031454737667658,False,0.00013787659027310093,0.001203998306848907,False,4
49,S1,leave_environment_C,40,1595,raw_scores,2,38,37,40,550.7662062330361,550.7842098776555,0.0001324723239276624,0.0010907619897134225,False,0.0001324723239276624,0.0010228783303329026,False,2
49,S1,leave_environment_C,40,1595,random_17,2,38,37,40,624.7069742949687,624.724978267118,0.00012502655771541756,0.0008256360237935544,False,0.00012502655771541756,0.0008256360237935544,False,5
49,S1,leave_environment_C,40,1595,random_29,2,38,37,40,556.8229786560898,556.8409823276021,0.00013184420777165426,0.001047101508606807,False,0.00012157360272266997,0.0006838873927100166,False,3
49,S1,leave_environment_C,40,1595,random_43,2,38,37,40,554.2101237922378,554.2281274519985,0.00013211476739946685,0.00107000905118176,False,0.0001257402070300668,0.0007847066542622987,False,4
50,S1,leave_environment_D,31,1639,baseline,0,38,32,31,1550.257245807943,1550.288829431361,6.983166558000164e-05,0.00015986177228658317,False,6.983166558000164e-05,0.00015986177228658317,False,8
50,S1,leave_environment_D,31,1639,difference,1,38,32,31,1108.907617067465,1108.9287140509846,9.356583991594828e-05,0.0003145408611660717,False,9.356583991594828e-05,0.0003145408611660717,False,7
50,S1,leave_environment_D,31,1639,raw_scores,1,38,32,31,1216.7534862158393,1216.7787242689653,8.69605660320301e-05,0.00026098806629629184,False,8.69605660320301e-05,0.00026098806629629184,False,7
50,S1,leave_environment_D,31,1639,random_17,1,38,32,31,1272.1573578387424,1272.1784554604653,8.37860137688092e-05,0.00023697286693986173,False,8.37860137688092e-05,0.00023697286693986173,False,7
50,S1,leave_environment_D,31,1639,random_29,1,38,32,31,1322.4859750414184,1322.5079305619404,8.102305798296462e-05,0.00021976585798843073,False,8.102305798296462e-05,0.00021976585798843073,False,9
50,S1,leave_environment_D,31,1639,random_43,1,38,32,31,1180.6261451486637,1180.6527430330732,8.910893664259295e-05,0.0002773188565735415,False,8.910893664259295e-05,0.0002773188565735415,False,6
50,S1,leave_environment_D,31,1639,difference,2,38,32,31,621.015962668126,621.0370580250631,0.00013185770025052364,0.0010096035426380293,False,0.00013185770025052364,0.0010096035426380293,False,6
50,S1,leave_environment_D,31,1639,raw_scores,2,38,32,31,717.4374331818374,717.4585289656277,0.00012304743698968236,0.0007706610031109339,False,0.00012304743698968236,0.0007706610031109339,False,3
50,S1,leave_environment_D,31,1639,random_17,2,38,32,31,738.1026319352026,738.1237278104584,0.00012124649791804677,0.0006993075836350079,False,0.00012124649791804677,0.0006993075836350079,False,3
50,S1,leave_environment_D,31,1639,random_29,2,38,32,31,831.4884900703629,831.5095863594465,0.00011347257870236926,0.0005556994134996416,False,0.00011347257870236926,0.0005556994134996416,False,6
50,S1,leave_environment_D,31,1639,random_43,2,38,32,31,796.7838879177402,796.8049840528713,0.00011629326409040741,0.0006085888197868552,False,0.00011629326409040741,0.0006085888197868552,False,3
51,S1,leave_environment_D,32,1655,baseline,0,38,32,32,1546.015381324535,1546.045080769458,9.156027177406926e-05,0.00023134444521215593,False,9.156027177406926e-05,0.00023134444521215593,False,8
51,S1,leave_environment_D,32,1655,difference,1,38,32,32,1107.7728106862544,1107.7939076990472,0.00011991789984497357,0.00045399730781634325,False,0.00011991789984497357,0.00045399730781634325,False,6
51,S1,leave_environment_D,32,1655,raw_scores,1,38,32,32,1208.8610163450546,1208.8834036682601,0.00011253615637094943,0.00038078136049278077,False,0.00011253615637094943,0.00038078136049278077,False,9
51,S1,leave_environment_D,32,1655,random_17,1,38,32,32,1272.187251597692,1272.2098050349978,0.00010818648731193651,0.0003410062933373474,False,0.00010818648731193651,0.0003410062933373474,False,9
51,S1,leave_environment_D,32,1655,random_29,1,38,32,32,1317.0823112587634,1317.1045954348156,0.00010522437906840662,0.00031891970333373785,False,0.00010522437906840662,0.00031891970333373785,False,8
51,S1,leave_environment_D,32,1655,random_43,1,38,32,32,1176.2619890984968,1176.2830863654335,0.00011485640876415997,0.00040282602661724065,False,0.00011485640876415997,0.00040282602661724065,False,6
51,S1,leave_environment_D,32,1655,difference,2,38,32,32,618.0156057642424,618.036701107642,0.0001646564287334674,0.0014692214032670466,False,0.0001646564287334674,0.0014692214032670466,False,3
51,S1,leave_environment_D,32,1655,raw_scores,2,38,32,32,711.0742941496738,711.0953899052973,0.0001548705305927259,0.0011401717588117029,False,0.0001548705305927259,0.0011401717588117029,False,3
51,S1,leave_environment_D,32,1655,random_17,2,38,32,32,738.2471072629958,738.2682031388916,0.0001521365202021896,0.001004616631389216,False,0.0001521365202021896,0.001004616631389216,False,5
51,S1,leave_environment_D,32,1655,random_29,2,38,32,32,825.458859956063,825.4799562184346,0.00014372143116690145,0.0008121890352971724,False,0.00014372143116690145,0.0008121890352971724,False,6
51,S1,leave_environment_D,32,1655,random_43,2,38,32,32,795.343119635521,795.3642157642691,0.0001465664725919425,0.0008807387960144332,False,0.0001465664725919425,0.0008807387960144332,False,5
52,S1,leave_environment_D,33,1691,baseline,0,38,32,33,1590.712307970311,1590.7359215345666,7.059362088488432e-05,0.0001596313276750318,False,7.059362088488432e-05,0.0001596313276750318,False,9
52,S1,leave_environment_D,33,1691,difference,1,38,32,33,1147.3162871766358,1147.3466164821937,9.428602854353286e-05,0.0003084908131000839,False,9.428602854353286e-05,0.0003084908131000839,False,7
52,S1,leave_environment_D,33,1691,raw_scores,1,38,32,33,1225.7870621216518,1225.8081870277326,8.945920987382426e-05,0.0002695122737965309,False,8.945920987382426e-05,0.0002695122737965309,False,5
52,S1,leave_environment_D,33,1691,random_17,1,38,32,33,1304.721682662116,1304.7449188590733,8.490025483315697e-05,0.0002367837735170147,False,8.490025483315697e-05,0.0002367837735170147,False,8
52,S1,leave_environment_D,33,1691,random_29,1,38,32,33,1340.9564381124294,1340.9813008286283,8.29020378063123e-05,0.00022454376876992292,False,8.29020378063123e-05,0.00022454376876992292,False,8
52,S1,leave_environment_D,33,1691,random_43,1,38,32,33,1208.9551867278246,1208.9762841052188,9.046922069493783e-05,0.0002781529649028726,False,9.046922069493783e-05,0.0002781529649028726,False,7
52,S1,leave_environment_D,33,1691,difference,2,38,32,33,647.1772398058097,647.1983352784194,0.0001333451257458149,0.0009674284577152569,False,0.0001333451257458149,0.0009674284577152569,False,2
52,S1,leave_environment_D,33,1691,raw_scores,2,38,32,33,754.0561555128313,754.0772514588299,0.0001236393034652638,0.0007299458514129484,False,0.0001236393034652638,0.0007299458514129484,False,5
52,S1,leave_environment_D,33,1691,random_17,2,38,32,33,745.5810414457184,745.6021373541046,0.00012437918262036573,0.0007220289352598495,False,0.00012437918262036573,0.0007220289352598495,False,3
52,S1,leave_environment_D,33,1691,random_29,2,38,32,33,835.3347152437593,835.3558115498824,0.00011679208548121812,0.0005780867259565508,False,0.00011679208548121812,0.0005780867259565508,False,5
52,S1,leave_environment_D,33,1691,random_43,2,38,32,33,812.4545935775749,812.4756897821292,0.00011867485326210745,0.0006151987664480477,False,0.00011867485326210745,0.0006151987664480477,False,5
53,S1,leave_environment_D,34,1723,baseline,0,38,32,34,1552.505591169614,1552.5276147868572,8.228837042049489e-05,0.00019931344576489424,False,8.228837042049489e-05,0.00019931344576489424,False,8
53,S1,leave_environment_D,34,1723,difference,1,38,32,34,1106.7065089388955,1106.727606028992,0.00010914205225089582,0.0003947819262837981,False,0.00010914205225089582,0.0003947819262837981,False,7
53,S1,leave_environment_D,34,1723,raw_scores,1,38,32,34,1204.8100643263701,1204.8327546131684,0.00010242003084908523,0.00033291379723008273,False,0.00010242003084908523,0.00033291379723008273,False,9
53,S1,leave_environment_D,34,1723,random_17,1,38,32,34,1272.6186979863974,1272.639795639325,9.806167631117181e-05,0.00029627855505045164,False,9.806167631117181e-05,0.00029627855505045164,False,8
53,S1,leave_environment_D,34,1723,random_29,1,38,32,34,1327.9593833616093,1327.981091691467,9.466905269750974e-05,0.0002727821754172986,False,9.466905269750974e-05,0.0002727821754172986,False,8
53,S1,leave_environment_D,34,1723,random_43,1,38,32,34,1176.9518031019861,1176.9729464475317,0.00010427765434779733,0.00034912635173809314,False,0.00010427765434779733,0.00034912635173809314,False,8
53,S1,leave_environment_D,34,1723,difference,2,38,32,34,615.8647354271029,615.8858307610418,0.00015153700530763452,0.0012755789493012343,False,0.00015153700530763452,0.0012755789493012343,False,4
53,S1,leave_environment_D,34,1723,raw_scores,2,38,32,34,720.8187703097257,720.8398661083608,0.000141091863706679,0.0009545200497884157,False,0.000141091863706679,0.0009545200497884157,False,5
53,S1,leave_environment_D,34,1723,random_17,2,38,32,34,732.5588319470573,732.5799277977534,0.00013997437829542364,0.0008862203876511644,False,0.00013997437829542364,0.0008862203876511644,False,2
53,S1,leave_environment_D,34,1723,random_29,2,38,32,34,834.7720626264172,834.7931589300476,0.0001306562651492871,0.0006909221711968271,False,0.0001306562651492871,0.0006909221711968271,False,5
53,S1,leave_environment_D,34,1723,random_43,2,38,32,34,796.1652213972017,796.1863175295919,0.00013409066142208506,0.0007633348807694441,False,0.00013409066142208506,0.0007633348807694441,False,3
54,S1,leave_environment_D,35,1790,baseline,0,38,32,35,1552.8258544083483,1552.8487236793724,8.725075189273226e-05,0.00021605218404740378,False,8.725075189273226e-05,0.00021605218404740378,False,9
54,S1,leave_environment_D,35,1790,difference,1,38,32,35,1107.082125937642,1107.114711597197,0.00011518534582096907,0.0004283185839927447,False,0.00011518534582096907,0.0004283185839927447,False,7
54,S1,leave_environment_D,35,1790,raw_scores,1,38,32,35,1205.2813773304886,1205.3040259727095,0.00010820283954776944,0.0003612748165399351,False,0.00010820283954776944,0.0003612748165399351,False,8
54,S1,leave_environment_D,35,1790,random_17,1,38,32,35,1274.0989355799848,1274.1235786320926,0.00010360805977000848,0.00032027275514132526,False,0.00010360805977000848,0.00032027275514132526,False,8
54,S1,leave_environment_D,35,1790,random_29,1,38,32,35,1327.7829579447287,1327.8067880454068,0.00010018566450055848,0.0002957214423828205,False,0.00010018566450055848,0.0002957214423828205,False,8
54,S1,leave_environment_D,35,1790,random_43,1,38,32,35,1178.2210837937548,1178.2421810896562,0.00011007595857718707,0.0003779190127468084,False,0.00011007595857718707,0.0003779190127468084,False,7
54,S1,leave_environment_D,35,1790,difference,2,38,32,35,616.6349332270629,616.656028564401,0.00015893651506167702,0.0013869015815301511,False,0.00015893651506167702,0.0013869015815301511,False,5
54,S1,leave_environment_D,35,1790,raw_scores,2,38,32,35,720.1723876298464,720.1934834256305,0.0001483198849752435,0.0010420032698334348,False,0.0001483198849752435,0.0010420032698334348,False,3
54,S1,leave_environment_D,35,1790,random_17,2,38,32,35,735.2484385070856,735.269534369697,0.00014684102534861103,0.000953638771778495,False,0.00014684102534861103,0.000953638771778495,False,3
54,S1,leave_environment_D,35,1790,random_29,2,38,32,35,833.4786509211297,833.4997472190302,0.00013760229383856789,0.0007502603508269923,False,0.00013760229383856789,0.0007502603508269923,False,4
54,S1,leave_environment_D,35,1790,random_43,2,38,32,35,794.3480918798632,794.369188004203,0.00014120151523783558,0.0008311828640299407,False,0.00014120151523783558,0.0008311828640299407,False,4
55,S1,leave_environment_D,36,1829,baseline,0,38,32,36,1580.1347672037175,1580.15705075698,9.472750822030535e-05,0.0002386949195256263,False,9.472750822030535e-05,0.0002386949195256263,False,9
55,S1,leave_environment_D,36,1829,difference,1,38,32,36,1137.7050634129264,1137.7261696413066,0.0001237361566833902,0.00046320021348744467,False,0.00011663129870950041,0.00046320021348744467,False,7
55,S1,leave_environment_D,36,1829,raw_scores,1,38,32,36,1225.202334732856,1225.225599512905,0.00011723470742624834,0.00039825782265053364,False,0.00011723470742624834,0.00039825782265053364,False,8
55,S1,leave_environment_D,36,1829,random_17,1,38,32,36,1295.244520577694,1295.2735660488229,0.00011232078000890336,0.0003543850482039449,False,0.00011232078000890336,0.0003543850482039449,False,6
55,S1,leave_environment_D,36,1829,random_29,1,38,32,36,1334.705212075687,1334.730402863761,0.00010966132312425826,0.000334368529142725,False,0.00010966132312425826,0.000334368529142725,False,9
55,S1,leave_environment_D,36,1829,random_43,1,38,32,36,1202.9355032127255,1202.9569396977565,0.00011885018440514217,0.000415233481098086,False,0.00011885018440514217,0.000415233481098086,False,8
55,S1,leave_environment_D,36,1829,difference,2,38,32,36,639.3976351908899,639.4187306291833,0.000169788174935952,0.0014648762546785711,False,0.00015332383727094913,0.0014648762546785711,False,3
55,S1,leave_environment_D,36,1829,raw_scores,2,38,32,36,751.5722640208536,751.5933599558264,0.00015792916896173464,0.001091383575621521,False,0.00015093646679138553,0.001091383575621521,False,2
55,S1,leave_environment_D,36,1829,random_17,2,38,32,36,739.8612418061251,739.8823376891717,0.00015912303589073445,0.0010803440345224305,False,0.0001459026433464451,0.0010803440345224305,False,5
55,S1,leave_environment_D,36,1829,random_29,2,38,32,36,828.7773235871957,828.7984198642688,0.00015030600200857832,0.0008669118655495779,False,0.00014444956433531367,0.0008669118655495779,False,5
55,S1,leave_environment_D,36,1829,random_43,2,38,32,36,810.7679524471091,810.7890486441913,0.00015204641372164372,0.0009126341096536824,False,0.0001450504081370127,0.0009126341096536824,False,4
56,S1,leave_environment_D,37,1846,baseline,0,38,37,37,1173.313387877838,1173.3406068445506,5.166028695878991e-05,0.00012153455033528217,False,5.166028695878991e-05,0.00012153455033528217,False,8
56,S1,leave_environment_D,37,1846,difference,1,38,37,37,839.4073220812608,839.426525978478,6.884901758601399e-05,0.0002380771127244254,False,6.884901758601399e-05,0.0002380771127244254,False,9
56,S1,leave_environment_D,37,1846,raw_scores,1,38,37,37,899.4699646745103,899.4881510575103,6.52978494206628e-05,0.0002070585843977452,False,6.52978494206628e-05,0.0002070585843977452,False,9
56,S1,leave_environment_D,37,1846,random_17,1,38,37,37,982.8833502101068,982.9027546888296,6.072306955672064e-05,0.0001725403994438768,False,6.072306955672064e-05,0.0001725403994438768,False,8
56,S1,leave_environment_D,37,1846,random_29,1,38,37,37,967.2119271328789,967.2352388394504,6.155208718937971e-05,0.0001790138818156512,False,6.155208718937971e-05,0.0001790138818156512,False,7
56,S1,leave_environment_D,37,1846,random_43,1,38,37,37,931.5509455398834,931.5702780768685,6.349080325219141e-05,0.00019374279414996948,False,6.349080325219141e-05,0.00019374279414996948,False,6
56,S1,leave_environment_D,37,1846,difference,2,38,37,37,486.5565804602311,486.57475782437854,9.489904449287743e-05,0.0007165894686316169,False,9.489904449287743e-05,0.0007165894686316169,False,3
56,S1,leave_environment_D,37,1846,raw_scores,2,38,37,37,566.2614208187546,566.2795985359877,8.81484001845612e-05,0.0005263973551855758,False,8.81484001845612e-05,0.0005263973551855758,False,4
56,S1,leave_environment_D,37,1846,random_17,2,38,37,37,643.486697504695,643.5048755639608,8.212114583989975e-05,0.00040276070013046944,False,8.212114583989975e-05,0.00040276070013046944,False,7
56,S1,leave_environment_D,37,1846,random_29,2,38,37,37,566.6686437047387,566.6868214237892,8.811532658056102e-05,0.0005190805919155028,False,8.811532658056102e-05,0.0005190805919155028,False,5
56,S1,leave_environment_D,37,1846,random_43,2,38,37,37,570.5651494572046,570.5833271933392,8.779957084495558e-05,0.0005146884024427687,False,8.779957084495558e-05,0.0005146884024427687,False,6
57,S1,leave_environment_D,38,1880,baseline,0,38,32,38,1554.0730841610273,1554.100998254857,7.400301699900945e-05,0.00017248152470215796,False,7.400301699900945e-05,0.00017248152470215796,False,9
57,S1,leave_environment_D,38,1880,difference,1,38,32,38,1105.4395094442605,1105.4712603330588,9.915292862758047e-05,0.00034314291411601417,False,9.915292862758047e-05,0.00034314291411601417,False,7
57,S1,leave_environment_D,38,1880,raw_scores,1,38,32,38,1194.639083015115,1194.6601803941599,9.341482557405292e-05,0.00029373419496586076,False,9.341482557405292e-05,0.00029373419496586076,False,9
57,S1,leave_environment_D,38,1880,random_17,1,38,32,38,1270.5403875812763,1270.5614856733098,8.884257060168144e-05,0.00025769812442278815,False,8.884257060168144e-05,0.00025769812442278815,False,9
57,S1,leave_environment_D,38,1880,random_29,1,38,32,38,1329.661598247454,1329.6827043002136,8.546751514416023e-05,0.0002358541474231604,False,8.546751514416023e-05,0.0002358541474231604,False,9
57,S1,leave_environment_D,38,1880,random_43,1,38,32,38,1178.0699588727514,1178.0910563079833,9.445021649669507e-05,0.0003019922030540338,False,9.445021649669507e-05,0.0003019922030540338,False,8
57,S1,leave_environment_D,38,1880,difference,2,38,32,38,618.1459871481687,618.1670824921308,0.0001388202525886872,0.0011039643362639666,False,0.0001388202525886872,0.0011039643362639666,False,4
57,S1,leave_environment_D,38,1880,raw_scores,2,38,32,38,719.0069239636861,719.028019754398,0.00012930924451829608,0.0008278663389093394,False,0.00012930924451829608,0.0008278663389093394,False,2
57,S1,leave_environment_D,38,1880,random_17,2,38,32,38,731.5590129671876,731.5801088134542,0.00012817759069123314,0.0007707854617974006,False,0.00012817759069123314,0.0007707854617974006,False,5
57,S1,leave_environment_D,38,1880,random_29,2,38,32,38,836.9442814835523,836.965377796806,0.00011910667395198083,0.0005954955959048231,False,0.00011910667395198083,0.0005954955959048231,False,2
57,S1,leave_environment_D,38,1880,random_43,2,38,32,38,793.1495204395723,793.1706165586024,0.00012278458406030578,0.0006663453183159108,False,0.00012278458406030578,0.0006663453183159108,False,5
58,S1,leave_environment_D,39,1934,baseline,0,38,37,39,1172.3483673413696,1172.3696594587086,0.00010253139951445053,0.0003163674062705294,False,8.461477310150848e-05,0.00020788158118140377,False,9
58,S1,leave_environment_D,39,1934,difference,1,38,37,39,837.5614010574503,837.5808944736507,0.00012979493516948829,0.0006225257379301298,False,0.00010533570466530334,0.0003467149767382005,False,8
58,S1,leave_environment_D,39,1934,raw_scores,1,38,37,39,889.2011894233456,889.2199396667971,0.00012508108058346555,0.0005517634437321853,False,0.00010437285233479349,0.0003420703335716923,False,7
58,S1,leave_environment_D,39,1934,random_17,1,38,37,39,973.4483936340432,973.4665756248928,0.00011781038405059373,0.0004567019978411166,False,0.00010058884633827487,0.00030858874113523895,False,8
58,S1,leave_environment_D,39,1934,random_29,1,38,37,39,966.9314990070291,966.9498531862175,0.00011835485950280786,0.0004665648458916906,False,9.729820448332921e-05,0.00028520555559262965,False,8
58,S1,leave_environment_D,39,1934,random_43,1,38,37,39,937.3437220083998,937.3625562697744,0.00012086421968835224,0.0004994695831781836,False,0.00010677973745764993,0.00036287583121103443,False,7
58,S1,leave_environment_D,39,1934,difference,2,38,37,39,495.79136889938684,495.8095463045278,0.00016658990774364178,0.0018030232927582239,False,0.00015188568376069684,0.0012390678482152296,False,4
58,S1,leave_environment_D,39,1934,raw_scores,2,38,37,39,568.4967208156592,568.514898542751,0.00015787977941353256,0.0013730993501011206,False,0.00014481504537032665,0.0010191450267583466,False,5
58,S1,leave_environment_D,39,1934,random_17,2,38,37,39,644.933426116414,644.951604182089,0.00014926164648462634,0.0010424214243977862,False,0.0001424540001236604,0.0009097116745733252,False,4
58,S1,leave_environment_D,39,1934,random_29,2,38,37,39,561.5108863978148,561.5290640940158,0.0001586945355232449,0.0013742037637529602,False,0.00013345227432498089,0.0007168079611235876,False,5
58,S1,leave_environment_D,39,1934,random_43,2,38,37,39,579.6617577872959,579.6799355637297,0.00015658718364741728,0.0012995454681361603,False,0.00013715959183886883,0.000798087594894871,False,5
59,S1,leave_environment_D,40,1988,baseline,0,38,32,40,1545.489177274702,1545.5146673365177,7.503458255606427e-05,0.00017642758463907822,False,7.503458255606427e-05,0.00017642758463907822,False,8
59,S1,leave_environment_D,40,1988,difference,1,38,32,40,1095.3666927553347,1095.3877923662474,0.0001006038370935254,0.0003535599482664979,False,0.0001006038370935254,0.0003535599482664979,False,7
59,S1,leave_environment_D,40,1988,raw_scores,1,38,32,40,1199.8678744584404,1199.8902114585653,9.38304017656824e-05,0.00029493384242641,False,9.38304017656824e-05,0.00029493384242641,False,9
59,S1,leave_environment_D,40,1988,random_17,1,38,32,40,1261.7975637155837,1261.818661453781,9.007386765002866e-05,0.00026435235964139515,False,9.007386765002866e-05,0.00026435235964139515,False,8
59,S1,leave_environment_D,40,1988,random_29,1,38,32,40,1327.7324535918422,1327.7535550933192,8.627200566171988e-05,0.0002393809059763666,False,8.627200566171988e-05,0.0002393809059763666,False,9
59,S1,leave_environment_D,40,1988,random_43,1,38,32,40,1171.8731309703182,1171.894228345378,9.559019771203065e-05,0.0003086521654466552,False,9.559019771203065e-05,0.0003086521654466552,False,8
59,S1,leave_environment_D,40,1988,difference,2,38,32,40,608.5818243426246,608.602919644194,0.0001407263058956739,0.0011488321842817873,False,0.0001407263058956739,0.0011488321842817873,False,3
59,S1,leave_environment_D,40,1988,raw_scores,2,38,32,40,717.5501302761684,717.5712260607885,0.00013036126466162184,0.0008407995379801687,False,0.00013036126466162184,0.0008407995379801687,False,4
59,S1,leave_environment_D,40,1988,random_17,2,38,32,40,726.510209089918,726.5313049138176,0.0001295477753030289,0.0007899515434616255,False,0.0001295477753030289,0.0007899515434616255,False,5
59,S1,leave_environment_D,40,1988,random_29,2,38,32,40,837.8817520436535,837.9028483610606,0.00011990162011163801,0.000601311675919746,False,0.00011990162011163801,0.000601311675919746,False,5
59,S1,leave_environment_D,40,1988,random_43,2,38,32,40,790.6349621802456,790.6560582881358,0.00012389046686088224,0.0006783694973605445,False,0.00012389046686088224,0.0006783694973605445,False,7
60,S1,leave_environment_E,31,2028,baseline,0,38,32,31,1680.6325076207816,1680.6619910422105,6.0301795761823336e-05,0.00012888619773773286,False,6.0301795761823336e-05,0.00012888619773773286,False,9
60,S1,leave_environment_E,31,2028,difference,1,38,32,31,1214.8002604846226,1214.8233361019115,8.147084612353237e-05,0.00024968019638861285,False,8.147084612353237e-05,0.00024968019638861285,False,8
60,S1,leave_environment_E,31,2028,raw_scores,1,38,32,31,1310.9870256993463,1311.0154979562587,7.643224984093749e-05,0.00021384089563360753,False,7.643224984093749e-05,0.00021384089563360753,False,7
60,S1,leave_environment_E,31,2028,random_17,1,38,32,31,1385.9146350389863,1385.9374079752802,7.276833803766068e-05,0.00018892116964180165,False,7.276833803766068e-05,0.00018892116964180165,False,8
60,S1,leave_environment_E,31,2028,random_29,1,38,32,31,1417.3820613773044,1417.4096297133235,7.12935477756807e-05,0.00018101710188657484,False,7.12935477756807e-05,0.00018101710188657484,False,9
60,S1,leave_environment_E,31,2028,random_43,1,38,32,31,1271.4993069559562,1271.522078075233,7.84539756999904e-05,0.00022600247536231426,False,7.84539756999904e-05,0.00022600247536231426,False,6
60,S1,leave_environment_E,31,2028,difference,2,38,32,31,693.5082113166472,693.5309804954893,0.0001167133710065964,0.0007658294052382381,False,0.00011371530041758133,0.0007658294052382381,False,5
60,S1,leave_environment_E,31,2028,raw_scores,2,38,32,31,796.2714524815033,796.2942221153247,0.00010855363846178335,0.0005898096146511561,False,0.00010855363846178335,0.0005898096146511561,False,7
60,S1,leave_environment_E,31,2028,random_17,2,38,32,31,804.1870033962541,804.2097730650403,0.00010795246129253104,0.0005572920632015679,False,0.00010763436443558542,0.0005572920632015679,False,4
60,S1,leave_environment_E,31,2028,random_29,2,38,32,31,924.6684752969845,924.6912454996453,9.925749604137681e-05,0.00042477872211946736,False,9.925749604137681e-05,0.00042477872211946736,False,5
60,S1,leave_environment_E,31,2028,random_43,2,38,32,31,831.1272868073668,831.150056595404,0.00010593468505828012,0.0005298357547672987,False,0.00010593468505828012,0.0005298357547672987,False,4
61,S1,leave_environment_E,32,2044,baseline,0,38,31,32,1550.8885511470792,1550.911591516232,8.669365612518555e-05,0.0002563610812370943,False,8.669365612518555e-05,0.00021515330797356458,False,9
61,S1,leave_environment_E,32,2044,difference,1,38,31,32,1131.989228180457,1132.0143904474894,0.00010906666771827081,0.0004775963749855478,False,0.00010831330263671908,0.0003363308851005581,False,7
61,S1,leave_environment_E,32,2044,raw_scores,1,38,31,32,1212.4690416497633,1212.4934090622555,0.00010428381900605149,0.00042417247998134065,False,0.00010428381900605149,0.0003470641033765626,False,7
61,S1,leave_environment_E,32,2044,random_17,1,38,31,32,1255.1379091378633,1255.1620337165396,0.00010184748322891567,0.0003914433034665768,False,0.00010184748322891567,0.00031503135580427543,False,7
61,S1,leave_environment_E,32,2044,random_29,1,38,31,32,1288.908515081919,1288.9315545781074,9.996652568849535e-05,0.0003685056497689513,False,9.996652568849535e-05,0.00031009004527926727,False,6
61,S1,leave_environment_E,32,2044,random_43,1,38,31,32,1167.1256787635393,1167.151906035555,0.00010694773604142469,0.0004578771012921946,False,0.00010694773604142469,0.0003784881917456607,False,8
61,S1,leave_environment_E,32,2044,difference,2,38,31,32,619.2821937567953,619.3052309181434,0.00014611833838223089,0.0016201578649802462,False,0.00014611833838223089,0.0011067261623314887,False,2
61,S1,leave_environment_E,32,2044,raw_scores,2,38,31,32,679.4287797476104,679.4518171755278,0.0001411172052166845,0.0013589385539316801,False,0.0001411172052166845,0.0009986967785513099,False,4
61,S1,leave_environment_E,32,2044,random_17,2,38,31,32,803.4088047439336,803.431842720852,0.00013139243823707893,0.0009553195119997565,False,0.00013139243823707893,0.000930215736088254,False,1
61,S1,leave_environment_E,32,2044,random_29,2,38,31,32,811.9181247339499,811.9411627486918,0.00013075278340577158,0.0009332695230672224,False,0.00013075278340577158,0.0007418202394293065,False,6
61,S1,leave_environment_E,32,2044,random_43,2,38,31,32,806.9944656215954,807.017503614299,0.00013112247553200473,0.0009507644375373306,False,0.00013112247553200473,0.0008857491258651912,False,5
62,S1,leave_environment_E,33,2105,baseline,0,38,32,33,1693.9430945932115,1693.9679753797302,8.832857608124941e-05,0.00021366324885547144,False,8.832857608124941e-05,0.00021366324885547144,False,8
62,S1,leave_environment_E,33,2105,difference,1,38,32,33,1242.106776465403,1242.1315122848252,0.00011482105467225074,0.0004038973204326525,False,0.00010762584063835787,0.0004038973204326525,False,9
62,S1,leave_environment_E,33,2105,raw_scores,1,38,32,33,1334.4668531901302,1334.489740593161,0.00010869911726183533,0.00034730460100735596,False,0.0001073908882754212,0.00034730460100735596,False,7
62,S1,leave_environment_E,33,2105,random_17,1,38,32,33,1395.4026740741256,1395.4316716091432,0.00010487287486492158,0.0003134782412162003,False,0.0001048184545675074,0.0003134782412162003,False,7
62,S1,leave_environment_E,33,2105,random_29,1,38,32,33,1404.995178835849,1405.0185355746917,0.00010428580472251727,0.0003096436793417103,False,0.00010294735749881286,0.0003096436793417103,False,9
62,S1,leave_environment_E,33,2105,random_43,1,38,32,33,1281.474592223219,1281.5045370955686,0.00011216229556478238,0.00037605299883571155,False,0.00010997702839060858,0.00037605299883571155,False,8
62,S1,leave_environment_E,33,2105,difference,2,38,32,33,722.2537661992887,722.2765355054113,0.0001578150489243198,0.001188951539216878,False,0.0001451550117729244,0.001188951539216878,False,3
62,S1,leave_environment_E,33,2105,raw_scores,2,38,32,33,797.3326775161395,797.3554471547401,0.0001505955672137509,0.001000278127000846,False,0.0001455109219004558,0.001000278127000846,False,4
62,S1,leave_environment_E,33,2105,random_17,2,38,32,33,808.8264320166103,808.8492017059501,0.00014952336769290722,0.0009290317262773193,False,0.0001349735067026268,0.0009290317262773193,False,1
62,S1,leave_environment_E,33,2105,random_29,2,38,32,33,904.7464142730097,904.769184387413,0.000140904171260915,0.0007447205695266308,False,0.00013433076228720268,0.0007447205695266308,False,3
62,S1,leave_environment_E,33,2105,random_43,2,38,32,33,840.4803710824351,840.5031409119077,0.00014661470431579917,0.0008734083874359888,False,0.00013451599345702884,0.0008734083874359888,False,4
63,S1,leave_environment_E,34,2156,baseline,0,38,37,34,1267.5571369818992,1267.5770297323759,9.471044328436877e-05,0.0002862752095238199,False,8.6751317683576e-05,0.00021002878231398526,False,8
63,S1,leave_environment_E,34,2156,difference,1,38,37,34,931.6748599620755,931.6944645580363,0.00011836090607329431,0.0005329401075895696,False,0.00010524845159792368,0.0003284718030166988,False,9
63,S1,leave_environment_E,34,2156,raw_scores,1,38,37,34,1000.3431658473271,1000.3645187544507,0.00011300607681430887,0.0004626436346762138,False,0.00010412706544602866,0.00034515023263960204,False,7
63,S1,leave_environment_E,34,2156,random_17,1,38,37,34,1057.4016607422313,1057.42187549849,0.0001087710167571735,0.00040847254189046024,False,0.00010168547868401964,0.00030727367420243997,False,8
63,S1,leave_environment_E,34,2156,random_29,1,38,37,34,1056.39231355087,1056.4142705418049,0.0001088441728064355,0.00041251669094857394,False,9.930762331158428e-05,0.00029307652964723506,False,6
63,S1,leave_environment_E,34,2156,random_43,1,38,37,34,981.5655872287973,981.5874591216731,0.00011444177395216395,0.00048035406212723435,False,0.00010679232511616266,0.00037348741696550074,False,9
63,S1,leave_environment_E,34,2156,difference,2,38,37,34,517.1571188814913,517.1766987237232,0.00015754791958708493,0.0017500749713954223,False,0.00013909187423069612,0.0011693437113635618,False,4
63,S1,leave_environment_E,34,2156,raw_scores,2,38,37,34,614.8010725540441,614.8206528287387,0.0001471542207276033,0.0012415052514036912,False,0.00013984607495798814,0.0009856473227570122,False,4
63,S1,leave_environment_E,34,2156,random_17,2,38,37,34,692.4893317972716,692.5089124159365,0.00013942557659942222,0.0009529686593187692,False,0.00013080970373670936,0.000917094709485526,False,6
63,S1,leave_environment_E,34,2156,random_29,2,38,37,34,649.15751146111,649.177091887916,0.00014367903009681205,0.0010902947824988456,False,0.00012978759795640837,0.0006787208921601129,False,3
63,S1,leave_environment_E,34,2156,random_43,2,38,37,34,595.3490970521458,595.3686772403811,0.00014916302990570414,0.001317456516105335,False,0.00013018490759888094,0.0008666587422386655,False,3
64,S1,leave_environment_E,35,2172,baseline,0,38,31,35,1537.3903361014823,1537.417744088714,8.536434848282603e-05,0.0002524561226390538,False,8.536434848282603e-05,0.00020601385627529035,False,7
64,S1,leave_environment_E,35,2172,difference,1,38,31,35,1120.0242430481778,1120.0544406925715,0.00010750693016157242,0.0004728539627494604,False,0.00010525680334587045,0.000323653613842505,False,8
64,S1,leave_environment_E,35,2172,raw_scores,1,38,31,35,1203.5493769538248,1203.572523116343,0.00010257963164934612,0.0004171718190774952,False,0.00010257963164934612,0.0003354059668967608,False,9
64,S1,leave_environment_E,35,2172,random_17,1,38,31,35,1237.1044177207414,1237.1315687823724,0.00010067427888664374,0.00039017002681198765,False,0.00010067427888664374,0.00030318339725492454,False,8
64,S1,leave_environment_E,35,2172,random_29,1,38,31,35,1282.7216207225042,1282.7446601970532,9.815069045439167e-05,0.0003600653344660817,False,9.815069045439167e-05,0.0002941996511908898,False,9
64,S1,leave_environment_E,35,2172,random_43,1,38,31,35,1152.285758856192,1152.3087978661763,0.00010557209467296891,0.0004545834972629288,False,0.00010557209467296891,0.0003638923461120934,False,7
64,S1,leave_environment_E,35,2172,difference,2,38,31,35,616.3251472080526,616.3481843564012,0.00014362497265748097,0.001582183669176974,False,0.00014362497265748097,0.001056168349905492,False,2
64,S1,leave_environment_E,35,2172,raw_scores,2,38,31,35,691.1637159169936,691.1867533967139,0.00013748940673017387,0.001264927177393106,False,0.00013748940673017387,0.0009366303659522123,False,4
64,S1,leave_environment_E,35,2172,random_17,2,38,31,35,791.247559098174,791.2705970212163,0.00012973089548783213,0.0009545836978626157,False,0.00012973089548783213,0.0009043829754016879,False,3
64,S1,leave_environment_E,35,2172,random_29,2,38,31,35,800.0253835511701,800.0484215132254,0.00012907397293434513,0.0009297747487843307,False,0.00012907397293434513,0.0007034845989641701,False,8
64,S1,leave_environment_E,35,2172,random_43,2,38,31,35,795.6968427184685,795.7198806611223,0.00012939745135422747,0.0009465153481041685,False,0.00012939745135422747,0.0008531161342675686,False,2
65,S1,leave_environment_E,36,2220,baseline,0,38,31,36,1590.9779251953473,1591.0067072725524,6.725455631404696e-05,0.00017562522060115898,False,6.725455631404696e-05,0.00017562522060115898,False,9
65,S1,leave_environment_E,36,2220,difference,1,38,31,36,1160.9360451000045,1160.9590842260102,8.64881677377142e-05,0.0003279590712643253,False,8.64881677377142e-05,0.0003279590712643253,False,8
65,S1,leave_environment_E,36,2220,raw_scores,1,38,31,36,1237.293460349552,1237.3164998106745,8.26352983603181e-05,0.0002929882679937477,False,8.26352983603181e-05,0.0002929882679937477,False,6
65,S1,leave_environment_E,36,2220,random_17,1,38,31,36,1273.8951305901203,1273.9199038030345,8.08604741682985e-05,0.00027422779297937584,False,8.08604741682985e-05,0.00027422779297937584,False,8
65,S1,leave_environment_E,36,2220,random_29,1,38,31,36,1319.590738409676,1319.613778032639,7.870806007529334e-05,0.00025389495798465174,False,7.870806007529334e-05,0.00025389495798465174,False,8
65,S1,leave_environment_E,36,2220,random_43,1,38,31,36,1195.088810799276,1195.111852236882,8.473926660987951e-05,0.0003144857991435224,False,8.473926660987951e-05,0.0003144857991435224,False,8
65,S1,leave_environment_E,36,2220,difference,2,38,31,36,646.8726651802152,646.8957024637197,0.0001185584817944906,0.0010677352454784848,False,0.0001185584817944906,0.0010677352454784848,False,4
65,S1,leave_environment_E,36,2220,raw_scores,2,38,31,36,714.49209518632,714.5151327694902,0.00011365603964844286,0.0008804064088872734,False,0.00011365603964844286,0.0008804064088872734,False,4
65,S1,leave_environment_E,36,2220,random_17,2,38,31,36,812.0349703195134,812.058008334647,0.0001069767266234924,0.0006766471907236585,False,0.0001069767266234924,0.0006766471907236585,False,4
65,S1,leave_environment_E,36,2220,random_29,2,38,31,36,819.3835865468075,819.4066245946223,0.0001064916340942206,0.000660318718938824,False,0.0001064916340942206,0.000660318718938824,False,7
65,S1,leave_environment_E,36,2220,random_43,2,38,31,36,824.6969904079541,824.7200284790827,0.000106142432379265,0.0006564809013881534,False,0.000106142432379265,0.0006564809013881534,False,4
66,S1,leave_environment_E,37,2249,baseline,0,38,37,37,1281.5217654235748,1281.5442073304082,9.722686063527211e-05,0.0002944509503972162,False,8.8641383273313e-05,0.00021506295426481308,False,9
66,S1,leave_environment_E,37,2249,difference,1,38,37,37,943.2874085862767,943.3102674274623,0.00012136040589096681,0.0005460105123559846,False,0.00010785435429059885,0.00033625725011428146,False,9
66,S1,leave_environment_E,37,2249,raw_scores,1,38,37,37,1007.4606696055208,1007.480375733113,0.000116282832932203,0.0004794080331756408,False,0.00011031394009138687,0.0003601893228031567,False,7
66,S1,leave_environment_E,37,2249,random_17,1,38,37,37,1073.8617467177571,1073.8813900558239,0.00011128779894797999,0.0004163605126034129,False,0.00010489150283939227,0.00031356977006435205,False,7
66,S1,leave_environment_E,37,2249,random_29,1,38,37,37,1062.5529932382706,1062.5774648840793,0.00011212008744303158,0.0004290197591723178,False,0.00010276625573962167,0.0002993885343706581,False,7
66,S1,leave_environment_E,37,2249,random_43,1,38,37,37,988.911010912231,988.9321185521728,0.00011772466654613056,0.0004973556582988431,False,0.00011364020066144482,0.00038792621575917645,False,9
66,S1,leave_environment_E,37,2249,difference,2,38,37,37,522.4504903208258,522.4700701861829,0.00016166566779116228,0.001802631232235443,False,0.00015663843975412552,0.0011927095151409227,False,5
66,S1,leave_environment_E,37,2249,raw_scores,2,38,37,37,609.0024385893811,609.0220188381749,0.00015228515250216088,0.0013336721610873717,False,0.00015185335249238594,0.0010275119343710387,False,1
66,S1,leave_environment_E,37,2249,random_17,2,38,37,37,701.8077889938478,701.8273696537947,0.00014288997851684586,0.0009751293312768922,False,0.00014288997851684586,0.0009391633987430158,False,2
66,S1,leave_environment_E,37,2249,random_29,2,38,37,37,656.2113349758913,656.2309154339468,0.00014742280298787484,0.0011210319601869796,False,0.00013752656844851643,0.0006853771142051453,False,3
66,S1,leave_environment_E,37,2249,random_43,2,38,37,37,595.5139716552239,595.5335518441897,0.0001537068226679194,0.0013844561936327928,False,0.00014712409646446022,0.0009056657706111097,False,5
67,S1,leave_environment_E,38,2293,baseline,0,38,31,38,1530.6537510997834,1530.6789597588638,7.998394953340246e-05,0.00023076905988323956,False,7.998394953340246e-05,0.0001869474749871744,False,9
67,S1,leave_environment_E,38,2293,difference,1,38,31,38,1119.218271623686,1119.2433537216693,0.00010089418233241906,0.0004297453966327627,False,9.831364835907345e-05,0.00029349590477294174,False,6
67,S1,leave_environment_E,38,2293,raw_scores,1,38,31,38,1192.8988768694967,1192.921916049227,9.67138535790257e-05,0.0003850799619899117,False,9.67138535790257e-05,0.0003113957689391184,False,8
67,S1,leave_environment_E,38,2293,random_17,1,38,31,38,1232.1349493643052,1232.1583188416894,9.457045826061757e-05,0.00035662115503357224,False,9.457045826061757e-05,0.00027528915011584067,False,7
67,S1,leave_environment_E,38,2293,random_29,1,38,31,38,1278.141484189404,1278.164568341085,9.212798792335854e-05,0.00032872819279454023,False,9.212798792335854e-05,0.0002639451555330866,False,8
67,S1,leave_environment_E,38,2293,random_43,1,38,31,38,1146.0736506214726,1146.1248912253916,9.934504510945929e-05,0.0004158272484173444,False,9.934504510945929e-05,0.00033234571864952076,False,8
67,S1,leave_environment_E,38,2293,difference,2,38,31,38,615.60848497029,615.6315221155573,0.0001356833472727349,0.0014350499598838524,False,0.0001356833472727349,0.0009707781188623472,False,4
67,S1,leave_environment_E,38,2293,raw_scores,2,38,31,38,686.2379674116172,686.2610048695967,0.00013007885808829543,0.0011561002298475745,False,0.00013007885808829543,0.0008506661927466447,False,2
67,S1,leave_environment_E,38,2293,random_17,2,38,31,38,783.7229750420648,783.7460129317719,0.00012275856001019942,0.0008821999976194074,False,0.00012275856001019942,0.0008335168952442143,False,2
67,S1,leave_environment_E,38,2293,random_29,2,38,31,38,795.4892164654736,795.5122544074331,0.00012190643894869096,0.0008528873103483855,False,0.00012190643894869096,0.0006224895947641756,False,4
67,S1,leave_environment_E,38,2293,random_43,2,38,31,38,788.672529941213,788.695567852748,0.00012239930115865404,0.0008724807698535904,False,0.00012239930115865404,0.0007764491601408514,False,4
68,S1,leave_environment_E,39,2340,baseline,0,38,31,39,1542.703105719052,1542.7284061747414,8.228228622037106e-05,0.00023868315466878552,False,8.228228622037106e-05,0.00023058471823018552,False,8
68,S1,leave_environment_E,39,2340,difference,1,38,31,39,1125.8869914506363,1125.910048859406,0.00010382804482501087,0.00044533843182471334,False,0.00010382804482501087,0.00036166253200004683,False,8
68,S1,leave_environment_E,39,2340,raw_scores,1,38,31,39,1205.228432204063,1205.251471831337,9.925621298734838e-05,0.00039694468665936743,False,9.925621298734838e-05,0.0003815225357445291,False,8
68,S1,leave_environment_E,39,2340,random_17,1,38,31,39,1237.1410257865741,1237.1644934035094,9.748393354448786e-05,0.00037153217280318983,False,9.748393354448786e-05,0.0003393525062604966,False,8
68,S1,leave_environment_E,39,2340,random_29,1,38,31,39,1289.3824699395989,1289.4060555173376,9.466232323416298e-05,0.0003394027222836396,False,9.466232323416298e-05,0.0003264826762182937,False,8
68,S1,leave_environment_E,39,2340,random_43,1,38,31,39,1157.148040179365,1157.172306903061,0.00010199794918094904,0.0004287999546866705,False,0.00010199794918094904,0.00041286492107937595,False,7
68,S1,leave_environment_E,39,2340,difference,2,38,31,39,618.0735959694732,618.0966331255785,0.0001394834567355296,0.0014959802916897809,False,0.0001394834567355296,0.0011983719741079934,False,2
68,S1,leave_environment_E,39,2340,raw_scores,2,38,31,39,695.6810555087908,695.7040930085178,0.0001332405659029996,0.0011896756675100213,False,0.0001332405659029996,0.0010616479843827762,False,3
68,S1,leave_environment_E,39,2340,random_17,2,38,31,39,788.8019439997522,788.8249819119598,0.0001261532058165861,0.0009161588054658955,False,0.0001261532058165861,0.0009161588054658955,False,4
68,S1,leave_environment_E,39,2340,random_29,2,38,31,39,801.1226692091963,801.1457071761131,0.00012524729130400646,0.0008818476274013001,False,0.00012524729130400646,0.0007677566022373972,False,5
68,S1,leave_environment_E,39,2340,random_43,2,38,31,39,802.0538733575559,802.0769113283723,0.00012517911781977445,0.0008860835263360374,False,0.00012517911781977445,0.0008860835263360374,False,3
69,S1,leave_environment_E,40,2368,baseline,0,38,31,40,1549.694929707886,1549.7187264348545,6.615868267160233e-05,0.00017508951292166444,False,6.615868267160233e-05,0.00017508951292166444,False,8
69,S1,leave_environment_E,40,2368,difference,1,38,31,40,1128.115574842591,1128.1401936926845,8.499556075210696e-05,0.0003289268626971588,False,8.499556075210696e-05,0.00030300327502306496,False,9
69,S1,leave_environment_E,40,2368,raw_scores,1,38,31,40,1205.7581187074268,1205.7834375048924,8.108808126555878e-05,0.000292273834845761,False,8.108808126555878e-05,0.000292273834845761,False,7
69,S1,leave_environment_E,40,2368,random_17,1,38,31,40,1240.5905172447083,1240.6145622545293,7.940427294688272e-05,0.0002735185661852913,False,7.940427294688272e-05,0.0002735185661852913,False,8
69,S1,leave_environment_E,40,2368,random_29,1,38,31,40,1289.4339533564219,1289.4569928542032,7.711250104692523e-05,0.0002514300117362023,False,7.711250104692523e-05,0.0002514300117362023,False,9
69,S1,leave_environment_E,40,2368,random_43,1,38,31,40,1158.469963664413,1158.4930026770085,8.34422083096625e-05,0.00031634523337874384,False,8.34422083096625e-05,0.00031634523337874384,False,7
69,S1,leave_environment_E,40,2368,difference,2,38,31,40,621.8200536883992,621.8430908611523,0.0001165130751615009,0.0010945689842679382,False,0.0001165130751615009,0.0009771053270259528,False,4
69,S1,leave_environment_E,40,2368,raw_scores,2,38,31,40,695.154952183797,695.1779896813481,0.00011122184455049139,0.000878712125236775,False,0.00011122184455049139,0.0008683530485459283,False,5
69,S1,leave_environment_E,40,2368,random_17,2,38,31,40,791.3665435674019,791.3895814909712,0.00010468052840546887,0.0006734260111219924,False,0.00010468052840546887,0.0006734260111219924,False,3
69,S1,leave_environment_E,40,2368,random_29,2,38,31,40,801.1464802256589,801.169518192681,0.00010404009199736436,0.0006538468572593619,False,0.00010404009199736436,0.0006538468572593619,False,4
69,S1,leave_environment_E,40,2368,random_43,2,38,31,40,800.7982734174262,800.82131138268,0.0001040628183937839,0.0006579867574171718,False,0.0001040628183937839,0.0006579867574171718,False,2
70,S1,leave_environment_F,31,2429,baseline,0,38,32,31,1540.9434617966913,1540.964489767805,9.604738255077292e-05,0.0002476691820949995,False,9.604738255077292e-05,0.0002476691820949995,False,9
70,S1,leave_environment_F,31,2429,difference,1,38,32,31,1135.7043567574087,1135.7252416000906,0.00012285755531695792,0.00046126085741524195,False,0.00012285755531695792,0.00046126085741524195,False,7
70,S1,leave_environment_F,31,2429,raw_scores,1,38,32,31,1229.7789204667326,1229.800269031877,0.00011590763791995953,0.0003877429309361391,False,0.00011590763791995953,0.0003877429309361391,False,9
70,S1,leave_environment_F,31,2429,random_17,1,38,32,31,1265.7987576056767,1265.8197332458692,0.00011337085267930879,0.0003653187926976016,False,0.00011337085267930879,0.0003653187926976016,False,9
70,S1,leave_environment_F,31,2429,random_29,1,38,32,31,1287.0061484949852,1287.0332565893784,0.00011190782229511394,0.0003541161522084768,False,0.00011190782229511394,0.0003541161522084768,False,9
70,S1,leave_environment_F,31,2429,random_43,1,38,32,31,1180.8890908288708,1180.9100572092482,0.00011945969110641742,0.00042508564563579197,False,0.00011945969110641742,0.00042508564563579197,False,9
70,S1,leave_environment_F,31,2429,difference,2,38,32,31,640.0705687406358,640.0914519390109,0.00016850451323432595,0.0014453417897836588,False,0.00016301829500350474,0.0014453417897836588,False,4
70,S1,leave_environment_F,31,2429,raw_scores,2,38,32,31,733.5375299091253,733.5584135214758,0.00015859494621638958,0.0011360334571703264,False,0.00015859494621638958,0.0011360334571703264,False,5
70,S1,leave_environment_F,31,2429,random_17,2,38,32,31,737.8072033782543,737.828087009457,0.00015815803050226883,0.0010744906138024878,False,0.000154109959085352,0.0010744906138024878,False,4
70,S1,leave_environment_F,31,2429,random_29,2,38,32,31,808.2516982960489,808.2725822394448,0.00015114101353483851,0.0008968493771038799,False,0.00015114101353483851,0.0008968493771038799,False,6
70,S1,leave_environment_F,31,2429,random_43,2,38,32,31,797.5397423008056,797.5606261965418,0.00015218507909272179,0.0009285474164401387,False,0.00015218507909272179,0.0009285474164401387,False,3
71,S1,leave_environment_F,32,2468,baseline,0,38,32,32,1512.847074596061,1512.8708990029675,8.963433611229239e-05,0.00022811244261096157,False,8.963433611229239e-05,0.00022811244261096157,False,9
71,S1,leave_environment_F,32,2468,difference,1,38,32,32,1089.8845042592777,1089.9054472830505,0.0001167810240694303,0.00044594694732873414,False,0.0001167810240694303,0.00044594694732873414,False,8
71,S1,leave_environment_F,32,2468,raw_scores,1,38,32,32,1179.5013367943868,1179.5248825125504,0.00011028590249477629,0.0003769649437292509,False,0.00011028590249477629,0.0003769649437292509,False,9
71,S1,leave_environment_F,32,2468,random_17,1,38,32,32,1244.8815301435689,1244.9028309709154,0.00010581705669331713,0.00033564727227857757,False,0.00010581705669331713,0.00033564727227857757,False,8
71,S1,leave_environment_F,32,2468,random_29,1,38,32,32,1287.0647695069779,1287.08568383101,0.00010304840799398341,0.0003149839311675722,False,0.00010304840799398341,0.0003149839311675722,False,8
71,S1,leave_environment_F,32,2468,random_43,1,38,32,32,1145.5436504900701,1145.564535847523,0.00011269564729615445,0.0004001295931081946,False,0.00011269564729615445,0.0004001295931081946,False,8
71,S1,leave_environment_F,32,2468,difference,2,38,32,32,610.0324638920328,610.0533469573112,0.0001600811533791971,0.0014215483377509374,False,0.0001600811533791971,0.0014215483377509374,False,6
71,S1,leave_environment_F,32,2468,raw_scores,2,38,32,32,708.9222399863862,708.9431234897071,0.0001498449886440887,0.001068852438180032,False,0.0001498449886440887,0.001068852438180032,False,7
71,S1,leave_environment_F,32,2468,random_17,2,38,32,32,718.2513488141495,718.2722323587171,0.00014891757462048223,0.001000609954628518,False,0.00014891757462048223,0.001000609954628518,False,3
71,S1,leave_environment_F,32,2468,random_29,2,38,32,32,828.126721470529,828.1476055019741,0.0001384669639551391,0.0007612356604342646,False,0.0001384669639551391,0.0007612356604342646,False,3
71,S1,leave_environment_F,32,2468,random_43,2,38,32,32,769.8933522890325,769.9142360622913,0.00014389883461730184,0.0008848730088162933,False,0.00014389883461730184,0.0008848730088162933,False,3
72,S1,leave_environment_F,33,2487,baseline,0,38,37,33,1169.8603592655068,1169.8787622845168,9.259136037757267e-05,0.00025930079642685916,False,8.623050974174439e-05,0.00021709636851174736,False,9
72,S1,leave_environment_F,33,2487,difference,1,38,37,33,879.322955846837,879.3403973505942,0.0001152479805186391,0.0004631421532382853,False,0.00010472010132226392,0.0003428393402864831,False,9
72,S1,leave_environment_F,33,2487,raw_scores,1,38,37,33,912.9051861762413,912.9225897568723,0.00011231677839001659,0.00042616736663972983,False,0.00010790689159821543,0.0003748562518866125,False,5
72,S1,leave_environment_F,33,2487,random_17,1,38,37,33,974.5810654296297,974.598469296391,0.00010715866464793502,0.00037138027545208723,False,0.00010204178528300176,0.0003207528376346401,False,8
72,S1,leave_environment_F,33,2487,random_29,1,38,37,33,966.6269373246672,966.6457777983805,0.00010780781179389566,0.00038018635160387933,False,9.864310015472632e-05,0.000295777731661098,False,8
72,S1,leave_environment_F,33,2487,random_43,1,38,37,33,907.830485181888,907.8478896235337,0.00011275406437760771,0.0004328885654511513,False,0.00010888169758682269,0.00038301267746955594,False,5
72,S1,leave_environment_F,33,2487,difference,2,38,37,33,494.7032228758349,494.7206250482321,0.00015592682887015385,0.0014861327223966263,False,0.00015182244831502226,0.0012352286879368768,False,2
72,S1,leave_environment_F,33,2487,raw_scores,2,38,37,33,558.4843906836016,558.501793138635,0.00014818294597324425,0.0011550536482392783,False,0.00014539260758036755,0.0010316633149417625,False,3
72,S1,leave_environment_F,33,2487,random_17,2,38,37,33,620.7708069657147,620.7882096963609,0.00014103087798057154,0.0009125401597265413,False,0.00014103087798057154,0.0009125401597265413,False,4
72,S1,leave_environment_F,33,2487,random_29,2,38,37,33,601.2780577693388,601.2954604137246,0.00014322678936175195,0.0009923791288964459,False,0.00013243686690157065,0.000702544127247443,False,2
72,S1,leave_environment_F,33,2487,random_43,2,38,37,33,574.1877468118635,574.205149336065,0.00014634238623510563,0.0010750286434723796,False,0.00013894194500823148,0.0008418244192382114,False,3
73,S1,leave_environment_F,34,2521,baseline,0,38,32,34,1511.0797747916147,1511.109309809681,8.751967067281221e-05,0.00022092026798658485,False,8.751967067281221e-05,0.00022092026798658485,False,7
73,S1,leave_environment_F,34,2521,difference,1,38,32,34,1091.8183225828107,1091.8392073414911,0.00011397561729798635,0.00042875420900827965,False,0.00011397561729798635,0.00042875420900827965,False,8
73,S1,leave_environment_F,34,2521,raw_scores,1,38,32,34,1200.1179418635186,1200.1472899664955,0.00010631493959330088,0.0003503146888074955,False,0.00010631493959330088,0.0003503146888074955,False,8
73,S1,leave_environment_F,34,2521,random_17,1,38,32,34,1244.1595584839886,1244.180443753154,0.0001033764496727794,0.0003248764555843318,False,0.0001033764496727794,0.0003248764555843318,False,6
73,S1,leave_environment_F,34,2521,random_29,1,38,32,34,1282.2016224296192,1282.2225359598542,0.00010091576426602332,0.0003066425507368368,False,0.00010091576426602332,0.0003066425507368368,False,8
73,S1,leave_environment_F,34,2521,random_43,1,38,32,34,1147.4899988309116,1147.5108837218265,0.0001099591483233902,0.0003852887356330594,False,0.0001099591483233902,0.0003852887356330594,False,6
73,S1,leave_environment_F,34,2521,difference,2,38,32,34,611.3818970415808,611.4027801129442,0.00015667755906268233,0.001360482239428702,False,0.00015667755906268233,0.001360482239428702,False,5
73,S1,leave_environment_F,34,2521,raw_scores,2,38,32,34,707.1398250632193,707.1607085586575,0.0001468894679354056,0.0010387616553266118,False,0.0001468894679354056,0.0010387616553266118,False,2
73,S1,leave_environment_F,34,2521,random_17,2,38,32,34,716.684190814456,716.7050743520808,0.000145951816506459,0.0009730367793538532,False,0.000145951816506459,0.0009730367793538532,False,4
73,S1,leave_environment_F,34,2521,random_29,2,38,32,34,822.0294233464708,822.0503073509042,0.00013603790219188778,0.0007471155271453283,False,0.00013603790219188778,0.0007471155271453283,False,3
73,S1,leave_environment_F,34,2521,random_43,2,38,32,34,776.944686046549,776.9655698510462,0.00014018462973507413,0.0008389286381861484,False,0.00014018462973507413,0.0008389286381861484,False,5
74,S1,leave_environment_F,35,2568,baseline,0,38,37,35,1176.5050621471714,1176.52283223706,0.00010186570565722043,0.0002954298275887143,False,8.804184091013569e-05,0.00022376101584536048,False,8
74,S1,leave_environment_F,35,2568,difference,1,38,37,35,883.1825709608917,883.2000362787829,0.0001262093029854713,0.0005295556410833552,False,0.0001071297673622469,0.0003565152244128334,False,9
74,S1,leave_environment_F,35,2568,raw_scores,1,38,37,35,914.5688567923029,914.5862823484175,0.0001232986543772863,0.0004894618075505057,False,0.00010946598864012464,0.00038119705700603076,False,8
74,S1,leave_environment_F,35,2568,random_17,1,38,37,35,981.9125898909117,981.9300190795251,0.00011731468830788879,0.0004214511936512443,False,0.00010380575342998194,0.0003283010972017964,False,9
74,S1,leave_environment_F,35,2568,random_29,1,38,37,35,971.6627193131033,971.6804388270417,0.00011820301799459306,0.0004336439814375501,False,0.00010057000438605981,0.0003043048638006358,False,8
74,S1,leave_environment_F,35,2568,random_43,1,38,37,35,913.6970665862417,913.7146467555166,0.0001233784212883414,0.0004924487241227612,False,0.00011100345102928936,0.0003949545330735359,False,7
74,S1,leave_environment_F,35,2568,difference,2,38,37,35,496.3710325230491,496.3884347027041,0.00016937550044516587,0.001702539828716277,False,0.0001549133240037616,0.0012956619378784806,False,5
74,S1,leave_environment_F,35,2568,raw_scores,2,38,37,35,557.9090477758946,557.9264502283163,0.00016151516868818393,0.0013377817527306533,False,0.00014822484057944873,0.0010782505382096509,False,3
74,S1,leave_environment_F,35,2568,random_17,2,38,37,35,625.7221601074878,625.7395628600692,0.0001533180907617486,0.0010339804361605132,False,0.00014625434365917914,0.0009779966350458547,False,6
74,S1,leave_environment_F,35,2568,random_29,2,38,37,35,604.4854279169259,604.5028305755208,0.00015583417125078649,0.0011324809220737329,False,0.0001349322718702989,0.0007258691212566857,False,4
74,S1,leave_environment_F,35,2568,random_43,2,38,37,35,577.1188869086129,577.1362894457999,0.00015914468449213046,0.0012256715986579592,False,0.0001414747276547457,0.0008697982984989876,False,7
75,S1,leave_environment_F,36,2615,baseline,0,38,37,36,1176.7127722051912,1176.730732630123,7.163956491766195e-05,0.0001807217143560008,False,7.163956491766195e-05,0.0001807217143560008,False,8
75,S1,leave_environment_F,36,2615,difference,1,38,37,36,871.1221256915373,871.1395413465928,9.177150320722644e-05,0.0003323895532908362,False,9.177150320722644e-05,0.0003323895532908362,False,9
75,S1,leave_environment_F,36,2615,raw_scores,1,38,37,36,919.9005464514231,919.9187507014625,8.814057848743407e-05,0.000296323501043267,False,8.814057848743407e-05,0.000296323501043267,False,7
75,S1,leave_environment_F,36,2615,random_17,1,38,37,36,979.7454269835204,979.7634377270745,8.391684628648508e-05,0.0002594852671104531,False,8.391684628648508e-05,0.0002594852671104531,False,9
75,S1,leave_environment_F,36,2615,random_29,1,38,37,36,979.7664255279561,979.7856374367341,8.391532499687238e-05,0.00026092930538910075,False,8.391532499687238e-05,0.00026092930538910075,False,9
75,S1,leave_environment_F,36,2615,random_43,1,38,37,36,919.7132295358541,919.7306331472192,8.815425012826829e-05,0.00029709867738949,False,8.815425012826829e-05,0.00029709867738949,False,6
75,S1,leave_environment_F,36,2615,difference,2,38,37,36,492.2117493408802,492.2291515021122,0.00012673387505111877,0.0010514647485179906,False,0.00012673387505111877,0.0010514647485179906,False,6
75,S1,leave_environment_F,36,2615,raw_scores,2,38,37,36,560.3829672239663,560.4003696871506,0.00011945657298675111,0.0008091361020865237,False,0.00011945657298675111,0.0008091361020865237,False,4
75,S1,leave_environment_F,36,2615,random_17,2,38,37,36,637.0349536384505,637.0523564411492,0.00011182819476834554,0.000612663337806113,False,0.00011182819476834554,0.000612663337806113,False,2
75,S1,leave_environment_F,36,2615,random_29,2,38,37,36,601.5045444435832,601.5219470889726,0.00011529358167809243,0.0006983103860431498,False,0.00011529358167809243,0.0006983103860431498,False,5
75,S1,leave_environment_F,36,2615,random_43,2,38,37,36,579.7311247750541,579.7485273238135,0.0001174771341018031,0.0007439174488870622,False,0.0001174771341018031,0.0007439174488870622,False,6
76,S1,leave_environment_F,37,2671,baseline,0,38,32,37,1528.8934408827458,1528.9144476944437,9.249250002314584e-05,0.0002364009058761405,False,9.249250002314584e-05,0.0002364009058761405,False,8
76,S1,leave_environment_F,37,2671,difference,1,38,32,37,1107.741615831437,1107.7625685159562,0.00011993209025753794,0.0004561482332592971,False,0.00011811174201478193,0.0004561482332592971,False,8
76,S1,leave_environment_F,37,2671,raw_scores,1,38,32,37,1182.9604824406902,1182.98395343839,0.00011438116798596981,0.0003957302324182271,False,0.00011438116798596981,0.0003957302324182271,False,9
76,S1,leave_environment_F,37,2671,random_17,1,38,32,37,1253.8849636443854,1253.9148331378242,0.00010942377964807298,0.00035017236438313976,False,0.00010942377964807298,0.00035017236438313976,False,8
76,S1,leave_environment_F,37,2671,random_29,1,38,32,37,1290.991010447126,1291.0128175048305,0.00010693324150254226,0.00033121496813587185,False,0.00010693324150254226,0.00033121496813587185,False,8
76,S1,leave_environment_F,37,2671,random_43,1,38,32,37,1159.8156678473354,1159.8366343328353,0.00011605635857375196,0.00041356727684223684,False,0.00011605635857375196,0.00041356727684223684,False,6
76,S1,leave_environment_F,37,2671,difference,2,38,32,37,623.0331577386664,623.0540408614982,0.0001641780849999548,0.0014324476754486873,False,0.00015376337214104661,0.0014324476754486873,False,1
76,S1,leave_environment_F,37,2671,raw_scores,2,38,32,37,723.8437581223905,723.8646416917098,0.0001536308201493495,0.0010838368117009494,False,0.00015156512274247302,0.0010838368117009494,False,4
76,S1,leave_environment_F,37,2671,random_17,2,38,32,37,717.5518927489242,717.5727762903931,0.00015426656452109734,0.0010636993261923132,False,0.00014687811557105083,0.0010636993261923132,False,5
76,S1,leave_environment_F,37,2671,random_29,2,38,32,37,822.5849838586157,822.6058678655103,0.0001440296433305478,0.0008162541447354677,False,0.0001440296433305478,0.0008162541447354677,False,2
76,S1,leave_environment_F,37,2671,random_43,2,38,32,37,783.80763416062,783.8285179955209,0.0001477171790810739,0.0009035793949962041,False,0.00014416195524477013,0.0009035793949962041,False,4
77,S1,leave_environment_F,38,2704,baseline,0,38,32,38,1521.7312708727907,1521.7524868644668,9.158600435890042e-05,0.00023379480862076253,False,9.158600435890042e-05,0.00023379480862076253,False,7
77,S1,leave_environment_F,38,2704,difference,1,38,32,38,1092.0294153833427,1092.0503000542058,0.00011955834427962332,0.0004606892006811684,False,0.00011955834427962332,0.0004606892006811684,False,6
77,S1,leave_environment_F,38,2704,raw_scores,1,38,32,38,1147.2997808893244,1147.3244135502564,0.0001154378540911546,0.0004132484376072165,False,0.0001154378540911546,0.0004132484376072165,False,8
77,S1,leave_environment_F,38,2704,random_17,1,38,32,38,1249.9408810194088,1249.9617789381032,0.00010822370295415024,0.0003452317785153878,False,0.00010822370295415024,0.0003452317785153878,False,5
77,S1,leave_environment_F,38,2704,random_29,1,38,32,38,1292.8642302726255,1292.8852462463433,0.000105366934604921,0.0003236405308415113,False,0.000105366934604921,0.0003236405308415113,False,9
77,S1,leave_environment_F,38,2704,random_43,1,38,32,38,1149.6506710834099,1149.684159636527,0.00011526570299488716,0.0004121294847369517,False,0.00011526570299488716,0.0004121294847369517,False,9
77,S1,leave_environment_F,38,2704,difference,2,38,32,38,612.7622805628381,612.7831636402403,0.0001633780731069965,0.0014608600722267637,False,0.0001633780731069965,0.0014608600722267637,False,4
77,S1,leave_environment_F,38,2704,raw_scores,2,38,32,38,713.6432378979696,713.6641214221936,0.00015282052111235036,0.0010919977490474627,False,0.00015282052111235036,0.0010919977490474627,False,4
77,S1,leave_environment_F,38,2704,random_17,2,38,32,38,712.6441396506265,712.6650231703532,0.00015292128514601732,0.0010551555897239868,False,0.00015292128514601732,0.0010551555897239868,False,5
77,S1,leave_environment_F,38,2704,random_29,2,38,32,38,830.8550726497883,830.8759566933206,0.00014150081478489014,0.0007842732350759103,False,0.00014150081478489014,0.0007842732350759103,False,4
77,S1,leave_environment_F,38,2704,random_43,2,38,32,38,776.3020428556202,776.3229266572703,0.00014664728249691556,0.0009020736126273156,False,0.00014664728249691556,0.0009020736126273156,False,6
78,S1,leave_environment_F,39,2756,baseline,0,38,32,39,1516.7351317989965,1516.756657804289,9.215961815512856e-05,0.0002364336191779957,False,9.215961815512856e-05,0.0002364336191779957,False,9
78,S1,leave_environment_F,39,2756,difference,1,38,32,39,1090.793550292958,1090.8158785177666,0.00012000998909489401,0.0004632749790193889,False,0.00011777702575751054,0.0004632749790193889,False,8
78,S1,leave_environment_F,39,2756,raw_scores,1,38,32,39,1173.6816886496558,1173.7038185559943,0.0001138756934354882,0.0003959709145468543,False,0.0001138756934354882,0.0003959709145468543,False,6
78,S1,leave_environment_F,39,2756,random_17,1,38,32,39,1246.4506681238042,1246.4734900541926,0.00010879434833581416,0.00034902229318996573,False,0.00010879434833581416,0.00034902229318996573,False,9
78,S1,leave_environment_F,39,2756,random_29,1,38,32,39,1288.627583659761,1288.6484691150006,0.00010597321663818219,0.0003274775645541062,False,0.00010597321663818219,0.0003274775645541062,False,9
78,S1,leave_environment_F,39,2756,random_43,1,38,32,39,1147.3961503612345,1147.4170352515484,0.00011578016438921859,0.0004157528124165733,False,0.00011578016438921859,0.0004157528124165733,False,7
78,S1,leave_environment_F,39,2756,difference,2,38,32,39,611.0706715428569,611.0915546127716,0.000163998422729293,0.0014697461254201923,False,0.00015225588826990821,0.0014697461254201923,False,3
78,S1,leave_environment_F,39,2756,raw_scores,2,38,32,39,710.5865500760408,710.6074335868549,0.00015354842763550813,0.001106196223933895,False,0.00015078726044449067,0.001106196223933895,False,3
78,S1,leave_environment_F,39,2756,random_17,2,38,32,39,713.7688525736969,713.7897360984064,0.0001532267048032378,0.0010565486550213722,False,0.0001453297278499239,0.0010565486550213722,False,7
78,S1,leave_environment_F,39,2756,random_29,2,38,32,39,825.8449674720644,825.8658514934011,0.00014236481860220492,0.0007986547376777806,False,0.00014236481860220492,0.0007986547376777806,False,2
78,S1,leave_environment_F,39,2756,random_43,2,38,32,39,775.3795200313223,775.4004038288856,0.00014714452723108582,0.0009093116931535192,False,0.00014311953826445854,0.0009093116931535192,False,4
79,S1,leave_environment_F,40,2770,baseline,0,38,32,40,1529.4432085167273,1529.4652077220132,7.876861313587945e-05,0.00018970517254597344,False,7.876861313587945e-05,0.00018970517254597344,False,8
79,S1,leave_environment_F,40,2770,difference,1,38,32,40,1116.7873296264574,1116.8170873840834,0.00010278527320622298,0.00035926255426092676,False,0.00010278527320622298,0.00035926255426092676,False,7
79,S1,leave_environment_F,40,2770,raw_scores,1,38,32,40,1212.787321609174,1212.8104875277195,9.648664377339983e-05,0.00030120247157313713,False,9.648664377339983e-05,0.00030120247157313713,False,9
79,S1,leave_environment_F,40,2770,random_17,1,38,32,40,1255.7339239205344,1255.7548092459385,9.381887190480296e-05,0.0002804049971224101,False,9.381887190480296e-05,0.0002804049971224101,False,7
79,S1,leave_environment_F,40,2770,random_29,1,38,32,40,1286.5077089624613,1286.5294293604559,9.196161231415096e-05,0.00026769086715278,False,9.196161231415096e-05,0.00026769086715278,False,9
79,S1,leave_environment_F,40,2770,random_43,1,38,32,40,1167.3122329235446,1167.3370818350047,9.941126233835101e-05,0.0003275772446618649,False,9.941126233835101e-05,0.0003275772446618649,False,8
79,S1,leave_environment_F,40,2770,difference,2,38,32,40,629.9738578940521,629.994741047707,0.00014315617512432888,0.0011243644541175115,False,0.0001390776467683949,0.0011243644541175115,False,6
79,S1,leave_environment_F,40,2770,raw_scores,2,38,32,40,733.0774144324191,733.0982980427331,0.000133282193541985,0.0008485511786754102,False,0.000133282193541985,0.0008485511786754102,False,4
79,S1,leave_environment_F,40,2770,random_17,2,38,32,40,726.0344514413454,726.055335020393,0.00013393184027791463,0.0008357133869454297,False,0.00013248925475508366,0.0008357133869454297,False,2
79,S1,leave_environment_F,40,2770,random_29,2,38,32,40,811.9795238851007,812.0004078450118,0.00012624256022091086,0.0006719722581710341,False,0.00012624256022091086,0.0006719722581710341,False,5
79,S1,leave_environment_F,40,2770,random_43,2,38,32,40,784.6603098945066,784.6811937331851,0.00012863114752329922,0.0007232412761292746,False,0.00012863114752329922,0.0007232412761292746,False,2
80,S1,leave_environment_F_antenna,31,4804,baseline,0,32,37,31,1236.6966232966831,1236.7169852744503,3.0976490111445523e-06,4.12645615340256e-06,False,3.0976490111445523e-06,4.12645615340256e-06,False,9
80,S1,leave_environment_F_antenna,31,4804,difference,1,32,37,31,927.0138636361748,927.0343648565716,4.833291492958725e-06,7.158925284915197e-06,False,4.833291492958725e-06,7.158925284915197e-06,False,8
80,S1,leave_environment_F_antenna,31,4804,raw_scores,1,32,37,31,973.3310453656279,973.3508141199983,4.499623378633299e-06,6.5020774475124626e-06,False,4.499623378633299e-06,6.5020774475124626e-06,False,5
80,S1,leave_environment_F_antenna,31,4804,random_17,1,32,37,31,992.3492974750191,992.3704704644146,4.371723247340297e-06,6.273772348191375e-06,False,4.371723247340297e-06,6.273772348191375e-06,False,8
80,S1,leave_environment_F_antenna,31,4804,random_29,1,32,37,31,1009.8176573204227,1009.8378620610372,4.258621425278181e-06,6.06752999219739e-06,False,4.258621425278181e-06,6.06752999219739e-06,False,8
80,S1,leave_environment_F_antenna,31,4804,random_43,1,32,37,31,992.2569806035452,992.2771873203797,4.3723382864526305e-06,6.274056109632029e-06,False,4.3723382864526305e-06,6.274056109632029e-06,False,8
80,S1,leave_environment_F_antenna,31,4804,difference,2,32,37,31,553.9912533474518,554.0109841565511,9.252712488316993e-06,1.956203636592749e-05,False,9.252712488316993e-06,1.956203636592749e-05,False,4
80,S1,leave_environment_F_antenna,31,4804,raw_scores,2,32,37,31,566.7644167130063,566.7841475785756,9.028871655409793e-06,1.8707049298909216e-05,False,9.028871655409793e-06,1.8707049298909216e-05,False,6
80,S1,leave_environment_F_antenna,31,4804,random_17,2,32,37,31,618.9873630756474,619.0070941725363,8.1823916408458e-06,1.579834213306351e-05,False,8.1823916408458e-06,1.579834213306351e-05,False,4
80,S1,leave_environment_F_antenna,31,4804,random_29,2,32,37,31,649.6439929750646,649.6637242078747,7.732695892088914e-06,1.4304724075919801e-05,False,7.732695892088914e-06,1.4304724075919801e-05,False,3
80,S1,leave_environment_F_antenna,31,4804,random_43,2,32,37,31,670.4446175706856,670.4643488954521,7.445690518549362e-06,1.3458978477233234e-05,False,7.445690518549362e-06,1.3458978477233234e-05,False,5
81,S1,leave_environment_F_antenna,32,4869,baseline,0,32,31,32,1179.9354105250877,1179.9567540936669,9.77309511406537e-06,1.4039619226676487e-05,False,9.77309511406537e-06,1.4039619226676487e-05,False,8
81,S1,leave_environment_F_antenna,32,4869,difference,1,32,31,32,852.354802018906,852.3742097476606,1.5118654797907282e-05,2.6666216085005034e-05,False,1.3726359803201742e-05,2.6666216085005034e-05,False,8
81,S1,leave_environment_F_antenna,32,4869,raw_scores,1,32,31,32,970.6988342373461,970.718236772928,1.281828754140888e-05,2.059839026283013e-05,False,1.281828754140888e-05,2.059839026283013e-05,False,8
81,S1,leave_environment_F_antenna,32,4869,random_17,1,32,31,32,931.7064745581843,931.7262211230504,1.3521774918588826e-05,2.2360687932153662e-05,False,1.3061553053134763e-05,2.2360687932153662e-05,False,7
81,S1,leave_environment_F_antenna,32,4869,random_29,1,32,31,32,928.0173365703661,928.037445945387,1.359094984245298e-05,2.254179955415305e-05,False,1.2927404276092632e-05,2.254179955415305e-05,False,7
81,S1,leave_environment_F_antenna,32,4869,random_43,1,32,31,32,922.0860527613572,922.1068076875436,1.3703149331357742e-05,2.2824580271923584e-05,False,1.3703149331357742e-05,2.2824580271923584e-05,False,7
81,S1,leave_environment_F_antenna,32,4869,difference,2,32,31,32,468.68213530375886,468.70146452748673,2.740354291766671e-05,8.739308917201188e-05,False,1.930995493853745e-05,7.152755170897972e-05,False,6
81,S1,leave_environment_F_antenna,32,4869,raw_scores,2,32,31,32,592.4131761742733,592.4325059460896,2.2401697882064293e-05,5.487230959201486e-05,False,2.02893502836282e-05,5.487230959201486e-05,False,4
81,S1,leave_environment_F_antenna,32,4869,random_17,2,32,31,32,555.679599412568,555.6989290213916,2.3761051834288572e-05,6.233311183498309e-05,False,2.0408700370801402e-05,6.233311183498309e-05,False,5
81,S1,leave_environment_F_antenna,32,4869,random_29,2,32,31,32,653.403516627412,653.4228466692723,2.0350684301555084e-05,4.514103392961965e-05,False,1.92794431832806e-05,4.514103392961965e-05,False,3
81,S1,leave_environment_F_antenna,32,4869,random_43,2,32,31,32,602.6313578902252,602.6506877069681,2.2040734096326108e-05,5.304107527149881e-05,False,1.9577011144750513e-05,5.304107527149881e-05,False,3
82,S1,leave_environment_F_antenna,33,4909,baseline,0,37,32,33,1225.503899064125,1225.5244120069963,1.5942983167150501e-06,2.1391013552054816e-06,False,1.5942983167150501e-06,2.1391013552054816e-06,False,9
82,S1,leave_environment_F_antenna,33,4909,difference,1,37,32,33,919.2276144808282,919.2530077510625,2.558655432770207e-06,3.6168719286356494e-06,False,2.558655432770207e-06,3.6168719286356494e-06,False,8
82,S1,leave_environment_F_antenna,33,4909,raw_scores,1,37,32,33,962.7018382096379,962.7235675656636,2.378635294824515e-06,3.32269468060037e-06,False,2.378635294824515e-06,3.32269468060037e-06,False,9
82,S1,leave_environment_F_antenna,33,4909,random_17,1,37,32,33,984.4448308466648,984.4648880216946,2.2951930226330114e-06,3.1847505050000956e-06,False,2.2951930226330114e-06,3.1847505050000956e-06,False,8
82,S1,leave_environment_F_antenna,33,4909,random_29,1,37,32,33,1003.3376207138542,1003.3621956002489,2.22596048743739e-06,3.0747154055089963e-06,False,2.22596048743739e-06,3.0747154055089963e-06,False,8
82,S1,leave_environment_F_antenna,33,4909,random_43,1,37,32,33,981.7614539238051,981.7822222678733,2.30526515959379e-06,3.2011695388802445e-06,False,2.30526515959379e-06,3.2011695388802445e-06,False,9
82,S1,leave_environment_F_antenna,33,4909,difference,2,37,32,33,547.9371940599627,547.9569248422656,5.250043897895983e-06,9.763456256868639e-06,False,5.250043897895983e-06,9.763456256868639e-06,False,2
82,S1,leave_environment_F_antenna,33,4909,raw_scores,2,37,32,33,566.7292888692048,566.7490197347422,5.039778000857404e-06,9.141056311776786e-06,False,5.039778000857404e-06,9.141056311776786e-06,False,2
82,S1,leave_environment_F_antenna,33,4909,random_17,2,37,32,33,618.9219187739006,618.9416498704995,4.510830905996725e-06,7.677515375498001e-06,False,4.510830905996725e-06,7.677515375498001e-06,False,1
82,S1,leave_environment_F_antenna,33,4909,random_29,2,37,32,33,647.1580805017454,647.1778117235426,4.255012261442283e-06,7.061249045732081e-06,False,4.255012261442283e-06,7.061249045732081e-06,False,5
82,S1,leave_environment_F_antenna,33,4909,random_43,2,37,32,33,662.2002428516303,662.2199741398732,4.126577414610819e-06,6.75127615185148e-06,False,4.126577414610819e-06,6.75127615185148e-06,False,4
83,S1,leave_environment_F_antenna,34,4935,baseline,0,37,32,34,1246.2450383694788,1246.2682629175947,1.5389300561934928e-06,2.0639506008599638e-06,False,1.5389300561934928e-06,2.0639506008599638e-06,False,8
83,S1,leave_environment_F_antenna,34,4935,difference,1,37,32,34,928.6424500931653,928.662182127278,2.5025792213657347e-06,3.5251023550031735e-06,False,2.5025792213657347e-06,3.5251023550031735e-06,False,8
83,S1,leave_environment_F_antenna,34,4935,raw_scores,1,37,32,34,982.4403234731003,982.4605146653283,2.2883716770605942e-06,3.179777690028629e-06,False,2.2883716770605942e-06,3.179777690028629e-06,False,9
83,S1,leave_environment_F_antenna,34,4935,random_17,1,37,32,34,999.140303125514,999.1601717125728,2.2271050641363532e-06,3.079468344740898e-06,False,2.2271050641363532e-06,3.079468344740898e-06,False,9
83,S1,leave_environment_F_antenna,34,4935,random_29,1,37,32,34,1020.7206761294672,1020.7412529481209,2.151288462431975e-06,2.9608087694935335e-06,False,2.151288462431975e-06,2.9608087694935335e-06,False,9
83,S1,leave_environment_F_antenna,34,4935,random_43,1,37,32,34,1001.4487572322223,1001.4733285438743,2.21880073899108e-06,3.0669457243716303e-06,False,2.21880073899108e-06,3.0669457243716303e-06,False,8
83,S1,leave_environment_F_antenna,34,4935,difference,2,37,32,34,551.5687711191852,551.5885019173978,5.179681444906319e-06,9.574156064485894e-06,False,5.179681444906319e-06,9.574156064485894e-06,False,3
83,S1,leave_environment_F_antenna,34,4935,raw_scores,2,37,32,34,563.7242847511837,563.7440156032518,5.044410521814838e-06,9.180154964402057e-06,False,5.044410521814838e-06,9.180154964402057e-06,False,2
83,S1,leave_environment_F_antenna,34,4935,random_17,2,37,32,34,620.9534010773081,620.9731321829067,4.46617752706097e-06,7.579818323003548e-06,False,4.46617752706097e-06,7.579818323003548e-06,False,7
83,S1,leave_environment_F_antenna,34,4935,random_29,2,37,32,34,657.7655600906807,657.7852913594703,4.139879180198732e-06,6.799029534522495e-06,False,4.139879180198732e-06,6.799029534522495e-06,False,6
83,S1,leave_environment_F_antenna,34,4935,random_43,2,37,32,34,677.7993999803857,677.819131337735,3.975578792178447e-06,6.413111725506847e-06,False,3.975578792178447e-06,6.413111725506847e-06,False,4
84,S1,leave_environment_F_antenna,35,4979,baseline,0,37,32,35,1245.6661246503613,1245.689536364988,7.479110356019886e-07,1.0936122785460225e-06,False,7.479110356019886e-07,1.0936122785460225e-06,False,7
84,S1,leave_environment_F_antenna,35,4979,difference,1,37,32,35,926.7757593605703,926.7970285529757,1.2520579212789595e-06,1.78289040693213e-06,False,1.2520579212789595e-06,1.78289040693213e-06,False,8
84,S1,leave_environment_F_antenna,35,4979,raw_scores,1,37,32,35,983.5023577103709,983.5220899442526,1.1323795827949224e-06,1.6115001733389451e-06,False,1.1323795827949224e-06,1.6115001733389451e-06,False,6
84,S1,leave_environment_F_antenna,35,4979,random_17,1,37,32,35,997.8281310151493,997.85005677199,1.1047381475708462e-06,1.5714870456618896e-06,False,1.1047381475708462e-06,1.5714870456618896e-06,False,9
84,S1,leave_environment_F_antenna,35,4979,random_29,1,37,32,35,1019.0506717354378,1019.0706059061785,1.065539259887174e-06,1.5165476713534497e-06,False,1.065539259887174e-06,1.5165476713534497e-06,False,9
84,S1,leave_environment_F_antenna,35,4979,random_43,1,37,32,35,1002.3620020475535,1002.3817343541986,1.0961961505893498e-06,1.5596453567945784e-06,False,1.0961961505893498e-06,1.5596453567945784e-06,False,8
84,S1,leave_environment_F_antenna,35,4979,difference,2,37,32,35,552.7232452286148,552.7429760319642,2.7533424829685984e-06,4.588021518106915e-06,False,2.7533424829685984e-06,4.588021518106915e-06,False,4
84,S1,leave_environment_F_antenna,35,4979,raw_scores,2,37,32,35,560.3145189519084,560.3342497889561,2.7028496231982403e-06,4.472233560582319e-06,False,2.7028496231982403e-06,4.472233560582319e-06,False,3
84,S1,leave_environment_F_antenna,35,4979,random_17,2,37,32,35,616.7625048489549,616.7822359359873,2.3637926618402652e-06,3.722717743678562e-06,False,2.3637926618402652e-06,3.722717743678562e-06,False,6
84,S1,leave_environment_F_antenna,35,4979,random_29,2,37,32,35,656.415742391359,656.4354736541691,2.15931385175272e-06,3.320674311909598e-06,False,2.15931385175272e-06,3.320674311909598e-06,False,5
84,S1,leave_environment_F_antenna,35,4979,random_43,2,37,32,35,677.4962431509487,677.5159745069549,2.0603704283461164e-06,3.1304804751826173e-06,False,2.0603704283461164e-06,3.1304804751826173e-06,False,3
85,S1,leave_environment_F_antenna,36,5008,baseline,0,32,31,36,1193.0846961299644,1193.1086684062645,1.4051457599820977e-05,2.1218867917707395e-05,False,6.838053398574891e-06,1.1471147149416252e-05,False,9
85,S1,leave_environment_F_antenna,36,5008,difference,1,32,31,36,861.2187852119263,861.2387130968161,2.12374775832668e-05,4.046029316561091e-05,False,9.260368663336654e-06,1.902736335119147e-05,False,9
85,S1,leave_environment_F_antenna,36,5008,raw_scores,1,32,31,36,977.3903481851924,977.409728302828,1.8264923174381344e-05,3.14270607293801e-05,False,8.914549949858967e-06,1.7796752798218006e-05,False,6
85,S1,leave_environment_F_antenna,36,5008,random_17,1,32,31,36,942.013643590464,942.0329839731465,1.9109441157941483e-05,3.386765554548368e-05,False,8.776270418147297e-06,1.735114299507688e-05,False,8
85,S1,leave_environment_F_antenna,36,5008,random_29,1,32,31,36,938.0724517464806,938.0942070227419,1.9206596367697493e-05,3.4159731331071185e-05,False,8.725795921818836e-06,1.7182773781186463e-05,False,8
85,S1,leave_environment_F_antenna,36,5008,random_43,1,32,31,36,931.1471352437359,931.1687966570076,1.9378985993119562e-05,3.465292909901649e-05,False,9.33790040696191e-06,1.930373828139126e-05,False,8
85,S1,leave_environment_F_antenna,36,5008,difference,2,32,31,36,472.12490235548586,472.1442315942434,3.6932709658634637e-05,0.00013374064006262432,False,1.3509045520668016e-05,4.2951390092770006e-05,False,5
85,S1,leave_environment_F_antenna,36,5008,raw_scores,2,32,31,36,562.0990044104528,562.1183340479338,3.2293359495781766e-05,9.453214027334568e-05,False,1.4391861735747084e-05,5.051264595527693e-05,False,3
85,S1,leave_environment_F_antenna,36,5008,random_17,2,32,31,36,564.4360759414619,564.4554055890779,3.2182470069700156e-05,9.373252208476963e-05,False,1.4329284366636525e-05,5.0339794865868384e-05,False,5
85,S1,leave_environment_F_antenna,36,5008,random_29,2,32,31,36,659.4638364525675,659.4831665212757,2.8041568727856775e-05,6.871426556422176e-05,False,1.3611484885195564e-05,4.419336800581516e-05,False,5
85,S1,leave_environment_F_antenna,36,5008,random_43,2,32,31,36,608.9586904005905,608.9780202453644,3.01554990533569e-05,8.055733894315294e-05,False,1.3819496128672642e-05,4.573536648587217e-05,False,2
86,S1,leave_environment_F_antenna,37,5057,baseline,0,37,32,37,1253.5467143950816,1253.5665178069007,4.5149601539309315e-05,9.261739133488404e-05,False,4.5149601539309315e-05,9.261739133488404e-05,False,9
86,S1,leave_environment_F_antenna,37,5057,difference,1,37,32,37,933.3733654400619,933.3937359519745,6.005298361678294e-05,0.00016660456190693108,False,5.4747168901335595e-05,0.00016660456190693108,False,9
86,S1,leave_environment_F_antenna,37,5057,raw_scores,1,37,32,37,984.1850598879778,984.2054569556906,5.732012966845666e-05,0.00015138147606520304,False,5.732012966845666e-05,0.00015138147606520304,False,7
86,S1,leave_environment_F_antenna,37,5057,random_17,1,37,32,37,1006.8634925443232,1006.8865391727822,5.614943858566641e-05,0.00014367071939469365,False,5.406227094836022e-05,0.00014367071939469365,False,7
86,S1,leave_environment_F_antenna,37,5057,random_29,1,37,32,37,1030.598222095272,1030.620229976237,5.495570667219037e-05,0.00013728356524978836,False,5.495570667219037e-05,0.00013728356524978836,False,7
86,S1,leave_environment_F_antenna,37,5057,random_43,1,37,32,37,1010.5871040572358,1010.6088760245207,5.596012253462822e-05,0.00014272323524888928,False,5.596012253462822e-05,0.00014272323524888928,False,9
86,S1,leave_environment_F_antenna,37,5057,difference,2,37,32,37,555.9941659482098,556.0138967662039,8.604828281739528e-05,0.0004747683800205361,False,7.413075425472027e-05,0.0004747683800205361,False,4
86,S1,leave_environment_F_antenna,37,5057,raw_scores,2,37,32,37,572.7139259373896,572.7336568293689,8.464899954427048e-05,0.0004479771049045752,False,7.450218573521551e-05,0.0004479771049045752,False,6
86,S1,leave_environment_F_antenna,37,5057,random_17,2,37,32,37,628.9128788397312,628.9326099805913,8.013281245976874e-05,0.0003628609417601786,False,6.966339698281886e-05,0.0003628609417601786,False,4
86,S1,leave_environment_F_antenna,37,5057,random_29,2,37,32,37,665.1022581817224,665.1219894830148,7.737147166624536e-05,0.0003307851883188137,False,7.585286619709289e-05,0.0003307851883188137,False,3
86,S1,leave_environment_F_antenna,37,5057,random_43,2,37,32,37,681.3388238390916,681.3585552121209,7.616853148736129e-05,0.0003140684142855188,False,7.594333965575254e-05,0.0003140684142855188,False,4
87,S1,leave_environment_F_antenna,38,5115,baseline,0,32,31,38,1181.0412120408125,1181.0647907422665,1.9321785399233083e-05,3.0999568162618494e-05,False,1.3308963514293543e-05,2.593621276823185e-05,False,9
87,S1,leave_environment_F_antenna,38,5115,difference,1,32,31,38,854.4575712363625,854.4785466008904,2.8412463050820898e-05,5.890284211732806e-05,False,1.7305309841639112e-05,4.3283120728085656e-05,False,7
87,S1,leave_environment_F_antenna,38,5115,raw_scores,1,32,31,38,974.6775950242,974.6981416461724,2.4525257301010884e-05,4.529315127174454e-05,False,1.6757793847997564e-05,4.0576915619039266e-05,False,7
87,S1,leave_environment_F_antenna,38,5115,random_17,1,32,31,38,931.7392777817831,931.7588022834354,2.5830534019596015e-05,4.962916231131707e-05,False,1.6551337955514076e-05,3.965709403473628e-05,False,9
87,S1,leave_environment_F_antenna,38,5115,random_29,1,32,31,38,931.1240113432161,931.1438780885379,2.584986778420684e-05,4.9689229844075174e-05,False,1.637168489358851e-05,3.8800125287667374e-05,False,9
87,S1,leave_environment_F_antenna,38,5115,random_43,1,32,31,38,922.8559621694963,922.8799674049013,2.6111502645006995e-05,5.05698361956446e-05,False,1.7471122209027057e-05,4.412067179816759e-05,False,9
87,S1,leave_environment_F_antenna,38,5115,difference,2,32,31,38,475.4552625454872,475.47459179894406,4.693044930852711e-05,0.00018883893357864002,False,2.3751665436138307e-05,9.813996882963403e-05,False,2
87,S1,leave_environment_F_antenna,38,5115,raw_scores,2,32,31,38,593.8154848996869,593.8348146776292,3.988966524347309e-05,0.00012133939325956746,False,2.4822587429931372e-05,0.0001114679721749005,False,1
87,S1,leave_environment_F_antenna,38,5115,random_17,2,32,31,38,555.6373789071906,555.6567085158272,4.201451864391938e-05,0.000138690363702212,False,2.5116411664574575e-05,0.00011773668500677626,False,5
87,S1,leave_environment_F_antenna,38,5115,random_29,2,32,31,38,650.9503519301359,650.9696819611281,3.6945910498844146e-05,0.00010117213250149247,False,2.378419389112481e-05,9.995942819697481e-05,False,5
87,S1,leave_environment_F_antenna,38,5115,random_43,2,32,31,38,601.6904285104379,601.7097583230122,3.946753132632172e-05,0.00011838394303535035,False,2.4134639632955847e-05,0.00010374416154940054,False,6
88,S1,leave_environment_F_antenna,39,5154,baseline,0,37,32,39,1240.8415687712636,1240.8636524787178,2.8837956610381017e-06,3.832506840727312e-06,False,2.8837956610381017e-06,3.832506840727312e-06,False,7
88,S1,leave_environment_F_antenna,39,5154,difference,1,37,32,39,921.549234484699,921.5705411387484,4.578397493928026e-06,6.75088874430679e-06,False,4.578397493928026e-06,6.75088874430679e-06,False,8
88,S1,leave_environment_F_antenna,39,5154,raw_scores,1,37,32,39,976.809030115286,976.8288181952363,4.200662326878402e-06,6.047995865852664e-06,False,4.200662326878402e-06,6.047995865852664e-06,False,8
88,S1,leave_environment_F_antenna,39,5154,random_17,1,37,32,39,993.3568713056122,993.3805992174641,4.095866843338789e-06,5.849178225318571e-06,False,4.095866843338789e-06,5.849178225318571e-06,False,8
88,S1,leave_environment_F_antenna,39,5154,random_29,1,37,32,39,1017.7843533562996,1017.804085724127,3.947704939990005e-06,5.583651074530738e-06,False,3.947704939990005e-06,5.583651074530738e-06,False,9
88,S1,leave_environment_F_antenna,39,5154,random_43,1,37,32,39,998.5021844920665,998.527206345495,4.064015775835264e-06,5.792702446463302e-06,False,4.064015775835264e-06,5.792702446463302e-06,False,9
88,S1,leave_environment_F_antenna,39,5154,difference,2,37,32,39,544.963312187885,544.9830429568754,8.905931710864173e-06,1.8913601996480734e-05,False,8.905931710864173e-06,1.8913601996480734e-05,False,4
88,S1,leave_environment_F_antenna,39,5154,raw_scores,2,37,32,39,556.4973107878386,556.5170416080472,8.707665373223151e-06,1.815960563847812e-05,False,8.707665373223151e-06,1.815960563847812e-05,False,4
88,S1,leave_environment_F_antenna,39,5154,random_17,2,37,32,39,617.0206302625655,617.0403613507415,7.754756449234212e-06,1.4741509376571098e-05,False,7.754756449234212e-06,1.4741509376571098e-05,False,7
88,S1,leave_environment_F_antenna,39,5154,random_29,2,37,32,39,654.4776984559775,654.4974297102017,7.231669897319762e-06,1.3179186450494033e-05,False,7.231669897319762e-06,1.3179186450494033e-05,False,5
88,S1,leave_environment_F_antenna,39,5154,random_43,2,37,32,39,678.07396124236,678.0936926009258,6.925545944874242e-06,1.2281446740300594e-05,False,6.925545944874242e-06,1.2281446740300594e-05,False,6
89,S1,leave_environment_F_antenna,40,5169,baseline,0,37,32,40,1237.452396382005,1237.4721324104828,2.3708775643017775e-07,5.028202232757169e-07,False,2.3708775643017775e-07,5.028202232757169e-07,False,8
89,S1,leave_environment_F_antenna,40,5169,difference,1,37,32,40,920.4668484572487,920.4865833919872,4.091752268678616e-07,7.162605434534809e-07,False,4.091752268678616e-07,7.162605434534809e-07,False,8
89,S1,leave_environment_F_antenna,40,5169,raw_scores,1,37,32,40,971.535974306393,971.5557064930933,3.710929173746288e-07,6.675913048534124e-07,False,3.710929173746288e-07,6.675913048534124e-07,False,6
89,S1,leave_environment_F_antenna,40,5169,random_17,1,37,32,40,990.9125060744606,990.9344466842142,3.579834749374582e-07,6.508001522007419e-07,False,3.579834749374582e-07,6.508001522007419e-07,False,6
89,S1,leave_environment_F_antenna,40,5169,random_29,1,37,32,40,1013.1125834953993,1013.1323429515288,3.437797393050177e-07,6.329261936274857e-07,False,3.437797393050177e-07,6.329261936274857e-07,False,8
89,S1,leave_environment_F_antenna,40,5169,random_43,1,37,32,40,995.0938435849275,995.1146216415596,3.5524417760360003e-07,6.473574194675762e-07,False,3.5524417760360003e-07,6.473574194675762e-07,False,7
89,S1,leave_environment_F_antenna,40,5169,difference,2,37,32,40,543.6763879992499,543.6961187626833,9.94140788331778e-07,1.6091547700012854e-06,False,9.94140788331778e-07,1.6091547700012854e-06,False,4
89,S1,leave_environment_F_antenna,40,5169,raw_scores,2,37,32,40,553.6788242713485,553.698555078986,9.663969759682555e-07,1.5604961170611313e-06,False,9.663969759682555e-07,1.5604961170611313e-06,False,3
89,S1,leave_environment_F_antenna,40,5169,random_17,2,37,32,40,618.4851837144121,618.5049148090764,8.103512718937964e-07,1.2961820609392824e-06,False,8.103512718937964e-07,1.2961820609392824e-06,False,5
89,S1,leave_environment_F_antenna,40,5169,random_29,2,37,32,40,652.9689678672298,652.9886991147702,7.414590459519097e-07,1.1883832275308063e-06,False,7.414590459519097e-07,1.1883832275308063e-06,False,2
89,S1,leave_environment_F_antenna,40,5169,random_43,2,37,32,40,674.9104312851584,674.9301626297089,7.018609747920638e-07,1.1274089365366284e-06,False,7.018609747920638e-07,1.1274089365366284e-06,False,4
90,S1,leave_environment_F_walk,31,3211,baseline,0,38,32,31,1576.925977762521,1576.9482718859392,8.770013599825444e-05,0.0002179527353383027,False,8.770013599825444e-05,0.0002179527353383027,False,9
90,S1,leave_environment_F_walk,31,3211,difference,1,38,32,31,1155.7492910370504,1155.7713988423234,0.00011336696107887065,0.00040867133488877404,False,0.00011336696107887065,0.00040867133488877404,False,7
90,S1,leave_environment_F_walk,31,3211,raw_scores,1,38,32,31,1251.0595281520789,1251.0806746941594,0.00010684258445616165,0.0003481549944672824,False,0.00010684258445616165,0.0003481549944672824,False,8
90,S1,leave_environment_F_walk,31,3211,random_17,1,38,32,31,1302.4466245068727,1302.474683927702,0.0001035103193473334,0.00031843347019905213,False,0.0001035103193473334,0.00031843347019905213,False,8
90,S1,leave_environment_F_walk,31,3211,random_29,1,38,32,31,1326.9608397789095,1326.982727352346,0.00010196521650763679,0.00030715068545146513,False,0.00010196521650763679,0.00030715068545146513,False,8
90,S1,leave_environment_F_walk,31,3211,random_43,1,38,32,31,1210.977153363874,1210.9982997392074,0.00010953058931938693,0.0003719588373589841,False,0.00010953058931938693,0.0003719588373589841,False,7
90,S1,leave_environment_F_walk,31,3211,difference,2,38,32,31,646.5727697327003,646.5939141932627,0.00015715578799371316,0.0013052187591522239,False,0.00015715578799371316,0.0013052187591522239,False,7
90,S1,leave_environment_F_walk,31,3211,raw_scores,2,38,32,31,732.7545260548061,732.7756708971675,0.00014855092812849637,0.001049749224154201,False,0.00014855092812849637,0.001049749224154201,False,4
90,S1,leave_environment_F_walk,31,3211,random_17,2,38,32,31,767.0903938532803,767.1115388476136,0.00014527027522892355,0.0009149972678932047,False,0.00014527027522892355,0.0009149972678932047,False,5
90,S1,leave_environment_F_walk,31,3211,random_29,2,38,32,31,837.4506776701028,837.471822976258,0.0001387994319398228,0.0007718598639623607,False,0.0001387994319398228,0.0007718598639623607,False,3
90,S1,leave_environment_F_walk,31,3211,random_43,2,38,32,31,819.3450365787021,819.3661818044395,0.00014043284931591194,0.0008109871002950018,False,0.00014043284931591194,0.0008109871002950018,False,3
91,S1,leave_environment_F_walk,32,3270,baseline,0,38,32,32,1549.5328969368607,1549.5717913454475,7.967525918615107e-05,0.00019334868012486808,False,7.967525918615107e-05,0.00019334868012486808,False,9
91,S1,leave_environment_F_walk,32,3270,difference,1,38,32,32,1114.7326194264167,1114.7538169607187,0.00010486501711283827,0.0003770937135120925,False,0.00010486501711283827,0.0003770937135120925,False,8
91,S1,leave_environment_F_walk,32,3270,raw_scores,1,38,32,32,1194.3641831383682,1194.3853294838805,9.960353606894062e-05,0.00032838898546361494,False,9.960353606894062e-05,0.00032838898546361494,False,8
91,S1,leave_environment_F_walk,32,3270,random_17,1,38,32,32,1276.3973735929353,1276.4247656838675,9.450870862914023e-05,0.0002843016365819597,False,9.450870862914023e-05,0.0002843016365819597,False,8
91,S1,leave_environment_F_walk,32,3270,random_29,1,38,32,32,1320.567586667494,1320.5894559926103,9.189573669822002e-05,0.0002661637319862887,False,9.189573669822002e-05,0.0002661637319862887,False,8
91,S1,leave_environment_F_walk,32,3270,random_43,1,38,32,32,1178.3740209313275,1178.3955614741333,0.00010063439786898472,0.00033596837099252464,False,0.00010063439786898472,0.00033596837099252464,False,8
91,S1,leave_environment_F_walk,32,3270,difference,2,38,32,32,624.9019454962237,624.9230898607098,0.00014533440101317143,0.0012015867152224806,False,0.00014533440101317143,0.0012015867152224806,False,5
91,S1,leave_environment_F_walk,32,3270,raw_scores,2,38,32,32,710.4274923237829,710.4486370672923,0.000137139183751489,0.0009469594902145467,False,0.000137139183751489,0.0009469594902145467,False,3
91,S1,leave_environment_F_walk,32,3270,random_17,2,38,32,32,744.6455917271797,744.6667366220794,0.00013400604655083826,0.0008297568258336277,False,0.00013400604655083826,0.0008297568258336277,False,4
91,S1,leave_environment_F_walk,32,3270,random_29,2,38,32,32,849.3474738893915,849.3686192482511,0.00012490999000911023,0.0006447135069390614,False,0.00012490999000911023,0.0006447135069390614,False,5
91,S1,leave_environment_F_walk,32,3270,random_43,2,38,32,32,799.3279445759489,799.3490897130077,0.00012916510359025084,0.0007301716277165478,False,0.00012916510359025084,0.0007301716277165478,False,3
92,S1,leave_environment_F_walk,33,3304,baseline,0,38,37,33,1139.9320846418436,1139.9526226694945,8.289777518591055e-05,0.00025216358124725147,False,8.289777518591055e-05,0.00025216358124725147,False,9
92,S1,leave_environment_F_walk,33,3304,difference,1,38,37,33,819.4767003520982,819.495297819133,0.00010476488721585532,0.0004920809622649069,False,0.00010476488721585532,0.0004797468975886915,False,8
92,S1,leave_environment_F_walk,33,3304,raw_scores,1,38,37,33,884.7556178487268,884.7741581332164,9.980825575028624e-05,0.00041913894701148144,False,9.980825575028624e-05,0.00041913894701148144,False,7
92,S1,leave_environment_F_walk,33,3304,random_17,1,38,37,33,962.2607801648378,962.2802848251998,9.42736031514711e-05,0.00035169300666693917,False,9.42736031514711e-05,0.00035169300666693917,False,9
92,S1,leave_environment_F_walk,33,3304,random_29,1,38,37,33,928.4146978268719,928.4332366627297,9.664522550934811e-05,0.0003820957195580353,False,9.664522550934811e-05,0.00037385885759404143,False,7
92,S1,leave_environment_F_walk,33,3304,random_43,1,38,37,33,890.3197563628971,890.3389512129272,9.939845403231923e-05,0.0004171026018965924,False,9.939845403231923e-05,0.0004171026018965924,False,9
92,S1,leave_environment_F_walk,33,3304,difference,2,38,37,33,471.2559077840019,471.27444498898956,0.0001364296951027817,0.0015033789202573763,False,0.0001364296951027817,0.0015033789202573763,False,5
92,S1,leave_environment_F_walk,33,3304,raw_scores,2,38,37,33,563.908056978423,563.9265945938906,0.00012707011364669025,0.0010381258830381413,False,0.00012707011364669025,0.0010381258830381413,False,8
92,S1,leave_environment_F_walk,33,3304,random_17,2,38,37,33,575.3943378060837,575.412875472395,0.00012595999078580068,0.0009844703488810413,False,0.00012595999078580068,0.0009844703488810413,False,3
92,S1,leave_environment_F_walk,33,3304,random_29,2,38,37,33,573.1291050588366,573.1476427152139,0.00012617806614261781,0.0010039413050268477,False,0.00012617806614261781,0.0008793691038915527,False,7
92,S1,leave_environment_F_walk,33,3304,random_43,2,38,37,33,544.7351253728934,544.7536629032998,0.00012894734830546273,0.0011115642170394947,False,0.00012894734830546273,0.0010596326485447904,False,7
93,S1,leave_environment_F_walk,34,3346,baseline,0,38,32,34,1562.9172191293844,1562.9390790753152,9.206274898690157e-05,0.0002343343368593941,False,9.206274898690157e-05,0.0002343343368593941,False,8
93,S1,leave_environment_F_walk,34,3346,difference,1,38,32,34,1135.549932170811,1135.5710782469814,0.00011916838866336027,0.0004482862486927934,False,0.00011354442541129897,0.0004482862486927934,False,4
93,S1,leave_environment_F_walk,34,3346,raw_scores,1,38,32,34,1237.6558101912512,1237.6772753491196,0.00011190681198401386,0.0003763048729442313,False,0.00011190681198401386,0.0003763048729442313,False,9
93,S1,leave_environment_F_walk,34,3346,random_17,1,38,32,34,1288.579357917639,1288.6005066668026,0.00010848210627542925,0.0003438143168693752,False,0.00010848210627542925,0.0003438143168693752,False,7
93,S1,leave_environment_F_walk,34,3346,random_29,1,38,32,34,1324.2302940599232,1324.254130879036,0.00010615875457544496,0.00032613919574092095,False,0.00010615875457544496,0.00032613919574092095,False,8
93,S1,leave_environment_F_walk,34,3346,random_43,1,38,32,34,1193.5290370142063,1193.5503554951063,0.00011497889397809729,0.00040430227834442953,False,0.00011497889397809729,0.00040430227834442953,False,9
93,S1,leave_environment_F_walk,34,3346,difference,2,38,32,34,636.2113634305963,636.2325078453354,0.00016357335267673414,0.0014252463687607724,False,0.00014762436877795585,0.0014252463687607724,False,2
93,S1,leave_environment_F_walk,34,3346,raw_scores,2,38,32,34,723.4256171460536,723.446761947089,0.00015462113198796873,0.0011347052647853258,False,0.00014768311194529655,0.0011347052647853258,False,4
93,S1,leave_environment_F_walk,34,3346,random_17,2,38,32,34,754.4380580845162,754.459203022798,0.00015157040931165403,0.0009972777026675294,False,0.0001414609455975589,0.0009972777026675294,False,3
93,S1,leave_environment_F_walk,34,3346,random_29,2,38,32,34,846.4593344389664,846.4804797850312,0.00014290911938995773,0.0007998335190748345,False,0.00013948269790544388,0.0007998335190748345,False,3
93,S1,leave_environment_F_walk,34,3346,random_43,2,38,32,34,810.8332202786095,810.8543654666386,0.00014619431258435298,0.0008752961485137365,False,0.00013865370081898827,0.0008752961485137365,False,4
94,S1,leave_environment_F_walk,35,3397,baseline,0,38,32,35,1570.0387186535174,1570.0599218148516,8.097441078080315e-05,0.00019602382608687727,False,8.097441078080315e-05,0.00019602382608687727,False,9
94,S1,leave_environment_F_walk,35,3397,difference,1,38,32,35,1146.7283792345847,1146.7507099470724,0.00010548168159017758,0.00037038723243116987,False,0.00010548168159017758,0.00037038723243116987,False,6
94,S1,leave_environment_F_walk,35,3397,raw_scores,1,38,32,35,1229.6452527600227,1229.666886659496,0.00010004284019073281,0.00032077751154466926,False,0.00010004284019073281,0.00032077751154466926,False,8
94,S1,leave_environment_F_walk,35,3397,random_17,1,38,32,35,1293.047047137202,1293.068193845214,9.61090543379629e-05,0.00028813356652536025,False,9.61090543379629e-05,0.00028813356652536025,False,8
94,S1,leave_environment_F_walk,35,3397,random_29,1,38,32,35,1323.2410899089723,1323.2725054858329,9.430051546463193e-05,0.0002754803428186389,False,9.430051546463193e-05,0.0002754803428186389,False,9
94,S1,leave_environment_F_walk,35,3397,random_43,1,38,32,35,1197.80012591411,1197.8212723570434,0.00010209132361453932,0.0003387064214826071,False,0.00010209132361453932,0.0003387064214826071,False,8
94,S1,leave_environment_F_walk,35,3397,difference,2,38,32,35,643.8267770586061,643.8479215069639,0.00014691040643612045,0.00117178322374334,False,0.00014691040643612045,0.00117178322374334,False,4
94,S1,leave_environment_F_walk,35,3397,raw_scores,2,38,32,35,728.2264091481705,728.2475539703792,0.000138816263212491,0.000940413371081197,False,0.000138816263212491,0.000940413371081197,False,7
94,S1,leave_environment_F_walk,35,3397,random_17,2,38,32,35,756.7626532749499,756.7837982235299,0.0001361934182276479,0.0008369380213396918,False,0.0001361934182276479,0.0008369380213396918,False,6
94,S1,leave_environment_F_walk,35,3397,random_29,2,38,32,35,839.045291160527,839.0664364737463,0.00012893849574736348,0.0006861103219899803,False,0.00012893849574736348,0.0006861103219899803,False,3
94,S1,leave_environment_F_walk,35,3397,random_43,2,38,32,35,810.8143247377805,810.8354699257256,0.00013137710592278596,0.0007382654556023882,False,0.00013137710592278596,0.0007382654556023882,False,7
95,S1,leave_environment_F_walk,36,3402,baseline,0,38,37,36,1151.7340227844525,1151.7540057296944,8.768389253692938e-05,0.00027198215195876294,False,8.768389253692938e-05,0.000241720222271154,False,8
95,S1,leave_environment_F_walk,36,3402,difference,1,38,37,36,828.6756397215245,828.6941967236954,0.00011047150622267563,0.0005290382389533191,False,0.00011047150622267563,0.00041542138376951526,False,9
95,S1,leave_environment_F_walk,36,3402,raw_scores,1,38,37,36,897.184333713369,897.2028734684218,0.00010510864914937776,0.0004491259087032527,False,0.00010510864914937776,0.00040795173088534344,False,7
95,S1,leave_environment_F_walk,36,3402,random_17,1,38,37,36,969.5458919995078,969.5699073086868,9.976946574474617e-05,0.0003812475826721922,False,9.976946574474617e-05,0.0003561749327087764,False,7
95,S1,leave_environment_F_walk,36,3402,random_29,1,38,37,36,943.1551661315411,943.1787138532619,0.00010167902651339544,0.00040780587741288135,False,0.00010167902651339544,0.00032822728302739904,False,8
95,S1,leave_environment_F_walk,36,3402,random_43,1,38,37,36,904.5208483373672,904.5432504541793,0.00010455214781001627,0.00044519716763927034,False,0.00010455214781001627,0.0004222078987330572,False,9
95,S1,leave_environment_F_walk,36,3402,difference,2,38,37,36,475.53964008610563,475.55817731032295,0.00014355214039697115,0.00162307729122113,False,0.00014355214039697115,0.0013927029246917754,False,4
95,S1,leave_environment_F_walk,36,3402,raw_scores,2,38,37,36,571.8282143221032,571.8467519727919,0.00013355083796584336,0.001114906663268052,False,0.00013355083796584336,0.001114906663268052,False,4
95,S1,leave_environment_F_walk,36,3402,random_17,2,38,37,36,589.4236826087923,589.4422203372555,0.00013180756677159047,0.0010328391502831406,False,0.00013180756677159047,0.0010262351810065296,False,2
95,S1,leave_environment_F_walk,36,3402,random_29,2,38,37,36,574.8198736761542,574.8384113400219,0.0001332526453695745,0.0010970698626411477,False,0.0001332526453695745,0.0007781093610975998,False,3
95,S1,leave_environment_F_walk,36,3402,random_43,2,38,37,36,553.598197834754,553.6167354044251,0.000135383935763502,0.0011852764958332341,False,0.000135383935763502,0.0009161467180775058,False,2
96,S1,leave_environment_F_walk,37,3441,baseline,0,38,32,37,1556.5627630023225,1556.5851698498009,8.425777142246233e-05,0.00020805097506510558,False,8.425777142246233e-05,0.00020805097506510558,False,9
96,S1,leave_environment_F_walk,37,3441,difference,1,38,32,37,1138.1200752418538,1138.14390697454,0.0001092155387103424,0.00039262836785632505,False,0.0001092155387103424,0.00039262836785632505,False,6
96,S1,leave_environment_F_walk,37,3441,raw_scores,1,38,32,37,1235.4035100474487,1235.425166101286,0.0001026958418722212,0.00033150859942039174,False,0.0001026958418722212,0.00033150859942039174,False,9
96,S1,leave_environment_F_walk,37,3441,random_17,1,38,32,37,1286.204524353758,1286.2257922210274,9.947597403189082e-05,0.0003038657069859148,False,9.947597403189082e-05,0.0003038657069859148,False,7
96,S1,leave_environment_F_walk,37,3441,random_29,1,38,32,37,1312.247298410258,1312.279476123514,9.787166321722578e-05,0.00029231678511905303,False,9.787166321722578e-05,0.00029231678511905303,False,5
96,S1,leave_environment_F_walk,37,3441,random_43,1,38,32,37,1191.0549857626295,1191.076209949982,0.00010560902152845634,0.00035747070717338835,False,0.00010560902152845634,0.00035747070717338835,False,7
96,S1,leave_environment_F_walk,37,3441,difference,2,38,32,37,635.2395498830228,635.2606942931881,0.0001516589561479314,0.001262081062865853,False,0.0001516589561479314,0.001262081062865853,False,6
96,S1,leave_environment_F_walk,37,3441,raw_scores,2,38,32,37,709.7199368287323,709.7410815689896,0.0001443264974965253,0.0010402869729548491,False,0.0001443264974965253,0.0010402869729548491,False,5
96,S1,leave_environment_F_walk,37,3441,random_17,2,38,32,37,758.8221303607252,758.8432753184289,0.0001397091981462393,0.0008691453291934967,False,0.0001397091981462393,0.0008691453291934967,False,0
96,S1,leave_environment_F_walk,37,3441,random_29,2,38,32,37,834.6711443612179,834.6922896550593,0.00013290020794153354,0.0007237595504517404,False,0.00013290020794153354,0.0007237595504517404,False,7
96,S1,leave_environment_F_walk,37,3441,random_43,2,38,32,37,809.3564311580848,809.3775763395711,0.0001351300578637882,0.0007731811294241297,False,0.0001351300578637882,0.0007731811294241297,False,7
97,S1,leave_environment_F_walk,38,3486,baseline,0,38,32,38,1574.773392867609,1574.7955925712786,8.728290430376868e-05,0.00021664675386407517,False,8.728290430376868e-05,0.00021664675386407517,False,7
97,S1,leave_environment_F_walk,38,3486,difference,1,38,32,38,1140.340337216098,1140.3706315089091,0.00011382659064980004,0.000417015238622428,False,0.00011054012885587704,0.000417015238622428,False,6
97,S1,leave_environment_F_walk,38,3486,raw_scores,1,38,32,38,1206.2965837628367,1206.318157121227,0.00010922899778590902,0.000372320532507505,False,0.00010922899778590902,0.000372320532507505,False,8
97,S1,leave_environment_F_walk,38,3486,random_17,1,38,32,38,1295.638385997396,1295.6625092031427,0.00010334746077877013,0.0003190773823459375,False,0.00010334746077877013,0.0003190773823459375,False,6
97,S1,leave_environment_F_walk,38,3486,random_29,1,38,32,38,1332.3355668377967,1332.3568099187294,0.00010104218534562039,0.0003023461870627773,False,0.00010104218534562039,0.0003023461870627773,False,9
97,S1,leave_environment_F_walk,38,3486,random_43,1,38,32,38,1197.5468302732259,1197.5687063135167,0.00010982614502609563,0.0003769237441955795,False,0.00010982614502609563,0.0003769237441955795,False,8
97,S1,leave_environment_F_walk,38,3486,difference,2,38,32,38,642.986177221036,643.0073216656162,0.00015674174194294427,0.0013087524016586263,False,0.0001438995585224261,0.0013087524016586263,False,5
97,S1,leave_environment_F_walk,38,3486,raw_scores,2,38,32,38,727.4517090443709,727.4728538632387,0.00014830707139105035,0.0010471001678096215,False,0.00014369815180759752,0.0010471001678096215,False,6
97,S1,leave_environment_F_walk,38,3486,random_17,2,38,32,38,751.4034425980287,751.4245875228667,0.00014600832440917247,0.0009433580724679628,False,0.0001380868565550524,0.0009433580724679628,False,5
97,S1,leave_environment_F_walk,38,3486,random_29,2,38,32,38,851.0710343315469,851.092179698042,0.0001368642167182414,0.0007420297155794045,False,0.0001357030673960556,0.0007420297155794045,False,6
97,S1,leave_environment_F_walk,38,3486,random_43,2,38,32,38,811.4618206444255,811.4829658352393,0.0001404183843948051,0.0008203292411022967,False,0.0001350263211212534,0.0008203292411022967,False,4
98,S1,leave_environment_F_walk,39,3549,baseline,0,38,37,39,1157.0797421834461,1157.0983345358118,8.707358768461454e-05,0.0002684939230135174,False,8.707358768461454e-05,0.0002560665717907612,False,7
98,S1,leave_environment_F_walk,39,3549,difference,1,38,37,39,830.1625882321133,830.1816375716592,0.000110020205655215,0.0005245389261765384,False,0.000110020205655215,0.0004389240952195851,False,9
98,S1,leave_environment_F_walk,39,3549,raw_scores,1,38,37,39,898.1168037344913,898.1356042494294,0.00010471677159213574,0.0004473292741946664,False,0.00010471677159213574,0.000427025715205177,False,7
98,S1,leave_environment_F_walk,39,3549,random_17,1,38,37,39,970.4778081209153,970.4963471470543,9.939322071205255e-05,0.0003791698505307178,False,9.939322071205255e-05,0.0003769381404040048,False,9
98,S1,leave_environment_F_walk,39,3549,random_29,1,38,37,39,950.3587666940044,950.3790167733366,0.00010084081991688992,0.00040015797087524586,False,0.00010084081991688992,0.00035082140625202916,False,8
98,S1,leave_environment_F_walk,39,3549,random_43,1,38,37,39,914.9688697828457,914.9881683356671,0.000103447792130166,0.0004336016574080039,False,0.000103447792130166,0.0004336016574080039,False,8
98,S1,leave_environment_F_walk,39,3549,difference,2,38,37,39,479.6573837590726,479.6759210012464,0.00014271834513606929,0.0015881072455893425,False,0.00014271834513606929,0.001478486099101357,False,3
98,S1,leave_environment_F_walk,39,3549,raw_scores,2,38,37,39,574.0705376664098,574.0890753271224,0.00013295376309066382,0.0011061075908603939,False,0.00013295376309066382,0.0011061075908603939,False,5
98,S1,leave_environment_F_walk,39,3549,random_17,2,38,37,39,599.4905797123487,599.5091174854095,0.0001304523470631433,0.0009968089174862062,False,0.0001304523470631433,0.0009968089174862062,False,3
98,S1,leave_environment_F_walk,39,3549,random_29,2,38,37,39,570.5805906760564,570.5991283211434,0.00013330131777190273,0.0011080480150576263,False,0.00013330131777190273,0.0008429550235894681,False,3
98,S1,leave_environment_F_walk,39,3549,random_43,2,38,37,39,561.9926583836573,562.0111959905171,0.00013416085560345915,0.0011443203501139002,False,0.00013416085560345915,0.000961154728214389,False,5
99,S1,leave_environment_F_walk,40,3567,baseline,0,38,37,40,1142.0755723816662,1142.0943356994328,9.229866350118012e-05,0.0002948667566717714,False,9.229866350118012e-05,0.00024243938351931833,False,9
99,S1,leave_environment_F_walk,40,3567,difference,1,38,37,40,823.834425711527,823.8561176250649,0.00011554373774844595,0.0005709698589453119,False,0.00011554373774844595,0.0004152391476921905,False,8
99,S1,leave_environment_F_walk,40,3567,raw_scores,1,38,37,40,887.5980251050182,887.6194266640777,0.00011038322085534473,0.0004891402671559162,False,0.00011038322085534473,0.0004094841073132343,False,8
99,S1,leave_environment_F_walk,40,3567,random_17,1,38,37,40,959.0470842714991,959.0710959283642,0.00010491481802926986,0.0004152820692883881,False,0.00010491481802926986,0.00035864002144602315,False,8
99,S1,leave_environment_F_walk,40,3567,random_29,1,38,37,40,932.9650714025504,932.9836278919099,0.00010687397834116918,0.0004443994910336813,False,0.00010661825561832569,0.0003300995487343384,False,8
99,S1,leave_environment_F_walk,40,3567,random_43,1,38,37,40,899.320635006522,899.3392965141093,0.00010946394684198429,0.0004806582466044979,False,0.00010946394684198429,0.00042173167213873096,False,7
99,S1,leave_environment_F_walk,40,3567,difference,2,38,37,40,476.65260310602406,476.6711403349116,0.00014891689013967214,0.0017245095055953257,False,0.00014891689013967214,0.0013695779775180232,False,6
99,S1,leave_environment_F_walk,40,3567,raw_scores,2,38,37,40,570.6490668796191,570.6676045250045,0.0001389289952406567,0.0011938503718255833,False,0.0001389289952406567,0.0011938503718255833,False,3
99,S1,leave_environment_F_walk,40,3567,random_17,2,38,37,40,584.5997669306048,584.6183046376974,0.00013751047808635133,0.0011205062144086478,False,0.00013751047808635133,0.0010334941507530234,False,4
99,S1,leave_environment_F_walk,40,3567,random_29,2,38,37,40,569.6034020015807,569.6219396423388,0.00013903596925878418,0.001190242153565258,False,0.00013903596925878418,0.0007940518345219119,False,6
99,S1,leave_environment_F_walk,40,3567,random_43,2,38,37,40,551.5576621494062,551.5761997100375,0.00014089648917743814,0.0012727896257678669,False,0.00014089648917743814,0.0009151506619476848,False,5
100,S1,leave_environment_moving_meeting_room,31,4026,baseline,0,32,31,31,1273.360304284745,1273.3788413223429,2.480194243313053e-05,4.144128112831995e-05,False,2.480194243313053e-05,4.144128112831995e-05,False,9
100,S1,leave_environment_moving_meeting_room,31,4026,difference,1,32,31,31,967.499066141424,967.5195064179491,3.413642813245988e-05,7.144585164043054e-05,False,3.413642813245988e-05,7.144585164043054e-05,False,9
100,S1,leave_environment_moving_meeting_room,31,4026,raw_scores,1,32,31,31,998.1194515026469,998.1379374781785,3.301776443625798e-05,6.716150400035798e-05,False,3.301776443625798e-05,6.716150400035798e-05,False,7
100,S1,leave_environment_moving_meeting_room,31,4026,random_17,1,32,31,31,1009.1402781442777,1009.1589592557978,3.2626513617708886e-05,6.584241020023445e-05,False,3.2626513617708886e-05,6.584241020023445e-05,False,8
100,S1,leave_environment_moving_meeting_room,31,4026,random_29,1,32,31,31,1001.9091650208884,1001.9315582445257,3.288241950337444e-05,6.651540715812664e-05,False,3.288241950337444e-05,6.651540715812664e-05,False,9
100,S1,leave_environment_moving_meeting_room,31,4026,random_43,1,32,31,31,1014.9643776603436,1014.9845865000241,3.2422083322468136e-05,6.500331829535473e-05,False,3.2422083322468136e-05,6.500331829535473e-05,False,9
100,S1,leave_environment_moving_meeting_room,31,4026,difference,2,32,31,31,582.454016367183,582.4724799494359,5.318048059550998e-05,0.00019626651563455614,False,5.318048059550998e-05,0.00019626651563455614,False,2
100,S1,leave_environment_moving_meeting_room,31,4026,raw_scores,2,32,31,31,626.5694259693316,626.5878897470959,5.043821681696203e-05,0.00017017245066218594,False,5.043821681696203e-05,0.00017017245066218594,False,6
100,S1,leave_environment_moving_meeting_room,31,4026,random_17,2,32,31,31,652.6418024469491,652.6602663400972,4.889635196782149e-05,0.000156628215095514,False,4.889635196782149e-05,0.000156628215095514,False,5
100,S1,leave_environment_moving_meeting_room,31,4026,random_29,2,32,31,31,645.931006599849,645.9494704633684,4.928778469157183e-05,0.0001589179465177582,False,4.928778469157183e-05,0.0001589179465177582,False,4
100,S1,leave_environment_moving_meeting_room,31,4026,random_43,2,32,31,31,629.0369802695565,629.0554440580521,5.028983728331238e-05,0.0001678659944729444,False,5.028983728331238e-05,0.0001678659944729444,False,4
101,S1,leave_environment_moving_meeting_room,32,4046,baseline,0,32,37,32,1261.4398534532204,1261.4582213299832,3.747443210215847e-05,5.5356129764477047e-05,False,3.747443210215847e-05,5.5356129764477047e-05,False,9
101,S1,leave_environment_moving_meeting_room,32,4046,difference,1,32,37,32,937.206432039658,937.2253346560686,5.509212523130981e-05,9.972807211897743e-05,False,5.509212523130981e-05,9.972807211897743e-05,False,6
101,S1,leave_environment_moving_meeting_room,32,4046,raw_scores,1,32,37,32,954.8240376304018,954.8412402182712,5.388303922179653e-05,9.626295243328581e-05,False,5.388303922179653e-05,9.626295243328581e-05,False,8
101,S1,leave_environment_moving_meeting_room,32,4046,random_17,1,32,37,32,1003.3587880438238,1003.375788195472,5.07257508307854e-05,8.733080835781369e-05,False,5.07257508307854e-05,8.733080835781369e-05,False,7
101,S1,leave_environment_moving_meeting_room,32,4046,random_29,1,32,37,32,1023.5561045553779,1023.5764456221511,4.948296798407528e-05,8.380266153724523e-05,False,4.948296798407528e-05,8.380266153724523e-05,False,9
101,S1,leave_environment_moving_meeting_room,32,4046,random_43,1,32,37,32,1034.585012958028,1034.6034121460582,4.8821401420905934e-05,8.204033160413782e-05,False,4.8821401420905934e-05,8.204033160413782e-05,False,7
101,S1,leave_environment_moving_meeting_room,32,4046,difference,2,32,37,32,484.0294045833402,484.0463958413908,0.00010243135687909023,0.00037763587486283845,False,8.406798446781844e-05,0.0003494346107211789,False,6
101,S1,leave_environment_moving_meeting_room,32,4046,raw_scores,2,32,37,32,551.9639510299628,551.9809425890011,9.28024920365729e-05,0.00028647078588589595,False,8.578348948300533e-05,0.00028647078588589595,False,3
101,S1,leave_environment_moving_meeting_room,32,4046,random_17,2,32,37,32,662.8636132266048,662.8806052768894,7.931647151715533e-05,0.00020086959075201168,False,7.931647151715533e-05,0.00020086959075201168,False,4
101,S1,leave_environment_moving_meeting_room,32,4046,random_29,2,32,37,32,612.8707608912547,612.8877527201568,8.507863835161007e-05,0.00023389020643611752,False,8.327678791670957e-05,0.00023389020643611752,False,4
101,S1,leave_environment_moving_meeting_room,32,4046,random_43,2,32,37,32,689.6570380296237,689.6740301985335,7.642556866369385e-05,0.0001846540628855605,False,7.642556866369385e-05,0.0001846540628855605,False,4
102,S1,leave_environment_moving_meeting_room,33,4095,baseline,0,32,31,33,1304.9484357423435,1304.9700831324408,1.3646220759064011e-05,2.0217128784752922e-05,False,1.3646220759064011e-05,2.0217128784752922e-05,False,9
102,S1,leave_environment_moving_meeting_room,33,4095,difference,1,32,31,33,991.6468760822839,991.6719820126272,1.955177179576656e-05,3.4792748433563505e-05,False,1.955177179576656e-05,3.4792748433563505e-05,False,8
102,S1,leave_environment_moving_meeting_room,33,4095,raw_scores,1,32,31,33,1024.971480837048,1024.9899537776814,1.8779866931467065e-05,3.255944821030711e-05,False,1.8779866931467065e-05,3.255944821030711e-05,False,9
102,S1,leave_environment_moving_meeting_room,33,4095,random_17,1,32,31,33,1032.8040663361191,1032.8250631670107,1.8604150375010807e-05,3.214259491296035e-05,False,1.8604150375010807e-05,3.214259491296035e-05,False,7
102,S1,leave_environment_moving_meeting_room,33,4095,random_29,1,32,31,33,1035.3915802815825,1035.410304017084,1.8546644106957778e-05,3.189161643217456e-05,False,1.8546644106957778e-05,3.189161643217456e-05,False,7
102,S1,leave_environment_moving_meeting_room,33,4095,random_43,1,32,31,33,1042.3257114955466,1042.346072917601,1.839351053731021e-05,3.1502751573050944e-05,False,1.839351053731021e-05,3.1502751573050944e-05,False,7
102,S1,leave_environment_moving_meeting_room,33,4095,difference,2,32,31,33,590.5588941619486,590.5773577802574,3.300008862684259e-05,9.750872953140487e-05,False,3.300008862684259e-05,9.750872953140487e-05,False,4
102,S1,leave_environment_moving_meeting_room,33,4095,raw_scores,2,32,31,33,643.8506647066893,643.8691285608863,3.0660616907354656e-05,8.214921235766687e-05,False,3.0660616907354656e-05,8.214921235766687e-05,False,4
102,S1,leave_environment_moving_meeting_room,33,4095,random_17,2,32,31,33,667.9931480852255,668.0116120463823,2.9667461399620736e-05,7.633678487803963e-05,False,2.9667461399620736e-05,7.633678487803963e-05,False,5
102,S1,leave_environment_moving_meeting_room,33,4095,random_29,2,32,31,33,660.3565532859028,660.3750172133296,2.997729424510133e-05,7.783642924366141e-05,False,2.997729424510133e-05,7.783642924366141e-05,False,2
102,S1,leave_environment_moving_meeting_room,33,4095,random_43,2,32,31,33,650.7909108822611,650.80937476713,3.0371003695289383e-05,8.019570403659056e-05,False,3.0371003695289383e-05,8.019570403659056e-05,False,4
103,S1,leave_environment_moving_meeting_room,34,4129,baseline,0,32,31,34,1283.5946978855961,1283.614544345057,3.058624051751511e-05,5.3274884540466296e-05,False,3.058624051751511e-05,5.3274884540466296e-05,False,9
103,S1,leave_environment_moving_meeting_room,34,4129,difference,1,32,31,34,980.2670529236963,980.2878666423929,4.1357672355519964e-05,9.106986830669767e-05,False,4.1357672355519964e-05,9.106986830669767e-05,False,7
103,S1,leave_environment_moving_meeting_room,34,4129,raw_scores,1,32,31,34,1006.8547290832817,1006.8755932532246,4.023724088230501e-05,8.61875812181868e-05,False,4.023724088230501e-05,8.61875812181868e-05,False,9
103,S1,leave_environment_moving_meeting_room,34,4129,random_17,1,32,31,34,1013.1112622255068,1013.1329254770972,3.997912073483148e-05,8.543169620188416e-05,False,3.997912073483148e-05,8.543169620188416e-05,False,6
103,S1,leave_environment_moving_meeting_room,34,4129,random_29,1,32,31,34,1025.3337470884883,1025.3540094153943,3.9480981984274916e-05,8.300191414581944e-05,False,3.9480981984274916e-05,8.300191414581944e-05,False,8
103,S1,leave_environment_moving_meeting_room,34,4129,random_43,1,32,31,34,1025.268641391712,1025.2921827669281,3.9483482304168305e-05,8.313372309951987e-05,False,3.9483482304168305e-05,8.313372309951987e-05,False,7
103,S1,leave_environment_moving_meeting_room,34,4129,difference,2,32,31,34,583.3427116248173,583.3611752109337,6.369754481931557e-05,0.0002565791196987899,False,6.369754481931557e-05,0.0002565791196987899,False,5
103,S1,leave_environment_moving_meeting_room,34,4129,raw_scores,2,32,31,34,641.2763739296794,641.2948377725838,5.966355708938434e-05,0.00021211593469055106,False,5.966355708938434e-05,0.00021211593469055106,False,6
103,S1,leave_environment_moving_meeting_room,34,4129,random_17,2,32,31,34,663.983090217001,664.0015541603926,5.8165013290515725e-05,0.0001978017069583597,False,5.8165013290515725e-05,0.0001978017069583597,False,2
103,S1,leave_environment_moving_meeting_room,34,4129,random_29,2,32,31,34,649.9355813350894,649.9540452163496,5.908676264490725e-05,0.00020527010940824583,False,5.908676264490725e-05,0.00020527010940824583,False,4
103,S1,leave_environment_moving_meeting_room,34,4129,random_43,2,32,31,34,640.4048049904094,640.4232688292664,5.97219801782491e-05,0.0002115334259043338,False,5.97219801782491e-05,0.0002115334259043338,False,4
104,S1,leave_environment_moving_meeting_room,35,4166,baseline,0,32,31,35,1267.8694353777812,1267.8883178603514,4.782609501731681e-05,9.397100896065958e-05,False,4.782609501731681e-05,9.397100896065958e-05,False,9
104,S1,leave_environment_moving_meeting_room,35,4166,difference,1,32,31,35,965.5644576715325,965.5829224844413,6.288531086431074e-05,0.00016145667513491003,False,6.288531086431074e-05,0.00016145667513491003,False,9
104,S1,leave_environment_moving_meeting_room,35,4166,raw_scores,1,32,31,35,1007.9986539934251,1008.01898032244,6.044627031616149e-05,0.00014815120172250717,False,6.044627031616149e-05,0.00014815120172250717,False,9
104,S1,leave_environment_moving_meeting_room,35,4166,random_17,1,32,31,35,1001.7970819852694,1001.816095659164,6.079542498040185e-05,0.00015045269172471858,False,6.079542498040185e-05,0.00015045269172471858,False,7
104,S1,leave_environment_moving_meeting_room,35,4166,random_29,1,32,31,35,1010.8006900777632,1010.8224699859247,6.0289276302953334e-05,0.00014683011808608678,False,6.0289276302953334e-05,0.00014683011808608678,False,6
104,S1,leave_environment_moving_meeting_room,35,4166,random_43,1,32,31,35,1013.1246114389031,1013.1439596289536,6.015965483902543e-05,0.00014683547824289792,False,6.015965483902543e-05,0.00014683547824289792,False,8
104,S1,leave_environment_moving_meeting_room,35,4166,difference,2,32,31,35,585.3582789064017,585.3767425015186,9.09854647944032e-05,0.00043774887667497844,False,9.09854647944032e-05,0.00043774887667497844,False,4
104,S1,leave_environment_moving_meeting_room,35,4166,raw_scores,2,32,31,35,633.6098524393102,633.628316248307,8.67000723113298e-05,0.00037428590699758145,False,8.67000723113298e-05,0.00037428590699758145,False,3
104,S1,leave_environment_moving_meeting_room,35,4166,random_17,2,32,31,35,655.0738743208633,655.0923382247859,8.486905725325024e-05,0.00035027210345678496,False,8.486905725325024e-05,0.00035027210345678496,False,4
104,S1,leave_environment_moving_meeting_room,35,4166,random_29,2,32,31,35,653.1774683337669,653.1959322293893,8.502901239653637e-05,0.0003488565497889056,False,8.502901239653637e-05,0.0003488565497889056,False,5
104,S1,leave_environment_moving_meeting_room,35,4166,random_43,2,32,31,35,627.8818774950339,627.9003412784124,8.719641654411152e-05,0.0003780322016946186,False,8.719641654411152e-05,0.0003780322016946186,False,2
105,S1,leave_environment_moving_meeting_room,36,4219,baseline,0,32,34,36,1328.3155989742513,1328.33492956737,2.6387842456293972e-05,4.0688571928847795e-05,False,2.623496370121552e-05,4.0688571928847795e-05,False,9
105,S1,leave_environment_moving_meeting_room,36,4219,difference,1,32,34,36,988.1053992374281,988.1230060843858,3.814396260433764e-05,7.330020367018226e-05,False,3.550468944819897e-05,7.330020367018226e-05,False,8
105,S1,leave_environment_moving_meeting_room,36,4219,raw_scores,1,32,34,36,1006.8930207646628,1006.9155777620983,3.7333844151229186e-05,7.059108734521888e-05,False,3.506014230119954e-05,7.059108734521888e-05,False,7
105,S1,leave_environment_moving_meeting_room,36,4219,random_17,1,32,34,36,1015.6138852180015,1015.634113364871,3.696551494554697e-05,6.943470347692709e-05,False,3.446282686556323e-05,6.943470347692709e-05,False,9
105,S1,leave_environment_moving_meeting_room,36,4219,random_29,1,32,34,36,1052.1122998825906,1052.1293914460518,3.5473621351418116e-05,6.467712717510347e-05,False,3.4410615894786706e-05,6.467712717510347e-05,False,9
105,S1,leave_environment_moving_meeting_room,36,4219,random_43,1,32,34,36,1044.1539735775523,1044.1717154170003,3.579219399210854e-05,6.579076280856911e-05,False,3.4187842501194206e-05,6.579076280856911e-05,False,7
105,S1,leave_environment_moving_meeting_room,36,4219,difference,2,32,34,36,568.0552048179069,568.0722945328415,6.371939436852704e-05,0.00022165174033892047,False,5.512194699135898e-05,0.0001973890282995043,False,3
105,S1,leave_environment_moving_meeting_room,36,4219,raw_scores,2,32,34,36,624.5800856431803,624.5971756084707,5.925847713028917e-05,0.00018399452761996154,False,5.3310441916521364e-05,0.00018042879952012662,False,5
105,S1,leave_environment_moving_meeting_room,36,4219,random_17,2,32,34,36,678.216162487258,678.2332526900781,5.536750455010684e-05,0.00015567855858443098,False,5.1407569305356415e-05,0.00015567855858443098,False,6
105,S1,leave_environment_moving_meeting_room,36,4219,random_29,2,32,34,36,666.2779696466132,666.2950597966388,5.620618771869615e-05,0.0001610116213209687,False,5.1693361667042094e-05,0.0001610116213209687,False,3
105,S1,leave_environment_moving_meeting_room,36,4219,random_43,2,32,34,36,676.015551231687,676.0326414246842,5.5520955890866695e-05,0.0001561152631985191,False,5.2378249297551074e-05,0.0001561152631985191,False,2
106,S1,leave_environment_moving_meeting_room,37,4279,baseline,0,31,34,37,866.0039483687281,866.018324788583,2.646520188637754e-05,5.268717270191798e-05,False,2.646520188637754e-05,5.268717270191798e-05,False,9
106,S1,leave_environment_moving_meeting_room,37,4279,difference,1,31,34,37,619.3228351315499,619.3383720396381,3.677099608160175e-05,0.00010215705114312645,False,3.677099608160175e-05,0.00010215705114312645,False,7
106,S1,leave_environment_moving_meeting_room,37,4279,raw_scores,1,31,34,37,678.9420566696591,678.9562594590321,3.38790908829877e-05,8.578719380330032e-05,False,3.38790908829877e-05,8.578719380330032e-05,False,7
106,S1,leave_environment_moving_meeting_room,37,4279,random_17,1,31,34,37,654.1396821137861,654.1537628776177,3.50471137611781e-05,9.166977502017607e-05,False,3.50471137611781e-05,9.166977502017607e-05,False,7
106,S1,leave_environment_moving_meeting_room,37,4279,random_29,1,31,34,37,697.7135006355954,697.7273334161919,3.30268312947379e-05,8.115903830713414e-05,False,3.30268312947379e-05,8.115903830713414e-05,False,8
106,S1,leave_environment_moving_meeting_room,37,4279,random_43,1,31,34,37,670.4839293372801,670.4979134849409,3.427197066879235e-05,8.810068725602347e-05,False,3.427197066879235e-05,8.810068725602347e-05,False,5
106,S1,leave_environment_moving_meeting_room,37,4279,difference,2,31,34,37,344.4923011302749,344.5061326701948,5.4597277878144275e-05,0.00033248279556704924,False,5.4597277878144275e-05,0.00033248279556704924,False,3
106,S1,leave_environment_moving_meeting_room,37,4279,raw_scores,2,31,34,37,366.06855917733,366.08239081280277,5.2880250204959394e-05,0.00029411774827187934,False,5.2880250204959394e-05,0.00029411774827187934,False,5
106,S1,leave_environment_moving_meeting_room,37,4279,random_17,2,31,34,37,407.292309771426,407.3061415893801,4.976767784077541e-05,0.00023801301874130996,False,4.976767784077541e-05,0.00023801301874130996,False,2
106,S1,leave_environment_moving_meeting_room,37,4279,random_29,2,31,34,37,467.38070829063315,467.394540374863,4.5600813024639966e-05,0.0001807727397130388,False,4.5600813024639966e-05,0.0001807727397130388,False,6
106,S1,leave_environment_moving_meeting_room,37,4279,random_43,2,31,34,37,459.32003395672336,459.3338660051078,4.613555570050621e-05,0.00018872307093583944,False,4.613555570050621e-05,0.00018872307093583944,False,5
107,S1,leave_environment_moving_meeting_room,38,4283,baseline,0,32,31,38,1275.0587614988845,1275.077277186378,2.1329800062657677e-05,3.449622498106324e-05,False,2.1329800062657677e-05,3.449622498106324e-05,False,9
107,S1,leave_environment_moving_meeting_room,38,4283,difference,1,32,31,38,972.002351149934,972.0240698559495,2.9540133918851382e-05,5.9138603757552154e-05,False,2.9540133918851382e-05,5.9138603757552154e-05,False,8
107,S1,leave_environment_moving_meeting_room,38,4283,raw_scores,1,32,31,38,1005.8374627104292,1005.8564777508292,2.844034570150307e-05,5.5187376288586836e-05,False,2.844034570150307e-05,5.5187376288586836e-05,False,8
107,S1,leave_environment_moving_meeting_room,38,4283,random_17,1,32,31,38,1008.7486395094471,1008.7671063691721,2.8348193750618224e-05,5.500057455090012e-05,False,2.8348193750618224e-05,5.500057455090012e-05,False,7
107,S1,leave_environment_moving_meeting_room,38,4283,random_29,1,32,31,38,1020.5574388282089,1020.5769573384474,2.797819072444405e-05,5.3519815835705985e-05,False,2.797819072444405e-05,5.3519815835705985e-05,False,8
107,S1,leave_environment_moving_meeting_room,38,4283,random_43,1,32,31,38,1022.4218784900032,1022.4403444210375,2.792037770593694e-05,5.342397873745763e-05,False,2.792037770593694e-05,5.342397873745763e-05,False,9
107,S1,leave_environment_moving_meeting_room,38,4283,difference,2,32,31,38,585.0500519679737,585.0685155617911,4.6860125000579334e-05,0.0001630399027170961,False,4.6860125000579334e-05,0.0001630399027170961,False,4
107,S1,leave_environment_moving_meeting_room,38,4283,raw_scores,2,32,31,38,641.8854784327634,641.9039422782812,4.365798792001452e-05,0.00013515164027266873,False,4.365798792001452e-05,0.00013515164027266873,False,1
107,S1,leave_environment_moving_meeting_room,38,4283,random_17,2,32,31,38,663.0875264002523,663.1059903396766,4.2530888929725776e-05,0.00012656962749115622,False,4.2530888929725776e-05,0.00012656962749115622,False,3
107,S1,leave_environment_moving_meeting_room,38,4283,random_29,2,32,31,38,650.4232410181734,650.4417049015942,4.319985797641621e-05,0.00013093175780598947,False,4.319985797641621e-05,0.00013093175780598947,False,5
107,S1,leave_environment_moving_meeting_room,38,4283,random_43,2,32,31,38,635.9146236056426,635.9330874246074,4.3981842293277116e-05,0.00013706673173288593,False,4.3981842293277116e-05,0.00013706673173288593,False,5
108,S1,leave_environment_moving_meeting_room,39,4348,baseline,0,32,31,39,1291.7411565447087,1291.7611242859841,1.22069512692593e-05,1.7843889152876793e-05,False,1.22069512692593e-05,1.7843889152876793e-05,False,8
108,S1,leave_environment_moving_meeting_room,39,4348,difference,1,32,31,39,985.4539445820083,985.4733403775479,1.750066713534182e-05,3.0459186952445577e-05,False,1.750066713534182e-05,3.0459186952445577e-05,False,8
108,S1,leave_environment_moving_meeting_room,39,4348,raw_scores,1,32,31,39,1015.9881300474686,1016.0133610633585,1.6850058886716947e-05,2.864768767805708e-05,False,1.6850058886716947e-05,2.864768767805708e-05,False,7
108,S1,leave_environment_moving_meeting_room,39,4348,random_17,1,32,31,39,1020.2824838534989,1020.3042510005639,1.6761204485067694e-05,2.846956649221024e-05,False,1.6761204485067694e-05,2.846956649221024e-05,False,9
108,S1,leave_environment_moving_meeting_room,39,4348,random_29,1,32,31,39,1027.9652976032874,1027.9849210647837,1.66036872328576e-05,2.796933670722058e-05,False,1.66036872328576e-05,2.796933670722058e-05,False,7
108,S1,leave_environment_moving_meeting_room,39,4348,random_43,1,32,31,39,1033.4814881330335,1033.5013104746674,1.649175521167574e-05,2.770006522389921e-05,False,1.649175521167574e-05,2.770006522389921e-05,False,7
108,S1,leave_environment_moving_meeting_room,39,4348,difference,2,32,31,39,589.435086095531,589.453549708896,2.977885020929118e-05,8.464233041005874e-05,False,2.977885020929118e-05,8.464233041005874e-05,False,5
108,S1,leave_environment_moving_meeting_room,39,4348,raw_scores,2,32,31,39,648.4909370109034,648.5094008858396,2.7381962055884197e-05,6.997652605822295e-05,False,2.7381962055884197e-05,6.997652605822295e-05,False,4
108,S1,leave_environment_moving_meeting_room,39,4348,random_17,2,32,31,39,662.9638216079645,662.982285546841,2.683100211801967e-05,6.69406134472585e-05,False,2.683100211801967e-05,6.69406134472585e-05,False,5
108,S1,leave_environment_moving_meeting_room,39,4348,random_29,2,32,31,39,654.3717008528986,654.3901647538117,2.7156427530492615e-05,6.84953526392082e-05,False,2.7156427530492615e-05,6.84953526392082e-05,False,4
108,S1,leave_environment_moving_meeting_room,39,4348,random_43,2,32,31,39,646.7703144978225,646.7887783648794,2.744838479321767e-05,7.015008842966199e-05,False,2.744838479321767e-05,7.015008842966199e-05,False,4
109,S1,leave_environment_moving_meeting_room,40,4373,baseline,0,32,31,40,1281.8141801671677,1281.8338695255684,1.2545350477978392e-05,1.8468020602739102e-05,False,1.2545350477978392e-05,1.8468020602739102e-05,False,8
109,S1,leave_environment_moving_meeting_room,40,4373,difference,1,32,31,40,979.9759198616632,979.9950496567126,1.7894091746987227e-05,3.139164432591382e-05,False,1.7894091746987227e-05,3.139164432591382e-05,False,7
109,S1,leave_environment_moving_meeting_room,40,4373,raw_scores,1,32,31,40,1007.6123010571451,1007.6320090828294,1.7291186770208583e-05,2.9697427979157234e-05,False,1.7291186770208583e-05,2.9697427979157234e-05,False,9
109,S1,leave_environment_moving_meeting_room,40,4373,random_17,1,32,31,40,1010.5134385185886,1010.5319035142866,1.722947586281974e-05,2.9576334541252965e-05,False,1.722947586281974e-05,2.9576334541252965e-05,False,8
109,S1,leave_environment_moving_meeting_room,40,4373,random_29,1,32,31,40,1017.369390408444,1017.3898032828813,1.7084682028919226e-05,2.9108006506611445e-05,False,1.7084682028919226e-05,2.9108006506611445e-05,False,6
109,S1,leave_environment_moving_meeting_room,40,4373,random_43,1,32,31,40,1021.7677095017409,1021.7925458857997,1.6992565907827366e-05,2.889250309806666e-05,False,1.6992565907827366e-05,2.889250309806666e-05,False,6
109,S1,leave_environment_moving_meeting_room,40,4373,difference,2,32,31,40,582.7860799439228,582.8045435276632,3.0474170388922938e-05,8.821476972758444e-05,False,3.0474170388922938e-05,8.821476972758444e-05,False,4
109,S1,leave_environment_moving_meeting_room,40,4373,raw_scores,2,32,31,40,643.7704133993884,643.7888772532552,2.794971529776185e-05,7.241840244325476e-05,False,2.794971529776185e-05,7.241840244325476e-05,False,3
109,S1,leave_environment_moving_meeting_room,40,4373,random_17,2,32,31,40,658.5171275673639,658.5355914865405,2.7378101982876077e-05,6.918350461072036e-05,False,2.7378101982876077e-05,6.918350461072036e-05,False,3
109,S1,leave_environment_moving_meeting_room,40,4373,random_29,2,32,31,40,644.1944191066873,644.2128829625137,2.793307655968654e-05,7.203119478790356e-05,False,2.793307655968654e-05,7.203119478790356e-05,False,2
109,S1,leave_environment_moving_meeting_room,40,4373,random_43,2,32,31,40,633.3903160511265,633.4087798589082,2.836086225568982e-05,7.456425474636139e-05,False,2.836086225568982e-05,7.456425474636139e-05,False,4
110,S1,leave_environment_moving_office,31,3605,baseline,0,38,37,31,1194.4633071857077,1194.4810450499838,8.619006172179593e-08,3.3488471194451467e-07,False,8.619006172179593e-08,3.3488471194451467e-07,False,9
110,S1,leave_environment_moving_office,31,3605,difference,1,38,37,31,865.9751390151622,865.9935878849899,1.585163663600213e-07,4.219616437103653e-07,False,1.585163663600213e-07,4.219616437103653e-07,False,9
110,S1,leave_environment_moving_office,31,3605,raw_scores,1,38,37,31,895.7255778366792,895.7432346784789,1.4883985393404403e-07,4.099812740992e-07,False,1.4883985393404403e-07,4.099812740992e-07,False,7
110,S1,leave_environment_moving_office,31,3605,random_17,1,38,37,31,1000.7134844633457,1000.7311352871137,1.208276092222616e-07,3.75839581062518e-07,False,1.208276092222616e-07,3.75839581062518e-07,False,7
110,S1,leave_environment_moving_office,31,3605,random_29,1,38,37,31,1000.9631516053005,1000.9826729005727,1.2077014063338402e-07,3.757907225104799e-07,False,1.2077014063338402e-07,3.757907225104799e-07,False,9
110,S1,leave_environment_moving_office,31,3605,random_43,1,38,37,31,902.3543471359606,902.3755163618862,1.4680096832012505e-07,4.074796614415251e-07,False,1.4680096832012505e-07,4.074796614415251e-07,False,9
110,S1,leave_environment_moving_office,31,3605,difference,2,38,37,31,475.7663377379289,475.783986717044,4.543323870798228e-07,8.468238793362044e-07,False,4.543323870798228e-07,8.468238793362044e-07,False,5
110,S1,leave_environment_moving_office,31,3605,raw_scores,2,38,37,31,554.6038527927456,554.6215021209975,3.5195800717849457e-07,6.859610827769408e-07,False,3.5195800717849457e-07,6.859610827769408e-07,False,3
110,S1,leave_environment_moving_office,31,3605,random_17,2,38,37,31,615.1969215480078,615.2145711446458,2.942690991068627e-07,6.020938631010417e-07,False,2.942690991068627e-07,6.020938631010417e-07,False,2
110,S1,leave_environment_moving_office,31,3605,random_29,2,38,37,31,616.418629366003,616.4362789681501,2.9324967425099004e-07,6.006853050931034e-07,False,2.9324967425099004e-07,6.006853050931034e-07,False,5
110,S1,leave_environment_moving_office,31,3605,random_43,2,38,37,31,565.2318876634574,565.2495370386672,3.4073253709335896e-07,6.692320516406612e-07,False,3.4073253709335896e-07,6.692320516406612e-07,False,5
111,S1,leave_environment_moving_office,32,3676,baseline,0,38,37,32,1188.996084560117,1189.0152553262842,3.0244653972395274e-05,5.817324941185941e-05,False,3.0244653972395274e-05,5.817324941185941e-05,False,9
111,S1,leave_environment_moving_office,32,3676,difference,1,38,37,32,866.1026223433668,866.1217527823699,4.178842847485469e-05,0.0001096000795828889,False,4.178842847485469e-05,0.0001096000795828889,False,6
111,S1,leave_environment_moving_office,32,3676,raw_scores,1,38,37,32,893.3278355633984,893.345495770515,4.062311491720177e-05,0.00010304779518511437,False,4.062311491720177e-05,0.00010304779518511437,False,8
111,S1,leave_environment_moving_office,32,3676,random_17,1,38,37,32,995.0989749964511,995.1183083650506,3.660737519721196e-05,8.274026909314424e-05,False,3.660737519721196e-05,8.274026909314424e-05,False,8
111,S1,leave_environment_moving_office,32,3676,random_29,1,38,37,32,990.6732309497991,990.69088250117,3.677150364009917e-05,8.376188573374771e-05,False,3.677150364009917e-05,8.376188573374771e-05,False,6
111,S1,leave_environment_moving_office,32,3676,random_43,1,38,37,32,906.3102347744681,906.3279470744629,4.008148904940645e-05,0.00010032558950573002,False,4.008148904940645e-05,0.00010032558950573002,False,7
111,S1,leave_environment_moving_office,32,3676,difference,2,38,37,32,483.23240300197835,483.25005201407214,6.332137697477968e-05,0.0003563611023798563,False,6.332137697477968e-05,0.0003563611023798563,False,4
111,S1,leave_environment_moving_office,32,3676,raw_scores,2,38,37,32,553.4964885190118,553.5141378424348,5.853828070968921e-05,0.00026954546208330304,False,5.853828070968921e-05,0.00026954546208330304,False,4
111,S1,leave_environment_moving_office,32,3676,random_17,2,38,37,32,615.1700270533287,615.1876766498475,5.4680694714254946e-05,0.00021693368318066633,False,5.4680694714254946e-05,0.00021693368318066633,False,4
111,S1,leave_environment_moving_office,32,3676,random_29,2,38,37,32,607.156503860308,607.1741534214226,5.5164828795918684e-05,0.00022329823279298547,False,5.5164828795918684e-05,0.00022329823279298547,False,6
111,S1,leave_environment_moving_office,32,3676,random_43,2,38,37,32,571.2665867656292,571.2842361675737,5.7395296920423444e-05,0.0002516823233398735,False,5.7395296920423444e-05,0.0002516823233398735,False,5
112,S1,leave_environment_moving_office,33,3694,baseline,0,38,37,33,1189.1510912362692,1189.1695485871892,5.329958252084396e-05,0.00012193159479771161,False,5.329958252084396e-05,0.00012193159479771161,False,8
112,S1,leave_environment_moving_office,33,3694,difference,1,38,37,33,867.6371948373677,867.6590922776885,7.046836583573469e-05,0.00022941118832571424,False,7.046836583573469e-05,0.00022941118832571424,False,8
112,S1,leave_environment_moving_office,33,3694,raw_scores,1,38,37,33,885.3389993286248,885.356903258046,6.936277492812612e-05,0.0002207409368615793,False,6.936277492812612e-05,0.0002207409368615793,False,8
112,S1,leave_environment_moving_office,33,3694,random_17,1,38,37,33,993.0740102289025,993.0920120405073,6.306497406644541e-05,0.00017400675801306848,False,6.306497406644541e-05,0.00017400675801306848,False,8
112,S1,leave_environment_moving_office,33,3694,random_29,1,38,37,33,986.2556902806411,986.2813890596927,6.344203705090253e-05,0.0001773613154185147,False,6.344203705090253e-05,0.0001773613154185147,False,6
112,S1,leave_environment_moving_office,33,3694,random_43,1,38,37,33,907.638970962129,907.6566337610391,6.799913419968103e-05,0.00021029923876555312,False,6.799913419968103e-05,0.00021029923876555312,False,9
112,S1,leave_environment_moving_office,33,3694,difference,2,38,37,33,490.4537162037017,490.4713652478557,9.975485285676773e-05,0.000731626994961256,False,9.975485285676773e-05,0.000731626994961256,False,3
112,S1,leave_environment_moving_office,33,3694,raw_scores,2,38,37,33,550.3942192602235,550.4118685698928,9.428138500929834e-05,0.0005752825141994745,False,9.428138500929834e-05,0.0005752825141994745,False,4
112,S1,leave_environment_moving_office,33,3694,random_17,2,38,37,33,611.5726285987632,611.5902781793451,8.904192898534984e-05,0.0004606926642320324,False,8.904192898534984e-05,0.0004606926642320324,False,6
112,S1,leave_environment_moving_office,33,3694,random_29,2,38,37,33,605.819894386797,605.8375439419902,8.952023397424983e-05,0.0004713334538559363,False,8.952023397424983e-05,0.0004713334538559363,False,7
112,S1,leave_environment_moving_office,33,3694,random_43,2,38,37,33,575.6237144262944,575.6413638475414,9.207938024536855e-05,0.0005216218952189235,False,9.207938024536855e-05,0.0005216218952189235,False,6
113,S1,leave_environment_moving_office,34,3754,baseline,0,38,32,34,1586.2018193383365,1586.226451765199,7.370382895635202e-05,0.00017835182812581674,False,7.370382895635202e-05,0.00017835182812581674,False,9
113,S1,leave_environment_moving_office,34,3754,difference,1,38,32,34,1142.3765302829645,1142.4000976155796,9.709497659801341e-05,0.000347079261086643,False,9.709497659801341e-05,0.000347079261086643,False,9
113,S1,leave_environment_moving_office,34,3754,raw_scores,1,38,32,34,1226.7322869008062,1226.7541137388093,9.202734372925652e-05,0.00029851355670223307,False,9.202734372925652e-05,0.00029851355670223307,False,7
113,S1,leave_environment_moving_office,34,3754,random_17,1,38,32,34,1299.3422857992477,1299.364107386523,8.791632399872759e-05,0.0002646072713978514,False,8.791632399872759e-05,0.0002646072713978514,False,8
113,S1,leave_environment_moving_office,34,3754,random_29,1,38,32,34,1317.549648823721,1317.571470483647,8.692028851085208e-05,0.00025792709012940483,False,8.692028851085208e-05,0.00025792709012940483,False,8
113,S1,leave_environment_moving_office,34,3754,random_43,1,38,32,34,1218.1061738885803,1218.1354073815778,9.253044137287503e-05,0.0003049940317659937,False,9.253044137287503e-05,0.0003049940317659937,False,8
113,S1,leave_environment_moving_office,34,3754,difference,2,38,32,34,670.5689046051516,670.5907240378457,0.0001322236095259535,0.0009996334965052297,False,0.0001322236095259535,0.0009996334965052297,False,4
113,S1,leave_environment_moving_office,34,3754,raw_scores,2,38,32,34,767.2932425797065,767.315062440772,0.00012397518977917669,0.0007906340131915197,False,0.00012397518977917669,0.0007906340131915197,False,5
113,S1,leave_environment_moving_office,34,3754,random_17,2,38,32,34,733.3948154955117,733.4166352063099,0.00012679848560040563,0.0008333587535678239,False,0.00012679848560040563,0.0008333587535678239,False,4
113,S1,leave_environment_moving_office,34,3754,random_29,2,38,32,34,824.8070191248381,824.8288392407247,0.0001193458140603299,0.0006547344618677117,False,0.0001193458140603299,0.0006547344618677117,False,2
113,S1,leave_environment_moving_office,34,3754,random_43,2,38,32,34,815.5925443022528,815.6143643771046,0.00012007415081185345,0.0006777644768332017,False,0.00012007415081185345,0.0006777644768332017,False,5
114,S1,leave_environment_moving_office,35,3793,baseline,0,38,37,35,1193.914410098345,1193.9340453902178,1.0785566177175783e-05,1.6540808396475168e-05,False,1.0785566177175783e-05,1.6540808396475168e-05,False,8
114,S1,leave_environment_moving_office,35,3793,difference,1,38,37,35,865.0097134230534,865.0276619389441,1.6191841534720297e-05,3.1323563381434296e-05,False,1.6191841534720297e-05,3.1323563381434296e-05,False,9
114,S1,leave_environment_moving_office,35,3793,raw_scores,1,38,37,35,891.4650973671473,891.4827516265873,1.564074564476787e-05,2.9533085110592253e-05,False,1.564074564476787e-05,2.9533085110592253e-05,False,8
114,S1,leave_environment_moving_office,35,3793,random_17,1,38,37,35,1001.8201302276867,1001.8378006482343,1.3587390957774786e-05,2.3363042289629304e-05,False,1.3587390957774786e-05,2.3363042289629304e-05,False,7
114,S1,leave_environment_moving_office,35,3793,random_29,1,38,37,35,998.9957111356417,999.0160406415404,1.3635361918258553e-05,2.353379334442593e-05,False,1.3635361918258553e-05,2.353379334442593e-05,False,8
114,S1,leave_environment_moving_office,35,3793,random_43,1,38,37,35,901.2628702124983,901.2805913810106,1.5442787780654714e-05,2.890982830362306e-05,False,1.5442787780654714e-05,2.890982830362306e-05,False,6
114,S1,leave_environment_moving_office,35,3793,difference,2,38,37,35,476.2791746713191,476.2968236526446,2.7991186357989804e-05,0.00010351082408042367,False,2.7991186357989804e-05,0.00010351082408042367,False,4
114,S1,leave_environment_moving_office,35,3793,raw_scores,2,38,37,35,550.4399554025463,550.4576047123453,2.508226867086363e-05,7.720463961779784e-05,False,2.508226867086363e-05,7.720463961779784e-05,False,5
114,S1,leave_environment_moving_office,35,3793,random_17,2,38,37,35,616.3303017255269,616.347951327186,2.2797568617164207e-05,6.144355774607274e-05,False,2.2797568617164207e-05,6.144355774607274e-05,False,4
114,S1,leave_environment_moving_office,35,3793,random_29,2,38,37,35,616.5950775731859,616.6127271761147,2.2788910219458487e-05,6.150733832563738e-05,False,2.2788910219458487e-05,6.150733832563738e-05,False,2
114,S1,leave_environment_moving_office,35,3793,random_43,2,38,37,35,563.0368057833572,563.0544551488422,2.46247968159625e-05,7.362106808235938e-05,False,2.46247968159625e-05,7.362106808235938e-05,False,5
115,S1,leave_environment_moving_office,36,3835,baseline,0,38,37,36,1210.442280560658,1210.4603365211692,9.372348995990115e-05,0.0002620339447299734,False,6.865084171158294e-05,0.00016315245802780957,False,8
115,S1,leave_environment_moving_office,36,3835,difference,1,38,37,36,884.3505563639112,884.3692421887633,0.00011910567297070364,0.0004917356890347776,False,8.7603526853369e-05,0.00028508482550713103,False,7
115,S1,leave_environment_moving_office,36,3835,raw_scores,1,38,37,36,925.1945552812623,925.2122177346578,0.00011551521170956646,0.00044963337513619637,False,8.558175944826036e-05,0.0002694621268496454,False,7
115,S1,leave_environment_moving_office,36,3835,random_17,1,38,37,36,1006.6714197522366,1006.6901326105534,0.00010872546744586308,0.0003762192478944442,False,8.19384085628607e-05,0.00024107503886772763,False,6
115,S1,leave_environment_moving_office,36,3835,random_29,1,38,37,36,1003.6059649390285,1003.6278897852617,0.00010897197373109734,0.0003816516780554694,False,8.071464758310147e-05,0.0002330598243889868,False,8
115,S1,leave_environment_moving_office,36,3835,random_43,1,38,37,36,943.0077623541921,943.0254363427789,0.00011398908357591261,0.00043489524298078873,False,8.645968924701393e-05,0.0002787018012709264,False,8
115,S1,leave_environment_moving_office,36,3835,difference,2,38,37,36,505.75603595917795,505.7736850710065,0.0001592494027816864,0.001540515906336195,False,0.00012330879914668536,0.0009020292502428599,False,4
115,S1,leave_environment_moving_office,36,3835,raw_scores,2,38,37,36,579.6557953690979,579.6734448085241,0.00015034500417896037,0.0011678944026140164,False,0.00011635223800556991,0.0007221444861897469,False,5
115,S1,leave_environment_moving_office,36,3835,random_17,2,38,37,36,635.2658856796701,635.2835353652165,0.0001440090338029241,0.0009514297843792873,False,0.00011852646474388112,0.0007475889914707826,False,4
115,S1,leave_environment_moving_office,36,3835,random_29,2,38,37,36,603.2839991959552,603.3016487399138,0.00014761562015015706,0.001057427648279735,False,0.00011130856204615754,0.0005872712147423623,False,4
115,S1,leave_environment_moving_office,36,3835,random_43,2,38,37,36,597.7061425934284,597.7237921125035,0.00014825492201551093,0.0010781941251908863,False,0.00011248074240470529,0.000616284274156867,False,1
116,S1,leave_environment_moving_office,37,3879,baseline,0,38,37,37,1189.9587929858462,1189.9790350234018,2.832839213230799e-05,5.3468909296191616e-05,False,2.832839213230799e-05,5.3468909296191616e-05,False,8
116,S1,leave_environment_moving_office,37,3879,difference,1,38,37,37,864.2874303229761,864.3050806061627,3.9445261314873595e-05,0.0001012636538120981,False,3.9445261314873595e-05,0.0001012636538120981,False,6
116,S1,leave_environment_moving_office,37,3879,raw_scores,1,38,37,37,892.8779164164418,892.896066857362,3.827203822769629e-05,9.502884764230594e-05,False,3.827203822769629e-05,9.502884764230594e-05,False,9
116,S1,leave_environment_moving_office,37,3879,random_17,1,38,37,37,998.4876877742145,998.510360256257,3.4296456016284194e-05,7.567550593194854e-05,False,3.4296456016284194e-05,7.567550593194854e-05,False,9
116,S1,leave_environment_moving_office,37,3879,random_29,1,38,37,37,996.6821353781543,996.7002758460893,3.436012596495975e-05,7.616975127918897e-05,False,3.436012596495975e-05,7.616975127918897e-05,False,9
116,S1,leave_environment_moving_office,37,3879,random_43,1,38,37,37,898.4751066308912,898.4928200841043,3.804743819422977e-05,9.394124348545746e-05,False,3.804743819422977e-05,9.394124348545746e-05,False,8
116,S1,leave_environment_moving_office,37,3879,difference,2,38,37,37,476.220185117762,476.2378340990848,6.058464881988107e-05,0.00033738964493237514,False,6.058464881988107e-05,0.00033738964493237514,False,4
116,S1,leave_environment_moving_office,37,3879,raw_scores,2,38,37,37,553.3246759080248,553.3423252305296,5.54882379293266e-05,0.0002479120980042073,False,5.54882379293266e-05,0.0002479120980042073,False,2
116,S1,leave_environment_moving_office,37,3879,random_17,2,38,37,37,615.5414959022246,615.5591455003891,5.173480042548129e-05,0.0001993382092716583,False,5.173480042548129e-05,0.0001993382092716583,False,4
116,S1,leave_environment_moving_office,37,3879,random_29,2,38,37,37,615.91699803389,615.9346476338147,5.171306387644519e-05,0.0001998789319758451,False,5.171306387644519e-05,0.0001998789319758451,False,6
116,S1,leave_environment_moving_office,37,3879,random_43,2,38,37,37,564.2953614863325,564.3130108573934,5.480397463072473e-05,0.0002373986579137558,False,5.480397463072473e-05,0.0002373986579137558,False,5
117,S1,leave_environment_moving_office,38,3909,baseline,0,38,32,38,1583.913386699504,1583.9376882985632,6.747415935219722e-05,0.00015835490075057695,False,6.747415935219722e-05,0.00015835490075057695,False,8
117,S1,leave_environment_moving_office,38,3909,difference,1,38,32,38,1144.5034682267435,1144.5256046219595,8.925176162983261e-05,0.0003059574291584674,False,8.925176162983261e-05,0.0003059574291584674,False,9
117,S1,leave_environment_moving_office,38,3909,raw_scores,1,38,32,38,1232.867710084351,1232.8895315304403,8.425678726627074e-05,0.00026143425408988927,False,8.425678726627074e-05,0.00026143425408988927,False,6
117,S1,leave_environment_moving_office,38,3909,random_17,1,38,32,38,1295.2888120598807,1295.310634622089,8.092953676878815e-05,0.0002356826173469379,False,8.092953676878815e-05,0.0002356826173469379,False,8
117,S1,leave_environment_moving_office,38,3909,random_29,1,38,32,38,1313.1238380901743,1313.1480275872584,8.000801096497911e-05,0.00022977041877533168,False,8.000801096497911e-05,0.00022977041877533168,False,9
117,S1,leave_environment_moving_office,38,3909,random_43,1,38,32,38,1219.445016131425,1219.466837556412,8.499359686410749e-05,0.00026922234123348136,False,8.499359686410749e-05,0.00026922234123348136,False,6
117,S1,leave_environment_moving_office,38,3909,difference,2,38,32,38,673.2885915087901,673.310410953642,0.00012253424075619915,0.0008784003565803859,False,0.00012253424075619915,0.0008784003565803859,False,2
117,S1,leave_environment_moving_office,38,3909,raw_scores,2,38,32,38,766.8655559598118,766.8873758189236,0.00011492511723768057,0.0006996017810395988,False,0.00011492511723768057,0.0006996017810395988,False,3
117,S1,leave_environment_moving_office,38,3909,random_17,2,38,32,38,734.8770545401546,734.8988742575194,0.00011746481035452986,0.0007343838245783101,False,0.00011746481035452986,0.0007343838245783101,False,8
117,S1,leave_environment_moving_office,38,3909,random_29,2,38,32,38,818.6306241084859,818.6524441970105,0.00011094583698506412,0.000588122537471126,False,0.00011094583698506412,0.000588122537471126,False,2
117,S1,leave_environment_moving_office,38,3909,random_43,2,38,32,38,817.8581502950268,817.8799703799154,0.00011100405594838897,0.0005960369050908651,False,0.00011100405594838897,0.0005960369050908651,False,5
118,S1,leave_environment_moving_office,39,3952,baseline,0,38,32,39,1581.8757573186533,1581.8984667915704,7.908587885159845e-05,0.00019671139236325367,False,7.908587885159845e-05,0.00019671139236325367,False,9
118,S1,leave_environment_moving_office,39,3952,difference,1,38,32,39,1141.1051194236215,1141.1282827610041,0.00010346358709484513,0.000381753734197729,False,0.00010346358709484513,0.000381753734197729,False,8
118,S1,leave_environment_moving_office,39,3952,raw_scores,1,38,32,39,1227.7772608080418,1227.804795012651,9.802490084942818e-05,0.0003270191856614644,False,9.802490084942818e-05,0.0003270191856614644,False,9
118,S1,leave_environment_moving_office,39,3952,random_17,1,38,32,39,1300.0951032061446,1300.116924841717,9.374621620585482e-05,0.0002899009305075673,False,9.374621620585482e-05,0.0002899009305075673,False,9
118,S1,leave_environment_moving_office,39,3952,random_29,1,38,32,39,1315.9336681623515,1315.9555067136787,9.283912412441654e-05,0.000283574402564469,False,9.283912412441654e-05,0.000283574402564469,False,9
118,S1,leave_environment_moving_office,39,3952,random_43,1,38,32,39,1216.1528851809626,1216.1747064419108,9.873460621255142e-05,0.0003358508083237857,False,9.873460621255142e-05,0.0003358508083237857,False,6
118,S1,leave_environment_moving_office,39,3952,difference,2,38,32,39,666.5413058090685,666.5631252236908,0.0001402511469619579,0.0011129303880698408,False,0.0001402511469619579,0.0011129303880698408,False,6
118,S1,leave_environment_moving_office,39,3952,raw_scores,2,38,32,39,769.3842761948036,769.4060960651469,0.00013115973471928416,0.0008669430051809884,False,0.00013115973471928416,0.0008669430051809884,False,4
118,S1,leave_environment_moving_office,39,3952,random_17,2,38,32,39,739.3226304166463,739.3444501537057,0.00013374716083354164,0.0008995372635920281,False,0.00013374716083354164,0.0008995372635920281,False,5
118,S1,leave_environment_moving_office,39,3952,random_29,2,38,32,39,824.1280158433416,824.1498359562204,0.00012659138314183123,0.0007192654476154097,False,0.00012659138314183123,0.0007192654476154097,False,4
118,S1,leave_environment_moving_office,39,3952,random_43,2,38,32,39,813.2193277813155,813.2411478456534,0.00012748717782759815,0.0007480033390200083,False,0.00012748717782759815,0.0007480033390200083,False,5
119,S1,leave_environment_moving_office,40,3969,baseline,0,38,37,40,1184.7921536844842,1184.8102221422823,2.460402478796973e-05,4.4944750325657985e-05,False,2.460402478796973e-05,4.4944750325657985e-05,False,9
119,S1,leave_environment_moving_office,40,3969,difference,1,38,37,40,862.0441703995043,862.0618624320552,3.454920455371149e-05,8.482587467153876e-05,False,3.454920455371149e-05,8.482587467153876e-05,False,7
119,S1,leave_environment_moving_office,40,3969,raw_scores,1,38,37,40,882.8497461912153,882.867396548384,3.377009113822994e-05,8.092293064372403e-05,False,3.377009113822994e-05,8.092293064372403e-05,False,8
119,S1,leave_environment_moving_office,40,3969,random_17,1,38,37,40,991.0218207865054,991.043503710893,3.0054495864078745e-05,6.397135494313072e-05,False,3.0054495864078745e-05,6.397135494313072e-05,False,7
119,S1,leave_environment_moving_office,40,3969,random_29,1,38,37,40,984.6323796303666,984.6500303809905,3.0259365997807463e-05,6.501925527046227e-05,False,3.0259365997807463e-05,6.501925527046227e-05,False,7
119,S1,leave_environment_moving_office,40,3969,random_43,1,38,37,40,902.6069595498808,902.6250400101136,3.3050308430581914e-05,7.756058733716779e-05,False,3.3050308430581914e-05,7.756058733716779e-05,False,8
119,S1,leave_environment_moving_office,40,3969,difference,2,38,37,40,484.7121735145423,484.72982253325125,5.331109599425678e-05,0.0002711610627882842,False,5.331109599425678e-05,0.0002711610627882842,False,3
119,S1,leave_environment_moving_office,40,3969,raw_scores,2,38,37,40,549.3976719298701,549.415321235195,4.936805430016133e-05,0.00020940527874074004,False,4.936805430016133e-05,0.00020940527874074004,False,6
119,S1,leave_environment_moving_office,40,3969,random_17,2,38,37,40,609.436747194786,609.4543967659056,4.60085160966308e-05,0.00016931819236258396,False,4.60085160966308e-05,0.00016931819236258396,False,4
119,S1,leave_environment_moving_office,40,3969,random_29,2,38,37,40,604.3853139723327,604.4029635211705,4.628062054682363e-05,0.000172479859978809,False,4.628062054682363e-05,0.000172479859978809,False,3
119,S1,leave_environment_moving_office,40,3969,random_43,2,38,37,40,570.3719106672501,570.3895600652309,4.8162813564625e-05,0.000193610056260257,False,4.8162813564625e-05,0.000193610056260257,False,4
120,S1,leave_environment_residential,31,7,baseline,0,38,37,31,1206.6162044699884,1206.6344383607461,0.00013409248405735582,0.0004631703024109308,False,0.0001324764713459912,0.00044529511736552763,False,7
120,S1,leave_environment_residential,31,7,difference,1,38,37,31,876.7963256289985,876.8178611490303,0.00016525786698438517,0.0008863204630367387,False,0.00015278441694051496,0.0007489003991694469,False,9
120,S1,leave_environment_residential,31,7,raw_scores,1,38,37,31,929.9186517145897,929.9398478996699,0.00015971223977240983,0.0007867612734988459,False,0.00015359713809086833,0.0007549750352979739,False,9
120,S1,leave_environment_residential,31,7,random_17,1,38,37,31,1007.8818856778561,1007.9003637433465,0.0001519566229042977,0.0006603515243345079,False,0.00015154276559886198,0.0006518602363317633,False,9
120,S1,leave_environment_residential,31,7,random_29,1,38,37,31,993.6495448901524,993.6695474681443,0.00015333926145149436,0.0006872525526796723,False,0.00014778768609927673,0.0006093119461080251,False,8
120,S1,leave_environment_residential,31,7,random_43,1,38,37,31,960.7636397465885,960.78204048916,0.0001565906246076453,0.0007386591488740964,False,0.00015564546706872378,0.0007386591488740964,False,8
120,S1,leave_environment_residential,31,7,difference,2,38,37,31,507.7902960634077,507.80850741683525,0.00021033961672647545,0.002678056595198845,False,0.0001919606377528811,0.002628998829141504,False,4
120,S1,leave_environment_residential,31,7,raw_scores,2,38,37,31,574.2349948124189,574.2532064601808,0.00020130634183871678,0.0021355791065155194,False,0.0001932682577714098,0.0021355791065155194,False,5
120,S1,leave_environment_residential,31,7,random_17,2,38,37,31,652.5782379332142,652.5964499279836,0.00019119738958805194,0.0015768219793022543,False,0.0001840746633384714,0.0015768219793022543,False,3
120,S1,leave_environment_residential,31,7,random_29,2,38,37,31,600.2383737448755,600.2565855078717,0.00019788727178386679,0.0018892345335864396,False,0.00018252442843680726,0.001504666495561827,False,3
120,S1,leave_environment_residential,31,7,random_43,2,38,37,31,604.1034372892758,604.1216490692166,0.00019738453512999773,0.0018508621084395564,False,0.0001816798574204798,0.001659696213183431,False,5
121,S1,leave_environment_residential,32,75,baseline,0,38,37,32,1184.7962821907956,1184.8147746073544,7.509102229823756e-05,0.000203291695884098,False,7.509102229823756e-05,0.000203291695884098,False,9
121,S1,leave_environment_residential,32,75,difference,1,38,37,32,871.7012234049348,871.7219485656666,9.534375021939401e-05,0.000378420524165316,False,9.534375021939401e-05,0.000378420524165316,False,8
121,S1,leave_environment_residential,32,75,raw_scores,1,38,37,32,922.1651497517772,922.1846628370971,9.167612354156693e-05,0.0003366729547521655,False,9.167612354156693e-05,0.0003366729547521655,False,9
121,S1,leave_environment_residential,32,75,random_17,1,38,37,32,1003.7310906371769,1003.7495459074951,8.6093933734537e-05,0.00028225352964367153,False,8.6093933734537e-05,0.00028225352964367153,False,8
121,S1,leave_environment_residential,32,75,random_29,1,38,37,32,967.9964556474134,968.0154586946262,8.848844239135198e-05,0.00030552095582163976,False,8.848844239135198e-05,0.00030552095582163976,False,6
121,S1,leave_environment_residential,32,75,random_43,1,38,37,32,927.7220967760144,927.7403155861434,9.128256739992167e-05,0.00033365838056258575,False,9.128256739992167e-05,0.00033365838056258575,False,9
121,S1,leave_environment_residential,32,75,difference,2,38,37,32,487.29313017985896,487.31134144265155,0.00012955782680899636,0.001226548699566969,False,0.00012955782680899636,0.001226548699566969,False,3
121,S1,leave_environment_residential,32,75,raw_scores,2,38,37,32,559.4561671019082,559.4743786841611,0.00012219768655153358,0.0009280225000493708,False,0.00012219768655153358,0.0009280225000493708,False,7
121,S1,leave_environment_residential,32,75,random_17,2,38,37,32,632.1710651847509,632.1892770891136,0.00011524888940960886,0.0007116353486402755,False,0.00011524888940960886,0.0007116353486402755,False,7
121,S1,leave_environment_residential,32,75,random_29,2,38,37,32,606.593000422803,606.6112122139513,0.00011764139930876746,0.0007818616275490118,False,0.00011764139930876746,0.0007818616275490118,False,5
121,S1,leave_environment_residential,32,75,random_43,2,38,37,32,570.1895561485763,570.2077677782738,0.00012114311605509396,0.0008777536707587938,False,0.00012114311605509396,0.0008777536707587938,False,6
122,S1,leave_environment_residential,33,113,baseline,0,38,37,33,1178.9713774924326,1178.9909263383008,0.00010262943976673904,0.00031932423416546063,False,0.00010262943976673904,0.00031932423416546063,False,8
122,S1,leave_environment_residential,33,113,difference,1,38,37,33,874.0376142831104,874.0558515186457,0.0001268546460833627,0.0005855107334602203,False,0.0001268546460833627,0.0005855107334602203,False,7
122,S1,leave_environment_residential,33,113,raw_scores,1,38,37,33,912.4407667409571,912.4620970980462,0.00012346048973520143,0.0005358311991854794,False,0.00012346048973520143,0.0005358311991854794,False,8
122,S1,leave_environment_residential,33,113,random_17,1,38,37,33,990.3605772726132,990.3826646057607,0.00011689340287682518,0.00044994873825677877,False,0.00011689340287682518,0.00044994873825677877,False,6
122,S1,leave_environment_residential,33,113,random_29,1,38,37,33,959.044995410466,959.0632099770592,0.00011948274871337005,0.00048507501371864434,False,0.00011948274871337005,0.00048507501371864434,False,8
122,S1,leave_environment_residential,33,113,random_43,1,38,37,33,924.8413301942421,924.859818137549,0.0001223874030979691,0.0005237508867028639,False,0.0001223874030979691,0.0005237508867028639,False,9
122,S1,leave_environment_residential,33,113,difference,2,38,37,33,498.65745404173776,498.6756653548938,0.00016625486291412325,0.0018416093612177939,False,0.00016625486291412325,0.0018416093612177939,False,3
122,S1,leave_environment_residential,33,113,raw_scores,2,38,37,33,558.3685391794136,558.3867507569437,0.00015916230240970784,0.0014592298463792393,False,0.00015916230240970784,0.0014592298463792393,False,4
122,S1,leave_environment_residential,33,113,random_17,2,38,37,33,621.5034605721283,621.5216724292321,0.0001520237501137326,0.0011432470055185691,False,0.0001520237501137326,0.0011432470055185691,False,4
122,S1,leave_environment_residential,33,113,random_29,2,38,37,33,599.6334121081729,599.651623868489,0.0001544555981953519,0.0012431290755893724,False,0.0001544555981953519,0.0012431290755893724,False,3
122,S1,leave_environment_residential,33,113,random_43,2,38,37,33,575.6036967523257,575.6219084060083,0.0001571774404543109,0.001342533776045931,False,0.0001571774404543109,0.001342533776045931,False,5
123,S1,leave_environment_residential,34,146,baseline,0,38,37,34,1177.578902716387,1177.6008630865695,0.00011747869981456922,0.0003895601915674212,False,0.00011747869981456922,0.0003895601915674212,False,9
123,S1,leave_environment_residential,34,146,difference,1,38,37,34,870.1858903039902,870.2041028644459,0.0001441859792034253,0.0007190263046476872,False,0.00014112039383917246,0.0006672850791597754,False,9
123,S1,leave_environment_residential,34,146,raw_scores,1,38,37,34,908.9680003924997,908.986225147341,0.00014045337031288747,0.0006582135143858801,False,0.00014045337031288747,0.0006582135143858801,False,9
123,S1,leave_environment_residential,34,146,random_17,1,38,37,34,986.1076709849186,986.1269653372613,0.0001333557775229701,0.000552202116275842,False,0.0001333557775229701,0.000552202116275842,False,8
123,S1,leave_environment_residential,34,146,random_29,1,38,37,34,960.5265402258043,960.5447578202483,0.00013566242821323157,0.0005890223070762634,False,0.00013566242821323157,0.000540340631733281,False,9
123,S1,leave_environment_residential,34,146,random_43,1,38,37,34,928.4289394627828,928.4471597964173,0.0001386223697640818,0.0006335596444259705,False,0.0001386223697640818,0.0006335596444259705,False,8
123,S1,leave_environment_residential,34,146,difference,2,38,37,34,500.2093138853797,500.22752520520766,0.00018603099251525258,0.002230767572920852,False,0.00017813171724646477,0.002230767572920852,False,4
123,S1,leave_environment_residential,34,146,raw_scores,2,38,37,34,558.7562872284028,558.7744988076336,0.00017859275932959628,0.001788498335439273,False,0.00017859275932959628,0.001788498335439273,False,7
123,S1,leave_environment_residential,34,146,random_17,2,38,37,34,623.547344399566,623.5655562657247,0.0001707395861089771,0.0013809503590052354,False,0.0001707395861089771,0.0013809503590052354,False,5
123,S1,leave_environment_residential,34,146,random_29,2,38,37,34,593.7575013913918,593.7757131256769,0.00017430201839278479,0.001544440584783447,False,0.0001701338531874829,0.0013008271186822744,False,3
123,S1,leave_environment_residential,34,146,random_43,2,38,37,34,581.997850175313,582.0160618573228,0.00017573082688822198,0.0016000447059112508,False,0.00016917504241161586,0.001521497273655569,False,5
124,S1,leave_environment_residential,35,185,baseline,0,38,37,35,1186.3764536319431,1186.3968120838167,0.00011528231554295655,0.0003766899760514949,False,0.00011528231554295655,0.0003766823617789362,False,8
124,S1,leave_environment_residential,35,185,difference,1,38,37,35,871.2966763132993,871.3160254034354,0.00014232404633605594,0.0007041692446243279,False,0.00014232404633605594,0.0006292440849835777,False,9
124,S1,leave_environment_residential,35,185,raw_scores,1,38,37,35,915.5653415639944,915.5868256033091,0.0001381098136955538,0.0006367216903948592,False,0.0001381098136955538,0.0006367216903948592,False,8
124,S1,leave_environment_residential,35,185,random_17,1,38,37,35,993.7090220992427,993.7286243157682,0.00013101848649636026,0.0005337281386514859,False,0.00013101848649636026,0.0005337281386514859,False,4
124,S1,leave_environment_residential,35,185,random_29,1,38,37,35,969.7783977884784,969.8015881562822,0.0001331439366293409,0.0005668753484874659,False,0.0001331439366293409,0.0005100527222217674,False,8
124,S1,leave_environment_residential,35,185,random_43,1,38,37,35,939.700630447834,939.7188766345968,0.0001358733549637301,0.000607049753547413,False,0.0001358733549637301,0.000607049753547413,False,8
124,S1,leave_environment_residential,35,185,difference,2,38,37,35,502.6943532073318,502.71256453815215,0.0001836565388842086,0.002161364743527455,False,0.0001836565388842086,0.002161364743527455,False,8
124,S1,leave_environment_residential,35,185,raw_scores,2,38,37,35,563.3055637352765,563.3237753346001,0.00017602747491756766,0.0017273051693191069,False,0.00017602747491756766,0.0017273051693191069,False,4
124,S1,leave_environment_residential,35,185,random_17,2,38,37,35,632.6702691141941,632.6884810207686,0.0001677211505347176,0.0013175266075301493,False,0.0001677211505347176,0.0013175266075301493,False,3
124,S1,leave_environment_residential,35,185,random_29,2,38,37,35,595.5443446507741,595.562556392975,0.0001721117573776448,0.0015046396850345062,False,0.0001721117573776448,0.0012397665663070579,False,6
124,S1,leave_environment_residential,35,185,random_43,2,38,37,35,587.8222551911281,587.8404668989408,0.0001730408644970789,0.0015379976630156603,False,0.0001730408644970789,0.0014360861835207984,False,4
125,S1,leave_environment_residential,36,238,baseline,0,38,37,36,1180.4046914788746,1180.4238672821486,0.00010186319559837941,0.0003159426097123731,False,0.00010186319559837941,0.0003159426097123731,False,9
125,S1,leave_environment_residential,36,238,difference,1,38,37,36,871.2780224343566,871.2990111018495,0.00012633173936768725,0.0005847234931067032,False,0.00012633173936768725,0.0005847234931067032,False,9
125,S1,leave_environment_residential,36,238,raw_scores,1,38,37,36,912.7452996772819,912.7644162458467,0.00012267824277575345,0.0005313644132010927,False,0.00012267824277575345,0.0005313644132010927,False,9
125,S1,leave_environment_residential,36,238,random_17,1,38,37,36,991.1216425080635,991.1402828998631,0.00011610288357034317,0.0004456987447817354,False,0.00011610288357034317,0.0004456987447817354,False,7
125,S1,leave_environment_residential,36,238,random_29,1,38,37,36,963.8777111570614,963.8984317896865,0.00011834056083896497,0.00047629590291378617,False,0.00011834056083896497,0.00047629590291378617,False,9
125,S1,leave_environment_residential,36,238,random_43,1,38,37,36,929.4770725637353,929.495285338551,0.00012123889618758793,0.0005142433367937725,False,0.00012123889618758793,0.0005142433367937725,False,6
125,S1,leave_environment_residential,36,238,difference,2,38,37,36,497.66513804759137,497.68334935612734,0.0001654640089355852,0.0018303614713240718,False,0.0001654640089355852,0.0018303614713240718,False,3
125,S1,leave_environment_residential,36,238,raw_scores,2,38,37,36,557.5031530472155,557.5213646210908,0.00015837455665960022,0.0014561723038653861,False,0.00015837455665960022,0.0014561723038653861,False,4
125,S1,leave_environment_residential,36,238,random_17,2,38,37,36,626.095691279645,626.1139031570931,0.00015065693336652092,0.0011171405066037535,False,0.00015065693336652092,0.0011171405066037535,False,3
125,S1,leave_environment_residential,36,238,random_29,2,38,37,36,598.1347870900781,598.1529988437551,0.00015375144426388635,0.0012391115395961748,False,0.00015375144426388635,0.0012391115395961748,False,3
125,S1,leave_environment_residential,36,238,random_43,2,38,37,36,581.0963165641982,581.1145282422142,0.00015567168427606037,0.0013069276627818282,False,0.00015567168427606037,0.0013069276627818282,False,4
126,S1,leave_environment_residential,37,255,baseline,0,38,37,37,1180.9330435250276,1180.952611771144,0.000114858048255869,0.0003754770806106014,False,0.000114858048255869,0.0003754770806106014,False,9
126,S1,leave_environment_residential,37,255,difference,1,38,37,37,872.8413293248336,872.8595418722126,0.00014121317007151647,0.000692676189868829,False,0.00013582115836189077,0.0006400914255211367,False,9
126,S1,leave_environment_residential,37,255,raw_scores,1,38,37,37,915.215577707454,915.2360493038067,0.0001371990418283559,0.000628106498955145,False,0.0001371990418283559,0.000628106498955145,False,7
126,S1,leave_environment_residential,37,255,random_17,1,38,37,37,991.0742388656029,991.0933059819191,0.0001303384619939152,0.0005299081753026004,False,0.0001303384619939152,0.0005299081753026004,False,7
126,S1,leave_environment_residential,37,255,random_29,1,38,37,37,960.7737062715785,960.7967649347839,0.00013302958706517192,0.0005704374725007581,False,0.00013169212784661685,0.0005192940512502505,False,8
126,S1,leave_environment_residential,37,255,random_43,1,38,37,37,929.922534860211,929.9407487590145,0.0001358370224928365,0.000612095396103591,False,0.0001358370224928365,0.000612095396103591,False,6
126,S1,leave_environment_residential,37,255,difference,2,38,37,37,500.7715398532876,500.7897511757461,0.00018277676772414538,0.0021581907458783625,False,0.00017164698134650912,0.0021094971996696056,False,4
126,S1,leave_environment_residential,37,255,raw_scores,2,38,37,37,562.9796640602441,562.9978756582767,0.00017496872160921358,0.0016975121108802021,False,0.000174235373544722,0.0016975121108802021,False,2
126,S1,leave_environment_residential,37,255,random_17,2,38,37,37,624.9350161281544,624.9532280004605,0.00016755508661185333,0.0013335725631820135,False,0.00016596016995628555,0.0013335725631820135,False,5
126,S1,leave_environment_residential,37,255,random_29,2,38,37,37,597.5396814271463,597.557893178187,0.00017078958309736775,0.001476758022885757,False,0.00016443618550643935,0.0012388149744642072,False,3
126,S1,leave_environment_residential,37,255,random_43,2,38,37,37,578.182485992697,578.2006976578043,0.0001731166185886336,0.0015694027751925607,False,0.00016309268157086479,0.0014712667339561313,False,7
127,S1,leave_environment_residential,38,289,baseline,0,38,31,38,1437.8014519702565,1437.8243523860176,0.00010658541227385409,0.00038756858520336816,False,0.00010658541227385409,0.00038756858520336816,False,7
127,S1,leave_environment_residential,38,289,difference,1,38,31,38,1055.3029504489596,1055.3258469396576,0.00012935472278215098,0.0007123484535970152,False,0.00012935472278215098,0.0006086896267395137,False,7
127,S1,leave_environment_residential,38,289,raw_scores,1,38,31,38,1110.1246499984254,1110.1607802425017,0.00012576926095340582,0.0006601125383648151,False,0.00012576926095340582,0.0006601125383648151,False,8
127,S1,leave_environment_residential,38,289,random_17,1,38,31,38,1131.5642292481261,1131.5871260342276,0.00012439917336236957,0.000631657761024163,False,0.00012439917336236957,0.0005819817866838241,False,7
127,S1,leave_environment_residential,38,289,random_29,1,38,31,38,1197.7100160062507,1197.7358913988382,0.00012027607089176994,0.0005572605984320465,False,0.00012027607089176994,0.0005419321590914417,False,9
127,S1,leave_environment_residential,38,289,random_43,1,38,31,38,1086.6067303301274,1086.630673695162,0.00012729376362388616,0.0006855598220026041,False,0.00012729376362388616,0.0006855598220026041,False,8
127,S1,leave_environment_residential,38,289,difference,2,38,31,38,587.5303176070448,587.5532125350646,0.00016504813483161768,0.002342580123322285,False,0.00016504813483161768,0.002157559184285852,False,3
127,S1,leave_environment_residential,38,289,raw_scores,2,38,31,38,652.8120848721854,652.834980089069,0.00015947252313917328,0.0018887031075604437,False,0.00015947252313917328,0.0018184682171035027,False,4
127,S1,leave_environment_residential,38,289,random_17,2,38,31,38,719.8403604824668,719.8632559961635,0.00015395985888980716,0.001565576311268299,False,0.00015395985888980716,0.001565576311268299,False,5
127,S1,leave_environment_residential,38,289,random_29,2,38,31,38,740.1598794209934,740.1827750248336,0.0001523300826768427,0.0014724355289165221,False,0.0001523300826768427,0.0013379543410257148,False,4
127,S1,leave_environment_residential,38,289,random_43,2,38,31,38,756.9875107697412,757.0104064479061,0.0001509947005226456,0.0013958569950299174,False,0.0001509947005226456,0.0013958569950299174,False,5
128,S1,leave_environment_residential,39,355,baseline,0,38,37,39,1189.0479502841781,1189.0662781343483,0.00015553299694459467,0.0005864750509679026,False,0.00011656277929033495,0.00041329212399184294,False,9
128,S1,leave_environment_residential,39,355,difference,1,38,37,39,877.6273271175711,877.6457482422205,0.00018784677314312345,0.0010872725294015623,False,0.00013466013121203526,0.0006866224085632384,False,8
128,S1,leave_environment_residential,39,355,raw_scores,1,38,37,39,919.3678266076256,919.3893361693637,0.00018309562598843173,0.0009893303992628407,False,0.0001369347572304937,0.0007323049508495247,False,6
128,S1,leave_environment_residential,39,355,random_17,1,38,37,39,990.9286176844968,990.9472738938808,0.00017526680313822423,0.0008388322529837288,False,0.00013496782323154928,0.0006091046383366788,False,7
128,S1,leave_environment_residential,39,355,random_29,1,38,37,39,968.7322130911156,968.750514904182,0.0001776534374322608,0.0008897703708373304,False,0.00013061998542555152,0.0005632156144486973,False,9
128,S1,leave_environment_residential,39,355,random_43,1,38,37,39,942.9243238150428,942.9425958062565,0.0001804753782831031,0.0009445555257577064,False,0.00013823209453424788,0.00072453544701782,False,7
128,S1,leave_environment_residential,39,355,difference,2,38,37,39,511.03337282505004,511.05158419281446,0.00023604574181386963,0.0032945679435202094,False,0.00017090947360552032,0.0020410647965095324,False,1
128,S1,leave_environment_residential,39,355,raw_scores,2,38,37,39,566.4573004064492,566.4755120196946,0.00022795600848176986,0.0026963312686334113,False,0.00017273033469650167,0.001957841276777914,False,1
128,S1,leave_environment_residential,39,355,random_17,2,38,37,39,629.2427493012476,629.2609611926376,0.00021915486518838125,0.0020779270189886408,False,0.00016534346848549503,0.0017972179337170193,False,1
128,S1,leave_environment_residential,39,355,random_29,2,38,37,39,594.6507922885055,594.6690040267479,0.00022395698525123138,0.0023677458032500976,False,0.0001637225066986719,0.0013779367236267425,False,3
128,S1,leave_environment_residential,39,355,random_43,2,38,37,39,594.9485628467476,594.9667745861308,0.00022391515979098374,0.0023498464222543617,False,0.0001623870205041028,0.0015595569765779324,False,1
129,S1,leave_environment_residential,40,396,baseline,0,38,37,40,1195.5299666716041,1195.5491699778077,0.00014946242017581138,0.0005504676696932096,False,0.0001245325162471912,0.00044805389349268025,False,9
129,S1,leave_environment_residential,40,396,difference,1,38,37,40,879.1695167787348,879.190518860541,0.0001814585662651237,0.0010284284425904834,False,0.00014356803602168304,0.0007458916152628073,False,7
129,S1,leave_environment_residential,40,396,raw_scores,1,38,37,40,923.2357017152809,923.2572125383363,0.00017655948303936734,0.0009306845106061679,False,0.00014553053580291663,0.0007803046141877367,False,8
129,S1,leave_environment_residential,40,396,random_17,1,38,37,40,997.2541629668549,997.2739401662697,0.00016866740288847004,0.0007860840531229934,False,0.00014365540914604622,0.0006574433518978162,False,8
129,S1,leave_environment_residential,40,396,random_29,1,38,37,40,975.1575743608922,975.1763984627781,0.00017098032181406603,0.0008331667951392367,False,0.00013937997366232136,0.0006119187476482145,False,9
129,S1,leave_environment_residential,40,396,random_43,1,38,37,40,948.5085554707534,948.5269409874973,0.0001738183698206509,0.0008852135604126905,False,0.00014701048999013938,0.000781721030793859,False,8
129,S1,leave_environment_residential,40,396,difference,2,38,37,40,511.72631893558156,511.74453030664944,0.00022879796335288473,0.0031087469727675773,False,0.00018103215511407607,0.0022468826451831647,False,6
129,S1,leave_environment_residential,40,396,raw_scores,2,38,37,40,569.948762698502,569.9669743273366,0.0002204644274678677,0.0025277600088073077,False,0.00018236534927378584,0.002104423977181211,False,5
129,S1,leave_environment_residential,40,396,random_17,2,38,37,40,635.960143534317,635.9783554554662,0.00021141452917550492,0.0019309135171549578,False,0.00017508816806744126,0.0019309135171549578,False,2
129,S1,leave_environment_residential,40,396,random_29,2,38,37,40,595.614074977196,595.6322867197058,0.00021689635724973279,0.0022376044705864667,False,0.00017393708675606182,0.0015082187067683335,False,3
129,S1,leave_environment_residential,40,396,random_43,2,38,37,40,596.5442547182107,596.5624664646631,0.00021676823196642558,0.0022182616020715203,False,0.00017257640888476168,0.001692944879820353,False,3
130,S4,leave_day1_out,2,89,baseline,0,13,10,2,21.123937395676517,21.1239652380007,0.00018498058445581033,0.0002603815585215146,False,0.00018498058445581033,0.0002603815585215146,False,4
130,S4,leave_day1_out,2,89,difference,1,13,10,2,15.130974482077482,15.131002304730755,0.00028841272042508384,0.0005078399232697445,False,0.00028841272042508384,0.0005078399232697445,False,4
130,S4,leave_day1_out,2,89,raw_scores,1,13,10,2,15.678969304217546,15.67899712690067,0.00027616612443344244,0.0004738592964934895,False,0.00027616612443344244,0.0004738592964934895,False,4
130,S4,leave_day1_out,2,89,random_17,1,13,10,2,16.049538993100736,16.049566816179347,0.0002682678341888098,0.000452172855045976,False,0.0002682678341888098,0.000452172855045976,False,3
130,S4,leave_day1_out,2,89,random_29,1,13,10,2,16.647437296379707,16.64746512705811,0.0002561385071308795,0.00041839513304952795,False,0.0002561385071308795,0.00041839513304952795,False,6
130,S4,leave_day1_out,2,89,random_43,1,13,10,2,16.544904007949146,16.544931831467366,0.00025816648833895667,0.00042622320855067157,False,0.00025816648833895667,0.00042622320855067157,False,3
130,S4,leave_day1_out,2,89,difference,2,13,10,2,7.477918659674217,7.477946475132199,0.0005607739265724886,0.0020431995778937297,False,0.0005607739265724886,0.0020431995778937297,False,0
130,S4,leave_day1_out,2,89,raw_scores,2,13,10,2,8.908707877979584,8.908735695021608,0.0004912890131458262,0.0014631471210178025,False,0.0004912890131458262,0.0014631471210178025,False,0
130,S4,leave_day1_out,2,89,random_17,2,13,10,2,10.076562723243693,10.076590541578692,0.0004421325414489094,0.0011574709255535434,False,0.0004421325414489094,0.0011574709255535434,False,0
130,S4,leave_day1_out,2,89,random_29,2,13,10,2,10.058816086160522,10.058843904476475,0.00044283344921199796,0.0011443144186942937,False,0.00044283344921199796,0.0011443144186942937,False,0
130,S4,leave_day1_out,2,89,random_43,2,13,10,2,10.708058777768498,10.70808659680243,0.00041805512987307445,0.0010127832538184894,False,0.00041805512987307445,0.0010127832538184894,False,0
131,S4,leave_day1_out,3,100,baseline,0,11,15,3,36.698997848640545,36.699053100871886,0.0004925164733130179,0.0009235036300530952,False,0.0004925164733130179,0.0009235036300530952,False,3
131,S4,leave_day1_out,3,100,difference,1,11,15,3,26.442820315974817,26.44287555885797,0.0006909505692764713,0.001770859696416912,False,0.0006909505692764713,0.001770859696416912,False,1
131,S4,leave_day1_out,3,100,raw_scores,1,11,15,3,29.003898310162242,29.003953555975237,0.0006331812457689393,0.0014854047651067296,False,0.0006331812457689393,0.0014854047651067296,False,3
131,S4,leave_day1_out,3,100,random_17,1,11,15,3,29.3790335574239,29.37908881471445,0.0006252301739574619,0.0014516810846485074,False,0.0006252301739574619,0.0014516810846485074,False,3
131,S4,leave_day1_out,3,100,random_29,1,11,15,3,28.829986701116567,28.830041951435234,0.0006369100384880879,0.0014939685201861013,False,0.0006369100384880879,0.0014939685201861013,False,3
131,S4,leave_day1_out,3,100,random_43,1,11,15,3,30.64589586618263,30.64595111304318,0.0005992839870861065,0.00132467089498993,False,0.0005992839870861065,0.00132467089498993,False,4
131,S4,leave_day1_out,3,100,difference,2,11,15,3,15.442486467292026,15.442541701041785,0.0010246592964918782,0.005267030105107445,False,0.0010246592964918782,0.005267030105107445,False,0
131,S4,leave_day1_out,3,100,raw_scores,2,11,15,3,16.814083016228402,16.81413825149776,0.0009740510524704601,0.0044928606298753155,False,0.0009740510524704601,0.0044928606298753155,False,0
131,S4,leave_day1_out,3,100,random_17,2,11,15,3,19.66442854709796,19.664483785521806,0.0008778600627149161,0.003216838779436503,False,0.0008778600627149161,0.003216838779436503,False,0
131,S4,leave_day1_out,3,100,random_29,2,11,15,3,16.95957497277158,16.959630208200913,0.0009688536127616122,0.0043641460977835314,False,0.0009688536127616122,0.0043641460977835314,False,0
131,S4,leave_day1_out,3,100,random_43,2,11,15,3,19.01338693439667,19.013442172098515,0.0008988142123716824,0.0034297603416743143,False,0.0008988142123716824,0.0034297603416743143,False,0
132,S4,leave_day1_out,7,128,baseline,0,10,7,7,17.3195102017308,17.31953199887383,0.0003507195252939145,0.0005454265093163217,False,0.0003507195252939145,0.0005454265093163217,False,4
132,S4,leave_day1_out,7,128,difference,1,10,7,7,12.13838718512099,12.138408910316143,0.0005387129348939405,0.0011126910537509374,False,0.0005387129348939405,0.0011126910537509374,False,5
132,S4,leave_day1_out,7,128,raw_scores,1,10,7,7,13.707053262552508,13.707074963104844,0.000470274976294117,0.000872178613605326,False,0.000470274976294117,0.000872178613605326,False,5
132,S4,leave_day1_out,7,128,random_17,1,10,7,7,14.373813118793601,14.373834762402716,0.0004445814996449431,0.0007922450267749476,False,0.0004445814996449431,0.0007922450267749476,False,5
132,S4,leave_day1_out,7,128,random_29,1,10,7,7,13.622026364830164,13.622048071229665,0.00047368828324361747,0.0008799324716133142,False,0.00047368828324361747,0.0008799324716133142,False,6
132,S4,leave_day1_out,7,128,random_43,1,10,7,7,13.806043761260009,13.806065422536896,0.00046634101915093377,0.0008589327724594562,False,0.00046634101915093377,0.0008589327724594562,False,4
132,S4,leave_day1_out,7,128,difference,2,10,7,7,7.052984107704417,7.053005744906653,0.0008659594480166599,0.0033937237434728176,False,0.0008659594480166599,0.0033937237434728176,False,0
132,S4,leave_day1_out,7,128,raw_scores,2,10,7,7,8.654639601551311,8.654661240527691,0.0007417425984166036,0.0021827714278065628,False,0.0007417425984166036,0.0021827714278065628,False,0
132,S4,leave_day1_out,7,128,random_17,2,10,7,7,8.344460048886981,8.344481687519293,0.0007640466352828765,0.002364097929769824,False,0.0007640466352828765,0.002364097929769824,False,0
132,S4,leave_day1_out,7,128,random_29,2,10,7,7,9.566334804838577,9.566356444824628,0.0006805995661421314,0.0017767509288101483,False,0.0006805995661421314,0.0017767509288101483,False,0
132,S4,leave_day1_out,7,128,random_43,2,10,7,7,8.785041278782412,8.78506291790231,0.0007326005156112316,0.0021183627445872317,False,0.0007326005156112316,0.0021183627445872317,False,0
133,S4,leave_day1_out,8,134,baseline,0,10,14,8,44.7260153937762,44.726061449217525,0.0001649624277168985,0.00021238927908868836,False,0.0001649624277168985,0.00021238927908868836,False,5
133,S4,leave_day1_out,8,134,difference,1,10,14,8,29.56087346107835,29.560919498767287,0.00029921878090240824,0.0004828673729411887,False,0.00029921878090240824,0.0004828673729411887,False,3
133,S4,leave_day1_out,8,134,raw_scores,1,10,14,8,30.78522913721661,30.785275176101813,0.00028377889755128974,0.0004445188246237051,False,0.00028377889755128974,0.0004445188246237051,False,3
133,S4,leave_day1_out,8,134,random_17,1,10,14,8,35.2381753109847,35.23822135434943,0.00023582666244937356,0.00034361803060918984,False,0.00023582666244937356,0.00034361803060918984,False,2
133,S4,leave_day1_out,8,134,random_29,1,10,14,8,36.09756486256643,36.09761090764666,0.00022785470253663782,0.00032739356920636866,False,0.00022785470253663782,0.00032739356920636866,False,1
133,S4,leave_day1_out,8,134,random_43,1,10,14,8,31.474968790391404,31.47501485266793,0.00027554504687140637,0.00042517394928119254,False,0.00027554504687140637,0.00042517394928119254,False,4
133,S4,leave_day1_out,8,134,difference,2,10,14,8,14.559663933156262,14.559709957694174,0.000617408811388071,0.001989209757711622,False,0.000617408811388071,0.001989209757711622,False,0
133,S4,leave_day1_out,8,134,raw_scores,2,10,14,8,17.211657589966926,17.211703617441927,0.0005378569685429754,0.0013956003021491973,False,0.0005378569685429754,0.0013956003021491973,False,0
133,S4,leave_day1_out,8,134,random_17,2,10,14,8,22.407927472364882,22.40797350559297,0.00041542564543545305,0.0008455541584324182,False,0.00041542564543545305,0.0008455541584324182,False,0
133,S4,leave_day1_out,8,134,random_29,2,10,14,8,20.33877821827916,20.338824249216593,0.0004595208003315234,0.0010338211018952833,False,0.0004595208003315234,0.0010338211018952833,False,0
133,S4,leave_day1_out,8,134,random_43,2,10,14,8,18.471326191874933,18.4713722207423,0.0005044570876660068,0.0012307340371731873,False,0.0005044570876660068,0.0012307340371731873,False,0
134,S4,leave_day1_out,9,159,baseline,0,15,9,9,46.4810179902893,46.48107753964874,0.000936491083077519,0.0018616394667087628,False,0.000936491083077519,0.0018616394667087628,False,7
134,S4,leave_day1_out,9,159,difference,1,15,9,9,31.28523306840697,31.285292610135045,0.0013624471790875203,0.004155652016398903,False,0.0013624471790875203,0.004155652016398903,False,2
134,S4,leave_day1_out,9,159,raw_scores,1,15,9,9,32.50773129019936,32.50779082993137,0.0013203588683309213,0.003818106866231193,False,0.0013203588683309213,0.003818106866231193,False,2
134,S4,leave_day1_out,9,159,random_17,1,15,9,9,36.1461226714336,36.146182211984566,0.0012040980179696837,0.00305998087402474,False,0.0012040980179696837,0.00305998087402474,False,4
134,S4,leave_day1_out,9,159,random_29,1,15,9,9,37.75502515662732,37.75508469869107,0.0011566970669488735,0.0028391702595914896,False,0.0011566970669488735,0.0028391702595914896,False,2
134,S4,leave_day1_out,9,159,random_43,1,15,9,9,34.18207045521638,34.18213000489607,0.0012652346896727257,0.0034448649330516457,False,0.0012652346896727257,0.0034448649330516457,False,8
134,S4,leave_day1_out,9,159,difference,2,15,9,9,17.11687226831425,17.11693179201921,0.0019862200000084784,0.014735914283341447,False,0.0019862200000084784,0.014735914283341447,False,0
134,S4,leave_day1_out,9,159,raw_scores,2,15,9,9,18.59863820463553,18.598697729982483,0.001907518438677405,0.011621586953749782,False,0.001907518438677405,0.011621586953749782,False,0
134,S4,leave_day1_out,9,159,random_17,2,15,9,9,23.77028922727103,23.77034875834354,0.0016592880486484519,0.006910549552628958,False,0.0016592880486484519,0.006910549552628958,False,0
134,S4,leave_day1_out,9,159,random_29,2,15,9,9,20.564107989604704,20.564167517127554,0.0018084944896835048,0.009513251603794274,False,0.0018084944896835048,0.009513251603794274,False,0
134,S4,leave_day1_out,9,159,random_43,2,15,9,9,22.867715573507372,22.867775103579227,0.0016998091084936778,0.007717102072961351,False,0.0016998091084936778,0.007717102072961351,False,0
135,S4,leave_day1_out,10,1,baseline,0,11,10,10,44.71373594410855,44.71378503339161,0.00015819140487102035,0.0002081184779276715,False,0.00015819140487102035,0.0002081184779276715,False,7
135,S4,leave_day1_out,10,1,difference,1,11,10,10,28.592432335216497,28.592481438605137,0.0002941062834045302,0.0005040211271353921,False,0.0002813612214831357,0.0004345907280245523,False,6
135,S4,leave_day1_out,10,1,raw_scores,1,11,10,10,32.380897597377675,32.38094667576648,0.0002511183513382777,0.000394897895384036,False,0.0002511183513382777,0.000394897895384036,False,8
135,S4,leave_day1_out,10,1,random_17,1,11,10,10,31.07730517363785,31.077354250629444,0.0002649134522690563,0.0004292128507669486,False,0.0002649134522690563,0.00040034195555788073,False,3
135,S4,leave_day1_out,10,1,random_29,1,11,10,10,35.3940370550545,35.39408613745121,0.00022270167069965804,0.00033284341364707177,False,0.00022270167069965804,0.00033284341364707177,False,2
135,S4,leave_day1_out,10,1,random_43,1,11,10,10,32.670750095001466,32.670799174709174,0.0002481812930357589,0.0003890654898088138,False,0.0002481812930357589,0.0003890654898088138,False,4
135,S4,leave_day1_out,10,1,difference,2,11,10,10,14.476866959170637,14.476916021480578,0.0005681873246943031,0.0019510731152331783,False,0.0005299004277267083,0.0013251621125637287,False,0
135,S4,leave_day1_out,10,1,raw_scores,2,11,10,10,19.301778763870555,19.301827831524992,0.00044824293394845753,0.0011176713851338952,False,0.00044824293394845753,0.0011176713851338952,False,0
135,S4,leave_day1_out,10,1,random_17,2,11,10,10,19.83472430523846,19.834773373481205,0.0004369755176281393,0.0010413500057212999,False,0.0004369755176281393,0.0009534988578373843,False,0
135,S4,leave_day1_out,10,1,random_29,2,11,10,10,17.123157332139503,17.123206397380155,0.0004981769484675199,0.0014276658939054506,False,0.0004981769484675199,0.0013620898532994302,False,0
135,S4,leave_day1_out,10,1,random_43,2,11,10,10,19.990151944752014,19.990201013166054,0.00043375556906549375,0.001039281396097484,False,0.00043375556906549375,0.001039281396097484,False,0
136,S4,leave_day1_out,11,17,baseline,0,15,9,11,47.29831851276537,47.29837806511505,0.0003210929789064917,0.0004914266637722546,False,0.0003210929789064917,0.0004914266637722546,False,7
136,S4,leave_day1_out,11,17,difference,1,15,9,11,32.340929623699296,32.34098916040697,0.0005088739036243875,0.0010541031369763808,False,0.0005088739036243875,0.0010541031369763808,False,2
136,S4,leave_day1_out,11,17,raw_scores,1,15,9,11,33.879743580193285,33.879803122394215,0.0004838775627018058,0.0009584980855391437,False,0.0004838775627018058,0.0009584980855391437,False,3
136,S4,leave_day1_out,11,17,random_17,1,15,9,11,36.72674697855922,36.72680652171153,0.00044162527116511685,0.0008127346066768744,False,0.00044162527116511685,0.0008127346066768744,False,4
136,S4,leave_day1_out,11,17,random_29,1,15,9,11,38.40168553593712,38.40174507868063,0.00041897535122119094,0.0007473812756344976,False,0.00041897535122119094,0.0007473812756344976,False,2
136,S4,leave_day1_out,11,17,random_43,1,15,9,11,35.7433905255258,35.743450093753694,0.0004556630934622602,0.0008626406756329487,False,0.0004556630934622602,0.0008626406756329487,False,3
136,S4,leave_day1_out,11,17,difference,2,15,9,11,16.9623699986131,16.96242952214859,0.0008725464294387574,0.003940959111825061,False,0.0008725464294387574,0.003940959111825061,False,0
136,S4,leave_day1_out,11,17,raw_scores,2,15,9,11,18.951723746128224,18.951783271866073,0.0008110130001190332,0.003084039204313547,False,0.0008110130001190332,0.003084039204313547,False,0
136,S4,leave_day1_out,11,17,random_17,2,15,9,11,25.45455258117648,25.454612114114372,0.0006428381285892449,0.0016802395554654404,False,0.0006428381285892449,0.0016802395554654404,False,0
136,S4,leave_day1_out,11,17,random_29,2,15,9,11,21.603615716778336,21.603675245452482,0.0007367344426528283,0.0023486529019198146,False,0.0007367344426528283,0.0023486529019198146,False,0
136,S4,leave_day1_out,11,17,random_43,2,15,9,11,23.225151969169417,23.22521149963714,0.000695304359403599,0.002046831844040089,False,0.000695304359403599,0.002046831844040089,False,0
137,S4,leave_day1_out,13,39,baseline,0,10,13,13,24.037890617185845,24.03791844924579,0.00023158942480991596,0.000326370368331602,False,0.00023158942480991596,0.000326370368331602,False,3
137,S4,leave_day1_out,13,39,difference,1,10,13,13,16.8773836395945,16.877411463459566,0.00037078112760305636,0.0006580293034018484,False,0.00037078112760305636,0.0006580293034018484,False,4
137,S4,leave_day1_out,13,39,raw_scores,1,10,13,13,17.187606989125907,17.187634813301777,0.0003627310142458062,0.0006352925066399864,False,0.0003627310142458062,0.0006352925066399864,False,4
137,S4,leave_day1_out,13,39,random_17,1,10,13,13,17.703405926218746,17.70343375091432,0.0003498436087624282,0.0006002583362596216,False,0.0003498436087624282,0.0006002583362596216,False,3
137,S4,leave_day1_out,13,39,random_29,1,10,13,13,19.41358202300747,19.41360984939032,0.0003111859805768132,0.000501352677834907,False,0.0003111859805768132,0.000501352677834907,False,3
137,S4,leave_day1_out,13,39,random_43,1,10,13,13,18.537634173779434,18.537661999357574,0.00033024101133592054,0.0005454945608064114,False,0.00033024101133592054,0.0005454945608064114,False,2
137,S4,leave_day1_out,13,39,difference,2,10,13,13,8.76778234112702,8.767810158012656,0.0006922789611286602,0.002422638215242201,False,0.0006922789611286602,0.002422638215242201,False,0
137,S4,leave_day1_out,13,39,raw_scores,2,10,13,13,9.23804553974046,9.238073357147668,0.0006659838472292145,0.0021915496247835982,False,0.0006659838472292145,0.0021915496247835982,False,0
137,S4,leave_day1_out,13,39,random_17,2,10,13,13,10.515893078501081,10.515920897322658,0.0006003353330029362,0.0016862695461994433,False,0.0006003353330029362,0.0016862695461994433,False,0
137,S4,leave_day1_out,13,39,random_29,2,10,13,13,11.04364430909976,11.043672128506449,0.0005755180378399017,0.0015440993912199188,False,0.0005755180378399017,0.0015440993912199188,False,0
137,S4,leave_day1_out,13,39,random_43,2,10,13,13,12.85382473829116,12.853852559701599,0.0004994241974751718,0.0011370457782633955,False,0.0004994241974751718,0.0011370457782633955,False,0
138,S4,leave_day1_out,14,68,baseline,0,14,15,14,64.70140617650115,64.70148861405414,0.0005173451806083292,0.0008963691318193444,False,0.0005173451806083292,0.0008963691318193444,False,4
138,S4,leave_day1_out,14,68,difference,1,14,15,14,46.61969110106768,46.61977354892356,0.0007420089235626957,0.0017337289647919498,False,0.0007420089235626957,0.0017337289647919498,False,6
138,S4,leave_day1_out,14,68,raw_scores,1,14,15,14,46.89061170881483,46.89069413110654,0.0007378155033581619,0.0017138855021969414,False,0.0007378155033581619,0.0017138855021969414,False,3
138,S4,leave_day1_out,14,68,random_17,1,14,15,14,49.387897737574356,49.387980159179044,0.0007005207621043462,0.0015345480642087893,False,0.0007005207621043462,0.0015345480642087893,False,0
138,S4,leave_day1_out,14,68,random_29,1,14,15,14,52.01158526810905,52.011667859937184,0.0006638508951697622,0.0013748965722303118,False,0.0006638508951697622,0.0013748965722303118,False,5
138,S4,leave_day1_out,14,68,random_43,1,14,15,14,50.056429099873064,50.056511551809656,0.0006909398471799344,0.0014992956486644608,False,0.0006909398471799344,0.0014992956486644608,False,4
138,S4,leave_day1_out,14,68,difference,2,14,15,14,24.250270742103215,24.250353141398186,0.0012149250294871987,0.006333852739488197,False,0.0012149250294871987,0.006333852739488197,False,0
138,S4,leave_day1_out,14,68,raw_scores,2,14,15,14,27.453938677190287,27.45402108003382,0.0011289609100431585,0.004984111427085183,False,0.0011289609100431585,0.004984111427085183,False,0
138,S4,leave_day1_out,14,68,random_17,2,14,15,14,30.895101682694452,30.89518408934701,0.0010443570842242644,0.004016893441307806,False,0.0010443570842242644,0.004016893441307806,False,0
138,S4,leave_day1_out,14,68,random_29,2,14,15,14,28.0858419337559,28.085924337298902,0.001112844197515698,0.004670665959634122,False,0.001112844197515698,0.004670665959634122,False,0
138,S4,leave_day1_out,14,68,random_43,2,14,15,14,32.85434684933606,32.85442925815714,0.0009995106680784395,0.0034266848811494582,False,0.0009995106680784395,0.0034266848811494582,False,0
139,S4,leave_day1_out,15,73,baseline,0,15,14,15,62.36477675531804,62.364859187665,3.7335385342634294e-05,4.422900340083491e-05,False,3.7335385342634294e-05,4.422900340083491e-05,False,5
139,S4,leave_day1_out,15,73,difference,1,15,14,15,45.45890421441385,45.458986631954666,6.225763974490536e-05,8.331649342825808e-05,False,6.225763974490536e-05,8.331649342825808e-05,False,3
139,S4,leave_day1_out,15,73,raw_scores,1,15,14,15,46.245294722230135,46.24537714127322,6.0645001677910137e-05,8.03653106875656e-05,False,6.0645001677910137e-05,8.03653106875656e-05,False,3
139,S4,leave_day1_out,15,73,random_17,1,15,14,15,49.4492477500894,49.44933018870425,5.464086374853511e-05,7.036809981035226e-05,False,5.464086374853511e-05,7.036809981035226e-05,False,5
139,S4,leave_day1_out,15,73,random_29,1,15,14,15,50.28539147633362,50.285473902182225,5.3210755613960786e-05,6.80938465492091e-05,False,5.3210755613960786e-05,6.80938465492091e-05,False,4
139,S4,leave_day1_out,15,73,random_43,1,15,14,15,48.801756558512864,48.80183897968656,5.5785386661160686e-05,7.221594498338898e-05,False,5.5785386661160686e-05,7.221594498338898e-05,False,4
139,S4,leave_day1_out,15,73,difference,2,15,14,15,24.119432698409298,24.11951509756363,0.00014182531500686913,0.0002949589136972085,False,0.00014182531500686913,0.0002949589136972085,False,0
139,S4,leave_day1_out,15,73,raw_scores,2,15,14,15,28.302194354148554,28.302276757933818,0.0001185423148308368,0.00021468445307574978,False,0.0001185423148308368,0.00021468445307574978,False,0
139,S4,leave_day1_out,15,73,random_17,2,15,14,15,31.46512209376975,31.46520450105363,0.00010413189222187449,0.00017284743172672965,False,0.00010413189222187449,0.00017284743172672965,False,0
139,S4,leave_day1_out,15,73,random_29,2,15,14,15,28.636863767715358,28.636946171868637,0.00011689921829540575,0.00021014912167002973,False,0.00011689921829540575,0.00021014912167002973,False,0
139,S4,leave_day1_out,15,73,random_43,2,15,14,15,32.86545652795302,32.865538936786386,9.848540649599178e-05,0.0001595225867434077,False,9.848540649599178e-05,0.0001595225867434077,False,0
140,S4,leave_day3_out,2,248,baseline,0,2,15,2,35.665641325251926,35.665690661057575,6.128190940798711e-06,6.6456138614908875e-06,False,6.128190940798711e-06,6.6456138614908875e-06,False,4
140,S4,leave_day3_out,2,248,difference,1,2,15,2,25.8078783762317,25.807927711713493,1.1032909114635129e-05,1.2646243285063015e-05,False,1.1032909114635129e-05,1.2646243285063015e-05,False,3
140,S4,leave_day3_out,2,248,raw_scores,1,2,15,2,28.271564071383274,28.27161341095209,9.380328671735602e-06,1.0537004082405296e-05,False,9.380328671735602e-06,1.0537004082405296e-05,False,4
140,S4,leave_day3_out,2,248,random_17,1,2,15,2,28.231415044695478,28.231464373873624,9.404300994492233e-06,1.056632407853544e-05,False,9.404300994492233e-06,1.056632407853544e-05,False,3
140,S4,leave_day3_out,2,248,random_29,1,2,15,2,27.0167689458257,27.01681827377102,1.0173598564336562e-05,1.153435965417127e-05,False,1.0173598564336562e-05,1.153435965417127e-05,False,5
140,S4,leave_day3_out,2,248,random_43,1,2,15,2,27.057764110486783,27.057813444070035,1.0146174264370423e-05,1.150486785235163e-05,False,1.0146174264370423e-05,1.150486785235163e-05,False,3
140,S4,leave_day3_out,2,248,difference,2,2,15,2,13.734606631446047,13.734655947935664,3.031844589088271e-05,4.439040406644047e-05,False,3.031844589088271e-05,4.439040406644047e-05,False,0
140,S4,leave_day3_out,2,248,raw_scores,2,2,15,2,16.275154514053156,16.275203833356723,2.363588004712703e-05,3.166535216727054e-05,False,2.363588004712703e-05,3.166535216727054e-05,False,0
140,S4,leave_day3_out,2,248,random_17,2,2,15,2,16.34444462207103,16.34449394144856,2.3483261090797076e-05,3.144988484993192e-05,False,2.3483261090797076e-05,3.144988484993192e-05,False,0
140,S4,leave_day3_out,2,248,random_29,2,2,15,2,14.88168108132135,14.881730399079899,2.7018251442235578e-05,3.7798725239995526e-05,False,2.7018251442235578e-05,3.7798725239995526e-05,False,0
140,S4,leave_day3_out,2,248,random_43,2,2,15,2,16.071710687558866,16.071760006633486,2.4091977671552813e-05,3.24646413686152e-05,False,2.4091977671552813e-05,3.24646413686152e-05,False,0
141,S4,leave_day3_out,3,274,baseline,0,14,3,3,28.613325542908672,28.61336683365605,0.0034107876523619797,0.012203500104046751,False,0.0027212781589832746,0.006947374107852805,False,3
141,S4,leave_day3_out,3,274,difference,1,14,3,3,21.10045518877473,21.100494749321285,0.004126801069211996,0.021318581194894177,False,0.0032890266864802216,0.010752107068298941,False,2
141,S4,leave_day3_out,3,274,raw_scores,1,14,3,3,22.596400418514143,22.596439980530903,0.003971376226033908,0.019260375998173616,False,0.003387202998782101,0.012254118711957864,False,5
141,S4,leave_day3_out,3,274,random_17,1,14,3,3,22.32128477193434,22.321324333719044,0.003999451748356291,0.020021136114372732,False,0.0032980869586126484,0.011149589747319357,False,2
141,S4,leave_day3_out,3,274,random_29,1,14,3,3,22.102968820571913,22.103008382090394,0.004021892381082385,0.01966001770338524,False,0.0033512565643126642,0.011850978553720628,False,4
141,S4,leave_day3_out,3,274,random_43,1,14,3,3,22.18290949231351,22.182949053947503,0.004013658653985519,0.019977462202040767,False,0.0033437503333662833,0.01121209481708915,False,0
141,S4,leave_day3_out,3,274,difference,2,14,3,3,12.08273060362801,12.082770156731856,0.005221347740786985,0.07006801274645791,False,0.0043856088246208924,0.027923711381057564,False,0
141,S4,leave_day3_out,3,274,raw_scores,2,14,3,3,13.15598574696828,13.156025301257529,0.005075687664752273,0.05651140283857847,False,0.004539288368401953,0.036753617476957635,False,0
141,S4,leave_day3_out,3,274,random_17,2,14,3,3,13.604325248624836,13.604364803409643,0.005016151023800433,0.05110126485372858,False,0.00435389744520437,0.02906803830486307,False,0
141,S4,leave_day3_out,3,274,random_29,2,14,3,3,14.38177143460052,14.381810990247235,0.004914707788775365,0.04333124675482066,False,0.004297795708412508,0.02761024098040098,False,0
141,S4,leave_day3_out,3,274,random_43,2,14,3,3,13.934632803829942,13.934672358979892,0.004972774990108728,0.05013236800418522,False,0.0046094057997108796,0.03833383680751611,False,0
142,S4,leave_day3_out,7,292,baseline,0,7,11,7,32.45729403225206,32.45733470160436,0.0007297470569994345,0.0013547164148166686,False,0.0007297470569994345,0.0013547164148166686,False,4
142,S4,leave_day3_out,7,292,difference,1,7,11,7,22.567366476644917,22.567407134037122,0.0010551403662989623,0.002807353395423062,False,0.0010551403662989623,0.002807353395423062,False,0
142,S4,leave_day3_out,7,292,raw_scores,1,7,11,7,25.29784323210403,25.29788389398275,0.0009497273836229665,0.002252263248903318,False,0.0009497273836229665,0.002252263248903318,False,3
142,S4,leave_day3_out,7,292,random_17,1,7,11,7,26.521972130220924,26.52201279161668,0.0009067135698989423,0.002004015772922777,False,0.0009067135698989423,0.002004015772922777,False,1
142,S4,leave_day3_out,7,292,random_29,1,7,11,7,27.32598951662705,27.32603017876586,0.0008797806656837397,0.00192122841288516,False,0.0008797806656837397,0.00192122841288516,False,3
142,S4,leave_day3_out,7,292,random_43,1,7,11,7,25.85669090337192,25.856731564906077,0.0009297821939383849,0.002122398510134296,False,0.0009297821939383849,0.002122398510134296,False,1
142,S4,leave_day3_out,7,292,difference,2,7,11,7,13.349568830459303,13.349609480402687,0.0015318202913380617,0.007793390680897291,False,0.0015318202913380617,0.007793390680897291,False,0
142,S4,leave_day3_out,7,292,raw_scores,2,7,11,7,16.766015752790366,16.766056406516217,0.001330287123183034,0.005039471284161018,False,0.001330287123183034,0.005039471284161018,False,0
142,S4,leave_day3_out,7,292,random_17,2,7,11,7,17.924028478762345,17.92406913376998,0.0012691065920114935,0.004440040352276871,False,0.0012691065920114935,0.004440040352276871,False,0
142,S4,leave_day3_out,7,292,random_29,2,7,11,7,18.810439624418944,18.810480280409195,0.0012245123874179437,0.003950831624248772,False,0.0012245123874179437,0.003950831624248772,False,0
142,S4,leave_day3_out,7,292,random_43,2,7,11,7,16.294070854652578,16.294111507854275,0.001356209154112709,0.005431673548371098,False,0.001356209154112709,0.005431673548371098,False,0
143,S4,leave_day3_out,8,320,baseline,0,14,9,8,46.16232589650569,46.162381792629915,3.1432905389992226e-07,3.793074851804688e-07,False,3.1432905389992226e-07,3.793074851804688e-07,False,3
143,S4,leave_day3_out,8,320,difference,1,14,9,8,34.024367913307465,34.02442379880973,5.721619905445459e-07,6.482052743724777e-07,False,5.721619905445459e-07,6.482052743724777e-07,False,5
143,S4,leave_day3_out,8,320,raw_scores,1,14,9,8,35.43325389705523,35.433309783900185,5.285679418518285e-07,6.023313210680345e-07,False,5.285679418518285e-07,6.023313210680345e-07,False,6
143,S4,leave_day3_out,8,320,random_17,1,14,9,8,36.002041459223925,36.0020973488421,5.123594079972534e-07,5.85187901362704e-07,False,5.123594079972534e-07,5.85187901362704e-07,False,2
143,S4,leave_day3_out,8,320,random_29,1,14,9,8,35.10744475933077,35.10750064579831,5.381985648513802e-07,6.124743400570035e-07,False,5.381985648513802e-07,6.124743400570035e-07,False,5
143,S4,leave_day3_out,8,320,random_43,1,14,9,8,35.643415219449345,35.64347110777619,5.224912662047221e-07,5.95877813482636e-07,False,5.224912662047221e-07,5.95877813482636e-07,False,2
143,S4,leave_day3_out,8,320,difference,2,14,9,8,20.104704656857454,20.10476053101226,1.5684207311293195e-06,1.7446076743516316e-06,False,1.5684207311293195e-06,1.7446076743516316e-06,False,0
143,S4,leave_day3_out,8,320,raw_scores,2,14,9,8,22.26280272206068,22.262858598605053,1.2947066621668294e-06,1.4341559108268805e-06,False,1.2947066621668294e-06,1.4341559108268805e-06,False,0
143,S4,leave_day3_out,8,320,random_17,2,14,9,8,22.101061957955483,22.101117834320043,1.3126817999863825e-06,1.4544565795740928e-06,False,1.3126817999863825e-06,1.4544565795740928e-06,False,0
143,S4,leave_day3_out,8,320,random_29,2,14,9,8,22.032249335057063,22.032305211346632,1.3204409182843884e-06,1.463300389848432e-06,False,1.3204409182843884e-06,1.463300389848432e-06,False,0
143,S4,leave_day3_out,8,320,random_43,2,14,9,8,23.072598053649703,23.072653931089313,1.2099420711026967e-06,1.3398233825159712e-06,False,1.2099420711026967e-06,1.3398233825159712e-06,False,0
144,S4,leave_day3_out,9,328,baseline,0,15,11,9,36.529085548142014,36.52914072729308,0.0004464913818335586,0.0007959249240739589,False,0.0004464913818335586,0.0007959249240739589,False,4
144,S4,leave_day3_out,9,328,difference,1,15,11,9,25.233769231107264,25.233824399142588,0.0006597900744869861,0.0016586972570206862,False,0.0006597900744869861,0.0016586972570206862,False,5
144,S4,leave_day3_out,9,328,raw_scores,1,15,11,9,27.51241022142349,27.51246539153837,0.0006078326448800425,0.0013932649004340322,False,0.0006078326448800425,0.0013932649004340322,False,5
144,S4,leave_day3_out,9,328,random_17,1,15,11,9,28.42015966286443,28.420214836616115,0.0005885561329059027,0.0013202376161282243,False,0.0005885561329059027,0.0013202376161282243,False,6
144,S4,leave_day3_out,9,328,random_29,1,15,11,9,29.295785224645748,29.29584039669117,0.0005706811895006452,0.0012446797929342825,False,0.0005706811895006452,0.0012446797929342825,False,4
144,S4,leave_day3_out,9,328,random_43,1,15,11,9,30.770538346570937,30.7705935256167,0.0005420917502504694,0.0011294495476437429,False,0.0005420917502504694,0.0011294495476437429,False,5
144,S4,leave_day3_out,9,328,difference,2,15,11,9,14.56508848826746,14.565143647117043,0.0009879925842662131,0.004976626697563509,False,0.0009879925842662131,0.004976626697563509,False,0
144,S4,leave_day3_out,9,328,raw_scores,2,15,11,9,16.244561079755172,16.244616240464453,0.0009253424102656246,0.003998108982392426,False,0.0009253424102656246,0.003998108982392426,False,0
144,S4,leave_day3_out,9,328,random_17,2,15,11,9,19.44661959979645,19.4466747640509,0.0008182385566241172,0.0028067539444165054,False,0.0008182385566241172,0.0028067539444165054,False,0
144,S4,leave_day3_out,9,328,random_29,2,15,11,9,17.448695473529266,17.448750635572146,0.0008832455571193852,0.003512557571798071,False,0.0008832455571193852,0.003512557571798071,False,0
144,S4,leave_day3_out,9,328,random_43,2,15,11,9,17.176740423828942,17.17679558556847,0.0008925548917842629,0.0035927164503343455,False,0.0008925548917842629,0.0035927164503343455,False,0
145,S4,leave_day3_out,10,172,baseline,0,9,10,10,30.897930566783817,30.897970346410197,0.0010344425223646483,0.002050833894921556,False,0.0007943254435489916,0.0014706028713307752,False,3
145,S4,leave_day3_out,10,172,difference,1,9,10,10,21.033786164858814,21.033825928858402,0.0014965470017932454,0.004447923752105709,False,0.0010837113207418988,0.0026413768975800736,False,3
145,S4,leave_day3_out,10,172,raw_scores,1,9,10,10,23.15486449392863,23.154904290015747,0.0013784973017420773,0.003672708055665093,False,0.0010956485581030467,0.002688239654759606,False,3
145,S4,leave_day3_out,10,172,random_17,1,9,10,10,23.06617297324363,23.066212740027574,0.0013832013214168447,0.003702727175898908,False,0.0010063734163444917,0.0022538616354624424,False,2
145,S4,leave_day3_out,10,172,random_29,1,9,10,10,24.023414212753558,24.023453983382527,0.001333450662685153,0.0033274710363398576,False,0.001034034129917491,0.0023654016403936414,False,4
145,S4,leave_day3_out,10,172,random_43,1,9,10,10,24.97037088133064,24.97041066138415,0.0012863807959297476,0.0031748267595100754,False,0.0009912562019203535,0.0022402867321750335,False,4
145,S4,leave_day3_out,10,172,difference,2,9,10,10,12.447407238774188,12.447446995829614,0.0021154999778764763,0.012773382880953484,False,0.001415171740909425,0.0051099056123442635,False,0
145,S4,leave_day3_out,10,172,raw_scores,2,9,10,10,14.192807303122036,14.192847062110808,0.0019686643426168045,0.00934295669849079,False,0.0015666978685563173,0.006684745554803875,False,0
145,S4,leave_day3_out,10,172,random_17,2,9,10,10,15.14929213488151,15.14933189492912,0.001893157053139034,0.00857576851396834,False,0.0015493337653513467,0.006461428452132742,False,0
145,S4,leave_day3_out,10,172,random_29,2,9,10,10,15.103997013560154,15.104036773558464,0.001896656661686852,0.00846854511160609,False,0.0015655991785052633,0.00674671503567271,False,0
145,S4,leave_day3_out,10,172,random_43,2,9,10,10,17.800855713846246,17.800895476829872,0.001700776912673105,0.00618872760078935,False,0.0013902039619017397,0.004805520293462499,False,0
146,S4,leave_day3_out,11,184,baseline,0,15,11,11,36.665125998204374,36.66518117612518,0.0007641463641323076,0.0015735148788124807,False,0.0007641463641323076,0.0014923058380888392,False,4
146,S4,leave_day3_out,11,184,difference,1,15,11,11,24.24926711128877,24.249322279831844,0.0011153529298071527,0.0035616392830935665,False,0.0010412586285758053,0.002344252995938435,False,4
146,S4,leave_day3_out,11,184,raw_scores,1,15,11,11,27.65232758472018,27.652382756766716,0.001002270282332667,0.0027488650449797323,False,0.001002270282332667,0.0026854400623855185,False,6
146,S4,leave_day3_out,11,184,random_17,1,15,11,11,28.440052967660357,28.440108145476312,0.000978102494372736,0.0026179729870895426,False,0.000978102494372736,0.002315996295525724,False,3
146,S4,leave_day3_out,11,184,random_29,1,15,11,11,29.59239544664652,29.592450620349023,0.000944015748455211,0.0024186374448164866,False,0.000944015748455211,0.0023338670533672246,False,4
146,S4,leave_day3_out,11,184,random_43,1,15,11,11,31.250150445391494,31.250205637249927,0.000897498219375623,0.0021877930359215166,False,0.000897498219375623,0.0021877930359215166,False,2
146,S4,leave_day3_out,11,184,difference,2,15,11,11,13.648590359961435,13.648645517796664,0.001577134735510616,0.011146294995111024,False,0.0015701054264181864,0.00629700251012179,False,0
146,S4,leave_day3_out,11,184,raw_scores,2,15,11,11,15.604852357012204,15.604907517012466,0.0014774882582712222,0.008509158313554116,False,0.0014774882582712222,0.007440127192067298,False,0
146,S4,leave_day3_out,11,184,random_17,2,15,11,11,19.66426933834704,19.664324502842543,0.0012926785440558748,0.0054512159638553746,False,0.0012926785440558748,0.0054512159638553746,False,0
146,S4,leave_day3_out,11,184,random_29,2,15,11,11,17.22325345847587,17.223308620269066,0.0014004037869663393,0.007163846017167398,False,0.0014004037869663393,0.005800129304363087,False,0
146,S4,leave_day3_out,11,184,random_43,2,15,11,11,16.959039642176315,16.959094803674727,0.001412669928381185,0.007176658521684077,False,0.001412669928381185,0.004856009786893299,False,0
147,S4,leave_day3_out,13,199,baseline,0,15,2,13,34.77031495756836,34.77036429253527,0.0004341813838548087,0.0007389049260093896,False,0.0004341813838548087,0.0007389049260093896,False,2
147,S4,leave_day3_out,13,199,difference,1,15,2,13,24.904718782428912,24.904768109699166,0.0006269451971768577,0.0014305893611653486,False,0.0006269451971768577,0.0014305893611653486,False,1
147,S4,leave_day3_out,13,199,raw_scores,1,15,2,13,27.554591860816114,27.554641191877405,0.0005659547513326337,0.0011721743640555858,False,0.0005659547513326337,0.0011721743640555858,False,3
147,S4,leave_day3_out,13,199,random_17,1,15,2,13,26.29477340575686,26.294822735735654,0.0005939771225387726,0.0012801231270749085,False,0.0005939771225387726,0.0012801231270749085,False,5
147,S4,leave_day3_out,13,199,random_29,1,15,2,13,25.75771516956275,25.757764496362196,0.0006064517252234571,0.0013417897523488218,False,0.0006064517252234571,0.0013417897523488218,False,3
147,S4,leave_day3_out,13,199,random_43,1,15,2,13,27.285893832264765,27.285943160826747,0.0005717894105397759,0.0011949616037232628,False,0.0005717894105397759,0.0011949616037232628,False,5
147,S4,leave_day3_out,13,199,difference,2,15,2,13,14.008040429998081,14.00808974679066,0.0009802936090852704,0.004543765684714028,False,0.0009802936090852704,0.004543765684714028,False,0
147,S4,leave_day3_out,13,199,raw_scores,2,15,2,13,15.634734427025556,15.634783745619588,0.0009147919751349604,0.0036637439620991813,False,0.0009147919751349604,0.0036637439620991813,False,0
147,S4,leave_day3_out,13,199,random_17,2,15,2,13,15.841168206224134,15.841217525044271,0.0009068484187007693,0.00343905997812121,False,0.0009068484187007693,0.00343905997812121,False,0
147,S4,leave_day3_out,13,199,random_29,2,15,2,13,14.997240326672602,14.997289644559133,0.0009398388152296858,0.004000782326231898,False,0.0009398388152296858,0.004000782326231898,False,0
147,S4,leave_day3_out,13,199,random_43,2,15,2,13,16.10800733145396,16.108056650568777,0.0008966994746504201,0.00350808371651801,False,0.0008966994746504201,0.00350808371651801,False,0
148,S4,leave_day3_out,14,214,baseline,0,14,10,14,36.83832559984693,36.83837271130066,0.0005050630497431562,0.000862915764807258,False,0.0005050630497431562,0.000862915764807258,False,5
148,S4,leave_day3_out,14,214,difference,1,14,10,14,24.632198192286005,24.63224529022058,0.0007856792613361173,0.0019311311041653406,False,0.0007856792613361173,0.0019311311041653406,False,4
148,S4,leave_day3_out,14,214,raw_scores,1,14,10,14,25.681188153481273,25.681235252412712,0.0007548100780912306,0.001796925065050943,False,0.0007548100780912306,0.001796925065050943,False,2
148,S4,leave_day3_out,14,214,random_17,1,14,10,14,27.06763408790719,27.067681188116218,0.0007162905701788483,0.001601731471622176,False,0.0007162905701788483,0.001601731471622176,False,2
148,S4,leave_day3_out,14,214,random_29,1,14,10,14,27.327475084605382,27.327522185654747,0.0007093473513069653,0.001574107246221557,False,0.0007093473513069653,0.001574107246221557,False,4
148,S4,leave_day3_out,14,214,random_43,1,14,10,14,28.19632441756788,28.196371535464703,0.0006867367916649943,0.0014775941728078046,False,0.0006867367916649943,0.0014775941728078046,False,3
148,S4,leave_day3_out,14,214,difference,2,14,10,14,14.522487560593556,14.522534650210158,0.001177763377986765,0.005722498625285409,False,0.001177763377986765,0.005722498625285409,False,0
148,S4,leave_day3_out,14,214,raw_scores,2,14,10,14,15.518714356510158,15.518761447230006,0.0011301625733713921,0.004784831127280584,False,0.0011301625733713921,0.004784831127280584,False,0
148,S4,leave_day3_out,14,214,random_17,2,14,10,14,17.072656706099064,17.0727037985397,0.0010603028523329817,0.003964327527965918,False,0.0010603028523329817,0.003964327527965918,False,0
148,S4,leave_day3_out,14,214,random_29,2,14,10,14,18.028570078189855,18.02861717169023,0.001019843858408851,0.00353555085229051,False,0.001019843858408851,0.00353555085229051,False,0
148,S4,leave_day3_out,14,214,random_43,2,14,10,14,17.067955521228146,17.068002613662767,0.0010605064491693884,0.0041719575449851165,False,0.0010605064491693884,0.0041719575449851165,False,0
149,S4,leave_day3_out,15,235,baseline,0,14,10,15,37.984713376243924,37.98476048768181,0.0007541358660622757,0.0014037590547960508,False,0.0007541358660622757,0.0014037590547960508,False,4
149,S4,leave_day3_out,15,235,difference,1,14,10,15,26.028473756998803,26.028520856249806,0.0011118502972862231,0.0030225624003459932,False,0.0011118502972862231,0.0030225624003459932,False,4
149,S4,leave_day3_out,15,235,raw_scores,1,14,10,15,26.706539474503593,26.70658657436459,0.001086519784649123,0.002902567284863019,False,0.001086519784649123,0.002902567284863019,False,1
149,S4,leave_day3_out,15,235,random_17,1,14,10,15,28.07514256572292,28.075189916296445,0.0010375162119240992,0.002579933161261575,False,0.0010375162119240992,0.002579933161261575,False,7
149,S4,leave_day3_out,15,235,random_29,1,14,10,15,28.45072157140799,28.450768673786147,0.0010245476915629974,0.002519729949782013,False,0.0010245476915629974,0.002519729949782013,False,4
149,S4,leave_day3_out,15,235,random_43,1,14,10,15,29.124874187272006,29.124921294790553,0.0010017692403919776,0.002402879164895603,False,0.0010017692403919776,0.002402879164895603,False,4
149,S4,leave_day3_out,15,235,difference,2,14,10,15,15.396174259750406,15.396221350335702,0.0016190025275224288,0.009005101287145528,False,0.0016190025275224288,0.009005101287145528,False,0
149,S4,leave_day3_out,15,235,raw_scores,2,14,10,15,16.342872667555785,16.34291975918879,0.0015641659520248038,0.007561345892312148,False,0.0015641659520248038,0.007561345892312148,False,0
149,S4,leave_day3_out,15,235,random_17,2,14,10,15,17.85412643766532,17.85417353097147,0.0014809931777229252,0.0062985746214144055,False,0.0014809931777229252,0.0062985746214144055,False,0
149,S4,leave_day3_out,15,235,random_29,2,14,10,15,18.524154986820854,18.524202080870108,0.0014457646432233361,0.005750471971801633,False,0.0014457646432233361,0.005750471971801633,False,0
149,S4,leave_day3_out,15,235,random_43,2,14,10,15,17.217684900229354,17.217731992829805,0.0015153816538068178,0.007254207173670232,False,0.0015153816538068178,0.007254207173670232,False,0
150,S4,leave_day5_out,2,427,baseline,0,13,15,2,41.228644521129446,41.2286970595909,0.0002253126409154674,0.0003387316502945949,False,0.0002253126409154674,0.0003387316502945949,False,5
150,S4,leave_day5_out,2,427,difference,1,13,15,2,29.235008317500633,29.23506084464663,0.0003460447134719669,0.0006741661308531185,False,0.0003460447134719669,0.0006741661308531185,False,2
150,S4,leave_day5_out,2,427,raw_scores,1,13,15,2,29.715339221076313,29.71539174872507,0.00033976883189692684,0.0006524763539076839,False,0.00033976883189692684,0.0006524763539076839,False,2
150,S4,leave_day5_out,2,427,random_17,1,13,15,2,33.619009007052476,33.619061558331154,0.0002938325420713224,0.0005119672867305731,False,0.0002938325420713224,0.0005119672867305731,False,3
150,S4,leave_day5_out,2,427,random_29,1,13,15,2,32.226636933775076,32.22668946780276,0.0003092368727946665,0.0005547832021641345,False,0.0003092368727946665,0.0005547832021641345,False,4
150,S4,leave_day5_out,2,427,random_43,1,13,15,2,31.349679525779106,31.349732055025843,0.00031948028971148047,0.0005834341616329627,False,0.00031948028971148047,0.0005834341616329627,False,4
150,S4,leave_day5_out,2,427,difference,2,13,15,2,17.470679870330272,17.47073238800371,0.0005574335856529142,0.001926823965823745,False,0.0005574335856529142,0.001926823965823745,False,0
150,S4,leave_day5_out,2,427,raw_scores,2,13,15,2,18.559917168200393,18.55996968708217,0.0005321959583960423,0.0016875138625134637,False,0.0005321959583960423,0.0016875138625134637,False,0
150,S4,leave_day5_out,2,427,random_17,2,13,15,2,19.956617322441456,19.956669842867914,0.0005018068145964081,0.0014533369845367485,False,0.0005018068145964081,0.0014533369845367485,False,0
150,S4,leave_day5_out,2,427,random_29,2,13,15,2,21.81995293863278,21.8200054611241,0.0004644660589968219,0.0012004482463481678,False,0.0004644660589968219,0.0012004482463481678,False,0
150,S4,leave_day5_out,2,427,random_43,2,13,15,2,19.843695563312718,19.84374808361321,0.0005041847105907451,0.0014594845915056453,False,0.0005041847105907451,0.0014594845915056453,False,0
151,S4,leave_day5_out,3,435,baseline,0,3,14,3,31.852516851849646,31.852558850923227,3.147273344208711e-05,3.65654181064399e-05,False,3.147273344208711e-05,3.65654181064399e-05,False,3
151,S4,leave_day5_out,3,435,difference,1,3,14,3,21.676686864047337,21.67672885163245,5.905396285895804e-05,7.89260303781781e-05,False,5.905396285895804e-05,7.89260303781781e-05,False,0
151,S4,leave_day5_out,3,435,raw_scores,1,3,14,3,24.425577646175537,24.42561963917139,4.900714343125656e-05,6.20698149057368e-05,False,4.900714343125656e-05,6.20698149057368e-05,False,3
151,S4,leave_day5_out,3,435,random_17,1,3,14,3,24.95343955576333,24.953481546849087,4.735512377985709e-05,5.9496200342680306e-05,False,4.735512377985709e-05,5.9496200342680306e-05,False,1
151,S4,leave_day5_out,3,435,random_29,1,3,14,3,26.8284822831585,26.82852427577821,4.2080267008993004e-05,5.1591053447481414e-05,False,4.2080267008993004e-05,5.1591053447481414e-05,False,3
151,S4,leave_day5_out,3,435,random_43,1,3,14,3,27.28552013866413,27.285562131631057,4.092084244276092e-05,4.9759630110671664e-05,False,4.092084244276092e-05,4.9759630110671664e-05,False,3
151,S4,leave_day5_out,3,435,difference,2,3,14,3,10.345226301469095,10.345268279010387,0.00014991014351894223,0.00034678889730622406,False,0.00014991014351894223,0.00034678889730622406,False,0
151,S4,leave_day5_out,3,435,raw_scores,2,3,14,3,15.54730433309024,15.547346316391346,9.43945617068102e-05,0.00015288915714821427,False,9.43945617068102e-05,0.00015288915714821427,False,0
151,S4,leave_day5_out,3,435,random_17,2,3,14,3,18.86734710862494,18.867389095602476,7.251381626801501e-05,0.00010386791922151775,False,7.251381626801501e-05,0.00010386791922151775,False,0
151,S4,leave_day5_out,3,435,random_29,2,3,14,3,16.85681833982938,16.8568603245811,8.482834823134152e-05,0.0001303123039068249,False,8.482834823134152e-05,0.0001303123039068249,False,0
151,S4,leave_day5_out,3,435,random_43,2,3,14,3,17.740039744971458,17.74008173069974,7.909649933282417e-05,0.00011791623537619412,False,7.909649933282417e-05,0.00011791623537619412,False,0
152,S4,leave_day5_out,7,451,baseline,0,7,15,7,37.82520049224432,37.825249638812465,0.0013411326886046807,0.003086396874296666,False,0.0013411326886046807,0.003086396874296666,False,3
152,S4,leave_day5_out,7,451,difference,1,7,15,7,26.825147036908227,26.82519621799848,0.0018015514382186736,0.006134439544911824,False,0.0018015514382186736,0.006134439544911824,False,1
152,S4,leave_day5_out,7,451,raw_scores,1,7,15,7,29.377960914727222,29.37801005216873,0.0016795052142116885,0.005142403461134068,False,0.0016795052142116885,0.005142403461134068,False,5
152,S4,leave_day5_out,7,451,random_17,1,7,15,7,31.593389935174166,31.59343910488788,0.0015815538483949522,0.004418987289427124,False,0.0015815538483949522,0.004418987289427124,False,2
152,S4,leave_day5_out,7,451,random_29,1,7,15,7,31.55640557374752,31.556454713365916,0.0015831314534495214,0.004414346451207854,False,0.0015831314534495214,0.004414346451207854,False,5
152,S4,leave_day5_out,7,451,random_43,1,7,15,7,30.325995107872124,30.326044247200297,0.00163671865127956,0.004820452671917141,False,0.00163671865127956,0.004820452671917141,False,4
152,S4,leave_day5_out,7,451,difference,2,7,15,7,16.324511161506475,16.32456028804979,0.0024260508380313977,0.016443153813425836,False,0.0024260508380313977,0.016443153813425836,False,0
152,S4,leave_day5_out,7,451,raw_scores,2,7,15,7,17.154525137134566,17.15457426459575,0.002368538863355566,0.014786637472636047,False,0.002368538863355566,0.014786637472636047,False,0
152,S4,leave_day5_out,7,451,random_17,2,7,15,7,21.11847982867194,21.11852896052318,0.0021142961393288413,0.010006262594849625,False,0.0021142961393288413,0.010006262594849625,False,0
152,S4,leave_day5_out,7,451,random_29,2,7,15,7,21.580589615692546,21.580638748056668,0.0020867400559195382,0.009320814189934367,False,0.0020867400559195382,0.009320814189934367,False,0
152,S4,leave_day5_out,7,451,random_43,2,7,15,7,19.29324569714367,19.293294826972556,0.002227294522124511,0.011722245957108133,False,0.002227294522124511,0.011722245957108133,False,0
153,S4,leave_day5_out,8,463,baseline,0,14,8,8,40.8549015995663,40.85494978299257,2.5094348238677295e-05,2.822692987509767e-05,False,2.5094348238677295e-05,2.822692987509767e-05,False,8
153,S4,leave_day5_out,8,463,difference,1,14,8,8,28.68098259960519,28.68103078566261,4.5990295591151855e-05,5.745708695151243e-05,False,4.5990295591151855e-05,5.745708695151243e-05,False,4
153,S4,leave_day5_out,8,463,raw_scores,1,14,8,8,29.70001432469161,29.70006250682267,4.3437444763577785e-05,5.3551118298547034e-05,False,4.3437444763577785e-05,5.3551118298547034e-05,False,5
153,S4,leave_day5_out,8,463,random_17,1,14,8,8,31.6606391241471,31.660687298568558,3.905969990178428e-05,4.693307977325809e-05,False,3.905969990178428e-05,4.693307977325809e-05,False,1
153,S4,leave_day5_out,8,463,random_29,1,14,8,8,31.62686535676226,31.626913531016466,3.9129705969937075e-05,4.707290820625524e-05,False,3.9129705969937075e-05,4.707290820625524e-05,False,3
153,S4,leave_day5_out,8,463,random_43,1,14,8,8,33.59499245588676,33.59504063479158,3.532977495823579e-05,4.170326023510305e-05,False,3.532977495823579e-05,4.170326023510305e-05,False,5
153,S4,leave_day5_out,8,463,difference,2,14,8,8,14.519085428164074,14.519133587257064,0.00011955043703706873,0.00022465876690898554,False,0.00011955043703706873,0.00022465876690898554,False,0
153,S4,leave_day5_out,8,463,raw_scores,2,14,8,8,16.038964932497365,16.03901309327436,0.00010616222941937424,0.00018315860942476325,False,0.00010616222941937424,0.00018315860942476325,False,0
153,S4,leave_day5_out,8,463,random_17,2,14,8,8,19.88033925312816,19.880387418158705,8.009906870827737e-05,0.00011890548241864407,False,8.009906870827737e-05,0.00011890548241864407,False,0
153,S4,leave_day5_out,8,463,random_29,2,14,8,8,19.71214458519696,19.712192750042277,8.104936025576987e-05,0.00012111123612638769,False,8.104936025576987e-05,0.00012111123612638769,False,0
153,S4,leave_day5_out,8,463,random_43,2,14,8,8,21.093276174249148,21.093324340622235,7.367222097384732e-05,0.0001057440355590553,False,7.367222097384732e-05,0.0001057440355590553,False,0
154,S4,leave_day5_out,9,475,baseline,0,15,11,9,39.951460767296524,39.95151750887834,5.307166416915543e-05,6.513479502091209e-05,False,5.307166416915543e-05,6.513479502091209e-05,False,4
154,S4,leave_day5_out,9,475,difference,1,15,11,9,28.757078807495844,28.757135598939104,8.835892007772944e-05,0.0001257435675315351,False,8.835892007772944e-05,0.0001257435675315351,False,3
154,S4,leave_day5_out,9,475,raw_scores,1,15,11,9,29.12650133077514,29.126558062881728,8.673925880526744e-05,0.00012245231122140469,False,8.673925880526744e-05,0.00012245231122140469,False,3
154,S4,leave_day5_out,9,475,random_17,1,15,11,9,33.00423678776235,33.00429352808595,7.195111266638264e-05,9.53838552977521e-05,False,7.195111266638264e-05,9.53838552977521e-05,False,2
154,S4,leave_day5_out,9,475,random_29,1,15,11,9,35.263556408087425,35.263613146087806,6.490463225011378e-05,8.359441845995142e-05,False,6.490463225011378e-05,8.359441845995142e-05,False,4
154,S4,leave_day5_out,9,475,random_43,1,15,11,9,30.786523008105167,30.786579758617265,7.994069038936458e-05,0.00010995607662104205,False,7.994069038936458e-05,0.00010995607662104205,False,6
154,S4,leave_day5_out,9,475,difference,2,15,11,9,13.952403258020459,13.952459976741292,0.00020687729099037636,0.0005358358107728759,False,0.00020687729099037636,0.0005358358107728759,False,0
154,S4,leave_day5_out,9,475,raw_scores,2,15,11,9,17.295047732241063,17.295104454667662,0.00016748465428796582,0.00034767908696794,False,0.00016748465428796582,0.00034767908696794,False,0
154,S4,leave_day5_out,9,475,random_17,2,15,11,9,19.73450139117107,19.734558116295634,0.00014457452673002704,0.00026611876518738576,False,0.00014457452673002704,0.00026611876518738576,False,0
154,S4,leave_day5_out,9,475,random_29,2,15,11,9,22.716972736619056,22.717029465048046,0.00012177247440174254,0.00020144387556766225,False,0.00012177247440174254,0.00020144387556766225,False,0
154,S4,leave_day5_out,9,475,random_43,2,15,11,9,21.08406477046883,21.08412149708711,0.0001336218663914168,0.00023452209026908786,False,0.0001336218663914168,0.00023452209026908786,False,0
155,S4,leave_day5_out,10,358,baseline,0,9,10,10,37.19055467344654,37.19060085523752,0.0007930034080066685,0.001599404787892348,False,0.0005663389616088663,0.0010021140487899535,False,4
155,S4,leave_day5_out,10,358,difference,1,9,10,10,26.107663504316427,26.10770967548016,0.0011161130827332013,0.00323760774719258,False,0.0007764728705529867,0.0017588322553546976,False,2
155,S4,leave_day5_out,10,358,raw_scores,1,9,10,10,27.258031189062667,27.258077361330933,0.0010758104690203624,0.0029949995510839085,False,0.0007690916128983837,0.0017349018178319058,False,3
155,S4,leave_day5_out,10,358,random_17,1,9,10,10,28.461342505479966,28.46138868692747,0.0010355321457465344,0.0027512283588487273,False,0.0007789213098912268,0.001767414516357342,False,5
155,S4,leave_day5_out,10,358,random_29,1,9,10,10,29.344716755220073,29.344762959931632,0.00100713376642067,0.0025539406999915614,False,0.0008058284291795504,0.0019037083894636545,False,5
155,S4,leave_day5_out,10,358,random_43,1,9,10,10,27.824010354065475,27.8240565603408,0.0010566316691552192,0.0028310165254057515,False,0.0007854557680886811,0.0018180089058574354,False,5
155,S4,leave_day5_out,10,358,difference,2,9,10,10,13.69484514446442,13.694891304996721,0.0016875248492583023,0.010941359343644895,False,0.0013868282738257601,0.008321572868676581,False,0
155,S4,leave_day5_out,10,358,raw_scores,2,9,10,10,15.019098301158849,15.019144463158547,0.0016126720912986044,0.00960386377433223,False,0.0012766548637443715,0.006307851336715816,False,0
155,S4,leave_day5_out,10,358,random_17,2,9,10,10,17.160390954665452,17.16043711903581,0.0014994414575541478,0.0072768028321582145,False,0.0012353033894985453,0.005591320656071807,False,0
155,S4,leave_day5_out,10,358,random_29,2,9,10,10,17.326426358053705,17.326472522608956,0.0014910471569300472,0.0074783316088236395,False,0.0012596660087984472,0.0060131942177578165,False,0
155,S4,leave_day5_out,10,358,random_43,2,9,10,10,15.435215644924257,15.435261807383123,0.0015899286972795017,0.008732663851189378,False,0.0012725411245652722,0.0063004862973908725,False,0
156,S4,leave_day5_out,11,383,baseline,0,9,15,11,61.24547018007555,61.24554230737999,0.00012554007079330115,0.00016383087531534268,False,0.00012554007079330115,0.00016383087531534268,False,3
156,S4,leave_day5_out,11,383,difference,1,9,15,11,44.27152018152059,44.27159229295959,0.0002012575148341715,0.00031192599831872354,False,0.0002012575148341715,0.00031192599831872354,False,3
156,S4,leave_day5_out,11,383,raw_scores,1,9,15,11,47.46338524970521,47.463457409293824,0.00018300441356249112,0.0002740994548473086,False,0.00018300441356249112,0.0002740994548473086,False,5
156,S4,leave_day5_out,11,383,random_17,1,9,15,11,45.26840377710572,45.26847589930859,0.000195304400427061,0.0002988430937809474,False,0.000195304400427061,0.0002988430937809474,False,4
156,S4,leave_day5_out,11,383,random_29,1,9,15,11,47.05922480808592,47.05929692776043,0.00018518934264318297,0.00027643658750319537,False,0.00018518934264318297,0.00027643658750319537,False,1
156,S4,leave_day5_out,11,383,random_43,1,9,15,11,47.82652862727082,47.82660074759893,0.0001810707572406018,0.0002684120462622623,False,0.0001810707572406018,0.0002684120462622623,False,1
156,S4,leave_day5_out,11,383,difference,2,9,15,11,24.297039518746434,24.297111613371246,0.0003923474069444291,0.001036798113730754,False,0.0003923474069444291,0.001036798113730754,False,0
156,S4,leave_day5_out,11,383,raw_scores,2,9,15,11,25.616419715405137,25.61649181149022,0.0003739761344675094,0.0009361426982671065,False,0.0003739761344675094,0.0009361426982671065,False,0
156,S4,leave_day5_out,11,383,random_17,2,9,15,11,25.256868280128614,25.256940375815574,0.00037887596383769616,0.0009625338596132857,False,0.00037887596383769616,0.0009625338596132857,False,0
156,S4,leave_day5_out,11,383,random_29,2,9,15,11,29.957276844891513,29.957348945785906,0.0003205936247733172,0.0006797427106401328,False,0.0003205936247733172,0.0006797427106401328,False,0
156,S4,leave_day5_out,11,383,random_43,2,9,15,11,29.890640467518292,29.890712568336085,0.00032133822591016824,0.0006839457697262755,False,0.00032133822591016824,0.0006839457697262755,False,0
157,S4,leave_day5_out,13,393,baseline,0,7,2,13,35.017128101670096,35.01716580629988,0.00017220084616887082,0.00022362655141425897,False,0.00017220084616887082,0.00022362655141425897,False,4
157,S4,leave_day5_out,13,393,difference,1,7,2,13,24.204123470322383,24.204161165025326,0.0002927376896284408,0.00046907336234005594,False,0.0002927376896284408,0.00046907336234005594,False,2
157,S4,leave_day5_out,13,393,raw_scores,1,7,2,13,29.438668681168448,29.43870638195681,0.00022356599444125079,0.00031638800545334776,False,0.00022356599444125079,0.00031638800545334776,False,6
157,S4,leave_day5_out,13,393,random_17,1,7,2,13,27.359654374857488,27.359692071942263,0.00024808764438251796,0.00036632838591848014,False,0.00024808764438251796,0.00036632838591848014,False,5
157,S4,leave_day5_out,13,393,random_29,1,7,2,13,28.137677064539304,28.13771476359188,0.0002385032441157608,0.00034702516398481476,False,0.0002385032441157608,0.00034702516398481476,False,2
157,S4,leave_day5_out,13,393,random_43,1,7,2,13,25.580696276540582,25.580733971922328,0.0002720381730183369,0.0004180954304071852,False,0.0002720381730183369,0.0004180954304071852,False,2
157,S4,leave_day5_out,13,393,difference,2,7,2,13,13.82066017937725,13.820697864495186,0.0005397726846174177,0.001450501522065442,False,0.00045330762504369385,0.0009072023527036359,False,0
157,S4,leave_day5_out,13,393,raw_scores,2,7,2,13,17.81006986772122,17.810107557256767,0.0004214813065930442,0.0008700883862192588,False,0.0004214813065930442,0.0008700883862192588,False,0
157,S4,leave_day5_out,13,393,random_17,2,7,2,13,16.088789506617236,16.08882719424428,0.00046809282392179085,0.001056118618095711,False,0.00046809282392179085,0.001056118618095711,False,0
157,S4,leave_day5_out,13,393,random_29,2,7,2,13,18.47642847010844,18.476466160380703,0.00040501960744044674,0.0008006288139937137,False,0.00040501960744044674,0.0008006288139937137,False,0
157,S4,leave_day5_out,13,393,random_43,2,7,2,13,14.91531659190974,14.915354278236467,0.0005036029106933455,0.0012379623986648906,False,0.0004885073265945729,0.001059160164166651,False,0
158,S4,leave_day5_out,14,407,baseline,0,14,9,14,45.25881925844535,45.25888378977434,0.0006806285130043304,0.00130260064176642,False,0.0006806285130043304,0.00130260064176642,False,4
158,S4,leave_day5_out,14,407,difference,1,14,9,14,28.958962956905744,28.959027473361594,0.0010482938040529703,0.0032299203353038995,False,0.0010482938040529703,0.0032299203353038995,False,1
158,S4,leave_day5_out,14,407,raw_scores,1,14,9,14,30.092084106680826,30.092148624228603,0.0010158172864406156,0.0029809590366731593,False,0.0010158172864406156,0.0029809590366731593,False,2
158,S4,leave_day5_out,14,407,random_17,1,14,9,14,36.08537248421555,36.08543700963144,0.0008630581550098911,0.002016940561312596,False,0.0008630581550098911,0.002016940561312596,False,4
158,S4,leave_day5_out,14,407,random_29,1,14,9,14,36.467002548932804,36.46706707287525,0.0008543232831438979,0.0020015501660439815,False,0.0008543232831438979,0.0020015501660439815,False,6
158,S4,leave_day5_out,14,407,random_43,1,14,9,14,34.38835394419401,34.38841846597803,0.0009032664757269532,0.002275053740265446,False,0.0009032664757269532,0.002275053740265446,False,4
158,S4,leave_day5_out,14,407,difference,2,14,9,14,14.570502153375394,14.570566657310078,0.001588093024471336,0.012659704996101445,False,0.001588093024471336,0.009257614602426174,False,0
158,S4,leave_day5_out,14,407,raw_scores,2,14,9,14,17.73995765007902,17.740022157523352,0.001446031294660818,0.008498627263498782,False,0.001446031294660818,0.008498627263498782,False,0
158,S4,leave_day5_out,14,407,random_17,2,14,9,14,21.323747821854973,21.32381233326819,0.0013024284915571548,0.005884612857083193,False,0.0013024284915571548,0.005884612857083193,False,0
158,S4,leave_day5_out,14,407,random_29,2,14,9,14,24.149130832214652,24.149195346758493,0.0012007344568345187,0.004297202356112426,False,0.0012007344568345187,0.004297202356112426,False,0
158,S4,leave_day5_out,14,407,random_43,2,14,9,14,21.230366631379017,21.2304311426877,0.0013059564696194176,0.006020329518420099,False,0.0013059564696194176,0.006020329518420099,False,0
159,S4,leave_day5_out,15,410,baseline,0,14,8,15,37.9999321728878,37.99998035238996,0.0010464391731709482,0.0020928240551747754,False,0.0010464391731709482,0.0020928240551747754,False,2
159,S4,leave_day5_out,15,410,difference,1,14,8,15,25.123283996854358,25.123332165927653,0.0015442834819669312,0.004952765097820399,False,0.0015442834819669312,0.004952765097820399,False,3
159,S4,leave_day5_out,15,410,raw_scores,1,14,8,15,26.839711690344597,26.839759863225147,0.001463225394278386,0.004288302759971089,False,0.001463225394278386,0.004288302759971089,False,3
159,S4,leave_day5_out,15,410,random_17,1,14,8,15,30.759983228206423,30.76003140176633,0.0012966506054615794,0.00314415361959383,False,0.0012966506054615794,0.00314415361959383,False,1
159,S4,leave_day5_out,15,410,random_29,1,14,8,15,30.075293979872445,30.075342162312324,0.0013240005740896895,0.003363766425455294,False,0.0013240005740896895,0.003363766425455294,False,7
159,S4,leave_day5_out,15,410,random_43,1,14,8,15,30.841017110344094,30.84106528386467,0.0012934599789852488,0.003172094208904343,False,0.0012934599789852488,0.003172094208904343,False,4
159,S4,leave_day5_out,15,410,difference,2,14,8,15,13.945032378739384,13.945080537198512,0.0022228562975562323,0.015242574341827244,False,0.0022228562975562323,0.013017557794081688,False,0
159,S4,leave_day5_out,15,410,raw_scores,2,14,8,15,17.004717365787553,17.004765527633555,0.0020078565705322366,0.010741150809471424,False,0.0020078565705322366,0.010741150809471424,False,0
159,S4,leave_day5_out,15,410,random_17,2,14,8,15,19.34593018791726,19.345978352355928,0.0018592735256005857,0.008005261294385967,False,0.0018592735256005857,0.008005261294385967,False,0
159,S4,leave_day5_out,15,410,random_29,2,14,8,15,19.569677426433604,19.56972559112113,0.0018457493111954193,0.007724648433084601,False,0.0018457493111954193,0.007724648433084601,False,0
159,S4,leave_day5_out,15,410,random_43,2,14,8,15,17.95811568249968,17.958163845400467,0.0019457615896854867,0.009324752352480373,False,0.0019457615896854867,0.009324752352480373,False,0
